analysis_type,experiment_step,experiment_name,source_file,scenario_id,simulation_id,seed,treaty_variant,tail_type,inflation_scenario,structural_break,gross_ultimate,ceded_ultimate,retained_ultimate,ceded_share,attachment_frequency,exhaustion_frequency,gross_true_reserve,ceded_true_reserve,retained_true_reserve,base_attachment,base_limit,index_reference_year,minimum_applied_index_factor,maximum_applied_index_factor,mean_applied_index_factor,success,status,failure_message,runtime_seconds
treaty_sensitivity,29,treaty_indexation_sensitivity,outputs/step29_treaty_indexation_sensitivity/final_50/results.csv,long_emerging_break,1,20260817,fixed_nominal,long,emerging,True,1887118589.180332,490879403.93790746,1396239185.2424245,0.2601211215619048,0.6054519368723099,0.0315638450502152,690279196.5937967,305729466.5237079,384549730.07008886,2000000.0,5000000.0,2010,1.0,1.0,1.0,True,success,,0.2226217999996151
treaty_sensitivity,29,treaty_indexation_sensitivity,outputs/step29_treaty_indexation_sensitivity/final_50/results.csv,long_emerging_break,1,20260817,fully_indexed,long,emerging,True,1887118589.180332,289927709.2314075,1597190879.9489243,0.1536351297124031,0.2553802008608321,0.0143472022955523,690279196.5937967,163370201.73996615,526908994.8538306,2000000.0,5000000.0,2010,1.0,1.8687743048810856,1.3566921173701358,True,success,,0.4427385999952093
treaty_sensitivity,29,treaty_indexation_sensitivity,outputs/step29_treaty_indexation_sensitivity/final_50/results.csv,long_emerging_break,2,20260818,fixed_nominal,long,emerging,True,2008910746.7625828,547708454.603282,1461202292.1593008,0.2726395164573288,0.6132075471698113,0.0256064690026954,668155030.1461856,332662627.84441507,335492402.3017707,2000000.0,5000000.0,2010,1.0,1.0,1.0,True,success,,0.2272231999959331
treaty_sensitivity,29,treaty_indexation_sensitivity,outputs/step29_treaty_indexation_sensitivity/final_50/results.csv,long_emerging_break,2,20260818,fully_indexed,long,emerging,True,2008910746.7625828,325955304.9828791,1682955441.779704,0.1622547470106202,0.2803234501347709,0.0094339622641509,668155030.1461856,170853971.378307,497301058.76787865,2000000.0,5000000.0,2010,1.0,1.8687743048810856,1.3566921173701358,True,success,,0.4483805000054417
treaty_sensitivity,29,treaty_indexation_sensitivity,outputs/step29_treaty_indexation_sensitivity/final_50/results.csv,long_emerging_break,3,20260819,fixed_nominal,long,emerging,True,2051853124.064152,601254738.0782208,1450598385.9859314,0.2930301058232189,0.625832223701731,0.0279627163781624,612750479.1523004,320146536.2610667,292603942.8912337,2000000.0,5000000.0,2010,1.0,1.0,1.0,True,success,,0.2530119000002742
treaty_sensitivity,29,treaty_indexation_sensitivity,outputs/step29_treaty_indexation_sensitivity/final_50/results.csv,long_emerging_break,3,20260819,fully_indexed,long,emerging,True,2051853124.064152,355479238.40140384,1696373885.6627483,0.1732478968559396,0.303595206391478,0.0093209054593874,612750479.1523004,143542188.1507541,469208291.0015463,2000000.0,5000000.0,2010,1.0,1.8687743048810856,1.3566921173701358,True,success,,0.4563512000022456
treaty_sensitivity,29,treaty_indexation_sensitivity,outputs/step29_treaty_indexation_sensitivity/final_50/results.csv,long_emerging_break,4,20260820,fixed_nominal,long,emerging,True,1916525146.8759384,484833675.40801656,1431691471.4679215,0.2529753790073286,0.6057692307692307,0.0219780219780219,638032626.5490856,291028961.26191354,347003665.2871721,2000000.0,5000000.0,2010,1.0,1.0,1.0,True,success,,0.2306468000024324
treaty_sensitivity,29,treaty_indexation_sensitivity,outputs/step29_treaty_indexation_sensitivity/final_50/results.csv,long_emerging_break,4,20260820,fully_indexed,long,emerging,True,1916525146.8759384,263032240.3700244,1653492906.5059135,0.137244345997121,0.2692307692307692,0.0082417582417582,638032626.5490856,132511325.11400738,505521301.4350782,2000000.0,5000000.0,2010,1.0,1.8687743048810856,1.3566921173701358,True,success,,0.4498282999993535
treaty_sensitivity,29,treaty_indexation_sensitivity,outputs/step29_treaty_indexation_sensitivity/final_50/results.csv,long_emerging_break,5,20260821,fixed_nominal,long,emerging,True,2041870589.0474548,553859410.2157785,1488011178.8316765,0.2712509858296932,0.6092265943012212,0.0298507462686567,605818407.3254896,289187037.30433095,316631370.0211587,2000000.0,5000000.0,2010,1.0,1.0,1.0,True,success,,0.2323954999956186
treaty_sensitivity,29,treaty_indexation_sensitivity,outputs/step29_treaty_indexation_sensitivity/final_50/results.csv,long_emerging_break,5,20260821,fully_indexed,long,emerging,True,2041870589.0474548,331071861.5511542,1710798727.4963005,0.1621414517291231,0.3025780189959294,0.0149253731343283,605818407.3254896,127104461.73398468,478713945.591505,2000000.0,5000000.0,2010,1.0,1.8687743048810856,1.3566921173701358,True,success,,0.4530538999970304
treaty_sensitivity,29,treaty_indexation_sensitivity,outputs/step29_treaty_indexation_sensitivity/final_50/results.csv,long_emerging_break,6,20260822,fixed_nominal,long,emerging,True,2009000740.6809103,490791899.6047671,1518208841.0761435,0.2442965249671451,0.6067114093959731,0.0255033557046979,630638873.3665172,289354248.35185045,341284625.0146667,2000000.0,5000000.0,2010,1.0,1.0,1.0,True,success,,0.2424609000008786
treaty_sensitivity,29,treaty_indexation_sensitivity,outputs/step29_treaty_indexation_sensitivity/final_50/results.csv,long_emerging_break,6,20260822,fully_indexed,long,emerging,True,2009000740.6809103,278919636.1899764,1730081104.4909344,0.1388350091376483,0.2684563758389262,0.0147651006711409,630638873.3665172,129534357.58089532,501104515.7856219,2000000.0,5000000.0,2010,1.0,1.8687743048810856,1.3566921173701358,True,success,,0.4513719000024139
treaty_sensitivity,29,treaty_indexation_sensitivity,outputs/step29_treaty_indexation_sensitivity/final_50/results.csv,long_emerging_break,7,20260823,fixed_nominal,long,emerging,True,1908084108.914338,500183319.2770736,1407900789.6372645,0.2621390309474711,0.615931721194879,0.0199146514935988,617962544.134271,299182332.8180119,318780211.3162592,2000000.0,5000000.0,2010,1.0,1.0,1.0,True,success,,0.2272231000024476
treaty_sensitivity,29,treaty_indexation_sensitivity,outputs/step29_treaty_indexation_sensitivity/final_50/results.csv,long_emerging_break,7,20260823,fully_indexed,long,emerging,True,1908084108.914338,280336280.19561464,1627747828.7187235,0.146920295015255,0.2759601706970128,0.0071123755334281,617962544.134271,136071507.75439516,481891036.3798759,2000000.0,5000000.0,2010,1.0,1.8687743048810856,1.3566921173701358,True,success,,0.4503122000023722
treaty_sensitivity,29,treaty_indexation_sensitivity,outputs/step29_treaty_indexation_sensitivity/final_50/results.csv,long_emerging_break,8,20260824,fixed_nominal,long,emerging,True,2179948453.700713,610731502.5624794,1569216951.138234,0.2801586897734634,0.6357868020304569,0.0241116751269035,715750060.6047767,346654795.58985984,369095265.0149168,2000000.0,5000000.0,2010,1.0,1.0,1.0,True,success,,0.2312722999995458
treaty_sensitivity,29,treaty_indexation_sensitivity,outputs/step29_treaty_indexation_sensitivity/final_50/results.csv,long_emerging_break,8,20260824,fully_indexed,long,emerging,True,2179948453.700713,359012535.04089147,1820935918.659822,0.1646885431769849,0.3045685279187817,0.0088832487309644,715750060.6047767,165342857.39166722,550407203.2131095,2000000.0,5000000.0,2010,1.0,1.8687743048810856,1.3566921173701358,True,success,,0.4499481000020751
treaty_sensitivity,29,treaty_indexation_sensitivity,outputs/step29_treaty_indexation_sensitivity/final_50/results.csv,long_emerging_break,9,20260825,fixed_nominal,long,emerging,True,1987208729.7273784,554476873.0903745,1432731856.6370034,0.2790229656279953,0.6256756756756757,0.0283783783783783,671990795.7794588,331981768.2247377,340009027.5547211,2000000.0,5000000.0,2010,1.0,1.0,1.0,True,success,,0.2318939999968279
treaty_sensitivity,29,treaty_indexation_sensitivity,outputs/step29_treaty_indexation_sensitivity/final_50/results.csv,long_emerging_break,9,20260825,fully_indexed,long,emerging,True,1987208729.7273784,316100253.7314815,1671108475.9958963,0.1590674643296513,0.2891891891891892,0.0094594594594594,671990795.7794588,152207619.46019438,519783176.3192645,2000000.0,5000000.0,2010,1.0,1.8687743048810856,1.3566921173701358,True,success,,0.4531770000030519
treaty_sensitivity,29,treaty_indexation_sensitivity,outputs/step29_treaty_indexation_sensitivity/final_50/results.csv,long_emerging_break,10,20260826,fixed_nominal,long,emerging,True,2227415440.660858,582576637.3814499,1644838803.279408,0.2615482620559565,0.6073232323232324,0.0315656565656565,753339760.4341314,341665288.94157326,411674471.4925581,2000000.0,5000000.0,2010,1.0,1.0,1.0,True,success,,0.2293313999980455
treaty_sensitivity,29,treaty_indexation_sensitivity,outputs/step29_treaty_indexation_sensitivity/final_50/results.csv,long_emerging_break,10,20260826,fully_indexed,long,emerging,True,2227415440.660858,360303115.2264217,1867112325.434436,0.1617583808791064,0.279040404040404,0.0151515151515151,753339760.4341314,183162998.45821023,570176761.9759212,2000000.0,5000000.0,2010,1.0,1.8687743048810856,1.3566921173701358,True,success,,0.4623028999994858
treaty_sensitivity,29,treaty_indexation_sensitivity,outputs/step29_treaty_indexation_sensitivity/final_50/results.csv,long_emerging_break,11,20260827,fixed_nominal,long,emerging,True,2009324085.816408,566865653.7164721,1442458432.099936,0.282117582583075,0.6137931034482759,0.0386206896551724,686489796.4635129,347078090.3447683,339411706.1187445,2000000.0,5000000.0,2010,1.0,1.0,1.0,True,success,,0.2680870999975013
treaty_sensitivity,29,treaty_indexation_sensitivity,outputs/step29_treaty_indexation_sensitivity/final_50/results.csv,long_emerging_break,11,20260827,fully_indexed,long,emerging,True,2009324085.816408,331071756.77276105,1678252329.043647,0.1647677241863367,0.2841379310344827,0.0137931034482758,686489796.4635129,165415575.3400424,521074221.1234704,2000000.0,5000000.0,2010,1.0,1.8687743048810856,1.3566921173701358,True,success,,0.4449146000042674
treaty_sensitivity,29,treaty_indexation_sensitivity,outputs/step29_treaty_indexation_sensitivity/final_50/results.csv,long_emerging_break,12,20260828,fixed_nominal,long,emerging,True,2025826962.6261616,564105664.2702267,1461721298.3559349,0.2784569830875159,0.5937921727395412,0.0310391363022942,666743048.8152063,325126140.5975814,341616908.2176248,2000000.0,5000000.0,2010,1.0,1.0,1.0,True,success,,0.24860350000381
treaty_sensitivity,29,treaty_indexation_sensitivity,outputs/step29_treaty_indexation_sensitivity/final_50/results.csv,long_emerging_break,12,20260828,fully_indexed,long,emerging,True,2025826962.6261616,343061525.6267981,1682765436.9993637,0.1693439429703677,0.291497975708502,0.0094466936572199,666743048.8152063,177362143.7588488,489380905.0563575,2000000.0,5000000.0,2010,1.0,1.8687743048810856,1.3566921173701358,True,success,,0.4456709000005503
treaty_sensitivity,29,treaty_indexation_sensitivity,outputs/step29_treaty_indexation_sensitivity/final_50/results.csv,long_emerging_break,13,20260829,fixed_nominal,long,emerging,True,2162902635.1482644,583460482.4638203,1579442152.684444,0.269758089422192,0.6152882205513784,0.0300751879699248,674726389.3585835,337192029.1110455,337534360.2475379,2000000.0,5000000.0,2010,1.0,1.0,1.0,True,success,,0.2347980000049574
treaty_sensitivity,29,treaty_indexation_sensitivity,outputs/step29_treaty_indexation_sensitivity/final_50/results.csv,long_emerging_break,13,20260829,fully_indexed,long,emerging,True,2162902635.1482644,343215270.95434946,1819687364.193916,0.15868271894302,0.2894736842105263,0.0100250626566416,674726389.3585835,165385558.69302803,509340830.66555536,2000000.0,5000000.0,2010,1.0,1.8687743048810856,1.3566921173701358,True,success,,0.4759341000026325
treaty_sensitivity,29,treaty_indexation_sensitivity,outputs/step29_treaty_indexation_sensitivity/final_50/results.csv,long_emerging_break,14,20260830,fixed_nominal,long,emerging,True,1988610188.228087,537521053.3758795,1451089134.8522077,0.2702998589456224,0.6256756756756757,0.0243243243243243,637567991.0950687,307592092.7292216,329975898.3658471,2000000.0,5000000.0,2010,1.0,1.0,1.0,True,success,,0.2324867999996058
treaty_sensitivity,29,treaty_indexation_sensitivity,outputs/step29_treaty_indexation_sensitivity/final_50/results.csv,long_emerging_break,14,20260830,fully_indexed,long,emerging,True,1988610188.228087,318048550.9226214,1670561637.3054657,0.1599350907509995,0.2756756756756757,0.0081081081081081,637567991.0950687,164240402.28370073,473327588.8113679,2000000.0,5000000.0,2010,1.0,1.8687743048810856,1.3566921173701358,True,success,,0.4850449000005028
treaty_sensitivity,29,treaty_indexation_sensitivity,outputs/step29_treaty_indexation_sensitivity/final_50/results.csv,long_emerging_break,15,20260831,fixed_nominal,long,emerging,True,2182032618.712105,624332013.6495768,1557700605.0625277,0.28612405162764,0.6455525606469003,0.0377358490566037,720691751.0748918,323906786.8950167,396784964.1798752,2000000.0,5000000.0,2010,1.0,1.0,1.0,True,success,,0.2265477000037208
treaty_sensitivity,29,treaty_indexation_sensitivity,outputs/step29_treaty_indexation_sensitivity/final_50/results.csv,long_emerging_break,15,20260831,fully_indexed,long,emerging,True,2182032618.712105,400708244.09171313,1781324374.6203914,0.1836398964229151,0.2870619946091644,0.0188679245283018,720691751.0748918,171974690.3055783,548717060.7693136,2000000.0,5000000.0,2010,1.0,1.8687743048810856,1.3566921173701358,True,success,,0.4781690999952843
treaty_sensitivity,29,treaty_indexation_sensitivity,outputs/step29_treaty_indexation_sensitivity/final_50/results.csv,long_emerging_break,16,20260832,fixed_nominal,long,emerging,True,2172887565.2286906,585246484.5746908,1587641080.654,0.2693404361735096,0.5986928104575163,0.0300653594771241,672302290.0199585,318161411.8648353,354140878.15512323,2000000.0,5000000.0,2010,1.0,1.0,1.0,True,success,,0.2313827000034507
treaty_sensitivity,29,treaty_indexation_sensitivity,outputs/step29_treaty_indexation_sensitivity/final_50/results.csv,long_emerging_break,16,20260832,fully_indexed,long,emerging,True,2172887565.2286906,363806303.58477545,1809081261.6439152,0.1674298796709648,0.2954248366013072,0.0130718954248366,672302290.0199585,157596749.4331054,514705540.5868532,2000000.0,5000000.0,2010,1.0,1.8687743048810856,1.3566921173701358,True,success,,0.4901651999971363
treaty_sensitivity,29,treaty_indexation_sensitivity,outputs/step29_treaty_indexation_sensitivity/final_50/results.csv,long_emerging_break,17,20260833,fixed_nominal,long,emerging,True,1959966261.6152384,495499041.3705843,1464467220.2446537,0.2528099850873126,0.6123822341857336,0.0215343203230148,695951031.1028776,315284076.6553456,380666954.447532,2000000.0,5000000.0,2010,1.0,1.0,1.0,True,success,,0.2238885999977355
treaty_sensitivity,29,treaty_indexation_sensitivity,outputs/step29_treaty_indexation_sensitivity/final_50/results.csv,long_emerging_break,17,20260833,fully_indexed,long,emerging,True,1959966261.6152384,269888280.25920314,1690077981.3560345,0.1377004724748599,0.2799461641991924,0.0067294751009421,695951031.1028776,142630449.69763303,553320581.4052445,2000000.0,5000000.0,2010,1.0,1.8687743048810856,1.3566921173701358,True,success,,0.4826331000003847
treaty_sensitivity,29,treaty_indexation_sensitivity,outputs/step29_treaty_indexation_sensitivity/final_50/results.csv,long_emerging_break,18,20260834,fixed_nominal,long,emerging,True,1986393554.0815568,559613171.7366182,1426780382.3449388,0.2817232116902257,0.6505524861878453,0.0290055248618784,633155586.1706187,309103360.7102196,324052225.46039915,2000000.0,5000000.0,2010,1.0,1.0,1.0,True,success,,0.2271082000006572
treaty_sensitivity,29,treaty_indexation_sensitivity,outputs/step29_treaty_indexation_sensitivity/final_50/results.csv,long_emerging_break,18,20260834,fully_indexed,long,emerging,True,1986393554.0815568,340410408.654362,1645983145.427195,0.1713710799931369,0.2955801104972376,0.0124309392265193,633155586.1706187,148665593.1553454,484489993.0152733,2000000.0,5000000.0,2010,1.0,1.8687743048810856,1.3566921173701358,True,success,,0.4484287000013864
treaty_sensitivity,29,treaty_indexation_sensitivity,outputs/step29_treaty_indexation_sensitivity/final_50/results.csv,long_emerging_break,19,20260835,fixed_nominal,long,emerging,True,2196975434.6420803,626960004.1375271,1570015430.504553,0.285374153143259,0.6237623762376238,0.021039603960396,688457630.0276934,351360784.4941068,337096845.5335865,2000000.0,5000000.0,2010,1.0,1.0,1.0,True,success,,0.2305584999994607
treaty_sensitivity,29,treaty_indexation_sensitivity,outputs/step29_treaty_indexation_sensitivity/final_50/results.csv,long_emerging_break,19,20260835,fully_indexed,long,emerging,True,2196975434.6420803,359387026.45647854,1837588408.1856012,0.1635826331007784,0.3106435643564356,0.0099009900990099,688457630.0276934,169437871.10361207,519019758.9240813,2000000.0,5000000.0,2010,1.0,1.8687743048810856,1.3566921173701358,True,success,,0.4552188000016031
treaty_sensitivity,29,treaty_indexation_sensitivity,outputs/step29_treaty_indexation_sensitivity/final_50/results.csv,long_emerging_break,20,20260836,fixed_nominal,long,emerging,True,2116437691.1555576,578031726.5191014,1538405964.636456,0.2731153999641259,0.6271186440677966,0.0273794002607561,733795094.58424,339177091.73262715,394618002.85161287,2000000.0,5000000.0,2010,1.0,1.0,1.0,True,success,,0.2280126999976346
treaty_sensitivity,29,treaty_indexation_sensitivity,outputs/step29_treaty_indexation_sensitivity/final_50/results.csv,long_emerging_break,20,20260836,fully_indexed,long,emerging,True,2116437691.1555576,342407840.81939226,1774029850.3361654,0.1617849853318575,0.2842242503259452,0.0078226857887874,733795094.58424,180150831.10264164,553644263.4815984,2000000.0,5000000.0,2010,1.0,1.8687743048810856,1.3566921173701358,True,success,,0.4580564999996568
treaty_sensitivity,29,treaty_indexation_sensitivity,outputs/step29_treaty_indexation_sensitivity/final_50/results.csv,long_emerging_break,21,20260837,fixed_nominal,long,emerging,True,2037862037.874924,520792072.5211971,1517069965.3537269,0.2555580617539141,0.5949868073878628,0.021108179419525,670714660.9840622,308303999.9153445,362410661.0687178,2000000.0,5000000.0,2010,1.0,1.0,1.0,True,success,,0.2295942999990075
treaty_sensitivity,29,treaty_indexation_sensitivity,outputs/step29_treaty_indexation_sensitivity/final_50/results.csv,long_emerging_break,21,20260837,fully_indexed,long,emerging,True,2037862037.874924,294923653.2620486,1742938384.6128752,0.1447220900044804,0.2546174142480211,0.0131926121372031,670714660.9840622,137251689.21293384,533462971.7711284,2000000.0,5000000.0,2010,1.0,1.8687743048810856,1.3566921173701358,True,success,,0.500826399998914
treaty_sensitivity,29,treaty_indexation_sensitivity,outputs/step29_treaty_indexation_sensitivity/final_50/results.csv,long_emerging_break,22,20260838,fixed_nominal,long,emerging,True,1950841700.751684,539778488.0580965,1411063212.6935873,0.2766900501717351,0.5942622950819673,0.0300546448087431,641287802.3653271,315854607.4999018,325433194.86542535,2000000.0,5000000.0,2010,1.0,1.0,1.0,True,success,,0.2276239999991958
treaty_sensitivity,29,treaty_indexation_sensitivity,outputs/step29_treaty_indexation_sensitivity/final_50/results.csv,long_emerging_break,22,20260838,fully_indexed,long,emerging,True,1950841700.751684,309110926.9380038,1641730773.8136802,0.1584500304760245,0.2855191256830601,0.0095628415300546,641287802.3653271,143018017.21869072,498269785.1466364,2000000.0,5000000.0,2010,1.0,1.8687743048810856,1.3566921173701358,True,success,,0.4565604000017629
treaty_sensitivity,29,treaty_indexation_sensitivity,outputs/step29_treaty_indexation_sensitivity/final_50/results.csv,long_emerging_break,23,20260839,fixed_nominal,long,emerging,True,2046753504.9358556,583004213.2591128,1463749291.6767423,0.2848433931360894,0.6374829001367989,0.0259917920656634,736060139.9627335,366872921.985839,369187217.9768945,2000000.0,5000000.0,2010,1.0,1.0,1.0,True,success,,0.2307961999977124
treaty_sensitivity,29,treaty_indexation_sensitivity,outputs/step29_treaty_indexation_sensitivity/final_50/results.csv,long_emerging_break,23,20260839,fully_indexed,long,emerging,True,2046753504.9358556,357723600.1891068,1689029904.7467487,0.174776102411178,0.3036935704514364,0.0136798905608755,736060139.9627335,210795765.1145956,525264374.8481379,2000000.0,5000000.0,2010,1.0,1.8687743048810856,1.3566921173701358,True,success,,0.4561994000032427
treaty_sensitivity,29,treaty_indexation_sensitivity,outputs/step29_treaty_indexation_sensitivity/final_50/results.csv,long_emerging_break,24,20260840,fixed_nominal,long,emerging,True,2266247892.638604,602143735.8245053,1664104156.8140993,0.2657007372319832,0.6269035532994924,0.031725888324873,695242579.8894112,318321479.60916555,376921100.28024566,2000000.0,5000000.0,2010,1.0,1.0,1.0,True,success,,0.2501227999964612
treaty_sensitivity,29,treaty_indexation_sensitivity,outputs/step29_treaty_indexation_sensitivity/final_50/results.csv,long_emerging_break,24,20260840,fully_indexed,long,emerging,True,2266247892.638604,371309658.7992028,1894938233.8394015,0.1638433553563661,0.299492385786802,0.0203045685279187,695242579.8894112,160519984.90391314,534722594.9854981,2000000.0,5000000.0,2010,1.0,1.8687743048810856,1.3566921173701358,True,success,,0.499699200001487
treaty_sensitivity,29,treaty_indexation_sensitivity,outputs/step29_treaty_indexation_sensitivity/final_50/results.csv,long_emerging_break,25,20260841,fixed_nominal,long,emerging,True,2193207286.3384905,632733261.1491451,1560474025.1893454,0.2884967896515969,0.6351706036745407,0.0341207349081364,780262403.0145211,359259980.0107991,421002423.003722,2000000.0,5000000.0,2010,1.0,1.0,1.0,True,success,,0.2273027999981423
treaty_sensitivity,29,treaty_indexation_sensitivity,outputs/step29_treaty_indexation_sensitivity/final_50/results.csv,long_emerging_break,25,20260841,fully_indexed,long,emerging,True,2193207286.3384905,376219371.1576342,1816987915.180856,0.1715384466854128,0.3018372703412073,0.0157480314960629,780262403.0145211,177688035.69597057,602574367.3185506,2000000.0,5000000.0,2010,1.0,1.8687743048810856,1.3566921173701358,True,success,,0.462055899995903
treaty_sensitivity,29,treaty_indexation_sensitivity,outputs/step29_treaty_indexation_sensitivity/final_50/results.csv,long_emerging_break,26,20260842,fixed_nominal,long,emerging,True,2011205327.2960763,551576362.5679425,1459628964.728134,0.2742516415812691,0.620457604306864,0.0242261103633916,616133559.4522467,314689582.873816,301443976.5784308,2000000.0,5000000.0,2010,1.0,1.0,1.0,True,success,,0.2263174000036087
treaty_sensitivity,29,treaty_indexation_sensitivity,outputs/step29_treaty_indexation_sensitivity/final_50/results.csv,long_emerging_break,26,20260842,fully_indexed,long,emerging,True,2011205327.2960763,312888594.3414359,1698316732.9546404,0.1555726757954109,0.3109017496635262,0.0121130551816958,616133559.4522467,146852712.65336034,469280846.7988864,2000000.0,5000000.0,2010,1.0,1.8687743048810856,1.3566921173701358,True,success,,0.452524699998321
treaty_sensitivity,29,treaty_indexation_sensitivity,outputs/step29_treaty_indexation_sensitivity/final_50/results.csv,long_emerging_break,27,20260843,fixed_nominal,long,emerging,True,2131097719.9008372,616217983.7645763,1514879736.1362617,0.2891551982859095,0.6228187919463087,0.0335570469798657,761865734.1144851,353410428.2791988,408455305.8352863,2000000.0,5000000.0,2010,1.0,1.0,1.0,True,success,,0.2781583999967552
treaty_sensitivity,29,treaty_indexation_sensitivity,outputs/step29_treaty_indexation_sensitivity/final_50/results.csv,long_emerging_break,27,20260843,fully_indexed,long,emerging,True,2131097719.9008372,381111176.28526914,1749986543.6155686,0.1788332711007746,0.2859060402684564,0.0187919463087248,761865734.1144851,184252904.2104091,577612829.904076,2000000.0,5000000.0,2010,1.0,1.8687743048810856,1.3566921173701358,True,success,,0.456588200002443
treaty_sensitivity,29,treaty_indexation_sensitivity,outputs/step29_treaty_indexation_sensitivity/final_50/results.csv,long_emerging_break,28,20260844,fixed_nominal,long,emerging,True,1995397452.079854,516677044.3626329,1478720407.7172213,0.2589344011761101,0.6061007957559682,0.026525198938992,649024592.3090057,290834789.60206765,358189802.706938,2000000.0,5000000.0,2010,1.0,1.0,1.0,True,success,,0.2303466000012122
treaty_sensitivity,29,treaty_indexation_sensitivity,outputs/step29_treaty_indexation_sensitivity/final_50/results.csv,long_emerging_break,28,20260844,fully_indexed,long,emerging,True,1995397452.079854,298409780.0213698,1696987672.058484,0.1495490433298537,0.2652519893899204,0.0079575596816976,649024592.3090057,134560417.306018,514464175.0029877,2000000.0,5000000.0,2010,1.0,1.8687743048810856,1.3566921173701358,True,success,,0.4563173999995342
treaty_sensitivity,29,treaty_indexation_sensitivity,outputs/step29_treaty_indexation_sensitivity/final_50/results.csv,long_emerging_break,29,20260845,fixed_nominal,long,emerging,True,1790422445.108458,493326173.80513054,1297096271.3033276,0.2755361870897717,0.5997023809523809,0.025297619047619,565019115.9561381,289092639.0409425,275926476.91519547,2000000.0,5000000.0,2010,1.0,1.0,1.0,True,success,,0.2261754999999539
treaty_sensitivity,29,treaty_indexation_sensitivity,outputs/step29_treaty_indexation_sensitivity/final_50/results.csv,long_emerging_break,29,20260845,fully_indexed,long,emerging,True,1790422445.108458,289000140.7270876,1501422304.3813703,0.1614144983027069,0.3005952380952381,0.0104166666666666,565019115.9561381,148320204.58286664,416698911.3732714,2000000.0,5000000.0,2010,1.0,1.8687743048810856,1.3566921173701358,True,success,,0.4490114000000176
treaty_sensitivity,29,treaty_indexation_sensitivity,outputs/step29_treaty_indexation_sensitivity/final_50/results.csv,long_emerging_break,30,20260846,fixed_nominal,long,emerging,True,1893667845.6681929,482162982.6899797,1411504862.9782133,0.2546185614298401,0.6452074391988555,0.0300429184549356,625499222.5128747,291157767.087299,334341455.42557573,2000000.0,5000000.0,2010,1.0,1.0,1.0,True,success,,0.2249701000037021
treaty_sensitivity,29,treaty_indexation_sensitivity,outputs/step29_treaty_indexation_sensitivity/final_50/results.csv,long_emerging_break,30,20260846,fully_indexed,long,emerging,True,1893667845.6681929,278824613.3035688,1614843232.3646245,0.1472405067981622,0.2660944206008583,0.0085836909871244,625499222.5128747,137492157.7288776,488007064.78399706,2000000.0,5000000.0,2010,1.0,1.8687743048810856,1.3566921173701358,True,success,,0.4443106999970041
treaty_sensitivity,29,treaty_indexation_sensitivity,outputs/step29_treaty_indexation_sensitivity/final_50/results.csv,long_emerging_break,31,20260847,fixed_nominal,long,emerging,True,2170071413.6866465,611378507.3023645,1558692906.3842816,0.2817319759370122,0.62982689747004,0.0439414114513981,738012142.2479068,340746313.94754344,397265828.3003633,2000000.0,5000000.0,2010,1.0,1.0,1.0,True,success,,0.2789398000022629
treaty_sensitivity,29,treaty_indexation_sensitivity,outputs/step29_treaty_indexation_sensitivity/final_50/results.csv,long_emerging_break,31,20260847,fully_indexed,long,emerging,True,2170071413.6866465,399484900.1277085,1770586513.5589378,0.1840883657598345,0.3022636484687084,0.0213049267643142,738012142.2479068,185722513.64099893,552289628.6069078,2000000.0,5000000.0,2010,1.0,1.8687743048810856,1.3566921173701358,True,success,,0.4456657000046107
treaty_sensitivity,29,treaty_indexation_sensitivity,outputs/step29_treaty_indexation_sensitivity/final_50/results.csv,long_emerging_break,32,20260848,fixed_nominal,long,emerging,True,2085619708.131106,548599130.1967908,1537020577.9343152,0.2630389078401942,0.5950752393980848,0.0314637482900136,674588726.370204,294051928.4134518,380536797.9567522,2000000.0,5000000.0,2010,1.0,1.0,1.0,True,success,,0.2503864999962388
treaty_sensitivity,29,treaty_indexation_sensitivity,outputs/step29_treaty_indexation_sensitivity/final_50/results.csv,long_emerging_break,32,20260848,fully_indexed,long,emerging,True,2085619708.131106,357486957.077899,1728132751.0532067,0.1714056285928741,0.2818057455540356,0.0177838577291381,674588726.370204,157803543.47496486,516785182.8952392,2000000.0,5000000.0,2010,1.0,1.8687743048810856,1.3566921173701358,True,success,,0.4497966999988421
treaty_sensitivity,29,treaty_indexation_sensitivity,outputs/step29_treaty_indexation_sensitivity/final_50/results.csv,long_emerging_break,33,20260849,fixed_nominal,long,emerging,True,2139716680.714984,579264117.2512071,1560452563.4637768,0.2707200081543724,0.6168582375478927,0.0332056194125159,698547627.2716045,325296152.4202118,373251474.8513928,2000000.0,5000000.0,2010,1.0,1.0,1.0,True,success,,0.22875059999933
treaty_sensitivity,29,treaty_indexation_sensitivity,outputs/step29_treaty_indexation_sensitivity/final_50/results.csv,long_emerging_break,33,20260849,fully_indexed,long,emerging,True,2139716680.714984,364259773.415989,1775456907.298995,0.1702373854908081,0.2707535121328225,0.0127713920817369,698547627.2716045,188489459.83733743,510058167.4342672,2000000.0,5000000.0,2010,1.0,1.8687743048810856,1.3566921173701358,True,success,,0.4519614999953774
treaty_sensitivity,29,treaty_indexation_sensitivity,outputs/step29_treaty_indexation_sensitivity/final_50/results.csv,long_emerging_break,34,20260850,fixed_nominal,long,emerging,True,2054714034.359825,576852510.3338202,1477861524.0260046,0.2807458851633077,0.6265060240963856,0.0294511378848728,711979917.6094035,353659686.90908873,358320230.7003148,2000000.0,5000000.0,2010,1.0,1.0,1.0,True,success,,0.2281789000044227
treaty_sensitivity,29,treaty_indexation_sensitivity,outputs/step29_treaty_indexation_sensitivity/final_50/results.csv,long_emerging_break,34,20260850,fully_indexed,long,emerging,True,2054714034.359825,335659893.7511212,1719054140.608704,0.1633608804622297,0.3052208835341365,0.0093708165997322,711979917.6094035,175876395.17428634,536103522.4351172,2000000.0,5000000.0,2010,1.0,1.8687743048810856,1.3566921173701358,True,success,,0.4478156999975908
treaty_sensitivity,29,treaty_indexation_sensitivity,outputs/step29_treaty_indexation_sensitivity/final_50/results.csv,long_emerging_break,35,20260851,fixed_nominal,long,emerging,True,2005103408.813004,552416597.2101731,1452686811.6028306,0.275505290541198,0.6160220994475138,0.0248618784530386,661633631.7672038,310671306.8566615,350962324.9105423,2000000.0,5000000.0,2010,1.0,1.0,1.0,True,success,,0.2882148999997298
treaty_sensitivity,29,treaty_indexation_sensitivity,outputs/step29_treaty_indexation_sensitivity/final_50/results.csv,long_emerging_break,35,20260851,fully_indexed,long,emerging,True,2005103408.813004,327460678.41387653,1677642730.3991272,0.1633136111457359,0.2914364640883978,0.0124309392265193,661633631.7672038,156087125.92983592,505546505.8373678,2000000.0,5000000.0,2010,1.0,1.8687743048810856,1.3566921173701358,True,success,,0.4546141999962856
treaty_sensitivity,29,treaty_indexation_sensitivity,outputs/step29_treaty_indexation_sensitivity/final_50/results.csv,long_emerging_break,36,20260852,fixed_nominal,long,emerging,True,1918473362.0007985,490674517.21152633,1427798844.7892728,0.2557630076759555,0.5937921727395412,0.020242914979757,626685541.6008736,298373766.60150135,328311774.9993724,2000000.0,5000000.0,2010,1.0,1.0,1.0,True,success,,0.2280590000009397
treaty_sensitivity,29,treaty_indexation_sensitivity,outputs/step29_treaty_indexation_sensitivity/final_50/results.csv,long_emerging_break,36,20260852,fully_indexed,long,emerging,True,1918473362.0007985,274495785.5165513,1643977576.4842472,0.1430803215481065,0.2591093117408907,0.0067476383265856,626685541.6008736,137747675.11135155,488937866.48952216,2000000.0,5000000.0,2010,1.0,1.8687743048810856,1.3566921173701358,True,success,,0.5083920000033686
treaty_sensitivity,29,treaty_indexation_sensitivity,outputs/step29_treaty_indexation_sensitivity/final_50/results.csv,long_emerging_break,37,20260853,fixed_nominal,long,emerging,True,1959095394.6993804,536756634.5239317,1422338760.175449,0.2739818775421582,0.6,0.0301369863013698,573192608.4815664,280012844.6247065,293179763.85685986,2000000.0,5000000.0,2010,1.0,1.0,1.0,True,success,,0.2254899000035948
treaty_sensitivity,29,treaty_indexation_sensitivity,outputs/step29_treaty_indexation_sensitivity/final_50/results.csv,long_emerging_break,37,20260853,fully_indexed,long,emerging,True,1959095394.6993804,339236492.01546395,1619858902.6839166,0.1731597618642348,0.2972602739726027,0.0123287671232876,573192608.4815664,136932018.3069712,436260590.1745952,2000000.0,5000000.0,2010,1.0,1.8687743048810856,1.3566921173701358,True,success,,0.4461065000068629
treaty_sensitivity,29,treaty_indexation_sensitivity,outputs/step29_treaty_indexation_sensitivity/final_50/results.csv,long_emerging_break,38,20260854,fixed_nominal,long,emerging,True,2025627859.7500188,541485614.4861038,1484142245.2639148,0.267317420561607,0.6348773841961853,0.0286103542234332,673701907.4173647,312303097.24901414,361398810.16835046,2000000.0,5000000.0,2010,1.0,1.0,1.0,True,success,,0.226643599999079
treaty_sensitivity,29,treaty_indexation_sensitivity,outputs/step29_treaty_indexation_sensitivity/final_50/results.csv,long_emerging_break,38,20260854,fully_indexed,long,emerging,True,2025627859.7500188,332381250.6902352,1693246609.059784,0.1640880130525328,0.271117166212534,0.0122615803814713,673701907.4173647,164313407.65260363,509388499.764761,2000000.0,5000000.0,2010,1.0,1.8687743048810856,1.3566921173701358,True,success,,0.4520894999950542
treaty_sensitivity,29,treaty_indexation_sensitivity,outputs/step29_treaty_indexation_sensitivity/final_50/results.csv,long_emerging_break,39,20260855,fixed_nominal,long,emerging,True,2107581448.687343,549386123.4636625,1558195325.2236805,0.2606713604382097,0.6128608923884514,0.0223097112860892,705695914.6879461,329071260.7806257,376624653.9073205,2000000.0,5000000.0,2010,1.0,1.0,1.0,True,success,,0.227161700000579
treaty_sensitivity,29,treaty_indexation_sensitivity,outputs/step29_treaty_indexation_sensitivity/final_50/results.csv,long_emerging_break,39,20260855,fully_indexed,long,emerging,True,2107581448.687343,313361951.50856763,1794219497.1787753,0.14868319879345,0.2795275590551181,0.0104986876640419,705695914.6879461,157149150.21532974,548546764.4726164,2000000.0,5000000.0,2010,1.0,1.8687743048810856,1.3566921173701358,True,success,,0.451218099995458
treaty_sensitivity,29,treaty_indexation_sensitivity,outputs/step29_treaty_indexation_sensitivity/final_50/results.csv,long_emerging_break,40,20260856,fixed_nominal,long,emerging,True,2114362852.9699416,533276612.8237304,1581086240.146211,0.2522162229981778,0.604306864064603,0.034993270524899,582855653.1355705,264420912.5828038,318434740.5527668,2000000.0,5000000.0,2010,1.0,1.0,1.0,True,success,,0.2260310999990906
treaty_sensitivity,29,treaty_indexation_sensitivity,outputs/step29_treaty_indexation_sensitivity/final_50/results.csv,long_emerging_break,40,20260856,fully_indexed,long,emerging,True,2114362852.9699416,340715975.6096021,1773646877.360339,0.1611435686788647,0.2920592193808883,0.0215343203230148,582855653.1355705,128720395.40557696,454135257.7299936,2000000.0,5000000.0,2010,1.0,1.8687743048810856,1.3566921173701358,True,success,,0.4564723000003141
treaty_sensitivity,29,treaty_indexation_sensitivity,outputs/step29_treaty_indexation_sensitivity/final_50/results.csv,long_emerging_break,41,20260857,fixed_nominal,long,emerging,True,1987218965.616452,554530272.0739579,1432688693.5424938,0.2790483996321653,0.6431478968792401,0.0189959294436906,663356288.9427023,319130515.04039764,344225773.90230453,2000000.0,5000000.0,2010,1.0,1.0,1.0,True,success,,0.292076800003997
treaty_sensitivity,29,treaty_indexation_sensitivity,outputs/step29_treaty_indexation_sensitivity/final_50/results.csv,long_emerging_break,41,20260857,fully_indexed,long,emerging,True,1987218965.616452,308196540.9121445,1679022424.7043073,0.1550893717525181,0.2781546811397558,0.0122116689280868,663356288.9427023,138153086.66799107,525203202.2747112,2000000.0,5000000.0,2010,1.0,1.8687743048810856,1.3566921173701358,True,success,,0.4501264999998966
treaty_sensitivity,29,treaty_indexation_sensitivity,outputs/step29_treaty_indexation_sensitivity/final_50/results.csv,long_emerging_break,42,20260858,fixed_nominal,long,emerging,True,2176698338.064746,632776550.1135006,1543921787.9512458,0.2907047518013397,0.656121045392022,0.0426409903713892,760742684.7051454,365620897.7543769,395121786.9507685,2000000.0,5000000.0,2010,1.0,1.0,1.0,True,success,,0.2283907999953953
treaty_sensitivity,29,treaty_indexation_sensitivity,outputs/step29_treaty_indexation_sensitivity/final_50/results.csv,long_emerging_break,42,20260858,fully_indexed,long,emerging,True,2176698338.064746,402889596.2481781,1773808741.8165677,0.1850920677443886,0.3204951856946355,0.0178817056396148,760742684.7051454,202272136.22784916,558470548.4772962,2000000.0,5000000.0,2010,1.0,1.8687743048810856,1.3566921173701358,True,success,,0.4834619000030216
treaty_sensitivity,29,treaty_indexation_sensitivity,outputs/step29_treaty_indexation_sensitivity/final_50/results.csv,long_emerging_break,43,20260859,fixed_nominal,long,emerging,True,2050167089.076608,595393597.7784066,1454773491.298201,0.2904122307643573,0.6364883401920439,0.0301783264746227,708200244.9624375,361095337.33123547,347104907.6312021,2000000.0,5000000.0,2010,1.0,1.0,1.0,True,success,,0.2252185999968787
treaty_sensitivity,29,treaty_indexation_sensitivity,outputs/step29_treaty_indexation_sensitivity/final_50/results.csv,long_emerging_break,43,20260859,fully_indexed,long,emerging,True,2050167089.076608,342342267.7421789,1707824821.3344293,0.1669826179369455,0.3004115226337449,0.0109739368998628,708200244.9624375,174337205.32072344,533863039.6417141,2000000.0,5000000.0,2010,1.0,1.8687743048810856,1.3566921173701358,True,success,,0.4480744000029517
treaty_sensitivity,29,treaty_indexation_sensitivity,outputs/step29_treaty_indexation_sensitivity/final_50/results.csv,long_emerging_break,44,20260860,fixed_nominal,long,emerging,True,2134515064.3205888,598126214.1486044,1536388850.1719837,0.2802164407956458,0.6444159178433889,0.0295250320924261,785838536.0565786,385637467.7939312,400201068.26264745,2000000.0,5000000.0,2010,1.0,1.0,1.0,True,success,,0.2286055000004125
treaty_sensitivity,29,treaty_indexation_sensitivity,outputs/step29_treaty_indexation_sensitivity/final_50/results.csv,long_emerging_break,44,20260860,fully_indexed,long,emerging,True,2134515064.3205888,346106761.9488349,1788408302.3717537,0.1621477251363414,0.2901155327342747,0.0064184852374839,785838536.0565786,199908652.79115945,585929883.2654191,2000000.0,5000000.0,2010,1.0,1.8687743048810856,1.3566921173701358,True,success,,0.4519442000018898
treaty_sensitivity,29,treaty_indexation_sensitivity,outputs/step29_treaty_indexation_sensitivity/final_50/results.csv,long_emerging_break,45,20260861,fixed_nominal,long,emerging,True,2180794181.9104514,623724942.8665749,1557069239.0438766,0.2860081653006659,0.6229946524064172,0.0307486631016042,674736006.6359785,326853781.3478096,347882225.2881689,2000000.0,5000000.0,2010,1.0,1.0,1.0,True,success,,0.2267455999972298
treaty_sensitivity,29,treaty_indexation_sensitivity,outputs/step29_treaty_indexation_sensitivity/final_50/results.csv,long_emerging_break,45,20260861,fully_indexed,long,emerging,True,2180794181.9104514,401826690.7470622,1778967491.1633894,0.1842570445575235,0.3355614973262032,0.0133689839572192,674736006.6359785,179663855.44500625,495072151.19097215,2000000.0,5000000.0,2010,1.0,1.8687743048810856,1.3566921173701358,True,success,,0.4566918000055011
treaty_sensitivity,29,treaty_indexation_sensitivity,outputs/step29_treaty_indexation_sensitivity/final_50/results.csv,long_emerging_break,46,20260862,fixed_nominal,long,emerging,True,2131627170.404708,590898789.1227024,1540728381.2820053,0.2772055063505852,0.6246753246753247,0.0324675324675324,709992671.0915889,344662403.1959149,365330267.895674,2000000.0,5000000.0,2010,1.0,1.0,1.0,True,success,,0.2257589000000734
treaty_sensitivity,29,treaty_indexation_sensitivity,outputs/step29_treaty_indexation_sensitivity/final_50/results.csv,long_emerging_break,46,20260862,fully_indexed,long,emerging,True,2131627170.404708,357628987.4547114,1773998182.9499962,0.1677727664668546,0.3116883116883117,0.0103896103896103,709992671.0915889,192682422.3575919,517310248.733997,2000000.0,5000000.0,2010,1.0,1.8687743048810856,1.3566921173701358,True,success,,0.4577544999992824
treaty_sensitivity,29,treaty_indexation_sensitivity,outputs/step29_treaty_indexation_sensitivity/final_50/results.csv,long_emerging_break,47,20260863,fixed_nominal,long,emerging,True,2033338468.16687,546312269.201435,1487026198.9654353,0.2686774866822619,0.5978552278820375,0.0227882037533512,641971582.1862807,298208536.8960704,343763045.29021025,2000000.0,5000000.0,2010,1.0,1.0,1.0,True,success,,0.2283351000005495
treaty_sensitivity,29,treaty_indexation_sensitivity,outputs/step29_treaty_indexation_sensitivity/final_50/results.csv,long_emerging_break,47,20260863,fully_indexed,long,emerging,True,2033338468.16687,316084472.5479371,1717253995.6189332,0.1554509873768821,0.2935656836461126,0.0134048257372654,641971582.1862807,134987888.83152735,506983693.35475326,2000000.0,5000000.0,2010,1.0,1.8687743048810856,1.3566921173701358,True,success,,0.4522125000003143
treaty_sensitivity,29,treaty_indexation_sensitivity,outputs/step29_treaty_indexation_sensitivity/final_50/results.csv,long_emerging_break,48,20260864,fixed_nominal,long,emerging,True,1941003348.264084,553373436.2978905,1387629911.9661932,0.2850965902726516,0.6039603960396039,0.0297029702970297,657056027.2257504,322795334.1595725,334260693.06617785,2000000.0,5000000.0,2010,1.0,1.0,1.0,True,success,,0.2273232000006828
treaty_sensitivity,29,treaty_indexation_sensitivity,outputs/step29_treaty_indexation_sensitivity/final_50/results.csv,long_emerging_break,48,20260864,fully_indexed,long,emerging,True,1941003348.264084,335698187.6851348,1605305160.578949,0.1729508545079857,0.2984441301272984,0.0113154172560113,657056027.2257504,158050188.0991665,499005839.1265839,2000000.0,5000000.0,2010,1.0,1.8687743048810856,1.3566921173701358,True,success,,0.4512857000008807
treaty_sensitivity,29,treaty_indexation_sensitivity,outputs/step29_treaty_indexation_sensitivity/final_50/results.csv,long_emerging_break,49,20260865,fixed_nominal,long,emerging,True,1957003577.6605663,538095026.3400626,1418908551.3205037,0.274958631901588,0.6162464985994398,0.026610644257703,604805252.3114972,287480166.4890658,317325085.8224313,2000000.0,5000000.0,2010,1.0,1.0,1.0,True,success,,0.2294869000033941
treaty_sensitivity,29,treaty_indexation_sensitivity,outputs/step29_treaty_indexation_sensitivity/final_50/results.csv,long_emerging_break,49,20260865,fully_indexed,long,emerging,True,1957003577.6605663,328921698.1117612,1628081879.5488052,0.168074142462713,0.3137254901960784,0.0084033613445378,604805252.3114972,154890934.47459024,449914317.83690697,2000000.0,5000000.0,2010,1.0,1.8687743048810856,1.3566921173701358,True,success,,0.4545705000055022
treaty_sensitivity,29,treaty_indexation_sensitivity,outputs/step29_treaty_indexation_sensitivity/final_50/results.csv,long_emerging_break,50,20260866,fixed_nominal,long,emerging,True,2055606991.7077088,566888055.2026598,1488718936.5050488,0.2757764774538512,0.6272352132049519,0.0385144429160935,709759978.3841977,335576286.10000974,374183692.2841879,2000000.0,5000000.0,2010,1.0,1.0,1.0,True,success,,0.2288211999984923
treaty_sensitivity,29,treaty_indexation_sensitivity,outputs/step29_treaty_indexation_sensitivity/final_50/results.csv,long_emerging_break,50,20260866,fully_indexed,long,emerging,True,2055606991.7077088,357517518.4186669,1698089473.2890418,0.173923089316629,0.3026134800550206,0.0123796423658872,709759978.3841977,192999777.7579845,516760200.62621313,2000000.0,5000000.0,2010,1.0,1.8687743048810856,1.3566921173701358,True,success,,0.455094500000996
treaty_sensitivity,29,treaty_indexation_sensitivity,outputs/step29_treaty_indexation_sensitivity/final_50/results.csv,long_emerging_no_break,1,20260817,fixed_nominal,long,emerging,False,1972344008.5600204,555956583.2483603,1416387425.3116596,0.2818760727517589,0.6398852223816356,0.0358680057388809,880522805.4172087,408650367.9529617,471872437.464247,2000000.0,5000000.0,2010,1.0,1.0,1.0,True,success,,0.2251359000001684
treaty_sensitivity,29,treaty_indexation_sensitivity,outputs/step29_treaty_indexation_sensitivity/final_50/results.csv,long_emerging_no_break,1,20260817,fully_indexed,long,emerging,False,1972344008.5600204,325658723.20720994,1646685285.35281,0.1651125370593787,0.2855093256814921,0.0143472022955523,880522805.4172087,218603709.71866745,661919095.6985413,2000000.0,5000000.0,2010,1.0,1.8687743048810856,1.3566921173701358,True,success,,0.4450138000029255
treaty_sensitivity,29,treaty_indexation_sensitivity,outputs/step29_treaty_indexation_sensitivity/final_50/results.csv,long_emerging_no_break,2,20260818,fixed_nominal,long,emerging,False,2096885177.0977287,615984273.5216732,1480900903.5760558,0.2937615660835797,0.6509433962264151,0.0309973045822102,873630936.4761838,435759123.7895667,437871812.68661696,2000000.0,5000000.0,2010,1.0,1.0,1.0,True,success,,0.2257917999959318
treaty_sensitivity,29,treaty_indexation_sensitivity,outputs/step29_treaty_indexation_sensitivity/final_50/results.csv,long_emerging_no_break,2,20260818,fully_indexed,long,emerging,False,2096885177.0977287,364147505.0699761,1732737672.0277526,0.1736611565798694,0.3140161725067385,0.013477088948787,873630936.4761838,234274725.6183744,639356210.8578093,2000000.0,5000000.0,2010,1.0,1.8687743048810856,1.3566921173701358,True,success,,0.4475232000040705
treaty_sensitivity,29,treaty_indexation_sensitivity,outputs/step29_treaty_indexation_sensitivity/final_50/results.csv,long_emerging_no_break,3,20260819,fixed_nominal,long,emerging,False,2136889759.977532,671542257.7911235,1465347502.186409,0.3142615357931165,0.6484687083888149,0.0359520639147802,817379242.251468,430686769.0955911,386692473.155877,2000000.0,5000000.0,2010,1.0,1.0,1.0,True,success,,0.2253790000031585
treaty_sensitivity,29,treaty_indexation_sensitivity,outputs/step29_treaty_indexation_sensitivity/final_50/results.csv,long_emerging_no_break,3,20260819,fully_indexed,long,emerging,False,2136889759.977532,395826595.3140571,1741063164.663475,0.1852349160577281,0.3382157123834887,0.0106524633821571,817379242.251468,207051206.55797252,610328035.6934955,2000000.0,5000000.0,2010,1.0,1.8687743048810856,1.3566921173701358,True,success,,0.4535486000022501
treaty_sensitivity,29,treaty_indexation_sensitivity,outputs/step29_treaty_indexation_sensitivity/final_50/results.csv,long_emerging_no_break,4,20260820,fixed_nominal,long,emerging,False,1999897935.107651,550911486.3855014,1448986448.7221494,0.2754698010905475,0.6483516483516484,0.0274725274725274,832237899.2516148,394207720.4251218,438030178.82649314,2000000.0,5000000.0,2010,1.0,1.0,1.0,True,success,,0.227302300001611
treaty_sensitivity,29,treaty_indexation_sensitivity,outputs/step29_treaty_indexation_sensitivity/final_50/results.csv,long_emerging_no_break,4,20260820,fully_indexed,long,emerging,False,1999897935.107651,297364080.4673719,1702533854.640279,0.1486896282291352,0.3035714285714285,0.0096153846153846,832237899.2516148,186018085.39762312,646219813.8539919,2000000.0,5000000.0,2010,1.0,1.8687743048810856,1.3566921173701358,True,success,,0.4503077000044868
treaty_sensitivity,29,treaty_indexation_sensitivity,outputs/step29_treaty_indexation_sensitivity/final_50/results.csv,long_emerging_no_break,5,20260821,fixed_nominal,long,emerging,False,2125455270.374148,618819215.6686715,1506636054.7054758,0.2911466659845256,0.6431478968792401,0.0325644504748982,808012959.1105716,390448899.0550506,417564060.0555209,2000000.0,5000000.0,2010,1.0,1.0,1.0,True,success,,0.2277112000010674
treaty_sensitivity,29,treaty_indexation_sensitivity,outputs/step29_treaty_indexation_sensitivity/final_50/results.csv,long_emerging_no_break,5,20260821,fully_indexed,long,emerging,False,2125455270.374148,367135309.95051646,1758319960.423631,0.1727325505588687,0.3310719131614654,0.0176390773405698,808012959.1105716,191657990.59929904,616354968.5112724,2000000.0,5000000.0,2010,1.0,1.8687743048810856,1.3566921173701358,True,success,,0.4488684000025387
treaty_sensitivity,29,treaty_indexation_sensitivity,outputs/step29_treaty_indexation_sensitivity/final_50/results.csv,long_emerging_no_break,6,20260822,fixed_nominal,long,emerging,False,2093809391.356173,557459107.4536377,1536350283.9025354,0.266241573733972,0.6456375838926175,0.0255033557046979,831330641.7837003,383883858.8695064,447446782.9141941,2000000.0,5000000.0,2010,1.0,1.0,1.0,True,success,,0.2261204000024008
treaty_sensitivity,29,treaty_indexation_sensitivity,outputs/step29_treaty_indexation_sensitivity/final_50/results.csv,long_emerging_no_break,6,20260822,fully_indexed,long,emerging,False,2093809391.356173,310387185.0661118,1783422206.290061,0.1482404207123515,0.287248322147651,0.0147651006711409,831330641.7837003,173006490.02431288,658324151.7593875,2000000.0,5000000.0,2010,1.0,1.8687743048810856,1.3566921173701358,True,success,,0.4476018999994267
treaty_sensitivity,29,treaty_indexation_sensitivity,outputs/step29_treaty_indexation_sensitivity/final_50/results.csv,long_emerging_no_break,7,20260823,fixed_nominal,long,emerging,False,1990234438.354032,562492505.7546983,1427741932.5993333,0.2826262549350177,0.6486486486486487,0.0241820768136557,810141677.1862512,390762234.94918907,419379442.2370621,2000000.0,5000000.0,2010,1.0,1.0,1.0,True,success,,0.2265219000037177
treaty_sensitivity,29,treaty_indexation_sensitivity,outputs/step29_treaty_indexation_sensitivity/final_50/results.csv,long_emerging_no_break,7,20260823,fully_indexed,long,emerging,False,1990234438.354032,312536237.9367558,1677698200.4172757,0.1570348858977791,0.310099573257468,0.0085348506401137,810141677.1862512,181414406.8262215,628727270.3600296,2000000.0,5000000.0,2010,1.0,1.8687743048810856,1.3566921173701358,True,success,,0.4488029000058304
treaty_sensitivity,29,treaty_indexation_sensitivity,outputs/step29_treaty_indexation_sensitivity/final_50/results.csv,long_emerging_no_break,8,20260824,fixed_nominal,long,emerging,False,2276977640.202332,688381225.5617543,1588596414.6405785,0.3023223475750007,0.6789340101522843,0.0266497461928934,946527722.776804,466654718.757437,479873004.0193669,2000000.0,5000000.0,2010,1.0,1.0,1.0,True,success,,0.2483304999987012
treaty_sensitivity,29,treaty_indexation_sensitivity,outputs/step29_treaty_indexation_sensitivity/final_50/results.csv,long_emerging_no_break,8,20260824,fully_indexed,long,emerging,False,2276977640.202332,403108557.4769936,1873869082.725339,0.1770366780769851,0.3299492385786802,0.0114213197969543,946527722.776804,237597054.8467577,708930667.9300462,2000000.0,5000000.0,2010,1.0,1.8687743048810856,1.3566921173701358,True,success,,0.4510713000054238
treaty_sensitivity,29,treaty_indexation_sensitivity,outputs/step29_treaty_indexation_sensitivity/final_50/results.csv,long_emerging_no_break,9,20260825,fixed_nominal,long,emerging,False,2071193651.6755996,623081964.0504847,1448111687.6251144,0.3008323067939158,0.6581081081081082,0.031081081081081,864050659.6168107,430188839.7616966,433861819.8551141,2000000.0,5000000.0,2010,1.0,1.0,1.0,True,success,,0.2506853999948362
treaty_sensitivity,29,treaty_indexation_sensitivity,outputs/step29_treaty_indexation_sensitivity/final_50/results.csv,long_emerging_no_break,9,20260825,fully_indexed,long,emerging,False,2071193651.6755996,354165066.44489473,1717028585.2307043,0.1709956315086107,0.3202702702702703,0.0094594594594594,864050659.6168107,208092215.6616676,655958443.9551432,2000000.0,5000000.0,2010,1.0,1.8687743048810856,1.3566921173701358,True,success,,0.4562067000006209
treaty_sensitivity,29,treaty_indexation_sensitivity,outputs/step29_treaty_indexation_sensitivity/final_50/results.csv,long_emerging_no_break,10,20260826,fixed_nominal,long,emerging,False,2323031111.9299126,651896447.4102663,1671134664.5196462,0.2806232099356982,0.6376262626262627,0.0366161616161616,974852670.2191871,448150465.0327138,526702205.1864732,2000000.0,5000000.0,2010,1.0,1.0,1.0,True,success,,0.2599197000017739
treaty_sensitivity,29,treaty_indexation_sensitivity,outputs/step29_treaty_indexation_sensitivity/final_50/results.csv,long_emerging_no_break,10,20260826,fully_indexed,long,emerging,False,2323031111.9299126,400237363.0692716,1922793748.860641,0.1722910042030238,0.3106060606060606,0.0151515151515151,974852670.2191871,241859429.2745469,732993240.9446402,2000000.0,5000000.0,2010,1.0,1.8687743048810856,1.3566921173701358,True,success,,0.4629270000004908
treaty_sensitivity,29,treaty_indexation_sensitivity,outputs/step29_treaty_indexation_sensitivity/final_50/results.csv,long_emerging_no_break,11,20260827,fixed_nominal,long,emerging,False,2100349669.2709649,636631992.7277157,1463717676.5432491,0.303107621574598,0.6551724137931034,0.04,898223559.7310824,447353470.6937061,450870089.0373762,2000000.0,5000000.0,2010,1.0,1.0,1.0,True,success,,0.2540684999985387
treaty_sensitivity,29,treaty_indexation_sensitivity,outputs/step29_treaty_indexation_sensitivity/final_50/results.csv,long_emerging_no_break,11,20260827,fully_indexed,long,emerging,False,2100349669.2709649,371680831.0138013,1728668838.257163,0.1769614062132866,0.3144827586206896,0.0151724137931034,898223559.7310824,222330339.50304464,675893220.2280377,2000000.0,5000000.0,2010,1.0,1.8687743048810856,1.3566921173701358,True,success,,0.4543411999984528
treaty_sensitivity,29,treaty_indexation_sensitivity,outputs/step29_treaty_indexation_sensitivity/final_50/results.csv,long_emerging_no_break,12,20260828,fixed_nominal,long,emerging,False,2111339146.5867813,629842658.7409816,1481496487.8458,0.2983142996042078,0.6356275303643725,0.0350877192982456,864654893.3003402,429313850.2498671,435341043.0504731,2000000.0,5000000.0,2010,1.0,1.0,1.0,True,success,,0.2248682999997981
treaty_sensitivity,29,treaty_indexation_sensitivity,outputs/step29_treaty_indexation_sensitivity/final_50/results.csv,long_emerging_no_break,12,20260828,fully_indexed,long,emerging,False,2111339146.5867813,382534573.0631438,1728804573.5236378,0.1811810166460249,0.3171390013495276,0.0107962213225371,864654893.3003402,236398042.6726969,628256850.6276433,2000000.0,5000000.0,2010,1.0,1.8687743048810856,1.3566921173701358,True,success,,0.4692620999994688
treaty_sensitivity,29,treaty_indexation_sensitivity,outputs/step29_treaty_indexation_sensitivity/final_50/results.csv,long_emerging_no_break,13,20260829,fixed_nominal,long,emerging,False,2257463503.2972646,656704472.9274471,1600759030.3698173,0.2909036943313859,0.6403508771929824,0.037593984962406,902828928.381405,457401365.75274265,445427562.6286624,2000000.0,5000000.0,2010,1.0,1.0,1.0,True,success,,0.2280392000029678
treaty_sensitivity,29,treaty_indexation_sensitivity,outputs/step29_treaty_indexation_sensitivity/final_50/results.csv,long_emerging_no_break,13,20260829,fully_indexed,long,emerging,False,2257463503.2972646,385983123.0228641,1871480380.2744,0.1709808918102529,0.3045112781954887,0.012531328320802,902828928.381405,236418364.4794028,666410563.9020021,2000000.0,5000000.0,2010,1.0,1.8687743048810856,1.3566921173701358,True,success,,0.4828363999986322
treaty_sensitivity,29,treaty_indexation_sensitivity,outputs/step29_treaty_indexation_sensitivity/final_50/results.csv,long_emerging_no_break,14,20260830,fixed_nominal,long,emerging,False,2071318046.2154703,603942635.3264816,1467375410.8889885,0.2915740711234338,0.6527027027027027,0.031081081081081,831336589.2148616,413449654.8698396,417886934.3450221,2000000.0,5000000.0,2010,1.0,1.0,1.0,True,success,,0.2231471999984933
treaty_sensitivity,29,treaty_indexation_sensitivity,outputs/step29_treaty_indexation_sensitivity/final_50/results.csv,long_emerging_no_break,14,20260830,fully_indexed,long,emerging,False,2071318046.2154703,354071628.67150265,1717246417.5439675,0.1709402519417194,0.2959459459459459,0.0081081081081081,831336589.2148616,221975249.57590905,609361339.6389527,2000000.0,5000000.0,2010,1.0,1.8687743048810856,1.3566921173701358,True,success,,0.4719457000028342
treaty_sensitivity,29,treaty_indexation_sensitivity,outputs/step29_treaty_indexation_sensitivity/final_50/results.csv,long_emerging_no_break,15,20260831,fixed_nominal,long,emerging,False,2273829089.7241144,697497048.1303263,1576332041.593788,0.3067499889426404,0.683288409703504,0.0417789757412398,933739326.0117816,442539573.4724326,491199752.53934896,2000000.0,5000000.0,2010,1.0,1.0,1.0,True,success,,0.2259019999983138
treaty_sensitivity,29,treaty_indexation_sensitivity,outputs/step29_treaty_indexation_sensitivity/final_50/results.csv,long_emerging_no_break,15,20260831,fully_indexed,long,emerging,False,2273829089.7241144,439540639.5029293,1834288450.2211847,0.1933041676216127,0.3153638814016172,0.0188679245283018,933739326.0117816,238770883.9513328,694968442.0604488,2000000.0,5000000.0,2010,1.0,1.8687743048810856,1.3566921173701358,True,success,,0.4823828000007779
treaty_sensitivity,29,treaty_indexation_sensitivity,outputs/step29_treaty_indexation_sensitivity/final_50/results.csv,long_emerging_no_break,16,20260832,fixed_nominal,long,emerging,False,2262066786.2138057,647741469.9711491,1614325316.242656,0.2863494013168919,0.6352941176470588,0.0352941176470588,881699615.6936451,410639150.634794,471060465.058851,2000000.0,5000000.0,2010,1.0,1.0,1.0,True,success,,0.2240393999963998
treaty_sensitivity,29,treaty_indexation_sensitivity,outputs/step29_treaty_indexation_sensitivity/final_50/results.csv,long_emerging_no_break,16,20260832,fully_indexed,long,emerging,False,2262066786.2138057,398234047.2525696,1863832738.961236,0.1760487575696756,0.3137254901960784,0.0130718954248366,881699615.6936451,208177692.87663773,673521922.8170073,2000000.0,5000000.0,2010,1.0,1.8687743048810856,1.3566921173701358,True,success,,0.4473875999974552
treaty_sensitivity,29,treaty_indexation_sensitivity,outputs/step29_treaty_indexation_sensitivity/final_50/results.csv,long_emerging_no_break,17,20260833,fixed_nominal,long,emerging,False,2044620136.5810037,560289314.2241126,1484330822.3568904,0.2740310066401986,0.6446837146702558,0.0228802153432032,884665963.6343496,406853022.4221317,477812941.2122179,2000000.0,5000000.0,2010,1.0,1.0,1.0,True,success,,0.2258178999982192
treaty_sensitivity,29,treaty_indexation_sensitivity,outputs/step29_treaty_indexation_sensitivity/final_50/results.csv,long_emerging_no_break,17,20260833,fully_indexed,long,emerging,False,2044620136.5810037,305538878.43632144,1739081258.1446817,0.1494355225060245,0.3055181695827725,0.0080753701211305,884665963.6343496,197807892.2789498,686858071.3553998,2000000.0,5000000.0,2010,1.0,1.8687743048810856,1.3566921173701358,True,success,,0.4451097000055597
treaty_sensitivity,29,treaty_indexation_sensitivity,outputs/step29_treaty_indexation_sensitivity/final_50/results.csv,long_emerging_no_break,18,20260834,fixed_nominal,long,emerging,False,2068999844.1033905,626011279.6705582,1442988564.4328322,0.3025670985209004,0.68646408839779,0.0317679558011049,829111400.8503416,407229929.2862326,421881471.56410897,2000000.0,5000000.0,2010,1.0,1.0,1.0,True,success,,0.2285740000006626
treaty_sensitivity,29,treaty_indexation_sensitivity,outputs/step29_treaty_indexation_sensitivity/final_50/results.csv,long_emerging_no_break,18,20260834,fully_indexed,long,emerging,False,2068999844.1033905,376403863.3243263,1692595980.7790642,0.1819255155562578,0.3259668508287293,0.0124309392265193,829111400.8503416,203860350.62840813,625251050.2219335,2000000.0,5000000.0,2010,1.0,1.8687743048810856,1.3566921173701358,True,success,,0.4547231000033207
treaty_sensitivity,29,treaty_indexation_sensitivity,outputs/step29_treaty_indexation_sensitivity/final_50/results.csv,long_emerging_no_break,19,20260835,fixed_nominal,long,emerging,False,2292725275.319072,706888301.6924088,1585836973.6266634,0.3083179259643452,0.6584158415841584,0.0297029702970297,918491321.1212708,482874646.8153434,435616674.3059276,2000000.0,5000000.0,2010,1.0,1.0,1.0,True,success,,0.2309739999982412
treaty_sensitivity,29,treaty_indexation_sensitivity,outputs/step29_treaty_indexation_sensitivity/final_50/results.csv,long_emerging_no_break,19,20260835,fully_indexed,long,emerging,False,2292725275.319072,405507688.5145811,1887217586.804491,0.1768671078387914,0.3366336633663366,0.0099009900990099,918491321.1212708,246559012.206632,671932308.914639,2000000.0,5000000.0,2010,1.0,1.8687743048810856,1.3566921173701358,True,success,,0.4500060999998823
treaty_sensitivity,29,treaty_indexation_sensitivity,outputs/step29_treaty_indexation_sensitivity/final_50/results.csv,long_emerging_no_break,20,20260836,fixed_nominal,long,emerging,False,2211462361.0535493,649757889.0072106,1561704472.0463393,0.2938136775240721,0.6649282920469362,0.0338983050847457,953814828.863883,456773414.90214616,497041413.9617369,2000000.0,5000000.0,2010,1.0,1.0,1.0,True,success,,0.2321135000020149
treaty_sensitivity,29,treaty_indexation_sensitivity,outputs/step29_treaty_indexation_sensitivity/final_50/results.csv,long_emerging_no_break,20,20260836,fully_indexed,long,emerging,False,2211462361.0535493,383043953.0764872,1828418407.9770625,0.1732084433460597,0.3207301173402868,0.0078226857887874,953814828.863883,245262699.0449535,708552129.8189296,2000000.0,5000000.0,2010,1.0,1.8687743048810856,1.3566921173701358,True,success,,0.4543350000021746
treaty_sensitivity,29,treaty_indexation_sensitivity,outputs/step29_treaty_indexation_sensitivity/final_50/results.csv,long_emerging_no_break,21,20260837,fixed_nominal,long,emerging,False,2123086509.22043,589909162.7454059,1533177346.4750235,0.277854510489077,0.6490765171503958,0.025065963060686,870441471.9957026,404544870.1766237,465896601.8190789,2000000.0,5000000.0,2010,1.0,1.0,1.0,True,success,,0.2282785999996122
treaty_sensitivity,29,treaty_indexation_sensitivity,outputs/step29_treaty_indexation_sensitivity/final_50/results.csv,long_emerging_no_break,21,20260837,fully_indexed,long,emerging,False,2123086509.22043,326342248.4604467,1796744260.759983,0.1537112345837831,0.2783641160949868,0.0158311345646438,870441471.9957026,182905724.90772843,687535747.0879742,2000000.0,5000000.0,2010,1.0,1.8687743048810856,1.3566921173701358,True,success,,0.4491892000005464
treaty_sensitivity,29,treaty_indexation_sensitivity,outputs/step29_treaty_indexation_sensitivity/final_50/results.csv,long_emerging_no_break,22,20260838,fixed_nominal,long,emerging,False,2034072663.9435167,607045666.1638566,1427026997.7796602,0.298438535124384,0.6325136612021858,0.0314207650273224,837855382.4450485,417744754.7690689,420110627.6759796,2000000.0,5000000.0,2010,1.0,1.0,1.0,True,success,,0.2268526999978348
treaty_sensitivity,29,treaty_indexation_sensitivity,outputs/step29_treaty_indexation_sensitivity/final_50/results.csv,long_emerging_no_break,22,20260838,fully_indexed,long,emerging,False,2034072663.9435167,347396260.0251438,1686676403.918373,0.1707885200873976,0.3169398907103825,0.0095628415300546,837855382.4450485,202411713.9274235,635443668.5176249,2000000.0,5000000.0,2010,1.0,1.8687743048810856,1.3566921173701358,True,success,,0.4467436999984784
treaty_sensitivity,29,treaty_indexation_sensitivity,outputs/step29_treaty_indexation_sensitivity/final_50/results.csv,long_emerging_no_break,23,20260839,fixed_nominal,long,emerging,False,2138226282.951048,655274380.4903417,1482951902.4607062,0.3064569852662986,0.6593707250341997,0.0314637482900136,943927910.9992572,479069173.1568164,464858737.8424406,2000000.0,5000000.0,2010,1.0,1.0,1.0,True,success,,0.2233504999967408
treaty_sensitivity,29,treaty_indexation_sensitivity,outputs/step29_treaty_indexation_sensitivity/final_50/results.csv,long_emerging_no_break,23,20260839,fully_indexed,long,emerging,False,2138226282.951048,397495250.52332175,1740731032.4277265,0.1858995250842784,0.33515731874145,0.015047879616963,943927910.9992572,264790386.29561257,679137524.7036445,2000000.0,5000000.0,2010,1.0,1.8687743048810856,1.3566921173701358,True,success,,0.4500015000012354
treaty_sensitivity,29,treaty_indexation_sensitivity,outputs/step29_treaty_indexation_sensitivity/final_50/results.csv,long_emerging_no_break,24,20260840,fixed_nominal,long,emerging,False,2359181538.123824,674327977.6082647,1684853560.515559,0.2858313218848493,0.6637055837563451,0.0368020304568527,915663146.7850548,436460586.6554656,479202560.1295891,2000000.0,5000000.0,2010,1.0,1.0,1.0,True,success,,0.2677777999997488
treaty_sensitivity,29,treaty_indexation_sensitivity,outputs/step29_treaty_indexation_sensitivity/final_50/results.csv,long_emerging_no_break,24,20260840,fully_indexed,long,emerging,False,2359181538.123824,409821691.3238214,1949359846.8000023,0.1737135039000595,0.3261421319796954,0.0215736040609137,915663146.7850548,230963684.64648,684699462.1385748,2000000.0,5000000.0,2010,1.0,1.8687743048810856,1.3566921173701358,True,success,,0.4555764000033377
treaty_sensitivity,29,treaty_indexation_sensitivity,outputs/step29_treaty_indexation_sensitivity/final_50/results.csv,long_emerging_no_break,25,20260841,fixed_nominal,long,emerging,False,2294204802.7806973,709509019.4925238,1584695783.2881737,0.3092614132062496,0.6771653543307087,0.0406824146981627,1010446645.696698,483451898.3606769,526994747.33602107,2000000.0,5000000.0,2010,1.0,1.0,1.0,True,success,,0.2271022999993874
treaty_sensitivity,29,treaty_indexation_sensitivity,outputs/step29_treaty_indexation_sensitivity/final_50/results.csv,long_emerging_no_break,25,20260841,fully_indexed,long,emerging,False,2294204802.7806973,419769819.87175167,1874434982.9089456,0.182969636957855,0.3412073490813648,0.0170603674540682,1010446645.696698,246219960.4648153,764226685.2318826,2000000.0,5000000.0,2010,1.0,1.8687743048810856,1.3566921173701358,True,success,,0.4513435999979265
treaty_sensitivity,29,treaty_indexation_sensitivity,outputs/step29_treaty_indexation_sensitivity/final_50/results.csv,long_emerging_no_break,26,20260842,fixed_nominal,long,emerging,False,2092830148.207236,617807888.9318566,1475022259.275379,0.2952021163595547,0.6527590847913862,0.0309555854643337,807357403.9386041,419609729.32778,387747674.6108241,2000000.0,5000000.0,2010,1.0,1.0,1.0,True,success,,0.2249748000031104
treaty_sensitivity,29,treaty_indexation_sensitivity,outputs/step29_treaty_indexation_sensitivity/final_50/results.csv,long_emerging_no_break,26,20260842,fully_indexed,long,emerging,False,2092830148.207236,350976441.8549386,1741853706.3522973,0.1677042172560409,0.34185733512786,0.0134589502018842,807357403.9386041,203365039.9996786,603992363.9389255,2000000.0,5000000.0,2010,1.0,1.8687743048810856,1.3566921173701358,True,success,,0.4917679999998654
treaty_sensitivity,29,treaty_indexation_sensitivity,outputs/step29_treaty_indexation_sensitivity/final_50/results.csv,long_emerging_no_break,27,20260843,fixed_nominal,long,emerging,False,2223288283.7034245,687159611.1268731,1536128672.576551,0.3090735538723042,0.6644295302013423,0.0375838926174496,967739501.045684,459310590.33353126,508428910.7121527,2000000.0,5000000.0,2010,1.0,1.0,1.0,True,success,,0.2249851000015041
treaty_sensitivity,29,treaty_indexation_sensitivity,outputs/step29_treaty_indexation_sensitivity/final_50/results.csv,long_emerging_no_break,27,20260843,fully_indexed,long,emerging,False,2223288283.7034245,418109814.0053032,1805178469.6981208,0.1880591991016298,0.3194630872483222,0.0187919463087248,967739501.045684,238228468.73794317,729511032.3077408,2000000.0,5000000.0,2010,1.0,1.8687743048810856,1.3566921173701358,True,success,,0.4460589000009349
treaty_sensitivity,29,treaty_indexation_sensitivity,outputs/step29_treaty_indexation_sensitivity/final_50/results.csv,long_emerging_no_break,28,20260844,fixed_nominal,long,emerging,False,2077539380.778228,583043492.6587988,1494495888.119429,0.28064136740474,0.6525198938992043,0.0291777188328912,835693945.6206794,390130644.5869427,445563301.0337367,2000000.0,5000000.0,2010,1.0,1.0,1.0,True,success,,0.2273540999958641
treaty_sensitivity,29,treaty_indexation_sensitivity,outputs/step29_treaty_indexation_sensitivity/final_50/results.csv,long_emerging_no_break,28,20260844,fully_indexed,long,emerging,False,2077539380.778228,333083274.6622542,1744456106.1159742,0.160325853624726,0.2891246684350133,0.0092838196286472,835693945.6206794,188001247.6117773,647692698.0089021,2000000.0,5000000.0,2010,1.0,1.8687743048810856,1.3566921173701358,True,success,,0.4513868000067305
treaty_sensitivity,29,treaty_indexation_sensitivity,outputs/step29_treaty_indexation_sensitivity/final_50/results.csv,long_emerging_no_break,29,20260845,fixed_nominal,long,emerging,False,1866534090.336434,550515762.2608331,1316018328.0756006,0.2949401058952024,0.6354166666666666,0.03125,745015080.9615617,381484844.30180925,363530236.6597524,2000000.0,5000000.0,2010,1.0,1.0,1.0,True,success,,0.2284982000055606
treaty_sensitivity,29,treaty_indexation_sensitivity,outputs/step29_treaty_indexation_sensitivity/final_50/results.csv,long_emerging_no_break,29,20260845,fully_indexed,long,emerging,False,1866534090.336434,323988050.70680726,1542546039.6296268,0.173577355154767,0.3318452380952381,0.0104166666666666,745015080.9615617,204548012.7825859,540467068.1789758,2000000.0,5000000.0,2010,1.0,1.8687743048810856,1.3566921173701358,True,success,,0.4514658999978564
treaty_sensitivity,29,treaty_indexation_sensitivity,outputs/step29_treaty_indexation_sensitivity/final_50/results.csv,long_emerging_no_break,30,20260846,fixed_nominal,long,emerging,False,1972488418.513266,545232483.1142071,1427255935.399059,0.2764185979480518,0.6838340486409156,0.0371959942775393,805568290.9158988,382295881.0432884,423272409.8726105,2000000.0,5000000.0,2010,1.0,1.0,1.0,True,success,,0.2250197999965166
treaty_sensitivity,29,treaty_indexation_sensitivity,outputs/step29_treaty_indexation_sensitivity/final_50/results.csv,long_emerging_no_break,30,20260846,fully_indexed,long,emerging,False,1972488418.513266,310935336.3947719,1661553082.1184945,0.1576360770874055,0.2861230329041488,0.0114449213161659,805568290.9158988,185913623.17373905,619654667.7421597,2000000.0,5000000.0,2010,1.0,1.8687743048810856,1.3566921173701358,True,success,,0.4445575999998254
treaty_sensitivity,29,treaty_indexation_sensitivity,outputs/step29_treaty_indexation_sensitivity/final_50/results.csv,long_emerging_no_break,31,20260847,fixed_nominal,long,emerging,False,2260881912.3407764,680848012.0208032,1580033900.3199725,0.3011426684005338,0.6697736351531292,0.0439414114513981,946591100.182494,445372841.25377375,501218258.9287202,2000000.0,5000000.0,2010,1.0,1.0,1.0,True,success,,0.2248249000040232
treaty_sensitivity,29,treaty_indexation_sensitivity,outputs/step29_treaty_indexation_sensitivity/final_50/results.csv,long_emerging_no_break,31,20260847,fully_indexed,long,emerging,False,2260881912.3407764,436996109.188791,1823885803.151985,0.1932856850256068,0.3249001331557923,0.0226364846870838,946591100.182494,246744105.00587696,699846995.1766171,2000000.0,5000000.0,2010,1.0,1.8687743048810856,1.3566921173701358,True,success,,0.4468225000018719
treaty_sensitivity,29,treaty_indexation_sensitivity,outputs/step29_treaty_indexation_sensitivity/final_50/results.csv,long_emerging_no_break,32,20260848,fixed_nominal,long,emerging,False,2173035880.10395,610383101.8779998,1562652778.2259502,0.2808895644414308,0.6320109439124487,0.0328317373461012,876628637.4508646,390768912.1781554,485859725.27270913,2000000.0,5000000.0,2010,1.0,1.0,1.0,True,success,,0.2275919000021531
treaty_sensitivity,29,treaty_indexation_sensitivity,outputs/step29_treaty_indexation_sensitivity/final_50/results.csv,long_emerging_no_break,32,20260848,fully_indexed,long,emerging,False,2173035880.10395,390228353.863185,1782807526.2407649,0.1795775014283325,0.307797537619699,0.0177838577291381,876628637.4508646,212525861.51860255,664102775.9322621,2000000.0,5000000.0,2010,1.0,1.8687743048810856,1.3566921173701358,True,success,,0.4469487999958801
treaty_sensitivity,29,treaty_indexation_sensitivity,outputs/step29_treaty_indexation_sensitivity/final_50/results.csv,long_emerging_no_break,33,20260849,fixed_nominal,long,emerging,False,2233172150.522836,650581550.2286642,1582590600.2941723,0.291326197165923,0.6526181353767561,0.0344827586206896,918942030.0526404,445550729.2321248,473391300.8205154,2000000.0,5000000.0,2010,1.0,1.0,1.0,True,success,,0.244693599997845
treaty_sensitivity,29,treaty_indexation_sensitivity,outputs/step29_treaty_indexation_sensitivity/final_50/results.csv,long_emerging_no_break,33,20260849,fully_indexed,long,emerging,False,2233172150.522836,402115421.720637,1831056728.8021996,0.1800646768886548,0.2950191570881226,0.0153256704980842,918942030.0526404,254383504.10537675,664558525.9472635,2000000.0,5000000.0,2010,1.0,1.8687743048810856,1.3566921173701358,True,success,,0.4633299999986775
treaty_sensitivity,29,treaty_indexation_sensitivity,outputs/step29_treaty_indexation_sensitivity/final_50/results.csv,long_emerging_no_break,34,20260850,fixed_nominal,long,emerging,False,2145888456.692292,647161868.0450168,1498726588.647275,0.3015822495464479,0.6666666666666666,0.0307898259705488,922671088.9591588,458783167.6076964,463887921.35146224,2000000.0,5000000.0,2010,1.0,1.0,1.0,True,success,,0.2262560000017401
treaty_sensitivity,29,treaty_indexation_sensitivity,outputs/step29_treaty_indexation_sensitivity/final_50/results.csv,long_emerging_no_break,34,20260850,fully_indexed,long,emerging,False,2145888456.692292,378648442.22805065,1767240014.464241,0.1764529936526643,0.3360107095046854,0.0120481927710843,922671088.9591588,235992756.2240449,686678332.7351139,2000000.0,5000000.0,2010,1.0,1.8687743048810856,1.3566921173701358,True,success,,0.4519459000002825
treaty_sensitivity,29,treaty_indexation_sensitivity,outputs/step29_treaty_indexation_sensitivity/final_50/results.csv,long_emerging_no_break,35,20260851,fixed_nominal,long,emerging,False,2095745556.4687123,622403789.4033775,1473341767.0653348,0.2969844251761721,0.6588397790055248,0.0303867403314917,875873501.33177,425364646.6460891,450508854.685681,2000000.0,5000000.0,2010,1.0,1.0,1.0,True,success,,0.2286515000014333
treaty_sensitivity,29,treaty_indexation_sensitivity,outputs/step29_treaty_indexation_sensitivity/final_50/results.csv,long_emerging_no_break,35,20260851,fully_indexed,long,emerging,False,2095745556.4687123,365251620.14265054,1730493936.3260615,0.1742824261348271,0.3176795580110497,0.0151933701657458,875873501.33177,220372527.2464733,655500974.0852968,2000000.0,5000000.0,2010,1.0,1.8687743048810856,1.3566921173701358,True,success,,0.458539599996584
treaty_sensitivity,29,treaty_indexation_sensitivity,outputs/step29_treaty_indexation_sensitivity/final_50/results.csv,long_emerging_no_break,36,20260852,fixed_nominal,long,emerging,False,1995222341.1097012,550947863.0206928,1444274478.0890083,0.2761335675072017,0.6302294197031039,0.0269905533063427,801034682.7797662,386555486.3745868,414479196.4051794,2000000.0,5000000.0,2010,1.0,1.0,1.0,True,success,,0.2268862999990233
treaty_sensitivity,29,treaty_indexation_sensitivity,outputs/step29_treaty_indexation_sensitivity/final_50/results.csv,long_emerging_no_break,36,20260852,fully_indexed,long,emerging,False,1995222341.1097012,304593815.0355519,1690628526.0741494,0.152661590019157,0.2807017543859649,0.0094466936572199,801034682.7797662,184285922.95594436,616748759.8238218,2000000.0,5000000.0,2010,1.0,1.8687743048810856,1.3566921173701358,True,success,,0.450818800003617
treaty_sensitivity,29,treaty_indexation_sensitivity,outputs/step29_treaty_indexation_sensitivity/final_50/results.csv,long_emerging_no_break,37,20260853,fixed_nominal,long,emerging,False,2032766030.88156,595518683.8831171,1437247346.9984424,0.2929597773851305,0.6397260273972603,0.0356164383561643,747082931.3936037,368065063.6776356,379017867.715968,2000000.0,5000000.0,2010,1.0,1.0,1.0,True,success,,0.2251328999991528
treaty_sensitivity,29,treaty_indexation_sensitivity,outputs/step29_treaty_indexation_sensitivity/final_50/results.csv,long_emerging_no_break,37,20260853,fully_indexed,long,emerging,False,2032766030.88156,372214555.6649336,1660551475.2166262,0.1831074260442622,0.3164383561643835,0.0123287671232876,747082931.3936037,183095065.4233068,563987865.9702966,2000000.0,5000000.0,2010,1.0,1.8687743048810856,1.3566921173701358,True,success,,0.4462321000028169
treaty_sensitivity,29,treaty_indexation_sensitivity,outputs/step29_treaty_indexation_sensitivity/final_50/results.csv,long_emerging_no_break,38,20260854,fixed_nominal,long,emerging,False,2113632401.7871685,604161656.3555036,1509470745.4316652,0.2858404592230221,0.6689373297002725,0.0354223433242506,879407324.6027644,406746810.9691389,472660513.6336255,2000000.0,5000000.0,2010,1.0,1.0,1.0,True,success,,0.2249683000045479
treaty_sensitivity,29,treaty_indexation_sensitivity,outputs/step29_treaty_indexation_sensitivity/final_50/results.csv,long_emerging_no_break,38,20260854,fully_indexed,long,emerging,False,2113632401.7871685,366353866.6702053,1747278535.1169634,0.1733290360047646,0.2942779291553133,0.0136239782016348,879407324.6027644,218966835.09391516,660440489.5088491,2000000.0,5000000.0,2010,1.0,1.8687743048810856,1.3566921173701358,True,success,,0.4465602999989642
treaty_sensitivity,29,treaty_indexation_sensitivity,outputs/step29_treaty_indexation_sensitivity/final_50/results.csv,long_emerging_no_break,39,20260855,fixed_nominal,long,emerging,False,2206447283.3151174,623991518.5404327,1582455764.774685,0.2828037285363578,0.6404199475065617,0.0236220472440944,942266835.8988372,445548978.2166198,496717857.6822173,2000000.0,5000000.0,2010,1.0,1.0,1.0,True,success,,0.2275607000046875
treaty_sensitivity,29,treaty_indexation_sensitivity,outputs/step29_treaty_indexation_sensitivity/final_50/results.csv,long_emerging_no_break,39,20260855,fully_indexed,long,emerging,False,2206447283.3151174,353966950.8318523,1852480332.4832647,0.1604239328573616,0.3018372703412073,0.0144356955380577,942266835.8988372,220628345.4754419,721638490.4233952,2000000.0,5000000.0,2010,1.0,1.8687743048810856,1.3566921173701358,True,success,,0.5132147999975132
treaty_sensitivity,29,treaty_indexation_sensitivity,outputs/step29_treaty_indexation_sensitivity/final_50/results.csv,long_emerging_no_break,40,20260856,fixed_nominal,long,emerging,False,2203307880.693128,596907150.5758696,1606400730.1172583,0.2709140904938312,0.6433378196500673,0.0376850605652759,804105976.2744855,366223212.8383131,437882763.4361724,2000000.0,5000000.0,2010,1.0,1.0,1.0,True,success,,0.2283328999983496
treaty_sensitivity,29,treaty_indexation_sensitivity,outputs/step29_treaty_indexation_sensitivity/final_50/results.csv,long_emerging_no_break,40,20260856,fully_indexed,long,emerging,False,2203307880.693128,375037430.67435855,1828270450.0187693,0.1702156262230485,0.3216689098250336,0.0228802153432032,804105976.2744855,188683008.76188177,615422967.5126038,2000000.0,5000000.0,2010,1.0,1.8687743048810856,1.3566921173701358,True,success,,0.4511169000033987
treaty_sensitivity,29,treaty_indexation_sensitivity,outputs/step29_treaty_indexation_sensitivity/final_50/results.csv,long_emerging_no_break,41,20260857,fixed_nominal,long,emerging,False,2073955434.301361,626334291.345423,1447621142.9559386,0.3019998795472728,0.6824966078697422,0.0244233378561736,865137455.8668486,424695016.0459148,440442439.82093394,2000000.0,5000000.0,2010,1.0,1.0,1.0,True,success,,0.2268454000004567
treaty_sensitivity,29,treaty_indexation_sensitivity,outputs/step29_treaty_indexation_sensitivity/final_50/results.csv,long_emerging_no_break,41,20260857,fully_indexed,long,emerging,False,2073955434.301361,345052415.12061155,1728903019.18075,0.1663740741067789,0.3080054274084124,0.0122116689280868,865137455.8668486,195176630.2571133,669960825.6097353,2000000.0,5000000.0,2010,1.0,1.8687743048810856,1.3566921173701358,True,success,,0.4497381000037421
treaty_sensitivity,29,treaty_indexation_sensitivity,outputs/step29_treaty_indexation_sensitivity/final_50/results.csv,long_emerging_no_break,42,20260858,fixed_nominal,long,emerging,False,2273457418.936456,702385624.721889,1571071794.2145674,0.3089504201272752,0.686382393397524,0.0508940852819807,986247475.7602296,474560924.9910196,511686550.7692101,2000000.0,5000000.0,2010,1.0,1.0,1.0,True,success,,0.2243351999932201
treaty_sensitivity,29,treaty_indexation_sensitivity,outputs/step29_treaty_indexation_sensitivity/final_50/results.csv,long_emerging_no_break,42,20260858,fully_indexed,long,emerging,False,2273457418.936456,446243630.0825816,1827213788.8538747,0.1962841381438049,0.3493810178817056,0.0192572214580467,986247475.7602296,269232010.1425532,717015465.6176765,2000000.0,5000000.0,2010,1.0,1.8687743048810856,1.3566921173701358,True,success,,0.4519390999994357
treaty_sensitivity,29,treaty_indexation_sensitivity,outputs/step29_treaty_indexation_sensitivity/final_50/results.csv,long_emerging_no_break,43,20260859,fixed_nominal,long,emerging,False,2141429864.3891928,667432220.7026684,1473997643.6865244,0.3116759655787477,0.663923182441701,0.0329218106995884,918916423.9708108,474862628.7575,444053795.2133107,2000000.0,5000000.0,2010,1.0,1.0,1.0,True,success,,0.2273223999945912
treaty_sensitivity,29,treaty_indexation_sensitivity,outputs/step29_treaty_indexation_sensitivity/final_50/results.csv,long_emerging_no_break,43,20260859,fully_indexed,long,emerging,False,2141429864.3891928,388685575.0136667,1752744289.3755264,0.1815074971528581,0.3388203017832647,0.0137174211248285,918916423.9708108,243671628.6807779,675244795.2900327,2000000.0,5000000.0,2010,1.0,1.8687743048810856,1.3566921173701358,True,success,,0.4471020000055432
treaty_sensitivity,29,treaty_indexation_sensitivity,outputs/step29_treaty_indexation_sensitivity/final_50/results.csv,long_emerging_no_break,44,20260860,fixed_nominal,long,emerging,False,2228351261.9525504,671691804.211221,1556659457.7413292,0.3014299476388044,0.6803594351732991,0.0346598202824133,994076102.3980608,493819589.1652581,500256513.2328027,2000000.0,5000000.0,2010,1.0,1.0,1.0,True,success,,0.2269820000001345
treaty_sensitivity,29,treaty_indexation_sensitivity,outputs/step29_treaty_indexation_sensitivity/final_50/results.csv,long_emerging_no_break,44,20260860,fully_indexed,long,emerging,False,2228351261.9525504,388288593.0477973,1840062668.9047525,0.1742492755417594,0.3132220795892169,0.0077021822849807,994076102.3980608,255469618.31987125,738606484.0781896,2000000.0,5000000.0,2010,1.0,1.8687743048810856,1.3566921173701358,True,success,,0.4522801999992225
treaty_sensitivity,29,treaty_indexation_sensitivity,outputs/step29_treaty_indexation_sensitivity/final_50/results.csv,long_emerging_no_break,45,20260861,fixed_nominal,long,emerging,False,2272093853.304897,691879228.0059993,1580214625.2988973,0.3045117291258103,0.6737967914438503,0.0374331550802139,892605780.5206447,438947693.5502548,453658086.9703899,2000000.0,5000000.0,2010,1.0,1.0,1.0,True,success,,0.2987022000015713
treaty_sensitivity,29,treaty_indexation_sensitivity,outputs/step29_treaty_indexation_sensitivity/final_50/results.csv,long_emerging_no_break,45,20260861,fully_indexed,long,emerging,False,2272093853.304897,443670002.47773457,1828423850.8271625,0.1952692235104592,0.356951871657754,0.0147058823529411,892605780.5206447,241695229.2643003,650910551.2563443,2000000.0,5000000.0,2010,1.0,1.8687743048810856,1.3566921173701358,True,success,,0.4534442000003764
treaty_sensitivity,29,treaty_indexation_sensitivity,outputs/step29_treaty_indexation_sensitivity/final_50/results.csv,long_emerging_no_break,46,20260862,fixed_nominal,long,emerging,False,2220142192.0183578,659854256.9018555,1560287935.1165023,0.2972126106490387,0.6545454545454545,0.0324675324675324,910365707.200665,453784607.42143095,456581099.7792342,2000000.0,5000000.0,2010,1.0,1.0,1.0,True,success,,0.2274907000028179
treaty_sensitivity,29,treaty_indexation_sensitivity,outputs/step29_treaty_indexation_sensitivity/final_50/results.csv,long_emerging_no_break,46,20260862,fully_indexed,long,emerging,False,2220142192.0183578,398336717.6464496,1821805474.371908,0.179419461995953,0.348051948051948,0.0116883116883116,910365707.200665,248389697.75407684,661976009.4465883,2000000.0,5000000.0,2010,1.0,1.8687743048810856,1.3566921173701358,True,success,,0.4523131000023568
treaty_sensitivity,29,treaty_indexation_sensitivity,outputs/step29_treaty_indexation_sensitivity/final_50/results.csv,long_emerging_no_break,47,20260863,fixed_nominal,long,emerging,False,2115427637.271873,613310878.2124479,1502116759.0594249,0.2899228824500914,0.646112600536193,0.0254691689008042,830501611.0156143,399791703.5359768,430709907.4796377,2000000.0,5000000.0,2010,1.0,1.0,1.0,True,success,,0.2350455000050715
treaty_sensitivity,29,treaty_indexation_sensitivity,outputs/step29_treaty_indexation_sensitivity/final_50/results.csv,long_emerging_no_break,47,20260863,fully_indexed,long,emerging,False,2115427637.271873,349735944.8559596,1765691692.415913,0.1653263570419222,0.3109919571045576,0.0134048257372654,830501611.0156143,185571785.9209519,644929825.0946624,2000000.0,5000000.0,2010,1.0,1.8687743048810856,1.3566921173701358,True,success,,0.4648985000021639
treaty_sensitivity,29,treaty_indexation_sensitivity,outputs/step29_treaty_indexation_sensitivity/final_50/results.csv,long_emerging_no_break,48,20260864,fixed_nominal,long,emerging,False,2024104134.947673,616289013.0334772,1407815121.9141958,0.304474953829097,0.635077793493635,0.0339462517680339,845387332.416242,419090658.56936455,426296673.8468773,2000000.0,5000000.0,2010,1.0,1.0,1.0,True,success,,0.2249305000004824
treaty_sensitivity,29,treaty_indexation_sensitivity,outputs/step29_treaty_indexation_sensitivity/final_50/results.csv,long_emerging_no_break,48,20260864,fully_indexed,long,emerging,False,2024104134.947673,372947837.3308881,1651156297.616785,0.1842532856346985,0.3196605374823196,0.0127298444130127,845387332.416242,216152169.91579705,629235162.5004449,2000000.0,5000000.0,2010,1.0,1.8687743048810856,1.3566921173701358,True,success,,0.4452734000005875
treaty_sensitivity,29,treaty_indexation_sensitivity,outputs/step29_treaty_indexation_sensitivity/final_50/results.csv,long_emerging_no_break,49,20260865,fixed_nominal,long,emerging,False,2037183241.8979197,602157727.6568118,1435025514.2411077,0.2955834876669308,0.6568627450980392,0.0322128851540616,793650608.2937913,393826467.8881044,399824140.40568703,2000000.0,5000000.0,2010,1.0,1.0,1.0,True,success,,0.2298420000006444
treaty_sensitivity,29,treaty_indexation_sensitivity,outputs/step29_treaty_indexation_sensitivity/final_50/results.csv,long_emerging_no_break,49,20260865,fully_indexed,long,emerging,False,2037183241.8979197,366278295.68902975,1670904946.2088895,0.179796440573402,0.3319327731092437,0.0098039215686274,793650608.2937913,211879254.28095183,581771354.0128396,2000000.0,5000000.0,2010,1.0,1.8687743048810856,1.3566921173701358,True,success,,0.4548065999988466
treaty_sensitivity,29,treaty_indexation_sensitivity,outputs/step29_treaty_indexation_sensitivity/final_50/results.csv,long_emerging_no_break,50,20260866,fixed_nominal,long,emerging,False,2143254665.8289976,629455005.800605,1513799660.0283926,0.2936911865100901,0.6602475928473177,0.0481430536451169,908619372.1816502,438703459.59901375,469915912.5826364,2000000.0,5000000.0,2010,1.0,1.0,1.0,True,success,,0.2282309000001987
treaty_sensitivity,29,treaty_indexation_sensitivity,outputs/step29_treaty_indexation_sensitivity/final_50/results.csv,long_emerging_no_break,50,20260866,fully_indexed,long,emerging,False,2143254665.8289976,397835619.0480472,1745419046.7809503,0.185622187316768,0.3314993122420908,0.0137551581843191,908619372.1816502,256659535.90102464,651959836.2806256,2000000.0,5000000.0,2010,1.0,1.8687743048810856,1.3566921173701358,True,success,,0.4555393999980879
treaty_sensitivity,29,treaty_indexation_sensitivity,outputs/step29_treaty_indexation_sensitivity/final_50/results.csv,long_shock_break,1,20260817,fixed_nominal,long,shock,True,1997971674.6258776,574367052.6705806,1423604621.9552977,0.2874750728276122,0.6341463414634146,0.0358680057388809,776649688.4045899,379285494.5832111,397364193.82137895,2000000.0,5000000.0,2010,1.0,1.0,1.0,True,success,,0.2238330000036512
treaty_sensitivity,29,treaty_indexation_sensitivity,outputs/step29_treaty_indexation_sensitivity/final_50/results.csv,long_shock_break,1,20260817,fully_indexed,long,shock,True,1997971674.6258776,328542837.5939127,1669428837.0319655,0.1644381858693931,0.2783357245337159,0.0157819225251076,776649688.4045899,196558813.4162731,580090874.9883169,2000000.0,5000000.0,2010,1.0,2.049065453554199,1.3753643371958135,True,success,,0.4463858000017353
treaty_sensitivity,29,treaty_indexation_sensitivity,outputs/step29_treaty_indexation_sensitivity/final_50/results.csv,long_shock_break,2,20260818,fixed_nominal,long,shock,True,2119029650.064868,635006892.4868515,1484022757.5780168,0.2996687150967484,0.6455525606469003,0.036388140161725,751561324.2684755,410910544.1490244,340650780.11945105,2000000.0,5000000.0,2010,1.0,1.0,1.0,True,success,,0.226942000001145
treaty_sensitivity,29,treaty_indexation_sensitivity,outputs/step29_treaty_indexation_sensitivity/final_50/results.csv,long_shock_break,2,20260818,fully_indexed,long,shock,True,2119029650.064868,366869791.0633199,1752159859.0015483,0.1731310324289653,0.3113207547169811,0.0121293800539083,751561324.2684755,206265546.4742914,545295777.7941841,2000000.0,5000000.0,2010,1.0,2.049065453554199,1.3753643371958135,True,success,,0.4478465000065625
treaty_sensitivity,29,treaty_indexation_sensitivity,outputs/step29_treaty_indexation_sensitivity/final_50/results.csv,long_shock_break,3,20260819,fixed_nominal,long,shock,True,2153746010.6425366,685213116.9998479,1468532893.642689,0.3181494538417857,0.6484687083888149,0.0372836218375499,689230652.0957656,394227884.4940707,295002767.60169494,2000000.0,5000000.0,2010,1.0,1.0,1.0,True,success,,0.2268678000036743
treaty_sensitivity,29,treaty_indexation_sensitivity,outputs/step29_treaty_indexation_sensitivity/final_50/results.csv,long_shock_break,3,20260819,fully_indexed,long,shock,True,2153746010.6425366,397979014.0766725,1755766996.5658646,0.18478456239041,0.3342210386151797,0.0093209054593874,689230652.0957656,180308381.50402892,508922270.5917367,2000000.0,5000000.0,2010,1.0,2.049065453554199,1.3753643371958135,True,success,,0.4562055000060354
treaty_sensitivity,29,treaty_indexation_sensitivity,outputs/step29_treaty_indexation_sensitivity/final_50/results.csv,long_shock_break,4,20260820,fixed_nominal,long,shock,True,2020835026.6804311,566170331.5940944,1454664695.0863366,0.2801665272618153,0.6456043956043956,0.0288461538461538,717712792.2217093,363312484.70784414,354400307.5138651,2000000.0,5000000.0,2010,1.0,1.0,1.0,True,success,,0.2253641999996034
treaty_sensitivity,29,treaty_indexation_sensitivity,outputs/step29_treaty_indexation_sensitivity/final_50/results.csv,long_shock_break,4,20260820,fully_indexed,long,shock,True,2020835026.6804311,299404863.12181616,1721430163.5586152,0.1481589833751249,0.2994505494505494,0.0096153846153846,717712792.2217093,163866180.66733924,553846611.5543699,2000000.0,5000000.0,2010,1.0,2.049065453554199,1.3753643371958135,True,success,,0.4503163999979733
treaty_sensitivity,29,treaty_indexation_sensitivity,outputs/step29_treaty_indexation_sensitivity/final_50/results.csv,long_shock_break,5,20260821,fixed_nominal,long,shock,True,2145344049.436604,635139456.4403583,1510204592.996246,0.2960548246828542,0.6377204884667571,0.0339213025780189,681358143.6880698,359919568.68550766,321438575.0025623,2000000.0,5000000.0,2010,1.0,1.0,1.0,True,success,,0.2252664999978151
treaty_sensitivity,29,treaty_indexation_sensitivity,outputs/step29_treaty_indexation_sensitivity/final_50/results.csv,long_shock_break,5,20260821,fully_indexed,long,shock,True,2145344049.436604,368844765.71476233,1776499283.7218418,0.171928025162969,0.3324287652645861,0.0162822252374491,681358143.6880698,157911043.99124926,523447099.6968206,2000000.0,5000000.0,2010,1.0,2.049065453554199,1.3753643371958135,True,success,,0.4463440000035916
treaty_sensitivity,29,treaty_indexation_sensitivity,outputs/step29_treaty_indexation_sensitivity/final_50/results.csv,long_shock_break,6,20260822,fixed_nominal,long,shock,True,2114436626.477242,573118048.8402137,1541318577.6370285,0.2710500005833975,0.640268456375839,0.0281879194630872,709299075.0873535,363923938.1663605,345375136.9209931,2000000.0,5000000.0,2010,1.0,1.0,1.0,True,success,,0.2271467999962624
treaty_sensitivity,29,treaty_indexation_sensitivity,outputs/step29_treaty_indexation_sensitivity/final_50/results.csv,long_shock_break,6,20260822,fully_indexed,long,shock,True,2114436626.477242,313036432.50538456,1801400193.9718575,0.1480472049081551,0.287248322147651,0.0147651006711409,709299075.0873535,159804351.83441907,549494723.2529345,2000000.0,5000000.0,2010,1.0,2.049065453554199,1.3753643371958135,True,success,,0.4521997000047122
treaty_sensitivity,29,treaty_indexation_sensitivity,outputs/step29_treaty_indexation_sensitivity/final_50/results.csv,long_shock_break,7,20260823,fixed_nominal,long,shock,True,2011190668.9778824,583144758.3766874,1428045910.6011946,0.2899500118867648,0.6386913229018493,0.0241820768136557,695144327.9768064,373454165.2832909,321690162.69351554,2000000.0,5000000.0,2010,1.0,1.0,1.0,True,success,,0.2269478000016533
treaty_sensitivity,29,treaty_indexation_sensitivity,outputs/step29_treaty_indexation_sensitivity/final_50/results.csv,long_shock_break,7,20260823,fully_indexed,long,shock,True,2011190668.9778824,318363904.21382326,1692826764.764059,0.1582962317419763,0.3086770981507823,0.0071123755334281,695144327.9768064,168755192.36249635,526389135.6143101,2000000.0,5000000.0,2010,1.0,2.049065453554199,1.3753643371958135,True,success,,0.4483505000025616
treaty_sensitivity,29,treaty_indexation_sensitivity,outputs/step29_treaty_indexation_sensitivity/final_50/results.csv,long_shock_break,8,20260824,fixed_nominal,long,shock,True,2299384662.4478354,704944570.2647775,1594440092.1830585,0.3065796609751763,0.6700507614213198,0.032994923857868,805124636.3642867,430098532.3937574,375026103.97052926,2000000.0,5000000.0,2010,1.0,1.0,1.0,True,success,,0.2283571000007214
treaty_sensitivity,29,treaty_indexation_sensitivity,outputs/step29_treaty_indexation_sensitivity/final_50/results.csv,long_shock_break,8,20260824,fully_indexed,long,shock,True,2299384662.4478354,403368103.7080306,1896016558.7398047,0.1754243690912596,0.33248730964467,0.0088832487309644,805124636.3642867,202824791.73903108,602299844.6252556,2000000.0,5000000.0,2010,1.0,2.049065453554199,1.3753643371958135,True,success,,0.4490598999982467
treaty_sensitivity,29,treaty_indexation_sensitivity,outputs/step29_treaty_indexation_sensitivity/final_50/results.csv,long_shock_break,9,20260825,fixed_nominal,long,shock,True,2097059362.660221,643173766.9841188,1453885595.6761024,0.3067026992350954,0.6554054054054054,0.0324324324324324,755907880.0472257,411775479.85434985,344132400.192876,2000000.0,5000000.0,2010,1.0,1.0,1.0,True,success,,0.2269613000025856
treaty_sensitivity,29,treaty_indexation_sensitivity,outputs/step29_treaty_indexation_sensitivity/final_50/results.csv,long_shock_break,9,20260825,fully_indexed,long,shock,True,2097059362.660221,359616258.4798773,1737443104.1803436,0.1714859697742112,0.3297297297297297,0.0094594594594594,755907880.0472257,190909188.3699088,564998691.6773169,2000000.0,5000000.0,2010,1.0,2.049065453554199,1.3753643371958135,True,success,,0.4500447999962489
treaty_sensitivity,29,treaty_indexation_sensitivity,outputs/step29_treaty_indexation_sensitivity/final_50/results.csv,long_shock_break,10,20260826,fixed_nominal,long,shock,True,2351215811.4271545,670286031.9141219,1680929779.5130324,0.2850806075122759,0.6439393939393939,0.0416666666666666,847363480.4536365,419800063.420129,427563417.0335077,2000000.0,5000000.0,2010,1.0,1.0,1.0,True,success,,0.2515274999968824
treaty_sensitivity,29,treaty_indexation_sensitivity,outputs/step29_treaty_indexation_sensitivity/final_50/results.csv,long_shock_break,10,20260826,fully_indexed,long,shock,True,2351215811.4271545,403561057.8237361,1947654753.6034184,0.1716393092724143,0.3106060606060606,0.0151515151515151,847363480.4536365,220806234.01618463,626557246.437452,2000000.0,5000000.0,2010,1.0,2.049065453554199,1.3753643371958135,True,success,,0.450001199998951
treaty_sensitivity,29,treaty_indexation_sensitivity,outputs/step29_treaty_indexation_sensitivity/final_50/results.csv,long_shock_break,11,20260827,fixed_nominal,long,shock,True,2121924300.379859,652964175.3338894,1468960125.0459695,0.3077226530734381,0.646896551724138,0.0413793103448275,772277757.1219687,424758999.50438994,347518757.61757886,2000000.0,5000000.0,2010,1.0,1.0,1.0,True,success,,0.2249841999946511
treaty_sensitivity,29,treaty_indexation_sensitivity,outputs/step29_treaty_indexation_sensitivity/final_50/results.csv,long_shock_break,11,20260827,fully_indexed,long,shock,True,2121924300.379859,375424604.1118412,1746499696.2680178,0.1769264832136726,0.3172413793103448,0.0151724137931034,772277757.1219687,203909713.33793336,568368043.7840354,2000000.0,5000000.0,2010,1.0,2.049065453554199,1.3753643371958135,True,success,,0.4432937000019592
treaty_sensitivity,29,treaty_indexation_sensitivity,outputs/step29_treaty_indexation_sensitivity/final_50/results.csv,long_shock_break,12,20260828,fixed_nominal,long,shock,True,2134932077.4504092,646554866.9333825,1488377210.5170264,0.3028456379303246,0.6342780026990553,0.0350877192982456,750017185.8934898,396764543.5095545,353252642.38393533,2000000.0,5000000.0,2010,1.0,1.0,1.0,True,success,,0.2274404999989201
treaty_sensitivity,29,treaty_indexation_sensitivity,outputs/step29_treaty_indexation_sensitivity/final_50/results.csv,long_shock_break,12,20260828,fully_indexed,long,shock,True,2134932077.4504092,388710684.68450046,1746221392.7659087,0.1820716868654242,0.330634278002699,0.0094466936572199,750017185.8934898,217168105.67054757,532849080.2229422,2000000.0,5000000.0,2010,1.0,2.049065453554199,1.3753643371958135,True,success,,0.4497195000003557
treaty_sensitivity,29,treaty_indexation_sensitivity,outputs/step29_treaty_indexation_sensitivity/final_50/results.csv,long_shock_break,13,20260829,fixed_nominal,long,shock,True,2276718575.536633,671990979.1496208,1604727596.387013,0.2951576828028599,0.6541353383458647,0.0388471177944862,758960478.834156,413741968.298162,345218510.5359941,2000000.0,5000000.0,2010,1.0,1.0,1.0,True,success,,0.2276520000013988
treaty_sensitivity,29,treaty_indexation_sensitivity,outputs/step29_treaty_indexation_sensitivity/final_50/results.csv,long_shock_break,13,20260829,fully_indexed,long,shock,True,2276718575.536633,385669590.9131288,1891048984.623505,0.1693971292970298,0.3070175438596491,0.012531328320802,758960478.834156,201069901.7227376,557890577.1114185,2000000.0,5000000.0,2010,1.0,2.049065453554199,1.3753643371958135,True,success,,0.449656100005086
treaty_sensitivity,29,treaty_indexation_sensitivity,outputs/step29_treaty_indexation_sensitivity/final_50/results.csv,long_shock_break,14,20260830,fixed_nominal,long,shock,True,2093612034.2118683,619737861.5537978,1473874172.65807,0.2960137080923379,0.6527027027027027,0.031081081081081,717178006.5086138,379043855.0887311,338134151.4198826,2000000.0,5000000.0,2010,1.0,1.0,1.0,True,success,,0.2278600999998161
treaty_sensitivity,29,treaty_indexation_sensitivity,outputs/step29_treaty_indexation_sensitivity/final_50/results.csv,long_shock_break,14,20260830,fully_indexed,long,shock,True,2093612034.2118683,357231277.5459189,1736380756.665949,0.170629167060743,0.2945945945945946,0.0081081081081081,717178006.5086138,197428698.7147891,519749307.7938246,2000000.0,5000000.0,2010,1.0,2.049065453554199,1.3753643371958135,True,success,,0.4542842000009841
treaty_sensitivity,29,treaty_indexation_sensitivity,outputs/step29_treaty_indexation_sensitivity/final_50/results.csv,long_shock_break,15,20260831,fixed_nominal,long,shock,True,2300449780.488496,712951616.0964262,1587498164.3920696,0.3099183568984637,0.6805929919137467,0.0431266846361186,810702410.0336541,401332616.19657946,409369793.8370746,2000000.0,5000000.0,2010,1.0,1.0,1.0,True,success,,0.226575499997125
treaty_sensitivity,29,treaty_indexation_sensitivity,outputs/step29_treaty_indexation_sensitivity/final_50/results.csv,long_shock_break,15,20260831,fully_indexed,long,shock,True,2300449780.488496,443589155.4119512,1856860625.0765443,0.1928271415330596,0.3194070080862534,0.0188679245283018,810702410.0336541,207546902.8488876,603155507.1847665,2000000.0,5000000.0,2010,1.0,2.049065453554199,1.3753643371958135,True,success,,0.4476743000050192
treaty_sensitivity,29,treaty_indexation_sensitivity,outputs/step29_treaty_indexation_sensitivity/final_50/results.csv,long_shock_break,16,20260832,fixed_nominal,long,shock,True,2283542350.2816577,667429970.0300668,1616112380.2515905,0.2922783411254643,0.6431372549019608,0.0352941176470588,756180251.1935749,390841016.9025936,365339234.2909812,2000000.0,5000000.0,2010,1.0,1.0,1.0,True,success,,0.2269051999974181
treaty_sensitivity,29,treaty_indexation_sensitivity,outputs/step29_treaty_indexation_sensitivity/final_50/results.csv,long_shock_break,16,20260832,fully_indexed,long,shock,True,2283542350.2816577,404198097.9010726,1879344252.3805847,0.1770048617014779,0.3202614379084967,0.0130718954248366,756180251.1935749,192471047.78129223,563709203.4122827,2000000.0,5000000.0,2010,1.0,2.049065453554199,1.3753643371958135,True,success,,0.451646499997878
treaty_sensitivity,29,treaty_indexation_sensitivity,outputs/step29_treaty_indexation_sensitivity/final_50/results.csv,long_shock_break,17,20260833,fixed_nominal,long,shock,True,2071512533.7388003,581849675.1293278,1489662858.6094725,0.2808815614932185,0.6433378196500673,0.02557200538358,782936779.6048995,393029957.3509383,389906822.25396127,2000000.0,5000000.0,2010,1.0,1.0,1.0,True,success,,0.2300439999962691
treaty_sensitivity,29,treaty_indexation_sensitivity,outputs/step29_treaty_indexation_sensitivity/final_50/results.csv,long_shock_break,17,20260833,fully_indexed,long,shock,True,2071512533.7388003,311442009.42916983,1760070524.3096304,0.1503452208744588,0.3082099596231494,0.0094212651413189,782936779.6048995,179060274.57827273,603876505.0266268,2000000.0,5000000.0,2010,1.0,2.049065453554199,1.3753643371958135,True,success,,0.4542408000052091
treaty_sensitivity,29,treaty_indexation_sensitivity,outputs/step29_treaty_indexation_sensitivity/final_50/results.csv,long_shock_break,18,20260834,fixed_nominal,long,shock,True,2092583054.3045511,644353334.9305665,1448229719.3739843,0.3079224662577184,0.6740331491712708,0.0317679558011049,712088571.4194571,384461423.0993128,327627148.3201442,2000000.0,5000000.0,2010,1.0,1.0,1.0,True,success,,0.2261624000020674
treaty_sensitivity,29,treaty_indexation_sensitivity,outputs/step29_treaty_indexation_sensitivity/final_50/results.csv,long_shock_break,18,20260834,fully_indexed,long,shock,True,2092583054.3045511,381577388.4244126,1711005665.8801386,0.1823475477541922,0.3301104972375691,0.0124309392265193,712088571.4194571,183944078.5798013,528144492.8396557,2000000.0,5000000.0,2010,1.0,2.049065453554199,1.3753643371958135,True,success,,0.4812654000052134
treaty_sensitivity,29,treaty_indexation_sensitivity,outputs/step29_treaty_indexation_sensitivity/final_50/results.csv,long_shock_break,19,20260835,fixed_nominal,long,shock,True,2313312477.9638715,723847424.9442884,1589465053.0195832,0.3129051660074057,0.6547029702970297,0.0321782178217821,774398830.4839265,434770527.391416,339628303.0925107,2000000.0,5000000.0,2010,1.0,1.0,1.0,True,success,,0.2303173999971477
treaty_sensitivity,29,treaty_indexation_sensitivity,outputs/step29_treaty_indexation_sensitivity/final_50/results.csv,long_shock_break,19,20260835,fully_indexed,long,shock,True,2313312477.9638715,408260006.5438615,1905052471.42001,0.1764828618843586,0.3378712871287129,0.0099009900990099,774398830.4839265,210636439.0394602,563762391.4444664,2000000.0,5000000.0,2010,1.0,2.049065453554199,1.3753643371958135,True,success,,0.4883855000007315
treaty_sensitivity,29,treaty_indexation_sensitivity,outputs/step29_treaty_indexation_sensitivity/final_50/results.csv,long_shock_break,20,20260836,fixed_nominal,long,shock,True,2236900833.4627624,667227395.9045078,1569673437.5582542,0.2982820632560755,0.6623207301173403,0.0338983050847457,825456703.9981307,416751535.2918438,408705168.7062869,2000000.0,5000000.0,2010,1.0,1.0,1.0,True,success,,0.2280778999993344
treaty_sensitivity,29,treaty_indexation_sensitivity,outputs/step29_treaty_indexation_sensitivity/final_50/results.csv,long_shock_break,20,20260836,fully_indexed,long,shock,True,2236900833.4627624,386790098.1702584,1850110735.2925036,0.1729133864068084,0.3142112125162972,0.0091264667535853,825456703.9981307,217737566.3763345,607719137.6217961,2000000.0,5000000.0,2010,1.0,2.049065453554199,1.3753643371958135,True,success,,0.4560884000020451
treaty_sensitivity,29,treaty_indexation_sensitivity,outputs/step29_treaty_indexation_sensitivity/final_50/results.csv,long_shock_break,21,20260837,fixed_nominal,long,shock,True,2149007547.7670817,608586572.969449,1540420974.797633,0.2831942463868024,0.637203166226913,0.025065963060686,754509359.2499065,386948735.9032155,367560623.3466911,2000000.0,5000000.0,2010,1.0,1.0,1.0,True,success,,0.239093900003354
treaty_sensitivity,29,treaty_indexation_sensitivity,outputs/step29_treaty_indexation_sensitivity/final_50/results.csv,long_shock_break,21,20260837,fully_indexed,long,shock,True,2149007547.7670817,332069505.83712626,1816938041.9299555,0.1545222613025076,0.2810026385224274,0.0145118733509234,754509359.2499065,169220123.3947669,585289235.8551396,2000000.0,5000000.0,2010,1.0,2.049065453554199,1.3753643371958135,True,success,,0.4492596999989473
treaty_sensitivity,29,treaty_indexation_sensitivity,outputs/step29_treaty_indexation_sensitivity/final_50/results.csv,long_shock_break,22,20260838,fixed_nominal,long,shock,True,2056657691.8437996,623978460.0059432,1432679231.8378563,0.3033944163292165,0.6366120218579235,0.0327868852459016,721453584.8393507,391323534.8021613,330130050.0371893,2000000.0,5000000.0,2010,1.0,1.0,1.0,True,success,,0.2659638000041013
treaty_sensitivity,29,treaty_indexation_sensitivity,outputs/step29_treaty_indexation_sensitivity/final_50/results.csv,long_shock_break,22,20260838,fully_indexed,long,shock,True,2056657691.8437996,350873497.88431984,1705784193.9594798,0.1706037418262641,0.3210382513661202,0.0109289617486338,721453584.8393507,179765431.75705487,541688153.0822959,2000000.0,5000000.0,2010,1.0,2.049065453554199,1.3753643371958135,True,success,,0.4503954000028898
treaty_sensitivity,29,treaty_indexation_sensitivity,outputs/step29_treaty_indexation_sensitivity/final_50/results.csv,long_shock_break,23,20260839,fixed_nominal,long,shock,True,2166425642.19968,674667952.6472288,1491757689.5524511,0.311419851900481,0.66484268125855,0.0341997264021887,827996734.5778254,447552612.8081651,380444121.7696602,2000000.0,5000000.0,2010,1.0,1.0,1.0,True,success,,0.2267132999986643
treaty_sensitivity,29,treaty_indexation_sensitivity,outputs/step29_treaty_indexation_sensitivity/final_50/results.csv,long_shock_break,23,20260839,fully_indexed,long,shock,True,2166425642.19968,404154504.21631616,1762271137.983364,0.1865536007069958,0.3283173734610123,0.0177838577291381,827996734.5778254,251435097.268049,576561637.3097765,2000000.0,5000000.0,2010,1.0,2.049065453554199,1.3753643371958135,True,success,,0.4522154000005685
treaty_sensitivity,29,treaty_indexation_sensitivity,outputs/step29_treaty_indexation_sensitivity/final_50/results.csv,long_shock_break,24,20260840,fixed_nominal,long,shock,True,2381833607.751938,691917600.9150207,1689916006.836918,0.2904978746891047,0.6649746192893401,0.0355329949238578,782093251.8954546,397126306.2678751,384966945.6275796,2000000.0,5000000.0,2010,1.0,1.0,1.0,True,success,,0.2272884999983944
treaty_sensitivity,29,treaty_indexation_sensitivity,outputs/step29_treaty_indexation_sensitivity/final_50/results.csv,long_shock_break,24,20260840,fully_indexed,long,shock,True,2381833607.751938,410286371.4469458,1971547236.304993,0.1722565212412924,0.3274111675126903,0.0203045685279187,782093251.8954546,191995240.2420616,590098011.653393,2000000.0,5000000.0,2010,1.0,2.049065453554199,1.3753643371958135,True,success,,0.446962900001381
treaty_sensitivity,29,treaty_indexation_sensitivity,outputs/step29_treaty_indexation_sensitivity/final_50/results.csv,long_shock_break,25,20260841,fixed_nominal,long,shock,True,2317688710.1940675,725599481.8453677,1592089228.3487,0.3130702922501663,0.678477690288714,0.0406824146981627,877767581.9124196,441627230.3788016,436140351.53361785,2000000.0,5000000.0,2010,1.0,1.0,1.0,True,success,,0.2448594999950728
treaty_sensitivity,29,treaty_indexation_sensitivity,outputs/step29_treaty_indexation_sensitivity/final_50/results.csv,long_shock_break,25,20260841,fully_indexed,long,shock,True,2317688710.1940675,418709378.6225422,1898979331.571525,0.1806581603391778,0.3359580052493438,0.0183727034120734,877767581.9124196,213496522.1014721,664271059.8109474,2000000.0,5000000.0,2010,1.0,2.049065453554199,1.3753643371958135,True,success,,0.4505014999958803
treaty_sensitivity,29,treaty_indexation_sensitivity,outputs/step29_treaty_indexation_sensitivity/final_50/results.csv,long_shock_break,26,20260842,fixed_nominal,long,shock,True,2113549177.373942,634444804.4726384,1479104372.9013035,0.3001798166158253,0.648721399730821,0.0323014804845222,693091337.2512838,387317049.10468125,305774288.1466026,2000000.0,5000000.0,2010,1.0,1.0,1.0,True,success,,0.2271207000012509
treaty_sensitivity,29,treaty_indexation_sensitivity,outputs/step29_treaty_indexation_sensitivity/final_50/results.csv,long_shock_break,26,20260842,fully_indexed,long,shock,True,2113549177.373942,353399022.80257124,1760150154.571371,0.1672064348375678,0.3364737550471063,0.0134589502018842,693091337.2512838,181354904.77405417,511736432.4772297,2000000.0,5000000.0,2010,1.0,2.049065453554199,1.3753643371958135,True,success,,0.4914706000054138
treaty_sensitivity,29,treaty_indexation_sensitivity,outputs/step29_treaty_indexation_sensitivity/final_50/results.csv,long_shock_break,27,20260843,fixed_nominal,long,shock,True,2252847312.9458346,708061951.8379467,1544785361.1078875,0.3142964673056698,0.6590604026845638,0.036241610738255,857139762.9814484,435090220.70363057,422049542.27781785,2000000.0,5000000.0,2010,1.0,1.0,1.0,True,success,,0.2285205999942263
treaty_sensitivity,29,treaty_indexation_sensitivity,outputs/step29_treaty_indexation_sensitivity/final_50/results.csv,long_shock_break,27,20260843,fully_indexed,long,shock,True,2252847312.9458346,424891222.3514732,1827956090.5943613,0.1886018727988641,0.3261744966442953,0.0187919463087248,857139762.9814484,222374847.9568406,634764915.0246078,2000000.0,5000000.0,2010,1.0,2.049065453554199,1.3753643371958135,True,success,,0.4564993000021786
treaty_sensitivity,29,treaty_indexation_sensitivity,outputs/step29_treaty_indexation_sensitivity/final_50/results.csv,long_shock_break,28,20260844,fixed_nominal,long,shock,True,2101703771.9704845,599321980.4636381,1502381791.506846,0.2851600632099235,0.6538461538461539,0.0291777188328912,730183841.8742095,365739264.7311368,364444577.1430727,2000000.0,5000000.0,2010,1.0,1.0,1.0,True,success,,0.2268541999947046
treaty_sensitivity,29,treaty_indexation_sensitivity,outputs/step29_treaty_indexation_sensitivity/final_50/results.csv,long_shock_break,28,20260844,fully_indexed,long,shock,True,2101703771.9704845,334971246.5576898,1766732525.412794,0.1593808085730523,0.29973474801061,0.0092838196286472,730183841.8742095,165809405.89038792,564374435.9838216,2000000.0,5000000.0,2010,1.0,2.049065453554199,1.3753643371958135,True,success,,0.4504796000037459
treaty_sensitivity,29,treaty_indexation_sensitivity,outputs/step29_treaty_indexation_sensitivity/final_50/results.csv,long_shock_break,29,20260845,fixed_nominal,long,shock,True,1884167907.789803,565448922.2479427,1318718985.5418608,0.3001053780346119,0.6279761904761905,0.0327380952380952,635669401.764954,351201311.80938095,284468089.95557296,2000000.0,5000000.0,2010,1.0,1.0,1.0,True,success,,0.2262922000008984
treaty_sensitivity,29,treaty_indexation_sensitivity,outputs/step29_treaty_indexation_sensitivity/final_50/results.csv,long_shock_break,29,20260845,fully_indexed,long,shock,True,1884167907.789803,327188576.2142281,1556979331.575575,0.1736514961652394,0.3244047619047619,0.0104166666666666,635669401.764954,180598290.91845167,455071110.8465023,2000000.0,5000000.0,2010,1.0,2.049065453554199,1.3753643371958135,True,success,,0.4983457000053022
treaty_sensitivity,29,treaty_indexation_sensitivity,outputs/step29_treaty_indexation_sensitivity/final_50/results.csv,long_shock_break,30,20260846,fixed_nominal,long,shock,True,1996242792.4053347,560527653.1197577,1435715139.2855773,0.2807913222040293,0.6881258941344778,0.0357653791130186,703654415.0465567,362164258.8152297,341490156.2313269,2000000.0,5000000.0,2010,1.0,1.0,1.0,True,success,,0.2237955000018701
treaty_sensitivity,29,treaty_indexation_sensitivity,outputs/step29_treaty_indexation_sensitivity/final_50/results.csv,long_shock_break,30,20260846,fully_indexed,long,shock,True,1996242792.4053347,314958907.06750464,1681283885.33783,0.1577758518481616,0.2947067238912732,0.0114449213161659,703654415.0465567,169088396.18537104,534566018.8611856,2000000.0,5000000.0,2010,1.0,2.049065453554199,1.3753643371958135,True,success,,0.4435608999992837
treaty_sensitivity,29,treaty_indexation_sensitivity,outputs/step29_treaty_indexation_sensitivity/final_50/results.csv,long_shock_break,31,20260847,fixed_nominal,long,shock,True,2291455685.18682,701464523.5122488,1589991161.674571,0.3061217932543431,0.6711051930758988,0.0439414114513981,830176970.971703,420737137.6768234,409439833.2948799,2000000.0,5000000.0,2010,1.0,1.0,1.0,True,success,,0.2248484000010648
treaty_sensitivity,29,treaty_indexation_sensitivity,outputs/step29_treaty_indexation_sensitivity/final_50/results.csv,long_shock_break,31,20260847,fully_indexed,long,shock,True,2291455685.18682,442290414.9414853,1849165270.2453344,0.1930172238549862,0.3288948069241012,0.0239680426098535,830176970.971703,221732233.7193557,608444737.2523475,2000000.0,5000000.0,2010,1.0,2.049065453554199,1.3753643371958135,True,success,,0.4454186000002664
treaty_sensitivity,29,treaty_indexation_sensitivity,outputs/step29_treaty_indexation_sensitivity/final_50/results.csv,long_shock_break,32,20260848,fixed_nominal,long,shock,True,2195663204.236639,626641798.7890239,1569021405.4476154,0.2853997815238184,0.6333789329685362,0.0369357045143638,758782001.7761804,362645239.5547047,396136762.22147566,2000000.0,5000000.0,2010,1.0,1.0,1.0,True,success,,0.2270293999972636
treaty_sensitivity,29,treaty_indexation_sensitivity,outputs/step29_treaty_indexation_sensitivity/final_50/results.csv,long_shock_break,32,20260848,fully_indexed,long,shock,True,2195663204.236639,395596806.56452185,1800066397.672117,0.1801718978581043,0.3064295485636115,0.0205198358413132,758782001.7761804,189355778.60840175,569426223.1677785,2000000.0,5000000.0,2010,1.0,2.049065453554199,1.3753643371958135,True,success,,0.4508788999955868
treaty_sensitivity,29,treaty_indexation_sensitivity,outputs/step29_treaty_indexation_sensitivity/final_50/results.csv,long_shock_break,33,20260849,fixed_nominal,long,shock,True,2256281496.4664226,667901784.7917563,1588379711.674666,0.2960188193883439,0.6590038314176245,0.0383141762452107,785707528.2337258,400625885.1630893,385081643.0706364,2000000.0,5000000.0,2010,1.0,1.0,1.0,True,success,,0.2276768000010633
treaty_sensitivity,29,treaty_indexation_sensitivity,outputs/step29_treaty_indexation_sensitivity/final_50/results.csv,long_shock_break,33,20260849,fully_indexed,long,shock,True,2256281496.4664226,406191467.3717302,1850090029.094692,0.1800269461092817,0.2873563218390804,0.0153256704980842,785707528.2337258,223041123.3847741,562666404.8489517,2000000.0,5000000.0,2010,1.0,2.049065453554199,1.3753643371958135,True,success,,0.4517863000000943
treaty_sensitivity,29,treaty_indexation_sensitivity,outputs/step29_treaty_indexation_sensitivity/final_50/results.csv,long_shock_break,34,20260850,fixed_nominal,long,shock,True,2172008665.224551,667213724.9955386,1504794940.2290125,0.3071874139721994,0.6639892904953146,0.0348058902275769,800906081.456087,434190328.61268175,366715752.8434053,2000000.0,5000000.0,2010,1.0,1.0,1.0,True,success,,0.2286229000019375
treaty_sensitivity,29,treaty_indexation_sensitivity,outputs/step29_treaty_indexation_sensitivity/final_50/results.csv,long_shock_break,34,20260850,fully_indexed,long,shock,True,2172008665.224551,384037389.34587634,1787971275.878675,0.1768120889638223,0.3400267737617135,0.0120481927710843,800906081.456087,218520618.45593235,582385463.0001546,2000000.0,5000000.0,2010,1.0,2.049065453554199,1.3753643371958135,True,success,,0.4514568000013241
treaty_sensitivity,29,treaty_indexation_sensitivity,outputs/step29_treaty_indexation_sensitivity/final_50/results.csv,long_shock_break,35,20260851,fixed_nominal,long,shock,True,2114580832.3449297,635799124.9043181,1478781707.4406116,0.3006738334042587,0.6505524861878453,0.0345303867403314,744276179.3819773,383540663.9225669,360735515.4594104,2000000.0,5000000.0,2010,1.0,1.0,1.0,True,success,,0.2292603000023518
treaty_sensitivity,29,treaty_indexation_sensitivity,outputs/step29_treaty_indexation_sensitivity/final_50/results.csv,long_shock_break,35,20260851,fully_indexed,long,shock,True,2114580832.3449297,367496499.2904703,1747084333.0544596,0.1737916534895197,0.3232044198895027,0.0138121546961325,744276179.3819773,189475972.98328573,554800206.3986915,2000000.0,5000000.0,2010,1.0,2.049065453554199,1.3753643371958135,True,success,,0.4549325000043609
treaty_sensitivity,29,treaty_indexation_sensitivity,outputs/step29_treaty_indexation_sensitivity/final_50/results.csv,long_shock_break,36,20260852,fixed_nominal,long,shock,True,2020372775.963909,570239444.1114316,1450133331.8524773,0.2822446683579833,0.6261808367071525,0.0269905533063427,704931598.8429883,369844933.2565078,335086665.5864804,2000000.0,5000000.0,2010,1.0,1.0,1.0,True,success,,0.2256844999938039
treaty_sensitivity,29,treaty_indexation_sensitivity,outputs/step29_treaty_indexation_sensitivity/final_50/results.csv,long_shock_break,36,20260852,fully_indexed,long,shock,True,2020372775.963909,309078978.3570605,1711293797.6068482,0.1529811636912404,0.282051282051282,0.0080971659919028,704931598.8429883,167709758.8135804,537221840.0294077,2000000.0,5000000.0,2010,1.0,2.049065453554199,1.3753643371958135,True,success,,0.4466462999989744
treaty_sensitivity,29,treaty_indexation_sensitivity,outputs/step29_treaty_indexation_sensitivity/final_50/results.csv,long_shock_break,37,20260853,fixed_nominal,long,shock,True,2054954734.5066304,609743081.204261,1445211653.3023694,0.2967184974761271,0.6342465753424658,0.036986301369863,644659046.3804225,344271507.54818845,300387538.83223414,2000000.0,5000000.0,2010,1.0,1.0,1.0,True,success,,0.2252336000019568
treaty_sensitivity,29,treaty_indexation_sensitivity,outputs/step29_treaty_indexation_sensitivity/final_50/results.csv,long_shock_break,37,20260853,fully_indexed,long,shock,True,2054954734.5066304,375534877.5878494,1679419856.918781,0.1827460582376335,0.3178082191780822,0.0123287671232876,644659046.3804225,168655720.7742924,476003325.6061301,2000000.0,5000000.0,2010,1.0,2.049065453554199,1.3753643371958135,True,success,,0.4484968999968259
treaty_sensitivity,29,treaty_indexation_sensitivity,outputs/step29_treaty_indexation_sensitivity/final_50/results.csv,long_shock_break,38,20260854,fixed_nominal,long,shock,True,2136865600.8104904,623515169.3548235,1513350431.4556673,0.2917896048859276,0.667574931880109,0.0354223433242506,757774575.3067439,384335613.89886,373438961.4078838,2000000.0,5000000.0,2010,1.0,1.0,1.0,True,success,,0.2339180999988457
treaty_sensitivity,29,treaty_indexation_sensitivity,outputs/step29_treaty_indexation_sensitivity/final_50/results.csv,long_shock_break,38,20260854,fully_indexed,long,shock,True,2136865600.8104904,372708333.9780964,1764157266.8323944,0.1744182384875923,0.2970027247956403,0.0122615803814713,757774575.3067439,198507569.5104668,559267005.796277,2000000.0,5000000.0,2010,1.0,2.049065453554199,1.3753643371958135,True,success,,0.5128722000008565
treaty_sensitivity,29,treaty_indexation_sensitivity,outputs/step29_treaty_indexation_sensitivity/final_50/results.csv,long_shock_break,39,20260855,fixed_nominal,long,shock,True,2224949970.202185,641564192.3600928,1583385777.842092,0.2883499408761055,0.6417322834645669,0.0262467191601049,793850831.1601005,411609718.64878345,382241112.5113169,2000000.0,5000000.0,2010,1.0,1.0,1.0,True,success,,0.2304307000013068
treaty_sensitivity,29,treaty_indexation_sensitivity,outputs/step29_treaty_indexation_sensitivity/final_50/results.csv,long_shock_break,39,20260855,fully_indexed,long,shock,True,2224949970.202185,356829069.22656804,1868120900.975617,0.1603762214905633,0.3070866141732283,0.0118110236220472,793850831.1601005,194537017.57192013,599313813.5881802,2000000.0,5000000.0,2010,1.0,2.049065453554199,1.3753643371958135,True,success,,0.4547110999992583
treaty_sensitivity,29,treaty_indexation_sensitivity,outputs/step29_treaty_indexation_sensitivity/final_50/results.csv,long_shock_break,40,20260856,fixed_nominal,long,shock,True,2214513989.6223173,607500249.1316608,1607013740.4906564,0.2743266703116512,0.6473755047106325,0.0390309555854643,655514909.562981,329379459.90844464,326135449.6545364,2000000.0,5000000.0,2010,1.0,1.0,1.0,True,success,,0.228270200001134
treaty_sensitivity,29,treaty_indexation_sensitivity,outputs/step29_treaty_indexation_sensitivity/final_50/results.csv,long_shock_break,40,20260856,fully_indexed,long,shock,True,2214513989.6223173,375283174.50141805,1839230815.120899,0.1694652534416466,0.3176312247644683,0.0215343203230148,655514909.562981,157473078.36759004,498041831.1953909,2000000.0,5000000.0,2010,1.0,2.049065453554199,1.3753643371958135,True,success,,0.4574652000010246
treaty_sensitivity,29,treaty_indexation_sensitivity,outputs/step29_treaty_indexation_sensitivity/final_50/results.csv,long_shock_break,41,20260857,fixed_nominal,long,shock,True,2096658029.2812812,646633118.8499712,1450024910.431311,0.3084113431085526,0.666214382632293,0.0271370420624151,746170673.8772635,402235467.7553806,343935206.1218829,2000000.0,5000000.0,2010,1.0,1.0,1.0,True,success,,0.2290647999980137
treaty_sensitivity,29,treaty_indexation_sensitivity,outputs/step29_treaty_indexation_sensitivity/final_50/results.csv,long_shock_break,41,20260857,fully_indexed,long,shock,True,2096658029.2812812,345404673.9775763,1751253355.3037052,0.164740586759386,0.3052917232021709,0.0122116689280868,746170673.8772635,169356966.99836564,576813706.8788979,2000000.0,5000000.0,2010,1.0,2.049065453554199,1.3753643371958135,True,success,,0.4896053999982541
treaty_sensitivity,29,treaty_indexation_sensitivity,outputs/step29_treaty_indexation_sensitivity/final_50/results.csv,long_shock_break,42,20260858,fixed_nominal,long,shock,True,2301790542.7433214,723978087.9352853,1577812454.8080363,0.3145282224821522,0.6850068775790922,0.0522696011004126,855730060.6889951,444967640.80671847,410762419.8822765,2000000.0,5000000.0,2010,1.0,1.0,1.0,True,success,,0.2444505000021308
treaty_sensitivity,29,treaty_indexation_sensitivity,outputs/step29_treaty_indexation_sensitivity/final_50/results.csv,long_shock_break,42,20260858,fully_indexed,long,shock,True,2301790542.7433214,452976533.9703333,1848814008.7729883,0.1967931162973962,0.3493810178817056,0.0247592847317744,855730060.6889951,244959889.08706105,610770171.6019341,2000000.0,5000000.0,2010,1.0,2.049065453554199,1.3753643371958135,True,success,,0.4578020999979344
treaty_sensitivity,29,treaty_indexation_sensitivity,outputs/step29_treaty_indexation_sensitivity/final_50/results.csv,long_shock_break,43,20260859,fixed_nominal,long,shock,True,2166435610.880771,687236306.9826822,1479199303.8980887,0.3172198165184721,0.663923182441701,0.0384087791495198,796623825.1628985,441745711.4342898,354878113.72860885,2000000.0,5000000.0,2010,1.0,1.0,1.0,True,success,,0.22507410000253
treaty_sensitivity,29,treaty_indexation_sensitivity,outputs/step29_treaty_indexation_sensitivity/final_50/results.csv,long_shock_break,43,20260859,fully_indexed,long,shock,True,2166435610.880771,389994732.1686233,1776440878.7121477,0.180016765884895,0.3388203017832647,0.0137174211248285,796623825.1628985,215556193.03677168,581067632.126127,2000000.0,5000000.0,2010,1.0,2.049065453554199,1.3753643371958135,True,success,,0.4472353000019211
treaty_sensitivity,29,treaty_indexation_sensitivity,outputs/step29_treaty_indexation_sensitivity/final_50/results.csv,long_shock_break,44,20260860,fixed_nominal,long,shock,True,2260696900.478082,694972938.2025034,1565723962.275579,0.3074153541129435,0.6790757381258024,0.0359435173299101,884160408.2422583,471451543.6070764,412708864.635182,2000000.0,5000000.0,2010,1.0,1.0,1.0,True,success,,0.2299299000005703
treaty_sensitivity,29,treaty_indexation_sensitivity,outputs/step29_treaty_indexation_sensitivity/final_50/results.csv,long_shock_break,44,20260860,fully_indexed,long,shock,True,2260696900.478082,396429680.1511707,1864267220.326912,0.1753572891913708,0.3260590500641848,0.0077021822849807,884160408.2422583,244890085.9714208,639270322.2708374,2000000.0,5000000.0,2010,1.0,2.049065453554199,1.3753643371958135,True,success,,0.4540999999953783
treaty_sensitivity,29,treaty_indexation_sensitivity,outputs/step29_treaty_indexation_sensitivity/final_50/results.csv,long_shock_break,45,20260861,fixed_nominal,long,shock,True,2292999359.102626,706798571.7847079,1586200787.317918,0.3082419403995456,0.6631016042780749,0.0374331550802139,758982085.7695277,398276787.6761124,360705298.09341526,2000000.0,5000000.0,2010,1.0,1.0,1.0,True,success,,0.2273325999994995
treaty_sensitivity,29,treaty_indexation_sensitivity,outputs/step29_treaty_indexation_sensitivity/final_50/results.csv,long_shock_break,45,20260861,fully_indexed,long,shock,True,2292999359.102626,448114213.3778262,1844885145.7247996,0.1954270992701879,0.3689839572192513,0.0160427807486631,758982085.7695277,218892135.70878163,540089950.060746,2000000.0,5000000.0,2010,1.0,2.049065453554199,1.3753643371958135,True,success,,0.4530020999955013
treaty_sensitivity,29,treaty_indexation_sensitivity,outputs/step29_treaty_indexation_sensitivity/final_50/results.csv,long_shock_break,46,20260862,fixed_nominal,long,shock,True,2247343516.6717715,675772883.9568672,1571570632.7149043,0.3006985264796815,0.6480519480519481,0.035064935064935,798768522.9955537,417206528.9420553,381561994.0534984,2000000.0,5000000.0,2010,1.0,1.0,1.0,True,success,,0.2294498999981442
treaty_sensitivity,29,treaty_indexation_sensitivity,outputs/step29_treaty_indexation_sensitivity/final_50/results.csv,long_shock_break,46,20260862,fully_indexed,long,shock,True,2247343516.6717715,403912296.7576761,1843431219.9140952,0.1797287747784346,0.348051948051948,0.0155844155844155,798768522.9955537,232568579.27845216,566199943.7171016,2000000.0,5000000.0,2010,1.0,2.049065453554199,1.3753643371958135,True,success,,0.4567700999978115
treaty_sensitivity,29,treaty_indexation_sensitivity,outputs/step29_treaty_indexation_sensitivity/final_50/results.csv,long_shock_break,47,20260863,fixed_nominal,long,shock,True,2138062986.011724,631632662.7663296,1506430323.2453947,0.2954228509163603,0.6380697050938338,0.0268096514745308,722215878.1384668,374346090.2077977,347869787.93066907,2000000.0,5000000.0,2010,1.0,1.0,1.0,True,success,,0.22686199999589
treaty_sensitivity,29,treaty_indexation_sensitivity,outputs/step29_treaty_indexation_sensitivity/final_50/results.csv,long_shock_break,47,20260863,fully_indexed,long,shock,True,2138062986.011724,353932527.7452593,1784130458.266465,0.1655388686212065,0.3123324396782841,0.0134048257372654,722215878.1384668,167901455.25692436,554314422.8815424,2000000.0,5000000.0,2010,1.0,2.049065453554199,1.3753643371958135,True,success,,0.4509338999996544
treaty_sensitivity,29,treaty_indexation_sensitivity,outputs/step29_treaty_indexation_sensitivity/final_50/results.csv,long_shock_break,48,20260864,fixed_nominal,long,shock,True,2047179715.514648,636396085.6336148,1410783629.8810327,0.3108647867164065,0.628005657708628,0.0353606789250353,739204803.5749645,396701492.4502405,342503311.12472403,2000000.0,5000000.0,2010,1.0,1.0,1.0,True,success,,0.2282926999978372
treaty_sensitivity,29,treaty_indexation_sensitivity,outputs/step29_treaty_indexation_sensitivity/final_50/results.csv,long_shock_break,48,20260864,fully_indexed,long,shock,True,2047179715.514648,377103752.7099653,1670075962.8046827,0.1842064718852315,0.3239038189533239,0.0127298444130127,739204803.5749645,194115693.6938668,545089109.8810977,2000000.0,5000000.0,2010,1.0,2.049065453554199,1.3753643371958135,True,success,,0.4571838999981992
treaty_sensitivity,29,treaty_indexation_sensitivity,outputs/step29_treaty_indexation_sensitivity/final_50/results.csv,long_shock_break,49,20260865,fixed_nominal,long,shock,True,2057985375.4760835,615578904.6502715,1442406470.8258123,0.2991172396003381,0.6638655462184874,0.0322128851540616,680344587.2157975,354884987.05735826,325459600.1584393,2000000.0,5000000.0,2010,1.0,1.0,1.0,True,success,,0.2294533000022056
treaty_sensitivity,29,treaty_indexation_sensitivity,outputs/step29_treaty_indexation_sensitivity/final_50/results.csv,long_shock_break,49,20260865,fully_indexed,long,shock,True,2057985375.4760835,368990753.7706799,1688994621.7054038,0.1792970728401408,0.3375350140056022,0.0098039215686274,680344587.2157975,188647551.83086428,491697035.3849333,2000000.0,5000000.0,2010,1.0,2.049065453554199,1.3753643371958135,True,success,,0.4499148000031709
treaty_sensitivity,29,treaty_indexation_sensitivity,outputs/step29_treaty_indexation_sensitivity/final_50/results.csv,long_shock_break,50,20260866,fixed_nominal,long,shock,True,2171144366.282714,646714648.9363279,1524429717.3463857,0.2978681007949687,0.6547455295735901,0.0495185694635488,798575480.5610548,404040428.7111274,394535051.8499273,2000000.0,5000000.0,2010,1.0,1.0,1.0,True,success,,0.2254102000006241
treaty_sensitivity,29,treaty_indexation_sensitivity,outputs/step29_treaty_indexation_sensitivity/final_50/results.csv,long_shock_break,50,20260866,fully_indexed,long,shock,True,2171144366.282714,403315166.1484529,1767829200.134261,0.1857615607749667,0.3397524071526822,0.0123796423658872,798575480.5610548,232049947.22678745,566525533.3342674,2000000.0,5000000.0,2010,1.0,2.049065453554199,1.3753643371958135,True,success,,0.4459103999979561
treaty_sensitivity,29,treaty_indexation_sensitivity,outputs/step29_treaty_indexation_sensitivity/final_50/results.csv,long_shock_no_break,1,20260817,fixed_nominal,long,shock,False,2104162181.3146367,654271873.6652932,1449890307.6493435,0.3109417512943406,0.6642754662840746,0.0444763271162123,991396478.4184726,499766947.86483264,491629530.55364,2000000.0,5000000.0,2010,1.0,1.0,1.0,True,success,,0.2340934999956516
treaty_sensitivity,29,treaty_indexation_sensitivity,outputs/step29_treaty_indexation_sensitivity/final_50/results.csv,long_shock_no_break,1,20260817,fully_indexed,long,shock,False,2104162181.3146367,377393428.02099097,1726768753.293646,0.179355674848791,0.3070301291248206,0.0172166427546628,991396478.4184726,266604468.84261477,724792009.5758579,2000000.0,5000000.0,2010,1.0,2.049065453554199,1.3753643371958135,True,success,,0.4477638999960618
treaty_sensitivity,29,treaty_indexation_sensitivity,outputs/step29_treaty_indexation_sensitivity/final_50/results.csv,long_shock_no_break,2,20260818,fixed_nominal,long,shock,False,2229437637.726294,720967155.9797094,1508470481.7465842,0.3233852087986602,0.6698113207547169,0.0431266846361186,983498757.60152,534015095.1365743,449483662.4649458,2000000.0,5000000.0,2010,1.0,1.0,1.0,True,success,,0.226362399997015
treaty_sensitivity,29,treaty_indexation_sensitivity,outputs/step29_treaty_indexation_sensitivity/final_50/results.csv,long_shock_no_break,2,20260818,fully_indexed,long,shock,False,2229437637.726294,419026942.1441065,1810410695.5821872,0.1879518561333044,0.3557951482479784,0.0161725067385444,983498757.60152,284546020.4099453,698952737.1915748,2000000.0,5000000.0,2010,1.0,2.049065453554199,1.3753643371958135,True,success,,0.4528927999999723
treaty_sensitivity,29,treaty_indexation_sensitivity,outputs/step29_treaty_indexation_sensitivity/final_50/results.csv,long_shock_no_break,3,20260819,fixed_nominal,long,shock,False,2261999465.6449227,772315651.3460898,1489683814.298833,0.3414305189174276,0.6790945406125166,0.0452729693741677,920138738.2321348,524589288.66022575,395549449.5719091,2000000.0,5000000.0,2010,1.0,1.0,1.0,True,success,,0.2287701000022934
treaty_sensitivity,29,treaty_indexation_sensitivity,outputs/step29_treaty_indexation_sensitivity/final_50/results.csv,long_shock_no_break,3,20260819,fully_indexed,long,shock,False,2261999465.6449227,454482685.3705298,1807516780.2743928,0.2009207748601087,0.3794940079893475,0.0133155792276964,920138738.2321348,260971217.4345507,659167520.7975842,2000000.0,5000000.0,2010,1.0,2.049065453554199,1.3753643371958135,True,success,,0.4466469000035431
treaty_sensitivity,29,treaty_indexation_sensitivity,outputs/step29_treaty_indexation_sensitivity/final_50/results.csv,long_shock_no_break,4,20260820,fixed_nominal,long,shock,False,2125875485.0257456,650965868.8900752,1474909616.135671,0.3062107228176591,0.6813186813186813,0.0288461538461538,936902234.944116,487715459.4872352,449186775.4568809,2000000.0,5000000.0,2010,1.0,1.0,1.0,True,success,,0.2263600000005681
treaty_sensitivity,29,treaty_indexation_sensitivity,outputs/step29_treaty_indexation_sensitivity/final_50/results.csv,long_shock_no_break,4,20260820,fully_indexed,long,shock,False,2125875485.0257456,347446495.01380885,1778428990.011937,0.1634368980973507,0.3365384615384615,0.0096153846153846,936902234.944116,231940172.24962205,704962062.6944941,2000000.0,5000000.0,2010,1.0,2.049065453554199,1.3753643371958135,True,success,,0.4782728999998653
treaty_sensitivity,29,treaty_indexation_sensitivity,outputs/step29_treaty_indexation_sensitivity/final_50/results.csv,long_shock_no_break,5,20260821,fixed_nominal,long,shock,False,2251091185.473093,717191861.9366792,1533899323.5364137,0.3185974280228693,0.6770691994572592,0.0420624151967435,909567870.6769034,481486210.5349082,428081660.1419952,2000000.0,5000000.0,2010,1.0,1.0,1.0,True,success,,0.2248800000015762
treaty_sensitivity,29,treaty_indexation_sensitivity,outputs/step29_treaty_indexation_sensitivity/final_50/results.csv,long_shock_no_break,5,20260821,fully_indexed,long,shock,False,2251091185.473093,419265970.6416474,1831825214.8314457,0.186250105436548,0.3663500678426051,0.0189959294436906,909567870.6769034,237679160.64644405,671888710.0304594,2000000.0,5000000.0,2010,1.0,2.049065453554199,1.3753643371958135,True,success,,0.457951199998206
treaty_sensitivity,29,treaty_indexation_sensitivity,outputs/step29_treaty_indexation_sensitivity/final_50/results.csv,long_shock_no_break,6,20260822,fixed_nominal,long,shock,False,2221055106.155776,658797163.7176092,1562257942.438167,0.2966145062730396,0.676510067114094,0.0308724832214765,935834774.172876,479886567.1275215,455948207.0453547,2000000.0,5000000.0,2010,1.0,1.0,1.0,True,success,,0.225163999995857
treaty_sensitivity,29,treaty_indexation_sensitivity,outputs/step29_treaty_indexation_sensitivity/final_50/results.csv,long_shock_no_break,6,20260822,fully_indexed,long,shock,False,2221055106.155776,357591824.17867184,1863463281.977105,0.1610008789010171,0.3328859060402684,0.0161073825503355,935834774.172876,216584532.8791039,719250241.2937722,2000000.0,5000000.0,2010,1.0,2.049065453554199,1.3753643371958135,True,success,,0.4447427000050084
treaty_sensitivity,29,treaty_indexation_sensitivity,outputs/step29_treaty_indexation_sensitivity/final_50/results.csv,long_shock_no_break,7,20260823,fixed_nominal,long,shock,False,2114643075.423512,660678606.9630913,1453964468.4604208,0.3124303172679735,0.6799431009957326,0.0341394025604551,912044125.4589984,482278592.35778266,429765533.10121584,2000000.0,5000000.0,2010,1.0,1.0,1.0,True,success,,0.2256635000012465
treaty_sensitivity,29,treaty_indexation_sensitivity,outputs/step29_treaty_indexation_sensitivity/final_50/results.csv,long_shock_no_break,7,20260823,fully_indexed,long,shock,False,2114643075.423512,362055819.0687115,1752587256.3548005,0.1712136782214182,0.3413940256045519,0.0099573257467994,912044125.4589984,227451163.2800408,684592962.1789576,2000000.0,5000000.0,2010,1.0,2.049065453554199,1.3753643371958135,True,success,,0.4480689000047277
treaty_sensitivity,29,treaty_indexation_sensitivity,outputs/step29_treaty_indexation_sensitivity/final_50/results.csv,long_shock_no_break,8,20260824,fixed_nominal,long,shock,False,2421819948.071394,802315876.1267884,1619504071.944605,0.3312863438777557,0.7093908629441624,0.0406091370558375,1065590001.33049,573114191.107759,492475810.2227311,2000000.0,5000000.0,2010,1.0,1.0,1.0,True,success,,0.2265190000034636
treaty_sensitivity,29,treaty_indexation_sensitivity,outputs/step29_treaty_indexation_sensitivity/final_50/results.csv,long_shock_no_break,8,20260824,fully_indexed,long,shock,False,2421819948.071394,463461838.4690498,1958358109.602344,0.1913692381789677,0.3718274111675126,0.0114213197969543,1065590001.33049,292510963.2708589,773079038.0596312,2000000.0,5000000.0,2010,1.0,2.049065453554199,1.3753643371958135,True,success,,0.4490151999998488
treaty_sensitivity,29,treaty_indexation_sensitivity,outputs/step29_treaty_indexation_sensitivity/final_50/results.csv,long_shock_no_break,9,20260825,fixed_nominal,long,shock,False,2201859622.869399,729505649.5369886,1472353973.3324108,0.3313134234172105,0.6932432432432433,0.0378378378378378,972722197.1362911,530817477.7684608,441904719.3678303,2000000.0,5000000.0,2010,1.0,1.0,1.0,True,success,,0.2289818000062951
treaty_sensitivity,29,treaty_indexation_sensitivity,outputs/step29_treaty_indexation_sensitivity/final_50/results.csv,long_shock_no_break,9,20260825,fully_indexed,long,shock,False,2201859622.869399,413365695.8242991,1788493927.0451002,0.1877348090363785,0.3702702702702702,0.0108108108108108,972722197.1362911,263416106.93572545,709306090.2005657,2000000.0,5000000.0,2010,1.0,2.049065453554199,1.3753643371958135,True,success,,0.454015099996468
treaty_sensitivity,29,treaty_indexation_sensitivity,outputs/step29_treaty_indexation_sensitivity/final_50/results.csv,long_shock_no_break,10,20260826,fixed_nominal,long,shock,False,2470845402.953996,757291020.3025774,1713554382.6514184,0.3064906527123086,0.6805555555555556,0.0454545454545454,1097410164.2289307,546183119.412483,551227044.8164476,2000000.0,5000000.0,2010,1.0,1.0,1.0,True,success,,0.2293282000027829
treaty_sensitivity,29,treaty_indexation_sensitivity,outputs/step29_treaty_indexation_sensitivity/final_50/results.csv,long_shock_no_break,10,20260826,fully_indexed,long,shock,False,2470845402.953996,459910012.5827729,2010935390.3712232,0.1861346776422886,0.3522727272727273,0.0176767676767676,1097410164.2289307,297247243.5581889,800162920.6707416,2000000.0,5000000.0,2010,1.0,2.049065453554199,1.3753643371958135,True,success,,0.4496044999978039
treaty_sensitivity,29,treaty_indexation_sensitivity,outputs/step29_treaty_indexation_sensitivity/final_50/results.csv,long_shock_no_break,11,20260827,fixed_nominal,long,shock,False,2236370304.3840613,740904392.6494749,1495465911.7345865,0.3312977243513944,0.6813793103448276,0.0468965517241379,1011272399.0760812,545814304.4819006,465458094.5941805,2000000.0,5000000.0,2010,1.0,1.0,1.0,True,success,,0.2509995000000344
treaty_sensitivity,29,treaty_indexation_sensitivity,outputs/step29_treaty_indexation_sensitivity/final_50/results.csv,long_shock_no_break,11,20260827,fully_indexed,long,shock,False,2236370304.3840613,430528219.6315517,1805842084.7525096,0.192512044533755,0.3544827586206897,0.0151724137931034,1011272399.0760812,277014910.1068385,734257488.9692426,2000000.0,5000000.0,2010,1.0,2.049065453554199,1.3753643371958135,True,success,,0.4910743000000366
treaty_sensitivity,29,treaty_indexation_sensitivity,outputs/step29_treaty_indexation_sensitivity/final_50/results.csv,long_shock_no_break,12,20260828,fixed_nominal,long,shock,False,2242441516.7084794,731127869.4253708,1511313647.2831087,0.3260409977150893,0.6680161943319838,0.0377867746288798,973412493.2120444,522943050.50506985,450469442.7069746,2000000.0,5000000.0,2010,1.0,1.0,1.0,True,success,,0.2253188000031514
treaty_sensitivity,29,treaty_indexation_sensitivity,outputs/step29_treaty_indexation_sensitivity/final_50/results.csv,long_shock_no_break,12,20260828,fully_indexed,long,shock,False,2242441516.7084794,441291699.3663166,1801149817.3421626,0.1967907283548947,0.3630229419703104,0.0148448043184885,973412493.2120444,290995461.2606836,682417031.951361,2000000.0,5000000.0,2010,1.0,2.049065453554199,1.3753643371958135,True,success,,0.446518400000059
treaty_sensitivity,29,treaty_indexation_sensitivity,outputs/step29_treaty_indexation_sensitivity/final_50/results.csv,long_shock_no_break,13,20260829,fixed_nominal,long,shock,False,2396534251.696564,763040140.1274121,1633494111.5691516,0.3183931711333721,0.6766917293233082,0.0413533834586466,1016362258.6692474,555662962.8926797,460699295.7765677,2000000.0,5000000.0,2010,1.0,1.0,1.0,True,success,,0.230788399996527
treaty_sensitivity,29,treaty_indexation_sensitivity,outputs/step29_treaty_indexation_sensitivity/final_50/results.csv,long_shock_no_break,13,20260829,fully_indexed,long,shock,False,2396534251.696564,443598697.0696416,1952935554.626922,0.1851000864083655,0.3446115288220551,0.0137844611528822,1016362258.6692474,288858490.8154544,727503767.8537929,2000000.0,5000000.0,2010,1.0,2.049065453554199,1.3753643371958135,True,success,,0.4563675000026705
treaty_sensitivity,29,treaty_indexation_sensitivity,outputs/step29_treaty_indexation_sensitivity/final_50/results.csv,long_shock_no_break,14,20260830,fixed_nominal,long,shock,False,2197934312.1036305,703373391.3382052,1494560920.7654254,0.3200156562754646,0.6810810810810811,0.0364864864864864,935875536.3826,504572074.8683126,431303461.51428735,2000000.0,5000000.0,2010,1.0,1.0,1.0,True,success,,0.2238378999973065
treaty_sensitivity,29,treaty_indexation_sensitivity,outputs/step29_treaty_indexation_sensitivity/final_50/results.csv,long_shock_no_break,14,20260830,fully_indexed,long,shock,False,2197934312.1036305,406587037.7747423,1791347274.328888,0.1849859823088161,0.3324324324324324,0.0094594594594594,935875536.3826,270047703.0459913,665827833.3366086,2000000.0,5000000.0,2010,1.0,2.049065453554199,1.3753643371958135,True,success,,0.4466087999971933
treaty_sensitivity,29,treaty_indexation_sensitivity,outputs/step29_treaty_indexation_sensitivity/final_50/results.csv,long_shock_no_break,15,20260831,fixed_nominal,long,shock,False,2415812258.7066884,804589998.2222526,1611222260.484436,0.3330515421148629,0.706199460916442,0.0525606469002695,1051167030.9031392,541572070.8683144,509594960.0348247,2000000.0,5000000.0,2010,1.0,1.0,1.0,True,success,,0.2263684000063222
treaty_sensitivity,29,treaty_indexation_sensitivity,outputs/step29_treaty_indexation_sensitivity/final_50/results.csv,long_shock_no_break,15,20260831,fully_indexed,long,shock,False,2415812258.7066884,497912926.5752809,1917899332.1314075,0.2061058034542137,0.3571428571428571,0.0188679245283018,1051167030.9031392,291566258.63290787,759600772.270231,2000000.0,5000000.0,2010,1.0,2.049065453554199,1.3753643371958135,True,success,,0.4509726999967824
treaty_sensitivity,29,treaty_indexation_sensitivity,outputs/step29_treaty_indexation_sensitivity/final_50/results.csv,long_shock_no_break,16,20260832,fixed_nominal,long,shock,False,2396215415.8476734,744780828.7104546,1651434587.1372187,0.3108154733438206,0.6758169934640523,0.0444444444444444,992519822.6008084,500742547.0395919,491777275.5612167,2000000.0,5000000.0,2010,1.0,1.0,1.0,True,success,,0.2256544000047142
treaty_sensitivity,29,treaty_indexation_sensitivity,outputs/step29_treaty_indexation_sensitivity/final_50/results.csv,long_shock_no_break,16,20260832,fully_indexed,long,shock,False,2396215415.8476734,452115154.9585701,1944100260.8891032,0.1886788441341498,0.3542483660130719,0.0130718954248366,992519822.6008084,257773259.6225392,734746562.9782692,2000000.0,5000000.0,2010,1.0,2.049065453554199,1.3753643371958135,True,success,,0.445766700002423
treaty_sensitivity,29,treaty_indexation_sensitivity,outputs/step29_treaty_indexation_sensitivity/final_50/results.csv,long_shock_no_break,17,20260833,fixed_nominal,long,shock,False,2176962302.2417502,662864957.973709,1514097344.2680411,0.3044907839199221,0.6756393001345895,0.0309555854643337,995988168.6338454,503727820.5297222,492260348.1041231,2000000.0,5000000.0,2010,1.0,1.0,1.0,True,success,,0.2262980000014067
treaty_sensitivity,29,treaty_indexation_sensitivity,outputs/step29_treaty_indexation_sensitivity/final_50/results.csv,long_shock_no_break,17,20260833,fully_indexed,long,shock,False,2176962302.2417502,358363755.5044347,1818598546.7373157,0.1646164268142842,0.3257065948855989,0.0094212651413189,995988168.6338454,246312092.53363657,749676076.1002088,2000000.0,5000000.0,2010,1.0,2.049065453554199,1.3753643371958135,True,success,,0.4503796999997576
treaty_sensitivity,29,treaty_indexation_sensitivity,outputs/step29_treaty_indexation_sensitivity/final_50/results.csv,long_shock_no_break,18,20260834,fixed_nominal,long,shock,False,2196453361.788621,727053809.4464039,1469399552.3422165,0.3310126324987605,0.7113259668508287,0.0386740331491712,933277332.1962502,501714174.7515366,431563157.44471353,2000000.0,5000000.0,2010,1.0,1.0,1.0,True,success,,0.2606626000051619
treaty_sensitivity,29,treaty_indexation_sensitivity,outputs/step29_treaty_indexation_sensitivity/final_50/results.csv,long_shock_no_break,18,20260834,fully_indexed,long,shock,False,2196453361.788621,431519896.7218347,1764933465.066786,0.1964621258201624,0.3604972375690607,0.0138121546961325,933277332.1962502,253906623.8277257,679370708.3685246,2000000.0,5000000.0,2010,1.0,2.049065453554199,1.3753643371958135,True,success,,0.4489489999978104
treaty_sensitivity,29,treaty_indexation_sensitivity,outputs/step29_treaty_indexation_sensitivity/final_50/results.csv,long_shock_no_break,19,20260835,fixed_nominal,long,shock,False,2434297829.2730384,821396396.3191228,1612901432.9539156,0.3374264177709178,0.6893564356435643,0.0445544554455445,1034021788.2337496,588354389.3336549,445667398.9000948,2000000.0,5000000.0,2010,1.0,1.0,1.0,True,success,,0.2311224000004585
treaty_sensitivity,29,treaty_indexation_sensitivity,outputs/step29_treaty_indexation_sensitivity/final_50/results.csv,long_shock_no_break,19,20260835,fully_indexed,long,shock,False,2434297829.2730384,472613285.8231869,1961684543.4498515,0.194147684042558,0.3774752475247525,0.0099009900990099,1034021788.2337496,308044491.4610943,725977296.7726555,2000000.0,5000000.0,2010,1.0,2.049065453554199,1.3753643371958135,True,success,,0.4897643000003882
treaty_sensitivity,29,treaty_indexation_sensitivity,outputs/step29_treaty_indexation_sensitivity/final_50/results.csv,long_shock_no_break,20,20260836,fixed_nominal,long,shock,False,2355891453.7744765,757815691.231677,1598075762.5427997,0.3216683391832622,0.6975228161668839,0.0391134289439374,1073805639.7808008,556051434.6074004,517754205.1734003,2000000.0,5000000.0,2010,1.0,1.0,1.0,True,success,,0.2321213000032003
treaty_sensitivity,29,treaty_indexation_sensitivity,outputs/step29_treaty_indexation_sensitivity/final_50/results.csv,long_shock_no_break,20,20260836,fully_indexed,long,shock,False,2355891453.7744765,444955401.20742846,1910936052.567048,0.1888692284589538,0.363754889178618,0.0117340286831812,1073805639.7808008,302132193.26254344,771673446.5182574,2000000.0,5000000.0,2010,1.0,2.049065453554199,1.3753643371958135,True,success,,0.4570292999997036
treaty_sensitivity,29,treaty_indexation_sensitivity,outputs/step29_treaty_indexation_sensitivity/final_50/results.csv,long_shock_no_break,21,20260837,fixed_nominal,long,shock,False,2256358332.701639,697368872.8211963,1558989459.8804426,0.3090683171702631,0.6873350923482849,0.0329815303430079,979935487.2974848,506133519.1887632,473801968.1087217,2000000.0,5000000.0,2010,1.0,1.0,1.0,True,success,,0.2290767000013147
treaty_sensitivity,29,treaty_indexation_sensitivity,outputs/step29_treaty_indexation_sensitivity/final_50/results.csv,long_shock_no_break,21,20260837,fully_indexed,long,shock,False,2256358332.701639,375960899.78680354,1880397432.9148352,0.1666228693988727,0.3153034300791557,0.0158311345646438,979935487.2974848,228658741.63821667,751276745.6592681,2000000.0,5000000.0,2010,1.0,2.049065453554199,1.3753643371958135,True,success,,0.4503682999929879
treaty_sensitivity,29,treaty_indexation_sensitivity,outputs/step29_treaty_indexation_sensitivity/final_50/results.csv,long_shock_no_break,22,20260838,fixed_nominal,long,shock,False,2161805906.400144,710437294.3117727,1451368612.0883713,0.3286313966524397,0.6693989071038251,0.0355191256830601,943285616.5844144,515017898.025792,428267718.55862224,2000000.0,5000000.0,2010,1.0,1.0,1.0,True,success,,0.2661060000027646
treaty_sensitivity,29,treaty_indexation_sensitivity,outputs/step29_treaty_indexation_sensitivity/final_50/results.csv,long_shock_no_break,22,20260838,fully_indexed,long,shock,False,2161805906.400144,406461527.5467327,1755344378.8534114,0.1880194361313294,0.3592896174863388,0.0122950819672131,943285616.5844144,257495815.5635853,685789801.020829,2000000.0,5000000.0,2010,1.0,2.049065453554199,1.3753643371958135,True,success,,0.4476549999963026
treaty_sensitivity,29,treaty_indexation_sensitivity,outputs/step29_treaty_indexation_sensitivity/final_50/results.csv,long_shock_no_break,23,20260839,fixed_nominal,long,shock,False,2280419364.693642,762649785.5177823,1517769579.1758597,0.3344340068872546,0.6922024623803009,0.0451436388508891,1062664920.798289,578828338.7857236,483836582.0125654,2000000.0,5000000.0,2010,1.0,1.0,1.0,True,success,,0.2244141999981366
treaty_sensitivity,29,treaty_indexation_sensitivity,outputs/step29_treaty_indexation_sensitivity/final_50/results.csv,long_shock_no_break,23,20260839,fully_indexed,long,shock,False,2280419364.693642,457424652.1722205,1822994712.5214212,0.2005879529240325,0.3720930232558139,0.0191518467852257,1062664920.798289,320907871.29151183,741757049.506777,2000000.0,5000000.0,2010,1.0,2.049065453554199,1.3753643371958135,True,success,,0.4453483999968739
treaty_sensitivity,29,treaty_indexation_sensitivity,outputs/step29_treaty_indexation_sensitivity/final_50/results.csv,long_shock_no_break,24,20260840,fixed_nominal,long,shock,False,2499500312.818887,783519243.4330012,1715981069.385887,0.3134703522198657,0.6878172588832487,0.0406091370558375,1030849956.3198844,537303375.7724771,493546580.5474072,2000000.0,5000000.0,2010,1.0,1.0,1.0,True,success,,0.2313374000004842
treaty_sensitivity,29,treaty_indexation_sensitivity,outputs/step29_treaty_indexation_sensitivity/final_50/results.csv,long_shock_no_break,24,20260840,fully_indexed,long,shock,False,2499500312.818887,462665981.1685298,2036834331.6503584,0.1851033899838741,0.3692893401015228,0.0241116751269035,1030849956.3198844,277865482.7778125,752984473.5420718,2000000.0,5000000.0,2010,1.0,2.049065453554199,1.3753643371958135,True,success,,0.4577222000007168
treaty_sensitivity,29,treaty_indexation_sensitivity,outputs/step29_treaty_indexation_sensitivity/final_50/results.csv,long_shock_no_break,25,20260841,fixed_nominal,long,shock,False,2444512485.721002,822630369.0456741,1621882116.6753285,0.3365212384272366,0.7125984251968503,0.0459317585301837,1137589952.1263585,588661721.2584822,548928230.8678763,2000000.0,5000000.0,2010,1.0,1.0,1.0,True,success,,0.2276218999977572
treaty_sensitivity,29,treaty_indexation_sensitivity,outputs/step29_treaty_indexation_sensitivity/final_50/results.csv,long_shock_no_break,25,20260841,fully_indexed,long,shock,False,2444512485.721002,479513391.9136968,1964999093.8073056,0.1961591093171551,0.3805774278215223,0.0196850393700787,1137589952.1263585,302025267.57062334,835564684.555735,2000000.0,5000000.0,2010,1.0,2.049065453554199,1.3753643371958135,True,success,,0.4506322000015643
treaty_sensitivity,29,treaty_indexation_sensitivity,outputs/step29_treaty_indexation_sensitivity/final_50/results.csv,long_shock_no_break,26,20260842,fixed_nominal,long,shock,False,2216420506.158244,716873247.7379612,1499547258.4202826,0.3234373828188987,0.6796769851951547,0.0376850605652759,908915820.6572936,511129478.2511025,397786342.4061912,2000000.0,5000000.0,2010,1.0,1.0,1.0,True,success,,0.2267332000046735
treaty_sensitivity,29,treaty_indexation_sensitivity,outputs/step29_treaty_indexation_sensitivity/final_50/results.csv,long_shock_no_break,26,20260842,fully_indexed,long,shock,False,2216420506.158244,405102884.52960974,1811317621.6286345,0.1827734779587385,0.3795423956931359,0.0148048452220726,908915820.6572936,252990629.25442344,655925191.4028702,2000000.0,5000000.0,2010,1.0,2.049065453554199,1.3753643371958135,True,success,,0.4498595999975805
treaty_sensitivity,29,treaty_indexation_sensitivity,outputs/step29_treaty_indexation_sensitivity/final_50/results.csv,long_shock_no_break,27,20260843,fixed_nominal,long,shock,False,2367651734.27404,795918742.360503,1571732991.9135368,0.336163773936349,0.6966442953020134,0.0510067114093959,1089558805.1140485,561194884.76305,528363920.3509986,2000000.0,5000000.0,2010,1.0,1.0,1.0,True,success,,0.2329879000026267
treaty_sensitivity,29,treaty_indexation_sensitivity,outputs/step29_treaty_indexation_sensitivity/final_50/results.csv,long_shock_no_break,27,20260843,fully_indexed,long,shock,False,2367651734.27404,478245890.2350286,1889405844.0390112,0.2019916541406654,0.3731543624161074,0.0187919463087248,1089558805.1140485,294182280.0250549,795376525.0889935,2000000.0,5000000.0,2010,1.0,2.049065453554199,1.3753643371958135,True,success,,0.4492212000041036
treaty_sensitivity,29,treaty_indexation_sensitivity,outputs/step29_treaty_indexation_sensitivity/final_50/results.csv,long_shock_no_break,28,20260844,fixed_nominal,long,shock,False,2204484130.4505424,683713665.551888,1520770464.8986545,0.3101467849587802,0.6790450928381963,0.03315649867374,940881857.9268728,484014588.9198719,456867269.0070008,2000000.0,5000000.0,2010,1.0,1.0,1.0,True,success,,0.2295058000017888
treaty_sensitivity,29,treaty_indexation_sensitivity,outputs/step29_treaty_indexation_sensitivity/final_50/results.csv,long_shock_no_break,28,20260844,fully_indexed,long,shock,False,2204484130.4505424,382431565.723433,1822052564.7271092,0.1734789379705234,0.3209549071618037,0.0106100795755968,940881857.9268728,233536423.1790629,707345434.7478098,2000000.0,5000000.0,2010,1.0,2.049065453554199,1.3753643371958135,True,success,,0.5552968999982113
treaty_sensitivity,29,treaty_indexation_sensitivity,outputs/step29_treaty_indexation_sensitivity/final_50/results.csv,long_shock_no_break,29,20260845,fixed_nominal,long,shock,False,1980448376.398121,637210227.735196,1343238148.6629252,0.3217504860662423,0.6651785714285714,0.0401785714285714,838779217.8170916,461340465.36553705,377438752.45155454,2000000.0,5000000.0,2010,1.0,1.0,1.0,True,success,,0.225464600000123
treaty_sensitivity,29,treaty_indexation_sensitivity,outputs/step29_treaty_indexation_sensitivity/final_50/results.csv,long_shock_no_break,29,20260845,fully_indexed,long,shock,False,1980448376.398121,375254786.3532593,1605193590.0448613,0.1894797111731548,0.3645833333333333,0.0104166666666666,838779217.8170916,250907041.1136875,587872176.7034041,2000000.0,5000000.0,2010,1.0,2.049065453554199,1.3753643371958135,True,success,,0.4654570000056992
treaty_sensitivity,29,treaty_indexation_sensitivity,outputs/step29_treaty_indexation_sensitivity/final_50/results.csv,long_shock_no_break,30,20260846,fixed_nominal,long,shock,False,2094773335.0689592,639661735.0954868,1455111599.9734724,0.3053608351733335,0.709585121602289,0.0400572246065808,906917778.9163955,471111242.7575404,435806536.158855,2000000.0,5000000.0,2010,1.0,1.0,1.0,True,success,,0.2227047999986098
treaty_sensitivity,29,treaty_indexation_sensitivity,outputs/step29_treaty_indexation_sensitivity/final_50/results.csv,long_shock_no_break,30,20260846,fully_indexed,long,shock,False,2094773335.0689592,357505463.99148464,1737267871.0774746,0.170665464375751,0.3333333333333333,0.0143061516452074,906917778.9163955,229135631.91877,677782146.9976254,2000000.0,5000000.0,2010,1.0,2.049065453554199,1.3753643371958135,True,success,,0.4470762999990256
treaty_sensitivity,29,treaty_indexation_sensitivity,outputs/step29_treaty_indexation_sensitivity/final_50/results.csv,long_shock_no_break,31,20260847,fixed_nominal,long,shock,False,2404883305.901128,789359276.9872327,1615524028.9138944,0.3282318418736971,0.6924101198402131,0.0532623169107856,1065642248.7398392,545882603.4409287,519759645.2989105,2000000.0,5000000.0,2010,1.0,1.0,1.0,True,success,,0.2236607999948319
treaty_sensitivity,29,treaty_indexation_sensitivity,outputs/step29_treaty_indexation_sensitivity/final_50/results.csv,long_shock_no_break,31,20260847,fully_indexed,long,shock,False,2404883305.901128,493281865.974168,1911601439.9269595,0.2051167575423505,0.3621837549933422,0.0252996005326231,1065642248.7398392,297551959.5531746,768090289.1866646,2000000.0,5000000.0,2010,1.0,2.049065453554199,1.3753643371958135,True,success,,0.4547238000013749
treaty_sensitivity,29,treaty_indexation_sensitivity,outputs/step29_treaty_indexation_sensitivity/final_50/results.csv,long_shock_no_break,32,20260848,fixed_nominal,long,shock,False,2305477632.7069077,704919751.7961903,1600557880.9107172,0.3057586600692933,0.6716826265389877,0.0410396716826265,986844249.6948496,478333467.9938602,508510781.7009897,2000000.0,5000000.0,2010,1.0,1.0,1.0,True,success,,0.2240324000013061
treaty_sensitivity,29,treaty_indexation_sensitivity,outputs/step29_treaty_indexation_sensitivity/final_50/results.csv,long_shock_no_break,32,20260848,fully_indexed,long,shock,False,2305477632.7069077,440931789.4003241,1864545843.306584,0.1912539870892684,0.3515731874145006,0.0205198358413132,986844249.6948496,258353667.349833,728490582.3450167,2000000.0,5000000.0,2010,1.0,2.049065453554199,1.3753643371958135,True,success,,0.4464330000046175
treaty_sensitivity,29,treaty_indexation_sensitivity,outputs/step29_treaty_indexation_sensitivity/final_50/results.csv,long_shock_no_break,33,20260849,fixed_nominal,long,shock,False,2373945430.795636,756270676.947426,1617674753.8482106,0.3185712136162958,0.685823754789272,0.0459770114942528,1034476974.6133876,542023894.6689991,492453079.9443886,2000000.0,5000000.0,2010,1.0,1.0,1.0,True,success,,0.2313574999934644
treaty_sensitivity,29,treaty_indexation_sensitivity,outputs/step29_treaty_indexation_sensitivity/final_50/results.csv,long_shock_no_break,33,20260849,fully_indexed,long,shock,False,2373945430.795636,458169762.63513225,1915775668.1605043,0.1929992815721863,0.3307790549169859,0.0178799489144316,1034476974.6133876,305078802.4824349,729398172.1309528,2000000.0,5000000.0,2010,1.0,2.049065453554199,1.3753643371958135,True,success,,0.4574061000021174
treaty_sensitivity,29,treaty_indexation_sensitivity,outputs/step29_treaty_indexation_sensitivity/final_50/results.csv,long_shock_no_break,34,20260850,fixed_nominal,long,shock,False,2286117062.8324223,754477152.3458664,1531639910.4865558,0.330025598694012,0.6947791164658634,0.0401606425702811,1038742826.1828674,559154037.5305896,479588788.652278,2000000.0,5000000.0,2010,1.0,1.0,1.0,True,success,,0.2274813999974867
treaty_sensitivity,29,treaty_indexation_sensitivity,outputs/step29_treaty_indexation_sensitivity/final_50/results.csv,long_shock_no_break,34,20260850,fully_indexed,long,shock,False,2286117062.8324223,439509697.1212263,1846607365.711196,0.1922516148743006,0.3761713520749665,0.0160642570281124,1038742826.1828674,292379415.45204246,746363410.730825,2000000.0,5000000.0,2010,1.0,2.049065453554199,1.3753643371958135,True,success,,0.4554320000024745
treaty_sensitivity,29,treaty_indexation_sensitivity,outputs/step29_treaty_indexation_sensitivity/final_50/results.csv,long_shock_no_break,35,20260851,fixed_nominal,long,shock,False,2229145271.070237,723687511.4067698,1505457759.6634672,0.3246479809094359,0.6878453038674033,0.0386740331491712,986070074.1810884,518507655.95162815,467562418.2294602,2000000.0,5000000.0,2010,1.0,1.0,1.0,True,success,,0.2279951000018627
treaty_sensitivity,29,treaty_indexation_sensitivity,outputs/step29_treaty_indexation_sensitivity/final_50/results.csv,long_shock_no_break,35,20260851,fully_indexed,long,shock,False,2229145271.070237,419679989.8223717,1809465281.2478647,0.1882694660006966,0.3591160220994475,0.0151933701657458,986070074.1810884,269634916.5517769,716435157.6293113,2000000.0,5000000.0,2010,1.0,2.049065453554199,1.3753643371958135,True,success,,0.4559124000006704
treaty_sensitivity,29,treaty_indexation_sensitivity,outputs/step29_treaty_indexation_sensitivity/final_50/results.csv,long_shock_no_break,36,20260852,fixed_nominal,long,shock,False,2116412398.091709,646047953.8658504,1470364444.2258584,0.3052561752370984,0.6612685560053981,0.0310391363022942,901751895.9175948,475657647.8527157,426094248.0648789,2000000.0,5000000.0,2010,1.0,1.0,1.0,True,success,,0.2240480000036768
treaty_sensitivity,29,treaty_indexation_sensitivity,outputs/step29_treaty_indexation_sensitivity/final_50/results.csv,long_shock_no_break,36,20260852,fully_indexed,long,shock,False,2116412398.091709,350602277.05442536,1765810121.0372834,0.1656587711216162,0.3225371120107962,0.0107962213225371,901751895.9175948,226638785.7107043,675113110.2068905,2000000.0,5000000.0,2010,1.0,2.049065453554199,1.3753643371958135,True,success,,0.4484146000031614
treaty_sensitivity,29,treaty_indexation_sensitivity,outputs/step29_treaty_indexation_sensitivity/final_50/results.csv,long_shock_no_break,37,20260853,fixed_nominal,long,shock,False,2147871898.603944,683940913.4215964,1463930985.182347,0.3184272366830343,0.6684931506849315,0.0424657534246575,840927901.6283158,451023852.19317865,389904049.4351372,2000000.0,5000000.0,2010,1.0,1.0,1.0,True,success,,0.2265497000043979
treaty_sensitivity,29,treaty_indexation_sensitivity,outputs/step29_treaty_indexation_sensitivity/final_50/results.csv,long_shock_no_break,37,20260853,fully_indexed,long,shock,False,2147871898.603944,421248855.490922,1726623043.1130216,0.196123826455722,0.3561643835616438,0.0123287671232876,840927901.6283158,228683194.41228637,612244707.2160294,2000000.0,5000000.0,2010,1.0,2.049065453554199,1.3753643371958135,True,success,,0.4464378999982727
treaty_sensitivity,29,treaty_indexation_sensitivity,outputs/step29_treaty_indexation_sensitivity/final_50/results.csv,long_shock_no_break,38,20260854,fixed_nominal,long,shock,False,2247699682.147409,703070013.453906,1544629668.6935034,0.3127953520828932,0.7098092643051771,0.0395095367847411,989982657.6689516,498152941.3919744,491829716.2769772,2000000.0,5000000.0,2010,1.0,1.0,1.0,True,success,,0.2257300999990548
treaty_sensitivity,29,treaty_indexation_sensitivity,outputs/step29_treaty_indexation_sensitivity/final_50/results.csv,long_shock_no_break,38,20260854,fully_indexed,long,shock,False,2247699682.147409,418380425.8295349,1829319256.3178744,0.186137155756423,0.3310626702997275,0.0177111716621253,989982657.6689516,266422905.0111445,723559752.657807,2000000.0,5000000.0,2010,1.0,2.049065453554199,1.3753643371958135,True,success,,0.4468131999965408
treaty_sensitivity,29,treaty_indexation_sensitivity,outputs/step29_treaty_indexation_sensitivity/final_50/results.csv,long_shock_no_break,39,20260855,fixed_nominal,long,shock,False,2350117335.337983,735449109.5368961,1614668225.801087,0.3129414427433799,0.6797900262467191,0.0314960629921259,1060826218.4463428,549188294.1231586,511637924.32318425,2000000.0,5000000.0,2010,1.0,1.0,1.0,True,success,,0.2315623999966192
treaty_sensitivity,29,treaty_indexation_sensitivity,outputs/step29_treaty_indexation_sensitivity/final_50/results.csv,long_shock_no_break,39,20260855,fully_indexed,long,shock,False,2350117335.337983,411495795.488185,1938621539.849798,0.1750958513009758,0.3412073490813648,0.0144356955380577,1060826218.4463428,273960070.2457375,786866148.2006054,2000000.0,5000000.0,2010,1.0,2.049065453554199,1.3753643371958135,True,success,,0.452599399999599
treaty_sensitivity,29,treaty_indexation_sensitivity,outputs/step29_treaty_indexation_sensitivity/final_50/results.csv,long_shock_no_break,40,20260856,fixed_nominal,long,shock,False,2328588249.4253583,690247369.1064602,1638340880.318898,0.2964231092709487,0.6756393001345895,0.0390309555854643,905146122.5079912,452780648.94832695,452365473.5596641,2000000.0,5000000.0,2010,1.0,1.0,1.0,True,success,,0.2291812999974354
treaty_sensitivity,29,treaty_indexation_sensitivity,outputs/step29_treaty_indexation_sensitivity/final_50/results.csv,long_shock_no_break,40,20260856,fully_indexed,long,shock,False,2328588249.4253583,423689681.7480923,1904898567.677266,0.1819513097056335,0.3566621803499327,0.0228802153432032,905146122.5079912,233261636.40130797,671884486.1066833,2000000.0,5000000.0,2010,1.0,2.049065453554199,1.3753643371958135,True,success,,0.5140731999999844
treaty_sensitivity,29,treaty_indexation_sensitivity,outputs/step29_treaty_indexation_sensitivity/final_50/results.csv,long_shock_no_break,41,20260857,fixed_nominal,long,shock,False,2205427188.204737,736195606.5437065,1469231581.6610303,0.3338108872880019,0.7055630936227951,0.0325644504748982,973940941.6181208,527723637.3780478,446217304.24007297,2000000.0,5000000.0,2010,1.0,1.0,1.0,True,success,,0.2290761999975075
treaty_sensitivity,29,treaty_indexation_sensitivity,outputs/step29_treaty_indexation_sensitivity/final_50/results.csv,long_shock_no_break,41,20260857,fully_indexed,long,shock,False,2205427188.204737,396477511.521534,1808949676.683203,0.1797735666096847,0.3487109905020353,0.0135685210312075,973940941.6181208,242823362.1107689,731117579.5073519,2000000.0,5000000.0,2010,1.0,2.049065453554199,1.3753643371958135,True,success,,0.4714040000035311
treaty_sensitivity,29,treaty_indexation_sensitivity,outputs/step29_treaty_indexation_sensitivity/final_50/results.csv,long_shock_no_break,42,20260858,fixed_nominal,long,shock,False,2423077810.1913424,809248516.9522514,1613829293.239091,0.3339754561527464,0.7083906464924347,0.0563961485557083,1110285123.4278817,573216126.4132847,537068997.0145972,2000000.0,5000000.0,2010,1.0,1.0,1.0,True,success,,0.2280752000006032
treaty_sensitivity,29,treaty_indexation_sensitivity,outputs/step29_treaty_indexation_sensitivity/final_50/results.csv,long_shock_no_break,42,20260858,fully_indexed,long,shock,False,2423077810.1913424,508987820.3664388,1914089989.824904,0.2100583886434277,0.3878954607977992,0.0247592847317744,1110285123.4278817,326559119.8652901,783726003.5625917,2000000.0,5000000.0,2010,1.0,2.049065453554199,1.3753643371958135,True,success,,0.4549206000010599
treaty_sensitivity,29,treaty_indexation_sensitivity,outputs/step29_treaty_indexation_sensitivity/final_50/results.csv,long_shock_no_break,43,20260859,fixed_nominal,long,shock,False,2280537901.7725906,775403329.0620072,1505134572.7105837,0.3400089638761585,0.6844993141289437,0.046639231824417,1034493764.3754232,575741925.04194,458751839.33348334,2000000.0,5000000.0,2010,1.0,1.0,1.0,True,success,,0.2926892000032239
treaty_sensitivity,29,treaty_indexation_sensitivity,outputs/step29_treaty_indexation_sensitivity/final_50/results.csv,long_shock_no_break,43,20260859,fully_indexed,long,shock,False,2280537901.7725906,451210405.82144326,1829327495.951148,0.1978526230459627,0.3731138545953361,0.0150891632373113,1034493764.3754232,302328583.72660446,732165180.6488189,2000000.0,5000000.0,2010,1.0,2.049065453554199,1.3753643371958135,True,success,,0.4461886999997659
treaty_sensitivity,29,treaty_indexation_sensitivity,outputs/step29_treaty_indexation_sensitivity/final_50/results.csv,long_shock_no_break,44,20260860,fixed_nominal,long,shock,False,2377232926.715782,786917258.7635348,1590315667.952248,0.3310223621421416,0.7124518613607189,0.0397946084724005,1119251471.2466414,602022957.4882786,517228513.7583628,2000000.0,5000000.0,2010,1.0,1.0,1.0,True,success,,0.2273971999966306
treaty_sensitivity,29,treaty_indexation_sensitivity,outputs/step29_treaty_indexation_sensitivity/final_50/results.csv,long_shock_no_break,44,20260860,fully_indexed,long,shock,False,2377232926.715782,454475778.6447268,1922757148.071056,0.1911784804666148,0.3568677792041078,0.0077021822849807,1119251471.2466414,318294457.78326213,800957013.4633791,2000000.0,5000000.0,2010,1.0,2.049065453554199,1.3753643371958135,True,success,,0.4512296000029892
treaty_sensitivity,29,treaty_indexation_sensitivity,outputs/step29_treaty_indexation_sensitivity/final_50/results.csv,long_shock_no_break,45,20260861,fixed_nominal,long,shock,False,2408767331.466565,792216834.1492392,1616550497.3173263,0.3288888984005367,0.7032085561497327,0.0508021390374331,1004854902.0327576,530862191.2236451,473992710.8091123,2000000.0,5000000.0,2010,1.0,1.0,1.0,True,success,,0.2281464999978197
treaty_sensitivity,29,treaty_indexation_sensitivity,outputs/step29_treaty_indexation_sensitivity/final_50/results.csv,long_shock_no_break,45,20260861,fully_indexed,long,shock,False,2408767331.466565,503783732.6231965,1904983598.8433683,0.2091458672832757,0.4037433155080214,0.017379679144385,1004854902.0327576,296693595.22293365,708161306.8098239,2000000.0,5000000.0,2010,1.0,2.049065453554199,1.3753643371958135,True,success,,0.4512422999978298
treaty_sensitivity,29,treaty_indexation_sensitivity,outputs/step29_treaty_indexation_sensitivity/final_50/results.csv,long_shock_no_break,46,20260862,fixed_nominal,long,shock,False,2358001521.904384,762610815.0396503,1595390706.8647332,0.3234140470035599,0.6818181818181818,0.0389610389610389,1024945497.8013943,548516975.5585554,476428522.24283904,2000000.0,5000000.0,2010,1.0,1.0,1.0,True,success,,0.232232299997122
treaty_sensitivity,29,treaty_indexation_sensitivity,outputs/step29_treaty_indexation_sensitivity/final_50/results.csv,long_shock_no_break,46,20260862,fully_indexed,long,shock,False,2358001521.904384,457962573.4684433,1900038948.4359405,0.194216402837001,0.3857142857142857,0.0168831168831168,1024945497.8013943,303577123.4300188,721368374.3713758,2000000.0,5000000.0,2010,1.0,2.049065453554199,1.3753643371958135,True,success,,0.4511216999962926
treaty_sensitivity,29,treaty_indexation_sensitivity,outputs/step29_treaty_indexation_sensitivity/final_50/results.csv,long_shock_no_break,47,20260863,fixed_nominal,long,shock,False,2241177913.9190664,716139821.1201305,1525038092.7989354,0.3195372472093671,0.6769436997319035,0.0335120643431635,935004338.9855454,496091452.87260747,438912886.1129378,2000000.0,5000000.0,2010,1.0,1.0,1.0,True,success,,0.2256185999940498
treaty_sensitivity,29,treaty_indexation_sensitivity,outputs/step29_treaty_indexation_sensitivity/final_50/results.csv,long_shock_no_break,47,20260863,fully_indexed,long,shock,False,2241177913.9190664,401044272.819752,1840133641.0993145,0.1789435235502836,0.3552278820375335,0.0147453083109919,935004338.9855454,232896132.1857061,702108206.7998391,2000000.0,5000000.0,2010,1.0,2.049065453554199,1.3753643371958135,True,success,,0.4466567000054056
treaty_sensitivity,29,treaty_indexation_sensitivity,outputs/step29_treaty_indexation_sensitivity/final_50/results.csv,long_shock_no_break,48,20260864,fixed_nominal,long,shock,False,2151154448.422192,714208437.890044,1436946010.5321476,0.3320116965166749,0.6577086280056577,0.041018387553041,951791360.910537,510679603.9629409,441111756.947596,2000000.0,5000000.0,2010,1.0,1.0,1.0,True,success,,0.2262544000041089
treaty_sensitivity,29,treaty_indexation_sensitivity,outputs/step29_treaty_indexation_sensitivity/final_50/results.csv,long_shock_no_break,48,20260864,fully_indexed,long,shock,False,2151154448.422192,428737208.76371896,1722417239.6584723,0.1993056375278795,0.3606789250353607,0.0127298444130127,951791360.910537,267624313.77764505,684167047.1328919,2000000.0,5000000.0,2010,1.0,2.049065453554199,1.3753643371958135,True,success,,0.4597544000062044
treaty_sensitivity,29,treaty_indexation_sensitivity,outputs/step29_treaty_indexation_sensitivity/final_50/results.csv,long_shock_no_break,49,20260865,fixed_nominal,long,shock,False,2159024142.3361807,696641725.6992236,1462382416.636957,0.3226650930106875,0.6862745098039216,0.0392156862745098,893481496.458144,480424965.9308473,413056530.5272967,2000000.0,5000000.0,2010,1.0,1.0,1.0,True,success,,0.223765300004743
treaty_sensitivity,29,treaty_indexation_sensitivity,outputs/step29_treaty_indexation_sensitivity/final_50/results.csv,long_shock_no_break,49,20260865,fully_indexed,long,shock,False,2159024142.3361807,418784378.8252708,1740239763.5109096,0.1939692894643241,0.3683473389355742,0.0098039215686274,893481496.458144,259661779.60162097,633819716.8565229,2000000.0,5000000.0,2010,1.0,2.049065453554199,1.3753643371958135,True,success,,0.4471770000018296
treaty_sensitivity,29,treaty_indexation_sensitivity,outputs/step29_treaty_indexation_sensitivity/final_50/results.csv,long_shock_no_break,50,20260866,fixed_nominal,long,shock,False,2280479095.263133,724302230.463241,1556176864.7998917,0.3176096777066344,0.6905089408528198,0.0550206327372764,1023033990.794906,525605218.50871193,497428772.2861941,2000000.0,5000000.0,2010,1.0,1.0,1.0,True,success,,0.2285350000020116
treaty_sensitivity,29,treaty_indexation_sensitivity,outputs/step29_treaty_indexation_sensitivity/final_50/results.csv,long_shock_no_break,50,20260866,fully_indexed,long,shock,False,2280479095.263133,457148071.5214454,1823331023.7416875,0.2004614172833263,0.3796423658872077,0.0178817056396148,1023033990.794906,311463394.28721434,711570596.5076919,2000000.0,5000000.0,2010,1.0,2.049065453554199,1.3753643371958135,True,success,,0.4570189999940339
treaty_sensitivity,29,treaty_indexation_sensitivity,outputs/step29_treaty_indexation_sensitivity/final_50/results.csv,long_stable_break,1,20260817,fixed_nominal,long,stable,True,1771304586.6490989,405264789.30105567,1366039797.3480434,0.2287945237401115,0.5408895265423243,0.024390243902439,602481291.9983402,231211775.9309288,371269516.0674114,2000000.0,5000000.0,2010,1.0,1.0,1.0,True,success,,0.2274366999990889
treaty_sensitivity,29,treaty_indexation_sensitivity,outputs/step29_treaty_indexation_sensitivity/final_50/results.csv,long_stable_break,1,20260817,fully_indexed,long,stable,True,1771304586.6490989,253623543.51791948,1517681043.131179,0.1431846027100945,0.2309899569583931,0.0129124820659971,602481291.9983402,132718524.48730876,469762767.5110315,2000000.0,5000000.0,2010,1.0,1.7316764476028046,1.3349058425115268,True,success,,0.452314899994235
treaty_sensitivity,29,treaty_indexation_sensitivity,outputs/step29_treaty_indexation_sensitivity/final_50/results.csv,long_stable_break,2,20260818,fixed_nominal,long,stable,True,1894825541.846989,460703465.4143924,1434122076.4325967,0.2431376690042502,0.5417789757412399,0.0188679245283018,584977012.7306271,256776491.6519569,328200521.07867014,2000000.0,5000000.0,2010,1.0,1.0,1.0,True,success,,0.2384728999968501
treaty_sensitivity,29,treaty_indexation_sensitivity,outputs/step29_treaty_indexation_sensitivity/final_50/results.csv,long_stable_break,2,20260818,fully_indexed,long,stable,True,1894825541.846989,286874508.15097624,1607951033.696013,0.1513989028622361,0.2452830188679245,0.0094339622641509,584977012.7306271,138933229.64306718,446043783.0875599,2000000.0,5000000.0,2010,1.0,1.7316764476028046,1.3349058425115268,True,success,,0.4665626999994856
treaty_sensitivity,29,treaty_indexation_sensitivity,outputs/step29_treaty_indexation_sensitivity/final_50/results.csv,long_stable_break,3,20260819,fixed_nominal,long,stable,True,1944667248.8058665,511942252.421397,1432724996.384469,0.2632544219252717,0.5765645805592543,0.0239680426098535,536672585.6318958,243243518.29184556,293429067.3400503,2000000.0,5000000.0,2010,1.0,1.0,1.0,True,success,,0.2407691999978851
treaty_sensitivity,29,treaty_indexation_sensitivity,outputs/step29_treaty_indexation_sensitivity/final_50/results.csv,long_stable_break,3,20260819,fully_indexed,long,stable,True,1944667248.8058665,316215100.17353266,1628452148.6323335,0.1626062764042055,0.2689747003994673,0.0093209054593874,536672585.6318958,111930966.412944,424741619.2189518,2000000.0,5000000.0,2010,1.0,1.7316764476028046,1.3349058425115268,True,success,,0.4444229000000632
treaty_sensitivity,29,treaty_indexation_sensitivity,outputs/step29_treaty_indexation_sensitivity/final_50/results.csv,long_stable_break,4,20260820,fixed_nominal,long,stable,True,1807230508.7926729,400363619.3985031,1406866889.3941696,0.2215343407775732,0.5398351648351648,0.0164835164835164,557952232.4100175,217461486.31199485,340490746.0980226,2000000.0,5000000.0,2010,1.0,1.0,1.0,True,success,,0.2267231000005267
treaty_sensitivity,29,treaty_indexation_sensitivity,outputs/step29_treaty_indexation_sensitivity/final_50/results.csv,long_stable_break,4,20260820,fully_indexed,long,stable,True,1807230508.7926729,229716542.9762865,1577513965.8163862,0.1271097083956099,0.2403846153846154,0.0082417582417582,557952232.4100175,105463690.6973653,452488541.7126521,2000000.0,5000000.0,2010,1.0,1.7316764476028046,1.3349058425115268,True,success,,0.4657189999998081
treaty_sensitivity,29,treaty_indexation_sensitivity,outputs/step29_treaty_indexation_sensitivity/final_50/results.csv,long_stable_break,5,20260821,fixed_nominal,long,stable,True,1935079002.2320256,472832682.59232414,1462246319.6397016,0.2443479992532259,0.5413839891451832,0.0257801899592944,531630045.5206664,220374345.07132867,311255700.4493377,2000000.0,5000000.0,2010,1.0,1.0,1.0,True,success,,0.2337602000043261
treaty_sensitivity,29,treaty_indexation_sensitivity,outputs/step29_treaty_indexation_sensitivity/final_50/results.csv,long_stable_break,5,20260821,fully_indexed,long,stable,True,1935079002.2320256,296725541.826973,1638353460.405053,0.1533402726631386,0.2713704206241519,0.0149253731343283,531630045.5206664,100963177.76558204,430666867.7550844,2000000.0,5000000.0,2010,1.0,1.7316764476028046,1.3349058425115268,True,success,,0.4770980000030249
treaty_sensitivity,29,treaty_indexation_sensitivity,outputs/step29_treaty_indexation_sensitivity/final_50/results.csv,long_stable_break,6,20260822,fixed_nominal,long,stable,True,1900248699.206274,411568386.70293343,1488680312.5033402,0.2165865904156881,0.5369127516778524,0.0241610738255033,552707393.967971,219523830.48473483,333183563.4832361,2000000.0,5000000.0,2010,1.0,1.0,1.0,True,success,,0.228432600000815
treaty_sensitivity,29,treaty_indexation_sensitivity,outputs/step29_treaty_indexation_sensitivity/final_50/results.csv,long_stable_break,6,20260822,fully_indexed,long,stable,True,1900248699.206274,247465176.79575223,1652783522.4105215,0.1302277838154118,0.2429530201342281,0.0147651006711409,552707393.967971,102819225.6646816,449888168.3032893,2000000.0,5000000.0,2010,1.0,1.7316764476028046,1.3349058425115268,True,success,,0.4834904999952414
treaty_sensitivity,29,treaty_indexation_sensitivity,outputs/step29_treaty_indexation_sensitivity/final_50/results.csv,long_stable_break,7,20260823,fixed_nominal,long,stable,True,1801202291.3451152,416158474.0706903,1385043817.274425,0.2310448282629645,0.5647226173541963,0.011379800853485,540879747.4364166,225591484.27532625,315288263.16109025,2000000.0,5000000.0,2010,1.0,1.0,1.0,True,success,,0.2264854000022751
treaty_sensitivity,29,treaty_indexation_sensitivity,outputs/step29_treaty_indexation_sensitivity/final_50/results.csv,long_stable_break,7,20260823,fully_indexed,long,stable,True,1801202291.3451152,245927198.8397244,1555275092.505391,0.1365350244230863,0.2574679943100996,0.0071123755334281,540879747.4364166,107682882.15774351,433196865.278673,2000000.0,5000000.0,2010,1.0,1.7316764476028046,1.3349058425115268,True,success,,0.4483091000001877
treaty_sensitivity,29,treaty_indexation_sensitivity,outputs/step29_treaty_indexation_sensitivity/final_50/results.csv,long_stable_break,8,20260824,fixed_nominal,long,stable,True,2055500737.4386904,514488552.625598,1541012184.813092,0.2502984033305138,0.5736040609137056,0.0190355329949238,626324172.9059651,263026821.63594756,363297351.2700176,2000000.0,5000000.0,2010,1.0,1.0,1.0,True,success,,0.243054899998242
treaty_sensitivity,29,treaty_indexation_sensitivity,outputs/step29_treaty_indexation_sensitivity/final_50/results.csv,long_stable_break,8,20260824,fully_indexed,long,stable,True,2055500737.4386904,317360798.5394621,1738139938.899228,0.1543958573008919,0.2677664974619289,0.0076142131979695,626324172.9059651,132513920.06227204,493810252.84369314,2000000.0,5000000.0,2010,1.0,1.7316764476028046,1.3349058425115268,True,success,,0.4694975999955204
treaty_sensitivity,29,treaty_indexation_sensitivity,outputs/step29_treaty_indexation_sensitivity/final_50/results.csv,long_stable_break,9,20260825,fixed_nominal,long,stable,True,1873988328.5998693,466374846.6605038,1407613481.9393656,0.2488675300389682,0.5472972972972973,0.0202702702702702,588289564.2147598,254110422.9195186,334179141.29524124,2000000.0,5000000.0,2010,1.0,1.0,1.0,True,success,,0.2299969000014243
treaty_sensitivity,29,treaty_indexation_sensitivity,outputs/step29_treaty_indexation_sensitivity/final_50/results.csv,long_stable_break,9,20260825,fully_indexed,long,stable,True,1873988328.5998693,277044914.1222071,1596943414.4776623,0.1478370542089759,0.2662162162162162,0.0081081081081081,588289564.2147598,119058381.48320672,469231182.7315532,2000000.0,5000000.0,2010,1.0,1.7316764476028046,1.3349058425115268,True,success,,0.4594338000024436
treaty_sensitivity,29,treaty_indexation_sensitivity,outputs/step29_treaty_indexation_sensitivity/final_50/results.csv,long_stable_break,10,20260826,fixed_nominal,long,stable,True,2099039975.4358344,493151936.78864944,1605888038.647185,0.234941660263642,0.5429292929292929,0.029040404040404,659165908.9443651,263302626.44822067,395863282.4961445,2000000.0,5000000.0,2010,1.0,1.0,1.0,True,success,,0.2440418000041972
treaty_sensitivity,29,treaty_indexation_sensitivity,outputs/step29_treaty_indexation_sensitivity/final_50/results.csv,long_stable_break,10,20260826,fully_indexed,long,stable,True,2099039975.4358344,319461634.08041847,1779578341.3554158,0.1521941639125224,0.2613636363636363,0.0138888888888888,659165908.9443651,149583335.62477592,509582573.3195893,2000000.0,5000000.0,2010,1.0,1.7316764476028046,1.3349058425115268,True,success,,0.4686053000041283
treaty_sensitivity,29,treaty_indexation_sensitivity,outputs/step29_treaty_indexation_sensitivity/final_50/results.csv,long_stable_break,11,20260827,fixed_nominal,long,stable,True,1892052791.4843743,478797523.8814635,1413255267.602911,0.2530571694597548,0.5572413793103448,0.0275862068965517,600482365.8872306,269271119.8716828,331211246.015548,2000000.0,5000000.0,2010,1.0,1.0,1.0,True,success,,0.225335900002392
treaty_sensitivity,29,treaty_indexation_sensitivity,outputs/step29_treaty_indexation_sensitivity/final_50/results.csv,long_stable_break,11,20260827,fully_indexed,long,stable,True,1892052791.4843743,289367005.81321526,1602685785.6711593,0.1529381247265293,0.2524137931034483,0.0124137931034482,600482365.8872306,130345507.02295545,470136858.8642752,2000000.0,5000000.0,2010,1.0,1.7316764476028046,1.3349058425115268,True,success,,0.4842098999943118
treaty_sensitivity,29,treaty_indexation_sensitivity,outputs/step29_treaty_indexation_sensitivity/final_50/results.csv,long_stable_break,12,20260828,fixed_nominal,long,stable,True,1912453584.0081573,482213897.9251107,1430239686.083047,0.252144105330116,0.5344129554655871,0.0283400809716599,583792001.0262423,256138382.5904678,327653618.43577445,2000000.0,5000000.0,2010,1.0,1.0,1.0,True,success,,0.2254707000029157
treaty_sensitivity,29,treaty_indexation_sensitivity,outputs/step29_treaty_indexation_sensitivity/final_50/results.csv,long_stable_break,12,20260828,fully_indexed,long,stable,True,1912453584.0081573,301948262.7268222,1610505321.2813354,0.1578852764070713,0.2699055330634278,0.0094466936572199,583792001.0262423,143272381.05827487,440519619.9679674,2000000.0,5000000.0,2010,1.0,1.7316764476028046,1.3349058425115268,True,success,,0.446225299994694
treaty_sensitivity,29,treaty_indexation_sensitivity,outputs/step29_treaty_indexation_sensitivity/final_50/results.csv,long_stable_break,13,20260829,fixed_nominal,long,stable,True,2043753171.5018864,492122797.45904464,1551630374.042842,0.2407936556729108,0.5488721804511278,0.0263157894736842,590184965.3035393,259310089.688469,330874875.6150702,2000000.0,5000000.0,2010,1.0,1.0,1.0,True,success,,0.2291425000003073
treaty_sensitivity,29,treaty_indexation_sensitivity,outputs/step29_treaty_indexation_sensitivity/final_50/results.csv,long_stable_break,13,20260829,fully_indexed,long,stable,True,2043753171.5018864,300353842.7512949,1743399328.7505913,0.1469618968373636,0.2706766917293233,0.0087719298245614,590184965.3035393,130418940.20861197,459766025.0949273,2000000.0,5000000.0,2010,1.0,1.7316764476028046,1.3349058425115268,True,success,,0.4555481999996118
treaty_sensitivity,29,treaty_indexation_sensitivity,outputs/step29_treaty_indexation_sensitivity/final_50/results.csv,long_stable_break,14,20260830,fixed_nominal,long,stable,True,1879260091.7438064,454100013.2727298,1425160078.471076,0.2416376611559715,0.5445945945945946,0.0175675675675675,558426568.3072968,236606391.00806683,321820177.2992298,2000000.0,5000000.0,2010,1.0,1.0,1.0,True,success,,0.225743599999987
treaty_sensitivity,29,treaty_indexation_sensitivity,outputs/step29_treaty_indexation_sensitivity/final_50/results.csv,long_stable_break,14,20260830,fully_indexed,long,stable,True,1879260091.7438064,280699585.44022965,1598560506.3035765,0.1493670762623189,0.2608108108108108,0.0081081081081081,558426568.3072968,134033478.412425,424393089.89487165,2000000.0,5000000.0,2010,1.0,1.7316764476028046,1.3349058425115268,True,success,,0.4512606999996933
treaty_sensitivity,29,treaty_indexation_sensitivity,outputs/step29_treaty_indexation_sensitivity/final_50/results.csv,long_stable_break,15,20260831,fixed_nominal,long,stable,True,2058282526.696905,534523396.03783226,1523759130.6590722,0.2596938899809959,0.5929919137466307,0.0336927223719676,630346883.8524225,248017242.1260349,382329641.7263876,2000000.0,5000000.0,2010,1.0,1.0,1.0,True,success,,0.2263754000014159
treaty_sensitivity,29,treaty_indexation_sensitivity,outputs/step29_treaty_indexation_sensitivity/final_50/results.csv,long_stable_break,15,20260831,fully_indexed,long,stable,True,2058282526.696905,361380349.0127994,1696902177.6841054,0.1755737340843758,0.2628032345013477,0.0161725067385444,630346883.8524225,141681821.34378135,488665062.5086411,2000000.0,5000000.0,2010,1.0,1.7316764476028046,1.3349058425115268,True,success,,0.4519629999995231
treaty_sensitivity,29,treaty_indexation_sensitivity,outputs/step29_treaty_indexation_sensitivity/final_50/results.csv,long_stable_break,16,20260832,fixed_nominal,long,stable,True,2057066523.481706,501564622.0656883,1555501901.4160178,0.2438251832598785,0.5581699346405229,0.0222222222222222,588755800.4030962,246078084.0682737,342677716.33482254,2000000.0,5000000.0,2010,1.0,1.0,1.0,True,success,,0.2264343999995617
treaty_sensitivity,29,treaty_indexation_sensitivity,outputs/step29_treaty_indexation_sensitivity/final_50/results.csv,long_stable_break,16,20260832,fully_indexed,long,stable,True,2057066523.481706,326432584.81897295,1730633938.6627336,0.1586883949024976,0.2679738562091503,0.0130718954248366,588755800.4030962,127005597.87703703,461750202.5260592,2000000.0,5000000.0,2010,1.0,1.7316764476028046,1.3349058425115268,True,success,,0.4457936000035261
treaty_sensitivity,29,treaty_indexation_sensitivity,outputs/step29_treaty_indexation_sensitivity/final_50/results.csv,long_stable_break,17,20260833,fixed_nominal,long,stable,True,1843964298.695911,408134143.9970076,1435830154.698903,0.221335165917067,0.5383580080753702,0.0148048452220726,608541086.566274,238325391.90788227,370215694.65839183,2000000.0,5000000.0,2010,1.0,1.0,1.0,True,success,,0.2295671999963815
treaty_sensitivity,29,treaty_indexation_sensitivity,outputs/step29_treaty_indexation_sensitivity/final_50/results.csv,long_stable_break,17,20260833,fully_indexed,long,stable,True,1843964298.695911,231911476.2163731,1612052822.4795375,0.1257678775995747,0.2422611036339165,0.0067294751009421,608541086.566274,111048946.45415652,497492140.1121176,2000000.0,5000000.0,2010,1.0,1.7316764476028046,1.3349058425115268,True,success,,0.4486711999998078
treaty_sensitivity,29,treaty_indexation_sensitivity,outputs/step29_treaty_indexation_sensitivity/final_50/results.csv,long_stable_break,18,20260834,fixed_nominal,long,stable,True,1877605248.4772933,477020951.7948272,1400584296.6824665,0.254058169139484,0.574585635359116,0.0276243093922651,555450199.1058099,237985737.90646395,317464461.19934595,2000000.0,5000000.0,2010,1.0,1.0,1.0,True,success,,0.2243844000040553
treaty_sensitivity,29,treaty_indexation_sensitivity,outputs/step29_treaty_indexation_sensitivity/final_50/results.csv,long_stable_break,18,20260834,fully_indexed,long,stable,True,1877605248.4772933,303315239.9716645,1574290008.5056288,0.1615436685733852,0.2693370165745856,0.0096685082872928,555450199.1058099,118419855.40979262,437030343.6960173,2000000.0,5000000.0,2010,1.0,1.7316764476028046,1.3349058425115268,True,success,,0.4591648999994504
treaty_sensitivity,29,treaty_indexation_sensitivity,outputs/step29_treaty_indexation_sensitivity/final_50/results.csv,long_stable_break,19,20260835,fixed_nominal,long,stable,True,2076227976.086472,527810508.641206,1548417467.4452662,0.2542160662125783,0.5717821782178217,0.0198019801980198,602987440.6868263,267381657.62293705,335605783.0638893,2000000.0,5000000.0,2010,1.0,1.0,1.0,True,success,,0.2277800000010756
treaty_sensitivity,29,treaty_indexation_sensitivity,outputs/step29_treaty_indexation_sensitivity/final_50/results.csv,long_stable_break,19,20260835,fully_indexed,long,stable,True,2076227976.086472,316060466.222771,1760167509.863701,0.1522282089746812,0.2871287128712871,0.0086633663366336,602987440.6868263,134974793.58996344,468012647.09686285,2000000.0,5000000.0,2010,1.0,1.7316764476028046,1.3349058425115268,True,success,,0.452176300001156
treaty_sensitivity,29,treaty_indexation_sensitivity,outputs/step29_treaty_indexation_sensitivity/final_50/results.csv,long_stable_break,20,20260836,fixed_nominal,long,stable,True,1991611492.910179,487089976.1029686,1504521516.8072104,0.2445707799121122,0.5580182529335072,0.0208604954367666,641628083.1381426,262013043.90070617,379615039.2374363,2000000.0,5000000.0,2010,1.0,1.0,1.0,True,success,,0.2303883000058704
treaty_sensitivity,29,treaty_indexation_sensitivity,outputs/step29_treaty_indexation_sensitivity/final_50/results.csv,long_stable_break,20,20260836,fully_indexed,long,stable,True,1991611492.910179,301047505.1640581,1690563987.7461207,0.151157746496111,0.2646675358539765,0.0078226857887874,641628083.1381426,146641237.38912457,494986845.749018,2000000.0,5000000.0,2010,1.0,1.7316764476028046,1.3349058425115268,True,success,,0.4549282000007224
treaty_sensitivity,29,treaty_indexation_sensitivity,outputs/step29_treaty_indexation_sensitivity/final_50/results.csv,long_stable_break,21,20260837,fixed_nominal,long,stable,True,1922222465.9352448,433546510.4495417,1488675955.4857028,0.2255443988053705,0.525065963060686,0.0184696569920844,587112556.203232,231881573.718374,355230982.48485804,2000000.0,5000000.0,2010,1.0,1.0,1.0,True,success,,0.2263719000038691
treaty_sensitivity,29,treaty_indexation_sensitivity,outputs/step29_treaty_indexation_sensitivity/final_50/results.csv,long_stable_break,21,20260837,fully_indexed,long,stable,True,1922222465.9352448,261235350.24028373,1660987115.6949608,0.1359027661312767,0.2242744063324538,0.0131926121372031,587112556.203232,109714593.6942994,477397962.5089326,2000000.0,5000000.0,2010,1.0,1.7316764476028046,1.3349058425115268,True,success,,0.4543132000035257
treaty_sensitivity,29,treaty_indexation_sensitivity,outputs/step29_treaty_indexation_sensitivity/final_50/results.csv,long_stable_break,22,20260838,fixed_nominal,long,stable,True,1839675880.3080652,455759546.3493557,1383916333.9587102,0.2477390453545739,0.5355191256830601,0.0286885245901639,560863540.8955142,242912960.2702518,317950580.6252623,2000000.0,5000000.0,2010,1.0,1.0,1.0,True,success,,0.2270552000045427
treaty_sensitivity,29,treaty_indexation_sensitivity,outputs/step29_treaty_indexation_sensitivity/final_50/results.csv,long_stable_break,22,20260838,fully_indexed,long,stable,True,1839675880.3080652,270317950.3393874,1569357929.9686785,0.1469378129228508,0.2527322404371585,0.0095628415300546,560863540.8955142,111070409.80732122,449793131.08819294,2000000.0,5000000.0,2010,1.0,1.7316764476028046,1.3349058425115268,True,success,,0.4482990000033169
treaty_sensitivity,29,treaty_indexation_sensitivity,outputs/step29_treaty_indexation_sensitivity/final_50/results.csv,long_stable_break,23,20260839,fixed_nominal,long,stable,True,1922737386.562352,488371855.45415217,1434365531.1081991,0.2539982105030519,0.5704514363885089,0.0246238030095759,643475755.4662353,284791008.68740845,358684746.77882683,2000000.0,5000000.0,2010,1.0,1.0,1.0,True,success,,0.2696486000058939
treaty_sensitivity,29,treaty_indexation_sensitivity,outputs/step29_treaty_indexation_sensitivity/final_50/results.csv,long_stable_break,23,20260839,fully_indexed,long,stable,True,1922737386.562352,312297658.68224293,1610439727.8801084,0.1624234598363938,0.2722298221614227,0.0109439124487004,643475755.4662353,171140363.3693791,472335392.0968562,2000000.0,5000000.0,2010,1.0,1.7316764476028046,1.3349058425115268,True,success,,0.4549878999969223
treaty_sensitivity,29,treaty_indexation_sensitivity,outputs/step29_treaty_indexation_sensitivity/final_50/results.csv,long_stable_break,24,20260840,fixed_nominal,long,stable,True,2144813606.6956437,510334645.8748081,1634478960.8208354,0.2379389259195549,0.5723350253807107,0.0291878172588832,608293069.2819995,240195288.976933,368097780.30506647,2000000.0,5000000.0,2010,1.0,1.0,1.0,True,success,,0.2299647000036202
treaty_sensitivity,29,treaty_indexation_sensitivity,outputs/step29_treaty_indexation_sensitivity/final_50/results.csv,long_stable_break,24,20260840,fully_indexed,long,stable,True,2144813606.6956437,333439638.4613234,1811373968.23432,0.1554632241330421,0.2753807106598985,0.0177664974619289,608293069.2819995,132226568.96586405,476066500.3161354,2000000.0,5000000.0,2010,1.0,1.7316764476028046,1.3349058425115268,True,success,,0.4642673999987892
treaty_sensitivity,29,treaty_indexation_sensitivity,outputs/step29_treaty_indexation_sensitivity/final_50/results.csv,long_stable_break,25,20260841,fixed_nominal,long,stable,True,2062622075.6966825,536009202.226341,1526612873.4703414,0.2598678684486084,0.589238845144357,0.0275590551181102,681863916.6557088,275809625.6100403,406054291.0456685,2000000.0,5000000.0,2010,1.0,1.0,1.0,True,success,,0.2708656000031624
treaty_sensitivity,29,treaty_indexation_sensitivity,outputs/step29_treaty_indexation_sensitivity/final_50/results.csv,long_stable_break,25,20260841,fully_indexed,long,stable,True,2062622075.6966825,335061928.99048185,1727560146.7062006,0.1624446537920959,0.2703412073490813,0.0157480314960629,681863916.6557088,144659980.42275032,537203936.2329586,2000000.0,5000000.0,2010,1.0,1.7316764476028046,1.3349058425115268,True,success,,0.4525816000023042
treaty_sensitivity,29,treaty_indexation_sensitivity,outputs/step29_treaty_indexation_sensitivity/final_50/results.csv,long_stable_break,26,20260842,fixed_nominal,long,stable,True,1904282882.6091151,465011599.8133429,1439271282.7957723,0.244192501051218,0.576043068640646,0.0201884253028263,539186259.8711406,240337604.38350868,298848655.4876319,2000000.0,5000000.0,2010,1.0,1.0,1.0,True,success,,0.2267110999964643
treaty_sensitivity,29,treaty_indexation_sensitivity,outputs/step29_treaty_indexation_sensitivity/final_50/results.csv,long_stable_break,26,20260842,fully_indexed,long,stable,True,1904282882.6091151,274933461.23569566,1629349421.3734193,0.1443763758769921,0.2772543741588156,0.0107671601615074,539186259.8711406,115507467.27947162,423678792.59166896,2000000.0,5000000.0,2010,1.0,1.7316764476028046,1.3349058425115268,True,success,,0.4509602000034647
treaty_sensitivity,29,treaty_indexation_sensitivity,outputs/step29_treaty_indexation_sensitivity/final_50/results.csv,long_stable_break,27,20260843,fixed_nominal,long,stable,True,2004263416.341024,523992157.4591733,1480271258.8818512,0.2614387675726634,0.5624161073825503,0.0295302013422818,665893784.8470347,273521756.59783304,392372028.2492018,2000000.0,5000000.0,2010,1.0,1.0,1.0,True,success,,0.2327529999965918
treaty_sensitivity,29,treaty_indexation_sensitivity,outputs/step29_treaty_indexation_sensitivity/final_50/results.csv,long_stable_break,27,20260843,fully_indexed,long,stable,True,2004263416.341024,340745301.95836025,1663518114.382664,0.1700102387641359,0.276510067114094,0.0161073825503355,665893784.8470347,150762427.8690385,515131356.9779962,2000000.0,5000000.0,2010,1.0,1.7316764476028046,1.3349058425115268,True,success,,0.4598588000008021
treaty_sensitivity,29,treaty_indexation_sensitivity,outputs/step29_treaty_indexation_sensitivity/final_50/results.csv,long_stable_break,28,20260844,fixed_nominal,long,stable,True,1883310014.136478,431398814.36684793,1451911199.7696302,0.2290641536065159,0.5397877984084881,0.019893899204244,566308382.5568337,215862813.93406263,350445568.622771,2000000.0,5000000.0,2010,1.0,1.0,1.0,True,success,,0.2307357000026968
treaty_sensitivity,29,treaty_indexation_sensitivity,outputs/step29_treaty_indexation_sensitivity/final_50/results.csv,long_stable_break,28,20260844,fully_indexed,long,stable,True,1883310014.136478,262865512.0308251,1620444502.1056528,0.1395763363746315,0.2440318302387268,0.006631299734748,566308382.5568337,105530535.02760953,460777847.5292242,2000000.0,5000000.0,2010,1.0,1.7316764476028046,1.3349058425115268,True,success,,0.4573547000036342
treaty_sensitivity,29,treaty_indexation_sensitivity,outputs/step29_treaty_indexation_sensitivity/final_50/results.csv,long_stable_break,29,20260845,fixed_nominal,long,stable,True,1690735741.8892264,417883831.7998371,1272851910.089389,0.247160937955268,0.5476190476190477,0.019345238095238,493079029.0703968,225852297.4018422,267226731.6685545,2000000.0,5000000.0,2010,1.0,1.0,1.0,True,success,,0.2245356999992509
treaty_sensitivity,29,treaty_indexation_sensitivity,outputs/step29_treaty_indexation_sensitivity/final_50/results.csv,long_stable_break,29,20260845,fully_indexed,long,stable,True,1690735741.8892264,251346892.9497633,1439388848.939463,0.1486612524491311,0.2708333333333333,0.0089285714285714,493079029.0703968,117630248.19364148,375448780.8767553,2000000.0,5000000.0,2010,1.0,1.7316764476028046,1.3349058425115268,True,success,,0.4493287000004784
treaty_sensitivity,29,treaty_indexation_sensitivity,outputs/step29_treaty_indexation_sensitivity/final_50/results.csv,long_stable_break,30,20260846,fixed_nominal,long,stable,True,1787233587.6866405,402162223.8344976,1385071363.8521426,0.2250193967958315,0.5722460658082976,0.0228898426323319,547004785.4747375,219982674.76817584,327022110.7065617,2000000.0,5000000.0,2010,1.0,1.0,1.0,True,success,,0.2226327999960631
treaty_sensitivity,29,treaty_indexation_sensitivity,outputs/step29_treaty_indexation_sensitivity/final_50/results.csv,long_stable_break,30,20260846,fully_indexed,long,stable,True,1787233587.6866405,245502269.4196911,1541731318.266949,0.1373643999928763,0.2246065808297568,0.0085836909871244,547004785.4747375,109268273.99410333,437736511.4806342,2000000.0,5000000.0,2010,1.0,1.7316764476028046,1.3349058425115268,True,success,,0.4449979999990319
treaty_sensitivity,29,treaty_indexation_sensitivity,outputs/step29_treaty_indexation_sensitivity/final_50/results.csv,long_stable_break,31,20260847,fixed_nominal,long,stable,True,2044998841.03436,520029115.7357475,1524969725.298612,0.2542931102458312,0.5699067909454061,0.033288948069241,646223455.3267366,260791367.4203238,385432087.9064128,2000000.0,5000000.0,2010,1.0,1.0,1.0,True,success,,0.2246012999967206
treaty_sensitivity,29,treaty_indexation_sensitivity,outputs/step29_treaty_indexation_sensitivity/final_50/results.csv,long_stable_break,31,20260847,fully_indexed,long,stable,True,2044998841.03436,359124107.40026593,1685874733.634094,0.1756109099888883,0.2743009320905459,0.0186418109187749,646223455.3267366,153236671.00471404,492986784.3220225,2000000.0,5000000.0,2010,1.0,1.7316764476028046,1.3349058425115268,True,success,,0.4456626000028336
treaty_sensitivity,29,treaty_indexation_sensitivity,outputs/step29_treaty_indexation_sensitivity/final_50/results.csv,long_stable_break,32,20260848,fixed_nominal,long,stable,True,1971960127.61859,470048675.3829865,1501911452.235604,0.2383662168416326,0.5430916552667578,0.0287277701778385,591356811.3197736,226772033.53442088,364584777.7853527,2000000.0,5000000.0,2010,1.0,1.0,1.0,True,success,,0.2769528999997419
treaty_sensitivity,29,treaty_indexation_sensitivity,outputs/step29_treaty_indexation_sensitivity/final_50/results.csv,long_stable_break,32,20260848,fully_indexed,long,stable,True,1971960127.61859,322340652.7799503,1649619474.8386395,0.1634620539560404,0.2612859097127223,0.0177838577291381,591356811.3197736,129985239.39603592,461371571.9237377,2000000.0,5000000.0,2010,1.0,1.7316764476028046,1.3349058425115268,True,success,,0.4776750000019092
treaty_sensitivity,29,treaty_indexation_sensitivity,outputs/step29_treaty_indexation_sensitivity/final_50/results.csv,long_stable_break,33,20260849,fixed_nominal,long,stable,True,2019556971.8801744,491856046.919062,1527700924.9611125,0.2435465073615388,0.5466155810983397,0.0306513409961685,612204993.7536974,253005457.5214731,359199536.2322243,2000000.0,5000000.0,2010,1.0,1.0,1.0,True,success,,0.2288508000056026
treaty_sensitivity,29,treaty_indexation_sensitivity,outputs/step29_treaty_indexation_sensitivity/final_50/results.csv,long_stable_break,33,20260849,fully_indexed,long,stable,True,2019556971.8801744,323461153.493816,1696095818.3863585,0.1601644113028804,0.247765006385696,0.0114942528735632,612204993.7536974,155859579.65098995,456345414.1027074,2000000.0,5000000.0,2010,1.0,1.7316764476028046,1.3349058425115268,True,success,,0.5372443000014755
treaty_sensitivity,29,treaty_indexation_sensitivity,outputs/step29_treaty_indexation_sensitivity/final_50/results.csv,long_stable_break,34,20260850,fixed_nominal,long,stable,True,1934009592.410717,485158551.55826926,1448851040.8524475,0.2508563315622057,0.5742971887550201,0.0227576974564926,623567954.7445554,273828789.94901365,349739164.79554176,2000000.0,5000000.0,2010,1.0,1.0,1.0,True,success,,0.2858835000006365
treaty_sensitivity,29,treaty_indexation_sensitivity,outputs/step29_treaty_indexation_sensitivity/final_50/results.csv,long_stable_break,34,20260850,fully_indexed,long,stable,True,1934009592.410717,292918564.30781734,1641091028.1028998,0.1514566243400573,0.2744310575635877,0.0080321285140562,623567954.7445554,139786022.8094948,483781931.9350605,2000000.0,5000000.0,2010,1.0,1.7316764476028046,1.3349058425115268,True,success,,0.453327299997909
treaty_sensitivity,29,treaty_indexation_sensitivity,outputs/step29_treaty_indexation_sensitivity/final_50/results.csv,long_stable_break,35,20260851,fixed_nominal,long,stable,True,1890483060.619498,466688437.20140254,1423794623.4180954,0.2468620041739342,0.574585635359116,0.0207182320441988,578791421.0430834,237624630.76057592,341166790.28250754,2000000.0,5000000.0,2010,1.0,1.0,1.0,True,success,,0.2288646000015433
treaty_sensitivity,29,treaty_indexation_sensitivity,outputs/step29_treaty_indexation_sensitivity/final_50/results.csv,long_stable_break,35,20260851,fully_indexed,long,stable,True,1890483060.619498,288789009.1426366,1601694051.4768617,0.1527593741294896,0.2707182320441988,0.011049723756906,578791421.0430834,126005103.28630184,452786317.7567817,2000000.0,5000000.0,2010,1.0,1.7316764476028046,1.3349058425115268,True,success,,0.4544552000006661
treaty_sensitivity,29,treaty_indexation_sensitivity,outputs/step29_treaty_indexation_sensitivity/final_50/results.csv,long_stable_break,36,20260852,fixed_nominal,long,stable,True,1812649720.020805,408596891.6631244,1404052828.3576808,0.2254141476702044,0.5276653171390013,0.0161943319838056,548717274.3071092,225883142.3574996,322834131.9496097,2000000.0,5000000.0,2010,1.0,1.0,1.0,True,success,,0.2273089000009349
treaty_sensitivity,29,treaty_indexation_sensitivity,outputs/step29_treaty_indexation_sensitivity/final_50/results.csv,long_stable_break,36,20260852,fully_indexed,long,stable,True,1812649720.020805,241885320.6350341,1570764399.385771,0.1334429470643991,0.2361673414304993,0.0067476383265856,548717274.3071092,110519334.43457326,438197939.87253606,2000000.0,5000000.0,2010,1.0,1.7316764476028046,1.3349058425115268,True,success,,0.4757805000044754
treaty_sensitivity,29,treaty_indexation_sensitivity,outputs/step29_treaty_indexation_sensitivity/final_50/results.csv,long_stable_break,37,20260853,fixed_nominal,long,stable,True,1859631768.569134,462425869.8574584,1397205898.7116756,0.2486652882969756,0.5397260273972603,0.0246575342465753,502639009.2833076,216265281.0484224,286373728.2348852,2000000.0,5000000.0,2010,1.0,1.0,1.0,True,success,,0.2241987000015797
treaty_sensitivity,29,treaty_indexation_sensitivity,outputs/step29_treaty_indexation_sensitivity/final_50/results.csv,long_stable_break,37,20260853,fully_indexed,long,stable,True,1859631768.569134,304151424.23473275,1555480344.3344016,0.1635546506439592,0.2794520547945205,0.0123287671232876,502639009.2833076,108033605.26212768,394605404.0211799,2000000.0,5000000.0,2010,1.0,1.7316764476028046,1.3349058425115268,True,success,,0.4473018999997293
treaty_sensitivity,29,treaty_indexation_sensitivity,outputs/step29_treaty_indexation_sensitivity/final_50/results.csv,long_stable_break,38,20260854,fixed_nominal,long,stable,True,1910838516.7635615,458249879.650599,1452588637.1129622,0.2398161203212237,0.5803814713896458,0.0231607629427792,590713333.2441022,240838392.9348655,349874940.3092368,2000000.0,5000000.0,2010,1.0,1.0,1.0,True,success,,0.2272707000010996
treaty_sensitivity,29,treaty_indexation_sensitivity,outputs/step29_treaty_indexation_sensitivity/final_50/results.csv,long_stable_break,38,20260854,fully_indexed,long,stable,True,1910838516.7635615,296802033.92182946,1614036482.841732,0.1553255449469016,0.2452316076294278,0.0122615803814713,590713333.2441022,135797300.0137352,454916033.2303671,2000000.0,5000000.0,2010,1.0,1.7316764476028046,1.3349058425115268,True,success,,0.4468968000001041
treaty_sensitivity,29,treaty_indexation_sensitivity,outputs/step29_treaty_indexation_sensitivity/final_50/results.csv,long_stable_break,39,20260855,fixed_nominal,long,stable,True,1983795100.8723695,457047060.0701285,1526748040.802241,0.2303902554599227,0.5498687664041995,0.0196850393700787,616181844.9205705,248628660.0713047,367553184.8492659,2000000.0,5000000.0,2010,1.0,1.0,1.0,True,success,,0.2283258000024943
treaty_sensitivity,29,treaty_indexation_sensitivity,outputs/step29_treaty_indexation_sensitivity/final_50/results.csv,long_stable_break,39,20260855,fully_indexed,long,stable,True,1983795100.8723695,274270257.7814467,1709524843.0909235,0.1382553357757749,0.2454068241469816,0.0104986876640419,616181844.9205705,124756523.85849656,491425321.062074,2000000.0,5000000.0,2010,1.0,1.7316764476028046,1.3349058425115268,True,success,,0.4520080000002053
treaty_sensitivity,29,treaty_indexation_sensitivity,outputs/step29_treaty_indexation_sensitivity/final_50/results.csv,long_stable_break,40,20260856,fixed_nominal,long,stable,True,2009279168.8345768,460003254.26830167,1549275914.5662754,0.2289394432606958,0.5477792732166891,0.0323014804845222,511167251.494045,202538327.5274703,308628923.9665747,2000000.0,5000000.0,2010,1.0,1.0,1.0,True,success,,0.2286147999984678
treaty_sensitivity,29,treaty_indexation_sensitivity,outputs/step29_treaty_indexation_sensitivity/final_50/results.csv,long_stable_break,40,20260856,fully_indexed,long,stable,True,2009279168.8345768,309465048.5126324,1699814120.3219442,0.1540179449987174,0.2597577388963661,0.0188425302826379,511167251.494045,104873528.50217566,406293722.9918693,2000000.0,5000000.0,2010,1.0,1.7316764476028046,1.3349058425115268,True,success,,0.4511913000023924
treaty_sensitivity,29,treaty_indexation_sensitivity,outputs/step29_treaty_indexation_sensitivity/final_50/results.csv,long_stable_break,41,20260857,fixed_nominal,long,stable,True,1873308863.94188,462353819.6355547,1410955044.3063252,0.246811312611127,0.5603799185888738,0.0149253731343283,580137284.556185,237761727.8131146,342375556.7430704,2000000.0,5000000.0,2010,1.0,1.0,1.0,True,success,,0.2502289999974891
treaty_sensitivity,29,treaty_indexation_sensitivity,outputs/step29_treaty_indexation_sensitivity/final_50/results.csv,long_stable_break,41,20260857,fully_indexed,long,stable,True,1873308863.94188,272577309.2875532,1600731554.654327,0.1455058023448342,0.248303934871099,0.010854816824966,580137284.556185,109211791.15110213,470925493.4050828,2000000.0,5000000.0,2010,1.0,1.7316764476028046,1.3349058425115268,True,success,,0.4511598000026424
treaty_sensitivity,29,treaty_indexation_sensitivity,outputs/step29_treaty_indexation_sensitivity/final_50/results.csv,long_stable_break,42,20260858,fixed_nominal,long,stable,True,2047801127.4810145,539702876.7792287,1508098250.701785,0.2635523877472972,0.5859697386519945,0.0385144429160935,666449220.282101,286086171.4392781,380363048.8428229,2000000.0,5000000.0,2010,1.0,1.0,1.0,True,success,,0.2313699000005726
treaty_sensitivity,29,treaty_indexation_sensitivity,outputs/step29_treaty_indexation_sensitivity/final_50/results.csv,long_stable_break,42,20260858,fully_indexed,long,stable,True,2047801127.4810145,355990875.5108059,1691810251.9702082,0.1738405505952171,0.2888583218707015,0.0178817056396148,666449220.282101,163333262.2008756,503115958.0812254,2000000.0,5000000.0,2010,1.0,1.7316764476028046,1.3349058425115268,True,success,,0.4665154999966034
treaty_sensitivity,29,treaty_indexation_sensitivity,outputs/step29_treaty_indexation_sensitivity/final_50/results.csv,long_stable_break,43,20260859,fixed_nominal,long,stable,True,1930704097.0038788,501401574.1559708,1429302522.8479085,0.2596988191686442,0.5761316872427984,0.0219478737997256,620191074.6254303,279696329.06412506,340494745.5613052,2000000.0,5000000.0,2010,1.0,1.0,1.0,True,success,,0.2248820000022533
treaty_sensitivity,29,treaty_indexation_sensitivity,outputs/step29_treaty_indexation_sensitivity/final_50/results.csv,long_stable_break,43,20260859,fully_indexed,long,stable,True,1930704097.0038788,300005107.98710537,1630698989.0167737,0.1553863735269748,0.2729766803840878,0.0109739368998628,620191074.6254303,138862904.83582938,481328169.7896009,2000000.0,5000000.0,2010,1.0,1.7316764476028046,1.3349058425115268,True,success,,0.4477388000013889
treaty_sensitivity,29,treaty_indexation_sensitivity,outputs/step29_treaty_indexation_sensitivity/final_50/results.csv,long_stable_break,44,20260860,fixed_nominal,long,stable,True,2002891492.0772915,499566852.5018919,1503324639.5753994,0.249422824190924,0.5673940949935815,0.0231065468549422,685998419.9205058,299182246.83992195,386816173.0805838,2000000.0,5000000.0,2010,1.0,1.0,1.0,True,success,,0.2244764999995823
treaty_sensitivity,29,treaty_indexation_sensitivity,outputs/step29_treaty_indexation_sensitivity/final_50/results.csv,long_stable_break,44,20260860,fully_indexed,long,stable,True,2002891492.0772915,298412473.7083317,1704479018.3689594,0.1489908339461936,0.2580231065468549,0.0064184852374839,685998419.9205058,158280378.36166543,527718041.5588403,2000000.0,5000000.0,2010,1.0,1.7316764476028046,1.3349058425115268,True,success,,0.4564966000034474
treaty_sensitivity,29,treaty_indexation_sensitivity,outputs/step29_treaty_indexation_sensitivity/final_50/results.csv,long_stable_break,45,20260861,fixed_nominal,long,stable,True,2063228949.6548629,539338901.1186068,1523890048.5362563,0.2614052605305036,0.5628342245989305,0.0267379679144385,590828088.6831056,256522651.401729,334305437.2813765,2000000.0,5000000.0,2010,1.0,1.0,1.0,True,success,,0.2269378999990294
treaty_sensitivity,29,treaty_indexation_sensitivity,outputs/step29_treaty_indexation_sensitivity/final_50/results.csv,long_stable_break,45,20260861,fully_indexed,long,stable,True,2063228949.6548629,357116712.2882545,1706112237.3666086,0.1730863229444279,0.3141711229946524,0.0133689839572192,590828088.6831056,142962180.2490027,447865908.4341028,2000000.0,5000000.0,2010,1.0,1.7316764476028046,1.3349058425115268,True,success,,0.452659800001129
treaty_sensitivity,29,treaty_indexation_sensitivity,outputs/step29_treaty_indexation_sensitivity/final_50/results.csv,long_stable_break,46,20260862,fixed_nominal,long,stable,True,2010674502.926077,503612483.6975153,1507062019.228562,0.2504694235514612,0.5766233766233766,0.0246753246753246,620386392.4287188,271693077.38419163,348693315.0445272,2000000.0,5000000.0,2010,1.0,1.0,1.0,True,success,,0.2248644999999669
treaty_sensitivity,29,treaty_indexation_sensitivity,outputs/step29_treaty_indexation_sensitivity/final_50/results.csv,long_stable_break,46,20260862,fully_indexed,long,stable,True,2010674502.926077,314519626.5035587,1696154876.4225185,0.1564249340436989,0.2844155844155844,0.009090909090909,620386392.4287188,156920706.89080703,463465685.5379117,2000000.0,5000000.0,2010,1.0,1.7316764476028046,1.3349058425115268,True,success,,0.5203476000024239
treaty_sensitivity,29,treaty_indexation_sensitivity,outputs/step29_treaty_indexation_sensitivity/final_50/results.csv,long_stable_break,47,20260863,fixed_nominal,long,stable,True,1923312463.179244,461353791.9894523,1461958671.1897912,0.2398745917898501,0.5482573726541555,0.0201072386058981,561155380.2123573,224925177.75972944,336230202.4526278,2000000.0,5000000.0,2010,1.0,1.0,1.0,True,success,,0.225036200004979
treaty_sensitivity,29,treaty_indexation_sensitivity,outputs/step29_treaty_indexation_sensitivity/final_50/results.csv,long_stable_break,47,20260863,fully_indexed,long,stable,True,1923312463.179244,281139722.01509345,1642172741.16415,0.146174751839526,0.2721179624664879,0.0134048257372654,561155380.2123573,105911239.965595,455244140.2467622,2000000.0,5000000.0,2010,1.0,1.7316764476028046,1.3349058425115268,True,success,,0.4533823000019765
treaty_sensitivity,29,treaty_indexation_sensitivity,outputs/step29_treaty_indexation_sensitivity/final_50/results.csv,long_stable_break,48,20260864,fixed_nominal,long,stable,True,1830001724.025886,467602133.5141623,1362399590.511724,0.2555200508147433,0.5601131541725601,0.0212164073550212,574089898.6171857,247220420.8726511,326869477.7445345,2000000.0,5000000.0,2010,1.0,1.0,1.0,True,success,,0.2999927999990177
treaty_sensitivity,29,treaty_indexation_sensitivity,outputs/step29_treaty_indexation_sensitivity/final_50/results.csv,long_stable_break,48,20260864,fully_indexed,long,stable,True,1830001724.025886,295660838.757792,1534340885.2680943,0.1615631476605154,0.272984441301273,0.0099009900990099,574089898.6171857,124378605.46731804,449711293.1498676,2000000.0,5000000.0,2010,1.0,1.7316764476028046,1.3349058425115268,True,success,,0.4515971000000718
treaty_sensitivity,29,treaty_indexation_sensitivity,outputs/step29_treaty_indexation_sensitivity/final_50/results.csv,long_stable_break,49,20260865,fixed_nominal,long,stable,True,1851814179.349939,459875737.6909031,1391938441.6590362,0.2483379503295184,0.5588235294117647,0.0210084033613445,529473273.1568676,221377259.30378357,308096013.853084,2000000.0,5000000.0,2010,1.0,1.0,1.0,True,success,,0.2240084000004572
treaty_sensitivity,29,treaty_indexation_sensitivity,outputs/step29_treaty_indexation_sensitivity/final_50/results.csv,long_stable_break,49,20260865,fully_indexed,long,stable,True,1851814179.349939,291405424.31837535,1560408755.0315638,0.1573621303735077,0.2871148459383753,0.0084033613445378,529473273.1568676,124179641.22641602,405293631.9304515,2000000.0,5000000.0,2010,1.0,1.7316764476028046,1.3349058425115268,True,success,,0.4493266999998013
treaty_sensitivity,29,treaty_indexation_sensitivity,outputs/step29_treaty_indexation_sensitivity/final_50/results.csv,long_stable_break,50,20260866,fixed_nominal,long,stable,True,1934745366.184144,484319463.19155145,1450425902.9925926,0.2503272377112674,0.5653370013755158,0.0288858321870701,619596704.155204,265956734.76030472,353639969.3948993,2000000.0,5000000.0,2010,1.0,1.0,1.0,True,success,,0.3070244999980787
treaty_sensitivity,29,treaty_indexation_sensitivity,outputs/step29_treaty_indexation_sensitivity/final_50/results.csv,long_stable_break,50,20260866,fully_indexed,long,stable,True,1934745366.184144,314258887.0858533,1620486479.0982907,0.1624290682270293,0.2778541953232462,0.0110041265474552,619596704.155204,156688523.382204,462908180.773,2000000.0,5000000.0,2010,1.0,1.7316764476028046,1.3349058425115268,True,success,,0.4546682000000146
treaty_sensitivity,29,treaty_indexation_sensitivity,outputs/step29_treaty_indexation_sensitivity/final_50/results.csv,long_stable_no_break,1,20260817,fixed_nominal,long,stable,False,1821503694.3981316,441061752.87836605,1380441941.5197654,0.24214156371728,0.5810616929698709,0.024390243902439,753698005.0920122,301848095.2693583,451849909.8226539,2000000.0,5000000.0,2010,1.0,1.0,1.0,True,success,,0.2359330000035697
treaty_sensitivity,29,treaty_indexation_sensitivity,outputs/step29_treaty_indexation_sensitivity/final_50/results.csv,long_stable_no_break,1,20260817,fully_indexed,long,stable,False,1821503694.3981316,272495209.6002605,1549008484.7978706,0.1495990430534369,0.2453371592539454,0.0143472022955523,753698005.0920122,169794738.85340694,583903266.2386053,2000000.0,5000000.0,2010,1.0,1.7316764476028046,1.3349058425115268,True,success,,0.4484861000019009
treaty_sensitivity,29,treaty_indexation_sensitivity,outputs/step29_treaty_indexation_sensitivity/final_50/results.csv,long_stable_no_break,2,20260818,fixed_nominal,long,stable,False,1946814402.2927084,498868699.8746242,1447945702.4180844,0.2562487206212984,0.5876010781671159,0.0215633423180593,749878049.5811452,326939886.65297246,422938162.9281726,2000000.0,5000000.0,2010,1.0,1.0,1.0,True,success,,0.2364071999982115
treaty_sensitivity,29,treaty_indexation_sensitivity,outputs/step29_treaty_indexation_sensitivity/final_50/results.csv,long_stable_no_break,2,20260818,fully_indexed,long,stable,False,1946814402.2927084,306589327.4340584,1640225074.8586502,0.1574825659153727,0.2668463611859838,0.0094339622641509,749878049.5811452,182778008.80169263,567100040.7794523,2000000.0,5000000.0,2010,1.0,1.7316764476028046,1.3349058425115268,True,success,,0.4428532999954768
treaty_sensitivity,29,treaty_indexation_sensitivity,outputs/step29_treaty_indexation_sensitivity/final_50/results.csv,long_stable_no_break,3,20260819,fixed_nominal,long,stable,False,1995382812.3977923,553529402.1274066,1441853410.2703855,0.2774051167967347,0.6018641810918774,0.0239680426098535,703107364.89855,321703342.23595023,381404022.6625998,2000000.0,5000000.0,2010,1.0,1.0,1.0,True,success,,0.2274089000056847
treaty_sensitivity,29,treaty_indexation_sensitivity,outputs/step29_treaty_indexation_sensitivity/final_50/results.csv,long_stable_no_break,3,20260819,fully_indexed,long,stable,False,1995382812.3977923,336819165.25519973,1658563647.142593,0.1687992715795993,0.2876165113182423,0.0093209054593874,703107364.89855,154420750.7950406,548686614.1035094,2000000.0,5000000.0,2010,1.0,1.7316764476028046,1.3349058425115268,True,success,,0.462294800003292
treaty_sensitivity,29,treaty_indexation_sensitivity,outputs/step29_treaty_indexation_sensitivity/final_50/results.csv,long_stable_no_break,4,20260820,fixed_nominal,long,stable,False,1856620765.623592,437904807.1816349,1418715958.4419572,0.2358612029390686,0.5824175824175825,0.0178571428571428,714216930.0635247,289366727.598824,424850202.4647007,2000000.0,5000000.0,2010,1.0,1.0,1.0,True,success,,0.226153499999782
treaty_sensitivity,29,treaty_indexation_sensitivity,outputs/step29_treaty_indexation_sensitivity/final_50/results.csv,long_stable_no_break,4,20260820,fully_indexed,long,stable,False,1856620765.623592,247094760.05536896,1609526005.5682223,0.1330884392927578,0.2541208791208791,0.0082417582417582,714216930.0635247,140736230.0791088,573480699.9844158,2000000.0,5000000.0,2010,1.0,1.7316764476028046,1.3349058425115268,True,success,,0.4656542000011541
treaty_sensitivity,29,treaty_indexation_sensitivity,outputs/step29_treaty_indexation_sensitivity/final_50/results.csv,long_stable_no_break,5,20260821,fixed_nominal,long,stable,False,1984723685.2520103,509120070.2036285,1475603615.0483823,0.25651937042258,0.5780189959294437,0.0271370420624151,695347363.5357425,289629750.5068464,405717613.0288962,2000000.0,5000000.0,2010,1.0,1.0,1.0,True,success,,0.2468541000052937
treaty_sensitivity,29,treaty_indexation_sensitivity,outputs/step29_treaty_indexation_sensitivity/final_50/results.csv,long_stable_no_break,5,20260821,fully_indexed,long,stable,False,1984723685.2520103,315352093.9970582,1669371591.2549522,0.158889671313121,0.2890094979647218,0.0162822252374491,695347363.5357425,146724273.40858307,548623090.1271595,2000000.0,5000000.0,2010,1.0,1.7316764476028046,1.3349058425115268,True,success,,0.5052174000011291
treaty_sensitivity,29,treaty_indexation_sensitivity,outputs/step29_treaty_indexation_sensitivity/final_50/results.csv,long_stable_no_break,6,20260822,fixed_nominal,long,stable,False,1950467250.8396895,447104913.3433707,1503362337.496319,0.2292296438973219,0.5906040268456376,0.0255033557046979,714233224.4870623,279835005.07589453,434398219.4111677,2000000.0,5000000.0,2010,1.0,1.0,1.0,True,success,,0.2381947000030777
treaty_sensitivity,29,treaty_indexation_sensitivity,outputs/step29_treaty_indexation_sensitivity/final_50/results.csv,long_stable_no_break,6,20260822,fully_indexed,long,stable,False,1950467250.8396895,263699166.87102783,1686768083.9686618,0.1351979464189944,0.2523489932885906,0.0147651006711409,714233224.4870623,130570224.25187474,583663000.2351875,2000000.0,5000000.0,2010,1.0,1.7316764476028046,1.3349058425115268,True,success,,0.4713736999983666
treaty_sensitivity,29,treaty_indexation_sensitivity,outputs/step29_treaty_indexation_sensitivity/final_50/results.csv,long_stable_no_break,7,20260823,fixed_nominal,long,stable,False,1850025136.478435,451238889.6903614,1398786246.7880735,0.2439095992767454,0.5889046941678521,0.0142247510668563,695792807.5049627,287537090.6580973,408255716.84686536,2000000.0,5000000.0,2010,1.0,1.0,1.0,True,success,,0.22531429999799
treaty_sensitivity,29,treaty_indexation_sensitivity,outputs/step29_treaty_indexation_sensitivity/final_50/results.csv,long_stable_no_break,7,20260823,fully_indexed,long,stable,False,1850025136.478435,262483837.66848427,1587541298.8099506,0.14188122771571,0.2617354196301564,0.0071123755334281,695792807.5049627,136049367.90152556,559743439.6034371,2000000.0,5000000.0,2010,1.0,1.7316764476028046,1.3349058425115268,True,success,,0.4505253000024822
treaty_sensitivity,29,treaty_indexation_sensitivity,outputs/step29_treaty_indexation_sensitivity/final_50/results.csv,long_stable_no_break,8,20260824,fixed_nominal,long,stable,False,2112977095.685412,557740735.3443979,1555236360.341014,0.2639596692663045,0.6154822335025381,0.0190355329949238,812500155.5098317,345598759.9966748,466901395.5131571,2000000.0,5000000.0,2010,1.0,1.0,1.0,True,success,,0.2274961000002804
treaty_sensitivity,29,treaty_indexation_sensitivity,outputs/step29_treaty_indexation_sensitivity/final_50/results.csv,long_stable_no_break,8,20260824,fully_indexed,long,stable,False,2112977095.685412,339897746.48119026,1773079349.2042215,0.1608620117914404,0.2880710659898477,0.0076142131979695,812500155.5098317,180936693.9217603,631563461.5880716,2000000.0,5000000.0,2010,1.0,1.7316764476028046,1.3349058425115268,True,success,,0.4518164999972214
treaty_sensitivity,29,treaty_indexation_sensitivity,outputs/step29_treaty_indexation_sensitivity/final_50/results.csv,long_stable_no_break,9,20260825,fixed_nominal,long,stable,False,1923548078.9798677,504175953.21046567,1419372125.7694016,0.2621072791057293,0.5918918918918918,0.0229729729729729,741596172.2498324,318746390.8667276,422849781.3831048,2000000.0,5000000.0,2010,1.0,1.0,1.0,True,success,,0.2266218999939155
treaty_sensitivity,29,treaty_indexation_sensitivity,outputs/step29_treaty_indexation_sensitivity/final_50/results.csv,long_stable_no_break,9,20260825,fully_indexed,long,stable,False,1923548078.9798677,296713469.2524743,1626834609.7273932,0.1542532118094147,0.2783783783783783,0.0081081081081081,741596172.2498324,155440396.04157785,586155776.2082545,2000000.0,5000000.0,2010,1.0,1.7316764476028046,1.3349058425115268,True,success,,0.4524200000014389
treaty_sensitivity,29,treaty_indexation_sensitivity,outputs/step29_treaty_indexation_sensitivity/final_50/results.csv,long_stable_no_break,10,20260826,fixed_nominal,long,stable,False,2155420206.8413687,531909005.6416185,1623511201.1997504,0.2467774051450957,0.5833333333333334,0.029040404040404,836391165.1620659,336912354.9061351,499478810.2559309,2000000.0,5000000.0,2010,1.0,1.0,1.0,True,success,,0.2292418999932124
treaty_sensitivity,29,treaty_indexation_sensitivity,outputs/step29_treaty_indexation_sensitivity/final_50/results.csv,long_stable_no_break,10,20260826,fully_indexed,long,stable,False,2155420206.8413687,339871484.92888,1815548721.9124885,0.1576822393378876,0.2664141414141414,0.0151515151515151,836391165.1620659,187107138.72176072,649284026.4403052,2000000.0,5000000.0,2010,1.0,1.7316764476028046,1.3349058425115268,True,success,,0.4556149999989429
treaty_sensitivity,29,treaty_indexation_sensitivity,outputs/step29_treaty_indexation_sensitivity/final_50/results.csv,long_stable_no_break,11,20260827,fixed_nominal,long,stable,False,1945849337.3983755,518217423.16626513,1427631914.23211,0.2663193975023412,0.6,0.033103448275862,770407082.2857108,335982274.18882424,434424808.0968864,2000000.0,5000000.0,2010,1.0,1.0,1.0,True,success,,0.2269000999949639
treaty_sensitivity,29,treaty_indexation_sensitivity,outputs/step29_treaty_indexation_sensitivity/final_50/results.csv,long_stable_no_break,11,20260827,fully_indexed,long,stable,False,1945849337.3983755,310079865.4019451,1635769471.9964302,0.1593545088215955,0.2772413793103448,0.0124137931034482,770407082.2857108,165797893.78215575,604609188.503555,2000000.0,5000000.0,2010,1.0,1.7316764476028046,1.3349058425115268,True,success,,0.4498276000012993
treaty_sensitivity,29,treaty_indexation_sensitivity,outputs/step29_treaty_indexation_sensitivity/final_50/results.csv,long_stable_no_break,12,20260828,fixed_nominal,long,stable,False,1963083837.9938476,518058286.86876047,1445025551.125087,0.2639002353552993,0.573549257759784,0.0283400809716599,742690098.4351645,326815514.82710785,415874583.6080566,2000000.0,5000000.0,2010,1.0,1.0,1.0,True,success,,0.2255065999997896
treaty_sensitivity,29,treaty_indexation_sensitivity,outputs/step29_treaty_indexation_sensitivity/final_50/results.csv,long_stable_no_break,12,20260828,fully_indexed,long,stable,False,1963083837.9938476,322732223.39148355,1640351614.6023638,0.1644006318758634,0.2780026990553306,0.0094466936572199,742690098.4351645,181617889.75498497,561072208.6801794,2000000.0,5000000.0,2010,1.0,1.7316764476028046,1.3349058425115268,True,success,,0.4457508999985293
treaty_sensitivity,29,treaty_indexation_sensitivity,outputs/step29_treaty_indexation_sensitivity/final_50/results.csv,long_stable_no_break,13,20260829,fixed_nominal,long,stable,False,2099956828.6563623,533772129.1377292,1566184699.5186336,0.2541824297784532,0.5927318295739349,0.0275689223057644,775111178.433075,343895833.6100101,431215344.8230649,2000000.0,5000000.0,2010,1.0,1.0,1.0,True,success,,0.2287868999992497
treaty_sensitivity,29,treaty_indexation_sensitivity,outputs/step29_treaty_indexation_sensitivity/final_50/results.csv,long_stable_no_break,13,20260829,fully_indexed,long,stable,False,2099956828.6563623,325093658.39423275,1774863170.2621298,0.154809686541147,0.2832080200501253,0.0087719298245614,775111178.433075,181930324.65320376,593180853.7798712,2000000.0,5000000.0,2010,1.0,1.7316764476028046,1.3349058425115268,True,success,,0.4515059999976074
treaty_sensitivity,29,treaty_indexation_sensitivity,outputs/step29_treaty_indexation_sensitivity/final_50/results.csv,long_stable_no_break,14,20260830,fixed_nominal,long,stable,False,1928299130.97852,491401577.98760784,1436897552.9909115,0.2548367989660634,0.5878378378378378,0.0229729729729729,714550779.4004691,310778910.8105192,403771868.5899499,2000000.0,5000000.0,2010,1.0,1.0,1.0,True,success,,0.2257518000042182
treaty_sensitivity,29,treaty_indexation_sensitivity,outputs/step29_treaty_indexation_sensitivity/final_50/results.csv,long_stable_no_break,14,20260830,fully_indexed,long,stable,False,1928299130.97852,300113831.581187,1628185299.3973324,0.1556365538726834,0.2702702702702703,0.0081081081081081,714550779.4004691,173536858.80209756,541013920.5983715,2000000.0,5000000.0,2010,1.0,1.7316764476028046,1.3349058425115268,True,success,,0.4449070999980904
treaty_sensitivity,29,treaty_indexation_sensitivity,outputs/step29_treaty_indexation_sensitivity/final_50/results.csv,long_stable_no_break,15,20260831,fixed_nominal,long,stable,False,2112579176.3663244,575567089.9316227,1537012086.4347022,0.2724475827323115,0.6253369272237197,0.036388140161725,801427600.4875928,330696194.215333,470731406.27225983,2000000.0,5000000.0,2010,1.0,1.0,1.0,True,success,,0.2380294000031426
treaty_sensitivity,29,treaty_indexation_sensitivity,outputs/step29_treaty_indexation_sensitivity/final_50/results.csv,long_stable_no_break,15,20260831,fully_indexed,long,stable,False,2112579176.3663244,381580684.5034365,1730998491.8628886,0.1806231400802513,0.2776280323450135,0.0175202156334231,801427600.4875928,187564616.4217021,613862984.0658908,2000000.0,5000000.0,2010,1.0,1.7316764476028046,1.3349058425115268,True,success,,0.4522464999972726
treaty_sensitivity,29,treaty_indexation_sensitivity,outputs/step29_treaty_indexation_sensitivity/final_50/results.csv,long_stable_no_break,16,20260832,fixed_nominal,long,stable,False,2109975133.8049192,536449255.604463,1573525878.2004564,0.2542443496180373,0.5869281045751634,0.0261437908496732,757710732.8203168,308015453.66492426,449695279.1553925,2000000.0,5000000.0,2010,1.0,1.0,1.0,True,success,,0.2246271000039996
treaty_sensitivity,29,treaty_indexation_sensitivity,outputs/step29_treaty_indexation_sensitivity/final_50/results.csv,long_stable_no_break,16,20260832,fully_indexed,long,stable,False,2109975133.8049192,344092683.8997806,1765882449.9051385,0.1630790232486191,0.2784313725490196,0.0130718954248366,757710732.8203168,159408546.46276876,598302186.357548,2000000.0,5000000.0,2010,1.0,1.7316764476028046,1.3349058425115268,True,success,,0.4470231999948737
treaty_sensitivity,29,treaty_indexation_sensitivity,outputs/step29_treaty_indexation_sensitivity/final_50/results.csv,long_stable_no_break,17,20260833,fixed_nominal,long,stable,False,1893771847.0842075,444158701.90165895,1449613145.1825488,0.2345365428182486,0.5868102288021534,0.0161507402422611,758355721.4750607,298375335.4047163,459980386.0703444,2000000.0,5000000.0,2010,1.0,1.0,1.0,True,success,,0.2263788999989628
treaty_sensitivity,29,treaty_indexation_sensitivity,outputs/step29_treaty_indexation_sensitivity/final_50/results.csv,long_stable_no_break,17,20260833,fully_indexed,long,stable,False,1893771847.0842075,249814600.5823712,1643957246.5018363,0.1319137788255773,0.2557200538358008,0.0067294751009421,758355721.4750607,147154163.26781946,611201558.2072412,2000000.0,5000000.0,2010,1.0,1.7316764476028046,1.3349058425115268,True,success,,0.4606346000000485
treaty_sensitivity,29,treaty_indexation_sensitivity,outputs/step29_treaty_indexation_sensitivity/final_50/results.csv,long_stable_no_break,18,20260834,fixed_nominal,long,stable,False,1926543316.5891056,512654868.1648952,1413888448.4242103,0.2661008780599531,0.6091160220994475,0.0276243093922651,713298882.5965943,301848369.40359706,411450513.1929972,2000000.0,5000000.0,2010,1.0,1.0,1.0,True,success,,0.2282701000003726
treaty_sensitivity,29,treaty_indexation_sensitivity,outputs/step29_treaty_indexation_sensitivity/final_50/results.csv,long_stable_no_break,18,20260834,fully_indexed,long,stable,False,1926543316.5891056,322245581.2702575,1604297735.3188484,0.1672662008144124,0.2831491712707182,0.011049723756906,713298882.5965943,155849279.0527461,557449603.5438482,2000000.0,5000000.0,2010,1.0,1.7316764476028046,1.3349058425115268,True,success,,0.4547568999987561
treaty_sensitivity,29,treaty_indexation_sensitivity,outputs/step29_treaty_indexation_sensitivity/final_50/results.csv,long_stable_no_break,19,20260835,fixed_nominal,long,stable,False,2132993836.7302768,572664342.3530542,1560329494.3772223,0.2684791359879908,0.6076732673267327,0.0198019801980198,788902838.609515,359797520.6886729,429105317.92084193,2000000.0,5000000.0,2010,1.0,1.0,1.0,True,success,,0.2297670000043581
treaty_sensitivity,29,treaty_indexation_sensitivity,outputs/step29_treaty_indexation_sensitivity/final_50/results.csv,long_stable_no_break,19,20260835,fully_indexed,long,stable,False,2132993836.7302768,340730477.04285693,1792263359.6874197,0.1597428324336707,0.2982673267326732,0.0099009900990099,788902838.609515,188234654.7386865,600668183.8708284,2000000.0,5000000.0,2010,1.0,1.7316764476028046,1.3349058425115268,True,success,,0.453742699995928
treaty_sensitivity,29,treaty_indexation_sensitivity,outputs/step29_treaty_indexation_sensitivity/final_50/results.csv,long_stable_no_break,20,20260836,fixed_nominal,long,stable,False,2047676842.8711967,527882217.07249326,1519794625.798704,0.2577956667871044,0.5919165580182529,0.0221642764015645,817748469.2216032,344832767.6794761,472915701.54212725,2000000.0,5000000.0,2010,1.0,1.0,1.0,True,success,,0.229627699998673
treaty_sensitivity,29,treaty_indexation_sensitivity,outputs/step29_treaty_indexation_sensitivity/final_50/results.csv,long_stable_no_break,20,20260836,fully_indexed,long,stable,False,2047676842.8711967,321992188.15841424,1725684654.712783,0.1572475604631663,0.2842242503259452,0.0078226857887874,817748469.2216032,189903948.29989716,627844520.9217062,2000000.0,5000000.0,2010,1.0,1.7316764476028046,1.3349058425115268,True,success,,0.4542282999973395
treaty_sensitivity,29,treaty_indexation_sensitivity,outputs/step29_treaty_indexation_sensitivity/final_50/results.csv,long_stable_no_break,21,20260837,fixed_nominal,long,stable,False,1972718420.841351,471407506.6819433,1501310914.159408,0.2389634028362198,0.5699208443271768,0.0197889182058047,747867583.0741976,293817676.3918136,454049906.6823841,2000000.0,5000000.0,2010,1.0,1.0,1.0,True,success,,0.2289951999991899
treaty_sensitivity,29,treaty_indexation_sensitivity,outputs/step29_treaty_indexation_sensitivity/final_50/results.csv,long_stable_no_break,21,20260837,fully_indexed,long,stable,False,1972718420.841351,277681881.78300273,1695036539.0583484,0.1407610325170347,0.2374670184696569,0.0131926121372031,747867583.0741976,139303136.4780214,608564446.5961761,2000000.0,5000000.0,2010,1.0,1.7316764476028046,1.3349058425115268,True,success,,0.4579850000009173
treaty_sensitivity,29,treaty_indexation_sensitivity,outputs/step29_treaty_indexation_sensitivity/final_50/results.csv,long_stable_no_break,22,20260838,fixed_nominal,long,stable,False,1888986154.0477068,492459729.7824416,1396526424.2652657,0.2607005502540091,0.5669398907103825,0.0286885245901639,719428049.2432202,311236465.83629763,408191583.4069225,2000000.0,5000000.0,2010,1.0,1.0,1.0,True,success,,0.2266888000012841
treaty_sensitivity,29,treaty_indexation_sensitivity,outputs/step29_treaty_indexation_sensitivity/final_50/results.csv,long_stable_no_break,22,20260838,fully_indexed,long,stable,False,1888986154.0477068,289763547.080163,1599222606.967544,0.1533963319208346,0.2704918032786885,0.0095628415300546,719428049.2432202,150312861.35523602,569115187.8879842,2000000.0,5000000.0,2010,1.0,1.7316764476028046,1.3349058425115268,True,success,,0.4491642999928444
treaty_sensitivity,29,treaty_indexation_sensitivity,outputs/step29_treaty_indexation_sensitivity/final_50/results.csv,long_stable_no_break,23,20260839,fixed_nominal,long,stable,False,1976565468.9049172,529146623.6177734,1447418845.2871442,0.2677101426399694,0.615595075239398,0.0246238030095759,808953197.8976305,361210837.2146398,447742360.68299073,2000000.0,5000000.0,2010,1.0,1.0,1.0,True,success,,0.2272883999976329
treaty_sensitivity,29,treaty_indexation_sensitivity,outputs/step29_treaty_indexation_sensitivity/final_50/results.csv,long_stable_no_break,23,20260839,fully_indexed,long,stable,False,1976565468.9049172,333933485.8161563,1642631983.0887609,0.1689463319427342,0.2859097127222982,0.0123119015047879,808953197.8976305,205707058.7864846,603246139.111146,2000000.0,5000000.0,2010,1.0,1.7316764476028046,1.3349058425115268,True,success,,0.4630744000023696
treaty_sensitivity,29,treaty_indexation_sensitivity,outputs/step29_treaty_indexation_sensitivity/final_50/results.csv,long_stable_no_break,24,20260840,fixed_nominal,long,stable,False,2199945594.419012,550961394.1570227,1648984200.2619894,0.2504431907565093,0.5951776649746193,0.0291878172588832,786445084.3680733,323707142.96329314,462737941.40478015,2000000.0,5000000.0,2010,1.0,1.0,1.0,True,success,,0.2288967999993474
treaty_sensitivity,29,treaty_indexation_sensitivity,outputs/step29_treaty_indexation_sensitivity/final_50/results.csv,long_stable_no_break,24,20260840,fully_indexed,long,stable,False,2199945594.419012,354070181.28798175,1845875413.13103,0.1609449716330321,0.2893401015228426,0.0177664974619289,786445084.3680733,182654606.70056087,603790477.6675124,2000000.0,5000000.0,2010,1.0,1.7316764476028046,1.3349058425115268,True,success,,0.4477083000019775
treaty_sensitivity,29,treaty_indexation_sensitivity,outputs/step29_treaty_indexation_sensitivity/final_50/results.csv,long_stable_no_break,25,20260841,fixed_nominal,long,stable,False,2122356080.165793,579565234.9506805,1542790845.2151127,0.2730763420742321,0.6233595800524935,0.0328083989501312,866259735.073673,363276899.847718,502982835.22595495,2000000.0,5000000.0,2010,1.0,1.0,1.0,True,success,,0.2544512000022223
treaty_sensitivity,29,treaty_indexation_sensitivity,outputs/step29_treaty_indexation_sensitivity/final_50/results.csv,long_stable_no_break,25,20260841,fully_indexed,long,stable,False,2122356080.165793,357314156.99378324,1765041923.17201,0.1683573083390751,0.2860892388451443,0.0157480314960629,866259735.073673,188913552.34297523,677346182.7306978,2000000.0,5000000.0,2010,1.0,1.7316764476028046,1.3349058425115268,True,success,,0.4879618999984814
treaty_sensitivity,29,treaty_indexation_sensitivity,outputs/step29_treaty_indexation_sensitivity/final_50/results.csv,long_stable_no_break,26,20260842,fixed_nominal,long,stable,False,1952624490.3385887,502988087.59835136,1449636402.7402377,0.2575959126227758,0.6016150740242261,0.0228802153432032,693117276.2720695,313802914.5115156,379314361.7605538,2000000.0,5000000.0,2010,1.0,1.0,1.0,True,success,,0.2298032000035164
treaty_sensitivity,29,treaty_indexation_sensitivity,outputs/step29_treaty_indexation_sensitivity/final_50/results.csv,long_stable_no_break,26,20260842,fully_indexed,long,stable,False,1952624490.3385887,294461735.1323447,1658162755.2062442,0.150803053320961,0.2960969044414536,0.0121130551816958,693117276.2720695,152065096.16480947,541052180.10726,2000000.0,5000000.0,2010,1.0,1.7316764476028046,1.3349058425115268,True,success,,0.4500323999964166
treaty_sensitivity,29,treaty_indexation_sensitivity,outputs/step29_treaty_indexation_sensitivity/final_50/results.csv,long_stable_no_break,27,20260843,fixed_nominal,long,stable,False,2058466612.3666973,563788019.1376445,1494678593.229053,0.2738873760451407,0.6,0.0295302013422818,829310666.3580804,344542605.0799607,484768061.2781196,2000000.0,5000000.0,2010,1.0,1.0,1.0,True,success,,0.2728476999982376
treaty_sensitivity,29,treaty_indexation_sensitivity,outputs/step29_treaty_indexation_sensitivity/final_50/results.csv,long_stable_no_break,27,20260843,fully_indexed,long,stable,False,2058466612.3666973,359982404.4303365,1698484207.9363608,0.1748789133948842,0.2859060402684564,0.0161073825503355,829310666.3580804,185492455.9379135,643818210.4201667,2000000.0,5000000.0,2010,1.0,1.7316764476028046,1.3349058425115268,True,success,,0.4471496999976807
treaty_sensitivity,29,treaty_indexation_sensitivity,outputs/step29_treaty_indexation_sensitivity/final_50/results.csv,long_stable_no_break,28,20260844,fixed_nominal,long,stable,False,1931704760.341889,468144830.9003537,1463559929.4415345,0.2423480236273258,0.5782493368700266,0.019893899204244,715269395.3629525,283540734.3711366,431728660.9918159,2000000.0,5000000.0,2010,1.0,1.0,1.0,True,success,,0.227013399999123
treaty_sensitivity,29,treaty_indexation_sensitivity,outputs/step29_treaty_indexation_sensitivity/final_50/results.csv,long_stable_no_break,28,20260844,fully_indexed,long,stable,False,1931704760.341889,280873750.1261725,1650831010.215716,0.1454020075389063,0.2519893899204244,0.006631299734748,715269395.3629525,140844298.4499098,574425096.9130427,2000000.0,5000000.0,2010,1.0,1.7316764476028046,1.3349058425115268,True,success,,0.4512026000011246
treaty_sensitivity,29,treaty_indexation_sensitivity,outputs/step29_treaty_indexation_sensitivity/final_50/results.csv,long_stable_no_break,29,20260845,fixed_nominal,long,stable,False,1735835469.4630556,450507918.24614346,1285327551.2169118,0.2595337669793662,0.5803571428571429,0.0238095238095238,638435474.6701584,290019944.5808143,348415530.08934414,2000000.0,5000000.0,2010,1.0,1.0,1.0,True,success,,0.2294588000004296
treaty_sensitivity,29,treaty_indexation_sensitivity,outputs/step29_treaty_indexation_sensitivity/final_50/results.csv,long_stable_no_break,29,20260845,fully_indexed,long,stable,False,1735835469.4630556,268988219.4077331,1466847250.0553222,0.1549618176029891,0.2827380952380952,0.0104166666666666,638435474.6701584,155542090.88871348,482893383.7814449,2000000.0,5000000.0,2010,1.0,1.7316764476028046,1.3349058425115268,True,success,,0.4558839000019361
treaty_sensitivity,29,treaty_indexation_sensitivity,outputs/step29_treaty_indexation_sensitivity/final_50/results.csv,long_stable_no_break,30,20260846,fixed_nominal,long,stable,False,1833736492.8700132,437549501.3558668,1396186991.5141466,0.2386108925994325,0.6165951359084406,0.0257510729613733,690814542.0379773,281357250.1070676,409457291.9309097,2000000.0,5000000.0,2010,1.0,1.0,1.0,True,success,,0.226250899999286
treaty_sensitivity,29,treaty_indexation_sensitivity,outputs/step29_treaty_indexation_sensitivity/final_50/results.csv,long_stable_no_break,30,20260846,fully_indexed,long,stable,False,1833736492.8700132,262017962.9988532,1571718529.8711605,0.1428874672111499,0.2503576537911302,0.0085836909871244,690814542.0379773,140830213.85576674,549984328.1822106,2000000.0,5000000.0,2010,1.0,1.7316764476028046,1.3349058425115268,True,success,,0.4489813999971375
treaty_sensitivity,29,treaty_indexation_sensitivity,outputs/step29_treaty_indexation_sensitivity/final_50/results.csv,long_stable_no_break,31,20260847,fixed_nominal,long,stable,False,2098552111.8160195,558486582.7894834,1540065529.026536,0.2661294802473059,0.6125166444740346,0.0359520639147802,812802346.8376274,332551525.6775034,480250821.160124,2000000.0,5000000.0,2010,1.0,1.0,1.0,True,success,,0.2803966999999829
treaty_sensitivity,29,treaty_indexation_sensitivity,outputs/step29_treaty_indexation_sensitivity/final_50/results.csv,long_stable_no_break,31,20260847,fully_indexed,long,stable,False,2098552111.8160195,379212064.1183673,1719340047.697652,0.18070176193538,0.2902796271637816,0.0186418109187749,812802346.8376274,195539819.38365248,617262527.453975,2000000.0,5000000.0,2010,1.0,1.7316764476028046,1.3349058425115268,True,success,,0.4449499999973341
treaty_sensitivity,29,treaty_indexation_sensitivity,outputs/step29_treaty_indexation_sensitivity/final_50/results.csv,long_stable_no_break,32,20260848,fixed_nominal,long,stable,False,2023803213.3608952,504243480.4900503,1519559732.8708448,0.2491563790200045,0.5786593707250342,0.0300957592339261,753704745.1874814,293222850.623987,460481894.5634943,2000000.0,5000000.0,2010,1.0,1.0,1.0,True,success,,0.2273660999999265
treaty_sensitivity,29,treaty_indexation_sensitivity,outputs/step29_treaty_indexation_sensitivity/final_50/results.csv,long_stable_no_break,32,20260848,fully_indexed,long,stable,False,2023803213.3608952,339296462.3415702,1684506751.0193248,0.1676528923867584,0.2735978112175102,0.0177838577291381,753704745.1874814,167213032.42445582,586491712.7630255,2000000.0,5000000.0,2010,1.0,1.7316764476028046,1.3349058425115268,True,success,,0.4513617999982671
treaty_sensitivity,29,treaty_indexation_sensitivity,outputs/step29_treaty_indexation_sensitivity/final_50/results.csv,long_stable_no_break,33,20260849,fixed_nominal,long,stable,False,2074967036.959956,530554509.0112029,1544412527.9487529,0.2556929818935923,0.5925925925925926,0.0332056194125159,789753133.1565259,335790889.91233647,453962243.2441895,2000000.0,5000000.0,2010,1.0,1.0,1.0,True,success,,0.2256538000001455
treaty_sensitivity,29,treaty_indexation_sensitivity,outputs/step29_treaty_indexation_sensitivity/final_50/results.csv,long_stable_no_break,33,20260849,fully_indexed,long,stable,False,2074967036.959956,344960442.99703056,1730006593.9629254,0.1662486376180866,0.2592592592592592,0.0114942528735632,789753133.1565259,203541066.262343,586212066.8941829,2000000.0,5000000.0,2010,1.0,1.7316764476028046,1.3349058425115268,True,success,,0.491533000000345
treaty_sensitivity,29,treaty_indexation_sensitivity,outputs/step29_treaty_indexation_sensitivity/final_50/results.csv,long_stable_no_break,34,20260850,fixed_nominal,long,stable,False,1987868775.537246,524524801.7531685,1463343973.7840772,0.2638628908547594,0.6050870147255689,0.0254350736278447,792216396.3558958,344455918.59654194,447760477.75935376,2000000.0,5000000.0,2010,1.0,1.0,1.0,True,success,,0.2284045999986119
treaty_sensitivity,29,treaty_indexation_sensitivity,outputs/step29_treaty_indexation_sensitivity/final_50/results.csv,long_stable_no_break,34,20260850,fully_indexed,long,stable,False,1987868775.537246,314682256.9973991,1673186518.539847,0.1583013229393637,0.2958500669344043,0.0080321285140562,792216396.3558958,177321976.7616041,614894419.5942916,2000000.0,5000000.0,2010,1.0,1.7316764476028046,1.3349058425115268,True,success,,0.4523173999987193
treaty_sensitivity,29,treaty_indexation_sensitivity,outputs/step29_treaty_indexation_sensitivity/final_50/results.csv,long_stable_no_break,35,20260851,fixed_nominal,long,stable,False,1944245136.7739787,506100412.9168372,1438144723.8571415,0.2603068940970029,0.5953038674033149,0.0234806629834254,751712532.1194391,318840831.45350105,432871700.6659381,2000000.0,5000000.0,2010,1.0,1.0,1.0,True,success,,0.2316054999973857
treaty_sensitivity,29,treaty_indexation_sensitivity,outputs/step29_treaty_indexation_sensitivity/final_50/results.csv,long_stable_no_break,35,20260851,fully_indexed,long,stable,False,1944245136.7739787,310290975.9094914,1633954160.8644876,0.159594574799527,0.2831491712707182,0.011049723756906,751712532.1194391,172078815.0102845,579633717.1091547,2000000.0,5000000.0,2010,1.0,1.7316764476028046,1.3349058425115268,True,success,,0.4563656999962404
treaty_sensitivity,29,treaty_indexation_sensitivity,outputs/step29_treaty_indexation_sensitivity/final_50/results.csv,long_stable_no_break,36,20260852,fixed_nominal,long,stable,False,1857948599.0062504,442135474.4955219,1415813124.5107286,0.237969702031587,0.5614035087719298,0.0175438596491228,687940031.2982721,285155330.521339,402784700.7769333,2000000.0,5000000.0,2010,1.0,1.0,1.0,True,success,,0.2297710000057122
treaty_sensitivity,29,treaty_indexation_sensitivity,outputs/step29_treaty_indexation_sensitivity/final_50/results.csv,long_stable_no_break,36,20260852,fully_indexed,long,stable,False,1857948599.0062504,257664479.1463281,1600284119.8599224,0.1386822430309124,0.2496626180836707,0.0067476383265856,687940031.2982721,141873758.25990844,546066273.0383638,2000000.0,5000000.0,2010,1.0,1.7316764476028046,1.3349058425115268,True,success,,0.4517038000049069
treaty_sensitivity,29,treaty_indexation_sensitivity,outputs/step29_treaty_indexation_sensitivity/final_50/results.csv,long_stable_no_break,37,20260853,fixed_nominal,long,stable,False,1903368735.410205,495882842.7804066,1407485892.6297984,0.260529047028576,0.5671232876712329,0.0273972602739726,642954360.8421648,275566464.44821846,367387896.3939463,2000000.0,5000000.0,2010,1.0,1.0,1.0,True,success,,0.2837930000023334
treaty_sensitivity,29,treaty_indexation_sensitivity,outputs/step29_treaty_indexation_sensitivity/final_50/results.csv,long_stable_no_break,37,20260853,fully_indexed,long,stable,False,1903368735.410205,321572744.13937575,1581795991.2708292,0.1689492625137986,0.2958904109589041,0.0123287671232876,642954360.8421648,137234783.03941032,505719577.8027545,2000000.0,5000000.0,2010,1.0,1.7316764476028046,1.3349058425115268,True,success,,0.4467015000045649
treaty_sensitivity,29,treaty_indexation_sensitivity,outputs/step29_treaty_indexation_sensitivity/final_50/results.csv,long_stable_no_break,38,20260854,fixed_nominal,long,stable,False,1962974306.1438985,494185834.5739415,1468788471.5699568,0.2517535930181017,0.6021798365122616,0.0245231607629427,756118517.7845571,306004779.9733002,450113737.8112569,2000000.0,5000000.0,2010,1.0,1.0,1.0,True,success,,0.2272436999992351
treaty_sensitivity,29,treaty_indexation_sensitivity,outputs/step29_treaty_indexation_sensitivity/final_50/results.csv,long_stable_no_break,38,20260854,fully_indexed,long,stable,False,1962974306.1438985,314369758.84312606,1648604547.3007722,0.1601497064221281,0.2588555858310626,0.0122615803814713,756118517.7845571,172474683.26588348,583643834.5186735,2000000.0,5000000.0,2010,1.0,1.7316764476028046,1.3349058425115268,True,success,,0.4482261000011931
treaty_sensitivity,29,treaty_indexation_sensitivity,outputs/step29_treaty_indexation_sensitivity/final_50/results.csv,long_stable_no_break,39,20260855,fixed_nominal,long,stable,False,2042388428.977989,498492104.8573696,1543896324.1206195,0.2440731144892036,0.594488188976378,0.0209973753280839,807488237.7061844,329251731.71843934,478236505.98774505,2000000.0,5000000.0,2010,1.0,1.0,1.0,True,success,,0.2284121999982744
treaty_sensitivity,29,treaty_indexation_sensitivity,outputs/step29_treaty_indexation_sensitivity/final_50/results.csv,long_stable_no_break,39,20260855,fully_indexed,long,stable,False,2042388428.977989,295885267.58179814,1746503161.3961906,0.1448721816984926,0.2690288713910761,0.0104986876640419,807488237.7061844,167443844.339649,640044393.3665354,2000000.0,5000000.0,2010,1.0,1.7316764476028046,1.3349058425115268,True,success,,0.4534468999991077
treaty_sensitivity,29,treaty_indexation_sensitivity,outputs/step29_treaty_indexation_sensitivity/final_50/results.csv,long_stable_no_break,40,20260856,fixed_nominal,long,stable,False,2062558555.5615983,494888923.3412406,1567669632.220358,0.239939332634603,0.5841184387617766,0.034993270524899,692555761.5870862,272935019.0575721,419620742.5295142,2000000.0,5000000.0,2010,1.0,1.0,1.0,True,success,,0.2304274999987683
treaty_sensitivity,29,treaty_indexation_sensitivity,outputs/step29_treaty_indexation_sensitivity/final_50/results.csv,long_stable_no_break,40,20260856,fully_indexed,long,stable,False,2062558555.5615983,327503192.8953537,1735055362.666245,0.1587849188631545,0.2732166890982503,0.0215343203230148,692555761.5870862,146442582.06869248,546113179.5183939,2000000.0,5000000.0,2010,1.0,1.7316764476028046,1.3349058425115268,True,success,,0.4615851000053226
treaty_sensitivity,29,treaty_indexation_sensitivity,outputs/step29_treaty_indexation_sensitivity/final_50/results.csv,long_stable_no_break,41,20260857,fixed_nominal,long,stable,False,1924511601.475977,500949887.5332604,1423561713.942716,0.2602997493748876,0.6010854816824966,0.0189959294436906,741840532.335838,308169176.89685106,433671355.4389869,2000000.0,5000000.0,2010,1.0,1.0,1.0,True,success,,0.2287065999989863
treaty_sensitivity,29,treaty_indexation_sensitivity,outputs/step29_treaty_indexation_sensitivity/final_50/results.csv,long_stable_no_break,41,20260857,fully_indexed,long,stable,False,1924511601.475977,291343852.87315273,1633167748.6028242,0.1513858646784517,0.2632293080054274,0.0122116689280868,741840532.335838,145949509.7823807,595891022.5534573,2000000.0,5000000.0,2010,1.0,1.7316764476028046,1.3349058425115268,True,success,,0.457921900000656
treaty_sensitivity,29,treaty_indexation_sensitivity,outputs/step29_treaty_indexation_sensitivity/final_50/results.csv,long_stable_no_break,42,20260858,fixed_nominal,long,stable,False,2104897447.2404425,578679822.543306,1526217624.6971366,0.2749206728821708,0.6327372764786795,0.0385144429160935,847163481.6272483,360547450.55849314,486616031.0687552,2000000.0,5000000.0,2010,1.0,1.0,1.0,True,success,,0.2249608000056469
treaty_sensitivity,29,treaty_indexation_sensitivity,outputs/step29_treaty_indexation_sensitivity/final_50/results.csv,long_stable_no_break,42,20260858,fully_indexed,long,stable,False,2104897447.2404425,378265394.7181444,1726632052.5222983,0.179707279902903,0.3081155433287483,0.0178817056396148,847163481.6272483,207186295.48100105,639977186.1462471,2000000.0,5000000.0,2010,1.0,1.7316764476028046,1.3349058425115268,True,success,,0.4483775000044261
treaty_sensitivity,29,treaty_indexation_sensitivity,outputs/step29_treaty_indexation_sensitivity/final_50/results.csv,long_stable_no_break,43,20260859,fixed_nominal,long,stable,False,1984543714.9576724,542590969.2947006,1441952745.6629715,0.2734084239138433,0.6131687242798354,0.0260631001371742,788673834.2569516,358094696.7480068,430579137.50894487,2000000.0,5000000.0,2010,1.0,1.0,1.0,True,success,,0.2256970000016736
treaty_sensitivity,29,treaty_indexation_sensitivity,outputs/step29_treaty_indexation_sensitivity/final_50/results.csv,long_stable_no_break,43,20260859,fully_indexed,long,stable,False,1984543714.9576724,323684303.2780874,1660859411.679585,0.1631026320249091,0.2962962962962963,0.0109739368998628,788673834.2569516,183458759.7251484,605215074.5318033,2000000.0,5000000.0,2010,1.0,1.7316764476028046,1.3349058425115268,True,success,,0.4483221000045887
treaty_sensitivity,29,treaty_indexation_sensitivity,outputs/step29_treaty_indexation_sensitivity/final_50/results.csv,long_stable_no_break,44,20260860,fixed_nominal,long,stable,False,2057937392.3354328,540260286.9156942,1517677105.4197383,0.2625251326536151,0.6148908857509627,0.0231065468549422,850786106.4820993,370398801.8839722,480387304.5981271,2000000.0,5000000.0,2010,1.0,1.0,1.0,True,success,,0.2289899000024888
treaty_sensitivity,29,treaty_indexation_sensitivity,outputs/step29_treaty_indexation_sensitivity/final_50/results.csv,long_stable_no_break,44,20260860,fully_indexed,long,stable,False,2057937392.3354328,320803304.0027491,1737134088.332683,0.1558858423961518,0.2682926829268293,0.0064184852374839,850786106.4820993,192168273.8146888,658617832.6674106,2000000.0,5000000.0,2010,1.0,1.7316764476028046,1.3349058425115268,True,success,,0.4512532000007923
treaty_sensitivity,29,treaty_indexation_sensitivity,outputs/step29_treaty_indexation_sensitivity/final_50/results.csv,long_stable_no_break,45,20260861,fixed_nominal,long,stable,False,2117421420.5300467,577056850.8518203,1540364569.6782262,0.2725281067135741,0.6042780748663101,0.0280748663101604,767129379.2780485,334276857.9555143,432852521.3225343,2000000.0,5000000.0,2010,1.0,1.0,1.0,True,success,,0.2265020999984699
treaty_sensitivity,29,treaty_indexation_sensitivity,outputs/step29_treaty_indexation_sensitivity/final_50/results.csv,long_stable_no_break,45,20260861,fully_indexed,long,stable,False,2117421420.5300467,379875375.38804907,1737546045.1419976,0.1794047097591731,0.3275401069518716,0.0133689839572192,767129379.2780485,184544203.5572623,582585175.7207862,2000000.0,5000000.0,2010,1.0,1.7316764476028046,1.3349058425115268,True,success,,0.4535809000008157
treaty_sensitivity,29,treaty_indexation_sensitivity,outputs/step29_treaty_indexation_sensitivity/final_50/results.csv,long_stable_no_break,46,20260862,fixed_nominal,long,stable,False,2062877629.5272765,542824718.8145211,1520052910.7127552,0.263139563416039,0.6025974025974026,0.0272727272727272,780256848.3780754,346477413.3494036,433779435.0286717,2000000.0,5000000.0,2010,1.0,1.0,1.0,True,success,,0.2331889999986742
treaty_sensitivity,29,treaty_indexation_sensitivity,outputs/step29_treaty_indexation_sensitivity/final_50/results.csv,long_stable_no_break,46,20260862,fully_indexed,long,stable,False,2062877629.5272765,335493889.2627789,1727383740.264497,0.1626339267345004,0.2961038961038961,0.0103896103896103,780256848.3780754,191013298.9190959,589243549.4589794,2000000.0,5000000.0,2010,1.0,1.7316764476028046,1.3349058425115268,True,success,,0.4517708999992464
treaty_sensitivity,29,treaty_indexation_sensitivity,outputs/step29_treaty_indexation_sensitivity/final_50/results.csv,long_stable_no_break,47,20260863,fixed_nominal,long,stable,False,1971900312.5020163,498089057.9584336,1473811254.543583,0.2525934271628776,0.5737265415549598,0.0201072386058981,712355945.2466264,292656654.2204359,419699291.02619046,2000000.0,5000000.0,2010,1.0,1.0,1.0,True,success,,0.2277202999975998
treaty_sensitivity,29,treaty_indexation_sensitivity,outputs/step29_treaty_indexation_sensitivity/final_50/results.csv,long_stable_no_break,47,20260863,fully_indexed,long,stable,False,1971900312.5020163,298769888.94913334,1673130423.552883,0.1515136881184645,0.2841823056300268,0.0134048257372654,712355945.2466264,139759326.17075068,572596619.0758756,2000000.0,5000000.0,2010,1.0,1.7316764476028046,1.3349058425115268,True,success,,0.5269025000015972
treaty_sensitivity,29,treaty_indexation_sensitivity,outputs/step29_treaty_indexation_sensitivity/final_50/results.csv,long_stable_no_break,48,20260864,fixed_nominal,long,stable,False,1879102609.9630947,503262217.08242375,1375840392.8806715,0.2678205087971794,0.5869872701555869,0.0254596888260254,724498962.0587696,313950165.8981865,410548796.16058326,2000000.0,5000000.0,2010,1.0,1.0,1.0,True,success,,0.229735900000378
treaty_sensitivity,29,treaty_indexation_sensitivity,outputs/step29_treaty_indexation_sensitivity/final_50/results.csv,long_stable_no_break,48,20260864,fully_indexed,long,stable,False,1879102609.9630947,315801795.9546098,1563300814.0084853,0.1680598995926104,0.2885431400282885,0.0113154172560113,724498962.0587696,164392302.08251053,560106659.9762592,2000000.0,5000000.0,2010,1.0,1.7316764476028046,1.3349058425115268,True,success,,0.4464966000014101
treaty_sensitivity,29,treaty_indexation_sensitivity,outputs/step29_treaty_indexation_sensitivity/final_50/results.csv,long_stable_no_break,49,20260865,fixed_nominal,long,stable,False,1899313888.4284496,495828446.3152378,1403485442.1132123,0.2610566106719208,0.5938375350140056,0.0224089635854341,681615342.377451,296424848.4121561,385190493.9652947,2000000.0,5000000.0,2010,1.0,1.0,1.0,True,success,,0.2297486000024946
treaty_sensitivity,29,treaty_indexation_sensitivity,outputs/step29_treaty_indexation_sensitivity/final_50/results.csv,long_stable_no_break,49,20260865,fully_indexed,long,stable,False,1899313888.4284496,311177549.88021964,1588136338.5482304,0.163836821167931,0.3011204481792717,0.0084033613445378,681615342.377451,162151904.87711382,519463437.5003371,2000000.0,5000000.0,2010,1.0,1.7316764476028046,1.3349058425115268,True,success,,0.4554155999940121
treaty_sensitivity,29,treaty_indexation_sensitivity,outputs/step29_treaty_indexation_sensitivity/final_50/results.csv,long_stable_no_break,50,20260866,fixed_nominal,long,stable,False,1986283423.8457773,519911245.9261936,1466372177.919584,0.2617507852527704,0.5955983493810179,0.0357634112792297,777888626.3469107,338468329.66566014,439420296.6812506,2000000.0,5000000.0,2010,1.0,1.0,1.0,True,success,,0.2301377999974647
treaty_sensitivity,29,treaty_indexation_sensitivity,outputs/step29_treaty_indexation_sensitivity/final_50/results.csv,long_stable_no_break,50,20260866,fully_indexed,long,stable,False,1986283423.8457773,335428738.99347305,1650854684.8523045,0.1688725460659722,0.2943603851444291,0.0123796423658872,777888626.3469107,198945180.75538456,578943445.5915263,2000000.0,5000000.0,2010,1.0,1.7316764476028046,1.3349058425115268,True,success,,0.4482644000017899
treaty_sensitivity,29,treaty_indexation_sensitivity,outputs/step29_treaty_indexation_sensitivity/final_50/results.csv,short_emerging_no_break,1,20260817,fixed_nominal,short,emerging,False,1604512269.2785308,328287267.71554595,1276225001.562985,0.2046025287567046,0.4175035868005738,0.0200860832137733,152925951.0916762,70592445.43832305,82333505.65335315,2000000.0,5000000.0,2010,1.0,1.0,1.0,True,success,,0.2185129999998025
treaty_sensitivity,29,treaty_indexation_sensitivity,outputs/step29_treaty_indexation_sensitivity/final_50/results.csv,short_emerging_no_break,1,20260817,fully_indexed,short,emerging,False,1604512269.2785308,197732840.0476493,1406779429.2308817,0.1232354802350996,0.1707317073170731,0.0100430416068866,152925951.0916762,33380749.38588872,119545201.70578746,2000000.0,5000000.0,2010,1.0,1.8687743048810856,1.3566921173701358,True,success,,0.4394688000029418
treaty_sensitivity,29,treaty_indexation_sensitivity,outputs/step29_treaty_indexation_sensitivity/final_50/results.csv,short_emerging_no_break,2,20260818,fixed_nominal,short,emerging,False,1706687736.3733506,365517525.9121885,1341170210.461162,0.2141677813241337,0.4380053908355795,0.0161725067385444,118893676.42537048,67858248.2673998,51035428.1579707,2000000.0,5000000.0,2010,1.0,1.0,1.0,True,success,,0.2178047999987029
treaty_sensitivity,29,treaty_indexation_sensitivity,outputs/step29_treaty_indexation_sensitivity/final_50/results.csv,short_emerging_no_break,2,20260818,fully_indexed,short,emerging,False,1706687736.3733506,216749722.2570033,1489938014.1163473,0.1270002224997459,0.1792452830188679,0.0053908355795148,118893676.42537048,30419612.711193506,88474063.71417698,2000000.0,5000000.0,2010,1.0,1.8687743048810856,1.3566921173701358,True,success,,0.4356923000013921
treaty_sensitivity,29,treaty_indexation_sensitivity,outputs/step29_treaty_indexation_sensitivity/final_50/results.csv,short_emerging_no_break,3,20260819,fixed_nominal,short,emerging,False,1744370264.3933988,402402050.2621703,1341968214.1312284,0.2306861441496222,0.4713715046604527,0.0119840213049267,105837545.20554812,66381607.12761541,39455938.07793269,2000000.0,5000000.0,2010,1.0,1.0,1.0,True,success,,0.2191487999953096
treaty_sensitivity,29,treaty_indexation_sensitivity,outputs/step29_treaty_indexation_sensitivity/final_50/results.csv,short_emerging_no_break,3,20260819,fully_indexed,short,emerging,False,1744370264.3933988,228997951.97726345,1515372312.416135,0.1312782937496913,0.2103861517976032,0.0053262316910785,105837545.20554812,22063916.8839714,83773628.3215767,2000000.0,5000000.0,2010,1.0,1.8687743048810856,1.3566921173701358,True,success,,0.4421417999983532
treaty_sensitivity,29,treaty_indexation_sensitivity,outputs/step29_treaty_indexation_sensitivity/final_50/results.csv,short_emerging_no_break,4,20260820,fixed_nominal,short,emerging,False,1627022585.9473853,308986779.5691492,1318035806.3782363,0.1899093363779162,0.4354395604395604,0.0137362637362637,118619275.39226888,60023663.95776619,58595611.43450271,2000000.0,5000000.0,2010,1.0,1.0,1.0,True,success,,0.2184522999959881
treaty_sensitivity,29,treaty_indexation_sensitivity,outputs/step29_treaty_indexation_sensitivity/final_50/results.csv,short_emerging_no_break,4,20260820,fully_indexed,short,emerging,False,1627022585.9473853,164968678.05645454,1462053907.8909311,0.1013929858634361,0.173076923076923,0.0068681318681318,118619275.39226888,22094581.77235968,96524693.6199092,2000000.0,5000000.0,2010,1.0,1.8687743048810856,1.3566921173701358,True,success,,0.4469438000014634
treaty_sensitivity,29,treaty_indexation_sensitivity,outputs/step29_treaty_indexation_sensitivity/final_50/results.csv,short_emerging_no_break,5,20260821,fixed_nominal,short,emerging,False,1737071020.892004,376078683.60132366,1360992337.2906804,0.2165016162713965,0.457259158751696,0.0230664857530529,94343144.76947825,62322952.05797233,32020192.71150592,2000000.0,5000000.0,2010,1.0,1.0,1.0,True,success,,0.2183189999996102
treaty_sensitivity,29,treaty_indexation_sensitivity,outputs/step29_treaty_indexation_sensitivity/final_50/results.csv,short_emerging_no_break,5,20260821,fully_indexed,short,emerging,False,1737071020.892004,224474514.17137992,1512596506.7206242,0.1292258701409398,0.1940298507462686,0.0135685210312075,94343144.76947825,17910323.10320816,76432821.66627008,2000000.0,5000000.0,2010,1.0,1.8687743048810856,1.3566921173701358,True,success,,0.4806787999987136
treaty_sensitivity,29,treaty_indexation_sensitivity,outputs/step29_treaty_indexation_sensitivity/final_50/results.csv,short_emerging_no_break,6,20260822,fixed_nominal,short,emerging,False,1710673228.8673708,322543714.7073866,1388129514.1599844,0.1885478239002672,0.4026845637583892,0.0161073825503355,105414835.86606228,62762448.953828216,42652386.91223407,2000000.0,5000000.0,2010,1.0,1.0,1.0,True,success,,0.217297299997881
treaty_sensitivity,29,treaty_indexation_sensitivity,outputs/step29_treaty_indexation_sensitivity/final_50/results.csv,short_emerging_no_break,6,20260822,fully_indexed,short,emerging,False,1710673228.8673708,185707744.1133967,1524965484.753974,0.1085582804357983,0.1677852348993288,0.010738255033557,105414835.86606228,24454950.071146227,80959885.79491605,2000000.0,5000000.0,2010,1.0,1.8687743048810856,1.3566921173701358,True,success,,0.4522158000036143
treaty_sensitivity,29,treaty_indexation_sensitivity,outputs/step29_treaty_indexation_sensitivity/final_50/results.csv,short_emerging_no_break,7,20260823,fixed_nominal,short,emerging,False,1620895550.196771,321312776.14093333,1299582774.0558374,0.1982316356547015,0.4366998577524893,0.0099573257467994,116296811.42343572,61732257.43945293,54564553.9839828,2000000.0,5000000.0,2010,1.0,1.0,1.0,True,success,,0.2172935999988112
treaty_sensitivity,29,treaty_indexation_sensitivity,outputs/step29_treaty_indexation_sensitivity/final_50/results.csv,short_emerging_no_break,7,20260823,fully_indexed,short,emerging,False,1620895550.196771,174621073.132908,1446274477.0638626,0.1077312311158542,0.1934566145092461,0.0056899004267425,116296811.42343572,19789102.273119137,96507709.15031658,2000000.0,5000000.0,2010,1.0,1.8687743048810856,1.3566921173701358,True,success,,0.4341139999960433
treaty_sensitivity,29,treaty_indexation_sensitivity,outputs/step29_treaty_indexation_sensitivity/final_50/results.csv,short_emerging_no_break,8,20260824,fixed_nominal,short,emerging,False,1855640868.5069275,404412421.0789277,1451228447.428,0.2179367936665046,0.4568527918781725,0.015228426395939,134796993.40754393,70156507.17509204,64640486.23245191,2000000.0,5000000.0,2010,1.0,1.0,1.0,True,success,,0.2420077999995555
treaty_sensitivity,29,treaty_indexation_sensitivity,outputs/step29_treaty_indexation_sensitivity/final_50/results.csv,short_emerging_no_break,8,20260824,fully_indexed,short,emerging,False,1855640868.5069275,236442250.65774775,1619198617.8491795,0.1274181091128868,0.2055837563451776,0.0076142131979695,134796993.40754393,24837917.218764227,109959076.18877973,2000000.0,5000000.0,2010,1.0,1.8687743048810856,1.3566921173701358,True,success,,0.4401894999973592
treaty_sensitivity,29,treaty_indexation_sensitivity,outputs/step29_treaty_indexation_sensitivity/final_50/results.csv,short_emerging_no_break,9,20260825,fixed_nominal,short,emerging,False,1691344235.3063457,370969684.3286379,1320374550.977708,0.2193342292980623,0.4459459459459459,0.0148648648648648,118490387.03138332,68771597.47423375,49718789.55714957,2000000.0,5000000.0,2010,1.0,1.0,1.0,True,success,,0.2369306999971741
treaty_sensitivity,29,treaty_indexation_sensitivity,outputs/step29_treaty_indexation_sensitivity/final_50/results.csv,short_emerging_no_break,9,20260825,fully_indexed,short,emerging,False,1691344235.3063457,206136648.8785945,1485207586.427751,0.1218774064886074,0.1918918918918919,0.0067567567567567,118490387.03138332,31401721.026620213,87088666.00476313,2000000.0,5000000.0,2010,1.0,1.8687743048810856,1.3566921173701358,True,success,,0.439034700000775
treaty_sensitivity,29,treaty_indexation_sensitivity,outputs/step29_treaty_indexation_sensitivity/final_50/results.csv,short_emerging_no_break,10,20260826,fixed_nominal,short,emerging,False,1893492536.055014,397282965.5106877,1496209570.5443268,0.2098149097214846,0.4242424242424242,0.0265151515151515,149574476.9510759,80456561.16601816,69117915.78505774,2000000.0,5000000.0,2010,1.0,1.0,1.0,True,success,,0.2418805999986943
treaty_sensitivity,29,treaty_indexation_sensitivity,outputs/step29_treaty_indexation_sensitivity/final_50/results.csv,short_emerging_no_break,10,20260826,fully_indexed,short,emerging,False,1893492536.055014,247309770.89582303,1646182765.1591911,0.1306103753707311,0.1868686868686868,0.0113636363636363,149574476.9510759,42303786.14263988,107270690.80843604,2000000.0,5000000.0,2010,1.0,1.8687743048810856,1.3566921173701358,True,success,,0.4463126999980886
treaty_sensitivity,29,treaty_indexation_sensitivity,outputs/step29_treaty_indexation_sensitivity/final_50/results.csv,short_emerging_no_break,11,20260827,fixed_nominal,short,emerging,False,1712543601.7746248,388575970.1296434,1323967631.644982,0.2268998989146794,0.4386206896551724,0.0151724137931034,133653943.3229092,86640847.87304908,47013095.44986011,2000000.0,5000000.0,2010,1.0,1.0,1.0,True,success,,0.2402581999995163
treaty_sensitivity,29,treaty_indexation_sensitivity,outputs/step29_treaty_indexation_sensitivity/final_50/results.csv,short_emerging_no_break,11,20260827,fully_indexed,short,emerging,False,1712543601.7746248,219103922.0269368,1493439679.747688,0.1279406385915606,0.1848275862068965,0.0068965517241379,133653943.3229092,40482885.12446464,93171058.19844456,2000000.0,5000000.0,2010,1.0,1.8687743048810856,1.3566921173701358,True,success,,0.4380680999965989
treaty_sensitivity,29,treaty_indexation_sensitivity,outputs/step29_treaty_indexation_sensitivity/final_50/results.csv,short_emerging_no_break,12,20260828,fixed_nominal,short,emerging,False,1725858213.839857,386206201.193081,1339652012.6467762,0.2237763207290429,0.4534412955465587,0.0215924426450742,126808863.19714352,69825296.35659844,56983566.84054509,2000000.0,5000000.0,2010,1.0,1.0,1.0,True,success,,0.2432475000023259
treaty_sensitivity,29,treaty_indexation_sensitivity,outputs/step29_treaty_indexation_sensitivity/final_50/results.csv,short_emerging_no_break,12,20260828,fully_indexed,short,emerging,False,1725858213.839857,228095299.36389667,1497762914.4759607,0.1321634057391123,0.203778677462888,0.0080971659919028,126808863.19714352,36057545.10912175,90751318.0880218,2000000.0,5000000.0,2010,1.0,1.8687743048810856,1.3566921173701358,True,success,,0.4421355000013136
treaty_sensitivity,29,treaty_indexation_sensitivity,outputs/step29_treaty_indexation_sensitivity/final_50/results.csv,short_emerging_no_break,13,20260829,fixed_nominal,short,emerging,False,1839904405.5433671,392322461.1425226,1447581944.4008446,0.213229806918507,0.4323308270676692,0.018796992481203,132458414.43206944,71131128.73172837,61327285.70034108,2000000.0,5000000.0,2010,1.0,1.0,1.0,True,success,,0.2197120999990147
treaty_sensitivity,29,treaty_indexation_sensitivity,outputs/step29_treaty_indexation_sensitivity/final_50/results.csv,short_emerging_no_break,13,20260829,fully_indexed,short,emerging,False,1839904405.5433671,221264842.3236914,1618639563.2196758,0.1202588795684451,0.1917293233082706,0.006265664160401,132458414.43206944,22691902.486701287,109766511.94536816,2000000.0,5000000.0,2010,1.0,1.8687743048810856,1.3566921173701358,True,success,,0.4690196000010473
treaty_sensitivity,29,treaty_indexation_sensitivity,outputs/step29_treaty_indexation_sensitivity/final_50/results.csv,short_emerging_no_break,14,20260830,fixed_nominal,short,emerging,False,1691361261.4938788,358989462.4161212,1332371799.0777576,0.2122488380152724,0.4216216216216216,0.0148648648648648,127655754.61127774,69250427.68212922,58405326.92914852,2000000.0,5000000.0,2010,1.0,1.0,1.0,True,success,,0.2178333999981987
treaty_sensitivity,29,treaty_indexation_sensitivity,outputs/step29_treaty_indexation_sensitivity/final_50/results.csv,short_emerging_no_break,14,20260830,fully_indexed,short,emerging,False,1691361261.4938788,207024865.3723924,1484336396.1214864,0.1224013284953326,0.1932432432432432,0.0067567567567567,127655754.61127774,29779671.420501675,97876083.19077608,2000000.0,5000000.0,2010,1.0,1.8687743048810856,1.3566921173701358,True,success,,0.4690723000021535
treaty_sensitivity,29,treaty_indexation_sensitivity,outputs/step29_treaty_indexation_sensitivity/final_50/results.csv,short_emerging_no_break,15,20260831,fixed_nominal,short,emerging,False,1853763843.4991064,430803169.1616629,1422960674.3374436,0.2323937704753656,0.4784366576819407,0.0215633423180593,141931759.932108,64784910.56973085,77146849.36237715,2000000.0,5000000.0,2010,1.0,1.0,1.0,True,success,,0.2246894000054453
treaty_sensitivity,29,treaty_indexation_sensitivity,outputs/step29_treaty_indexation_sensitivity/final_50/results.csv,short_emerging_no_break,15,20260831,fully_indexed,short,emerging,False,1853763843.4991064,279720902.220563,1574042941.2785437,0.1508934933656762,0.2129380053908355,0.0094339622641509,141931759.932108,32439685.180809103,109492074.75129892,2000000.0,5000000.0,2010,1.0,1.8687743048810856,1.3566921173701358,True,success,,0.4758408999987296
treaty_sensitivity,29,treaty_indexation_sensitivity,outputs/step29_treaty_indexation_sensitivity/final_50/results.csv,short_emerging_no_break,16,20260832,fixed_nominal,short,emerging,False,1849321767.637876,393043760.1624804,1456278007.4753954,0.2125340041092535,0.4235294117647059,0.0183006535947712,136717365.79140747,71969747.70479468,64747618.086612806,2000000.0,5000000.0,2010,1.0,1.0,1.0,True,success,,0.2198463999957312
treaty_sensitivity,29,treaty_indexation_sensitivity,outputs/step29_treaty_indexation_sensitivity/final_50/results.csv,short_emerging_no_break,16,20260832,fully_indexed,short,emerging,False,1849321767.637876,246630584.8799923,1602691182.7578833,0.1333627220508044,0.2026143790849673,0.0104575163398692,136717365.79140747,30063322.861553617,106654042.92985389,2000000.0,5000000.0,2010,1.0,1.8687743048810856,1.3566921173701358,True,success,,0.4410359000030439
treaty_sensitivity,29,treaty_indexation_sensitivity,outputs/step29_treaty_indexation_sensitivity/final_50/results.csv,short_emerging_no_break,17,20260833,fixed_nominal,short,emerging,False,1667501861.6384766,318302097.38086885,1349199764.2576077,0.1908856024113264,0.4118438761776581,0.0107671601615074,141369076.4724024,75324245.91706921,66044830.55533315,2000000.0,5000000.0,2010,1.0,1.0,1.0,True,success,,0.2170200999971712
treaty_sensitivity,29,treaty_indexation_sensitivity,outputs/step29_treaty_indexation_sensitivity/final_50/results.csv,short_emerging_no_break,17,20260833,fully_indexed,short,emerging,False,1667501861.6384766,169081361.7158061,1498420499.9226706,0.1013980047672437,0.1668909825033647,0.0067294751009421,141369076.4724024,27138277.170647457,114230799.30175492,2000000.0,5000000.0,2010,1.0,1.8687743048810856,1.3566921173701358,True,success,,0.434768899998744
treaty_sensitivity,29,treaty_indexation_sensitivity,outputs/step29_treaty_indexation_sensitivity/final_50/results.csv,short_emerging_no_break,18,20260834,fixed_nominal,short,emerging,False,1689251373.055518,376696720.8978735,1312554652.1576445,0.2229962496443051,0.4544198895027624,0.0207182320441988,104232568.99276169,60457798.2975311,43774770.69523059,2000000.0,5000000.0,2010,1.0,1.0,1.0,True,success,,0.2219049999985145
treaty_sensitivity,29,treaty_indexation_sensitivity,outputs/step29_treaty_indexation_sensitivity/final_50/results.csv,short_emerging_no_break,18,20260834,fully_indexed,short,emerging,False,1689251373.055518,226509566.2014744,1462741806.8540435,0.1340887270032309,0.1988950276243093,0.0082872928176795,104232568.99276169,22945043.77783675,81287525.21492493,2000000.0,5000000.0,2010,1.0,1.8687743048810856,1.3566921173701358,True,success,,0.444122699998843
treaty_sensitivity,29,treaty_indexation_sensitivity,outputs/step29_treaty_indexation_sensitivity/final_50/results.csv,short_emerging_no_break,19,20260835,fixed_nominal,short,emerging,False,1868940892.9550965,416305581.4262901,1452635311.5288067,0.2227494636109352,0.4665841584158416,0.0123762376237623,115546911.8359402,60771227.54762366,54775684.28831656,2000000.0,5000000.0,2010,1.0,1.0,1.0,True,success,,0.2205634999991161
treaty_sensitivity,29,treaty_indexation_sensitivity,outputs/step29_treaty_indexation_sensitivity/final_50/results.csv,short_emerging_no_break,19,20260835,fully_indexed,short,emerging,False,1868940892.9550965,228614730.10373676,1640326162.8513603,0.122323146208364,0.2178217821782178,0.0061881188118811,115546911.8359402,16362523.044891214,99184388.791049,2000000.0,5000000.0,2010,1.0,1.8687743048810856,1.3566921173701358,True,success,,0.4398895999984233
treaty_sensitivity,29,treaty_indexation_sensitivity,outputs/step29_treaty_indexation_sensitivity/final_50/results.csv,short_emerging_no_break,20,20260836,fixed_nominal,short,emerging,False,1799951265.093177,385576344.3337749,1414374920.7594025,0.2142148800422188,0.4419817470664928,0.014341590612777,138247098.0627088,68662957.49297117,69584140.56973764,2000000.0,5000000.0,2010,1.0,1.0,1.0,True,success,,0.2213167000008979
treaty_sensitivity,29,treaty_indexation_sensitivity,outputs/step29_treaty_indexation_sensitivity/final_50/results.csv,short_emerging_no_break,20,20260836,fully_indexed,short,emerging,False,1799951265.093177,224487132.053841,1575464133.0393362,0.1247184501088256,0.1981747066492829,0.0078226857887874,138247098.0627088,24327412.77138733,113919685.29132146,2000000.0,5000000.0,2010,1.0,1.8687743048810856,1.3566921173701358,True,success,,0.4437795999983791
treaty_sensitivity,29,treaty_indexation_sensitivity,outputs/step29_treaty_indexation_sensitivity/final_50/results.csv,short_emerging_no_break,21,20260837,fixed_nominal,short,emerging,False,1725296756.9502015,339432573.717143,1385864183.2330585,0.1967386609577567,0.4274406332453825,0.0118733509234828,111040279.6946036,54484522.17886736,56555757.51573622,2000000.0,5000000.0,2010,1.0,1.0,1.0,True,success,,0.2223232999967876
treaty_sensitivity,29,treaty_indexation_sensitivity,outputs/step29_treaty_indexation_sensitivity/final_50/results.csv,short_emerging_no_break,21,20260837,fully_indexed,short,emerging,False,1725296756.9502015,193806934.36440212,1531489822.5857992,0.1123325211061044,0.1688654353562005,0.0079155672823219,111040279.6946036,14939229.763486795,96101049.9311168,2000000.0,5000000.0,2010,1.0,1.8687743048810856,1.3566921173701358,True,success,,0.4461229000007733
treaty_sensitivity,29,treaty_indexation_sensitivity,outputs/step29_treaty_indexation_sensitivity/final_50/results.csv,short_emerging_no_break,22,20260838,fixed_nominal,short,emerging,False,1655598016.7817106,362421480.2269894,1293176536.554721,0.2189066890352372,0.4467213114754098,0.0163934426229508,119820365.71170436,70899698.54095288,48920667.1707515,2000000.0,5000000.0,2010,1.0,1.0,1.0,True,success,,0.2494777000028989
treaty_sensitivity,29,treaty_indexation_sensitivity,outputs/step29_treaty_indexation_sensitivity/final_50/results.csv,short_emerging_no_break,22,20260838,fully_indexed,short,emerging,False,1655598016.7817106,199750065.84384364,1455847950.9378664,0.1206513077565377,0.1707650273224043,0.0054644808743169,119820365.71170436,28016229.8241556,91804135.88754876,2000000.0,5000000.0,2010,1.0,1.8687743048810856,1.3566921173701358,True,success,,0.5235069999980624
treaty_sensitivity,29,treaty_indexation_sensitivity,outputs/step29_treaty_indexation_sensitivity/final_50/results.csv,short_emerging_no_break,23,20260839,fixed_nominal,short,emerging,False,1733180469.5184271,390391233.6279765,1342789235.8904502,0.2252455762650318,0.4623803009575923,0.0191518467852257,146496238.93990734,78387981.19540745,68108257.7444999,2000000.0,5000000.0,2010,1.0,1.0,1.0,True,success,,0.2213168999951449
treaty_sensitivity,29,treaty_indexation_sensitivity,outputs/step29_treaty_indexation_sensitivity/final_50/results.csv,short_emerging_no_break,23,20260839,fully_indexed,short,emerging,False,1733180469.5184271,239067144.25369892,1494113325.2647278,0.137935517078683,0.1928864569083447,0.0068399452804377,146496238.93990734,41725053.14024074,104771185.7996666,2000000.0,5000000.0,2010,1.0,1.8687743048810856,1.3566921173701358,True,success,,0.4414503000007244
treaty_sensitivity,29,treaty_indexation_sensitivity,outputs/step29_treaty_indexation_sensitivity/final_50/results.csv,short_emerging_no_break,24,20260840,fixed_nominal,short,emerging,False,1928589793.9527984,410141680.0061744,1518448113.9466245,0.2126640311445164,0.4517766497461929,0.0266497461928934,131514834.12503254,63769885.24600458,67744948.87902795,2000000.0,5000000.0,2010,1.0,1.0,1.0,True,success,,0.228289800004859
treaty_sensitivity,29,treaty_indexation_sensitivity,outputs/step29_treaty_indexation_sensitivity/final_50/results.csv,short_emerging_no_break,24,20260840,fully_indexed,short,emerging,False,1928589793.9527984,252897024.29140645,1675692769.6613922,0.1311305416446666,0.1979695431472081,0.0126903553299492,131514834.12503254,15649863.77652924,115864970.3485033,2000000.0,5000000.0,2010,1.0,1.8687743048810856,1.3566921173701358,True,success,,0.5257829000038328
treaty_sensitivity,29,treaty_indexation_sensitivity,outputs/step29_treaty_indexation_sensitivity/final_50/results.csv,short_emerging_no_break,25,20260841,fixed_nominal,short,emerging,False,1867603816.329453,434062986.0574519,1433540830.2720008,0.232417058833468,0.4868766404199475,0.0196850393700787,174792250.52559978,90963359.60613754,83828890.9194622,2000000.0,5000000.0,2010,1.0,1.0,1.0,True,success,,0.2223497000013594
treaty_sensitivity,29,treaty_indexation_sensitivity,outputs/step29_treaty_indexation_sensitivity/final_50/results.csv,short_emerging_no_break,25,20260841,fully_indexed,short,emerging,False,1867603816.329453,259933527.94829747,1607670288.3811553,0.1391802295944998,0.2060367454068241,0.0144356955380577,174792250.52559978,24509487.265384115,150282763.26021564,2000000.0,5000000.0,2010,1.0,1.8687743048810856,1.3566921173701358,True,success,,0.4416563999984646
treaty_sensitivity,29,treaty_indexation_sensitivity,outputs/step29_treaty_indexation_sensitivity/final_50/results.csv,short_emerging_no_break,26,20260842,fixed_nominal,short,emerging,False,1711667663.6768637,362593388.5672104,1349074275.1096537,0.2118363256266214,0.4522207267833109,0.0148048452220726,129397270.0917339,75377848.32444328,54019421.76729063,2000000.0,5000000.0,2010,1.0,1.0,1.0,True,success,,0.2197635999982594
treaty_sensitivity,29,treaty_indexation_sensitivity,outputs/step29_treaty_indexation_sensitivity/final_50/results.csv,short_emerging_no_break,26,20260842,fully_indexed,short,emerging,False,1711667663.6768637,200091899.5322392,1511575764.1446242,0.1168988021321956,0.1843876177658142,0.0080753701211305,129397270.0917339,31504804.853778623,97892465.23795529,2000000.0,5000000.0,2010,1.0,1.8687743048810856,1.3566921173701358,True,success,,0.4421700000020792
treaty_sensitivity,29,treaty_indexation_sensitivity,outputs/step29_treaty_indexation_sensitivity/final_50/results.csv,short_emerging_no_break,27,20260843,fixed_nominal,short,emerging,False,1810004238.8622348,423211994.2867528,1386792244.5754824,0.2338182337919733,0.4630872483221476,0.021476510067114,175476418.08967456,87100520.20406541,88375897.88560915,2000000.0,5000000.0,2010,1.0,1.0,1.0,True,success,,0.2173515999966184
treaty_sensitivity,29,treaty_indexation_sensitivity,outputs/step29_treaty_indexation_sensitivity/final_50/results.csv,short_emerging_no_break,27,20260843,fully_indexed,short,emerging,False,1810004238.8622348,259767940.6460682,1550236298.2161665,0.1435178631456453,0.2174496644295302,0.0120805369127516,175476418.08967456,45787446.16337958,129688971.92629498,2000000.0,5000000.0,2010,1.0,1.8687743048810856,1.3566921173701358,True,success,,0.4389589999991585
treaty_sensitivity,29,treaty_indexation_sensitivity,outputs/step29_treaty_indexation_sensitivity/final_50/results.csv,short_emerging_no_break,28,20260844,fixed_nominal,short,emerging,False,1695226685.7409427,338341656.38157374,1356885029.3593688,0.1995849046192266,0.409814323607427,0.0145888594164456,144554464.3427375,77732209.13579196,66822255.20694553,2000000.0,5000000.0,2010,1.0,1.0,1.0,True,success,,0.2222612999976263
treaty_sensitivity,29,treaty_indexation_sensitivity,outputs/step29_treaty_indexation_sensitivity/final_50/results.csv,short_emerging_no_break,28,20260844,fully_indexed,short,emerging,False,1695226685.7409427,193479348.9796551,1501747336.7612877,0.1141318447892943,0.1790450928381962,0.0053050397877984,144554464.3427375,25255063.4434696,119299400.8992679,2000000.0,5000000.0,2010,1.0,1.8687743048810856,1.3566921173701358,True,success,,0.4976575000036973
treaty_sensitivity,29,treaty_indexation_sensitivity,outputs/step29_treaty_indexation_sensitivity/final_50/results.csv,short_emerging_no_break,29,20260845,fixed_nominal,short,emerging,False,1520094598.930792,327742899.24367243,1192351699.68712,0.2156069099082393,0.4360119047619047,0.0163690476190476,117659817.94940493,71148516.3041015,46511301.64530346,2000000.0,5000000.0,2010,1.0,1.0,1.0,True,success,,0.2207189000037033
treaty_sensitivity,29,treaty_indexation_sensitivity,outputs/step29_treaty_indexation_sensitivity/final_50/results.csv,short_emerging_no_break,29,20260845,fully_indexed,short,emerging,False,1520094598.930792,182101309.35247335,1337993289.5783188,0.1197960373522544,0.1964285714285714,0.0059523809523809,117659817.94940493,29725095.59610417,87934722.35330078,2000000.0,5000000.0,2010,1.0,1.8687743048810856,1.3566921173701358,True,success,,0.4468367000008584
treaty_sensitivity,29,treaty_indexation_sensitivity,outputs/step29_treaty_indexation_sensitivity/final_50/results.csv,short_emerging_no_break,30,20260846,fixed_nominal,short,emerging,False,1612440190.070574,317668034.44426936,1294772155.6263049,0.1970107396233813,0.4334763948497854,0.0185979971387696,133967662.7868828,77296777.61764812,56670885.16923466,2000000.0,5000000.0,2010,1.0,1.0,1.0,True,success,,0.2197983000005479
treaty_sensitivity,29,treaty_indexation_sensitivity,outputs/step29_treaty_indexation_sensitivity/final_50/results.csv,short_emerging_no_break,30,20260846,fully_indexed,short,emerging,False,1612440190.070574,186233528.7325742,1426206661.3379998,0.1154979452133496,0.161659513590844,0.0071530758226037,133967662.7868828,35949748.7934327,98017913.99345008,2000000.0,5000000.0,2010,1.0,1.8687743048810856,1.3566921173701358,True,success,,0.4430340000035357
treaty_sensitivity,29,treaty_indexation_sensitivity,outputs/step29_treaty_indexation_sensitivity/final_50/results.csv,short_emerging_no_break,31,20260847,fixed_nominal,short,emerging,False,1843796273.2107248,421729968.1249181,1422066305.0858064,0.2287291574738524,0.4567243675099867,0.0279627163781624,135553905.77080107,73102486.68446147,62451419.08633961,2000000.0,5000000.0,2010,1.0,1.0,1.0,True,success,,0.2189926999999443
treaty_sensitivity,29,treaty_indexation_sensitivity,outputs/step29_treaty_indexation_sensitivity/final_50/results.csv,short_emerging_no_break,31,20260847,fully_indexed,short,emerging,False,1843796273.2107248,278665473.1922599,1565130800.0184643,0.151136802498793,0.2090545938748335,0.0106524633821571,135553905.77080107,32043711.64617022,103510194.12463088,2000000.0,5000000.0,2010,1.0,1.8687743048810856,1.3566921173701358,True,success,,0.446344300005876
treaty_sensitivity,29,treaty_indexation_sensitivity,outputs/step29_treaty_indexation_sensitivity/final_50/results.csv,short_emerging_no_break,32,20260848,fixed_nominal,short,emerging,False,1776731007.5460436,375091967.6876019,1401639039.8584416,0.2111135372178061,0.4199726402188782,0.0218878248974008,122719052.6146932,59611145.256326735,63107907.35836645,2000000.0,5000000.0,2010,1.0,1.0,1.0,True,success,,0.2169711000024108
treaty_sensitivity,29,treaty_indexation_sensitivity,outputs/step29_treaty_indexation_sensitivity/final_50/results.csv,short_emerging_no_break,32,20260848,fully_indexed,short,emerging,False,1776731007.5460436,251797206.45779863,1524933801.0882452,0.1417193741699661,0.1956224350205198,0.0164158686730506,122719052.6146932,26284193.062158,96434859.5525352,2000000.0,5000000.0,2010,1.0,1.8687743048810856,1.3566921173701358,True,success,,0.4395704999988084
treaty_sensitivity,29,treaty_indexation_sensitivity,outputs/step29_treaty_indexation_sensitivity/final_50/results.csv,short_emerging_no_break,33,20260849,fixed_nominal,short,emerging,False,1823926054.309356,395039644.64893866,1428886409.6604176,0.2165875330941108,0.4355044699872286,0.0242656449553001,130967825.6886176,64851470.02798017,66116355.66063742,2000000.0,5000000.0,2010,1.0,1.0,1.0,True,success,,0.2188596000050893
treaty_sensitivity,29,treaty_indexation_sensitivity,outputs/step29_treaty_indexation_sensitivity/final_50/results.csv,short_emerging_no_break,33,20260849,fully_indexed,short,emerging,False,1823926054.309356,251275686.6718235,1572650367.6375325,0.1377663782356412,0.1902937420178799,0.0076628352490421,130967825.6886176,32184852.955840334,98782972.73277728,2000000.0,5000000.0,2010,1.0,1.8687743048810856,1.3566921173701358,True,success,,0.494062900004792
treaty_sensitivity,29,treaty_indexation_sensitivity,outputs/step29_treaty_indexation_sensitivity/final_50/results.csv,short_emerging_no_break,34,20260850,fixed_nominal,short,emerging,False,1747511839.2446957,388006493.6820425,1359505345.5626535,0.2220336852480184,0.4524765729585007,0.0214190093708166,124349171.90954629,77147866.951554,47201304.95799227,2000000.0,5000000.0,2010,1.0,1.0,1.0,True,success,,0.2376230000008945
treaty_sensitivity,29,treaty_indexation_sensitivity,outputs/step29_treaty_indexation_sensitivity/final_50/results.csv,short_emerging_no_break,34,20260850,fully_indexed,short,emerging,False,1747511839.2446957,218542395.74957305,1528969443.495123,0.1250591789089284,0.1860776439089692,0.0080321285140562,124349171.90954629,30438782.160352457,93910389.74919382,2000000.0,5000000.0,2010,1.0,1.8687743048810856,1.3566921173701358,True,success,,0.5339299999977811
treaty_sensitivity,29,treaty_indexation_sensitivity,outputs/step29_treaty_indexation_sensitivity/final_50/results.csv,short_emerging_no_break,35,20260851,fixed_nominal,short,emerging,False,1705458003.609232,367594263.9738727,1337863739.6353588,0.215539909628932,0.462707182320442,0.0151933701657458,123658034.22795688,67301150.01232633,56356884.21563054,2000000.0,5000000.0,2010,1.0,1.0,1.0,True,success,,0.2198904000033508
treaty_sensitivity,29,treaty_indexation_sensitivity,outputs/step29_treaty_indexation_sensitivity/final_50/results.csv,short_emerging_no_break,35,20260851,fully_indexed,short,emerging,False,1705458003.609232,215124634.85986823,1490333368.749364,0.126138922450511,0.1988950276243093,0.005524861878453,123658034.22795688,26866160.278370906,96791873.94958596,2000000.0,5000000.0,2010,1.0,1.8687743048810856,1.3566921173701358,True,success,,0.4417033999998239
treaty_sensitivity,29,treaty_indexation_sensitivity,outputs/step29_treaty_indexation_sensitivity/final_50/results.csv,short_emerging_no_break,36,20260852,fixed_nominal,short,emerging,False,1628676966.1244235,315620913.3060568,1313056052.818367,0.1937897568829157,0.4102564102564102,0.0121457489878542,119940823.62801844,65429549.88102794,54511273.74699049,2000000.0,5000000.0,2010,1.0,1.0,1.0,True,success,,0.2230664999951841
treaty_sensitivity,29,treaty_indexation_sensitivity,outputs/step29_treaty_indexation_sensitivity/final_50/results.csv,short_emerging_no_break,36,20260852,fully_indexed,short,emerging,False,1628676966.1244235,180943388.40129688,1447733577.7231271,0.111098389775762,0.1565452091767881,0.0053981106612685,119940823.62801844,23015341.567617293,96925482.06040114,2000000.0,5000000.0,2010,1.0,1.8687743048810856,1.3566921173701358,True,success,,0.4465380999972694
treaty_sensitivity,29,treaty_indexation_sensitivity,outputs/step29_treaty_indexation_sensitivity/final_50/results.csv,short_emerging_no_break,37,20260853,fixed_nominal,short,emerging,False,1658174344.204039,360289531.23245305,1297884812.9715865,0.217280850166211,0.426027397260274,0.0164383561643835,93165068.26747677,55556780.25223562,37608288.01524113,2000000.0,5000000.0,2010,1.0,1.0,1.0,True,success,,0.2178908999994746
treaty_sensitivity,29,treaty_indexation_sensitivity,outputs/step29_treaty_indexation_sensitivity/final_50/results.csv,short_emerging_no_break,37,20260853,fully_indexed,short,emerging,False,1658174344.204039,221986825.54825705,1436187518.6557825,0.1338742372442239,0.1945205479452054,0.0082191780821917,93165068.26747677,17872341.183294073,75292727.08418268,2000000.0,5000000.0,2010,1.0,1.8687743048810856,1.3566921173701358,True,success,,0.437719499997911
treaty_sensitivity,29,treaty_indexation_sensitivity,outputs/step29_treaty_indexation_sensitivity/final_50/results.csv,short_emerging_no_break,38,20260854,fixed_nominal,short,emerging,False,1721009227.779996,362277954.41392016,1358731273.3660762,0.2105032027522816,0.4373297002724796,0.0217983651226158,112646768.9247545,55946590.89043021,56700178.03432429,2000000.0,5000000.0,2010,1.0,1.0,1.0,True,success,,0.2214286000016727
treaty_sensitivity,29,treaty_indexation_sensitivity,outputs/step29_treaty_indexation_sensitivity/final_50/results.csv,short_emerging_no_break,38,20260854,fully_indexed,short,emerging,False,1721009227.779996,228182609.9481664,1492826617.8318295,0.1325865116031417,0.1825613079019073,0.0108991825613079,112646768.9247545,20228903.32768278,92417865.5970717,2000000.0,5000000.0,2010,1.0,1.8687743048810856,1.3566921173701358,True,success,,0.4398728000014671
treaty_sensitivity,29,treaty_indexation_sensitivity,outputs/step29_treaty_indexation_sensitivity/final_50/results.csv,short_emerging_no_break,39,20260855,fixed_nominal,short,emerging,False,1793329207.4258697,363953730.18432176,1429375477.241548,0.2029486436050066,0.4291338582677165,0.0183727034120734,148125613.36085498,77381440.70153117,70744172.65932381,2000000.0,5000000.0,2010,1.0,1.0,1.0,True,success,,0.2195998999959556
treaty_sensitivity,29,treaty_indexation_sensitivity,outputs/step29_treaty_indexation_sensitivity/final_50/results.csv,short_emerging_no_break,39,20260855,fully_indexed,short,emerging,False,1793329207.4258697,208458660.4674345,1584870546.958435,0.1162411561715734,0.1666666666666666,0.0091863517060367,148125613.36085498,33885418.39485633,114240194.96599863,2000000.0,5000000.0,2010,1.0,1.8687743048810856,1.3566921173701358,True,success,,0.4464480000024196
treaty_sensitivity,29,treaty_indexation_sensitivity,outputs/step29_treaty_indexation_sensitivity/final_50/results.csv,short_emerging_no_break,40,20260856,fixed_nominal,short,emerging,False,1804189382.0185387,367238243.7515581,1436951138.2669804,0.2035475030568518,0.4266487213997308,0.0282637954239569,97745686.8126559,49403368.69014619,48342318.12250971,2000000.0,5000000.0,2010,1.0,1.0,1.0,True,success,,0.2215823000005912
treaty_sensitivity,29,treaty_indexation_sensitivity,outputs/step29_treaty_indexation_sensitivity/final_50/results.csv,short_emerging_no_break,40,20260856,fully_indexed,short,emerging,False,1804189382.0185387,241966945.55276528,1562222436.465773,0.1341139394590889,0.1924629878869448,0.0188425302826379,97745686.8126559,15850934.293959493,81894752.5186964,2000000.0,5000000.0,2010,1.0,1.8687743048810856,1.3566921173701358,True,success,,0.4727953000037814
treaty_sensitivity,29,treaty_indexation_sensitivity,outputs/step29_treaty_indexation_sensitivity/final_50/results.csv,short_emerging_no_break,41,20260857,fixed_nominal,short,emerging,False,1693804784.1117785,366769511.7405613,1327035272.3712163,0.2165358813370533,0.44640434192673,0.010854816824966,136938932.24920058,74295111.45766602,62643820.79153454,2000000.0,5000000.0,2010,1.0,1.0,1.0,True,success,,0.2236597000010078
treaty_sensitivity,29,treaty_indexation_sensitivity,outputs/step29_treaty_indexation_sensitivity/final_50/results.csv,short_emerging_no_break,41,20260857,fully_indexed,short,emerging,False,1693804784.1117785,202983369.8320646,1490821414.2797132,0.1198387038081888,0.1913161465400271,0.0067842605156037,136938932.24920058,22322853.50833112,114616078.74086943,2000000.0,5000000.0,2010,1.0,1.8687743048810856,1.3566921173701358,True,success,,0.5121756000007736
treaty_sensitivity,29,treaty_indexation_sensitivity,outputs/step29_treaty_indexation_sensitivity/final_50/results.csv,short_emerging_no_break,42,20260858,fixed_nominal,short,emerging,False,1847934079.6409528,439473052.3423492,1408461027.2986033,0.2378185765304665,0.4731774415405777,0.0261348005502063,138936170.3538267,81418024.02154228,57518146.33228443,2000000.0,5000000.0,2010,1.0,1.0,1.0,True,success,,0.2195307999936631
treaty_sensitivity,29,treaty_indexation_sensitivity,outputs/step29_treaty_indexation_sensitivity/final_50/results.csv,short_emerging_no_break,42,20260858,fully_indexed,short,emerging,False,1847934079.6409528,276365806.92573833,1571568272.7152145,0.14955393158799,0.2132049518569463,0.015130674002751,138936170.3538267,27257300.343956307,111678870.00987038,2000000.0,5000000.0,2010,1.0,1.8687743048810856,1.3566921173701358,True,success,,0.4397349999999278
treaty_sensitivity,29,treaty_indexation_sensitivity,outputs/step29_treaty_indexation_sensitivity/final_50/results.csv,short_emerging_no_break,43,20260859,fixed_nominal,short,emerging,False,1748845602.469247,407198932.1552236,1341646670.3140235,0.2328386974700838,0.4677640603566529,0.0192043895747599,134334242.0684786,80545010.80252193,53789231.2659567,2000000.0,5000000.0,2010,1.0,1.0,1.0,True,success,,0.2229903999977978
treaty_sensitivity,29,treaty_indexation_sensitivity,outputs/step29_treaty_indexation_sensitivity/final_50/results.csv,short_emerging_no_break,43,20260859,fully_indexed,short,emerging,False,1748845602.469247,226783507.9469501,1522062094.5222974,0.129676117563922,0.2126200274348422,0.0096021947873799,134334242.0684786,32291810.10103761,102042431.96744102,2000000.0,5000000.0,2010,1.0,1.8687743048810856,1.3566921173701358,True,success,,0.4449372999952175
treaty_sensitivity,29,treaty_indexation_sensitivity,outputs/step29_treaty_indexation_sensitivity/final_50/results.csv,short_emerging_no_break,44,20260860,fixed_nominal,short,emerging,False,1805501367.9914489,391848906.6225056,1413652461.3689432,0.2170305232492969,0.4544287548138639,0.017971758664955,163496631.05783105,89425856.14450559,74070774.91332544,2000000.0,5000000.0,2010,1.0,1.0,1.0,True,success,,0.2202150000011897
treaty_sensitivity,29,treaty_indexation_sensitivity,outputs/step29_treaty_indexation_sensitivity/final_50/results.csv,short_emerging_no_break,44,20260860,fully_indexed,short,emerging,False,1805501367.9914489,220820681.60425863,1584680686.3871906,0.1223043557424236,0.1951219512195122,0.0064184852374839,163496631.05783105,50238444.16826693,113258186.8895641,2000000.0,5000000.0,2010,1.0,1.8687743048810856,1.3566921173701358,True,success,,0.4461206000050879
treaty_sensitivity,29,treaty_indexation_sensitivity,outputs/step29_treaty_indexation_sensitivity/final_50/results.csv,short_emerging_no_break,45,20260861,fixed_nominal,short,emerging,False,1847734512.3332696,424310328.88239264,1423424183.4508774,0.2296381466331896,0.4532085561497326,0.0213903743315508,111359418.55829471,69213083.93238875,42146334.62590597,2000000.0,5000000.0,2010,1.0,1.0,1.0,True,success,,0.2180551999990712
treaty_sensitivity,29,treaty_indexation_sensitivity,outputs/step29_treaty_indexation_sensitivity/final_50/results.csv,short_emerging_no_break,45,20260861,fully_indexed,short,emerging,False,1847734512.3332696,265593064.6661057,1582141447.6671643,0.1437398408122614,0.2245989304812834,0.0106951871657754,111359418.55829471,32773931.59699999,78585486.96129474,2000000.0,5000000.0,2010,1.0,1.8687743048810856,1.3566921173701358,True,success,,0.4483295000027283
treaty_sensitivity,29,treaty_indexation_sensitivity,outputs/step29_treaty_indexation_sensitivity/final_50/results.csv,short_emerging_no_break,46,20260862,fixed_nominal,short,emerging,False,1809977364.0787225,397861934.44185776,1412115429.636865,0.2198159724745338,0.4662337662337662,0.0181818181818181,141738776.99498373,67227742.86518183,74511034.1298019,2000000.0,5000000.0,2010,1.0,1.0,1.0,True,success,,0.2220985000021755
treaty_sensitivity,29,treaty_indexation_sensitivity,outputs/step29_treaty_indexation_sensitivity/final_50/results.csv,short_emerging_no_break,46,20260862,fully_indexed,short,emerging,False,1809977364.0787225,230683017.60378128,1579294346.4749413,0.12745077490027,0.2168831168831168,0.0051948051948051,141738776.99498373,28370041.826597948,113368735.1683858,2000000.0,5000000.0,2010,1.0,1.8687743048810856,1.3566921173701358,True,success,,0.4501817000054871
treaty_sensitivity,29,treaty_indexation_sensitivity,outputs/step29_treaty_indexation_sensitivity/final_50/results.csv,short_emerging_no_break,47,20260863,fixed_nominal,short,emerging,False,1727914143.7978244,360734438.6034727,1367179705.194352,0.2087687284106638,0.4477211796246649,0.0147453083109919,127136519.57788657,60094204.61255132,67042314.96533522,2000000.0,5000000.0,2010,1.0,1.0,1.0,True,success,,0.2201396000018576
treaty_sensitivity,29,treaty_indexation_sensitivity,outputs/step29_treaty_indexation_sensitivity/final_50/results.csv,short_emerging_no_break,47,20260863,fully_indexed,short,emerging,False,1727914143.7978244,203372901.79151368,1524541242.0063107,0.1176984993852272,0.2024128686327077,0.0093833780160857,127136519.57788657,16252160.42962594,110884359.1482606,2000000.0,5000000.0,2010,1.0,1.8687743048810856,1.3566921173701358,True,success,,0.4456372999993618
treaty_sensitivity,29,treaty_indexation_sensitivity,outputs/step29_treaty_indexation_sensitivity/final_50/results.csv,short_emerging_no_break,48,20260864,fixed_nominal,short,emerging,False,1652223429.6282842,371861602.7427177,1280361826.8855667,0.2250673825793517,0.4582743988684583,0.0183875530410183,128298342.85292622,73634234.31973028,54664108.53319594,2000000.0,5000000.0,2010,1.0,1.0,1.0,True,success,,0.2182108000051812
treaty_sensitivity,29,treaty_indexation_sensitivity,outputs/step29_treaty_indexation_sensitivity/final_50/results.csv,short_emerging_no_break,48,20260864,fully_indexed,short,emerging,False,1652223429.6282842,221749444.93435287,1430473984.693931,0.1342127468705863,0.2065063649222065,0.007072135785007,128298342.85292622,30875557.27048918,97422785.58243704,2000000.0,5000000.0,2010,1.0,1.8687743048810856,1.3566921173701358,True,success,,0.4388295000026119
treaty_sensitivity,29,treaty_indexation_sensitivity,outputs/step29_treaty_indexation_sensitivity/final_50/results.csv,short_emerging_no_break,49,20260865,fixed_nominal,short,emerging,False,1660872527.1980746,361882918.4664674,1298989608.7316072,0.2178872324879568,0.4369747899159664,0.0168067226890756,107294776.465985,57917615.23518233,49377161.23080267,2000000.0,5000000.0,2010,1.0,1.0,1.0,True,success,,0.2218028999996022
treaty_sensitivity,29,treaty_indexation_sensitivity,outputs/step29_treaty_indexation_sensitivity/final_50/results.csv,short_emerging_no_break,49,20260865,fully_indexed,short,emerging,False,1660872527.1980746,214768802.69975448,1446103724.49832,0.1293108286052956,0.211484593837535,0.0084033613445378,107294776.465985,24581036.71341272,82713739.7525723,2000000.0,5000000.0,2010,1.0,1.8687743048810856,1.3566921173701358,True,success,,0.4484639999936917
treaty_sensitivity,29,treaty_indexation_sensitivity,outputs/step29_treaty_indexation_sensitivity/final_50/results.csv,short_emerging_no_break,50,20260866,fixed_nominal,short,emerging,False,1737778208.3745594,382314180.9415628,1355464027.4329967,0.2200017120131587,0.4497936726272352,0.0206327372764786,130767234.3086851,66213381.58307292,64553852.72561219,2000000.0,5000000.0,2010,1.0,1.0,1.0,True,success,,0.2192190000059781
treaty_sensitivity,29,treaty_indexation_sensitivity,outputs/step29_treaty_indexation_sensitivity/final_50/results.csv,short_emerging_no_break,50,20260866,fully_indexed,short,emerging,False,1737778208.3745594,237727090.6621565,1500051117.7124028,0.1367994428267781,0.1856946354883081,0.0082530949105914,130767234.3086851,33639760.70143325,97127473.60725184,2000000.0,5000000.0,2010,1.0,1.8687743048810856,1.3566921173701358,True,success,,0.4436357999948086
treaty_sensitivity,29,treaty_indexation_sensitivity,outputs/step29_treaty_indexation_sensitivity/final_50/results.csv,short_shock_no_break,1,20260817,fixed_nominal,short,shock,False,1647577976.022293,361125039.40978265,1286452936.6125104,0.219185401034334,0.45480631276901,0.0200860832137733,171459997.05742967,92301960.7631166,79158036.29431303,2000000.0,5000000.0,2010,1.0,1.0,1.0,True,success,,0.2162624999982654
treaty_sensitivity,29,treaty_indexation_sensitivity,outputs/step29_treaty_indexation_sensitivity/final_50/results.csv,short_shock_no_break,1,20260817,fully_indexed,short,shock,False,1647577976.022293,206912443.7685781,1440665532.2537148,0.1255858276693657,0.1764705882352941,0.0100430416068866,171459997.05742967,38684592.12712801,132775404.93030164,2000000.0,5000000.0,2010,1.0,2.049065453554199,1.3753643371958135,True,success,,0.4390948000000207
treaty_sensitivity,29,treaty_indexation_sensitivity,outputs/step29_treaty_indexation_sensitivity/final_50/results.csv,short_shock_no_break,2,20260818,fixed_nominal,short,shock,False,1743809554.0680275,395194420.7335741,1348615133.3344536,0.226627053287814,0.4555256064690027,0.0188679245283018,133268769.08528444,85850689.8971627,47418079.18812172,2000000.0,5000000.0,2010,1.0,1.0,1.0,True,success,,0.2164679000052274
treaty_sensitivity,29,treaty_indexation_sensitivity,outputs/step29_treaty_indexation_sensitivity/final_50/results.csv,short_shock_no_break,2,20260818,fully_indexed,short,shock,False,1743809554.0680275,224360269.1345767,1519449284.9334514,0.1286609931750748,0.1805929919137466,0.0053908355795148,133268769.08528444,33727448.63423151,99541320.45105292,2000000.0,5000000.0,2010,1.0,2.049065453554199,1.3753643371958135,True,success,,0.4361485000044922
treaty_sensitivity,29,treaty_indexation_sensitivity,outputs/step29_treaty_indexation_sensitivity/final_50/results.csv,short_shock_no_break,3,20260819,fixed_nominal,short,shock,False,1776849523.387947,432518723.7727598,1344330799.615187,0.2434188816102274,0.4873501997336884,0.0133155792276964,118658528.34133773,84759556.8790487,33898971.462289006,2000000.0,5000000.0,2010,1.0,1.0,1.0,True,success,,0.2195743999982369
treaty_sensitivity,29,treaty_indexation_sensitivity,outputs/step29_treaty_indexation_sensitivity/final_50/results.csv,short_shock_no_break,3,20260819,fully_indexed,short,shock,False,1776849523.387947,235313312.8794537,1541536210.508493,0.1324328874123105,0.2130492676431424,0.0053262316910785,118658528.34133773,25720131.241415605,92938397.0999221,2000000.0,5000000.0,2010,1.0,2.049065453554199,1.3753643371958135,True,success,,0.4397078999973018
treaty_sensitivity,29,treaty_indexation_sensitivity,outputs/step29_treaty_indexation_sensitivity/final_50/results.csv,short_shock_no_break,4,20260820,fixed_nominal,short,shock,False,1662440798.7344978,338686867.352053,1323753931.3824449,0.2037286787053542,0.4587912087912087,0.0151098901098901,133028685.9783042,79910102.07945794,53118583.898846254,2000000.0,5000000.0,2010,1.0,1.0,1.0,True,success,,0.2185536999968462
treaty_sensitivity,29,treaty_indexation_sensitivity,outputs/step29_treaty_indexation_sensitivity/final_50/results.csv,short_shock_no_break,4,20260820,fully_indexed,short,shock,False,1662440798.7344978,171434828.0321159,1491005970.7023818,0.1031223657182965,0.1785714285714285,0.0068681318681318,133028685.9783042,25811569.87744449,107217116.1008597,2000000.0,5000000.0,2010,1.0,2.049065453554199,1.3753643371958135,True,success,,0.4418358000039006
treaty_sensitivity,29,treaty_indexation_sensitivity,outputs/step29_treaty_indexation_sensitivity/final_50/results.csv,short_shock_no_break,5,20260821,fixed_nominal,short,shock,False,1769878432.9518592,404620209.50301,1365258223.4488494,0.2286146901220619,0.4721845318860244,0.0230664857530529,105741065.40832324,78657318.52632639,27083746.88199684,2000000.0,5000000.0,2010,1.0,1.0,1.0,True,success,,0.2216855000006035
treaty_sensitivity,29,treaty_indexation_sensitivity,outputs/step29_treaty_indexation_sensitivity/final_50/results.csv,short_shock_no_break,5,20260821,fully_indexed,short,shock,False,1769878432.9518592,229742859.4714949,1540135573.4803646,0.1298071410974382,0.1994572591587517,0.0135685210312075,105741065.40832324,21302612.456229683,84438452.95209356,2000000.0,5000000.0,2010,1.0,2.049065453554199,1.3753643371958135,True,success,,0.4470999999975902
treaty_sensitivity,29,treaty_indexation_sensitivity,outputs/step29_treaty_indexation_sensitivity/final_50/results.csv,short_shock_no_break,6,20260822,fixed_nominal,short,shock,False,1745885568.4091604,350150992.5642299,1395734575.8449304,0.2005578136963954,0.4335570469798657,0.0201342281879194,118176535.80735251,78884442.61154921,39292093.1958033,2000000.0,5000000.0,2010,1.0,1.0,1.0,True,success,,0.2444962000008672
treaty_sensitivity,29,treaty_indexation_sensitivity,outputs/step29_treaty_indexation_sensitivity/final_50/results.csv,short_shock_no_break,6,20260822,fully_indexed,short,shock,False,1745885568.4091604,192716642.05518612,1553168926.3539743,0.1103833180950045,0.1677852348993288,0.010738255033557,118176535.80735251,28425367.629528403,89751168.17782411,2000000.0,5000000.0,2010,1.0,2.049065453554199,1.3753643371958135,True,success,,0.456045200000517
treaty_sensitivity,29,treaty_indexation_sensitivity,outputs/step29_treaty_indexation_sensitivity/final_50/results.csv,short_shock_no_break,7,20260823,fixed_nominal,short,shock,False,1654961345.9019873,351259060.3795312,1303702285.5224562,0.2122460813053539,0.4523470839260313,0.0142247510668563,130377849.90490696,81826059.98624724,48551789.918659694,2000000.0,5000000.0,2010,1.0,1.0,1.0,True,success,,0.217274599999655
treaty_sensitivity,29,treaty_indexation_sensitivity,outputs/step29_treaty_indexation_sensitivity/final_50/results.csv,short_shock_no_break,7,20260823,fully_indexed,short,shock,False,1654961345.9019873,180845223.652926,1474116122.249061,0.1092745906729088,0.1948790896159317,0.0056899004267425,130377849.90490696,23488900.551493257,106888949.35341369,2000000.0,5000000.0,2010,1.0,2.049065453554199,1.3753643371958135,True,success,,0.4363980999987689
treaty_sensitivity,29,treaty_indexation_sensitivity,outputs/step29_treaty_indexation_sensitivity/final_50/results.csv,short_shock_no_break,8,20260824,fixed_nominal,short,shock,False,1896369013.796264,436536119.1723487,1459832894.623916,0.2301957667503039,0.4758883248730964,0.015228426395939,151172966.18677932,89773714.06286421,61399252.1239151,2000000.0,5000000.0,2010,1.0,1.0,1.0,True,success,,0.22114789999614
treaty_sensitivity,29,treaty_indexation_sensitivity,outputs/step29_treaty_indexation_sensitivity/final_50/results.csv,short_shock_no_break,8,20260824,fully_indexed,short,shock,False,1896369013.796264,243910368.50362983,1652458645.2926345,0.1286196761965413,0.2068527918781726,0.0076142131979695,151172966.18677932,29292819.24623268,121880146.94054665,2000000.0,5000000.0,2010,1.0,2.049065453554199,1.3753643371958135,True,success,,0.4458682999975281
treaty_sensitivity,29,treaty_indexation_sensitivity,outputs/step29_treaty_indexation_sensitivity/final_50/results.csv,short_shock_no_break,9,20260825,fixed_nominal,short,shock,False,1729806850.6428783,403528399.9555404,1326278450.687338,0.233279455336629,0.4635135135135135,0.0175675675675675,132834845.06458177,86967476.65782496,45867368.40675681,2000000.0,5000000.0,2010,1.0,1.0,1.0,True,success,,0.2178179999973508
treaty_sensitivity,29,treaty_indexation_sensitivity,outputs/step29_treaty_indexation_sensitivity/final_50/results.csv,short_shock_no_break,9,20260825,fully_indexed,short,shock,False,1729806850.6428783,214598826.190127,1515208024.4527516,0.1240594151366505,0.1932432432432432,0.0067567567567567,132834845.06458177,36495291.88250063,96339553.18208112,2000000.0,5000000.0,2010,1.0,2.049065453554199,1.3753643371958135,True,success,,0.4413598999963142
treaty_sensitivity,29,treaty_indexation_sensitivity,outputs/step29_treaty_indexation_sensitivity/final_50/results.csv,short_shock_no_break,10,20260826,fixed_nominal,short,shock,False,1936555391.506527,428773952.87160087,1507781438.634926,0.2214106318632279,0.457070707070707,0.0277777777777777,167693406.19511214,100256663.52796093,67436742.66715124,2000000.0,5000000.0,2010,1.0,1.0,1.0,True,success,,0.2227203000002191
treaty_sensitivity,29,treaty_indexation_sensitivity,outputs/step29_treaty_indexation_sensitivity/final_50/results.csv,short_shock_no_break,10,20260826,fully_indexed,short,shock,False,1936555391.506527,256534613.8033514,1680020777.703175,0.13246954614801,0.1931818181818181,0.0126262626262626,167693406.19511214,48275728.56842196,119417677.62669018,2000000.0,5000000.0,2010,1.0,2.049065453554199,1.3753643371958135,True,success,,0.4464313999997102
treaty_sensitivity,29,treaty_indexation_sensitivity,outputs/step29_treaty_indexation_sensitivity/final_50/results.csv,short_shock_no_break,11,20260827,fixed_nominal,short,shock,False,1753733956.2233863,422719465.4965146,1331014490.7268715,0.2410396765121822,0.4606896551724138,0.0193103448275862,149827812.85681683,105213686.48668984,44614126.370127,2000000.0,5000000.0,2010,1.0,1.0,1.0,True,success,,0.2182206999932532
treaty_sensitivity,29,treaty_indexation_sensitivity,outputs/step29_treaty_indexation_sensitivity/final_50/results.csv,short_shock_no_break,11,20260827,fully_indexed,short,shock,False,1753733956.2233863,228481837.225096,1525252118.9982903,0.1302830662622994,0.1889655172413793,0.0068965517241379,149827812.85681683,46696741.362896055,103131071.4939208,2000000.0,5000000.0,2010,1.0,2.049065453554199,1.3753643371958135,True,success,,0.4400435999996261
treaty_sensitivity,29,treaty_indexation_sensitivity,outputs/step29_treaty_indexation_sensitivity/final_50/results.csv,short_shock_no_break,12,20260828,fixed_nominal,short,shock,False,1764411988.3182874,415023496.623102,1349388491.6951857,0.235219154806737,0.4736842105263157,0.0229419703103913,142154443.4199168,86231211.40383303,55923232.01608379,2000000.0,5000000.0,2010,1.0,1.0,1.0,True,success,,0.2189588999972329
treaty_sensitivity,29,treaty_indexation_sensitivity,outputs/step29_treaty_indexation_sensitivity/final_50/results.csv,short_shock_no_break,12,20260828,fully_indexed,short,shock,False,1764411988.3182874,237686804.2464692,1526725184.0718184,0.1347116239405148,0.2064777327935222,0.0080971659919028,142154443.4199168,41944893.17014828,100209550.24976854,2000000.0,5000000.0,2010,1.0,2.049065453554199,1.3753643371958135,True,success,,0.4409534000005806
treaty_sensitivity,29,treaty_indexation_sensitivity,outputs/step29_treaty_indexation_sensitivity/final_50/results.csv,short_shock_no_break,13,20260829,fixed_nominal,short,shock,False,1877049715.5281632,425047158.1891448,1452002557.3390183,0.2264442729848235,0.4511278195488721,0.018796992481203,148563830.71604544,92709672.71563782,55854158.000407614,2000000.0,5000000.0,2010,1.0,1.0,1.0,True,success,,0.219368600002781
treaty_sensitivity,29,treaty_indexation_sensitivity,outputs/step29_treaty_indexation_sensitivity/final_50/results.csv,short_shock_no_break,13,20260829,fully_indexed,short,shock,False,1877049715.5281632,228425514.64004135,1648624200.888122,0.1216939075989082,0.1979949874686716,0.006265664160401,148563830.71604544,27378056.172514483,121185774.54353096,2000000.0,5000000.0,2010,1.0,2.049065453554199,1.3753643371958135,True,success,,0.4409845000045607
treaty_sensitivity,29,treaty_indexation_sensitivity,outputs/step29_treaty_indexation_sensitivity/final_50/results.csv,short_shock_no_break,14,20260830,fixed_nominal,short,shock,False,1728358924.153566,388843633.9120769,1339515290.2414887,0.2249785206521882,0.4554054054054054,0.0175675675675675,143151909.0512076,89142238.07303554,54009670.97817207,2000000.0,5000000.0,2010,1.0,1.0,1.0,True,success,,0.216717499999504
treaty_sensitivity,29,treaty_indexation_sensitivity,outputs/step29_treaty_indexation_sensitivity/final_50/results.csv,short_shock_no_break,14,20260830,fully_indexed,short,shock,False,1728358924.153566,214826584.20769635,1513532339.9458694,0.1242951225035066,0.1959459459459459,0.0067567567567567,143151909.0512076,34282576.18949489,108869332.8617127,2000000.0,5000000.0,2010,1.0,2.049065453554199,1.3753643371958135,True,success,,0.4375860999934957
treaty_sensitivity,29,treaty_indexation_sensitivity,outputs/step29_treaty_indexation_sensitivity/final_50/results.csv,short_shock_no_break,15,20260831,fixed_nominal,short,shock,False,1896039351.0636823,462812611.868984,1433226739.1946983,0.244094412707914,0.5,0.0242587601078167,159169676.1087862,85237534.42865795,73932141.68012825,2000000.0,5000000.0,2010,1.0,1.0,1.0,True,success,,0.2237676000004285
treaty_sensitivity,29,treaty_indexation_sensitivity,outputs/step29_treaty_indexation_sensitivity/final_50/results.csv,short_shock_no_break,15,20260831,fully_indexed,short,shock,False,1896039351.0636823,289060212.4623612,1606979138.6013212,0.1524547538004407,0.2183288409703504,0.0094339622641509,159169676.1087862,38134325.82678031,121035350.28200588,2000000.0,5000000.0,2010,1.0,2.049065453554199,1.3753643371958135,True,success,,0.4458703999989666
treaty_sensitivity,29,treaty_indexation_sensitivity,outputs/step29_treaty_indexation_sensitivity/final_50/results.csv,short_shock_no_break,16,20260832,fixed_nominal,short,shock,False,1888555943.848177,421985730.99083805,1466570212.8573391,0.2234435958147936,0.4405228758169934,0.0209150326797385,153320309.37646973,88988006.79260848,64332302.58386122,2000000.0,5000000.0,2010,1.0,1.0,1.0,True,success,,0.2210828999959631
treaty_sensitivity,29,treaty_indexation_sensitivity,outputs/step29_treaty_indexation_sensitivity/final_50/results.csv,short_shock_no_break,16,20260832,fully_indexed,short,shock,False,1888555943.848177,255377449.28888395,1633178494.5592928,0.1352236612956878,0.2039215686274509,0.0104575163398692,153320309.37646973,34627275.46262351,118693033.9138462,2000000.0,5000000.0,2010,1.0,2.049065453554199,1.3753643371958135,True,success,,0.4438617999985581
treaty_sensitivity,29,treaty_indexation_sensitivity,outputs/step29_treaty_indexation_sensitivity/final_50/results.csv,short_shock_no_break,17,20260833,fixed_nominal,short,shock,False,1710526181.426571,351824301.1449134,1358701880.2816577,0.2056819152873144,0.4387617765814266,0.0161507402422611,158483762.03176558,96654698.30503473,61829063.72673085,2000000.0,5000000.0,2010,1.0,1.0,1.0,True,success,,0.2180631999945035
treaty_sensitivity,29,treaty_indexation_sensitivity,outputs/step29_treaty_indexation_sensitivity/final_50/results.csv,short_shock_no_break,17,20260833,fully_indexed,short,shock,False,1710526181.426571,177526524.67770803,1532999656.7488625,0.1037847456562469,0.1722745625841184,0.0067294751009421,158483762.03176558,31917977.490714,126565784.54105158,2000000.0,5000000.0,2010,1.0,2.049065453554199,1.3753643371958135,True,success,,0.4402753000031225
treaty_sensitivity,29,treaty_indexation_sensitivity,outputs/step29_treaty_indexation_sensitivity/final_50/results.csv,short_shock_no_break,18,20260834,fixed_nominal,short,shock,False,1724427325.8988037,404695420.2198599,1319731905.678944,0.2346839522558163,0.4723756906077348,0.0207182320441988,116856328.26867697,75816256.45911388,41040071.80956309,2000000.0,5000000.0,2010,1.0,1.0,1.0,True,success,,0.2560352000000421
treaty_sensitivity,29,treaty_indexation_sensitivity,outputs/step29_treaty_indexation_sensitivity/final_50/results.csv,short_shock_no_break,18,20260834,fully_indexed,short,shock,False,1724427325.8988037,233655679.4826213,1490771646.416182,0.1354975509686009,0.2002762430939226,0.0082872928176795,116856328.26867697,26628172.77357918,90228155.4950978,2000000.0,5000000.0,2010,1.0,2.049065453554199,1.3753643371958135,True,success,,0.4475344999955268
treaty_sensitivity,29,treaty_indexation_sensitivity,outputs/step29_treaty_indexation_sensitivity/final_50/results.csv,short_shock_no_break,19,20260835,fixed_nominal,short,shock,False,1906616599.157996,449855193.6563249,1456761405.5016708,0.2359442343337359,0.4876237623762376,0.0123762376237623,129538837.58795126,82000230.91981938,47538606.66813187,2000000.0,5000000.0,2010,1.0,1.0,1.0,True,success,,0.2463626000026124
treaty_sensitivity,29,treaty_indexation_sensitivity,outputs/step29_treaty_indexation_sensitivity/final_50/results.csv,short_shock_no_break,19,20260835,fully_indexed,short,shock,False,1906616599.157996,235642065.6406768,1670974533.5173194,0.123591741383528,0.2202970297029703,0.0061881188118811,129538837.58795126,19534783.802582048,110004053.78536922,2000000.0,5000000.0,2010,1.0,2.049065453554199,1.3753643371958135,True,success,,0.5099345999988145
treaty_sensitivity,29,treaty_indexation_sensitivity,outputs/step29_treaty_indexation_sensitivity/final_50/results.csv,short_shock_no_break,20,20260836,fixed_nominal,short,shock,False,1842385622.647204,417284913.62701625,1425100709.020188,0.2264916250418013,0.4641460234680574,0.0169491525423728,154993233.3342832,88244351.52385226,66748881.81043096,2000000.0,5000000.0,2010,1.0,1.0,1.0,True,success,,0.2344079999966197
treaty_sensitivity,29,treaty_indexation_sensitivity,outputs/step29_treaty_indexation_sensitivity/final_50/results.csv,short_shock_no_break,20,20260836,fully_indexed,short,shock,False,1842385622.647204,233297775.91274455,1609087846.7344596,0.1266280918853102,0.2007822685788787,0.0078226857887874,154993233.3342832,28048372.89659556,126944860.43768764,2000000.0,5000000.0,2010,1.0,2.049065453554199,1.3753643371958135,True,success,,0.4802614000000176
treaty_sensitivity,29,treaty_indexation_sensitivity,outputs/step29_treaty_indexation_sensitivity/final_50/results.csv,short_shock_no_break,21,20260837,fixed_nominal,short,shock,False,1760991114.9785984,369769281.9461229,1391221833.0324757,0.2099779373109538,0.4472295514511873,0.0131926121372031,124498306.61176644,72928903.41659532,51569403.1951711,2000000.0,5000000.0,2010,1.0,1.0,1.0,True,success,,0.2214881000036257
treaty_sensitivity,29,treaty_indexation_sensitivity,outputs/step29_treaty_indexation_sensitivity/final_50/results.csv,short_shock_no_break,21,20260837,fully_indexed,short,shock,False,1760991114.9785984,199902242.18322647,1561088872.7953718,0.1135168942551171,0.1728232189973614,0.0079155672823219,124498306.61176644,17510992.24152901,106987314.37023744,2000000.0,5000000.0,2010,1.0,2.049065453554199,1.3753643371958135,True,success,,0.4481864000044879
treaty_sensitivity,29,treaty_indexation_sensitivity,outputs/step29_treaty_indexation_sensitivity/final_50/results.csv,short_shock_no_break,22,20260838,fixed_nominal,short,shock,False,1690798884.795401,391162058.8018001,1299636825.993601,0.2313474785909463,0.4644808743169399,0.0191256830601092,134325999.0140538,86293025.80521232,48032973.20884147,2000000.0,5000000.0,2010,1.0,1.0,1.0,True,success,,0.2478990000017802
treaty_sensitivity,29,treaty_indexation_sensitivity,outputs/step29_treaty_indexation_sensitivity/final_50/results.csv,short_shock_no_break,22,20260838,fully_indexed,short,shock,False,1690798884.795401,206612814.28974807,1484186070.5056531,0.1221983383995132,0.1762295081967213,0.0054644808743169,134325999.0140538,32435576.88552644,101890422.12852734,2000000.0,5000000.0,2010,1.0,2.049065453554199,1.3753643371958135,True,success,,0.4495237000010093
treaty_sensitivity,29,treaty_indexation_sensitivity,outputs/step29_treaty_indexation_sensitivity/final_50/results.csv,short_shock_no_break,23,20260839,fixed_nominal,short,shock,False,1776514819.3617442,423781014.6961414,1352733804.6656024,0.2385462874148131,0.4870041039671682,0.0191518467852257,164253491.3102482,98920315.12066408,65333176.189584106,2000000.0,5000000.0,2010,1.0,1.0,1.0,True,success,,0.2191674999994575
treaty_sensitivity,29,treaty_indexation_sensitivity,outputs/step29_treaty_indexation_sensitivity/final_50/results.csv,short_shock_no_break,23,20260839,fully_indexed,short,shock,False,1776514819.3617442,251059849.71270093,1525454969.649043,0.1413215622951573,0.1997264021887825,0.0068399452804377,164253491.3102482,48091346.6416624,116162144.66858578,2000000.0,5000000.0,2010,1.0,2.049065453554199,1.3753643371958135,True,success,,0.4858416999995825
treaty_sensitivity,29,treaty_indexation_sensitivity,outputs/step29_treaty_indexation_sensitivity/final_50/results.csv,short_shock_no_break,24,20260840,fixed_nominal,short,shock,False,1967296569.1282885,443225275.921594,1524071293.2066946,0.2252966242491784,0.4771573604060913,0.0266497461928934,147479038.64580846,87721052.42628112,59757986.21952733,2000000.0,5000000.0,2010,1.0,1.0,1.0,True,success,,0.2223488999952678
treaty_sensitivity,29,treaty_indexation_sensitivity,outputs/step29_treaty_indexation_sensitivity/final_50/results.csv,short_shock_no_break,24,20260840,fully_indexed,short,shock,False,1967296569.1282885,258713206.4270796,1708583362.701209,0.1315069677276547,0.2005076142131979,0.0126903553299492,147479038.64580846,18179478.563581288,129299560.08222716,2000000.0,5000000.0,2010,1.0,2.049065453554199,1.3753643371958135,True,success,,0.4468351000032271
treaty_sensitivity,29,treaty_indexation_sensitivity,outputs/step29_treaty_indexation_sensitivity/final_50/results.csv,short_shock_no_break,25,20260841,fixed_nominal,short,shock,False,1916034599.8386133,472348437.6046766,1443686162.2339363,0.2465239602898936,0.5118110236220472,0.0223097112860892,196004988.7531731,117526740.60372524,78478248.14944786,2000000.0,5000000.0,2010,1.0,1.0,1.0,True,success,,0.2638751000049524
treaty_sensitivity,29,treaty_indexation_sensitivity,outputs/step29_treaty_indexation_sensitivity/final_50/results.csv,short_shock_no_break,25,20260841,fully_indexed,short,shock,False,1916034599.8386133,267892359.4264389,1648142240.4121742,0.1398160343497989,0.2099737532808399,0.0144356955380577,196004988.7531731,28794692.28733971,167210296.4658334,2000000.0,5000000.0,2010,1.0,2.049065453554199,1.3753643371958135,True,success,,0.4426750999991782
treaty_sensitivity,29,treaty_indexation_sensitivity,outputs/step29_treaty_indexation_sensitivity/final_50/results.csv,short_shock_no_break,26,20260842,fixed_nominal,short,shock,False,1748057297.4996314,393816107.60088056,1354241189.8987508,0.2252878713782341,0.4670255720053836,0.0161507402422611,145067559.04803687,95777834.72130536,49289724.32673152,2000000.0,5000000.0,2010,1.0,1.0,1.0,True,success,,0.2190193999995244
treaty_sensitivity,29,treaty_indexation_sensitivity,outputs/step29_treaty_indexation_sensitivity/final_50/results.csv,short_shock_no_break,26,20260842,fully_indexed,short,shock,False,1748057297.4996314,207136827.90784872,1540920469.5917823,0.1184954453175711,0.1870794078061911,0.0080753701211305,145067559.04803687,36462459.5550259,108605099.49301095,2000000.0,5000000.0,2010,1.0,2.049065453554199,1.3753643371958135,True,success,,0.4438995999953476
treaty_sensitivity,29,treaty_indexation_sensitivity,outputs/step29_treaty_indexation_sensitivity/final_50/results.csv,short_shock_no_break,27,20260843,fixed_nominal,short,shock,False,1857189097.4784129,457137744.86831975,1400051352.610093,0.2461449647152225,0.4845637583892617,0.021476510067114,196756902.11074,107600077.56150518,89156824.54923482,2000000.0,5000000.0,2010,1.0,1.0,1.0,True,success,,0.2174946000013733
treaty_sensitivity,29,treaty_indexation_sensitivity,outputs/step29_treaty_indexation_sensitivity/final_50/results.csv,short_shock_no_break,27,20260843,fully_indexed,short,shock,False,1857189097.4784129,270964754.39596,1586224343.0824528,0.1459004657974036,0.2214765100671141,0.0120805369127516,196756902.11074,52376819.03310192,144380083.0776381,2000000.0,5000000.0,2010,1.0,2.049065453554199,1.3753643371958135,True,success,,0.4384677000052761
treaty_sensitivity,29,treaty_indexation_sensitivity,outputs/step29_treaty_indexation_sensitivity/final_50/results.csv,short_shock_no_break,28,20260844,fixed_nominal,short,shock,False,1734611813.4347224,369796353.3738848,1364815460.0608373,0.2131868067020985,0.4350132625994695,0.0145888594164456,162097058.64125526,97906415.33349864,64190643.30775663,2000000.0,5000000.0,2010,1.0,1.0,1.0,True,success,,0.221567500004312
treaty_sensitivity,29,treaty_indexation_sensitivity,outputs/step29_treaty_indexation_sensitivity/final_50/results.csv,short_shock_no_break,28,20260844,fully_indexed,short,shock,False,1734611813.4347224,200718790.1708865,1533893023.263836,0.1157139531832434,0.1803713527851458,0.0053050397877984,162097058.64125526,29704041.831436776,132393016.80981848,2000000.0,5000000.0,2010,1.0,2.049065453554199,1.3753643371958135,True,success,,0.4470868000062182
treaty_sensitivity,29,treaty_indexation_sensitivity,outputs/step29_treaty_indexation_sensitivity/final_50/results.csv,short_shock_no_break,29,20260845,fixed_nominal,short,shock,False,1552275898.3498583,354926511.0461789,1197349387.3036797,0.2286491154204496,0.4494047619047619,0.0208333333333333,131983367.53074291,87437629.10602704,44545738.42471589,2000000.0,5000000.0,2010,1.0,1.0,1.0,True,success,,0.2219613999986904
treaty_sensitivity,29,treaty_indexation_sensitivity,outputs/step29_treaty_indexation_sensitivity/final_50/results.csv,short_shock_no_break,29,20260845,fully_indexed,short,shock,False,1552275898.3498583,189962471.64378747,1362313426.706071,0.1223767449109571,0.2023809523809523,0.0059523809523809,131983367.53074291,34608263.8994938,97375103.63124911,2000000.0,5000000.0,2010,1.0,2.049065453554199,1.3753643371958135,True,success,,0.4473606000028667
treaty_sensitivity,29,treaty_indexation_sensitivity,outputs/step29_treaty_indexation_sensitivity/final_50/results.csv,short_shock_no_break,30,20260846,fixed_nominal,short,shock,False,1650734215.2444096,348804795.8286869,1301929419.415722,0.211302820652471,0.4520743919885551,0.0185979971387696,150188914.14911425,96643206.08115312,53545708.06796113,2000000.0,5000000.0,2010,1.0,1.0,1.0,True,success,,0.2192489999943063
treaty_sensitivity,29,treaty_indexation_sensitivity,outputs/step29_treaty_indexation_sensitivity/final_50/results.csv,short_shock_no_break,30,20260846,fully_indexed,short,shock,False,1650734215.2444096,194669775.1278321,1456064440.1165771,0.1179292058830979,0.1659513590844063,0.0071530758226037,150188914.14911425,41537190.19400433,108651723.95510992,2000000.0,5000000.0,2010,1.0,2.049065453554199,1.3753643371958135,True,success,,0.4431461999993189
treaty_sensitivity,29,treaty_indexation_sensitivity,outputs/step29_treaty_indexation_sensitivity/final_50/results.csv,short_shock_no_break,31,20260847,fixed_nominal,short,shock,False,1887093941.636459,455471087.1265514,1431622854.5099075,0.2413611093105273,0.4833555259653795,0.033288948069241,151978119.49120846,93300270.72113782,58677848.77007064,2000000.0,5000000.0,2010,1.0,1.0,1.0,True,success,,0.2192228999992949
treaty_sensitivity,29,treaty_indexation_sensitivity,outputs/step29_treaty_indexation_sensitivity/final_50/results.csv,short_shock_no_break,31,20260847,fully_indexed,short,shock,False,1887093941.636459,287514656.8357474,1599579284.8007112,0.15235842291265,0.2130492676431424,0.0106524633821571,151978119.49120846,36870282.4745601,115107837.01664837,2000000.0,5000000.0,2010,1.0,2.049065453554199,1.3753643371958135,True,success,,0.43935820000479
treaty_sensitivity,29,treaty_indexation_sensitivity,outputs/step29_treaty_indexation_sensitivity/final_50/results.csv,short_shock_no_break,32,20260848,fixed_nominal,short,shock,False,1815662248.2648385,402874348.6469762,1412787899.617862,0.221888376559015,0.4404924760601915,0.0218878248974008,137564271.0944117,76170535.19235645,61393735.90205523,2000000.0,5000000.0,2010,1.0,1.0,1.0,True,success,,0.2728794000067864
treaty_sensitivity,29,treaty_indexation_sensitivity,outputs/step29_treaty_indexation_sensitivity/final_50/results.csv,short_shock_no_break,32,20260848,fully_indexed,short,shock,False,1815662248.2648385,260578023.02802283,1555084225.236815,0.1435167929922251,0.1969904240766073,0.0164158686730506,137564271.0944117,30330032.6140332,107234238.4803785,2000000.0,5000000.0,2010,1.0,2.049065453554199,1.3753643371958135,True,success,,0.4414264000006369
treaty_sensitivity,29,treaty_indexation_sensitivity,outputs/step29_treaty_indexation_sensitivity/final_50/results.csv,short_shock_no_break,33,20260849,fixed_nominal,short,shock,False,1865591138.9895797,425185530.3305454,1440405608.6590345,0.2279092784289432,0.4636015325670498,0.0268199233716475,146838308.770611,83982657.97744577,62855650.79316519,2000000.0,5000000.0,2010,1.0,1.0,1.0,True,success,,0.2190355000057025
treaty_sensitivity,29,treaty_indexation_sensitivity,outputs/step29_treaty_indexation_sensitivity/final_50/results.csv,short_shock_no_break,33,20260849,fully_indexed,short,shock,False,1865591138.9895797,261104280.81913024,1604486858.1704488,0.139957933634133,0.1902937420178799,0.0076628352490421,146838308.770611,36318393.45858547,110519915.31202549,2000000.0,5000000.0,2010,1.0,2.049065453554199,1.3753643371958135,True,success,,0.4387028999990434
treaty_sensitivity,29,treaty_indexation_sensitivity,outputs/step29_treaty_indexation_sensitivity/final_50/results.csv,short_shock_no_break,34,20260850,fixed_nominal,short,shock,False,1788844511.2508385,422562915.3353122,1366281595.9155266,0.2362211543136511,0.4712182061579651,0.0240963855421686,139378193.6656845,97630102.64478232,41748091.02090216,2000000.0,5000000.0,2010,1.0,1.0,1.0,True,success,,0.2356722000040463
treaty_sensitivity,29,treaty_indexation_sensitivity,outputs/step29_treaty_indexation_sensitivity/final_50/results.csv,short_shock_no_break,34,20260850,fully_indexed,short,shock,False,1788844511.2508385,228260449.5947966,1560584061.656042,0.1276021745652935,0.1941097724230254,0.0080321285140562,139378193.6656845,36092839.10262293,103285354.56306157,2000000.0,5000000.0,2010,1.0,2.049065453554199,1.3753643371958135,True,success,,0.4644370000023627
treaty_sensitivity,29,treaty_indexation_sensitivity,outputs/step29_treaty_indexation_sensitivity/final_50/results.csv,short_shock_no_break,35,20260851,fixed_nominal,short,shock,False,1743149136.065394,397981658.34622383,1345167477.71917,0.2283118811305733,0.4751381215469613,0.0151933701657458,138655688.11791325,85880883.24703081,52774804.87088244,2000000.0,5000000.0,2010,1.0,1.0,1.0,True,success,,0.2223205999980564
treaty_sensitivity,29,treaty_indexation_sensitivity,outputs/step29_treaty_indexation_sensitivity/final_50/results.csv,short_shock_no_break,35,20260851,fully_indexed,short,shock,False,1743149136.065394,222896439.3831176,1520252696.6822765,0.127869976682681,0.2016574585635359,0.005524861878453,138655688.11791325,31114505.46097021,107541182.65694302,2000000.0,5000000.0,2010,1.0,2.049065453554199,1.3753643371958135,True,success,,0.5058172999997623
treaty_sensitivity,29,treaty_indexation_sensitivity,outputs/step29_treaty_indexation_sensitivity/final_50/results.csv,short_shock_no_break,36,20260852,fixed_nominal,short,shock,False,1665388580.3588903,346224735.6800793,1319163844.6788113,0.2078942654965654,0.4291497975708502,0.0121457489878542,134471661.35442173,85841426.93886314,48630234.41555858,2000000.0,5000000.0,2010,1.0,1.0,1.0,True,success,,0.221368500002427
treaty_sensitivity,29,treaty_indexation_sensitivity,outputs/step29_treaty_indexation_sensitivity/final_50/results.csv,short_shock_no_break,36,20260852,fully_indexed,short,shock,False,1665388580.3588903,187417985.04837132,1477970595.3105192,0.1125370902975586,0.1578947368421052,0.0067476383265856,134471661.35442173,26919870.20493506,107551791.14948668,2000000.0,5000000.0,2010,1.0,2.049065453554199,1.3753643371958135,True,success,,0.4428079999997862
treaty_sensitivity,29,treaty_indexation_sensitivity,outputs/step29_treaty_indexation_sensitivity/final_50/results.csv,short_shock_no_break,37,20260853,fixed_nominal,short,shock,False,1687108167.675775,384929027.8783472,1302179139.797428,0.2281590684304731,0.4452054794520548,0.0178082191780821,104432409.07019822,70006630.76242268,34425778.30777556,2000000.0,5000000.0,2010,1.0,1.0,1.0,True,success,,0.2219003999998676
treaty_sensitivity,29,treaty_indexation_sensitivity,outputs/step29_treaty_indexation_sensitivity/final_50/results.csv,short_shock_no_break,37,20260853,fully_indexed,short,shock,False,1687108167.675775,228374370.5204588,1458733797.155316,0.1353643915049478,0.2,0.0082191780821917,104432409.07019822,21423723.72258596,83008685.34761226,2000000.0,5000000.0,2010,1.0,2.049065453554199,1.3753643371958135,True,success,,0.4375070000023697
treaty_sensitivity,29,treaty_indexation_sensitivity,outputs/step29_treaty_indexation_sensitivity/final_50/results.csv,short_shock_no_break,38,20260854,fixed_nominal,short,shock,False,1757009454.7204423,390354738.7676331,1366654715.952809,0.22216997052514,0.4536784741144414,0.0245231607629427,126271075.07221936,73199320.98395583,53071754.08826353,2000000.0,5000000.0,2010,1.0,1.0,1.0,True,success,,0.2194294000000809
treaty_sensitivity,29,treaty_indexation_sensitivity,outputs/step29_treaty_indexation_sensitivity/final_50/results.csv,short_shock_no_break,38,20260854,fully_indexed,short,shock,False,1757009454.7204423,235341355.42091852,1521668099.2995236,0.133944273770777,0.1839237057220708,0.0108991825613079,126271075.07221936,23514799.727248084,102756275.34497128,2000000.0,5000000.0,2010,1.0,2.049065453554199,1.3753643371958135,True,success,,0.4436643000008189
treaty_sensitivity,29,treaty_indexation_sensitivity,outputs/step29_treaty_indexation_sensitivity/final_50/results.csv,short_shock_no_break,39,20260855,fixed_nominal,short,shock,False,1834040824.888476,396063340.2206903,1437977484.6677856,0.2159512126698564,0.4540682414698163,0.0183727034120734,166188215.0004006,96892399.45970032,69295815.5407003,2000000.0,5000000.0,2010,1.0,1.0,1.0,True,success,,0.2187688999983947
treaty_sensitivity,29,treaty_indexation_sensitivity,outputs/step29_treaty_indexation_sensitivity/final_50/results.csv,short_shock_no_break,39,20260855,fully_indexed,short,shock,False,1834040824.888476,215964119.27048787,1618076705.617988,0.1177531690351659,0.1719160104986876,0.0091863517060367,166188215.0004006,38461641.47789623,127726573.5225044,2000000.0,5000000.0,2010,1.0,2.049065453554199,1.3753643371958135,True,success,,0.4416363999989698
treaty_sensitivity,29,treaty_indexation_sensitivity,outputs/step29_treaty_indexation_sensitivity/final_50/results.csv,short_shock_no_break,40,20260856,fixed_nominal,short,shock,False,1834102527.9780588,389419342.55449086,1444683185.423568,0.2123214687369699,0.4481830417227456,0.0296096904441453,109610270.24552748,62525344.66199358,47084925.58353391,2000000.0,5000000.0,2010,1.0,1.0,1.0,True,success,,0.2438312000012956
treaty_sensitivity,29,treaty_indexation_sensitivity,outputs/step29_treaty_indexation_sensitivity/final_50/results.csv,short_shock_no_break,40,20260856,fully_indexed,short,shock,False,1834102527.9780588,246997245.41870072,1587105282.559358,0.1346692682938472,0.1978465679676985,0.0188425302826379,109610270.24552748,18377474.381771315,91232795.86375618,2000000.0,5000000.0,2010,1.0,2.049065453554199,1.3753643371958135,True,success,,0.4561162999962107
treaty_sensitivity,29,treaty_indexation_sensitivity,outputs/step29_treaty_indexation_sensitivity/final_50/results.csv,short_shock_no_break,41,20260857,fixed_nominal,short,shock,False,1734431811.045474,401575754.0290102,1332856057.0164635,0.2315315894644194,0.4735413839891452,0.0122116689280868,153585392.93719518,96702867.80750936,56882525.12968584,2000000.0,5000000.0,2010,1.0,1.0,1.0,True,success,,0.2224732000031508
treaty_sensitivity,29,treaty_indexation_sensitivity,outputs/step29_treaty_indexation_sensitivity/final_50/results.csv,short_shock_no_break,41,20260857,fully_indexed,short,shock,False,1734431811.045474,209684841.49011332,1524746969.5553606,0.1208954080262863,0.1940298507462686,0.0081411126187245,153585392.93719518,26060295.31451534,127525097.62267986,2000000.0,5000000.0,2010,1.0,2.049065453554199,1.3753643371958135,True,success,,0.4481639000005089
treaty_sensitivity,29,treaty_indexation_sensitivity,outputs/step29_treaty_indexation_sensitivity/final_50/results.csv,short_shock_no_break,42,20260858,fixed_nominal,short,shock,False,1892302759.913418,473479201.5635351,1418823558.3498828,0.2502132383853834,0.499312242090784,0.0288858321870701,155759929.40357077,100744920.0350441,55015009.36852668,2000000.0,5000000.0,2010,1.0,1.0,1.0,True,success,,0.218676200005575
treaty_sensitivity,29,treaty_indexation_sensitivity,outputs/step29_treaty_indexation_sensitivity/final_50/results.csv,short_shock_no_break,42,20260858,fully_indexed,short,shock,False,1892302759.913418,286533347.859149,1605769412.054269,0.1514204565617498,0.2173314993122421,0.015130674002751,155759929.40357077,31768594.47006537,123991334.9335054,2000000.0,5000000.0,2010,1.0,2.049065453554199,1.3753643371958135,True,success,,0.4455637999999453
treaty_sensitivity,29,treaty_indexation_sensitivity,outputs/step29_treaty_indexation_sensitivity/final_50/results.csv,short_shock_no_break,43,20260859,fixed_nominal,short,shock,False,1792255653.9994235,443857169.0193703,1348398484.9800532,0.2476528211970774,0.4869684499314129,0.0233196159122085,150579036.84899837,101253622.25781555,49325414.59118281,2000000.0,5000000.0,2010,1.0,1.0,1.0,True,success,,0.2195576000012806
treaty_sensitivity,29,treaty_indexation_sensitivity,outputs/step29_treaty_indexation_sensitivity/final_50/results.csv,short_shock_no_break,43,20260859,fully_indexed,short,shock,False,1792255653.9994235,236297488.35512063,1555958165.644303,0.1318436283505772,0.2194787379972565,0.0096021947873799,150579036.84899837,37493136.47999498,113085900.3690034,2000000.0,5000000.0,2010,1.0,2.049065453554199,1.3753643371958135,True,success,,0.4433638999980758
treaty_sensitivity,29,treaty_indexation_sensitivity,outputs/step29_treaty_indexation_sensitivity/final_50/results.csv,short_shock_no_break,44,20260860,fixed_nominal,short,shock,False,1852798573.9900403,426812545.7961061,1425986028.1939335,0.2303610072825975,0.465982028241335,0.0205391527599486,183360483.9781164,109292278.7683586,74068205.2097578,2000000.0,5000000.0,2010,1.0,1.0,1.0,True,success,,0.288501199996972
treaty_sensitivity,29,treaty_indexation_sensitivity,outputs/step29_treaty_indexation_sensitivity/final_50/results.csv,short_shock_no_break,44,20260860,fully_indexed,short,shock,False,1852798573.9900403,232298948.74694052,1620499625.2430997,0.1253773356737208,0.2002567394094993,0.0064184852374839,183360483.9781164,57069311.37888809,126291172.5992283,2000000.0,5000000.0,2010,1.0,2.049065453554199,1.3753643371958135,True,success,,0.4420392000029096
treaty_sensitivity,29,treaty_indexation_sensitivity,outputs/step29_treaty_indexation_sensitivity/final_50/results.csv,short_shock_no_break,45,20260861,fixed_nominal,short,shock,False,1882326845.593252,451169565.9998925,1431157279.5933592,0.2396871547872429,0.4759358288770053,0.0227272727272727,124885211.7994707,83758652.3862935,41126559.41317719,2000000.0,5000000.0,2010,1.0,1.0,1.0,True,success,,0.2209359999978914
treaty_sensitivity,29,treaty_indexation_sensitivity,outputs/step29_treaty_indexation_sensitivity/final_50/results.csv,short_shock_no_break,45,20260861,fully_indexed,short,shock,False,1882326845.593252,275091913.5676166,1607234932.0256348,0.1461446051261708,0.231283422459893,0.0106951871657754,124885211.7994707,38920812.68478154,85964399.11468916,2000000.0,5000000.0,2010,1.0,2.049065453554199,1.3753643371958135,True,success,,0.4432435999988229
treaty_sensitivity,29,treaty_indexation_sensitivity,outputs/step29_treaty_indexation_sensitivity/final_50/results.csv,short_shock_no_break,46,20260862,fixed_nominal,short,shock,False,1852259256.6124096,429289957.5140233,1422969299.098386,0.2317655889592638,0.4805194805194805,0.022077922077922,158972321.05648673,86282794.7088791,72689526.34760764,2000000.0,5000000.0,2010,1.0,1.0,1.0,True,success,,0.2202181000029668
treaty_sensitivity,29,treaty_indexation_sensitivity,outputs/step29_treaty_indexation_sensitivity/final_50/results.csv,short_shock_no_break,46,20260862,fully_indexed,short,shock,False,1852259256.6124096,240589099.38884303,1611670157.2235663,0.1298895381572316,0.2168831168831168,0.0051948051948051,158972321.05648673,32684268.24180385,126288052.8146829,2000000.0,5000000.0,2010,1.0,2.049065453554199,1.3753643371958135,True,success,,0.4455310999983339
treaty_sensitivity,29,treaty_indexation_sensitivity,outputs/step29_treaty_indexation_sensitivity/final_50/results.csv,short_shock_no_break,47,20260863,fixed_nominal,short,shock,False,1764539587.889786,390518812.3377322,1374020775.552054,0.2213148489373105,0.4651474530831099,0.0160857908847185,142550111.19503152,80327683.44530128,62222427.74973025,2000000.0,5000000.0,2010,1.0,1.0,1.0,True,success,,0.2208130999933928
treaty_sensitivity,29,treaty_indexation_sensitivity,outputs/step29_treaty_indexation_sensitivity/final_50/results.csv,short_shock_no_break,47,20260863,fully_indexed,short,shock,False,1764539587.889786,209068982.10591957,1555470605.7838666,0.1184835883200247,0.2037533512064343,0.0093833780160857,142550111.19503152,18882080.84356936,123668030.3514622,2000000.0,5000000.0,2010,1.0,2.049065453554199,1.3753643371958135,True,success,,0.4438206999984686
treaty_sensitivity,29,treaty_indexation_sensitivity,outputs/step29_treaty_indexation_sensitivity/final_50/results.csv,short_shock_no_break,48,20260864,fixed_nominal,short,shock,False,1691989001.128769,406243379.5954069,1285745621.533362,0.2400981208059813,0.4809052333804809,0.0198019801980198,143826037.418006,93913852.25459364,49912185.16341236,2000000.0,5000000.0,2010,1.0,1.0,1.0,True,success,,0.2164810999965993
treaty_sensitivity,29,treaty_indexation_sensitivity,outputs/step29_treaty_indexation_sensitivity/final_50/results.csv,short_shock_no_break,48,20260864,fully_indexed,short,shock,False,1691989001.128769,230573469.24751404,1461415531.881255,0.1362736218105984,0.2079207920792079,0.007072135785007,143826037.418006,36009551.52890837,107816485.88909765,2000000.0,5000000.0,2010,1.0,2.049065453554199,1.3753643371958135,True,success,,0.4461740999977337
treaty_sensitivity,29,treaty_indexation_sensitivity,outputs/step29_treaty_indexation_sensitivity/final_50/results.csv,short_shock_no_break,49,20260865,fixed_nominal,short,shock,False,1693713009.4848888,387385172.08697736,1306327837.3979113,0.2287194878456966,0.4607843137254901,0.0168067226890756,120284470.26459552,72987549.70519732,47296920.55939821,2000000.0,5000000.0,2010,1.0,1.0,1.0,True,success,,0.2216614999997546
treaty_sensitivity,29,treaty_indexation_sensitivity,outputs/step29_treaty_indexation_sensitivity/final_50/results.csv,short_shock_no_break,49,20260865,fully_indexed,short,shock,False,1693713009.4848888,221393647.19428447,1472319362.2906044,0.1307149711636313,0.2156862745098039,0.0084033613445378,120284470.26459552,28300332.778058022,91984137.48653749,2000000.0,5000000.0,2010,1.0,2.049065453554199,1.3753643371958135,True,success,,0.4453236999979708
treaty_sensitivity,29,treaty_indexation_sensitivity,outputs/step29_treaty_indexation_sensitivity/final_50/results.csv,short_shock_no_break,50,20260866,fixed_nominal,short,shock,False,1778533197.047906,411206409.81120425,1367326787.2367015,0.2312053609647232,0.4649243466299862,0.0233837689133425,146605046.77015418,83518505.67483574,63086541.095318414,2000000.0,5000000.0,2010,1.0,1.0,1.0,True,success,,0.2196175999997649
treaty_sensitivity,29,treaty_indexation_sensitivity,outputs/step29_treaty_indexation_sensitivity/final_50/results.csv,short_shock_no_break,50,20260866,fully_indexed,short,shock,False,1778533197.047906,248034250.560738,1530498946.4871683,0.1394600061288915,0.18707015130674,0.0082530949105914,146605046.77015418,38390226.990184814,108214819.77996936,2000000.0,5000000.0,2010,1.0,2.049065453554199,1.3753643371958135,True,success,,0.4398093999989214
treaty_sensitivity,29,treaty_indexation_sensitivity,outputs/step29_treaty_indexation_sensitivity/final_50/results.csv,short_stable_no_break,1,20260817,fixed_nominal,short,stable,False,1561874121.490872,300684717.60491925,1261189403.885953,0.1925153336415508,0.3730272596843615,0.0200860832137733,137675538.21388328,55892585.70819512,81782952.50568812,2000000.0,5000000.0,2010,1.0,1.0,1.0,True,success,,0.2213293000022531
treaty_sensitivity,29,treaty_indexation_sensitivity,outputs/step29_treaty_indexation_sensitivity/final_50/results.csv,short_stable_no_break,1,20260817,fully_indexed,short,stable,False,1561874121.490872,189620056.09949043,1372254065.3913815,0.1214054663499325,0.1649928263988522,0.0100430416068866,137675538.21388328,29442822.54620038,108232715.66768289,2000000.0,5000000.0,2010,1.0,1.7316764476028046,1.3349058425115268,True,success,,0.4376266000035684
treaty_sensitivity,29,treaty_indexation_sensitivity,outputs/step29_treaty_indexation_sensitivity/final_50/results.csv,short_stable_no_break,2,20260818,fixed_nominal,short,stable,False,1667403380.8894384,337522410.70469785,1329880970.1847403,0.2024239692525117,0.4029649595687331,0.0161725067385444,107139513.35916647,53582073.92585961,53557439.43330689,2000000.0,5000000.0,2010,1.0,1.0,1.0,True,success,,0.2204439999986789
treaty_sensitivity,29,treaty_indexation_sensitivity,outputs/step29_treaty_indexation_sensitivity/final_50/results.csv,short_stable_no_break,2,20260818,fully_indexed,short,stable,False,1667403380.8894384,209095465.7979361,1458307915.0915022,0.1254018482836462,0.1778975741239892,0.0040431266846361,107139513.35916647,27549135.96918673,79590377.38997975,2000000.0,5000000.0,2010,1.0,1.7316764476028046,1.3349058425115268,True,success,,0.4414041999989422
treaty_sensitivity,29,treaty_indexation_sensitivity,outputs/step29_treaty_indexation_sensitivity/final_50/results.csv,short_stable_no_break,3,20260819,fixed_nominal,short,stable,False,1710095681.047873,374371935.33810806,1335723745.709765,0.2189187069981424,0.4300932090545938,0.0119840213049267,95306481.37821576,52023753.56578843,43282727.81242732,2000000.0,5000000.0,2010,1.0,1.0,1.0,True,success,,0.2332559999995282
treaty_sensitivity,29,treaty_indexation_sensitivity,outputs/step29_treaty_indexation_sensitivity/final_50/results.csv,short_stable_no_break,3,20260819,fully_indexed,short,stable,False,1710095681.047873,223185458.41255137,1486910222.6353216,0.1305105093744187,0.2037283621837549,0.0053262316910785,95306481.37821576,19116634.69637774,76189846.681838,2000000.0,5000000.0,2010,1.0,1.7316764476028046,1.3349058425115268,True,success,,0.4405438000030699
treaty_sensitivity,29,treaty_indexation_sensitivity,outputs/step29_treaty_indexation_sensitivity/final_50/results.csv,short_stable_no_break,4,20260820,fixed_nominal,short,stable,False,1590713810.6633987,282732892.4078894,1307980918.255509,0.1777396351955837,0.3969780219780219,0.0123626373626373,106710580.614353,45183225.50441328,61527355.10993973,2000000.0,5000000.0,2010,1.0,1.0,1.0,True,success,,0.2190320000008796
treaty_sensitivity,29,treaty_indexation_sensitivity,outputs/step29_treaty_indexation_sensitivity/final_50/results.csv,short_stable_no_break,4,20260820,fully_indexed,short,stable,False,1590713810.6633987,159179565.13291237,1431534245.530486,0.1000680097613079,0.173076923076923,0.0068681318681318,106710580.614353,19562137.93771605,87148442.67663696,2000000.0,5000000.0,2010,1.0,1.7316764476028046,1.3349058425115268,True,success,,0.4522793000069214
treaty_sensitivity,29,treaty_indexation_sensitivity,outputs/step29_treaty_indexation_sensitivity/final_50/results.csv,short_stable_no_break,5,20260821,fixed_nominal,short,stable,False,1701603526.6402214,349557149.2231726,1352046377.417049,0.2054280822474348,0.4138398914518317,0.0217096336499321,85060362.03905158,49839749.28119761,35220612.757853985,2000000.0,5000000.0,2010,1.0,1.0,1.0,True,success,,0.220743300000322
treaty_sensitivity,29,treaty_indexation_sensitivity,outputs/step29_treaty_indexation_sensitivity/final_50/results.csv,short_stable_no_break,5,20260821,fully_indexed,short,stable,False,1701603526.6402214,218994266.30474576,1482609260.335476,0.1286987614189688,0.1886024423337856,0.0135685210312075,85060362.03905158,15577439.616315268,69482922.42273632,2000000.0,5000000.0,2010,1.0,1.7316764476028046,1.3349058425115268,True,success,,0.4568968000021414
treaty_sensitivity,29,treaty_indexation_sensitivity,outputs/step29_treaty_indexation_sensitivity/final_50/results.csv,short_stable_no_break,6,20260822,fixed_nominal,short,stable,False,1673135369.0137756,297351637.8059287,1375783731.207847,0.1777212073289692,0.3758389261744966,0.0161073825503355,94964480.43920983,50537310.76394031,44427169.67526954,2000000.0,5000000.0,2010,1.0,1.0,1.0,True,success,,0.2175181999991764
treaty_sensitivity,29,treaty_indexation_sensitivity,outputs/step29_treaty_indexation_sensitivity/final_50/results.csv,short_stable_no_break,6,20260822,fully_indexed,short,stable,False,1673135369.0137756,179375294.4965769,1493760074.517199,0.1072090745426708,0.1651006711409396,0.010738255033557,94964480.43920983,21532038.78609466,73432441.6531152,2000000.0,5000000.0,2010,1.0,1.7316764476028046,1.3349058425115268,True,success,,0.4546467999971355
treaty_sensitivity,29,treaty_indexation_sensitivity,outputs/step29_treaty_indexation_sensitivity/final_50/results.csv,short_stable_no_break,7,20260823,fixed_nominal,short,stable,False,1585026465.0379324,293992562.08607423,1291033902.951858,0.1854811692869989,0.3968705547652916,0.0099573257467994,104740484.08948036,46350552.50131958,58389931.58816077,2000000.0,5000000.0,2010,1.0,1.0,1.0,True,success,,0.2189452999955392
treaty_sensitivity,29,treaty_indexation_sensitivity,outputs/step29_treaty_indexation_sensitivity/final_50/results.csv,short_stable_no_break,7,20260823,fully_indexed,short,stable,False,1585026465.0379324,168554898.7015423,1416471566.33639,0.1063420090575639,0.1849217638691322,0.0056899004267425,104740484.08948036,17140205.235716075,87600278.85376428,2000000.0,5000000.0,2010,1.0,1.7316764476028046,1.3349058425115268,True,success,,0.4393751999959931
treaty_sensitivity,29,treaty_indexation_sensitivity,outputs/step29_treaty_indexation_sensitivity/final_50/results.csv,short_stable_no_break,8,20260824,fixed_nominal,short,stable,False,1812454931.4654715,374622990.7930988,1437831940.6723728,0.2066936861653134,0.4276649746192893,0.0139593908629441,121245396.88591944,55435028.83808475,65810368.04783471,2000000.0,5000000.0,2010,1.0,1.0,1.0,True,success,,0.2192597999965073
treaty_sensitivity,29,treaty_indexation_sensitivity,outputs/step29_treaty_indexation_sensitivity/final_50/results.csv,short_stable_no_break,8,20260824,fully_indexed,short,stable,False,1812454931.4654715,228736344.52877644,1583718586.936695,0.1262025005740861,0.2017766497461929,0.0076142131979695,121245396.88591944,21753443.697420992,99491953.18849848,2000000.0,5000000.0,2010,1.0,1.7316764476028046,1.3349058425115268,True,success,,0.4402862999995705
treaty_sensitivity,29,treaty_indexation_sensitivity,outputs/step29_treaty_indexation_sensitivity/final_50/results.csv,short_stable_no_break,9,20260825,fixed_nominal,short,stable,False,1651225707.2913642,341015433.96267825,1310210273.3286862,0.2065226046668524,0.4121621621621621,0.0121621621621621,106743155.2066548,55145937.142330006,51597218.06432478,2000000.0,5000000.0,2010,1.0,1.0,1.0,True,success,,0.2179934999949182
treaty_sensitivity,29,treaty_indexation_sensitivity,outputs/step29_treaty_indexation_sensitivity/final_50/results.csv,short_stable_no_break,9,20260825,fully_indexed,short,stable,False,1651225707.2913642,198655152.2723552,1452570555.019009,0.1203076910655811,0.1905405405405405,0.0067567567567567,106743155.2066548,27517955.08390286,79225200.12275192,2000000.0,5000000.0,2010,1.0,1.7316764476028046,1.3349058425115268,True,success,,0.4359559000004083
treaty_sensitivity,29,treaty_indexation_sensitivity,outputs/step29_treaty_indexation_sensitivity/final_50/results.csv,short_stable_no_break,10,20260826,fixed_nominal,short,stable,False,1848637994.5558023,369366998.7590896,1479270995.796713,0.1998049373900499,0.3863636363636363,0.0239898989898989,134674853.39260995,66326260.11826293,68348593.27434705,2000000.0,5000000.0,2010,1.0,1.0,1.0,True,success,,0.2221989999961806
treaty_sensitivity,29,treaty_indexation_sensitivity,outputs/step29_treaty_indexation_sensitivity/final_50/results.csv,short_stable_no_break,10,20260826,fully_indexed,short,stable,False,1848637994.5558023,238430690.41352504,1610207304.1422777,0.1289764091810825,0.1843434343434343,0.0113636363636363,134674853.39260995,37697671.55481648,96977181.8377935,2000000.0,5000000.0,2010,1.0,1.7316764476028046,1.3349058425115268,True,success,,0.4491600000037579
treaty_sensitivity,29,treaty_indexation_sensitivity,outputs/step29_treaty_indexation_sensitivity/final_50/results.csv,short_stable_no_break,11,20260827,fixed_nominal,short,stable,False,1670824805.2431414,356790211.1721923,1314034594.0709493,0.2135413659484613,0.4151724137931034,0.0137931034482758,120416969.18187676,71395569.41409275,49021399.76778401,2000000.0,5000000.0,2010,1.0,1.0,1.0,True,success,,0.2252790999991702
treaty_sensitivity,29,treaty_indexation_sensitivity,outputs/step29_treaty_indexation_sensitivity/final_50/results.csv,short_stable_no_break,11,20260827,fully_indexed,short,stable,False,1670824805.2431414,210948831.30786425,1459875973.935277,0.1262543090370068,0.1834482758620689,0.0068965517241379,120416969.18187676,35758150.34801452,84658818.83386225,2000000.0,5000000.0,2010,1.0,1.7316764476028046,1.3349058425115268,True,success,,0.4371567000052891
treaty_sensitivity,29,treaty_indexation_sensitivity,outputs/step29_treaty_indexation_sensitivity/final_50/results.csv,short_stable_no_break,12,20260828,fixed_nominal,short,stable,False,1686621819.622221,359799661.7414931,1326822157.880728,0.2133256297028595,0.4291497975708502,0.0188933873144399,114242903.11648482,57506650.49990024,56736252.61658461,2000000.0,5000000.0,2010,1.0,1.0,1.0,True,success,,0.2259883000006084
treaty_sensitivity,29,treaty_indexation_sensitivity,outputs/step29_treaty_indexation_sensitivity/final_50/results.csv,short_stable_no_break,12,20260828,fully_indexed,short,stable,False,1686621819.622221,219621386.0856407,1467000433.53658,0.1302137702302658,0.2010796221322537,0.0080971659919028,114242903.11648482,31832667.214923367,82410235.90156148,2000000.0,5000000.0,2010,1.0,1.7316764476028046,1.3349058425115268,True,success,,0.4417595999984769
treaty_sensitivity,29,treaty_indexation_sensitivity,outputs/step29_treaty_indexation_sensitivity/final_50/results.csv,short_stable_no_break,13,20260829,fixed_nominal,short,stable,False,1800368486.791122,362639734.6348863,1437728752.1562357,0.2014252844878636,0.3959899749373433,0.0137844611528822,119092300.91678554,55324389.44217354,63767911.474612,2000000.0,5000000.0,2010,1.0,1.0,1.0,True,success,,0.2203605999966384
treaty_sensitivity,29,treaty_indexation_sensitivity,outputs/step29_treaty_indexation_sensitivity/final_50/results.csv,short_stable_no_break,13,20260829,fully_indexed,short,stable,False,1800368486.791122,214212738.63603988,1586155748.155082,0.1189827194864096,0.1854636591478696,0.006265664160401,119092300.91678554,19377304.691307414,99714996.22547811,2000000.0,5000000.0,2010,1.0,1.7316764476028046,1.3349058425115268,True,success,,0.4467850000000908
treaty_sensitivity,29,treaty_indexation_sensitivity,outputs/step29_treaty_indexation_sensitivity/final_50/results.csv,short_stable_no_break,14,20260830,fixed_nominal,short,stable,False,1654231852.2100744,332955054.0218767,1321276798.188198,0.2012747206971287,0.3945945945945946,0.0135135135135135,114866079.21356876,55065670.70444464,59800408.50912412,2000000.0,5000000.0,2010,1.0,1.0,1.0,True,success,,0.219897499999206
treaty_sensitivity,29,treaty_indexation_sensitivity,outputs/step29_treaty_indexation_sensitivity/final_50/results.csv,short_stable_no_break,14,20260830,fully_indexed,short,stable,False,1654231852.2100744,199717332.50763068,1454514519.702444,0.1207311612582032,0.1905405405405405,0.0067567567567567,114866079.21356876,26138525.429080997,88727553.78448778,2000000.0,5000000.0,2010,1.0,1.7316764476028046,1.3349058425115268,True,success,,0.4423849999948288
treaty_sensitivity,29,treaty_indexation_sensitivity,outputs/step29_treaty_indexation_sensitivity/final_50/results.csv,short_stable_no_break,15,20260831,fixed_nominal,short,stable,False,1811290325.9587145,402076351.6438269,1409213974.3148873,0.2219833816155387,0.4380053908355795,0.0215633423180593,127696575.13080329,50351765.20084126,77344809.92996204,2000000.0,5000000.0,2010,1.0,1.0,1.0,True,success,,0.2634846000000834
treaty_sensitivity,29,treaty_indexation_sensitivity,outputs/step29_treaty_indexation_sensitivity/final_50/results.csv,short_stable_no_break,15,20260831,fully_indexed,short,stable,False,1811290325.9587145,271630525.85857564,1539659800.1001384,0.1499652054481116,0.2088948787061994,0.0094339622641509,127696575.13080329,28474599.01972588,99221976.1110774,2000000.0,5000000.0,2010,1.0,1.7316764476028046,1.3349058425115268,True,success,,0.4821267000006628
treaty_sensitivity,29,treaty_indexation_sensitivity,outputs/step29_treaty_indexation_sensitivity/final_50/results.csv,short_stable_no_break,16,20260832,fixed_nominal,short,stable,False,1810238719.5052612,365619475.639674,1444619243.8655877,0.2019730722253018,0.3895424836601307,0.0156862745098039,123002524.48652634,56998013.749120295,66004510.73740606,2000000.0,5000000.0,2010,1.0,1.0,1.0,True,success,,0.217673699997249
treaty_sensitivity,29,treaty_indexation_sensitivity,outputs/step29_treaty_indexation_sensitivity/final_50/results.csv,short_stable_no_break,16,20260832,fully_indexed,short,stable,False,1810238719.5052612,239014265.4761363,1571224454.0291252,0.1320346664231438,0.2013071895424836,0.0104575163398692,123002524.48652634,26379908.522204146,96622615.9643222,2000000.0,5000000.0,2010,1.0,1.7316764476028046,1.3349058425115268,True,success,,0.4415000000008149
treaty_sensitivity,29,treaty_indexation_sensitivity,outputs/step29_treaty_indexation_sensitivity/final_50/results.csv,short_stable_no_break,17,20260833,fixed_nominal,short,stable,False,1625193772.2685077,289210760.65938663,1335983011.6091208,0.1779546326070984,0.3768506056527591,0.0107671601615074,127354373.57373068,59361349.67702558,67993023.8967051,2000000.0,5000000.0,2010,1.0,1.0,1.0,True,success,,0.2181872000001021
treaty_sensitivity,29,treaty_indexation_sensitivity,outputs/step29_treaty_indexation_sensitivity/final_50/results.csv,short_stable_no_break,17,20260833,fully_indexed,short,stable,False,1625193772.2685077,161709856.1685167,1463483916.0999906,0.0995018925914267,0.1601615074024226,0.0067294751009421,127354373.57373068,23704515.42844987,103649858.1452808,2000000.0,5000000.0,2010,1.0,1.7316764476028046,1.3349058425115268,True,success,,0.4375576000020373
treaty_sensitivity,29,treaty_indexation_sensitivity,outputs/step29_treaty_indexation_sensitivity/final_50/results.csv,short_stable_no_break,18,20260834,fixed_nominal,short,stable,False,1652393858.2112184,350772143.5187137,1301621714.692505,0.2122811954157457,0.4212707182320442,0.0193370165745856,93885351.40182678,48910691.05964556,44974660.34218121,2000000.0,5000000.0,2010,1.0,1.0,1.0,True,success,,0.2217075000007753
treaty_sensitivity,29,treaty_indexation_sensitivity,outputs/step29_treaty_indexation_sensitivity/final_50/results.csv,short_stable_no_break,18,20260834,fully_indexed,short,stable,False,1652393858.2112184,219711284.5182453,1432682573.6929731,0.1329654449067557,0.1961325966850828,0.0082872928176795,93885351.40182678,20290911.54380749,73594439.85801929,2000000.0,5000000.0,2010,1.0,1.7316764476028046,1.3349058425115268,True,success,,0.4458239000014146
treaty_sensitivity,29,treaty_indexation_sensitivity,outputs/step29_treaty_indexation_sensitivity/final_50/results.csv,short_stable_no_break,19,20260835,fixed_nominal,short,stable,False,1828215310.7303388,384915766.6347208,1443299544.0956178,0.2105418133058703,0.4344059405940594,0.0123762376237623,104078477.64588736,45623545.43055571,58454932.21533169,2000000.0,5000000.0,2010,1.0,1.0,1.0,True,success,,0.2211239999960526
treaty_sensitivity,29,treaty_indexation_sensitivity,outputs/step29_treaty_indexation_sensitivity/final_50/results.csv,short_stable_no_break,19,20260835,fully_indexed,short,stable,False,1828215310.7303388,221361328.5066062,1606853982.2237327,0.1210805572009876,0.2153465346534653,0.0061881188118811,104078477.64588736,14203084.982714592,89875392.66317278,2000000.0,5000000.0,2010,1.0,1.7316764476028046,1.3349058425115268,True,success,,0.4436067000060575
treaty_sensitivity,29,treaty_indexation_sensitivity,outputs/step29_treaty_indexation_sensitivity/final_50/results.csv,short_stable_no_break,20,20260836,fixed_nominal,short,stable,False,1756279010.3607097,356491647.3267761,1399787363.033934,0.2029812149571603,0.408083441981747,0.0130378096479791,124506894.50862204,54266755.16420136,70240139.3444207,2000000.0,5000000.0,2010,1.0,1.0,1.0,True,success,,0.2228508999978657
treaty_sensitivity,29,treaty_indexation_sensitivity,outputs/step29_treaty_indexation_sensitivity/final_50/results.csv,short_stable_no_break,20,20260836,fully_indexed,short,stable,False,1756279010.3607097,215819801.35190412,1540459209.0088058,0.1228846897780657,0.195567144719687,0.0078226857887874,124506894.50862204,21395840.290866356,103111054.21775568,2000000.0,5000000.0,2010,1.0,1.7316764476028046,1.3349058425115268,True,success,,0.443958299998485
treaty_sensitivity,29,treaty_indexation_sensitivity,outputs/step29_treaty_indexation_sensitivity/final_50/results.csv,short_stable_no_break,21,20260837,fixed_nominal,short,stable,False,1687697093.6912458,311869728.18147266,1375827365.509773,0.1847901079804356,0.3865435356200528,0.0118733509234828,99984220.00134788,41005306.84397525,58978913.15737261,2000000.0,5000000.0,2010,1.0,1.0,1.0,True,success,,0.2241567999953986
treaty_sensitivity,29,treaty_indexation_sensitivity,outputs/step29_treaty_indexation_sensitivity/final_50/results.csv,short_stable_no_break,21,20260837,fully_indexed,short,stable,False,1687697093.6912458,188486910.04027528,1499210183.6509705,0.1116829025450451,0.1662269129287599,0.0079155672823219,99984220.00134788,13037651.293898111,86946568.70744975,2000000.0,5000000.0,2010,1.0,1.7316764476028046,1.3349058425115268,True,success,,0.4848979000016697
treaty_sensitivity,29,treaty_indexation_sensitivity,outputs/step29_treaty_indexation_sensitivity/final_50/results.csv,short_stable_no_break,22,20260838,fixed_nominal,short,stable,False,1619193261.4686923,334565827.44529426,1284627434.0233984,0.2066250122248073,0.4248633879781421,0.0150273224043715,107923515.78230163,57648324.65838912,50275191.12391251,2000000.0,5000000.0,2010,1.0,1.0,1.0,True,success,,0.2205944000015733
treaty_sensitivity,29,treaty_indexation_sensitivity,outputs/step29_treaty_indexation_sensitivity/final_50/results.csv,short_stable_no_break,22,20260838,fully_indexed,short,stable,False,1619193261.4686923,193940116.33538792,1425253145.1333046,0.119775767939816,0.1680327868852459,0.0040983606557377,107923515.78230163,24519152.460591864,83404363.32170977,2000000.0,5000000.0,2010,1.0,1.7316764476028046,1.3349058425115268,True,success,,0.4672164000003249
treaty_sensitivity,29,treaty_indexation_sensitivity,outputs/step29_treaty_indexation_sensitivity/final_50/results.csv,short_stable_no_break,23,20260839,fixed_nominal,short,stable,False,1689075503.9928136,359554970.26520234,1329520533.7276108,0.2128708689547913,0.4336525307797537,0.0191518467852257,131889539.48261105,62637929.17204631,69251610.31056476,2000000.0,5000000.0,2010,1.0,1.0,1.0,True,success,,0.2202480000050855
treaty_sensitivity,29,treaty_indexation_sensitivity,outputs/step29_treaty_indexation_sensitivity/final_50/results.csv,short_stable_no_break,23,20260839,fully_indexed,short,stable,False,1689075503.9928136,228830653.91538304,1460244850.0774305,0.1354768649325913,0.1901504787961696,0.0068399452804377,131889539.48261105,36953437.09688607,94936102.385725,2000000.0,5000000.0,2010,1.0,1.7316764476028046,1.3349058425115268,True,success,,0.4412578999981633
treaty_sensitivity,29,treaty_indexation_sensitivity,outputs/step29_treaty_indexation_sensitivity/final_50/results.csv,short_stable_no_break,24,20260840,fixed_nominal,short,stable,False,1888718809.7331696,381303956.2001516,1507414853.5330186,0.2018849784495028,0.4137055837563452,0.0253807106598984,118342118.97838429,46324811.78115248,72017307.1972318,2000000.0,5000000.0,2010,1.0,1.0,1.0,True,success,,0.221810800001549
treaty_sensitivity,29,treaty_indexation_sensitivity,outputs/step29_treaty_indexation_sensitivity/final_50/results.csv,short_stable_no_break,24,20260840,fully_indexed,short,stable,False,1888718809.7331696,246838072.8414957,1641880736.8916745,0.1306907473836022,0.1954314720812182,0.0126903553299492,118342118.97838429,13580271.659636833,104761847.31874746,2000000.0,5000000.0,2010,1.0,1.7316764476028046,1.3349058425115268,True,success,,0.4886442999995779
treaty_sensitivity,29,treaty_indexation_sensitivity,outputs/step29_treaty_indexation_sensitivity/final_50/results.csv,short_stable_no_break,25,20260841,fixed_nominal,short,stable,False,1820355276.33416,400265793.14610606,1420089483.1880536,0.2198833372528044,0.4514435695538057,0.0170603674540682,157284835.93575907,70838895.44249286,86445940.49326622,2000000.0,5000000.0,2010,1.0,1.0,1.0,True,success,,0.21811400000297
treaty_sensitivity,29,treaty_indexation_sensitivity,outputs/step29_treaty_indexation_sensitivity/final_50/results.csv,short_stable_no_break,25,20260841,fully_indexed,short,stable,False,1820355276.33416,251820095.40904692,1568535180.9251127,0.1383356857218352,0.2047244094488189,0.0144356955380577,157284835.93575907,21072469.373890847,136212366.5618682,2000000.0,5000000.0,2010,1.0,1.7316764476028046,1.3349058425115268,True,success,,0.4399591999972472
treaty_sensitivity,29,treaty_indexation_sensitivity,outputs/step29_treaty_indexation_sensitivity/final_50/results.csv,short_stable_no_break,26,20260842,fixed_nominal,short,stable,False,1675078739.0326543,334292375.2535419,1340786363.7791126,0.1995681560895419,0.4185733512786003,0.0148048452220726,116528553.07240756,59500057.73544208,57028495.33696549,2000000.0,5000000.0,2010,1.0,1.0,1.0,True,success,,0.2213604999997187
treaty_sensitivity,29,treaty_indexation_sensitivity,outputs/step29_treaty_indexation_sensitivity/final_50/results.csv,short_stable_no_break,26,20260842,fully_indexed,short,stable,False,1675078739.0326543,193628047.3947644,1481450691.63789,0.1155934004073045,0.1843876177658142,0.0080753701211305,116528553.07240756,27754737.596149817,88773815.47625774,2000000.0,5000000.0,2010,1.0,1.7316764476028046,1.3349058425115268,True,success,,0.4874015999957919
treaty_sensitivity,29,treaty_indexation_sensitivity,outputs/step29_treaty_indexation_sensitivity/final_50/results.csv,short_stable_no_break,27,20260843,fixed_nominal,short,stable,False,1763717676.731417,392237414.408116,1371480262.3233008,0.2223924041715248,0.4268456375838926,0.0187919463087248,157932124.15747845,71206593.66970241,86725530.487776,2000000.0,5000000.0,2010,1.0,1.0,1.0,True,success,,0.2202726000032271
treaty_sensitivity,29,treaty_indexation_sensitivity,outputs/step29_treaty_indexation_sensitivity/final_50/results.csv,short_stable_no_break,27,20260843,fully_indexed,short,stable,False,1763717676.731417,250765701.22977784,1512951975.5016391,0.1421801825417464,0.2161073825503355,0.0120805369127516,157932124.15747845,40750769.16318753,117181354.99429087,2000000.0,5000000.0,2010,1.0,1.7316764476028046,1.3349058425115268,True,success,,0.4373359000019263
treaty_sensitivity,29,treaty_indexation_sensitivity,outputs/step29_treaty_indexation_sensitivity/final_50/results.csv,short_stable_no_break,28,20260844,fixed_nominal,short,stable,False,1655732854.4865246,310836349.6384487,1344896504.848076,0.1877333947902152,0.3753315649867374,0.0119363395225464,130071257.585858,62314503.85059279,67756753.7352652,2000000.0,5000000.0,2010,1.0,1.0,1.0,True,success,,0.2239046000031521
treaty_sensitivity,29,treaty_indexation_sensitivity,outputs/step29_treaty_indexation_sensitivity/final_50/results.csv,short_stable_no_break,28,20260844,fully_indexed,short,stable,False,1655732854.4865246,186614434.27083093,1469118420.2156937,0.1127080578036266,0.176392572944297,0.0053050397877984,130071257.585858,21664657.860240776,108406599.72561722,2000000.0,5000000.0,2010,1.0,1.7316764476028046,1.3349058425115268,True,success,,0.445967899999232
treaty_sensitivity,29,treaty_indexation_sensitivity,outputs/step29_treaty_indexation_sensitivity/final_50/results.csv,short_stable_no_break,29,20260845,fixed_nominal,short,stable,False,1487017202.330915,301416223.23150367,1185600979.0994115,0.2026985449522914,0.40625,0.0119047619047619,105743776.3705659,56963023.164454296,48780753.2061116,2000000.0,5000000.0,2010,1.0,1.0,1.0,True,success,,0.222690299997339
treaty_sensitivity,29,treaty_indexation_sensitivity,outputs/step29_treaty_indexation_sensitivity/final_50/results.csv,short_stable_no_break,29,20260845,fully_indexed,short,stable,False,1487017202.330915,174623696.1113088,1312393506.2196062,0.1174321963710872,0.1964285714285714,0.0059523809523809,105743776.3705659,25522862.00255409,80220914.3680118,2000000.0,5000000.0,2010,1.0,1.7316764476028046,1.3349058425115268,True,success,,0.4936165000035544
treaty_sensitivity,29,treaty_indexation_sensitivity,outputs/step29_treaty_indexation_sensitivity/final_50/results.csv,short_stable_no_break,30,20260846,fixed_nominal,short,stable,False,1574129457.2650447,290417445.0601226,1283712012.2049222,0.1844940031582316,0.3977110157367668,0.0171673819742489,120655934.4998882,62387330.11787935,58268604.38200887,2000000.0,5000000.0,2010,1.0,1.0,1.0,True,success,,0.2222328999996534
treaty_sensitivity,29,treaty_indexation_sensitivity,outputs/step29_treaty_indexation_sensitivity/final_50/results.csv,short_stable_no_break,30,20260846,fully_indexed,short,stable,False,1574129457.2650447,179026264.20284343,1395103193.062201,0.1137303309944347,0.1602288984263233,0.0071530758226037,120655934.4998882,31643563.501062397,89012370.99882585,2000000.0,5000000.0,2010,1.0,1.7316764476028046,1.3349058425115268,True,success,,0.4667336999991676
treaty_sensitivity,29,treaty_indexation_sensitivity,outputs/step29_treaty_indexation_sensitivity/final_50/results.csv,short_stable_no_break,31,20260847,fixed_nominal,short,stable,False,1800018426.142542,391588542.7204653,1408429883.422077,0.217546963427282,0.4207723035952064,0.0266311584553928,122081952.54001436,57760920.24673401,64321032.29328037,2000000.0,5000000.0,2010,1.0,1.0,1.0,True,success,,0.2192705999987083
treaty_sensitivity,29,treaty_indexation_sensitivity,outputs/step29_treaty_indexation_sensitivity/final_50/results.csv,short_stable_no_break,31,20260847,fully_indexed,short,stable,False,1800018426.142542,270745651.66358906,1529272774.4789531,0.1504127111875181,0.2010652463382157,0.0106524633821571,122081952.54001436,28480300.58582142,93601651.95419297,2000000.0,5000000.0,2010,1.0,1.7316764476028046,1.3349058425115268,True,success,,0.4394887000016751
treaty_sensitivity,29,treaty_indexation_sensitivity,outputs/step29_treaty_indexation_sensitivity/final_50/results.csv,short_stable_no_break,32,20260848,fixed_nominal,short,stable,False,1737041401.7668102,350161550.1852452,1386879851.5815651,0.2015850340867423,0.3953488372093023,0.0218878248974008,110584025.71817082,46887955.63871187,63696070.07945895,2000000.0,5000000.0,2010,1.0,1.0,1.0,True,success,,0.2186538999958429
treaty_sensitivity,29,treaty_indexation_sensitivity,outputs/step29_treaty_indexation_sensitivity/final_50/results.csv,short_stable_no_break,32,20260848,fully_indexed,short,stable,False,1737041401.7668102,244188387.7598116,1492853014.0069983,0.140577183428926,0.1942544459644322,0.0164158686730506,110584025.71817082,23348762.216623746,87235263.50154707,2000000.0,5000000.0,2010,1.0,1.7316764476028046,1.3349058425115268,True,success,,0.4400156999981846
treaty_sensitivity,29,treaty_indexation_sensitivity,outputs/step29_treaty_indexation_sensitivity/final_50/results.csv,short_stable_no_break,33,20260849,fixed_nominal,short,stable,False,1781475953.898553,367532165.157424,1413943788.741129,0.206307676706566,0.4086845466155811,0.0217113665389527,117942981.210178,50303056.34022081,67639924.86995716,2000000.0,5000000.0,2010,1.0,1.0,1.0,True,success,,0.2226616000043577
treaty_sensitivity,29,treaty_indexation_sensitivity,outputs/step29_treaty_indexation_sensitivity/final_50/results.csv,short_stable_no_break,33,20260849,fully_indexed,short,stable,False,1781475953.898553,242244471.2261021,1539231482.6724503,0.1359796469303884,0.1826309067688378,0.0076628352490421,117942981.210178,28964045.950565875,88978935.25961211,2000000.0,5000000.0,2010,1.0,1.7316764476028046,1.3349058425115268,True,success,,0.4463493000002927
treaty_sensitivity,29,treaty_indexation_sensitivity,outputs/step29_treaty_indexation_sensitivity/final_50/results.csv,short_stable_no_break,34,20260850,fixed_nominal,short,stable,False,1704740499.0623837,356408499.1710451,1348331999.8913383,0.2090690632193414,0.4149933065595716,0.0200803212851405,112093368.49628349,61527410.567614056,50565957.92866941,2000000.0,5000000.0,2010,1.0,1.0,1.0,True,success,,0.2204700000002049
treaty_sensitivity,29,treaty_indexation_sensitivity,outputs/step29_treaty_indexation_sensitivity/final_50/results.csv,short_stable_no_break,34,20260850,fully_indexed,short,stable,False,1704740499.0623837,210380842.3206154,1494359656.741768,0.123409306247095,0.1847389558232931,0.0080321285140562,112093368.49628349,26454537.23579684,85638831.26048663,2000000.0,5000000.0,2010,1.0,1.7316764476028046,1.3349058425115268,True,success,,0.4892798000000766
treaty_sensitivity,29,treaty_indexation_sensitivity,outputs/step29_treaty_indexation_sensitivity/final_50/results.csv,short_stable_no_break,35,20260851,fixed_nominal,short,stable,False,1666377772.811064,339689297.5810905,1326688475.2299733,0.2038489129677109,0.4267955801104972,0.0124309392265193,111310007.17121792,52999778.68140803,58310228.489809886,2000000.0,5000000.0,2010,1.0,1.0,1.0,True,success,,0.2204204000008758
treaty_sensitivity,29,treaty_indexation_sensitivity,outputs/step29_treaty_indexation_sensitivity/final_50/results.csv,short_stable_no_break,35,20260851,fully_indexed,short,stable,False,1666377772.811064,207856627.80445465,1458521145.0066094,0.1247355978913562,0.1975138121546961,0.005524861878453,111310007.17121792,23432856.51553405,87877150.65568386,2000000.0,5000000.0,2010,1.0,1.7316764476028046,1.3349058425115268,True,success,,0.4431086999975377
treaty_sensitivity,29,treaty_indexation_sensitivity,outputs/step29_treaty_indexation_sensitivity/final_50/results.csv,short_stable_no_break,36,20260852,fixed_nominal,short,stable,False,1592153129.7067754,288863508.57163465,1303289621.135141,0.1814294763373886,0.3819163292847503,0.0121457489878542,108015276.40986972,49542202.26595015,58473074.14391958,2000000.0,5000000.0,2010,1.0,1.0,1.0,True,success,,0.2228230000037001
treaty_sensitivity,29,treaty_indexation_sensitivity,outputs/step29_treaty_indexation_sensitivity/final_50/results.csv,short_stable_no_break,36,20260852,fully_indexed,short,stable,False,1592153129.7067754,174877381.38111523,1417275748.3256598,0.1098370364748283,0.1524966261808367,0.0053981106612685,108015276.40986972,20416847.6115861,87598428.79828362,2000000.0,5000000.0,2010,1.0,1.7316764476028046,1.3349058425115268,True,success,,0.449283199995989
treaty_sensitivity,29,treaty_indexation_sensitivity,outputs/step29_treaty_indexation_sensitivity/final_50/results.csv,short_stable_no_break,37,20260853,fixed_nominal,short,stable,False,1627518111.6787624,338001506.828696,1289516604.850067,0.2076791062435871,0.3945205479452054,0.0164383561643835,83948525.57900588,44777687.51000127,39170838.06900461,2000000.0,5000000.0,2010,1.0,1.0,1.0,True,success,,0.2187832000054186
treaty_sensitivity,29,treaty_indexation_sensitivity,outputs/step29_treaty_indexation_sensitivity/final_50/results.csv,short_stable_no_break,37,20260853,fully_indexed,short,stable,False,1627518111.6787624,216867903.29567248,1410650208.3830905,0.1332506850396744,0.184931506849315,0.0082191780821917,83948525.57900588,15259980.175548753,68688545.40345713,2000000.0,5000000.0,2010,1.0,1.7316764476028046,1.3349058425115268,True,success,,0.4415012999961618
treaty_sensitivity,29,treaty_indexation_sensitivity,outputs/step29_treaty_indexation_sensitivity/final_50/results.csv,short_stable_no_break,38,20260854,fixed_nominal,short,stable,False,1683312048.783276,336091479.0522248,1347220569.731051,0.1996608289563167,0.4100817438692098,0.0204359673024523,101511072.491788,42850688.332212985,58660384.15957501,2000000.0,5000000.0,2010,1.0,1.0,1.0,True,success,,0.2211100999993505
treaty_sensitivity,29,treaty_indexation_sensitivity,outputs/step29_treaty_indexation_sensitivity/final_50/results.csv,short_stable_no_break,38,20260854,fully_indexed,short,stable,False,1683312048.783276,221086663.77336508,1462225385.009911,0.131340272846719,0.1798365122615803,0.0108991825613079,101511072.491788,17798821.543427765,83712250.94836023,2000000.0,5000000.0,2010,1.0,1.7316764476028046,1.3349058425115268,True,success,,0.4449292999997851
treaty_sensitivity,29,treaty_indexation_sensitivity,outputs/step29_treaty_indexation_sensitivity/final_50/results.csv,short_stable_no_break,39,20260855,fixed_nominal,short,stable,False,1750475529.1941926,334418871.262614,1416056657.9315786,0.1910445851342801,0.3937007874015748,0.0170603674540682,133031161.7508795,62043310.71688711,70987851.03399241,2000000.0,5000000.0,2010,1.0,1.0,1.0,True,success,,0.2190984999979264
treaty_sensitivity,29,treaty_indexation_sensitivity,outputs/step29_treaty_indexation_sensitivity/final_50/results.csv,short_stable_no_break,39,20260855,fully_indexed,short,stable,False,1750475529.1941926,201141471.89161628,1549334057.3025763,0.1149067602128714,0.1614173228346456,0.0078740157480314,133031161.7508795,30501270.410164107,102529891.3407154,2000000.0,5000000.0,2010,1.0,1.7316764476028046,1.3349058425115268,True,success,,0.4384865000029094
treaty_sensitivity,29,treaty_indexation_sensitivity,outputs/step29_treaty_indexation_sensitivity/final_50/results.csv,short_stable_no_break,40,20260856,fixed_nominal,short,stable,False,1771487196.5015657,344888767.83000815,1426598428.6715574,0.1946888289743862,0.4078061911170929,0.0282637954239569,87949018.04320787,38742016.33400515,49207001.70920272,2000000.0,5000000.0,2010,1.0,1.0,1.0,True,success,,0.223489600000903
treaty_sensitivity,29,treaty_indexation_sensitivity,outputs/step29_treaty_indexation_sensitivity/final_50/results.csv,short_stable_no_break,40,20260856,fully_indexed,short,stable,False,1771487196.5015657,236792531.2603616,1534694665.2412038,0.1336687793894266,0.1884253028263795,0.0188425302826379,87949018.04320787,14006557.086609814,73942460.95659804,2000000.0,5000000.0,2010,1.0,1.7316764476028046,1.3349058425115268,True,success,,0.5081836999961524
treaty_sensitivity,29,treaty_indexation_sensitivity,outputs/step29_treaty_indexation_sensitivity/final_50/results.csv,short_stable_no_break,41,20260857,fixed_nominal,short,stable,False,1652109863.5454082,335752125.482376,1316357738.063032,0.2032262701718007,0.4151967435549525,0.010854816824966,123158929.75021432,57088104.59741693,66070825.15279738,2000000.0,5000000.0,2010,1.0,1.0,1.0,True,success,,0.2235527999946498
treaty_sensitivity,29,treaty_indexation_sensitivity,outputs/step29_treaty_indexation_sensitivity/final_50/results.csv,short_stable_no_break,41,20260857,fully_indexed,short,stable,False,1652109863.5454082,196231975.40813252,1455877888.1372757,0.1187765897039202,0.1899592944369063,0.0067842605156037,123158929.75021432,19418616.95446527,103740312.79574904,2000000.0,5000000.0,2010,1.0,1.7316764476028046,1.3349058425115268,True,success,,0.4469916000016383
treaty_sensitivity,29,treaty_indexation_sensitivity,outputs/step29_treaty_indexation_sensitivity/final_50/results.csv,short_stable_no_break,42,20260858,fixed_nominal,short,stable,False,1803076349.8173013,408559079.5646737,1394517270.2526283,0.2265900052463509,0.437414030261348,0.0233837689133425,125158875.48925012,67141295.93403164,58017579.5552185,2000000.0,5000000.0,2010,1.0,1.0,1.0,True,success,,0.2184802000047057
treaty_sensitivity,29,treaty_indexation_sensitivity,outputs/step29_treaty_indexation_sensitivity/final_50/results.csv,short_stable_no_break,42,20260858,fully_indexed,short,stable,False,1803076349.8173013,267275197.11181647,1535801152.705485,0.1482328782909821,0.2090784044016506,0.015130674002751,125158875.48925012,23840120.088885076,101318755.40036504,2000000.0,5000000.0,2010,1.0,1.7316764476028046,1.3349058425115268,True,success,,0.44258140000602
treaty_sensitivity,29,treaty_indexation_sensitivity,outputs/step29_treaty_indexation_sensitivity/final_50/results.csv,short_stable_no_break,43,20260859,fixed_nominal,short,stable,False,1704401998.6622431,373802400.5175688,1330599598.1446743,0.2193158660990541,0.4348422496570645,0.017832647462277,121067304.32348242,65576553.60604401,55490750.71743843,2000000.0,5000000.0,2010,1.0,1.0,1.0,True,success,,0.2907727999991039
treaty_sensitivity,29,treaty_indexation_sensitivity,outputs/step29_treaty_indexation_sensitivity/final_50/results.csv,short_stable_no_break,43,20260859,fully_indexed,short,stable,False,1704401998.6622431,218257980.07962343,1486144018.5826194,0.1280554588946331,0.2112482853223594,0.0096021947873799,121067304.32348242,28441946.209460177,92625358.11402228,2000000.0,5000000.0,2010,1.0,1.7316764476028046,1.3349058425115268,True,success,,0.4476950000025681
treaty_sensitivity,29,treaty_indexation_sensitivity,outputs/step29_treaty_indexation_sensitivity/final_50/results.csv,short_stable_no_break,44,20260860,fixed_nominal,short,stable,False,1758512329.421798,359073964.14565885,1399438365.276139,0.2041918945565329,0.4236200256739409,0.0166880616174582,147069367.4822454,73696631.74278872,73372735.73945667,2000000.0,5000000.0,2010,1.0,1.0,1.0,True,success,,0.2218537000007927
treaty_sensitivity,29,treaty_indexation_sensitivity,outputs/step29_treaty_indexation_sensitivity/final_50/results.csv,short_stable_no_break,44,20260860,fully_indexed,short,stable,False,1758512329.421798,210809148.30341336,1547703181.1183846,0.1198792551956276,0.1912708600770218,0.0064184852374839,147069367.4822454,44666399.79192308,102402967.6903223,2000000.0,5000000.0,2010,1.0,1.7316764476028046,1.3349058425115268,True,success,,0.4435585999963223
treaty_sensitivity,29,treaty_indexation_sensitivity,outputs/step29_treaty_indexation_sensitivity/final_50/results.csv,short_stable_no_break,45,20260861,fixed_nominal,short,stable,False,1810735997.778001,399190340.45699936,1411545657.3210015,0.2204575050956383,0.4344919786096257,0.0200534759358288,100186367.4636596,58034007.127416834,42152360.33624277,2000000.0,5000000.0,2010,1.0,1.0,1.0,True,success,,0.2236357000001589
treaty_sensitivity,29,treaty_indexation_sensitivity,outputs/step29_treaty_indexation_sensitivity/final_50/results.csv,short_stable_no_break,45,20260861,fully_indexed,short,stable,False,1810735997.778001,257607305.09012735,1553128692.6878734,0.1422666282695233,0.2192513368983957,0.0106951871657754,100186367.4636596,28460098.157478254,71726269.30618134,2000000.0,5000000.0,2010,1.0,1.7316764476028046,1.3349058425115268,True,success,,0.4453406000029645
treaty_sensitivity,29,treaty_indexation_sensitivity,outputs/step29_treaty_indexation_sensitivity/final_50/results.csv,short_stable_no_break,46,20260862,fixed_nominal,short,stable,False,1767954638.4825978,368773209.6925333,1399181428.7900646,0.2085874839011958,0.4298701298701298,0.0181818181818181,127471667.13252124,52398991.27850676,75072675.85401449,2000000.0,5000000.0,2010,1.0,1.0,1.0,True,success,,0.22416019999946
treaty_sensitivity,29,treaty_indexation_sensitivity,outputs/step29_treaty_indexation_sensitivity/final_50/results.csv,short_stable_no_break,46,20260862,fully_indexed,short,stable,False,1767954638.4825978,221716410.3045116,1546238228.1780863,0.1254084270481094,0.2129870129870129,0.0051948051948051,127471667.13252124,25039725.16712908,102431941.96539216,2000000.0,5000000.0,2010,1.0,1.7316764476028046,1.3349058425115268,True,success,,0.5209812999964925
treaty_sensitivity,29,treaty_indexation_sensitivity,outputs/step29_treaty_indexation_sensitivity/final_50/results.csv,short_stable_no_break,47,20260863,fixed_nominal,short,stable,False,1690441235.4618535,333429652.59825885,1357011582.863595,0.1972441547234032,0.4075067024128686,0.0147453083109919,114442302.6173637,44983595.74274392,69458706.87461977,2000000.0,5000000.0,2010,1.0,1.0,1.0,True,success,,0.2248165000055451
treaty_sensitivity,29,treaty_indexation_sensitivity,outputs/step29_treaty_indexation_sensitivity/final_50/results.csv,short_stable_no_break,47,20260863,fully_indexed,short,stable,False,1690441235.4618535,197957629.5307803,1492483605.9310732,0.1171041177759103,0.2024128686327077,0.0093833780160857,114442302.6173637,13965127.99782513,100477174.61953858,2000000.0,5000000.0,2010,1.0,1.7316764476028046,1.3349058425115268,True,success,,0.446093300000939
treaty_sensitivity,29,treaty_indexation_sensitivity,outputs/step29_treaty_indexation_sensitivity/final_50/results.csv,short_stable_no_break,48,20260864,fixed_nominal,short,stable,False,1612215186.5080757,341360309.86812794,1270854876.6399474,0.2117337144103487,0.4243281471004243,0.0155586987270155,115591115.9006706,58328671.740978256,57262444.15969235,2000000.0,5000000.0,2010,1.0,1.0,1.0,True,success,,0.2940076000013505
treaty_sensitivity,29,treaty_indexation_sensitivity,outputs/step29_treaty_indexation_sensitivity/final_50/results.csv,short_stable_no_break,48,20260864,fully_indexed,short,stable,False,1612215186.5080757,213717829.8159806,1398497356.6920946,0.1325616031932286,0.2050919377652051,0.007072135785007,115591115.9006706,26862733.01505878,88728382.88561183,2000000.0,5000000.0,2010,1.0,1.7316764476028046,1.3349058425115268,True,success,,0.4399446000024909
treaty_sensitivity,29,treaty_indexation_sensitivity,outputs/step29_treaty_indexation_sensitivity/final_50/results.csv,short_stable_no_break,49,20260865,fixed_nominal,short,stable,False,1626059841.8586493,338404747.82724017,1287655094.0314093,0.2081133419053203,0.4117647058823529,0.0168067226890756,96635126.741026,46310329.00987116,50324797.73115485,2000000.0,5000000.0,2010,1.0,1.0,1.0,True,success,,0.2238101000039023
treaty_sensitivity,29,treaty_indexation_sensitivity,outputs/step29_treaty_indexation_sensitivity/final_50/results.csv,short_stable_no_break,49,20260865,fully_indexed,short,stable,False,1626059841.8586493,208149583.05115327,1417910258.807496,0.1280085625958453,0.2044817927170868,0.0084033613445378,96635126.741026,21678087.328540657,74957039.41248536,2000000.0,5000000.0,2010,1.0,1.7316764476028046,1.3349058425115268,True,success,,0.4470169999985955
treaty_sensitivity,29,treaty_indexation_sensitivity,outputs/step29_treaty_indexation_sensitivity/final_50/results.csv,short_stable_no_break,50,20260866,fixed_nominal,short,stable,False,1696190359.264982,355469605.647809,1340720753.617173,0.209569405760475,0.4154057771664374,0.0192572214580467,117777512.20470116,53129851.3526064,64647660.85209478,2000000.0,5000000.0,2010,1.0,1.0,1.0,True,success,,0.2211429000017233
treaty_sensitivity,29,treaty_indexation_sensitivity,outputs/step29_treaty_indexation_sensitivity/final_50/results.csv,short_stable_no_break,50,20260866,fully_indexed,short,stable,False,1696190359.264982,228229266.350531,1467961092.9144511,0.1345540405320017,0.1856946354883081,0.0082530949105914,117777512.20470116,29908913.46755817,87868598.737143,2000000.0,5000000.0,2010,1.0,1.7316764476028046,1.3349058425115268,True,success,,0.4455133000010391
