scenario_id,simulation_id,basis,tail_type,inflation_scenario,structural_break,model,pattern_variant,estimated_reserve,true_reserve,signed_error,absolute_error,percentage_error,absolute_percentage_error,success,success_or_failure,failure_type,failure_message,calibration_version,prior_version,runtime_seconds
long_emerging_break,1,ceded,long,emerging,True,bornhuetter_ferguson_break_aware,frozen_break_aware,175324229.08050472,305729466.5237079,-130405237.44320321,130405237.44320321,-42.653800736309094,42.653800736309094,True,success,,,frozen_step21_pattern,pricing_mc_v1,0.0034992000000784174
long_emerging_break,1,ceded,long,emerging,True,bornhuetter_ferguson_standard,frozen_standard,223325333.25591165,305729466.5237079,-82404133.26779628,82404133.26779628,-26.953284616223346,26.953284616223346,True,success,,,frozen_step21_pattern,pricing_mc_v1,0.005189199997403193
long_emerging_break,2,ceded,long,emerging,True,bornhuetter_ferguson_break_aware,frozen_break_aware,175324229.08050472,332662627.84441507,-157338398.76391035,157338398.76391035,-47.29668607003756,47.29668607003756,True,success,,,frozen_step21_pattern,pricing_mc_v1,0.0034770000056596473
long_emerging_break,2,ceded,long,emerging,True,bornhuetter_ferguson_standard,frozen_standard,223325333.25591165,332662627.84441507,-109337294.58850342,109337294.58850342,-32.86732125486606,32.86732125486606,True,success,,,frozen_step21_pattern,pricing_mc_v1,0.003821900005277712
long_emerging_break,3,ceded,long,emerging,True,bornhuetter_ferguson_break_aware,frozen_break_aware,175324229.08050472,320146536.2610667,-144822307.18056196,144822307.18056196,-45.23625614442543,45.23625614442543,True,success,,,frozen_step21_pattern,pricing_mc_v1,0.003494799995678477
long_emerging_break,3,ceded,long,emerging,True,bornhuetter_ferguson_standard,frozen_standard,223325333.25591165,320146536.2610667,-96821203.00515503,96821203.00515503,-30.242776990784375,30.242776990784375,True,success,,,frozen_step21_pattern,pricing_mc_v1,0.0038630999988527037
long_emerging_break,4,ceded,long,emerging,True,bornhuetter_ferguson_break_aware,frozen_break_aware,175324229.08050472,291028961.26191354,-115704732.18140882,115704732.18140882,-39.75711959377113,39.75711959377113,True,success,,,frozen_step21_pattern,pricing_mc_v1,0.0034945000006700866
long_emerging_break,4,ceded,long,emerging,True,bornhuetter_ferguson_standard,frozen_standard,223325333.25591165,291028961.26191354,-67703628.00600189,67703628.00600189,-23.26353628602328,23.26353628602328,True,success,,,frozen_step21_pattern,pricing_mc_v1,0.0038277999992715195
long_emerging_break,5,ceded,long,emerging,True,bornhuetter_ferguson_break_aware,frozen_break_aware,175324229.08050472,289187037.304331,-113862808.22382629,113862808.22382629,-39.37341358215887,39.37341358215887,True,success,,,frozen_step21_pattern,pricing_mc_v1,0.0035209999987273477
long_emerging_break,5,ceded,long,emerging,True,bornhuetter_ferguson_standard,frozen_standard,223325333.25591165,289187037.304331,-65861704.04841936,65861704.04841936,-22.7747774113086,22.7747774113086,True,success,,,frozen_step21_pattern,pricing_mc_v1,0.003840899997157976
long_emerging_break,6,ceded,long,emerging,True,bornhuetter_ferguson_break_aware,frozen_break_aware,175324229.08050472,289354248.35185045,-114030019.27134573,114030019.27134573,-39.408448267428554,39.408448267428554,True,success,,,frozen_step21_pattern,pricing_mc_v1,0.003533100003551226
long_emerging_break,6,ceded,long,emerging,True,bornhuetter_ferguson_standard,frozen_standard,223325333.25591165,289354248.35185045,-66028915.0959388,66028915.0959388,-22.819404059915037,22.819404059915037,True,success,,,frozen_step21_pattern,pricing_mc_v1,0.0036773000028915703
long_emerging_break,7,ceded,long,emerging,True,bornhuetter_ferguson_break_aware,frozen_break_aware,175324229.08050472,299182332.8180118,-123858103.7375071,123858103.7375071,-41.39886956922959,41.39886956922959,True,success,,,frozen_step21_pattern,pricing_mc_v1,0.0035234000024502166
long_emerging_break,7,ceded,long,emerging,True,bornhuetter_ferguson_standard,frozen_standard,223325333.25591165,299182332.8180118,-75856999.56210017,75856999.56210017,-25.35477240504133,25.35477240504133,True,success,,,frozen_step21_pattern,pricing_mc_v1,0.0036115999973844737
long_emerging_break,8,ceded,long,emerging,True,bornhuetter_ferguson_break_aware,frozen_break_aware,175324229.08050472,346654795.58985996,-171330566.50935525,171330566.50935525,-49.42397125007979,49.42397125007979,True,success,,,frozen_step21_pattern,pricing_mc_v1,0.0035766000000876375
long_emerging_break,8,ceded,long,emerging,True,bornhuetter_ferguson_standard,frozen_standard,223325333.25591165,346654795.58985996,-123329462.33394831,123329462.33394831,-35.57702472400351,35.57702472400351,True,success,,,frozen_step21_pattern,pricing_mc_v1,0.003603999997721985
long_emerging_break,9,ceded,long,emerging,True,bornhuetter_ferguson_break_aware,frozen_break_aware,175324229.08050472,331981768.2247377,-156657539.144233,156657539.144233,-47.1885971274731,47.1885971274731,True,success,,,frozen_step21_pattern,pricing_mc_v1,0.0035692000019480474
long_emerging_break,9,ceded,long,emerging,True,bornhuetter_ferguson_standard,frozen_standard,223325333.25591165,331981768.2247377,-108656434.96882606,108656434.96882606,-32.72963920575007,32.72963920575007,True,success,,,frozen_step21_pattern,pricing_mc_v1,0.0035636000029626302
long_emerging_break,10,ceded,long,emerging,True,bornhuetter_ferguson_break_aware,frozen_break_aware,175324229.08050472,341665288.94157326,-166341059.86106855,166341059.86106855,-48.68538456931569,48.68538456931569,True,success,,,frozen_step21_pattern,pricing_mc_v1,0.0037871000022278167
long_emerging_break,10,ceded,long,emerging,True,bornhuetter_ferguson_standard,frozen_standard,223325333.25591165,341665288.94157326,-118339955.68566161,118339955.68566161,-34.63622425686282,34.63622425686282,True,success,,,frozen_step21_pattern,pricing_mc_v1,0.0036518999986583367
long_emerging_break,11,ceded,long,emerging,True,bornhuetter_ferguson_break_aware,frozen_break_aware,175324229.08050472,347078090.3447683,-171753861.26426357,171753861.26426357,-49.48565352934054,49.48565352934054,True,success,,,frozen_step21_pattern,pricing_mc_v1,0.003862400000798516
long_emerging_break,11,ceded,long,emerging,True,bornhuetter_ferguson_standard,frozen_standard,223325333.25591165,347078090.3447683,-123752757.08885664,123752757.08885664,-35.655594672059955,35.655594672059955,True,success,,,frozen_step21_pattern,pricing_mc_v1,0.0035613000000012107
long_emerging_break,12,ceded,long,emerging,True,bornhuetter_ferguson_break_aware,frozen_break_aware,175324229.08050472,325126140.5975815,-149801911.5170768,149801911.5170768,-46.075012990878264,46.075012990878264,True,success,,,frozen_step21_pattern,pricing_mc_v1,0.0038836999956401996
long_emerging_break,12,ceded,long,emerging,True,bornhuetter_ferguson_standard,frozen_standard,223325333.25591165,325126140.5975815,-101800807.34166986,101800807.34166986,-31.311172689639807,31.311172689639807,True,success,,,frozen_step21_pattern,pricing_mc_v1,0.0035384000002522953
long_emerging_break,13,ceded,long,emerging,True,bornhuetter_ferguson_break_aware,frozen_break_aware,175324229.08050472,337192029.1110455,-161867800.03054076,161867800.03054076,-48.004634171596564,48.004634171596564,True,success,,,frozen_step21_pattern,pricing_mc_v1,0.003802399995038286
long_emerging_break,13,ceded,long,emerging,True,bornhuetter_ferguson_standard,frozen_standard,223325333.25591165,337192029.1110455,-113866695.85513383,113866695.85513383,-33.769094766363764,33.769094766363764,True,success,,,frozen_step21_pattern,pricing_mc_v1,0.0035700999942491762
long_emerging_break,14,ceded,long,emerging,True,bornhuetter_ferguson_break_aware,frozen_break_aware,175324229.08050472,307592092.7292216,-132267863.64871687,132267863.64871687,-43.00106107251413,43.00106107251413,True,success,,,frozen_step21_pattern,pricing_mc_v1,0.0036999000003561378
long_emerging_break,14,ceded,long,emerging,True,bornhuetter_ferguson_standard,frozen_standard,223325333.25591165,307592092.7292216,-84266759.47330993,84266759.47330993,-27.395619544580217,27.395619544580217,True,success,,,frozen_step21_pattern,pricing_mc_v1,0.003598000002966728
long_emerging_break,15,ceded,long,emerging,True,bornhuetter_ferguson_break_aware,frozen_break_aware,175324229.08050472,323906786.8950166,-148582557.8145119,148582557.8145119,-45.872011277945184,45.872011277945184,True,success,,,frozen_step21_pattern,pricing_mc_v1,0.003533499999321066
long_emerging_break,15,ceded,long,emerging,True,bornhuetter_ferguson_standard,frozen_standard,223325333.25591165,323906786.8950166,-100581453.63910496,100581453.63910496,-31.052592198910922,31.052592198910922,True,success,,,frozen_step21_pattern,pricing_mc_v1,0.0036067999972146936
long_emerging_break,16,ceded,long,emerging,True,bornhuetter_ferguson_break_aware,frozen_break_aware,175324229.08050472,318161411.86483526,-142837182.78433055,142837182.78433055,-44.894565292227256,44.894565292227256,True,success,,,frozen_step21_pattern,pricing_mc_v1,0.003522599996358622
long_emerging_break,16,ceded,long,emerging,True,bornhuetter_ferguson_standard,frozen_standard,223325333.25591165,318161411.86483526,-94836078.60892361,94836078.60892361,-29.80753638634621,29.80753638634621,True,success,,,frozen_step21_pattern,pricing_mc_v1,0.0036126999984844588
long_emerging_break,17,ceded,long,emerging,True,bornhuetter_ferguson_break_aware,frozen_break_aware,175324229.08050472,315284076.6553456,-139959847.5748409,139959847.5748409,-44.39166387963155,44.39166387963155,True,success,,,frozen_step21_pattern,pricing_mc_v1,0.0035362999988137744
long_emerging_break,17,ceded,long,emerging,True,bornhuetter_ferguson_standard,frozen_standard,223325333.25591165,315284076.6553456,-91958743.39943397,91958743.39943397,-29.16694822490485,29.16694822490485,True,success,,,frozen_step21_pattern,pricing_mc_v1,0.003628700003901031
long_emerging_break,18,ceded,long,emerging,True,bornhuetter_ferguson_break_aware,frozen_break_aware,175324229.08050472,309103360.71021956,-133779131.62971485,133779131.62971485,-43.279740253335866,43.279740253335866,True,success,,,frozen_step21_pattern,pricing_mc_v1,0.003490600000077393
long_emerging_break,18,ceded,long,emerging,True,bornhuetter_ferguson_standard,frozen_standard,223325333.25591165,309103360.71021956,-85778027.45430791,85778027.45430791,-27.750596841528267,27.750596841528267,True,success,,,frozen_step21_pattern,pricing_mc_v1,0.003900900002918206
long_emerging_break,19,ceded,long,emerging,True,bornhuetter_ferguson_break_aware,frozen_break_aware,175324229.08050472,351360784.4941069,-176036555.41360217,176036555.41360217,-50.101366795119596,50.101366795119596,True,success,,,frozen_step21_pattern,pricing_mc_v1,0.0034540999986347742
long_emerging_break,19,ceded,long,emerging,True,bornhuetter_ferguson_standard,frozen_standard,223325333.25591165,351360784.4941069,-128035451.23819524,128035451.23819524,-36.439880854245615,36.439880854245615,True,success,,,frozen_step21_pattern,pricing_mc_v1,0.003655200001958292
long_emerging_break,20,ceded,long,emerging,True,bornhuetter_ferguson_break_aware,frozen_break_aware,175324229.08050472,339177091.73262715,-163852862.65212244,163852862.65212244,-48.308941448583276,48.308941448583276,True,success,,,frozen_step21_pattern,pricing_mc_v1,0.0034487999946577474
long_emerging_break,20,ceded,long,emerging,True,bornhuetter_ferguson_standard,frozen_standard,223325333.25591165,339177091.73262715,-115851758.4767155,115851758.4767155,-34.15671674195535,34.15671674195535,True,success,,,frozen_step21_pattern,pricing_mc_v1,0.0037045999997644685
long_emerging_break,21,ceded,long,emerging,True,bornhuetter_ferguson_break_aware,frozen_break_aware,175324229.08050472,308303999.9153445,-132979770.83483976,132979770.83483976,-43.132677769783704,43.132677769783704,True,success,,,frozen_step21_pattern,pricing_mc_v1,0.003460399995674379
long_emerging_break,21,ceded,long,emerging,True,bornhuetter_ferguson_standard,frozen_standard,223325333.25591165,308303999.9153445,-84978666.65943283,84978666.65943283,-27.563270889371097,27.563270889371097,True,success,,,frozen_step21_pattern,pricing_mc_v1,0.0036917000034009106
long_emerging_break,22,ceded,long,emerging,True,bornhuetter_ferguson_break_aware,frozen_break_aware,175324229.08050472,315854607.4999018,-140530378.41939706,140530378.41939706,-44.492109686714244,44.492109686714244,True,success,,,frozen_step21_pattern,pricing_mc_v1,0.003437899998971261
long_emerging_break,22,ceded,long,emerging,True,bornhuetter_ferguson_standard,frozen_standard,223325333.25591165,315854607.4999018,-92529274.24399012,92529274.24399012,-29.2948945644299,29.2948945644299,True,success,,,frozen_step21_pattern,pricing_mc_v1,0.0036762000017915852
long_emerging_break,23,ceded,long,emerging,True,bornhuetter_ferguson_break_aware,frozen_break_aware,175324229.08050472,366872921.985839,-191548692.9053343,191548692.9053343,-52.21118306265402,52.21118306265402,True,success,,,frozen_step21_pattern,pricing_mc_v1,0.0034588999988045543
long_emerging_break,23,ceded,long,emerging,True,bornhuetter_ferguson_standard,frozen_standard,223325333.25591165,366872921.985839,-143547588.72992736,143547588.72992736,-39.12733268863822,39.12733268863822,True,success,,,frozen_step21_pattern,pricing_mc_v1,0.003748000002815388
long_emerging_break,24,ceded,long,emerging,True,bornhuetter_ferguson_break_aware,frozen_break_aware,175324229.08050472,318321479.60916555,-142997250.52866083,142997250.52866083,-44.922275023423666,44.922275023423666,True,success,,,frozen_step21_pattern,pricing_mc_v1,0.0034844000037992373
long_emerging_break,24,ceded,long,emerging,True,bornhuetter_ferguson_standard,frozen_standard,223325333.25591165,318321479.60916555,-94996146.3532539,94996146.3532539,-29.84283261999472,29.84283261999472,True,success,,,frozen_step21_pattern,pricing_mc_v1,0.0037966000018059276
long_emerging_break,25,ceded,long,emerging,True,bornhuetter_ferguson_break_aware,frozen_break_aware,175324229.08050472,359259980.0107991,-183935750.9302944,183935750.9302944,-51.19850836844265,51.19850836844265,True,success,,,frozen_step21_pattern,pricing_mc_v1,0.003539099998306483
long_emerging_break,25,ceded,long,emerging,True,bornhuetter_ferguson_standard,frozen_standard,223325333.25591165,359259980.0107991,-135934646.75488746,135934646.75488746,-37.83740308363914,37.83740308363914,True,success,,,frozen_step21_pattern,pricing_mc_v1,0.003706900002725888
long_emerging_break,26,ceded,long,emerging,True,bornhuetter_ferguson_break_aware,frozen_break_aware,175324229.08050472,314689582.873816,-139365353.7933113,139365353.7933113,-44.28661175263431,44.28661175263431,True,success,,,frozen_step21_pattern,pricing_mc_v1,0.0035364000068511814
long_emerging_break,26,ceded,long,emerging,True,bornhuetter_ferguson_standard,frozen_standard,223325333.25591165,314689582.873816,-91364249.61790437,91364249.61790437,-29.033134425215316,29.033134425215316,True,success,,,frozen_step21_pattern,pricing_mc_v1,0.0036594000048353337
long_emerging_break,27,ceded,long,emerging,True,bornhuetter_ferguson_break_aware,frozen_break_aware,175324229.08050472,353410428.2791988,-178086199.1986941,178086199.1986941,-50.39075956694852,50.39075956694852,True,success,,,frozen_step21_pattern,pricing_mc_v1,0.003548900000168942
long_emerging_break,27,ceded,long,emerging,True,bornhuetter_ferguson_standard,frozen_standard,223325333.25591165,353410428.2791988,-130085095.02328718,130085095.02328718,-36.808504960277595,36.808504960277595,True,success,,,frozen_step21_pattern,pricing_mc_v1,0.004103400002350099
long_emerging_break,28,ceded,long,emerging,True,bornhuetter_ferguson_break_aware,frozen_break_aware,175324229.08050472,290834789.60206765,-115510560.52156293,115510560.52156293,-39.71689930204338,39.71689930204338,True,success,,,frozen_step21_pattern,pricing_mc_v1,0.0035327000005054288
long_emerging_break,28,ceded,long,emerging,True,bornhuetter_ferguson_standard,frozen_standard,223325333.25591165,290834789.60206765,-67509456.346156,67509456.346156,-23.212304290874304,23.212304290874304,True,success,,,frozen_step21_pattern,pricing_mc_v1,0.003611500003898982
long_emerging_break,29,ceded,long,emerging,True,bornhuetter_ferguson_break_aware,frozen_break_aware,175324229.08050472,289092639.0409425,-113768409.96043777,113768409.96043777,-39.35361700590565,39.35361700590565,True,success,,,frozen_step21_pattern,pricing_mc_v1,0.003591599997889716
long_emerging_break,29,ceded,long,emerging,True,bornhuetter_ferguson_standard,frozen_standard,223325333.25591165,289092639.0409425,-65767305.78503084,65767305.78503084,-22.749560833929294,22.749560833929294,True,success,,,frozen_step21_pattern,pricing_mc_v1,0.0035209999987273477
long_emerging_break,30,ceded,long,emerging,True,bornhuetter_ferguson_break_aware,frozen_break_aware,175324229.08050472,291157767.08729905,-115833538.00679433,115833538.00679433,-39.78377055353069,39.78377055353069,True,success,,,frozen_step21_pattern,pricing_mc_v1,0.0036159999945084564
long_emerging_break,30,ceded,long,emerging,True,bornhuetter_ferguson_standard,frozen_standard,223325333.25591165,291157767.08729905,-67832433.8313874,67832433.8313874,-23.297483872737946,23.297483872737946,True,success,,,frozen_step21_pattern,pricing_mc_v1,0.0035502000027918257
long_emerging_break,31,ceded,long,emerging,True,bornhuetter_ferguson_break_aware,frozen_break_aware,175324229.08050472,340746313.9475435,-165422084.8670388,165422084.8670388,-48.54699173429792,48.54699173429792,True,success,,,frozen_step21_pattern,pricing_mc_v1,0.0036908000038238242
long_emerging_break,31,ceded,long,emerging,True,bornhuetter_ferguson_standard,frozen_standard,223325333.25591165,340746313.9475435,-117420980.69163185,117420980.69163185,-34.45994157099182,34.45994157099182,True,success,,,frozen_step21_pattern,pricing_mc_v1,0.003544500003044959
long_emerging_break,32,ceded,long,emerging,True,bornhuetter_ferguson_break_aware,frozen_break_aware,175324229.08050472,294051928.4134518,-118727699.33294708,118727699.33294708,-40.376439621919424,40.376439621919424,True,success,,,frozen_step21_pattern,pricing_mc_v1,0.0036925000022165477
long_emerging_break,32,ceded,long,emerging,True,bornhuetter_ferguson_standard,frozen_standard,223325333.25591165,294051928.4134518,-70726595.15754014,70726595.15754014,-24.052416707192954,24.052416707192954,True,success,,,frozen_step21_pattern,pricing_mc_v1,0.003603699995437637
long_emerging_break,33,ceded,long,emerging,True,bornhuetter_ferguson_break_aware,frozen_break_aware,175324229.08050472,325296152.4202118,-149971923.33970708,149971923.33970708,-46.103196187201135,46.103196187201135,True,success,,,frozen_step21_pattern,pricing_mc_v1,0.0037174999961280264
long_emerging_break,33,ceded,long,emerging,True,bornhuetter_ferguson_standard,frozen_standard,223325333.25591165,325296152.4202118,-101970819.16430014,101970819.16430014,-31.347072015956723,31.347072015956723,True,success,,,frozen_step21_pattern,pricing_mc_v1,0.0035495999982231297
long_emerging_break,34,ceded,long,emerging,True,bornhuetter_ferguson_break_aware,frozen_break_aware,175324229.08050472,353659686.90908873,-178335457.82858402,178335457.82858402,-50.425724058967084,50.425724058967084,True,success,,,frozen_step21_pattern,pricing_mc_v1,0.0036382999969646335
long_emerging_break,34,ceded,long,emerging,True,bornhuetter_ferguson_standard,frozen_standard,223325333.25591165,353659686.90908873,-130334353.65317708,130334353.65317708,-36.85304219778961,36.85304219778961,True,success,,,frozen_step21_pattern,pricing_mc_v1,0.003542300000844989
long_emerging_break,35,ceded,long,emerging,True,bornhuetter_ferguson_break_aware,frozen_break_aware,175324229.08050472,310671306.8566615,-135347077.77615678,135347077.77615678,-43.56600522448751,43.56600522448751,True,success,,,frozen_step21_pattern,pricing_mc_v1,0.0036104999962844886
long_emerging_break,35,ceded,long,emerging,True,bornhuetter_ferguson_standard,frozen_standard,223325333.25591165,310671306.8566615,-87345973.60074985,87345973.60074985,-28.115236802686066,28.115236802686066,True,success,,,frozen_step21_pattern,pricing_mc_v1,0.003569499996956438
long_emerging_break,36,ceded,long,emerging,True,bornhuetter_ferguson_break_aware,frozen_break_aware,175324229.08050472,298373766.60150135,-123049537.52099663,123049537.52099663,-41.240065747917356,41.240065747917356,True,success,,,frozen_step21_pattern,pricing_mc_v1,0.0035207000037189573
long_emerging_break,36,ceded,long,emerging,True,bornhuetter_ferguson_standard,frozen_standard,223325333.25591165,298373766.60150135,-75048433.3455897,75048433.3455897,-25.152490515636394,25.152490515636394,True,success,,,frozen_step21_pattern,pricing_mc_v1,0.0035760999962803908
long_emerging_break,37,ceded,long,emerging,True,bornhuetter_ferguson_break_aware,frozen_break_aware,175324229.08050472,280012844.6247065,-104688615.54420179,104688615.54420179,-37.38707618377759,37.38707618377759,True,success,,,frozen_step21_pattern,pricing_mc_v1,0.003467800001089927
long_emerging_break,37,ceded,long,emerging,True,bornhuetter_ferguson_standard,frozen_standard,223325333.25591165,280012844.6247065,-56687511.36879486,56687511.36879486,-20.244611080170827,20.244611080170827,True,success,,,frozen_step21_pattern,pricing_mc_v1,0.0035933000035583973
long_emerging_break,38,ceded,long,emerging,True,bornhuetter_ferguson_break_aware,frozen_break_aware,175324229.08050472,312303097.24901414,-136978868.16850942,136978868.16850942,-43.86087405956453,43.86087405956453,True,success,,,frozen_step21_pattern,pricing_mc_v1,0.003446299997449387
long_emerging_break,38,ceded,long,emerging,True,bornhuetter_ferguson_standard,frozen_standard,223325333.25591165,312303097.24901414,-88977763.99310249,88977763.99310249,-28.490836234696797,28.490836234696797,True,success,,,frozen_step21_pattern,pricing_mc_v1,0.003602099997806363
long_emerging_break,39,ceded,long,emerging,True,bornhuetter_ferguson_break_aware,frozen_break_aware,175324229.08050472,329071260.7806257,-153747031.700121,153747031.700121,-46.721500788431335,46.721500788431335,True,success,,,frozen_step21_pattern,pricing_mc_v1,0.003669500001706183
long_emerging_break,39,ceded,long,emerging,True,bornhuetter_ferguson_standard,frozen_standard,223325333.25591165,329071260.7806257,-105745927.52471405,105745927.52471405,-32.13465900178054,32.13465900178054,True,success,,,frozen_step21_pattern,pricing_mc_v1,0.003844599996227771
long_emerging_break,40,ceded,long,emerging,True,bornhuetter_ferguson_break_aware,frozen_break_aware,175324229.08050472,264420912.58280376,-89096683.50229904,89096683.50229904,-33.69502155938528,33.69502155938528,True,success,,,frozen_step21_pattern,pricing_mc_v1,0.0035686999981408007
long_emerging_break,40,ceded,long,emerging,True,bornhuetter_ferguson_standard,frozen_standard,223325333.25591165,264420912.58280376,-41095579.32689211,41095579.32689211,-15.541728120321412,15.541728120321412,True,success,,,frozen_step21_pattern,pricing_mc_v1,0.0037245000057737343
long_emerging_break,41,ceded,long,emerging,True,bornhuetter_ferguson_break_aware,frozen_break_aware,175324229.08050472,319130515.04039764,-143806285.95989293,143806285.95989293,-45.06190388646757,45.06190388646757,True,success,,,frozen_step21_pattern,pricing_mc_v1,0.0035858999981428497
long_emerging_break,41,ceded,long,emerging,True,bornhuetter_ferguson_standard,frozen_standard,223325333.25591165,319130515.04039764,-95805181.784486,95805181.784486,-30.020689739543815,30.020689739543815,True,success,,,frozen_step21_pattern,pricing_mc_v1,0.0036298999984865077
long_emerging_break,42,ceded,long,emerging,True,bornhuetter_ferguson_break_aware,frozen_break_aware,175324229.08050472,365620897.7543769,-190296668.67387217,190296668.67387217,-52.04753607976559,52.04753607976559,True,success,,,frozen_step21_pattern,pricing_mc_v1,0.0035370999976294115
long_emerging_break,42,ceded,long,emerging,True,bornhuetter_ferguson_standard,frozen_standard,223325333.25591165,365620897.7543769,-142295564.49846524,142295564.49846524,-38.91888165376668,38.91888165376668,True,success,,,frozen_step21_pattern,pricing_mc_v1,0.0036228000026312657
long_emerging_break,43,ceded,long,emerging,True,bornhuetter_ferguson_break_aware,frozen_break_aware,175324229.08050472,361095337.33123547,-185771108.25073075,185771108.25073075,-51.446554149305314,51.446554149305314,True,success,,,frozen_step21_pattern,pricing_mc_v1,0.0034665999992284924
long_emerging_break,43,ceded,long,emerging,True,bornhuetter_ferguson_standard,frozen_standard,223325333.25591165,361095337.33123547,-137770004.07532382,137770004.07532382,-38.15336002218892,38.15336002218892,True,success,,,frozen_step21_pattern,pricing_mc_v1,0.0036360000012791716
long_emerging_break,44,ceded,long,emerging,True,bornhuetter_ferguson_break_aware,frozen_break_aware,175324229.08050472,385637467.7939311,-210313238.7134264,210313238.7134264,-54.53651584130025,54.53651584130025,True,success,,,frozen_step21_pattern,pricing_mc_v1,0.003467900001851376
long_emerging_break,44,ceded,long,emerging,True,bornhuetter_ferguson_standard,frozen_standard,223325333.25591165,385637467.7939311,-162312134.53801948,162312134.53801948,-42.08930617311087,42.08930617311087,True,success,,,frozen_step21_pattern,pricing_mc_v1,0.0036946999971405603
long_emerging_break,45,ceded,long,emerging,True,bornhuetter_ferguson_break_aware,frozen_break_aware,175324229.08050472,326853781.3478096,-151529552.2673049,151529552.2673049,-46.360042598393626,46.360042598393626,True,success,,,frozen_step21_pattern,pricing_mc_v1,0.003490600000077393
long_emerging_break,45,ceded,long,emerging,True,bornhuetter_ferguson_standard,frozen_standard,223325333.25591165,326853781.3478096,-103528448.09189796,103528448.09189796,-31.67423906340919,31.67423906340919,True,success,,,frozen_step21_pattern,pricing_mc_v1,0.003760400002647657
long_emerging_break,46,ceded,long,emerging,True,bornhuetter_ferguson_break_aware,frozen_break_aware,175324229.08050472,344662403.1959149,-169338174.1154102,169338174.1154102,-49.13160604266839,49.13160604266839,True,success,,,frozen_step21_pattern,pricing_mc_v1,0.0035113000049022958
long_emerging_break,46,ceded,long,emerging,True,bornhuetter_ferguson_standard,frozen_standard,223325333.25591165,344662403.1959149,-121337069.94000328,121337069.94000328,-35.20461437478929,35.20461437478929,True,success,,,frozen_step21_pattern,pricing_mc_v1,0.004379700003482867
long_emerging_break,47,ceded,long,emerging,True,bornhuetter_ferguson_break_aware,frozen_break_aware,175324229.08050472,298208536.8960704,-122884307.8155657,122884307.8155657,-41.20750837471581,41.20750837471581,True,success,,,frozen_step21_pattern,pricing_mc_v1,0.0034919000027002767
long_emerging_break,47,ceded,long,emerging,True,bornhuetter_ferguson_standard,frozen_standard,223325333.25591165,298208536.8960704,-74883203.64015877,74883203.64015877,-25.111019429419134,25.111019429419134,True,success,,,frozen_step21_pattern,pricing_mc_v1,0.003740000000107102
long_emerging_break,48,ceded,long,emerging,True,bornhuetter_ferguson_break_aware,frozen_break_aware,175324229.08050472,322795334.1595725,-147471105.07906777,147471105.07906777,-45.68563714312118,45.68563714312118,True,success,,,frozen_step21_pattern,pricing_mc_v1,0.003586300001188647
long_emerging_break,48,ceded,long,emerging,True,bornhuetter_ferguson_standard,frozen_standard,223325333.25591165,322795334.1595725,-99470000.90366083,99470000.90366083,-30.8151916639812,30.8151916639812,True,success,,,frozen_step21_pattern,pricing_mc_v1,0.0037585999962175265
long_emerging_break,49,ceded,long,emerging,True,bornhuetter_ferguson_break_aware,frozen_break_aware,175324229.08050472,287480166.4890658,-112155937.40856111,112155937.40856111,-39.013452224651786,39.013452224651786,True,success,,,frozen_step21_pattern,pricing_mc_v1,0.003624199998739641
long_emerging_break,49,ceded,long,emerging,True,bornhuetter_ferguson_standard,frozen_standard,223325333.25591165,287480166.4890658,-64154833.23315418,64154833.23315418,-22.316264115421777,22.316264115421777,True,success,,,frozen_step21_pattern,pricing_mc_v1,0.0035820999983116053
long_emerging_break,50,ceded,long,emerging,True,bornhuetter_ferguson_break_aware,frozen_break_aware,175324229.08050472,335576286.10000974,-160252057.01950502,160252057.01950502,-47.75428528693654,47.75428528693654,True,success,,,frozen_step21_pattern,pricing_mc_v1,0.0035464000029605813
long_emerging_break,50,ceded,long,emerging,True,bornhuetter_ferguson_standard,frozen_standard,223325333.25591165,335576286.10000974,-112250952.84409809,112250952.84409809,-33.45020416926738,33.45020416926738,True,success,,,frozen_step21_pattern,pricing_mc_v1,0.0035260000004200265
long_emerging_no_break,1,ceded,long,emerging,False,bornhuetter_ferguson_break_aware,frozen_break_aware,261066904.0584011,408650367.9529617,-147583463.89456058,147583463.89456058,-36.114849139582425,36.114849139582425,True,success,,,frozen_step21_pattern,pricing_mc_v1,0.003561899997293949
long_emerging_no_break,1,ceded,long,emerging,False,bornhuetter_ferguson_standard,frozen_standard,261066904.0584011,408650367.9529617,-147583463.89456058,147583463.89456058,-36.114849139582425,36.114849139582425,True,success,,,frozen_step21_pattern,pricing_mc_v1,0.003550999994331505
long_emerging_no_break,2,ceded,long,emerging,False,bornhuetter_ferguson_break_aware,frozen_break_aware,261066904.0584011,435759123.7895667,-174692219.7311656,174692219.7311656,-40.08917087310983,40.08917087310983,True,success,,,frozen_step21_pattern,pricing_mc_v1,0.0036657000018749386
long_emerging_no_break,2,ceded,long,emerging,False,bornhuetter_ferguson_standard,frozen_standard,261066904.0584011,435759123.7895667,-174692219.7311656,174692219.7311656,-40.08917087310983,40.08917087310983,True,success,,,frozen_step21_pattern,pricing_mc_v1,0.003598499999498017
long_emerging_no_break,3,ceded,long,emerging,False,bornhuetter_ferguson_break_aware,frozen_break_aware,261066904.0584011,430686769.09559107,-169619865.03718996,169619865.03718996,-39.383579252591986,39.383579252591986,True,success,,,frozen_step21_pattern,pricing_mc_v1,0.003714600003149826
long_emerging_no_break,3,ceded,long,emerging,False,bornhuetter_ferguson_standard,frozen_standard,261066904.0584011,430686769.09559107,-169619865.03718996,169619865.03718996,-39.383579252591986,39.383579252591986,True,success,,,frozen_step21_pattern,pricing_mc_v1,0.0036325000037322752
long_emerging_no_break,4,ceded,long,emerging,False,bornhuetter_ferguson_break_aware,frozen_break_aware,261066904.0584011,394207720.42512184,-133140816.36672074,133140816.36672074,-33.774279261486534,33.774279261486534,True,success,,,frozen_step21_pattern,pricing_mc_v1,0.003700799999933224
long_emerging_no_break,4,ceded,long,emerging,False,bornhuetter_ferguson_standard,frozen_standard,261066904.0584011,394207720.42512184,-133140816.36672074,133140816.36672074,-33.774279261486534,33.774279261486534,True,success,,,frozen_step21_pattern,pricing_mc_v1,0.003552900001523085
long_emerging_no_break,5,ceded,long,emerging,False,bornhuetter_ferguson_break_aware,frozen_break_aware,261066904.0584011,390448899.05505055,-129381994.99664944,129381994.99664944,-33.1367293670887,33.1367293670887,True,success,,,frozen_step21_pattern,pricing_mc_v1,0.003741000000445638
long_emerging_no_break,5,ceded,long,emerging,False,bornhuetter_ferguson_standard,frozen_standard,261066904.0584011,390448899.05505055,-129381994.99664944,129381994.99664944,-33.1367293670887,33.1367293670887,True,success,,,frozen_step21_pattern,pricing_mc_v1,0.0035858999981428497
long_emerging_no_break,6,ceded,long,emerging,False,bornhuetter_ferguson_break_aware,frozen_break_aware,261066904.0584011,383883858.86950636,-122816954.81110525,122816954.81110525,-31.99325837058818,31.99325837058818,True,success,,,frozen_step21_pattern,pricing_mc_v1,0.003620199997385498
long_emerging_no_break,6,ceded,long,emerging,False,bornhuetter_ferguson_standard,frozen_standard,261066904.0584011,383883858.86950636,-122816954.81110525,122816954.81110525,-31.99325837058818,31.99325837058818,True,success,,,frozen_step21_pattern,pricing_mc_v1,0.003601399999752175
long_emerging_no_break,7,ceded,long,emerging,False,bornhuetter_ferguson_break_aware,frozen_break_aware,261066904.0584011,390762234.94918907,-129695330.89078796,129695330.89078796,-33.19034422752042,33.19034422752042,True,success,,,frozen_step21_pattern,pricing_mc_v1,0.0034534000005805865
long_emerging_no_break,7,ceded,long,emerging,False,bornhuetter_ferguson_standard,frozen_standard,261066904.0584011,390762234.94918907,-129695330.89078796,129695330.89078796,-33.19034422752042,33.19034422752042,True,success,,,frozen_step21_pattern,pricing_mc_v1,0.0035829999978886917
long_emerging_no_break,8,ceded,long,emerging,False,bornhuetter_ferguson_break_aware,frozen_break_aware,261066904.0584011,466654718.757437,-205587814.69903588,205587814.69903588,-44.0556596634135,44.0556596634135,True,success,,,frozen_step21_pattern,pricing_mc_v1,0.003437599996686913
long_emerging_no_break,8,ceded,long,emerging,False,bornhuetter_ferguson_standard,frozen_standard,261066904.0584011,466654718.757437,-205587814.69903588,205587814.69903588,-44.0556596634135,44.0556596634135,True,success,,,frozen_step21_pattern,pricing_mc_v1,0.003587100000004284
long_emerging_no_break,9,ceded,long,emerging,False,bornhuetter_ferguson_break_aware,frozen_break_aware,261066904.0584011,430188839.7616966,-169121935.70329547,169121935.70329547,-39.31341775323151,39.31341775323151,True,success,,,frozen_step21_pattern,pricing_mc_v1,0.003442599998379592
long_emerging_no_break,9,ceded,long,emerging,False,bornhuetter_ferguson_standard,frozen_standard,261066904.0584011,430188839.7616966,-169121935.70329547,169121935.70329547,-39.31341775323151,39.31341775323151,True,success,,,frozen_step21_pattern,pricing_mc_v1,0.0035865999961970374
long_emerging_no_break,10,ceded,long,emerging,False,bornhuetter_ferguson_break_aware,frozen_break_aware,261066904.0584011,448150465.0327139,-187083560.97431278,187083560.97431278,-41.74570274308566,41.74570274308566,True,success,,,frozen_step21_pattern,pricing_mc_v1,0.0034336999960942194
long_emerging_no_break,10,ceded,long,emerging,False,bornhuetter_ferguson_standard,frozen_standard,261066904.0584011,448150465.0327139,-187083560.97431278,187083560.97431278,-41.74570274308566,41.74570274308566,True,success,,,frozen_step21_pattern,pricing_mc_v1,0.004194900000584312
long_emerging_no_break,11,ceded,long,emerging,False,bornhuetter_ferguson_break_aware,frozen_break_aware,261066904.0584011,447353470.6937061,-186286566.635305,186286566.635305,-41.64191826799342,41.64191826799342,True,success,,,frozen_step21_pattern,pricing_mc_v1,0.003433099998801481
long_emerging_no_break,11,ceded,long,emerging,False,bornhuetter_ferguson_standard,frozen_standard,261066904.0584011,447353470.6937061,-186286566.635305,186286566.635305,-41.64191826799342,41.64191826799342,True,success,,,frozen_step21_pattern,pricing_mc_v1,0.003638999995018821
long_emerging_no_break,12,ceded,long,emerging,False,bornhuetter_ferguson_break_aware,frozen_break_aware,261066904.0584011,429313850.2498671,-168246946.19146597,168246946.19146597,-39.18973172972261,39.18973172972261,True,success,,,frozen_step21_pattern,pricing_mc_v1,0.003788099995290395
long_emerging_no_break,12,ceded,long,emerging,False,bornhuetter_ferguson_standard,frozen_standard,261066904.0584011,429313850.2498671,-168246946.19146597,168246946.19146597,-39.18973172972261,39.18973172972261,True,success,,,frozen_step21_pattern,pricing_mc_v1,0.0037558000040007755
long_emerging_no_break,13,ceded,long,emerging,False,bornhuetter_ferguson_break_aware,frozen_break_aware,261066904.0584011,457401365.7527426,-196334461.69434148,196334461.69434148,-42.92389056845842,42.92389056845842,True,success,,,frozen_step21_pattern,pricing_mc_v1,0.003704300004756078
long_emerging_no_break,13,ceded,long,emerging,False,bornhuetter_ferguson_standard,frozen_standard,261066904.0584011,457401365.7527426,-196334461.69434148,196334461.69434148,-42.92389056845842,42.92389056845842,True,success,,,frozen_step21_pattern,pricing_mc_v1,0.0038567000010516495
long_emerging_no_break,14,ceded,long,emerging,False,bornhuetter_ferguson_break_aware,frozen_break_aware,261066904.0584011,413449654.86983955,-152382750.81143844,152382750.81143844,-36.856422303559775,36.856422303559775,True,success,,,frozen_step21_pattern,pricing_mc_v1,0.0035873000015271828
long_emerging_no_break,14,ceded,long,emerging,False,bornhuetter_ferguson_standard,frozen_standard,261066904.0584011,413449654.86983955,-152382750.81143844,152382750.81143844,-36.856422303559775,36.856422303559775,True,success,,,frozen_step21_pattern,pricing_mc_v1,0.003990899997006636
long_emerging_no_break,15,ceded,long,emerging,False,bornhuetter_ferguson_break_aware,frozen_break_aware,261066904.0584011,442539573.47243255,-181472669.41403145,181472669.41403145,-41.007105418863986,41.007105418863986,True,success,,,frozen_step21_pattern,pricing_mc_v1,0.003787900001043454
long_emerging_no_break,15,ceded,long,emerging,False,bornhuetter_ferguson_standard,frozen_standard,261066904.0584011,442539573.47243255,-181472669.41403145,181472669.41403145,-41.007105418863986,41.007105418863986,True,success,,,frozen_step21_pattern,pricing_mc_v1,0.0037511000045924447
long_emerging_no_break,16,ceded,long,emerging,False,bornhuetter_ferguson_break_aware,frozen_break_aware,261066904.0584011,410639150.634794,-149572246.5763929,149572246.5763929,-36.424253835800585,36.424253835800585,True,success,,,frozen_step21_pattern,pricing_mc_v1,0.0036385999992489815
long_emerging_no_break,16,ceded,long,emerging,False,bornhuetter_ferguson_standard,frozen_standard,261066904.0584011,410639150.634794,-149572246.5763929,149572246.5763929,-36.424253835800585,36.424253835800585,True,success,,,frozen_step21_pattern,pricing_mc_v1,0.003908200000296347
long_emerging_no_break,17,ceded,long,emerging,False,bornhuetter_ferguson_break_aware,frozen_break_aware,261066904.0584011,406853022.42213166,-145786118.36373055,145786118.36373055,-35.83262513224486,35.83262513224486,True,success,,,frozen_step21_pattern,pricing_mc_v1,0.0036762000017915852
long_emerging_no_break,17,ceded,long,emerging,False,bornhuetter_ferguson_standard,frozen_standard,261066904.0584011,406853022.42213166,-145786118.36373055,145786118.36373055,-35.83262513224486,35.83262513224486,True,success,,,frozen_step21_pattern,pricing_mc_v1,0.003882799996063113
long_emerging_no_break,18,ceded,long,emerging,False,bornhuetter_ferguson_break_aware,frozen_break_aware,261066904.0584011,407229929.28623265,-146163025.22783154,146163025.22783154,-35.89201449019649,35.89201449019649,True,success,,,frozen_step21_pattern,pricing_mc_v1,0.003506000000925269
long_emerging_no_break,18,ceded,long,emerging,False,bornhuetter_ferguson_standard,frozen_standard,261066904.0584011,407229929.28623265,-146163025.22783154,146163025.22783154,-35.89201449019649,35.89201449019649,True,success,,,frozen_step21_pattern,pricing_mc_v1,0.0037276000002748333
long_emerging_no_break,19,ceded,long,emerging,False,bornhuetter_ferguson_break_aware,frozen_break_aware,261066904.0584011,482874646.8153434,-221807742.75694227,221807742.75694227,-45.93484959705578,45.93484959705578,True,success,,,frozen_step21_pattern,pricing_mc_v1,0.0036872999990009703
long_emerging_no_break,19,ceded,long,emerging,False,bornhuetter_ferguson_standard,frozen_standard,261066904.0584011,482874646.8153434,-221807742.75694227,221807742.75694227,-45.93484959705578,45.93484959705578,True,success,,,frozen_step21_pattern,pricing_mc_v1,0.0038427000035881065
long_emerging_no_break,20,ceded,long,emerging,False,bornhuetter_ferguson_break_aware,frozen_break_aware,261066904.0584011,456773414.90214616,-195706510.84374505,195706510.84374505,-42.845424987281916,42.845424987281916,True,success,,,frozen_step21_pattern,pricing_mc_v1,0.0037441000022226945
long_emerging_no_break,20,ceded,long,emerging,False,bornhuetter_ferguson_standard,frozen_standard,261066904.0584011,456773414.90214616,-195706510.84374505,195706510.84374505,-42.845424987281916,42.845424987281916,True,success,,,frozen_step21_pattern,pricing_mc_v1,0.0038372999988496304
long_emerging_no_break,21,ceded,long,emerging,False,bornhuetter_ferguson_break_aware,frozen_break_aware,261066904.0584011,404544870.1766237,-143477966.1182226,143477966.1182226,-35.46651476647827,35.46651476647827,True,success,,,frozen_step21_pattern,pricing_mc_v1,0.0035714999976335093
long_emerging_no_break,21,ceded,long,emerging,False,bornhuetter_ferguson_standard,frozen_standard,261066904.0584011,404544870.1766237,-143477966.1182226,143477966.1182226,-35.46651476647827,35.46651476647827,True,success,,,frozen_step21_pattern,pricing_mc_v1,0.003853200003504753
long_emerging_no_break,22,ceded,long,emerging,False,bornhuetter_ferguson_break_aware,frozen_break_aware,261066904.0584011,417744754.7690689,-156677850.7106678,156677850.7106678,-37.50564164408958,37.50564164408958,True,success,,,frozen_step21_pattern,pricing_mc_v1,0.0037616000045090914
long_emerging_no_break,22,ceded,long,emerging,False,bornhuetter_ferguson_standard,frozen_standard,261066904.0584011,417744754.7690689,-156677850.7106678,156677850.7106678,-37.50564164408958,37.50564164408958,True,success,,,frozen_step21_pattern,pricing_mc_v1,0.0037261999968905
long_emerging_no_break,23,ceded,long,emerging,False,bornhuetter_ferguson_break_aware,frozen_break_aware,261066904.0584011,479069173.15681636,-218002269.09841526,218002269.09841526,-45.505384465022836,45.505384465022836,True,success,,,frozen_step21_pattern,pricing_mc_v1,0.0034425000048941
long_emerging_no_break,23,ceded,long,emerging,False,bornhuetter_ferguson_standard,frozen_standard,261066904.0584011,479069173.15681636,-218002269.09841526,218002269.09841526,-45.505384465022836,45.505384465022836,True,success,,,frozen_step21_pattern,pricing_mc_v1,0.00368769999477081
long_emerging_no_break,24,ceded,long,emerging,False,bornhuetter_ferguson_break_aware,frozen_break_aware,261066904.0584011,436460586.6554656,-175393682.5970645,175393682.5970645,-40.185457280594555,40.185457280594555,True,success,,,frozen_step21_pattern,pricing_mc_v1,0.0034764000010909513
long_emerging_no_break,24,ceded,long,emerging,False,bornhuetter_ferguson_standard,frozen_standard,261066904.0584011,436460586.6554656,-175393682.5970645,175393682.5970645,-40.185457280594555,40.185457280594555,True,success,,,frozen_step21_pattern,pricing_mc_v1,0.0043920000025536865
long_emerging_no_break,25,ceded,long,emerging,False,bornhuetter_ferguson_break_aware,frozen_break_aware,261066904.0584011,483451898.3606768,-222384994.30227572,222384994.30227572,-45.999404502568844,45.999404502568844,True,success,,,frozen_step21_pattern,pricing_mc_v1,0.003464100002020132
long_emerging_no_break,25,ceded,long,emerging,False,bornhuetter_ferguson_standard,frozen_standard,261066904.0584011,483451898.3606768,-222384994.30227572,222384994.30227572,-45.999404502568844,45.999404502568844,True,success,,,frozen_step21_pattern,pricing_mc_v1,0.003787699999520555
long_emerging_no_break,26,ceded,long,emerging,False,bornhuetter_ferguson_break_aware,frozen_break_aware,261066904.0584011,419609729.32777995,-158542825.26937884,158542825.26937884,-37.78340066694031,37.78340066694031,True,success,,,frozen_step21_pattern,pricing_mc_v1,0.003629999999247957
long_emerging_no_break,26,ceded,long,emerging,False,bornhuetter_ferguson_standard,frozen_standard,261066904.0584011,419609729.32777995,-158542825.26937884,158542825.26937884,-37.78340066694031,37.78340066694031,True,success,,,frozen_step21_pattern,pricing_mc_v1,0.003834900002402719
long_emerging_no_break,27,ceded,long,emerging,False,bornhuetter_ferguson_break_aware,frozen_break_aware,261066904.0584011,459310590.3335314,-198243686.27513027,198243686.27513027,-43.161139857710296,43.161139857710296,True,success,,,frozen_step21_pattern,pricing_mc_v1,0.0035725000052480027
long_emerging_no_break,27,ceded,long,emerging,False,bornhuetter_ferguson_standard,frozen_standard,261066904.0584011,459310590.3335314,-198243686.27513027,198243686.27513027,-43.161139857710296,43.161139857710296,True,success,,,frozen_step21_pattern,pricing_mc_v1,0.0037177999984123744
long_emerging_no_break,28,ceded,long,emerging,False,bornhuetter_ferguson_break_aware,frozen_break_aware,261066904.0584011,390130644.5869427,-129063740.52854156,129063740.52854156,-33.08218472947439,33.08218472947439,True,success,,,frozen_step21_pattern,pricing_mc_v1,0.003721699999005068
long_emerging_no_break,28,ceded,long,emerging,False,bornhuetter_ferguson_standard,frozen_standard,261066904.0584011,390130644.5869427,-129063740.52854156,129063740.52854156,-33.08218472947439,33.08218472947439,True,success,,,frozen_step21_pattern,pricing_mc_v1,0.0037176000041654333
long_emerging_no_break,29,ceded,long,emerging,False,bornhuetter_ferguson_break_aware,frozen_break_aware,261066904.0584011,381484844.30180925,-120417940.24340814,120417940.24340814,-31.565589575071108,31.565589575071108,True,success,,,frozen_step21_pattern,pricing_mc_v1,0.0038019000057829544
long_emerging_no_break,29,ceded,long,emerging,False,bornhuetter_ferguson_standard,frozen_standard,261066904.0584011,381484844.30180925,-120417940.24340814,120417940.24340814,-31.565589575071108,31.565589575071108,True,success,,,frozen_step21_pattern,pricing_mc_v1,0.0037680999957956374
long_emerging_no_break,30,ceded,long,emerging,False,bornhuetter_ferguson_break_aware,frozen_break_aware,261066904.0584011,382295881.0432883,-121228976.98488718,121228976.98488718,-31.71077246609417,31.71077246609417,True,success,,,frozen_step21_pattern,pricing_mc_v1,0.003676400003314484
long_emerging_no_break,30,ceded,long,emerging,False,bornhuetter_ferguson_standard,frozen_standard,261066904.0584011,382295881.0432883,-121228976.98488718,121228976.98488718,-31.71077246609417,31.71077246609417,True,success,,,frozen_step21_pattern,pricing_mc_v1,0.0048650000026100315
long_emerging_no_break,31,ceded,long,emerging,False,bornhuetter_ferguson_break_aware,frozen_break_aware,261066904.0584011,445372841.2537738,-184305937.1953727,184305937.1953727,-41.38239248637863,41.38239248637863,True,success,,,frozen_step21_pattern,pricing_mc_v1,0.00354440000228351
long_emerging_no_break,31,ceded,long,emerging,False,bornhuetter_ferguson_standard,frozen_standard,261066904.0584011,445372841.2537738,-184305937.1953727,184305937.1953727,-41.38239248637863,41.38239248637863,True,success,,,frozen_step21_pattern,pricing_mc_v1,0.00417409999499796
long_emerging_no_break,32,ceded,long,emerging,False,bornhuetter_ferguson_break_aware,frozen_break_aware,261066904.0584011,390768912.1781554,-129702008.11975431,129702008.11975431,-33.191485831560186,33.191485831560186,True,success,,,frozen_step21_pattern,pricing_mc_v1,0.003702100002556108
long_emerging_no_break,32,ceded,long,emerging,False,bornhuetter_ferguson_standard,frozen_standard,261066904.0584011,390768912.1781554,-129702008.11975431,129702008.11975431,-33.191485831560186,33.191485831560186,True,success,,,frozen_step21_pattern,pricing_mc_v1,0.0041838999968604185
long_emerging_no_break,33,ceded,long,emerging,False,bornhuetter_ferguson_break_aware,frozen_break_aware,261066904.0584011,445550729.2321248,-184483825.1737237,184483825.1737237,-41.40579580952959,41.40579580952959,True,success,,,frozen_step21_pattern,pricing_mc_v1,0.003746900001715403
long_emerging_no_break,33,ceded,long,emerging,False,bornhuetter_ferguson_standard,frozen_standard,261066904.0584011,445550729.2321248,-184483825.1737237,184483825.1737237,-41.40579580952959,41.40579580952959,True,success,,,frozen_step21_pattern,pricing_mc_v1,0.005703800001356285
long_emerging_no_break,34,ceded,long,emerging,False,bornhuetter_ferguson_break_aware,frozen_break_aware,261066904.0584011,458783167.6076964,-197716263.5492953,197716263.5492953,-43.095797210755926,43.095797210755926,True,success,,,frozen_step21_pattern,pricing_mc_v1,0.0036343999963719398
long_emerging_no_break,34,ceded,long,emerging,False,bornhuetter_ferguson_standard,frozen_standard,261066904.0584011,458783167.6076964,-197716263.5492953,197716263.5492953,-43.095797210755926,43.095797210755926,True,success,,,frozen_step21_pattern,pricing_mc_v1,0.004840700006752741
long_emerging_no_break,35,ceded,long,emerging,False,bornhuetter_ferguson_break_aware,frozen_break_aware,261066904.0584011,425364646.64608896,-164297742.58768785,164297742.58768785,-38.625152297714706,38.625152297714706,True,success,,,frozen_step21_pattern,pricing_mc_v1,0.003518500001518987
long_emerging_no_break,35,ceded,long,emerging,False,bornhuetter_ferguson_standard,frozen_standard,261066904.0584011,425364646.64608896,-164297742.58768785,164297742.58768785,-38.625152297714706,38.625152297714706,True,success,,,frozen_step21_pattern,pricing_mc_v1,0.003717999999935273
long_emerging_no_break,36,ceded,long,emerging,False,bornhuetter_ferguson_break_aware,frozen_break_aware,261066904.0584011,386555486.37458676,-125488582.31618565,125488582.31618565,-32.463278038843434,32.463278038843434,True,success,,,frozen_step21_pattern,pricing_mc_v1,0.0037694999991799705
long_emerging_no_break,36,ceded,long,emerging,False,bornhuetter_ferguson_standard,frozen_standard,261066904.0584011,386555486.37458676,-125488582.31618565,125488582.31618565,-32.463278038843434,32.463278038843434,True,success,,,frozen_step21_pattern,pricing_mc_v1,0.0038788999954704195
long_emerging_no_break,37,ceded,long,emerging,False,bornhuetter_ferguson_break_aware,frozen_break_aware,261066904.0584011,368065063.67763555,-106998159.61923444,106998159.61923444,-29.070447097078258,29.070447097078258,True,success,,,frozen_step21_pattern,pricing_mc_v1,0.0036126999984844588
long_emerging_no_break,37,ceded,long,emerging,False,bornhuetter_ferguson_standard,frozen_standard,261066904.0584011,368065063.67763555,-106998159.61923444,106998159.61923444,-29.070447097078258,29.070447097078258,True,success,,,frozen_step21_pattern,pricing_mc_v1,0.0038589000032516196
long_emerging_no_break,38,ceded,long,emerging,False,bornhuetter_ferguson_break_aware,frozen_break_aware,261066904.0584011,406746810.9691389,-145679906.9107378,145679906.9107378,-35.81586947507524,35.81586947507524,True,success,,,frozen_step21_pattern,pricing_mc_v1,0.003522200000588782
long_emerging_no_break,38,ceded,long,emerging,False,bornhuetter_ferguson_standard,frozen_standard,261066904.0584011,406746810.9691389,-145679906.9107378,145679906.9107378,-35.81586947507524,35.81586947507524,True,success,,,frozen_step21_pattern,pricing_mc_v1,0.004593599995132536
long_emerging_no_break,39,ceded,long,emerging,False,bornhuetter_ferguson_break_aware,frozen_break_aware,261066904.0584011,445548978.2166198,-184482074.15821868,184482074.15821868,-41.405565533252336,41.405565533252336,True,success,,,frozen_step21_pattern,pricing_mc_v1,0.003833999995549675
long_emerging_no_break,39,ceded,long,emerging,False,bornhuetter_ferguson_standard,frozen_standard,261066904.0584011,445548978.2166198,-184482074.15821868,184482074.15821868,-41.405565533252336,41.405565533252336,True,success,,,frozen_step21_pattern,pricing_mc_v1,0.0037621000010403804
long_emerging_no_break,40,ceded,long,emerging,False,bornhuetter_ferguson_break_aware,frozen_break_aware,261066904.0584011,366223212.838313,-105156308.77991188,105156308.77991188,-28.713720237700564,28.713720237700564,True,success,,,frozen_step21_pattern,pricing_mc_v1,0.0037360999995144084
long_emerging_no_break,40,ceded,long,emerging,False,bornhuetter_ferguson_standard,frozen_standard,261066904.0584011,366223212.838313,-105156308.77991188,105156308.77991188,-28.713720237700564,28.713720237700564,True,success,,,frozen_step21_pattern,pricing_mc_v1,0.0039388000004692
long_emerging_no_break,41,ceded,long,emerging,False,bornhuetter_ferguson_break_aware,frozen_break_aware,261066904.0584011,424695016.0459147,-163628111.9875136,163628111.9875136,-38.528380556701286,38.528380556701286,True,success,,,frozen_step21_pattern,pricing_mc_v1,0.003812999995716382
long_emerging_no_break,41,ceded,long,emerging,False,bornhuetter_ferguson_standard,frozen_standard,261066904.0584011,424695016.0459147,-163628111.9875136,163628111.9875136,-38.528380556701286,38.528380556701286,True,success,,,frozen_step21_pattern,pricing_mc_v1,0.0038223000010475516
long_emerging_no_break,42,ceded,long,emerging,False,bornhuetter_ferguson_break_aware,frozen_break_aware,261066904.0584011,474560924.9910196,-213494020.9326185,213494020.9326185,-44.987694875354215,44.987694875354215,True,success,,,frozen_step21_pattern,pricing_mc_v1,0.0034889000016846694
long_emerging_no_break,42,ceded,long,emerging,False,bornhuetter_ferguson_standard,frozen_standard,261066904.0584011,474560924.9910196,-213494020.9326185,213494020.9326185,-44.987694875354215,44.987694875354215,True,success,,,frozen_step21_pattern,pricing_mc_v1,0.0037235000054351985
long_emerging_no_break,43,ceded,long,emerging,False,bornhuetter_ferguson_break_aware,frozen_break_aware,261066904.0584011,474862628.7575,-213795724.69909889,213795724.69909889,-45.02264691970082,45.02264691970082,True,success,,,frozen_step21_pattern,pricing_mc_v1,0.0035091999961878173
long_emerging_no_break,43,ceded,long,emerging,False,bornhuetter_ferguson_standard,frozen_standard,261066904.0584011,474862628.7575,-213795724.69909889,213795724.69909889,-45.02264691970082,45.02264691970082,True,success,,,frozen_step21_pattern,pricing_mc_v1,0.003727499999513384
long_emerging_no_break,44,ceded,long,emerging,False,bornhuetter_ferguson_break_aware,frozen_break_aware,261066904.0584011,493819589.16525805,-232752685.10685694,232752685.10685694,-47.13314137665074,47.13314137665074,True,success,,,frozen_step21_pattern,pricing_mc_v1,0.00349619999906281
long_emerging_no_break,44,ceded,long,emerging,False,bornhuetter_ferguson_standard,frozen_standard,261066904.0584011,493819589.16525805,-232752685.10685694,232752685.10685694,-47.13314137665074,47.13314137665074,True,success,,,frozen_step21_pattern,pricing_mc_v1,0.0037167999980738387
long_emerging_no_break,45,ceded,long,emerging,False,bornhuetter_ferguson_break_aware,frozen_break_aware,261066904.0584011,438947693.55025476,-177880789.49185365,177880789.49185365,-40.52437046727259,40.52437046727259,True,success,,,frozen_step21_pattern,pricing_mc_v1,0.0034765999953378923
long_emerging_no_break,45,ceded,long,emerging,False,bornhuetter_ferguson_standard,frozen_standard,261066904.0584011,438947693.55025476,-177880789.49185365,177880789.49185365,-40.52437046727259,40.52437046727259,True,success,,,frozen_step21_pattern,pricing_mc_v1,0.0038505999982589856
long_emerging_no_break,46,ceded,long,emerging,False,bornhuetter_ferguson_break_aware,frozen_break_aware,261066904.0584011,453784607.42143095,-192717703.36302984,192717703.36302984,-42.468982026103056,42.468982026103056,True,success,,,frozen_step21_pattern,pricing_mc_v1,0.0034548999974504113
long_emerging_no_break,46,ceded,long,emerging,False,bornhuetter_ferguson_standard,frozen_standard,261066904.0584011,453784607.42143095,-192717703.36302984,192717703.36302984,-42.468982026103056,42.468982026103056,True,success,,,frozen_step21_pattern,pricing_mc_v1,0.003995800005213823
long_emerging_no_break,47,ceded,long,emerging,False,bornhuetter_ferguson_break_aware,frozen_break_aware,261066904.0584011,399791703.5359767,-138724799.4775756,138724799.4775756,-34.69926920709398,34.69926920709398,True,success,,,frozen_step21_pattern,pricing_mc_v1,0.0035656999971251935
long_emerging_no_break,47,ceded,long,emerging,False,bornhuetter_ferguson_standard,frozen_standard,261066904.0584011,399791703.5359767,-138724799.4775756,138724799.4775756,-34.69926920709398,34.69926920709398,True,success,,,frozen_step21_pattern,pricing_mc_v1,0.003934800006391015
long_emerging_no_break,48,ceded,long,emerging,False,bornhuetter_ferguson_break_aware,frozen_break_aware,261066904.0584011,419090658.56936455,-158023754.51096344,158023754.51096344,-37.706341403648494,37.706341403648494,True,success,,,frozen_step21_pattern,pricing_mc_v1,0.003544200000760611
long_emerging_no_break,48,ceded,long,emerging,False,bornhuetter_ferguson_standard,frozen_standard,261066904.0584011,419090658.56936455,-158023754.51096344,158023754.51096344,-37.706341403648494,37.706341403648494,True,success,,,frozen_step21_pattern,pricing_mc_v1,0.003948199999285862
long_emerging_no_break,49,ceded,long,emerging,False,bornhuetter_ferguson_break_aware,frozen_break_aware,261066904.0584011,393826467.8881044,-132759563.82970327,132759563.82970327,-33.710167968553975,33.710167968553975,True,success,,,frozen_step21_pattern,pricing_mc_v1,0.0035027000049012713
long_emerging_no_break,49,ceded,long,emerging,False,bornhuetter_ferguson_standard,frozen_standard,261066904.0584011,393826467.8881044,-132759563.82970327,132759563.82970327,-33.710167968553975,33.710167968553975,True,success,,,frozen_step21_pattern,pricing_mc_v1,0.0039388000004692
long_emerging_no_break,50,ceded,long,emerging,False,bornhuetter_ferguson_break_aware,frozen_break_aware,261066904.0584011,438703459.59901375,-177636555.54061264,177636555.54061264,-40.491259335628904,40.491259335628904,True,success,,,frozen_step21_pattern,pricing_mc_v1,0.005218699996476062
long_emerging_no_break,50,ceded,long,emerging,False,bornhuetter_ferguson_standard,frozen_standard,261066904.0584011,438703459.59901375,-177636555.54061264,177636555.54061264,-40.491259335628904,40.491259335628904,True,success,,,frozen_step21_pattern,pricing_mc_v1,0.005476400001498405
long_shock_break,1,ceded,long,shock,True,bornhuetter_ferguson_break_aware,frozen_break_aware,215827609.4594226,379285494.58321106,-163457885.12378848,163457885.12378848,-43.09626586258168,43.09626586258168,True,success,,,frozen_step21_pattern,pricing_mc_v1,0.0040287000010721385
long_shock_break,1,ceded,long,shock,True,bornhuetter_ferguson_standard,frozen_standard,273081335.77148175,379285494.58321106,-106204158.81172931,106204158.81172931,-28.00111270493876,28.00111270493876,True,success,,,frozen_step21_pattern,pricing_mc_v1,0.005466099995828699
long_shock_break,2,ceded,long,shock,True,bornhuetter_ferguson_break_aware,frozen_break_aware,215827609.4594226,410910544.1490245,-195082934.6896019,195082934.6896019,-47.475767528333705,47.475767528333705,True,success,,,frozen_step21_pattern,pricing_mc_v1,0.005948099998931866
long_shock_break,2,ceded,long,shock,True,bornhuetter_ferguson_standard,frozen_standard,273081335.77148175,410910544.1490245,-137829208.37754273,137829208.37754273,-33.54238783601434,33.54238783601434,True,success,,,frozen_step21_pattern,pricing_mc_v1,0.0038211999999475665
long_shock_break,3,ceded,long,shock,True,bornhuetter_ferguson_break_aware,frozen_break_aware,215827609.4594226,394227884.4940707,-178400275.03464812,178400275.03464812,-45.253083825766595,45.253083825766595,True,success,,,frozen_step21_pattern,pricing_mc_v1,0.003777700003411155
long_shock_break,3,ceded,long,shock,True,bornhuetter_ferguson_standard,frozen_standard,273081335.77148175,394227884.4940707,-121146548.72258896,121146548.72258896,-30.730081125048127,30.730081125048127,True,success,,,frozen_step21_pattern,pricing_mc_v1,0.0038676000040140934
long_shock_break,4,ceded,long,shock,True,bornhuetter_ferguson_break_aware,frozen_break_aware,215827609.4594226,363312484.70784414,-147484875.24842155,147484875.24842155,-40.59449687423232,40.59449687423232,True,success,,,frozen_step21_pattern,pricing_mc_v1,0.003766200003155973
long_shock_break,4,ceded,long,shock,True,bornhuetter_ferguson_standard,frozen_standard,273081335.77148175,363312484.70784414,-90231148.93636239,90231148.93636239,-24.835686285023012,24.835686285023012,True,success,,,frozen_step21_pattern,pricing_mc_v1,0.0035943999973824248
long_shock_break,5,ceded,long,shock,True,bornhuetter_ferguson_break_aware,frozen_break_aware,215827609.4594226,359919568.68550766,-144091959.22608507,144091959.22608507,-40.03448874767642,40.03448874767642,True,success,,,frozen_step21_pattern,pricing_mc_v1,0.003736999999091495
long_shock_break,5,ceded,long,shock,True,bornhuetter_ferguson_standard,frozen_standard,273081335.77148175,359919568.68550766,-86838232.9140259,86838232.9140259,-24.12712185424512,24.12712185424512,True,success,,,frozen_step21_pattern,pricing_mc_v1,0.003602400000090711
long_shock_break,6,ceded,long,shock,True,bornhuetter_ferguson_break_aware,frozen_break_aware,215827609.4594226,363923938.1663605,-148096328.7069379,148096328.7069379,-40.69430811645005,40.69430811645005,True,success,,,frozen_step21_pattern,pricing_mc_v1,0.0036953000017092563
long_shock_break,6,ceded,long,shock,True,bornhuetter_ferguson_standard,frozen_standard,273081335.77148175,363923938.1663605,-90842602.39487875,90842602.39487875,-24.96197498097855,24.96197498097855,True,success,,,frozen_step21_pattern,pricing_mc_v1,0.003774099997826852
long_shock_break,7,ceded,long,shock,True,bornhuetter_ferguson_break_aware,frozen_break_aware,215827609.4594226,373454165.2832909,-157626555.82386833,157626555.82386833,-42.207738051146826,42.207738051146826,True,success,,,frozen_step21_pattern,pricing_mc_v1,0.003597399998398032
long_shock_break,7,ceded,long,shock,True,bornhuetter_ferguson_standard,frozen_standard,273081335.77148175,373454165.2832909,-100372829.51180917,100372829.51180917,-26.876880442789925,26.876880442789925,True,success,,,frozen_step21_pattern,pricing_mc_v1,0.003660800000943709
long_shock_break,8,ceded,long,shock,True,bornhuetter_ferguson_break_aware,frozen_break_aware,215827609.4594226,430098532.3937574,-214270922.9343348,214270922.9343348,-49.819031407009945,49.819031407009945,True,success,,,frozen_step21_pattern,pricing_mc_v1,0.0037253000045893714
long_shock_break,8,ceded,long,shock,True,bornhuetter_ferguson_standard,frozen_standard,273081335.77148175,430098532.3937574,-157017196.62227565,157017196.62227565,-36.50726166127105,36.50726166127105,True,success,,,frozen_step21_pattern,pricing_mc_v1,0.0036825999995926395
long_shock_break,9,ceded,long,shock,True,bornhuetter_ferguson_break_aware,frozen_break_aware,215827609.4594226,411775479.8543498,-195947870.3949272,195947870.3949272,-47.58609484572429,47.58609484572429,True,success,,,frozen_step21_pattern,pricing_mc_v1,0.004138399999646936
long_shock_break,9,ceded,long,shock,True,bornhuetter_ferguson_standard,frozen_standard,273081335.77148175,411775479.8543498,-138694144.08286804,138694144.08286804,-33.68198226177186,33.68198226177186,True,success,,,frozen_step21_pattern,pricing_mc_v1,0.003953200000978541
long_shock_break,10,ceded,long,shock,True,bornhuetter_ferguson_break_aware,frozen_break_aware,215827609.4594226,419800063.420129,-203972453.9607064,203972453.9607064,-48.58799979660178,48.58799979660178,True,success,,,frozen_step21_pattern,pricing_mc_v1,0.006229299993719906
long_shock_break,10,ceded,long,shock,True,bornhuetter_ferguson_standard,frozen_standard,273081335.77148175,419800063.420129,-146718727.64864725,146718727.64864725,-34.949667814083575,34.949667814083575,True,success,,,frozen_step21_pattern,pricing_mc_v1,0.004844100003538188
long_shock_break,11,ceded,long,shock,True,bornhuetter_ferguson_break_aware,frozen_break_aware,215827609.4594226,424758999.50439,-208931390.0449674,208931390.0449674,-49.18821974078222,49.18821974078222,True,success,,,frozen_step21_pattern,pricing_mc_v1,0.008657400001538917
long_shock_break,11,ceded,long,shock,True,bornhuetter_ferguson_standard,frozen_standard,273081335.77148175,424758999.50439,-151677663.73290825,151677663.73290825,-35.70911126306592,35.70911126306592,True,success,,,frozen_step21_pattern,pricing_mc_v1,0.007263799998327158
long_shock_break,12,ceded,long,shock,True,bornhuetter_ferguson_break_aware,frozen_break_aware,215827609.4594226,396764543.5095545,-180936934.05013192,180936934.05013192,-45.60310063234639,45.60310063234639,True,success,,,frozen_step21_pattern,pricing_mc_v1,0.008431200003542472
long_shock_break,12,ceded,long,shock,True,bornhuetter_ferguson_standard,frozen_standard,273081335.77148175,396764543.5095545,-123683207.73807275,123683207.73807275,-31.172948732777666,31.172948732777666,True,success,,,frozen_step21_pattern,pricing_mc_v1,0.00879230000282405
long_shock_break,13,ceded,long,shock,True,bornhuetter_ferguson_break_aware,frozen_break_aware,215827609.4594226,413741968.298162,-197914358.8387394,197914358.8387394,-47.83521469983267,47.83521469983267,True,success,,,frozen_step21_pattern,pricing_mc_v1,0.004569900003843941
long_shock_break,13,ceded,long,shock,True,bornhuetter_ferguson_standard,frozen_standard,273081335.77148175,413741968.298162,-140660632.52668023,140660632.52668023,-33.997187451216824,33.997187451216824,True,success,,,frozen_step21_pattern,pricing_mc_v1,0.00563309999415651
long_shock_break,14,ceded,long,shock,True,bornhuetter_ferguson_break_aware,frozen_break_aware,215827609.4594226,379043855.08873105,-163216245.62930846,163216245.62930846,-43.059989876659756,43.059989876659756,True,success,,,frozen_step21_pattern,pricing_mc_v1,0.00463809999928344
long_shock_break,14,ceded,long,shock,True,bornhuetter_ferguson_standard,frozen_standard,273081335.77148175,379043855.08873105,-105962519.3172493,105962519.3172493,-27.955213597235165,27.955213597235165,True,success,,,frozen_step21_pattern,pricing_mc_v1,0.0047990000020945445
long_shock_break,15,ceded,long,shock,True,bornhuetter_ferguson_break_aware,frozen_break_aware,215827609.4594226,401332616.19657946,-185505006.73715687,185505006.73715687,-46.22226035231918,46.22226035231918,True,success,,,frozen_step21_pattern,pricing_mc_v1,0.005371300001570489
long_shock_break,15,ceded,long,shock,True,bornhuetter_ferguson_standard,frozen_standard,273081335.77148175,401332616.19657946,-128251280.4250977,128251280.4250977,-31.956356211596333,31.956356211596333,True,success,,,frozen_step21_pattern,pricing_mc_v1,0.004206700003123842
long_shock_break,16,ceded,long,shock,True,bornhuetter_ferguson_break_aware,frozen_break_aware,215827609.4594226,390841016.9025937,-175013407.44317108,175013407.44317108,-44.77866955473313,44.77866955473313,True,success,,,frozen_step21_pattern,pricing_mc_v1,0.00462600000173552
long_shock_break,16,ceded,long,shock,True,bornhuetter_ferguson_standard,frozen_standard,273081335.77148175,390841016.9025937,-117759681.13111192,117759681.13111192,-30.12981648250605,30.12981648250605,True,success,,,frozen_step21_pattern,pricing_mc_v1,0.003750900003069546
long_shock_break,17,ceded,long,shock,True,bornhuetter_ferguson_break_aware,frozen_break_aware,215827609.4594226,393029957.3509383,-177202347.89151573,177202347.89151573,-45.0862191487584,45.0862191487584,True,success,,,frozen_step21_pattern,pricing_mc_v1,0.0037672000034945086
long_shock_break,17,ceded,long,shock,True,bornhuetter_ferguson_standard,frozen_standard,273081335.77148175,393029957.3509383,-119948621.57945657,119948621.57945657,-30.518951376613224,30.518951376613224,True,success,,,frozen_step21_pattern,pricing_mc_v1,0.0036073000010219403
long_shock_break,18,ceded,long,shock,True,bornhuetter_ferguson_break_aware,frozen_break_aware,215827609.4594226,384461423.09931284,-168633813.63989025,168633813.63989025,-43.86234964237993,43.86234964237993,True,success,,,frozen_step21_pattern,pricing_mc_v1,0.0036967000050935894
long_shock_break,18,ceded,long,shock,True,bornhuetter_ferguson_standard,frozen_standard,273081335.77148175,384461423.09931284,-111380087.32783109,111380087.32783109,-28.97041956250049,28.97041956250049,True,success,,,frozen_step21_pattern,pricing_mc_v1,0.0036283000008552335
long_shock_break,19,ceded,long,shock,True,bornhuetter_ferguson_break_aware,frozen_break_aware,215827609.4594226,434770527.391416,-218942917.93199342,218942917.93199342,-50.35827042960598,50.35827042960598,True,success,,,frozen_step21_pattern,pricing_mc_v1,0.0036595999990822747
long_shock_break,19,ceded,long,shock,True,bornhuetter_ferguson_standard,frozen_standard,273081335.77148175,434770527.391416,-161689191.61993426,161689191.61993426,-37.189547458530555,37.189547458530555,True,success,,,frozen_step21_pattern,pricing_mc_v1,0.0036290999996708706
long_shock_break,20,ceded,long,shock,True,bornhuetter_ferguson_break_aware,frozen_break_aware,215827609.4594226,416751535.2918438,-200923925.83242118,200923925.83242118,-48.21192216885721,48.21192216885721,True,success,,,frozen_step21_pattern,pricing_mc_v1,0.00353729999915231
long_shock_break,20,ceded,long,shock,True,bornhuetter_ferguson_standard,frozen_standard,273081335.77148175,416751535.2918438,-143670199.52036202,143670199.52036202,-34.473826093946435,34.473826093946435,True,success,,,frozen_step21_pattern,pricing_mc_v1,0.003949799996917136
long_shock_break,21,ceded,long,shock,True,bornhuetter_ferguson_break_aware,frozen_break_aware,215827609.4594226,386948735.9032155,-171121126.44379294,171121126.44379294,-44.223203377150746,44.223203377150746,True,success,,,frozen_step21_pattern,pricing_mc_v1,0.0035407999966992065
long_shock_break,21,ceded,long,shock,True,bornhuetter_ferguson_standard,frozen_standard,273081335.77148175,386948735.9032155,-113867400.13173378,113867400.13173378,-29.426998867419623,29.426998867419623,True,success,,,frozen_step21_pattern,pricing_mc_v1,0.0038267999989329837
long_shock_break,22,ceded,long,shock,True,bornhuetter_ferguson_break_aware,frozen_break_aware,215827609.4594226,391323534.8021614,-175495925.3427388,175495925.3427388,-44.84675971034122,44.84675971034122,True,success,,,frozen_step21_pattern,pricing_mc_v1,0.003722000001289416
long_shock_break,22,ceded,long,shock,True,bornhuetter_ferguson_standard,frozen_standard,273081335.77148175,391323534.8021614,-118242199.03067964,118242199.03067964,-30.215969272192766,30.215969272192766,True,success,,,frozen_step21_pattern,pricing_mc_v1,0.003540000005159527
long_shock_break,23,ceded,long,shock,True,bornhuetter_ferguson_break_aware,frozen_break_aware,215827609.4594226,447552612.8081651,-231725003.34874249,231725003.34874249,-51.776036317783046,51.776036317783046,True,success,,,frozen_step21_pattern,pricing_mc_v1,0.0037884999983361922
long_shock_break,23,ceded,long,shock,True,bornhuetter_ferguson_standard,frozen_standard,273081335.77148175,447552612.8081651,-174471277.03668332,174471277.03668332,-38.983411568522584,38.983411568522584,True,success,,,frozen_step21_pattern,pricing_mc_v1,0.0035396000021137297
long_shock_break,24,ceded,long,shock,True,bornhuetter_ferguson_break_aware,frozen_break_aware,215827609.4594226,397126306.2678751,-181298696.8084525,181298696.8084525,-45.65265356311108,45.65265356311108,True,success,,,frozen_step21_pattern,pricing_mc_v1,0.00450740000087535
long_shock_break,24,ceded,long,shock,True,bornhuetter_ferguson_standard,frozen_standard,273081335.77148175,397126306.2678751,-124044970.49639332,124044970.49639332,-31.235646830386706,31.235646830386706,True,success,,,frozen_step21_pattern,pricing_mc_v1,0.0035418999977991916
long_shock_break,25,ceded,long,shock,True,bornhuetter_ferguson_break_aware,frozen_break_aware,215827609.4594226,441627230.37880164,-225799620.91937906,225799620.91937906,-51.12900776650514,51.12900776650514,True,success,,,frozen_step21_pattern,pricing_mc_v1,0.0038911000010557473
long_shock_break,25,ceded,long,shock,True,bornhuetter_ferguson_standard,frozen_standard,273081335.77148175,441627230.37880164,-168545894.6073199,168545894.6073199,-38.164742346786724,38.164742346786724,True,success,,,frozen_step21_pattern,pricing_mc_v1,0.0036281000066082925
long_shock_break,26,ceded,long,shock,True,bornhuetter_ferguson_break_aware,frozen_break_aware,215827609.4594226,387317049.10468125,-171489439.64525867,171489439.64525867,-44.27624346557224,44.27624346557224,True,success,,,frozen_step21_pattern,pricing_mc_v1,0.00373770000442164
long_shock_break,26,ceded,long,shock,True,bornhuetter_ferguson_standard,frozen_standard,273081335.77148175,387317049.10468125,-114235713.3331995,114235713.3331995,-29.49410917935727,29.49410917935727,True,success,,,frozen_step21_pattern,pricing_mc_v1,0.003569799999240786
long_shock_break,27,ceded,long,shock,True,bornhuetter_ferguson_break_aware,frozen_break_aware,215827609.4594226,435090220.70363057,-219262611.24420798,219262611.24420798,-50.39474591950496,50.39474591950496,True,success,,,frozen_step21_pattern,pricing_mc_v1,0.003603800003475044
long_shock_break,27,ceded,long,shock,True,bornhuetter_ferguson_standard,frozen_standard,273081335.77148175,435090220.70363057,-162008884.9321488,162008884.9321488,-37.2356989936816,37.2356989936816,True,success,,,frozen_step21_pattern,pricing_mc_v1,0.003660499998659361
long_shock_break,28,ceded,long,shock,True,bornhuetter_ferguson_break_aware,frozen_break_aware,215827609.4594226,365739264.7311368,-149911655.2717142,149911655.2717142,-40.98866863034726,40.98866863034726,True,success,,,frozen_step21_pattern,pricing_mc_v1,0.0035828999971272424
long_shock_break,28,ceded,long,shock,True,bornhuetter_ferguson_standard,frozen_standard,273081335.77148175,365739264.7311368,-92657928.95965505,92657928.95965505,-25.334422058230466,25.334422058230466,True,success,,,frozen_step21_pattern,pricing_mc_v1,0.0035960000022896565
long_shock_break,29,ceded,long,shock,True,bornhuetter_ferguson_break_aware,frozen_break_aware,215827609.4594226,351201311.80938095,-135373702.34995836,135373702.34995836,-38.545898832927534,38.545898832927534,True,success,,,frozen_step21_pattern,pricing_mc_v1,0.003556400006345939
long_shock_break,29,ceded,long,shock,True,bornhuetter_ferguson_standard,frozen_standard,273081335.77148175,351201311.80938095,-78119976.0378992,78119976.0378992,-22.24364585525803,22.24364585525803,True,success,,,frozen_step21_pattern,pricing_mc_v1,0.0036092000009375624
long_shock_break,30,ceded,long,shock,True,bornhuetter_ferguson_break_aware,frozen_break_aware,215827609.4594226,362164258.8152297,-146336649.35580713,146336649.35580713,-40.40615433298892,40.40615433298892,True,success,,,frozen_step21_pattern,pricing_mc_v1,0.004024299996672198
long_shock_break,30,ceded,long,shock,True,bornhuetter_ferguson_standard,frozen_standard,273081335.77148175,362164258.8152297,-89082923.04374796,89082923.04374796,-24.597381126224445,24.597381126224445,True,success,,,frozen_step21_pattern,pricing_mc_v1,0.0036299000057624653
long_shock_break,31,ceded,long,shock,True,bornhuetter_ferguson_break_aware,frozen_break_aware,215827609.4594226,420737137.6768234,-204909528.2174008,204909528.2174008,-48.702505642560105,48.702505642560105,True,success,,,frozen_step21_pattern,pricing_mc_v1,0.003464100002020132
long_shock_break,31,ceded,long,shock,True,bornhuetter_ferguson_standard,frozen_standard,273081335.77148175,420737137.6768234,-147655801.90534163,147655801.90534163,-35.094549228682304,35.094549228682304,True,success,,,frozen_step21_pattern,pricing_mc_v1,0.003646200006187428
long_shock_break,32,ceded,long,shock,True,bornhuetter_ferguson_break_aware,frozen_break_aware,215827609.4594226,362645239.55470467,-146817630.09528208,146817630.09528208,-40.48519436669312,40.48519436669312,True,success,,,frozen_step21_pattern,pricing_mc_v1,0.003472900003544055
long_shock_break,32,ceded,long,shock,True,bornhuetter_ferguson_standard,frozen_standard,273081335.77148175,362645239.55470467,-89563903.78322291,89563903.78322291,-24.697388525821886,24.697388525821886,True,success,,,frozen_step21_pattern,pricing_mc_v1,0.003627599995525088
long_shock_break,33,ceded,long,shock,True,bornhuetter_ferguson_break_aware,frozen_break_aware,215827609.4594226,400625885.16308933,-184798275.70366675,184798275.70366675,-46.12739279900446,46.12739279900446,True,success,,,frozen_step21_pattern,pricing_mc_v1,0.0034527000025263987
long_shock_break,33,ceded,long,shock,True,bornhuetter_ferguson_standard,frozen_standard,273081335.77148175,400625885.16308933,-127544549.39160758,127544549.39160758,-31.836322642928064,31.836322642928064,True,success,,,frozen_step21_pattern,pricing_mc_v1,0.0036312000011093915
long_shock_break,34,ceded,long,shock,True,bornhuetter_ferguson_break_aware,frozen_break_aware,215827609.4594226,434190328.6126816,-218362719.15325904,218362719.15325904,-50.291935301960386,50.291935301960386,True,success,,,frozen_step21_pattern,pricing_mc_v1,0.003456200000073295
long_shock_break,34,ceded,long,shock,True,bornhuetter_ferguson_standard,frozen_standard,273081335.77148175,434190328.6126816,-161108992.84119987,161108992.84119987,-37.105615262314316,37.105615262314316,True,success,,,frozen_step21_pattern,pricing_mc_v1,0.0037540999983320944
long_shock_break,35,ceded,long,shock,True,bornhuetter_ferguson_break_aware,frozen_break_aware,215827609.4594226,383540663.9225669,-167713054.4631443,167713054.4631443,-43.72758099438549,43.72758099438549,True,success,,,frozen_step21_pattern,pricing_mc_v1,0.0035816000017803162
long_shock_break,35,ceded,long,shock,True,bornhuetter_ferguson_standard,frozen_standard,273081335.77148175,383540663.9225669,-110459328.15108514,110459328.15108514,-28.79990012568414,28.79990012568414,True,success,,,frozen_step21_pattern,pricing_mc_v1,0.0037646999990101904
long_shock_break,36,ceded,long,shock,True,bornhuetter_ferguson_break_aware,frozen_break_aware,215827609.4594226,369844933.2565078,-154017323.79708523,154017323.79708523,-41.64375659846224,41.64375659846224,True,success,,,frozen_step21_pattern,pricing_mc_v1,0.0035506999993231148
long_shock_break,36,ceded,long,shock,True,bornhuetter_ferguson_standard,frozen_standard,273081335.77148175,369844933.2565078,-96763597.48502606,96763597.48502606,-26.163288660741276,26.163288660741276,True,success,,,frozen_step21_pattern,pricing_mc_v1,0.0038717999996151775
long_shock_break,37,ceded,long,shock,True,bornhuetter_ferguson_break_aware,frozen_break_aware,215827609.4594226,344271507.54818845,-128443898.08876586,128443898.08876586,-37.308895819903796,37.308895819903796,True,success,,,frozen_step21_pattern,pricing_mc_v1,0.0035889999999199063
long_shock_break,37,ceded,long,shock,True,bornhuetter_ferguson_standard,frozen_standard,273081335.77148175,344271507.54818845,-71190171.7767067,71190171.7767067,-20.678496540043195,20.678496540043195,True,success,,,frozen_step21_pattern,pricing_mc_v1,0.003826899999694433
long_shock_break,38,ceded,long,shock,True,bornhuetter_ferguson_break_aware,frozen_break_aware,215827609.4594226,384335613.89886,-168508004.4394374,168508004.4394374,-43.84397342989432,43.84397342989432,True,success,,,frozen_step21_pattern,pricing_mc_v1,0.0035000999996555038
long_shock_break,38,ceded,long,shock,True,bornhuetter_ferguson_standard,frozen_standard,273081335.77148175,384335613.89886,-111254278.12737823,111254278.12737823,-28.94716859537649,28.94716859537649,True,success,,,frozen_step21_pattern,pricing_mc_v1,0.004143800004385412
long_shock_break,39,ceded,long,shock,True,bornhuetter_ferguson_break_aware,frozen_break_aware,215827609.4594226,411609718.6487835,-195782109.18936092,195782109.18936092,-47.56498700566811,47.56498700566811,True,success,,,frozen_step21_pattern,pricing_mc_v1,0.0035157000020262785
long_shock_break,39,ceded,long,shock,True,bornhuetter_ferguson_standard,frozen_standard,273081335.77148175,411609718.6487835,-138528382.87730175,138528382.87730175,-33.65527503384939,33.65527503384939,True,success,,,frozen_step21_pattern,pricing_mc_v1,0.00400959999387851
long_shock_break,40,ceded,long,shock,True,bornhuetter_ferguson_break_aware,frozen_break_aware,215827609.4594226,329379459.9084445,-113551850.44902194,113551850.44902194,-34.47447830553405,34.47447830553405,True,success,,,frozen_step21_pattern,pricing_mc_v1,0.003508599998895079
long_shock_break,40,ceded,long,shock,True,bornhuetter_ferguson_standard,frozen_standard,273081335.77148175,329379459.9084445,-56298124.13696277,56298124.13696277,-17.09217816818681,17.09217816818681,True,success,,,frozen_step21_pattern,pricing_mc_v1,0.003877800001646392
long_shock_break,41,ceded,long,shock,True,bornhuetter_ferguson_break_aware,frozen_break_aware,215827609.4594226,402235467.7553805,-186407858.29595792,186407858.29595792,-46.342969041537096,46.342969041537096,True,success,,,frozen_step21_pattern,pricing_mc_v1,0.003515199998219032
long_shock_break,41,ceded,long,shock,True,bornhuetter_ferguson_standard,frozen_standard,273081335.77148175,402235467.7553805,-129154131.98389876,129154131.98389876,-32.10908593034462,32.10908593034462,True,success,,,frozen_step21_pattern,pricing_mc_v1,0.0037213000032352284
long_shock_break,42,ceded,long,shock,True,bornhuetter_ferguson_break_aware,frozen_break_aware,215827609.4594226,444967640.80671847,-229140031.34729588,229140031.34729588,-51.49588651702156,51.49588651702156,True,success,,,frozen_step21_pattern,pricing_mc_v1,0.003504200001771096
long_shock_break,42,ceded,long,shock,True,bornhuetter_ferguson_standard,frozen_standard,273081335.77148175,444967640.80671847,-171886305.03523672,171886305.03523672,-38.62894495510053,38.62894495510053,True,success,,,frozen_step21_pattern,pricing_mc_v1,0.003541199999745004
long_shock_break,43,ceded,long,shock,True,bornhuetter_ferguson_break_aware,frozen_break_aware,215827609.4594226,441745711.4342898,-225918101.97486722,225918101.97486722,-51.14211550381351,51.14211550381351,True,success,,,frozen_step21_pattern,pricing_mc_v1,0.0036441999982343987
long_shock_break,43,ceded,long,shock,True,bornhuetter_ferguson_standard,frozen_standard,273081335.77148175,441745711.4342898,-168664375.66280806,168664375.66280806,-38.18132724258424,38.18132724258424,True,success,,,frozen_step21_pattern,pricing_mc_v1,0.003585200000088662
long_shock_break,44,ceded,long,shock,True,bornhuetter_ferguson_break_aware,frozen_break_aware,215827609.4594226,471451543.6070763,-255623934.1476537,255623934.1476537,-54.22061664956587,54.22061664956587,True,success,,,frozen_step21_pattern,pricing_mc_v1,0.0042061999993165955
long_shock_break,44,ceded,long,shock,True,bornhuetter_ferguson_standard,frozen_standard,273081335.77148175,471451543.6070763,-198370207.83559453,198370207.83559453,-42.07647859584122,42.07647859584122,True,success,,,frozen_step21_pattern,pricing_mc_v1,0.003568000000086613
long_shock_break,45,ceded,long,shock,True,bornhuetter_ferguson_break_aware,frozen_break_aware,215827609.4594226,398276787.67611235,-182449178.21668977,182449178.21668977,-45.809643911525555,45.809643911525555,True,success,,,frozen_step21_pattern,pricing_mc_v1,0.0036825999995926395
long_shock_break,45,ceded,long,shock,True,bornhuetter_ferguson_standard,frozen_standard,273081335.77148175,398276787.67611235,-125195451.9046306,125195451.9046306,-31.434282835092656,31.434282835092656,True,success,,,frozen_step21_pattern,pricing_mc_v1,0.0036421000040718354
long_shock_break,46,ceded,long,shock,True,bornhuetter_ferguson_break_aware,frozen_break_aware,215827609.4594226,417206528.94205534,-201378919.48263276,201378919.48263276,-48.26840078300925,48.26840078300925,True,success,,,frozen_step21_pattern,pricing_mc_v1,0.003606400001444854
long_shock_break,46,ceded,long,shock,True,bornhuetter_ferguson_standard,frozen_standard,273081335.77148175,417206528.94205534,-144125193.1705736,144125193.1705736,-34.54528708743931,34.54528708743931,True,success,,,frozen_step21_pattern,pricing_mc_v1,0.0038674999959766865
long_shock_break,47,ceded,long,shock,True,bornhuetter_ferguson_break_aware,frozen_break_aware,215827609.4594226,374346090.2077977,-158518480.74837512,158518480.74837512,-42.34543511871121,42.34543511871121,True,success,,,frozen_step21_pattern,pricing_mc_v1,0.0036330000002635643
long_shock_break,47,ceded,long,shock,True,bornhuetter_ferguson_standard,frozen_standard,273081335.77148175,374346090.2077977,-101264754.43631595,101264754.43631595,-27.05110513645391,27.05110513645391,True,success,,,frozen_step21_pattern,pricing_mc_v1,0.0038146000006236136
long_shock_break,48,ceded,long,shock,True,bornhuetter_ferguson_break_aware,frozen_break_aware,215827609.4594226,396701492.4502405,-180873882.9908179,180873882.9908179,-45.59445488184179,45.59445488184179,True,success,,,frozen_step21_pattern,pricing_mc_v1,0.003624899996793829
long_shock_break,48,ceded,long,shock,True,bornhuetter_ferguson_standard,frozen_standard,273081335.77148175,396701492.4502405,-123620156.67875874,123620156.67875874,-31.16200947851609,31.16200947851609,True,success,,,frozen_step21_pattern,pricing_mc_v1,0.0036389000015333295
long_shock_break,49,ceded,long,shock,True,bornhuetter_ferguson_break_aware,frozen_break_aware,215827609.4594226,354884987.05735826,-139057377.59793568,139057377.59793568,-39.18378704914348,39.18378704914348,True,success,,,frozen_step21_pattern,pricing_mc_v1,0.003657000001112465
long_shock_break,49,ceded,long,shock,True,bornhuetter_ferguson_standard,frozen_standard,273081335.77148175,354884987.05735826,-81803651.28587651,81803651.28587651,-23.050750037125407,23.050750037125407,True,success,,,frozen_step21_pattern,pricing_mc_v1,0.0035582999989856035
long_shock_break,50,ceded,long,shock,True,bornhuetter_ferguson_break_aware,frozen_break_aware,215827609.4594226,404040428.71112746,-188212819.25170487,188212819.25170487,-46.58266992045724,46.58266992045724,True,success,,,frozen_step21_pattern,pricing_mc_v1,0.003632100000686478
long_shock_break,50,ceded,long,shock,True,bornhuetter_ferguson_standard,frozen_standard,273081335.77148175,404040428.71112746,-130959092.93964571,130959092.93964571,-32.412373523461476,32.412373523461476,True,success,,,frozen_step21_pattern,pricing_mc_v1,0.0036077000040677376
long_shock_no_break,1,ceded,long,shock,False,bornhuetter_ferguson_break_aware,frozen_break_aware,318098900.65821815,499766947.86483264,-181668047.2066145,181668047.2066145,-36.35055258911371,36.35055258911371,True,success,,,frozen_step21_pattern,pricing_mc_v1,0.00371140000061132
long_shock_no_break,1,ceded,long,shock,False,bornhuetter_ferguson_standard,frozen_standard,318098900.65821815,499766947.86483264,-181668047.2066145,181668047.2066145,-36.35055258911371,36.35055258911371,True,success,,,frozen_step21_pattern,pricing_mc_v1,0.0035636000029626302
long_shock_no_break,2,ceded,long,shock,False,bornhuetter_ferguson_break_aware,frozen_break_aware,318098900.65821815,534015095.1365743,-215916194.47835618,215916194.47835618,-40.43260133370118,40.43260133370118,True,success,,,frozen_step21_pattern,pricing_mc_v1,0.003613600005337503
long_shock_no_break,2,ceded,long,shock,False,bornhuetter_ferguson_standard,frozen_standard,318098900.65821815,534015095.1365743,-215916194.47835618,215916194.47835618,-40.43260133370118,40.43260133370118,True,success,,,frozen_step21_pattern,pricing_mc_v1,0.003562500001862645
long_shock_no_break,3,ceded,long,shock,False,bornhuetter_ferguson_break_aware,frozen_break_aware,318098900.65821815,524589288.66022575,-206490388.0020076,206490388.0020076,-39.36229588853663,39.36229588853663,True,success,,,frozen_step21_pattern,pricing_mc_v1,0.003643000003648922
long_shock_no_break,3,ceded,long,shock,False,bornhuetter_ferguson_standard,frozen_standard,318098900.65821815,524589288.66022575,-206490388.0020076,206490388.0020076,-39.36229588853663,39.36229588853663,True,success,,,frozen_step21_pattern,pricing_mc_v1,0.0036228000026312657
long_shock_no_break,4,ceded,long,shock,False,bornhuetter_ferguson_break_aware,frozen_break_aware,318098900.65821815,487715459.4872352,-169616558.82901704,169616558.82901704,-34.77776960511878,34.77776960511878,True,success,,,frozen_step21_pattern,pricing_mc_v1,0.0036729999992530793
long_shock_no_break,4,ceded,long,shock,False,bornhuetter_ferguson_standard,frozen_standard,318098900.65821815,487715459.4872352,-169616558.82901704,169616558.82901704,-34.77776960511878,34.77776960511878,True,success,,,frozen_step21_pattern,pricing_mc_v1,0.003623499993409496
long_shock_no_break,5,ceded,long,shock,False,bornhuetter_ferguson_break_aware,frozen_break_aware,318098900.65821815,481486210.5349081,-163387309.87668997,163387309.87668997,-33.933954140695846,33.933954140695846,True,success,,,frozen_step21_pattern,pricing_mc_v1,0.0036392999973031692
long_shock_no_break,5,ceded,long,shock,False,bornhuetter_ferguson_standard,frozen_standard,318098900.65821815,481486210.5349081,-163387309.87668997,163387309.87668997,-33.933954140695846,33.933954140695846,True,success,,,frozen_step21_pattern,pricing_mc_v1,0.0035659000059240498
long_shock_no_break,6,ceded,long,shock,False,bornhuetter_ferguson_break_aware,frozen_break_aware,318098900.65821815,479886567.1275214,-161787666.46930325,161787666.46930325,-33.7137310255886,33.7137310255886,True,success,,,frozen_step21_pattern,pricing_mc_v1,0.003616800000600051
long_shock_no_break,6,ceded,long,shock,False,bornhuetter_ferguson_standard,frozen_standard,318098900.65821815,479886567.1275214,-161787666.46930325,161787666.46930325,-33.7137310255886,33.7137310255886,True,success,,,frozen_step21_pattern,pricing_mc_v1,0.003635599998233374
long_shock_no_break,7,ceded,long,shock,False,bornhuetter_ferguson_break_aware,frozen_break_aware,318098900.65821815,482278592.35778266,-164179691.69956452,164179691.69956452,-34.04250039316826,34.04250039316826,True,success,,,frozen_step21_pattern,pricing_mc_v1,0.004435800001374446
long_shock_no_break,7,ceded,long,shock,False,bornhuetter_ferguson_standard,frozen_standard,318098900.65821815,482278592.35778266,-164179691.69956452,164179691.69956452,-34.04250039316826,34.04250039316826,True,success,,,frozen_step21_pattern,pricing_mc_v1,0.0035908999998355284
long_shock_no_break,8,ceded,long,shock,False,bornhuetter_ferguson_break_aware,frozen_break_aware,318098900.65821815,573114191.107759,-255015290.44954085,255015290.44954085,-44.49641876021736,44.49641876021736,True,success,,,frozen_step21_pattern,pricing_mc_v1,0.0035459000064292923
long_shock_no_break,8,ceded,long,shock,False,bornhuetter_ferguson_standard,frozen_standard,318098900.65821815,573114191.107759,-255015290.44954085,255015290.44954085,-44.49641876021736,44.49641876021736,True,success,,,frozen_step21_pattern,pricing_mc_v1,0.0036038999969605356
long_shock_no_break,9,ceded,long,shock,False,bornhuetter_ferguson_break_aware,frozen_break_aware,318098900.65821815,530817477.7684608,-212718577.11024266,212718577.11024266,-40.073770367265325,40.073770367265325,True,success,,,frozen_step21_pattern,pricing_mc_v1,0.00352769999881275
long_shock_no_break,9,ceded,long,shock,False,bornhuetter_ferguson_standard,frozen_standard,318098900.65821815,530817477.7684608,-212718577.11024266,212718577.11024266,-40.073770367265325,40.073770367265325,True,success,,,frozen_step21_pattern,pricing_mc_v1,0.0035895999972126447
long_shock_no_break,10,ceded,long,shock,False,bornhuetter_ferguson_break_aware,frozen_break_aware,318098900.65821815,546183119.412483,-228084218.75426483,228084218.75426483,-41.75966093562356,41.75966093562356,True,success,,,frozen_step21_pattern,pricing_mc_v1,0.0036514000021270476
long_shock_no_break,10,ceded,long,shock,False,bornhuetter_ferguson_standard,frozen_standard,318098900.65821815,546183119.412483,-228084218.75426483,228084218.75426483,-41.75966093562356,41.75966093562356,True,success,,,frozen_step21_pattern,pricing_mc_v1,0.003609599996707402
long_shock_no_break,11,ceded,long,shock,False,bornhuetter_ferguson_break_aware,frozen_break_aware,318098900.65821815,545814304.4819006,-227715403.82368243,227715403.82368243,-41.72030706301022,41.72030706301022,True,success,,,frozen_step21_pattern,pricing_mc_v1,0.003689400000439491
long_shock_no_break,11,ceded,long,shock,False,bornhuetter_ferguson_standard,frozen_standard,318098900.65821815,545814304.4819006,-227715403.82368243,227715403.82368243,-41.72030706301022,41.72030706301022,True,success,,,frozen_step21_pattern,pricing_mc_v1,0.0037604999961331487
long_shock_no_break,12,ceded,long,shock,False,bornhuetter_ferguson_break_aware,frozen_break_aware,318098900.65821815,522943050.50506985,-204844149.8468517,204844149.8468517,-39.17140683847098,39.17140683847098,True,success,,,frozen_step21_pattern,pricing_mc_v1,0.0036076000033062883
long_shock_no_break,12,ceded,long,shock,False,bornhuetter_ferguson_standard,frozen_standard,318098900.65821815,522943050.50506985,-204844149.8468517,204844149.8468517,-39.17140683847098,39.17140683847098,True,success,,,frozen_step21_pattern,pricing_mc_v1,0.003783399995882064
long_shock_no_break,13,ceded,long,shock,False,bornhuetter_ferguson_break_aware,frozen_break_aware,318098900.65821815,555662962.8926797,-237564062.23446155,237564062.23446155,-42.75326557626705,42.75326557626705,True,success,,,frozen_step21_pattern,pricing_mc_v1,0.0035443000015220605
long_shock_no_break,13,ceded,long,shock,False,bornhuetter_ferguson_standard,frozen_standard,318098900.65821815,555662962.8926797,-237564062.23446155,237564062.23446155,-42.75326557626705,42.75326557626705,True,success,,,frozen_step21_pattern,pricing_mc_v1,0.003618599999754224
long_shock_no_break,14,ceded,long,shock,False,bornhuetter_ferguson_break_aware,frozen_break_aware,318098900.65821815,504572074.8683126,-186473174.21009445,186473174.21009445,-36.95669726842528,36.95669726842528,True,success,,,frozen_step21_pattern,pricing_mc_v1,0.003448499999649357
long_shock_no_break,14,ceded,long,shock,False,bornhuetter_ferguson_standard,frozen_standard,318098900.65821815,504572074.8683126,-186473174.21009445,186473174.21009445,-36.95669726842528,36.95669726842528,True,success,,,frozen_step21_pattern,pricing_mc_v1,0.003671099999337457
long_shock_no_break,15,ceded,long,shock,False,bornhuetter_ferguson_break_aware,frozen_break_aware,318098900.65821815,541572070.8683143,-223473170.21009612,223473170.21009612,-41.263791511958274,41.263791511958274,True,success,,,frozen_step21_pattern,pricing_mc_v1,0.0034561000065878034
long_shock_no_break,15,ceded,long,shock,False,bornhuetter_ferguson_standard,frozen_standard,318098900.65821815,541572070.8683143,-223473170.21009612,223473170.21009612,-41.263791511958274,41.263791511958274,True,success,,,frozen_step21_pattern,pricing_mc_v1,0.003679499997815583
long_shock_no_break,16,ceded,long,shock,False,bornhuetter_ferguson_break_aware,frozen_break_aware,318098900.65821815,500742547.03959185,-182643646.3813737,182643646.3813737,-36.47456112151236,36.47456112151236,True,success,,,frozen_step21_pattern,pricing_mc_v1,0.0034630000009201467
long_shock_no_break,16,ceded,long,shock,False,bornhuetter_ferguson_standard,frozen_standard,318098900.65821815,500742547.03959185,-182643646.3813737,182643646.3813737,-36.47456112151236,36.47456112151236,True,success,,,frozen_step21_pattern,pricing_mc_v1,0.0037261999968905
long_shock_no_break,17,ceded,long,shock,False,bornhuetter_ferguson_break_aware,frozen_break_aware,318098900.65821815,503727820.5297222,-185628919.87150407,185628919.87150407,-36.851035878124804,36.851035878124804,True,success,,,frozen_step21_pattern,pricing_mc_v1,0.003452699995250441
long_shock_no_break,17,ceded,long,shock,False,bornhuetter_ferguson_standard,frozen_standard,318098900.65821815,503727820.5297222,-185628919.87150407,185628919.87150407,-36.851035878124804,36.851035878124804,True,success,,,frozen_step21_pattern,pricing_mc_v1,0.003771499999857042
long_shock_no_break,18,ceded,long,shock,False,bornhuetter_ferguson_break_aware,frozen_break_aware,318098900.65821815,501714174.7515366,-183615274.09331846,183615274.09331846,-36.597585504585375,36.597585504585375,True,success,,,frozen_step21_pattern,pricing_mc_v1,0.0034816999977920204
long_shock_no_break,18,ceded,long,shock,False,bornhuetter_ferguson_standard,frozen_standard,318098900.65821815,501714174.7515366,-183615274.09331846,183615274.09331846,-36.597585504585375,36.597585504585375,True,success,,,frozen_step21_pattern,pricing_mc_v1,0.003748200004338287
long_shock_no_break,19,ceded,long,shock,False,bornhuetter_ferguson_break_aware,frozen_break_aware,318098900.65821815,588354389.333655,-270255488.67543685,270255488.67543685,-45.934133164454956,45.934133164454956,True,success,,,frozen_step21_pattern,pricing_mc_v1,0.0035026999976253137
long_shock_no_break,19,ceded,long,shock,False,bornhuetter_ferguson_standard,frozen_standard,318098900.65821815,588354389.333655,-270255488.67543685,270255488.67543685,-45.934133164454956,45.934133164454956,True,success,,,frozen_step21_pattern,pricing_mc_v1,0.003624199998739641
long_shock_no_break,20,ceded,long,shock,False,bornhuetter_ferguson_break_aware,frozen_break_aware,318098900.65821815,556051434.6074005,-237952533.9491824,237952533.9491824,-42.79325960505587,42.79325960505587,True,success,,,frozen_step21_pattern,pricing_mc_v1,0.0035177999961888418
long_shock_no_break,20,ceded,long,shock,False,bornhuetter_ferguson_standard,frozen_standard,318098900.65821815,556051434.6074005,-237952533.9491824,237952533.9491824,-42.79325960505587,42.79325960505587,True,success,,,frozen_step21_pattern,pricing_mc_v1,0.0035611999992397614
long_shock_no_break,21,ceded,long,shock,False,bornhuetter_ferguson_break_aware,frozen_break_aware,318098900.65821815,506133519.18876314,-188034618.530545,188034618.530545,-37.151188649178806,37.151188649178806,True,success,,,frozen_step21_pattern,pricing_mc_v1,0.003532000002451241
long_shock_no_break,21,ceded,long,shock,False,bornhuetter_ferguson_standard,frozen_standard,318098900.65821815,506133519.18876314,-188034618.530545,188034618.530545,-37.151188649178806,37.151188649178806,True,success,,,frozen_step21_pattern,pricing_mc_v1,0.003555199997208547
long_shock_no_break,22,ceded,long,shock,False,bornhuetter_ferguson_break_aware,frozen_break_aware,318098900.65821815,515017898.02579206,-196918997.36757392,196918997.36757392,-38.23536970703729,38.23536970703729,True,success,,,frozen_step21_pattern,pricing_mc_v1,0.003668400000606198
long_shock_no_break,22,ceded,long,shock,False,bornhuetter_ferguson_standard,frozen_standard,318098900.65821815,515017898.02579206,-196918997.36757392,196918997.36757392,-38.23536970703729,38.23536970703729,True,success,,,frozen_step21_pattern,pricing_mc_v1,0.003563500002201181
long_shock_no_break,23,ceded,long,shock,False,bornhuetter_ferguson_break_aware,frozen_break_aware,318098900.65821815,578828338.7857237,-260729438.12750554,260729438.12750554,-45.04434573374005,45.04434573374005,True,success,,,frozen_step21_pattern,pricing_mc_v1,0.003632700005255174
long_shock_no_break,23,ceded,long,shock,False,bornhuetter_ferguson_standard,frozen_standard,318098900.65821815,578828338.7857237,-260729438.12750554,260729438.12750554,-45.04434573374005,45.04434573374005,True,success,,,frozen_step21_pattern,pricing_mc_v1,0.0035502999962773174
long_shock_no_break,24,ceded,long,shock,False,bornhuetter_ferguson_break_aware,frozen_break_aware,318098900.65821815,537303375.7724771,-219204475.114259,219204475.114259,-40.79715203707967,40.79715203707967,True,success,,,frozen_step21_pattern,pricing_mc_v1,0.0036808000004384667
long_shock_no_break,24,ceded,long,shock,False,bornhuetter_ferguson_standard,frozen_standard,318098900.65821815,537303375.7724771,-219204475.114259,219204475.114259,-40.79715203707967,40.79715203707967,True,success,,,frozen_step21_pattern,pricing_mc_v1,0.0035414000012679026
long_shock_no_break,25,ceded,long,shock,False,bornhuetter_ferguson_break_aware,frozen_break_aware,318098900.65821815,588661721.2584822,-270562820.6002641,270562820.6002641,-45.96236018571684,45.96236018571684,True,success,,,frozen_step21_pattern,pricing_mc_v1,0.003656300003058277
long_shock_no_break,25,ceded,long,shock,False,bornhuetter_ferguson_standard,frozen_standard,318098900.65821815,588661721.2584822,-270562820.6002641,270562820.6002641,-45.96236018571684,45.96236018571684,True,success,,,frozen_step21_pattern,pricing_mc_v1,0.003547799999068957
long_shock_no_break,26,ceded,long,shock,False,bornhuetter_ferguson_break_aware,frozen_break_aware,318098900.65821815,511129478.25110245,-193030577.5928843,193030577.5928843,-37.76549500791152,37.76549500791152,True,success,,,frozen_step21_pattern,pricing_mc_v1,0.003620599993155338
long_shock_no_break,26,ceded,long,shock,False,bornhuetter_ferguson_standard,frozen_standard,318098900.65821815,511129478.25110245,-193030577.5928843,193030577.5928843,-37.76549500791152,37.76549500791152,True,success,,,frozen_step21_pattern,pricing_mc_v1,0.003567200001270976
long_shock_no_break,27,ceded,long,shock,False,bornhuetter_ferguson_break_aware,frozen_break_aware,318098900.65821815,561194884.76305,-243095984.1048318,243095984.1048318,-43.31756947632778,43.31756947632778,True,success,,,frozen_step21_pattern,pricing_mc_v1,0.00354920000245329
long_shock_no_break,27,ceded,long,shock,False,bornhuetter_ferguson_standard,frozen_standard,318098900.65821815,561194884.76305,-243095984.1048318,243095984.1048318,-43.31756947632778,43.31756947632778,True,success,,,frozen_step21_pattern,pricing_mc_v1,0.0035686999981408007
long_shock_no_break,28,ceded,long,shock,False,bornhuetter_ferguson_break_aware,frozen_break_aware,318098900.65821815,484014588.919872,-165915688.26165384,165915688.26165384,-34.27906762726133,34.27906762726133,True,success,,,frozen_step21_pattern,pricing_mc_v1,0.003466499998467043
long_shock_no_break,28,ceded,long,shock,False,bornhuetter_ferguson_standard,frozen_standard,318098900.65821815,484014588.919872,-165915688.26165384,165915688.26165384,-34.27906762726133,34.27906762726133,True,success,,,frozen_step21_pattern,pricing_mc_v1,0.003595800000766758
long_shock_no_break,29,ceded,long,shock,False,bornhuetter_ferguson_break_aware,frozen_break_aware,318098900.65821815,461340465.36553705,-143241564.7073189,143241564.7073189,-31.048992113410932,31.048992113410932,True,success,,,frozen_step21_pattern,pricing_mc_v1,0.0034757000030367635
long_shock_no_break,29,ceded,long,shock,False,bornhuetter_ferguson_standard,frozen_standard,318098900.65821815,461340465.36553705,-143241564.7073189,143241564.7073189,-31.048992113410932,31.048992113410932,True,success,,,frozen_step21_pattern,pricing_mc_v1,0.003584500002034474
long_shock_no_break,30,ceded,long,shock,False,bornhuetter_ferguson_break_aware,frozen_break_aware,318098900.65821815,471111242.75754035,-153012342.0993222,153012342.0993222,-32.4790258036934,32.4790258036934,True,success,,,frozen_step21_pattern,pricing_mc_v1,0.003485400004137773
long_shock_no_break,30,ceded,long,shock,False,bornhuetter_ferguson_standard,frozen_standard,318098900.65821815,471111242.75754035,-153012342.0993222,153012342.0993222,-32.4790258036934,32.4790258036934,True,success,,,frozen_step21_pattern,pricing_mc_v1,0.0036040999984834343
long_shock_no_break,31,ceded,long,shock,False,bornhuetter_ferguson_break_aware,frozen_break_aware,318098900.65821815,545882603.4409287,-227783702.78271055,227783702.78271055,-41.727598818297864,41.727598818297864,True,success,,,frozen_step21_pattern,pricing_mc_v1,0.003455899997788947
long_shock_no_break,31,ceded,long,shock,False,bornhuetter_ferguson_standard,frozen_standard,318098900.65821815,545882603.4409287,-227783702.78271055,227783702.78271055,-41.727598818297864,41.727598818297864,True,success,,,frozen_step21_pattern,pricing_mc_v1,0.003639999995357357
long_shock_no_break,32,ceded,long,shock,False,bornhuetter_ferguson_break_aware,frozen_break_aware,318098900.65821815,478333467.9938602,-160234567.33564204,160234567.33564204,-33.498506388789586,33.498506388789586,True,success,,,frozen_step21_pattern,pricing_mc_v1,0.0034534000005805865
long_shock_no_break,32,ceded,long,shock,False,bornhuetter_ferguson_standard,frozen_standard,318098900.65821815,478333467.9938602,-160234567.33564204,160234567.33564204,-33.498506388789586,33.498506388789586,True,success,,,frozen_step21_pattern,pricing_mc_v1,0.0036899999977322295
long_shock_no_break,33,ceded,long,shock,False,bornhuetter_ferguson_break_aware,frozen_break_aware,318098900.65821815,542023894.6689991,-223924994.01078093,223924994.01078093,-41.312753222351304,41.312753222351304,True,success,,,frozen_step21_pattern,pricing_mc_v1,0.0034525000010035
long_shock_no_break,33,ceded,long,shock,False,bornhuetter_ferguson_standard,frozen_standard,318098900.65821815,542023894.6689991,-223924994.01078093,223924994.01078093,-41.312753222351304,41.312753222351304,True,success,,,frozen_step21_pattern,pricing_mc_v1,0.003662400005850941
long_shock_no_break,34,ceded,long,shock,False,bornhuetter_ferguson_break_aware,frozen_break_aware,318098900.65821815,559154037.5305896,-241055136.87237144,241055136.87237144,-43.110685194539805,43.110685194539805,True,success,,,frozen_step21_pattern,pricing_mc_v1,0.0034651000023586676
long_shock_no_break,34,ceded,long,shock,False,bornhuetter_ferguson_standard,frozen_standard,318098900.65821815,559154037.5305896,-241055136.87237144,241055136.87237144,-43.110685194539805,43.110685194539805,True,success,,,frozen_step21_pattern,pricing_mc_v1,0.0036544999966281466
long_shock_no_break,35,ceded,long,shock,False,bornhuetter_ferguson_break_aware,frozen_break_aware,318098900.65821815,518507655.951628,-200408755.29340988,200408755.29340988,-38.651069659828934,38.651069659828934,True,success,,,frozen_step21_pattern,pricing_mc_v1,0.00344770000083372
long_shock_no_break,35,ceded,long,shock,False,bornhuetter_ferguson_standard,frozen_standard,318098900.65821815,518507655.951628,-200408755.29340988,200408755.29340988,-38.651069659828934,38.651069659828934,True,success,,,frozen_step21_pattern,pricing_mc_v1,0.0037396000043372624
long_shock_no_break,36,ceded,long,shock,False,bornhuetter_ferguson_break_aware,frozen_break_aware,318098900.65821815,475657647.85271573,-157558747.1944976,157558747.1944976,-33.12440111197048,33.12440111197048,True,success,,,frozen_step21_pattern,pricing_mc_v1,0.0034992000000784174
long_shock_no_break,36,ceded,long,shock,False,bornhuetter_ferguson_standard,frozen_standard,318098900.65821815,475657647.85271573,-157558747.1944976,157558747.1944976,-33.12440111197048,33.12440111197048,True,success,,,frozen_step21_pattern,pricing_mc_v1,0.004119200006243773
long_shock_no_break,37,ceded,long,shock,False,bornhuetter_ferguson_break_aware,frozen_break_aware,318098900.65821815,451023852.19317865,-132924951.53496051,132924951.53496051,-29.471823028558422,29.471823028558422,True,success,,,frozen_step21_pattern,pricing_mc_v1,0.0035062999959336594
long_shock_no_break,37,ceded,long,shock,False,bornhuetter_ferguson_standard,frozen_standard,318098900.65821815,451023852.19317865,-132924951.53496051,132924951.53496051,-29.471823028558422,29.471823028558422,True,success,,,frozen_step21_pattern,pricing_mc_v1,0.003918900001735892
long_shock_no_break,38,ceded,long,shock,False,bornhuetter_ferguson_break_aware,frozen_break_aware,318098900.65821815,498152941.3919744,-180054040.73375624,180054040.73375624,-36.144329536755606,36.144329536755606,True,success,,,frozen_step21_pattern,pricing_mc_v1,0.003568199994333554
long_shock_no_break,38,ceded,long,shock,False,bornhuetter_ferguson_standard,frozen_standard,318098900.65821815,498152941.3919744,-180054040.73375624,180054040.73375624,-36.144329536755606,36.144329536755606,True,success,,,frozen_step21_pattern,pricing_mc_v1,0.0037625999975716695
long_shock_no_break,39,ceded,long,shock,False,bornhuetter_ferguson_break_aware,frozen_break_aware,318098900.65821815,549188294.1231586,-231089393.46494043,231089393.46494043,-42.078353806484685,42.078353806484685,True,success,,,frozen_step21_pattern,pricing_mc_v1,0.0035729000010178424
long_shock_no_break,39,ceded,long,shock,False,bornhuetter_ferguson_standard,frozen_standard,318098900.65821815,549188294.1231586,-231089393.46494043,231089393.46494043,-42.078353806484685,42.078353806484685,True,success,,,frozen_step21_pattern,pricing_mc_v1,0.0038032000011298805
long_shock_no_break,40,ceded,long,shock,False,bornhuetter_ferguson_break_aware,frozen_break_aware,318098900.65821815,452780648.94832695,-134681748.2901088,134681748.2901088,-29.745473575987386,29.745473575987386,True,success,,,frozen_step21_pattern,pricing_mc_v1,0.0035104000053252093
long_shock_no_break,40,ceded,long,shock,False,bornhuetter_ferguson_standard,frozen_standard,318098900.65821815,452780648.94832695,-134681748.2901088,134681748.2901088,-29.745473575987386,29.745473575987386,True,success,,,frozen_step21_pattern,pricing_mc_v1,0.0036741000003530644
long_shock_no_break,41,ceded,long,shock,False,bornhuetter_ferguson_break_aware,frozen_break_aware,318098900.65821815,527723637.3780478,-209624736.71982968,209624736.71982968,-39.72244596837337,39.72244596837337,True,success,,,frozen_step21_pattern,pricing_mc_v1,0.0036362000028020702
long_shock_no_break,41,ceded,long,shock,False,bornhuetter_ferguson_standard,frozen_standard,318098900.65821815,527723637.3780478,-209624736.71982968,209624736.71982968,-39.72244596837337,39.72244596837337,True,success,,,frozen_step21_pattern,pricing_mc_v1,0.0035420999993220903
long_shock_no_break,42,ceded,long,shock,False,bornhuetter_ferguson_break_aware,frozen_break_aware,318098900.65821815,573216126.4132847,-255117225.7550665,255117225.7550665,-44.506288989352136,44.506288989352136,True,success,,,frozen_step21_pattern,pricing_mc_v1,0.0036085000028833747
long_shock_no_break,42,ceded,long,shock,False,bornhuetter_ferguson_standard,frozen_standard,318098900.65821815,573216126.4132847,-255117225.7550665,255117225.7550665,-44.506288989352136,44.506288989352136,True,success,,,frozen_step21_pattern,pricing_mc_v1,0.0035501000020303763
long_shock_no_break,43,ceded,long,shock,False,bornhuetter_ferguson_break_aware,frozen_break_aware,318098900.65821815,575741925.0419399,-257643024.3837217,257643024.3837217,-44.74974171195779,44.74974171195779,True,success,,,frozen_step21_pattern,pricing_mc_v1,0.0036026000016136095
long_shock_no_break,43,ceded,long,shock,False,bornhuetter_ferguson_standard,frozen_standard,318098900.65821815,575741925.0419399,-257643024.3837217,257643024.3837217,-44.74974171195779,44.74974171195779,True,success,,,frozen_step21_pattern,pricing_mc_v1,0.0035894000029657036
long_shock_no_break,44,ceded,long,shock,False,bornhuetter_ferguson_break_aware,frozen_break_aware,318098900.65821815,602022957.4882785,-283924056.83006036,283924056.83006036,-47.16166606247543,47.16166606247543,True,success,,,frozen_step21_pattern,pricing_mc_v1,0.003657799999928102
long_shock_no_break,44,ceded,long,shock,False,bornhuetter_ferguson_standard,frozen_standard,318098900.65821815,602022957.4882785,-283924056.83006036,283924056.83006036,-47.16166606247543,47.16166606247543,True,success,,,frozen_step21_pattern,pricing_mc_v1,0.0035619999980553985
long_shock_no_break,45,ceded,long,shock,False,bornhuetter_ferguson_break_aware,frozen_break_aware,318098900.65821815,530862191.2236451,-212763290.56542695,212763290.56542695,-40.0788178331187,40.0788178331187,True,success,,,frozen_step21_pattern,pricing_mc_v1,0.0037702999979956076
long_shock_no_break,45,ceded,long,shock,False,bornhuetter_ferguson_standard,frozen_standard,318098900.65821815,530862191.2236451,-212763290.56542695,212763290.56542695,-40.0788178331187,40.0788178331187,True,success,,,frozen_step21_pattern,pricing_mc_v1,0.0035576000009314157
long_shock_no_break,46,ceded,long,shock,False,bornhuetter_ferguson_break_aware,frozen_break_aware,318098900.65821815,548516975.5585554,-230418074.90033722,230418074.90033722,-42.00746470347654,42.00746470347654,True,success,,,frozen_step21_pattern,pricing_mc_v1,0.0042461999983061105
long_shock_no_break,46,ceded,long,shock,False,bornhuetter_ferguson_standard,frozen_standard,318098900.65821815,548516975.5585554,-230418074.90033722,230418074.90033722,-42.00746470347654,42.00746470347654,True,success,,,frozen_step21_pattern,pricing_mc_v1,0.0035760999962803908
long_shock_no_break,47,ceded,long,shock,False,bornhuetter_ferguson_break_aware,frozen_break_aware,318098900.65821815,496091452.87260747,-177992552.21438932,177992552.21438932,-35.878979809816734,35.878979809816734,True,success,,,frozen_step21_pattern,pricing_mc_v1,0.003616699999838602
long_shock_no_break,47,ceded,long,shock,False,bornhuetter_ferguson_standard,frozen_standard,318098900.65821815,496091452.87260747,-177992552.21438932,177992552.21438932,-35.878979809816734,35.878979809816734,True,success,,,frozen_step21_pattern,pricing_mc_v1,0.0036049999980605207
long_shock_no_break,48,ceded,long,shock,False,bornhuetter_ferguson_break_aware,frozen_break_aware,318098900.65821815,510679603.9629408,-192580703.30472267,192580703.30472267,-37.71067060643721,37.71067060643721,True,success,,,frozen_step21_pattern,pricing_mc_v1,0.0034996999966097064
long_shock_no_break,48,ceded,long,shock,False,bornhuetter_ferguson_standard,frozen_standard,318098900.65821815,510679603.9629408,-192580703.30472267,192580703.30472267,-37.71067060643721,37.71067060643721,True,success,,,frozen_step21_pattern,pricing_mc_v1,0.0036268000039854087
long_shock_no_break,49,ceded,long,shock,False,bornhuetter_ferguson_break_aware,frozen_break_aware,318098900.65821815,480424965.9308472,-162326065.27262908,162326065.27262908,-33.78801619064785,33.78801619064785,True,success,,,frozen_step21_pattern,pricing_mc_v1,0.0035139000028721057
long_shock_no_break,49,ceded,long,shock,False,bornhuetter_ferguson_standard,frozen_standard,318098900.65821815,480424965.9308472,-162326065.27262908,162326065.27262908,-33.78801619064785,33.78801619064785,True,success,,,frozen_step21_pattern,pricing_mc_v1,0.0036199000023771077
long_shock_no_break,50,ceded,long,shock,False,bornhuetter_ferguson_break_aware,frozen_break_aware,318098900.65821815,525605218.508712,-207506317.85049385,207506317.85049385,-39.479501067216745,39.479501067216745,True,success,,,frozen_step21_pattern,pricing_mc_v1,0.0034413000030326657
long_shock_no_break,50,ceded,long,shock,False,bornhuetter_ferguson_standard,frozen_standard,318098900.65821815,525605218.508712,-207506317.85049385,207506317.85049385,-39.479501067216745,39.479501067216745,True,success,,,frozen_step21_pattern,pricing_mc_v1,0.003727499999513384
long_stable_break,1,ceded,long,stable,True,bornhuetter_ferguson_break_aware,frozen_break_aware,133147496.62584512,231211775.9309288,-98064279.30508368,98064279.30508368,-42.413185448815106,42.413185448815106,True,success,,,frozen_step21_pattern,pricing_mc_v1,0.0034699999960139394
long_stable_break,1,ceded,long,stable,True,bornhuetter_ferguson_standard,frozen_standard,171999678.57054573,231211775.9309288,-59212097.36038306,59212097.36038306,-25.60946436312648,25.60946436312648,True,success,,,frozen_step21_pattern,pricing_mc_v1,0.003637099995103199
long_stable_break,2,ceded,long,stable,True,bornhuetter_ferguson_break_aware,frozen_break_aware,133147496.62584512,256776491.65195686,-123628995.02611174,123628995.02611174,-48.14653951798768,48.14653951798768,True,success,,,frozen_step21_pattern,pricing_mc_v1,0.003510800001095049
long_stable_break,2,ceded,long,stable,True,bornhuetter_ferguson_standard,frozen_standard,171999678.57054573,256776491.65195686,-84776813.08141112,84776813.08141112,-33.01580005864413,33.01580005864413,True,success,,,frozen_step21_pattern,pricing_mc_v1,0.003755600002477877
long_stable_break,3,ceded,long,stable,True,bornhuetter_ferguson_break_aware,frozen_break_aware,133147496.62584512,243243518.2918455,-110096021.66600038,110096021.66600038,-45.26164661617265,45.26164661617265,True,success,,,frozen_step21_pattern,pricing_mc_v1,0.003522700004396029
long_stable_break,3,ceded,long,stable,True,bornhuetter_ferguson_standard,frozen_standard,171999678.57054573,243243518.2918455,-71243839.72129977,71243839.72129977,-29.289100988837383,29.289100988837383,True,success,,,frozen_step21_pattern,pricing_mc_v1,0.0036318000056780875
long_stable_break,4,ceded,long,stable,True,bornhuetter_ferguson_break_aware,frozen_break_aware,133147496.62584512,217461486.31199482,-84313989.6861497,84313989.6861497,-38.771918244494714,38.771918244494714,True,success,,,frozen_step21_pattern,pricing_mc_v1,0.003465699999651406
long_stable_break,4,ceded,long,stable,True,bornhuetter_ferguson_standard,frozen_standard,171999678.57054573,217461486.31199482,-45461807.74144909,45461807.74144909,-20.905682432531727,20.905682432531727,True,success,,,frozen_step21_pattern,pricing_mc_v1,0.003640900002210401
long_stable_break,5,ceded,long,stable,True,bornhuetter_ferguson_break_aware,frozen_break_aware,133147496.62584512,220374345.07132867,-87226848.44548355,87226848.44548355,-39.58121732239331,39.58121732239331,True,success,,,frozen_step21_pattern,pricing_mc_v1,0.0034526000017649494
long_stable_break,5,ceded,long,stable,True,bornhuetter_ferguson_standard,frozen_standard,171999678.57054573,220374345.07132867,-48374666.50078294,48374666.50078294,-21.951133415790974,21.951133415790974,True,success,,,frozen_step21_pattern,pricing_mc_v1,0.0037855000045965426
long_stable_break,6,ceded,long,stable,True,bornhuetter_ferguson_break_aware,frozen_break_aware,133147496.62584512,219523830.48473486,-86376333.85888974,86376333.85888974,-39.347133141837254,39.347133141837254,True,success,,,frozen_step21_pattern,pricing_mc_v1,0.0034372000009170733
long_stable_break,6,ceded,long,stable,True,bornhuetter_ferguson_standard,frozen_standard,171999678.57054573,219523830.48473486,-47524151.91418913,47524151.91418913,-21.648743924179037,21.648743924179037,True,success,,,frozen_step21_pattern,pricing_mc_v1,0.003742100001545623
long_stable_break,7,ceded,long,stable,True,bornhuetter_ferguson_break_aware,frozen_break_aware,133147496.62584512,225591484.27532622,-92443987.6494811,92443987.6494811,-40.97849169548287,40.97849169548287,True,success,,,frozen_step21_pattern,pricing_mc_v1,0.0034546999959275126
long_stable_break,7,ceded,long,stable,True,bornhuetter_ferguson_standard,frozen_standard,171999678.57054573,225591484.27532622,-53591805.70478049,53591805.70478049,-23.756129747953445,23.756129747953445,True,success,,,frozen_step21_pattern,pricing_mc_v1,0.0038338999947882257
long_stable_break,8,ceded,long,stable,True,bornhuetter_ferguson_break_aware,frozen_break_aware,133147496.62584512,263026821.6359476,-129879325.01010247,129879325.01010247,-49.3787379561872,49.3787379561872,True,success,,,frozen_step21_pattern,pricing_mc_v1,0.0034993000008398667
long_stable_break,8,ceded,long,stable,True,bornhuetter_ferguson_standard,frozen_standard,171999678.57054573,263026821.6359476,-91027143.06540185,91027143.06540185,-34.6075516174512,34.6075516174512,True,success,,,frozen_step21_pattern,pricing_mc_v1,0.0038181999989319593
long_stable_break,9,ceded,long,stable,True,bornhuetter_ferguson_break_aware,frozen_break_aware,133147496.62584512,254110422.9195186,-120962926.29367347,120962926.29367347,-47.6025048102748,47.6025048102748,True,success,,,frozen_step21_pattern,pricing_mc_v1,0.0036540000000968575
long_stable_break,9,ceded,long,stable,True,bornhuetter_ferguson_standard,frozen_standard,171999678.57054573,254110422.9195186,-82110744.34897286,82110744.34897286,-32.31301707564307,32.31301707564307,True,success,,,frozen_step21_pattern,pricing_mc_v1,0.003687199998239521
long_stable_break,10,ceded,long,stable,True,bornhuetter_ferguson_break_aware,frozen_break_aware,133147496.62584512,263302626.44822067,-130155129.82237555,130155129.82237555,-49.431762826707306,49.431762826707306,True,success,,,frozen_step21_pattern,pricing_mc_v1,0.004204600001685321
long_stable_break,10,ceded,long,stable,True,bornhuetter_ferguson_standard,frozen_standard,171999678.57054573,263302626.44822067,-91302947.87767494,91302947.87767494,-34.6760490426137,34.6760490426137,True,success,,,frozen_step21_pattern,pricing_mc_v1,0.003719100001035258
long_stable_break,11,ceded,long,stable,True,bornhuetter_ferguson_break_aware,frozen_break_aware,133147496.62584512,269271119.8716827,-136123623.24583757,136123623.24583757,-50.55262640520281,50.55262640520281,True,success,,,frozen_step21_pattern,pricing_mc_v1,0.0036124000034760684
long_stable_break,11,ceded,long,stable,True,bornhuetter_ferguson_standard,frozen_standard,171999678.57054573,269271119.8716827,-97271441.30113697,97271441.30113697,-36.123978445029785,36.123978445029785,True,success,,,frozen_step21_pattern,pricing_mc_v1,0.0035873000015271828
long_stable_break,12,ceded,long,stable,True,bornhuetter_ferguson_break_aware,frozen_break_aware,133147496.62584512,256138382.5904678,-122990885.96462269,122990885.96462269,-48.01735871084547,48.01735871084547,True,success,,,frozen_step21_pattern,pricing_mc_v1,0.003565899998648092
long_stable_break,12,ceded,long,stable,True,bornhuetter_ferguson_standard,frozen_standard,171999678.57054573,256138382.5904678,-84138704.01992208,84138704.01992208,-32.848924541875085,32.848924541875085,True,success,,,frozen_step21_pattern,pricing_mc_v1,0.0035480999940773472
long_stable_break,13,ceded,long,stable,True,bornhuetter_ferguson_break_aware,frozen_break_aware,133147496.62584512,259310089.688469,-126162593.06262387,126162593.06262387,-48.653175514378795,48.653175514378795,True,success,,,frozen_step21_pattern,pricing_mc_v1,0.0036551000011968426
long_stable_break,13,ceded,long,stable,True,bornhuetter_ferguson_standard,frozen_standard,171999678.57054573,259310089.688469,-87310411.11792326,87310411.11792326,-33.67027145870668,33.67027145870668,True,success,,,frozen_step21_pattern,pricing_mc_v1,0.003555999996024184
long_stable_break,14,ceded,long,stable,True,bornhuetter_ferguson_break_aware,frozen_break_aware,133147496.62584512,236606391.00806686,-103458894.38222174,103458894.38222174,-43.72616223147345,43.72616223147345,True,success,,,frozen_step21_pattern,pricing_mc_v1,0.003611099993577227
long_stable_break,14,ceded,long,stable,True,bornhuetter_ferguson_standard,frozen_standard,171999678.57054573,236606391.00806686,-64606712.43752113,64606712.43752113,-27.305565231041637,27.305565231041637,True,success,,,frozen_step21_pattern,pricing_mc_v1,0.00359030000254279
long_stable_break,15,ceded,long,stable,True,bornhuetter_ferguson_break_aware,frozen_break_aware,133147496.62584512,248017242.12603492,-114869745.5001898,114869745.5001898,-46.31522571395115,46.31522571395115,True,success,,,frozen_step21_pattern,pricing_mc_v1,0.0036839000022155233
long_stable_break,15,ceded,long,stable,True,bornhuetter_ferguson_standard,frozen_standard,171999678.57054573,248017242.12603492,-76017563.55548918,76017563.55548918,-30.650112429223505,30.650112429223505,True,success,,,frozen_step21_pattern,pricing_mc_v1,0.0035436999969533645
long_stable_break,16,ceded,long,stable,True,bornhuetter_ferguson_break_aware,frozen_break_aware,133147496.62584512,246078084.06827366,-112930587.44242854,112930587.44242854,-45.892176001783355,45.892176001783355,True,success,,,frozen_step21_pattern,pricing_mc_v1,0.0037182000014581718
long_stable_break,16,ceded,long,stable,True,bornhuetter_ferguson_standard,frozen_standard,171999678.57054573,246078084.06827366,-74078405.49772793,74078405.49772793,-30.103617629424928,30.103617629424928,True,success,,,frozen_step21_pattern,pricing_mc_v1,0.003547400003299117
long_stable_break,17,ceded,long,stable,True,bornhuetter_ferguson_break_aware,frozen_break_aware,133147496.62584512,238325391.9078823,-105177895.28203718,105177895.28203718,-44.132055942528616,44.132055942528616,True,success,,,frozen_step21_pattern,pricing_mc_v1,0.003668500001367647
long_stable_break,17,ceded,long,stable,True,bornhuetter_ferguson_standard,frozen_standard,171999678.57054573,238325391.9078823,-66325713.33733657,66325713.33733657,-27.82989794179079,27.82989794179079,True,success,,,frozen_step21_pattern,pricing_mc_v1,0.003578600000764709
long_stable_break,18,ceded,long,stable,True,bornhuetter_ferguson_break_aware,frozen_break_aware,133147496.62584512,237985737.90646398,-104838241.28061886,104838241.28061886,-44.05232103523096,44.05232103523096,True,success,,,frozen_step21_pattern,pricing_mc_v1,0.0034452000036253594
long_stable_break,18,ceded,long,stable,True,bornhuetter_ferguson_standard,frozen_standard,171999678.57054573,237985737.90646398,-65986059.33591825,65986059.33591825,-27.726896542788996,27.726896542788996,True,success,,,frozen_step21_pattern,pricing_mc_v1,0.0035723999972105958
long_stable_break,19,ceded,long,stable,True,bornhuetter_ferguson_break_aware,frozen_break_aware,133147496.62584512,267381657.62293702,-134234160.9970919,134234160.9970919,-50.20320473380772,50.20320473380772,True,success,,,frozen_step21_pattern,pricing_mc_v1,0.0034476999935577624
long_stable_break,19,ceded,long,stable,True,bornhuetter_ferguson_standard,frozen_standard,171999678.57054573,267381657.62293702,-95381979.05239129,95381979.05239129,-35.672596205869674,35.672596205869674,True,success,,,frozen_step21_pattern,pricing_mc_v1,0.003590000000258442
long_stable_break,20,ceded,long,stable,True,bornhuetter_ferguson_break_aware,frozen_break_aware,133147496.62584512,262013043.9007062,-128865547.27486108,128865547.27486108,-49.18287477462253,49.18287477462253,True,success,,,frozen_step21_pattern,pricing_mc_v1,0.0034375000032014214
long_stable_break,20,ceded,long,stable,True,bornhuetter_ferguson_standard,frozen_standard,171999678.57054573,262013043.9007062,-90013365.33016047,90013365.33016047,-34.3545359383987,34.3545359383987,True,success,,,frozen_step21_pattern,pricing_mc_v1,0.0035843000005115755
long_stable_break,21,ceded,long,stable,True,bornhuetter_ferguson_break_aware,frozen_break_aware,133147496.62584512,231881573.71837398,-98734077.09252886,98734077.09252886,-42.57952691508118,42.57952691508118,True,success,,,frozen_step21_pattern,pricing_mc_v1,0.003508500005409587
long_stable_break,21,ceded,long,stable,True,bornhuetter_ferguson_standard,frozen_standard,171999678.57054573,231881573.71837398,-59881895.14782825,59881895.14782825,-25.824343947465323,25.824343947465323,True,success,,,frozen_step21_pattern,pricing_mc_v1,0.003676100001030136
long_stable_break,22,ceded,long,stable,True,bornhuetter_ferguson_break_aware,frozen_break_aware,133147496.62584512,242912960.27025184,-109765463.64440672,109765463.64440672,-45.18715819949977,45.18715819949977,True,success,,,frozen_step21_pattern,pricing_mc_v1,0.003434500002185814
long_stable_break,22,ceded,long,stable,True,bornhuetter_ferguson_standard,frozen_standard,171999678.57054573,242912960.27025184,-70913281.6997061,70913281.6997061,-29.192876996275462,29.192876996275462,True,success,,,frozen_step21_pattern,pricing_mc_v1,0.0036278000043239444
long_stable_break,23,ceded,long,stable,True,bornhuetter_ferguson_break_aware,frozen_break_aware,133147496.62584512,284791008.68740845,-151643512.0615633,151643512.0615633,-53.2472962403142,53.2472962403142,True,success,,,frozen_step21_pattern,pricing_mc_v1,0.003504699998302385
long_stable_break,23,ceded,long,stable,True,bornhuetter_ferguson_standard,frozen_standard,171999678.57054573,284791008.68740845,-112791330.11686271,112791330.11686271,-39.604947725250845,39.604947725250845,True,success,,,frozen_step21_pattern,pricing_mc_v1,0.003645400000095833
long_stable_break,24,ceded,long,stable,True,bornhuetter_ferguson_break_aware,frozen_break_aware,133147496.62584512,240195288.976933,-107047792.35108788,107047792.35108788,-44.5669824778987,44.5669824778987,True,success,,,frozen_step21_pattern,pricing_mc_v1,0.004060599996591918
long_stable_break,24,ceded,long,stable,True,bornhuetter_ferguson_standard,frozen_standard,171999678.57054573,240195288.976933,-68195610.40638727,68195610.40638727,-28.391735198826648,28.391735198826648,True,success,,,frozen_step21_pattern,pricing_mc_v1,0.0038165000005392358
long_stable_break,25,ceded,long,stable,True,bornhuetter_ferguson_break_aware,frozen_break_aware,133147496.62584512,275809625.6100403,-142662128.98419517,142662128.98419517,-51.72485502224685,51.72485502224685,True,success,,,frozen_step21_pattern,pricing_mc_v1,0.003661800001282245
long_stable_break,25,ceded,long,stable,True,bornhuetter_ferguson_standard,frozen_standard,171999678.57054573,275809625.6100403,-103809947.03949457,103809947.03949457,-37.63826110487841,37.63826110487841,True,success,,,frozen_step21_pattern,pricing_mc_v1,0.004000099994300399
long_stable_break,26,ceded,long,stable,True,bornhuetter_ferguson_break_aware,frozen_break_aware,133147496.62584512,240337604.38350868,-107190107.75766356,107190107.75766356,-44.59980702254959,44.59980702254959,True,success,,,frozen_step21_pattern,pricing_mc_v1,0.003617599999415688
long_stable_break,26,ceded,long,stable,True,bornhuetter_ferguson_standard,frozen_standard,171999678.57054573,240337604.38350868,-68337925.81296295,68337925.81296295,-28.434137882108356,28.434137882108356,True,success,,,frozen_step21_pattern,pricing_mc_v1,0.0040126999956555665
long_stable_break,27,ceded,long,stable,True,bornhuetter_ferguson_break_aware,frozen_break_aware,133147496.62584512,273521756.59783304,-140374259.9719879,140374259.9719879,-51.321058228791735,51.321058228791735,True,success,,,frozen_step21_pattern,pricing_mc_v1,0.0034875999990617856
long_stable_break,27,ceded,long,stable,True,bornhuetter_ferguson_standard,frozen_standard,171999678.57054573,273521756.59783304,-101522078.0272873,101522078.0272873,-37.116637188228566,37.116637188228566,True,success,,,frozen_step21_pattern,pricing_mc_v1,0.0038038999991840683
long_stable_break,28,ceded,long,stable,True,bornhuetter_ferguson_break_aware,frozen_break_aware,133147496.62584512,215862813.93406266,-82715317.30821754,82715317.30821754,-38.31846523296213,38.31846523296213,True,success,,,frozen_step21_pattern,pricing_mc_v1,0.0034900999962701462
long_stable_break,28,ceded,long,stable,True,bornhuetter_ferguson_standard,frozen_standard,171999678.57054573,215862813.93406266,-43863135.36351693,43863135.36351693,-20.319912709428188,20.319912709428188,True,success,,,frozen_step21_pattern,pricing_mc_v1,0.003860800003167242
long_stable_break,29,ceded,long,stable,True,bornhuetter_ferguson_break_aware,frozen_break_aware,133147496.62584512,225852297.40184218,-92704800.77599706,92704800.77599706,-41.04664944410741,41.04664944410741,True,success,,,frozen_step21_pattern,pricing_mc_v1,0.0034945999941555783
long_stable_break,29,ceded,long,stable,True,bornhuetter_ferguson_standard,frozen_standard,171999678.57054573,225852297.40184218,-53852618.831296444,53852618.831296444,-23.844175795777048,23.844175795777048,True,success,,,frozen_step21_pattern,pricing_mc_v1,0.0036992999957874417
long_stable_break,30,ceded,long,stable,True,bornhuetter_ferguson_break_aware,frozen_break_aware,133147496.62584512,219982674.7681759,-86835178.14233078,86835178.14233078,-39.47364411031014,39.47364411031014,True,success,,,frozen_step21_pattern,pricing_mc_v1,0.0036290999996708706
long_stable_break,30,ceded,long,stable,True,bornhuetter_ferguson_standard,frozen_standard,171999678.57054573,219982674.7681759,-47982996.19763017,47982996.19763017,-21.812170548519802,21.812170548519802,True,success,,,frozen_step21_pattern,pricing_mc_v1,0.003635000000940636
long_stable_break,31,ceded,long,stable,True,bornhuetter_ferguson_break_aware,frozen_break_aware,133147496.62584512,260791367.4203238,-127643870.79447867,127643870.79447867,-48.94482208406536,48.94482208406536,True,success,,,frozen_step21_pattern,pricing_mc_v1,0.0036270000055083074
long_stable_break,31,ceded,long,stable,True,bornhuetter_ferguson_standard,frozen_standard,171999678.57054573,260791367.4203238,-88791688.84977806,88791688.84977806,-34.047019933244314,34.047019933244314,True,success,,,frozen_step21_pattern,pricing_mc_v1,0.00354729999526171
long_stable_break,32,ceded,long,stable,True,bornhuetter_ferguson_break_aware,frozen_break_aware,133147496.62584512,226772033.53442088,-93624536.90857576,93624536.90857576,-41.28575091441549,41.28575091441549,True,success,,,frozen_step21_pattern,pricing_mc_v1,0.0035510999950929545
long_stable_break,32,ceded,long,stable,True,bornhuetter_ferguson_standard,frozen_standard,171999678.57054573,226772033.53442088,-54772354.963875145,54772354.963875145,-24.153046612584813,24.153046612584813,True,success,,,frozen_step21_pattern,pricing_mc_v1,0.0035476000048220158
long_stable_break,33,ceded,long,stable,True,bornhuetter_ferguson_break_aware,frozen_break_aware,133147496.62584512,253005457.5214731,-119857960.89562799,119857960.89562799,-47.37366619273634,47.37366619273634,True,success,,,frozen_step21_pattern,pricing_mc_v1,0.0036084000021219254
long_stable_break,33,ceded,long,stable,True,bornhuetter_ferguson_standard,frozen_standard,171999678.57054573,253005457.5214731,-81005778.95092738,81005778.95092738,-32.01740379218983,32.01740379218983,True,success,,,frozen_step21_pattern,pricing_mc_v1,0.003556900002877228
long_stable_break,34,ceded,long,stable,True,bornhuetter_ferguson_break_aware,frozen_break_aware,133147496.62584512,273828789.94901365,-140681293.32316852,140681293.32316852,-51.37563999364826,51.37563999364826,True,success,,,frozen_step21_pattern,pricing_mc_v1,0.00368249999883119
long_stable_break,34,ceded,long,stable,True,bornhuetter_ferguson_standard,frozen_standard,171999678.57054573,273828789.94901365,-101829111.37846792,101829111.37846792,-37.18714580648305,37.18714580648305,True,success,,,frozen_step21_pattern,pricing_mc_v1,0.003529800000251271
long_stable_break,35,ceded,long,stable,True,bornhuetter_ferguson_break_aware,frozen_break_aware,133147496.62584512,237624630.76057592,-104477134.1347308,104477134.1347308,-43.9672999387,43.9672999387,True,success,,,frozen_step21_pattern,pricing_mc_v1,0.0037138999978196807
long_stable_break,35,ceded,long,stable,True,bornhuetter_ferguson_standard,frozen_standard,171999678.57054573,237624630.76057592,-65624952.19003019,65624952.19003019,-27.617066454761623,27.617066454761623,True,success,,,frozen_step21_pattern,pricing_mc_v1,0.003647500001534354
long_stable_break,36,ceded,long,stable,True,bornhuetter_ferguson_break_aware,frozen_break_aware,133147496.62584512,225883142.35749954,-92735645.73165442,92735645.73165442,-41.05469968400035,41.05469968400035,True,success,,,frozen_step21_pattern,pricing_mc_v1,0.003619099996285513
long_stable_break,36,ceded,long,stable,True,bornhuetter_ferguson_standard,frozen_standard,171999678.57054573,225883142.35749954,-53883463.78695381,53883463.78695381,-23.85457508009775,23.85457508009775,True,success,,,frozen_step21_pattern,pricing_mc_v1,0.0036305999965406954
long_stable_break,37,ceded,long,stable,True,bornhuetter_ferguson_break_aware,frozen_break_aware,133147496.62584512,216265281.0484224,-83117784.42257728,83117784.42257728,-38.43325383512066,38.43325383512066,True,success,,,frozen_step21_pattern,pricing_mc_v1,0.0037079999965499155
long_stable_break,37,ceded,long,stable,True,bornhuetter_ferguson_standard,frozen_standard,171999678.57054573,216265281.0484224,-44265602.47787666,44265602.47787666,-20.468196403640707,20.468196403640707,True,success,,,frozen_step21_pattern,pricing_mc_v1,0.003566800005501136
long_stable_break,38,ceded,long,stable,True,bornhuetter_ferguson_break_aware,frozen_break_aware,133147496.62584512,240838392.9348655,-107690896.30902039,107690896.30902039,-44.715003698826905,44.715003698826905,True,success,,,frozen_step21_pattern,pricing_mc_v1,0.0042310999997425824
long_stable_break,38,ceded,long,stable,True,bornhuetter_ferguson_standard,frozen_standard,171999678.57054573,240838392.9348655,-68838714.36431977,68838714.36431977,-28.582948725678108,28.582948725678108,True,success,,,frozen_step21_pattern,pricing_mc_v1,0.003619700000854209
long_stable_break,39,ceded,long,stable,True,bornhuetter_ferguson_break_aware,frozen_break_aware,133147496.62584512,248628660.0713047,-115481163.44545959,115481163.44545959,-46.44724522600915,46.44724522600915,True,success,,,frozen_step21_pattern,pricing_mc_v1,0.0034852000026148744
long_stable_break,39,ceded,long,stable,True,bornhuetter_ferguson_standard,frozen_standard,171999678.57054573,248628660.0713047,-76628981.50075898,76628981.50075898,-30.82065497951137,30.82065497951137,True,success,,,frozen_step21_pattern,pricing_mc_v1,0.0036032000061823055
long_stable_break,40,ceded,long,stable,True,bornhuetter_ferguson_break_aware,frozen_break_aware,133147496.62584512,202538327.5274703,-69390830.90162517,69390830.90162517,-34.26059242649453,34.26059242649453,True,success,,,frozen_step21_pattern,pricing_mc_v1,0.003438599997025449
long_stable_break,40,ceded,long,stable,True,bornhuetter_ferguson_standard,frozen_standard,171999678.57054573,202538327.5274703,-30538648.956924558,30538648.956924558,-15.077960467893465,15.077960467893465,True,success,,,frozen_step21_pattern,pricing_mc_v1,0.003594000001612585
long_stable_break,41,ceded,long,stable,True,bornhuetter_ferguson_break_aware,frozen_break_aware,133147496.62584512,237761727.8131146,-104614231.1872695,104614231.1872695,-43.99960925145124,43.99960925145124,True,success,,,frozen_step21_pattern,pricing_mc_v1,0.0034901999970315956
long_stable_break,41,ceded,long,stable,True,bornhuetter_ferguson_standard,frozen_standard,171999678.57054573,237761727.8131146,-65762049.24256888,65762049.24256888,-27.658803562472066,27.658803562472066,True,success,,,frozen_step21_pattern,pricing_mc_v1,0.003598199997213669
long_stable_break,42,ceded,long,stable,True,bornhuetter_ferguson_break_aware,frozen_break_aware,133147496.62584512,286086171.4392781,-152938674.813433,152938674.813433,-53.458954008161236,53.458954008161236,True,success,,,frozen_step21_pattern,pricing_mc_v1,0.0035176000019419007
long_stable_break,42,ceded,long,stable,True,bornhuetter_ferguson_standard,frozen_standard,171999678.57054573,286086171.4392781,-114086492.8687324,114086492.8687324,-39.87836682030864,39.87836682030864,True,success,,,frozen_step21_pattern,pricing_mc_v1,0.0036751000006916
long_stable_break,43,ceded,long,stable,True,bornhuetter_ferguson_break_aware,frozen_break_aware,133147496.62584512,279696329.06412506,-146548832.43827993,146548832.43827993,-52.39569390439914,52.39569390439914,True,success,,,frozen_step21_pattern,pricing_mc_v1,0.0034436000059940852
long_stable_break,43,ceded,long,stable,True,bornhuetter_ferguson_standard,frozen_standard,171999678.57054573,279696329.06412506,-107696650.49357933,107696650.49357933,-38.504849475120594,38.504849475120594,True,success,,,frozen_step21_pattern,pricing_mc_v1,0.00367549999646144
long_stable_break,44,ceded,long,stable,True,bornhuetter_ferguson_break_aware,frozen_break_aware,133147496.62584512,299182246.83992195,-166034750.21407682,166034750.21407682,-55.496190689053165,55.496190689053165,True,success,,,frozen_step21_pattern,pricing_mc_v1,0.0035543999983929098
long_stable_break,44,ceded,long,stable,True,bornhuetter_ferguson_standard,frozen_standard,171999678.57054573,299182246.83992195,-127182568.26937622,127182568.26937622,-42.510065223698085,42.510065223698085,True,success,,,frozen_step21_pattern,pricing_mc_v1,0.0036851999975624494
long_stable_break,45,ceded,long,stable,True,bornhuetter_ferguson_break_aware,frozen_break_aware,133147496.62584512,256522651.401729,-123375154.77588387,123375154.77588387,-48.09522827778331,48.09522827778331,True,success,,,frozen_step21_pattern,pricing_mc_v1,0.0035461000006762333
long_stable_break,45,ceded,long,stable,True,bornhuetter_ferguson_standard,frozen_standard,171999678.57054573,256522651.401729,-84522972.83118325,84522972.83118325,-32.94951629780853,32.94951629780853,True,success,,,frozen_step21_pattern,pricing_mc_v1,0.003885999998601619
long_stable_break,46,ceded,long,stable,True,bornhuetter_ferguson_break_aware,frozen_break_aware,133147496.62584512,271693077.3841916,-138545580.75834644,138545580.75834644,-50.99341583975437,50.99341583975437,True,success,,,frozen_step21_pattern,pricing_mc_v1,0.0034626999986357987
long_stable_break,46,ceded,long,stable,True,bornhuetter_ferguson_standard,frozen_standard,171999678.57054573,271693077.3841916,-99693398.81364584,99693398.81364584,-36.69338938388663,36.69338938388663,True,success,,,frozen_step21_pattern,pricing_mc_v1,0.00406259999726899
long_stable_break,47,ceded,long,stable,True,bornhuetter_ferguson_break_aware,frozen_break_aware,133147496.62584512,224925177.75972947,-91777681.13388436,91777681.13388436,-40.803649483795674,40.803649483795674,True,success,,,frozen_step21_pattern,pricing_mc_v1,0.003482500003883615
long_stable_break,47,ceded,long,stable,True,bornhuetter_ferguson_standard,frozen_standard,171999678.57054573,224925177.75972947,-52925499.18918374,52925499.18918374,-23.530268917124094,23.530268917124094,True,success,,,frozen_step21_pattern,pricing_mc_v1,0.0038108000007923692
long_stable_break,48,ceded,long,stable,True,bornhuetter_ferguson_break_aware,frozen_break_aware,133147496.62584512,247220420.8726511,-114072924.24680598,114072924.24680598,-46.142193207238144,46.142193207238144,True,success,,,frozen_step21_pattern,pricing_mc_v1,0.003565499995602295
long_stable_break,48,ceded,long,stable,True,bornhuetter_ferguson_standard,frozen_standard,171999678.57054573,247220420.8726511,-75220742.30210537,75220742.30210537,-30.426589371779,30.426589371779,True,success,,,frozen_step21_pattern,pricing_mc_v1,0.003780799997912254
long_stable_break,49,ceded,long,stable,True,bornhuetter_ferguson_break_aware,frozen_break_aware,133147496.62584512,221377259.30378357,-88229762.67793845,88229762.67793845,-39.85493494472515,39.85493494472515,True,success,,,frozen_step21_pattern,pricing_mc_v1,0.003526100001181476
long_stable_break,49,ceded,long,stable,True,bornhuetter_ferguson_standard,frozen_standard,171999678.57054573,221377259.30378357,-49377580.73323783,49377580.73323783,-22.3047213108189,22.3047213108189,True,success,,,frozen_step21_pattern,pricing_mc_v1,0.003598800001782365
long_stable_break,50,ceded,long,stable,True,bornhuetter_ferguson_break_aware,frozen_break_aware,133147496.62584512,265956734.7603047,-132809238.13445957,132809238.13445957,-49.93640723336252,49.93640723336252,True,success,,,frozen_step21_pattern,pricing_mc_v1,0.0035568000021157786
long_stable_break,50,ceded,long,stable,True,bornhuetter_ferguson_standard,frozen_standard,171999678.57054573,265956734.7603047,-93957056.18975896,93957056.18975896,-35.327947710908084,35.327947710908084,True,success,,,frozen_step21_pattern,pricing_mc_v1,0.003577000003133435
long_stable_no_break,1,ceded,long,stable,False,bornhuetter_ferguson_break_aware,frozen_break_aware,193137076.04509047,301848095.26935834,-108711019.22426787,108711019.22426787,-36.015141698097544,36.015141698097544,True,success,,,frozen_step21_pattern,pricing_mc_v1,0.003598499999498017
long_stable_no_break,1,ceded,long,stable,False,bornhuetter_ferguson_standard,frozen_standard,193137076.04509047,301848095.26935834,-108711019.22426787,108711019.22426787,-36.015141698097544,36.015141698097544,True,success,,,frozen_step21_pattern,pricing_mc_v1,0.0036458000031416304
long_stable_no_break,2,ceded,long,stable,False,bornhuetter_ferguson_break_aware,frozen_break_aware,193137076.04509047,326939886.65297246,-133802810.607882,133802810.607882,-40.92581421547559,40.92581421547559,True,success,,,frozen_step21_pattern,pricing_mc_v1,0.0036047000030521303
long_stable_no_break,2,ceded,long,stable,False,bornhuetter_ferguson_standard,frozen_standard,193137076.04509047,326939886.65297246,-133802810.607882,133802810.607882,-40.92581421547559,40.92581421547559,True,success,,,frozen_step21_pattern,pricing_mc_v1,0.003548900000168942
long_stable_no_break,3,ceded,long,stable,False,bornhuetter_ferguson_break_aware,frozen_break_aware,193137076.04509047,321703342.23595023,-128566266.19085976,128566266.19085976,-39.964230802602,39.964230802602,True,success,,,frozen_step21_pattern,pricing_mc_v1,0.004523800002061762
long_stable_no_break,3,ceded,long,stable,False,bornhuetter_ferguson_standard,frozen_standard,193137076.04509047,321703342.23595023,-128566266.19085976,128566266.19085976,-39.964230802602,39.964230802602,True,success,,,frozen_step21_pattern,pricing_mc_v1,0.0036479000045801513
long_stable_no_break,4,ceded,long,stable,False,bornhuetter_ferguson_break_aware,frozen_break_aware,193137076.04509047,289366727.59882396,-96229651.5537335,96229651.5537335,-33.255257904822294,33.255257904822294,True,success,,,frozen_step21_pattern,pricing_mc_v1,0.003848899999866262
long_stable_no_break,4,ceded,long,stable,False,bornhuetter_ferguson_standard,frozen_standard,193137076.04509047,289366727.59882396,-96229651.5537335,96229651.5537335,-33.255257904822294,33.255257904822294,True,success,,,frozen_step21_pattern,pricing_mc_v1,0.0035568000021157786
long_stable_no_break,5,ceded,long,stable,False,bornhuetter_ferguson_break_aware,frozen_break_aware,193137076.04509047,289629750.5068464,-96492674.46175596,96492674.46175596,-33.315871139928014,33.315871139928014,True,success,,,frozen_step21_pattern,pricing_mc_v1,0.0037582000004476868
long_stable_no_break,5,ceded,long,stable,False,bornhuetter_ferguson_standard,frozen_standard,193137076.04509047,289629750.5068464,-96492674.46175596,96492674.46175596,-33.315871139928014,33.315871139928014,True,success,,,frozen_step21_pattern,pricing_mc_v1,0.0036058000041521154
long_stable_no_break,6,ceded,long,stable,False,bornhuetter_ferguson_break_aware,frozen_break_aware,193137076.04509047,279835005.07589453,-86697929.03080407,86697929.03080407,-30.98180265449298,30.98180265449298,True,success,,,frozen_step21_pattern,pricing_mc_v1,0.0037826999978278764
long_stable_no_break,6,ceded,long,stable,False,bornhuetter_ferguson_standard,frozen_standard,193137076.04509047,279835005.07589453,-86697929.03080407,86697929.03080407,-30.98180265449298,30.98180265449298,True,success,,,frozen_step21_pattern,pricing_mc_v1,0.003587400002288632
long_stable_no_break,7,ceded,long,stable,False,bornhuetter_ferguson_break_aware,frozen_break_aware,193137076.04509047,287537090.6580973,-94400014.61300686,94400014.61300686,-32.83055218961487,32.83055218961487,True,success,,,frozen_step21_pattern,pricing_mc_v1,0.0036907999965478666
long_stable_no_break,7,ceded,long,stable,False,bornhuetter_ferguson_standard,frozen_standard,193137076.04509047,287537090.6580973,-94400014.61300686,94400014.61300686,-32.83055218961487,32.83055218961487,True,success,,,frozen_step21_pattern,pricing_mc_v1,0.0035910000005969778
long_stable_no_break,8,ceded,long,stable,False,bornhuetter_ferguson_break_aware,frozen_break_aware,193137076.04509047,345598759.9966747,-152461683.95158425,152461683.95158425,-44.115228872074425,44.115228872074425,True,success,,,frozen_step21_pattern,pricing_mc_v1,0.003775999997742474
long_stable_no_break,8,ceded,long,stable,False,bornhuetter_ferguson_standard,frozen_standard,193137076.04509047,345598759.9966747,-152461683.95158425,152461683.95158425,-44.115228872074425,44.115228872074425,True,success,,,frozen_step21_pattern,pricing_mc_v1,0.0036801999958697706
long_stable_no_break,9,ceded,long,stable,False,bornhuetter_ferguson_break_aware,frozen_break_aware,193137076.04509047,318746390.86672753,-125609314.82163706,125609314.82163706,-39.40729006533477,39.40729006533477,True,success,,,frozen_step21_pattern,pricing_mc_v1,0.0035487999994074926
long_stable_no_break,9,ceded,long,stable,False,bornhuetter_ferguson_standard,frozen_standard,193137076.04509047,318746390.86672753,-125609314.82163706,125609314.82163706,-39.40729006533477,39.40729006533477,True,success,,,frozen_step21_pattern,pricing_mc_v1,0.0036026000016136095
long_stable_no_break,10,ceded,long,stable,False,bornhuetter_ferguson_break_aware,frozen_break_aware,193137076.04509047,336912354.9061351,-143775278.86104462,143775278.86104462,-42.674386013864314,42.674386013864314,True,success,,,frozen_step21_pattern,pricing_mc_v1,0.003645400000095833
long_stable_no_break,10,ceded,long,stable,False,bornhuetter_ferguson_standard,frozen_standard,193137076.04509047,336912354.9061351,-143775278.86104462,143775278.86104462,-42.674386013864314,42.674386013864314,True,success,,,frozen_step21_pattern,pricing_mc_v1,0.003613499997300096
long_stable_no_break,11,ceded,long,stable,False,bornhuetter_ferguson_break_aware,frozen_break_aware,193137076.04509047,335982274.18882424,-142845198.14373377,142845198.14373377,-42.515694760567584,42.515694760567584,True,success,,,frozen_step21_pattern,pricing_mc_v1,0.0035884999961126596
long_stable_no_break,11,ceded,long,stable,False,bornhuetter_ferguson_standard,frozen_standard,193137076.04509047,335982274.18882424,-142845198.14373377,142845198.14373377,-42.515694760567584,42.515694760567584,True,success,,,frozen_step21_pattern,pricing_mc_v1,0.0036576999991666526
long_stable_no_break,12,ceded,long,stable,False,bornhuetter_ferguson_break_aware,frozen_break_aware,193137076.04509047,326815514.8271078,-133678438.78201732,133678438.78201732,-40.90333313971829,40.90333313971829,True,success,,,frozen_step21_pattern,pricing_mc_v1,0.003452699995250441
long_stable_no_break,12,ceded,long,stable,False,bornhuetter_ferguson_standard,frozen_standard,193137076.04509047,326815514.8271078,-133678438.78201732,133678438.78201732,-40.90333313971829,40.90333313971829,True,success,,,frozen_step21_pattern,pricing_mc_v1,0.0036517999978968874
long_stable_no_break,13,ceded,long,stable,False,bornhuetter_ferguson_break_aware,frozen_break_aware,193137076.04509047,343895833.6100101,-150758757.56491962,150758757.56491962,-43.838494925147984,43.838494925147984,True,success,,,frozen_step21_pattern,pricing_mc_v1,0.0034871000025304966
long_stable_no_break,13,ceded,long,stable,False,bornhuetter_ferguson_standard,frozen_standard,193137076.04509047,343895833.6100101,-150758757.56491962,150758757.56491962,-43.838494925147984,43.838494925147984,True,success,,,frozen_step21_pattern,pricing_mc_v1,0.0036430999971344136
long_stable_no_break,14,ceded,long,stable,False,bornhuetter_ferguson_break_aware,frozen_break_aware,193137076.04509047,310778910.8105192,-117641834.76542875,117641834.76542875,-37.85386674360107,37.85386674360107,True,success,,,frozen_step21_pattern,pricing_mc_v1,0.0034567999973660335
long_stable_no_break,14,ceded,long,stable,False,bornhuetter_ferguson_standard,frozen_standard,193137076.04509047,310778910.8105192,-117641834.76542875,117641834.76542875,-37.85386674360107,37.85386674360107,True,success,,,frozen_step21_pattern,pricing_mc_v1,0.003635400003986433
long_stable_no_break,15,ceded,long,stable,False,bornhuetter_ferguson_break_aware,frozen_break_aware,193137076.04509047,330696194.215333,-137559118.17024252,137559118.17024252,-41.59682529659559,41.59682529659559,True,success,,,frozen_step21_pattern,pricing_mc_v1,0.0034732999993138947
long_stable_no_break,15,ceded,long,stable,False,bornhuetter_ferguson_standard,frozen_standard,193137076.04509047,330696194.215333,-137559118.17024252,137559118.17024252,-41.59682529659559,41.59682529659559,True,success,,,frozen_step21_pattern,pricing_mc_v1,0.004261800000676885
long_stable_no_break,16,ceded,long,stable,False,bornhuetter_ferguson_break_aware,frozen_break_aware,193137076.04509047,308015453.66492426,-114878377.6198338,114878377.6198338,-37.29630323834487,37.29630323834487,True,success,,,frozen_step21_pattern,pricing_mc_v1,0.0034476000000722706
long_stable_no_break,16,ceded,long,stable,False,bornhuetter_ferguson_standard,frozen_standard,193137076.04509047,308015453.66492426,-114878377.6198338,114878377.6198338,-37.29630323834487,37.29630323834487,True,success,,,frozen_step21_pattern,pricing_mc_v1,0.0037298000024748035
long_stable_no_break,17,ceded,long,stable,False,bornhuetter_ferguson_break_aware,frozen_break_aware,193137076.04509047,298375335.4047163,-105238259.35962585,105238259.35962585,-35.27042850806709,35.27042850806709,True,success,,,frozen_step21_pattern,pricing_mc_v1,0.004097700002603233
long_stable_no_break,17,ceded,long,stable,False,bornhuetter_ferguson_standard,frozen_standard,193137076.04509047,298375335.4047163,-105238259.35962585,105238259.35962585,-35.27042850806709,35.27042850806709,True,success,,,frozen_step21_pattern,pricing_mc_v1,0.0037204999971436337
long_stable_no_break,18,ceded,long,stable,False,bornhuetter_ferguson_break_aware,frozen_break_aware,193137076.04509047,301848369.40359706,-108711293.35850659,108711293.35850659,-36.015199808202475,36.015199808202475,True,success,,,frozen_step21_pattern,pricing_mc_v1,0.003537999997206498
long_stable_no_break,18,ceded,long,stable,False,bornhuetter_ferguson_standard,frozen_standard,193137076.04509047,301848369.40359706,-108711293.35850659,108711293.35850659,-36.015199808202475,36.015199808202475,True,success,,,frozen_step21_pattern,pricing_mc_v1,0.0037401000008685514
long_stable_no_break,19,ceded,long,stable,False,bornhuetter_ferguson_break_aware,frozen_break_aware,193137076.04509047,359797520.68867296,-166660444.6435825,166660444.6435825,-46.320620643684514,46.320620643684514,True,success,,,frozen_step21_pattern,pricing_mc_v1,0.0034660999954212457
long_stable_no_break,19,ceded,long,stable,False,bornhuetter_ferguson_standard,frozen_standard,193137076.04509047,359797520.68867296,-166660444.6435825,166660444.6435825,-46.320620643684514,46.320620643684514,True,success,,,frozen_step21_pattern,pricing_mc_v1,0.003778400001465343
long_stable_no_break,20,ceded,long,stable,False,bornhuetter_ferguson_break_aware,frozen_break_aware,193137076.04509047,344832767.6794761,-151695691.63438562,151695691.63438562,-43.99108955196149,43.99108955196149,True,success,,,frozen_step21_pattern,pricing_mc_v1,0.003494600001431536
long_stable_no_break,20,ceded,long,stable,False,bornhuetter_ferguson_standard,frozen_standard,193137076.04509047,344832767.6794761,-151695691.63438562,151695691.63438562,-43.99108955196149,43.99108955196149,True,success,,,frozen_step21_pattern,pricing_mc_v1,0.003749999996216502
long_stable_no_break,21,ceded,long,stable,False,bornhuetter_ferguson_break_aware,frozen_break_aware,193137076.04509047,293817676.39181364,-100680600.34672317,100680600.34672317,-34.266352379855775,34.266352379855775,True,success,,,frozen_step21_pattern,pricing_mc_v1,0.0035535999995772727
long_stable_no_break,21,ceded,long,stable,False,bornhuetter_ferguson_standard,frozen_standard,193137076.04509047,293817676.39181364,-100680600.34672317,100680600.34672317,-34.266352379855775,34.266352379855775,True,success,,,frozen_step21_pattern,pricing_mc_v1,0.003719000000273809
long_stable_no_break,22,ceded,long,stable,False,bornhuetter_ferguson_break_aware,frozen_break_aware,193137076.04509047,311236465.8362977,-118099389.79120722,118099389.79120722,-37.945229031525,37.945229031525,True,success,,,frozen_step21_pattern,pricing_mc_v1,0.003541399993991945
long_stable_no_break,22,ceded,long,stable,False,bornhuetter_ferguson_standard,frozen_standard,193137076.04509047,311236465.8362977,-118099389.79120722,118099389.79120722,-37.945229031525,37.945229031525,True,success,,,frozen_step21_pattern,pricing_mc_v1,0.0036873999997624196
long_stable_no_break,23,ceded,long,stable,False,bornhuetter_ferguson_break_aware,frozen_break_aware,193137076.04509047,361210837.2146398,-168073761.16954932,168073761.16954932,-46.53065297420078,46.53065297420078,True,success,,,frozen_step21_pattern,pricing_mc_v1,0.003563199999916833
long_stable_no_break,23,ceded,long,stable,False,bornhuetter_ferguson_standard,frozen_standard,193137076.04509047,361210837.2146398,-168073761.16954932,168073761.16954932,-46.53065297420078,46.53065297420078,True,success,,,frozen_step21_pattern,pricing_mc_v1,0.0035990999967907555
long_stable_no_break,24,ceded,long,stable,False,bornhuetter_ferguson_break_aware,frozen_break_aware,193137076.04509047,323707142.96329314,-130570066.91820267,130570066.91820267,-40.33586213851596,40.33586213851596,True,success,,,frozen_step21_pattern,pricing_mc_v1,0.003690099998493679
long_stable_no_break,24,ceded,long,stable,False,bornhuetter_ferguson_standard,frozen_standard,193137076.04509047,323707142.96329314,-130570066.91820267,130570066.91820267,-40.33586213851596,40.33586213851596,True,success,,,frozen_step21_pattern,pricing_mc_v1,0.003576700000849087
long_stable_no_break,25,ceded,long,stable,False,bornhuetter_ferguson_break_aware,frozen_break_aware,193137076.04509047,363276899.847718,-170139823.80262753,170139823.80262753,-46.83474888547783,46.83474888547783,True,success,,,frozen_step21_pattern,pricing_mc_v1,0.0037076999942655675
long_stable_no_break,25,ceded,long,stable,False,bornhuetter_ferguson_standard,frozen_standard,193137076.04509047,363276899.847718,-170139823.80262753,170139823.80262753,-46.83474888547783,46.83474888547783,True,success,,,frozen_step21_pattern,pricing_mc_v1,0.0035604000004241243
long_stable_no_break,26,ceded,long,stable,False,bornhuetter_ferguson_break_aware,frozen_break_aware,193137076.04509047,313802914.5115156,-120665838.46642515,120665838.46642515,-38.452746257714274,38.452746257714274,True,success,,,frozen_step21_pattern,pricing_mc_v1,0.0036159999945084564
long_stable_no_break,26,ceded,long,stable,False,bornhuetter_ferguson_standard,frozen_standard,193137076.04509047,313802914.5115156,-120665838.46642515,120665838.46642515,-38.452746257714274,38.452746257714274,True,success,,,frozen_step21_pattern,pricing_mc_v1,0.0035470000002533197
long_stable_no_break,27,ceded,long,stable,False,bornhuetter_ferguson_break_aware,frozen_break_aware,193137076.04509047,344542605.07996076,-151405529.0348703,151405529.0348703,-43.94392066540868,43.94392066540868,True,success,,,frozen_step21_pattern,pricing_mc_v1,0.0036458000031416304
long_stable_no_break,27,ceded,long,stable,False,bornhuetter_ferguson_standard,frozen_standard,193137076.04509047,344542605.07996076,-151405529.0348703,151405529.0348703,-43.94392066540868,43.94392066540868,True,success,,,frozen_step21_pattern,pricing_mc_v1,0.0035627999968710355
long_stable_no_break,28,ceded,long,stable,False,bornhuetter_ferguson_break_aware,frozen_break_aware,193137076.04509047,283540734.37113667,-90403658.3260462,90403658.3260462,-31.883834443242147,31.883834443242147,True,success,,,frozen_step21_pattern,pricing_mc_v1,0.003611399995861575
long_stable_no_break,28,ceded,long,stable,False,bornhuetter_ferguson_standard,frozen_standard,193137076.04509047,283540734.37113667,-90403658.3260462,90403658.3260462,-31.883834443242147,31.883834443242147,True,success,,,frozen_step21_pattern,pricing_mc_v1,0.0035736999998334795
long_stable_no_break,29,ceded,long,stable,False,bornhuetter_ferguson_break_aware,frozen_break_aware,193137076.04509047,290019944.5808143,-96882868.53572384,96882868.53572384,-33.405588252130485,33.405588252130485,True,success,,,frozen_step21_pattern,pricing_mc_v1,0.003572800000256393
long_stable_no_break,29,ceded,long,stable,False,bornhuetter_ferguson_standard,frozen_standard,193137076.04509047,290019944.5808143,-96882868.53572384,96882868.53572384,-33.405588252130485,33.405588252130485,True,success,,,frozen_step21_pattern,pricing_mc_v1,0.0036753999956999905
long_stable_no_break,30,ceded,long,stable,False,bornhuetter_ferguson_break_aware,frozen_break_aware,193137076.04509047,281357250.1070676,-88220174.06197712,88220174.06197712,-31.35521619876717,31.35521619876717,True,success,,,frozen_step21_pattern,pricing_mc_v1,0.0034635000047273934
long_stable_no_break,30,ceded,long,stable,False,bornhuetter_ferguson_standard,frozen_standard,193137076.04509047,281357250.1070676,-88220174.06197712,88220174.06197712,-31.35521619876717,31.35521619876717,True,success,,,frozen_step21_pattern,pricing_mc_v1,0.003590499996789731
long_stable_no_break,31,ceded,long,stable,False,bornhuetter_ferguson_break_aware,frozen_break_aware,193137076.04509047,332551525.6775034,-139414449.63241294,139414449.63241294,-41.9226612623068,41.9226612623068,True,success,,,frozen_step21_pattern,pricing_mc_v1,0.0040540999980294146
long_stable_no_break,31,ceded,long,stable,False,bornhuetter_ferguson_standard,frozen_standard,193137076.04509047,332551525.6775034,-139414449.63241294,139414449.63241294,-41.9226612623068,41.9226612623068,True,success,,,frozen_step21_pattern,pricing_mc_v1,0.003607999999076128
long_stable_no_break,32,ceded,long,stable,False,bornhuetter_ferguson_break_aware,frozen_break_aware,193137076.04509047,293222850.623987,-100085774.57889655,100085774.57889655,-34.13300647132753,34.13300647132753,True,success,,,frozen_step21_pattern,pricing_mc_v1,0.0035578000024543144
long_stable_no_break,32,ceded,long,stable,False,bornhuetter_ferguson_standard,frozen_standard,193137076.04509047,293222850.623987,-100085774.57889655,100085774.57889655,-34.13300647132753,34.13300647132753,True,success,,,frozen_step21_pattern,pricing_mc_v1,0.0036103000020375475
long_stable_no_break,33,ceded,long,stable,False,bornhuetter_ferguson_break_aware,frozen_break_aware,193137076.04509047,335790889.91233647,-142653813.867246,142653813.867246,-42.48293153649524,42.48293153649524,True,success,,,frozen_step21_pattern,pricing_mc_v1,0.0034410000007483177
long_stable_no_break,33,ceded,long,stable,False,bornhuetter_ferguson_standard,frozen_standard,193137076.04509047,335790889.91233647,-142653813.867246,142653813.867246,-42.48293153649524,42.48293153649524,True,success,,,frozen_step21_pattern,pricing_mc_v1,0.0036113000023760833
long_stable_no_break,34,ceded,long,stable,False,bornhuetter_ferguson_break_aware,frozen_break_aware,193137076.04509047,344455918.59654194,-151318842.55145147,151318842.55145147,-43.929813477436525,43.929813477436525,True,success,,,frozen_step21_pattern,pricing_mc_v1,0.0034416000053170137
long_stable_no_break,34,ceded,long,stable,False,bornhuetter_ferguson_standard,frozen_standard,193137076.04509047,344455918.59654194,-151318842.55145147,151318842.55145147,-43.929813477436525,43.929813477436525,True,success,,,frozen_step21_pattern,pricing_mc_v1,0.0036334000033093616
long_stable_no_break,35,ceded,long,stable,False,bornhuetter_ferguson_break_aware,frozen_break_aware,193137076.04509047,318840831.45350105,-125703755.40841058,125703755.40841058,-39.42523761318911,39.42523761318911,True,success,,,frozen_step21_pattern,pricing_mc_v1,0.0035263000027043745
long_stable_no_break,35,ceded,long,stable,False,bornhuetter_ferguson_standard,frozen_standard,193137076.04509047,318840831.45350105,-125703755.40841058,125703755.40841058,-39.42523761318911,39.42523761318911,True,success,,,frozen_step21_pattern,pricing_mc_v1,0.003640299997641705
long_stable_no_break,36,ceded,long,stable,False,bornhuetter_ferguson_break_aware,frozen_break_aware,193137076.04509047,285155330.521339,-92018254.47624853,92018254.47624853,-32.26951932058045,32.26951932058045,True,success,,,frozen_step21_pattern,pricing_mc_v1,0.003469399998721201
long_stable_no_break,36,ceded,long,stable,False,bornhuetter_ferguson_standard,frozen_standard,193137076.04509047,285155330.521339,-92018254.47624853,92018254.47624853,-32.26951932058045,32.26951932058045,True,success,,,frozen_step21_pattern,pricing_mc_v1,0.003740600004675798
long_stable_no_break,37,ceded,long,stable,False,bornhuetter_ferguson_break_aware,frozen_break_aware,193137076.04509047,275566464.44821846,-82429388.403128,82429388.403128,-29.91270674687531,29.91270674687531,True,success,,,frozen_step21_pattern,pricing_mc_v1,0.0034721999982139096
long_stable_no_break,37,ceded,long,stable,False,bornhuetter_ferguson_standard,frozen_standard,193137076.04509047,275566464.44821846,-82429388.403128,82429388.403128,-29.91270674687531,29.91270674687531,True,success,,,frozen_step21_pattern,pricing_mc_v1,0.0037430000011227094
long_stable_no_break,38,ceded,long,stable,False,bornhuetter_ferguson_break_aware,frozen_break_aware,193137076.04509047,306004779.9733002,-112867703.92820975,112867703.92820975,-36.88429440156385,36.88429440156385,True,success,,,frozen_step21_pattern,pricing_mc_v1,0.0035561999975470826
long_stable_no_break,38,ceded,long,stable,False,bornhuetter_ferguson_standard,frozen_standard,193137076.04509047,306004779.9733002,-112867703.92820975,112867703.92820975,-36.88429440156385,36.88429440156385,True,success,,,frozen_step21_pattern,pricing_mc_v1,0.003789999995206017
long_stable_no_break,39,ceded,long,stable,False,bornhuetter_ferguson_break_aware,frozen_break_aware,193137076.04509047,329251731.71843934,-136114655.67334887,136114655.67334887,-41.34060433423863,41.34060433423863,True,success,,,frozen_step21_pattern,pricing_mc_v1,0.003576999995857477
long_stable_no_break,39,ceded,long,stable,False,bornhuetter_ferguson_standard,frozen_standard,193137076.04509047,329251731.71843934,-136114655.67334887,136114655.67334887,-41.34060433423863,41.34060433423863,True,success,,,frozen_step21_pattern,pricing_mc_v1,0.0037145000023883767
long_stable_no_break,40,ceded,long,stable,False,bornhuetter_ferguson_break_aware,frozen_break_aware,193137076.04509047,272935019.0575721,-79797943.01248166,79797943.01248166,-29.23697489901408,29.23697489901408,True,success,,,frozen_step21_pattern,pricing_mc_v1,0.0035916999986511655
long_stable_no_break,40,ceded,long,stable,False,bornhuetter_ferguson_standard,frozen_standard,193137076.04509047,272935019.0575721,-79797943.01248166,79797943.01248166,-29.23697489901408,29.23697489901408,True,success,,,frozen_step21_pattern,pricing_mc_v1,0.0038193000000319444
long_stable_no_break,41,ceded,long,stable,False,bornhuetter_ferguson_break_aware,frozen_break_aware,193137076.04509047,308169176.89685106,-115032100.8517606,115032100.8517606,-37.327581560911135,37.327581560911135,True,success,,,frozen_step21_pattern,pricing_mc_v1,0.0036701999997603707
long_stable_no_break,41,ceded,long,stable,False,bornhuetter_ferguson_standard,frozen_standard,193137076.04509047,308169176.89685106,-115032100.8517606,115032100.8517606,-37.327581560911135,37.327581560911135,True,success,,,frozen_step21_pattern,pricing_mc_v1,0.003865600003337022
long_stable_no_break,42,ceded,long,stable,False,bornhuetter_ferguson_break_aware,frozen_break_aware,193137076.04509047,360547450.5584931,-167410374.5134026,167410374.5134026,-46.43227243850472,46.43227243850472,True,success,,,frozen_step21_pattern,pricing_mc_v1,0.0035182999999960884
long_stable_no_break,42,ceded,long,stable,False,bornhuetter_ferguson_standard,frozen_standard,193137076.04509047,360547450.5584931,-167410374.5134026,167410374.5134026,-46.43227243850472,46.43227243850472,True,success,,,frozen_step21_pattern,pricing_mc_v1,0.003647199999250006
long_stable_no_break,43,ceded,long,stable,False,bornhuetter_ferguson_break_aware,frozen_break_aware,193137076.04509047,358094696.74800676,-164957620.7029163,164957620.7029163,-46.065362654336624,46.065362654336624,True,success,,,frozen_step21_pattern,pricing_mc_v1,0.003753500001039356
long_stable_no_break,43,ceded,long,stable,False,bornhuetter_ferguson_standard,frozen_standard,193137076.04509047,358094696.74800676,-164957620.7029163,164957620.7029163,-46.065362654336624,46.065362654336624,True,success,,,frozen_step21_pattern,pricing_mc_v1,0.0036236000014469028
long_stable_no_break,44,ceded,long,stable,False,bornhuetter_ferguson_break_aware,frozen_break_aware,193137076.04509047,370398801.8839722,-177261725.83888176,177261725.83888176,-47.85699223033912,47.85699223033912,True,success,,,frozen_step21_pattern,pricing_mc_v1,0.003544899998814799
long_stable_no_break,44,ceded,long,stable,False,bornhuetter_ferguson_standard,frozen_standard,193137076.04509047,370398801.8839722,-177261725.83888176,177261725.83888176,-47.85699223033912,47.85699223033912,True,success,,,frozen_step21_pattern,pricing_mc_v1,0.0035486999986460432
long_stable_no_break,45,ceded,long,stable,False,bornhuetter_ferguson_break_aware,frozen_break_aware,193137076.04509047,334276857.95551425,-141139781.9104238,141139781.9104238,-42.22242089196816,42.22242089196816,True,success,,,frozen_step21_pattern,pricing_mc_v1,0.004237600005581044
long_stable_no_break,45,ceded,long,stable,False,bornhuetter_ferguson_standard,frozen_standard,193137076.04509047,334276857.95551425,-141139781.9104238,141139781.9104238,-42.22242089196816,42.22242089196816,True,success,,,frozen_step21_pattern,pricing_mc_v1,0.0035656000036397018
long_stable_no_break,46,ceded,long,stable,False,bornhuetter_ferguson_break_aware,frozen_break_aware,193137076.04509047,346477413.34940356,-153340337.3043131,153340337.3043131,-44.256950495551564,44.256950495551564,True,success,,,frozen_step21_pattern,pricing_mc_v1,0.04131210000196006
long_stable_no_break,46,ceded,long,stable,False,bornhuetter_ferguson_standard,frozen_standard,193137076.04509047,346477413.34940356,-153340337.3043131,153340337.3043131,-44.256950495551564,44.256950495551564,True,success,,,frozen_step21_pattern,pricing_mc_v1,0.0035495999982231297
long_stable_no_break,47,ceded,long,stable,False,bornhuetter_ferguson_break_aware,frozen_break_aware,193137076.04509047,292656654.2204359,-99519578.17534545,99519578.17534545,-34.00557504507824,34.00557504507824,True,success,,,frozen_step21_pattern,pricing_mc_v1,0.0036880000043311156
long_stable_no_break,47,ceded,long,stable,False,bornhuetter_ferguson_standard,frozen_standard,193137076.04509047,292656654.2204359,-99519578.17534545,99519578.17534545,-34.00557504507824,34.00557504507824,True,success,,,frozen_step21_pattern,pricing_mc_v1,0.0037797999975737184
long_stable_no_break,48,ceded,long,stable,False,bornhuetter_ferguson_break_aware,frozen_break_aware,193137076.04509047,313950165.89818645,-120813089.85309598,120813089.85309598,-38.48161363682014,38.48161363682014,True,success,,,frozen_step21_pattern,pricing_mc_v1,0.003634999993664678
long_stable_no_break,48,ceded,long,stable,False,bornhuetter_ferguson_standard,frozen_standard,193137076.04509047,313950165.89818645,-120813089.85309598,120813089.85309598,-38.48161363682014,38.48161363682014,True,success,,,frozen_step21_pattern,pricing_mc_v1,0.0036540000000968575
long_stable_no_break,49,ceded,long,stable,False,bornhuetter_ferguson_break_aware,frozen_break_aware,193137076.04509047,296424848.4121561,-103287772.36706564,103287772.36706564,-34.84450541860508,34.84450541860508,True,success,,,frozen_step21_pattern,pricing_mc_v1,0.0036774000036530197
long_stable_no_break,49,ceded,long,stable,False,bornhuetter_ferguson_standard,frozen_standard,193137076.04509047,296424848.4121561,-103287772.36706564,103287772.36706564,-34.84450541860508,34.84450541860508,True,success,,,frozen_step21_pattern,pricing_mc_v1,0.003564300001016818
long_stable_no_break,50,ceded,long,stable,False,bornhuetter_ferguson_break_aware,frozen_break_aware,193137076.04509047,338468329.66566014,-145331253.62056968,145331253.62056968,-42.937917932861914,42.937917932861914,True,success,,,frozen_step21_pattern,pricing_mc_v1,0.0036715000023832545
long_stable_no_break,50,ceded,long,stable,False,bornhuetter_ferguson_standard,frozen_standard,193137076.04509047,338468329.66566014,-145331253.62056968,145331253.62056968,-42.937917932861914,42.937917932861914,True,success,,,frozen_step21_pattern,pricing_mc_v1,0.003554499999154359
short_emerging_no_break,1,ceded,short,emerging,False,bornhuetter_ferguson_break_aware,frozen_break_aware,30516608.13167624,70592445.43832305,-40075837.30664681,40075837.30664681,-56.77071683493563,56.77071683493563,True,success,,,frozen_step21_pattern,pricing_mc_v1,0.003684299997985363
short_emerging_no_break,1,ceded,short,emerging,False,bornhuetter_ferguson_standard,frozen_standard,30516608.13167624,70592445.43832305,-40075837.30664681,40075837.30664681,-56.77071683493563,56.77071683493563,True,success,,,frozen_step21_pattern,pricing_mc_v1,0.003551900001184549
short_emerging_no_break,2,ceded,short,emerging,False,bornhuetter_ferguson_break_aware,frozen_break_aware,30516608.13167624,67858248.2673998,-37341640.13572356,37341640.13572356,-55.028889028458885,55.028889028458885,True,success,,,frozen_step21_pattern,pricing_mc_v1,0.0037166999973123893
short_emerging_no_break,2,ceded,short,emerging,False,bornhuetter_ferguson_standard,frozen_standard,30516608.13167624,67858248.2673998,-37341640.13572356,37341640.13572356,-55.028889028458885,55.028889028458885,True,success,,,frozen_step21_pattern,pricing_mc_v1,0.0035363999995752238
short_emerging_no_break,3,ceded,short,emerging,False,bornhuetter_ferguson_break_aware,frozen_break_aware,30516608.13167624,66381607.12761541,-35864998.995939165,35864998.995939165,-54.028518663295465,54.028518663295465,True,success,,,frozen_step21_pattern,pricing_mc_v1,0.003860800003167242
short_emerging_no_break,3,ceded,short,emerging,False,bornhuetter_ferguson_standard,frozen_standard,30516608.13167624,66381607.12761541,-35864998.995939165,35864998.995939165,-54.028518663295465,54.028518663295465,True,success,,,frozen_step21_pattern,pricing_mc_v1,0.0036228000026312657
short_emerging_no_break,4,ceded,short,emerging,False,bornhuetter_ferguson_break_aware,frozen_break_aware,30516608.13167624,60023663.95776619,-29507055.82608995,29507055.82608995,-49.15903808679804,49.15903808679804,True,success,,,frozen_step21_pattern,pricing_mc_v1,0.003819500001554843
short_emerging_no_break,4,ceded,short,emerging,False,bornhuetter_ferguson_standard,frozen_standard,30516608.13167624,60023663.95776619,-29507055.82608995,29507055.82608995,-49.15903808679804,49.15903808679804,True,success,,,frozen_step21_pattern,pricing_mc_v1,0.0035483000028762035
short_emerging_no_break,5,ceded,short,emerging,False,bornhuetter_ferguson_break_aware,frozen_break_aware,30516608.13167624,62322952.05797233,-31806343.926296085,31806343.926296085,-51.034719755749165,51.034719755749165,True,success,,,frozen_step21_pattern,pricing_mc_v1,0.003894500005117152
short_emerging_no_break,5,ceded,short,emerging,False,bornhuetter_ferguson_standard,frozen_standard,30516608.13167624,62322952.05797233,-31806343.926296085,31806343.926296085,-51.034719755749165,51.034719755749165,True,success,,,frozen_step21_pattern,pricing_mc_v1,0.00358550000237301
short_emerging_no_break,6,ceded,short,emerging,False,bornhuetter_ferguson_break_aware,frozen_break_aware,30516608.13167624,62762448.953828216,-32245840.822151974,32245840.822151974,-51.37760135184325,51.37760135184325,True,success,,,frozen_step21_pattern,pricing_mc_v1,0.0037278999952832237
short_emerging_no_break,6,ceded,short,emerging,False,bornhuetter_ferguson_standard,frozen_standard,30516608.13167624,62762448.953828216,-32245840.822151974,32245840.822151974,-51.37760135184325,51.37760135184325,True,success,,,frozen_step21_pattern,pricing_mc_v1,0.003562800004146993
short_emerging_no_break,7,ceded,short,emerging,False,bornhuetter_ferguson_break_aware,frozen_break_aware,30516608.13167624,61732257.43945293,-31215649.30777669,31215649.30777669,-50.566187925968904,50.566187925968904,True,success,,,frozen_step21_pattern,pricing_mc_v1,0.0036445000005187467
short_emerging_no_break,7,ceded,short,emerging,False,bornhuetter_ferguson_standard,frozen_standard,30516608.13167624,61732257.43945293,-31215649.30777669,31215649.30777669,-50.566187925968904,50.566187925968904,True,success,,,frozen_step21_pattern,pricing_mc_v1,0.003573900001356378
short_emerging_no_break,8,ceded,short,emerging,False,bornhuetter_ferguson_break_aware,frozen_break_aware,30516608.13167624,70156507.17509204,-39639899.0434158,39639899.0434158,-56.502098863737785,56.502098863737785,True,success,,,frozen_step21_pattern,pricing_mc_v1,0.003492999996524304
short_emerging_no_break,8,ceded,short,emerging,False,bornhuetter_ferguson_standard,frozen_standard,30516608.13167624,70156507.17509204,-39639899.0434158,39639899.0434158,-56.502098863737785,56.502098863737785,True,success,,,frozen_step21_pattern,pricing_mc_v1,0.003595600006519817
short_emerging_no_break,9,ceded,short,emerging,False,bornhuetter_ferguson_break_aware,frozen_break_aware,30516608.13167624,68771597.47423375,-38254989.342557505,38254989.342557505,-55.62614618177261,55.62614618177261,True,success,,,frozen_step21_pattern,pricing_mc_v1,0.003462000000581611
short_emerging_no_break,9,ceded,short,emerging,False,bornhuetter_ferguson_standard,frozen_standard,30516608.13167624,68771597.47423375,-38254989.342557505,38254989.342557505,-55.62614618177261,55.62614618177261,True,success,,,frozen_step21_pattern,pricing_mc_v1,0.003721699999005068
short_emerging_no_break,10,ceded,short,emerging,False,bornhuetter_ferguson_break_aware,frozen_break_aware,30516608.13167624,80456561.16601819,-49939953.034341946,49939953.034341946,-62.07070288685753,62.07070288685753,True,success,,,frozen_step21_pattern,pricing_mc_v1,0.003449499999987893
short_emerging_no_break,10,ceded,short,emerging,False,bornhuetter_ferguson_standard,frozen_standard,30516608.13167624,80456561.16601819,-49939953.034341946,49939953.034341946,-62.07070288685753,62.07070288685753,True,success,,,frozen_step21_pattern,pricing_mc_v1,0.003673399995022919
short_emerging_no_break,11,ceded,short,emerging,False,bornhuetter_ferguson_break_aware,frozen_break_aware,30516608.13167624,86640847.87304908,-56124239.74137284,56124239.74137284,-64.77803613326725,64.77803613326725,True,success,,,frozen_step21_pattern,pricing_mc_v1,0.003466000001935754
short_emerging_no_break,11,ceded,short,emerging,False,bornhuetter_ferguson_standard,frozen_standard,30516608.13167624,86640847.87304908,-56124239.74137284,56124239.74137284,-64.77803613326725,64.77803613326725,True,success,,,frozen_step21_pattern,pricing_mc_v1,0.003686199997900985
short_emerging_no_break,12,ceded,short,emerging,False,bornhuetter_ferguson_break_aware,frozen_break_aware,30516608.13167624,69825296.35659845,-39308688.22492221,39308688.22492221,-56.2957699802266,56.2957699802266,True,success,,,frozen_step21_pattern,pricing_mc_v1,0.0034453999978723004
short_emerging_no_break,12,ceded,short,emerging,False,bornhuetter_ferguson_standard,frozen_standard,30516608.13167624,69825296.35659845,-39308688.22492221,39308688.22492221,-56.2957699802266,56.2957699802266,True,success,,,frozen_step21_pattern,pricing_mc_v1,0.003704300004756078
short_emerging_no_break,13,ceded,short,emerging,False,bornhuetter_ferguson_break_aware,frozen_break_aware,30516608.13167624,71131128.73172837,-40614520.60005213,40614520.60005213,-57.09809660581955,57.09809660581955,True,success,,,frozen_step21_pattern,pricing_mc_v1,0.0034487000011722557
short_emerging_no_break,13,ceded,short,emerging,False,bornhuetter_ferguson_standard,frozen_standard,30516608.13167624,71131128.73172837,-40614520.60005213,40614520.60005213,-57.09809660581955,57.09809660581955,True,success,,,frozen_step21_pattern,pricing_mc_v1,0.003759499995794613
short_emerging_no_break,14,ceded,short,emerging,False,bornhuetter_ferguson_break_aware,frozen_break_aware,30516608.13167624,69250427.68212922,-38733819.55045298,38733819.55045298,-55.93296799298849,55.93296799298849,True,success,,,frozen_step21_pattern,pricing_mc_v1,0.0034432999964337796
short_emerging_no_break,14,ceded,short,emerging,False,bornhuetter_ferguson_standard,frozen_standard,30516608.13167624,69250427.68212922,-38733819.55045298,38733819.55045298,-55.93296799298849,55.93296799298849,True,success,,,frozen_step21_pattern,pricing_mc_v1,0.00380070000392152
short_emerging_no_break,15,ceded,short,emerging,False,bornhuetter_ferguson_break_aware,frozen_break_aware,30516608.13167624,64784910.56973085,-34268302.43805461,34268302.43805461,-52.89550010441108,52.89550010441108,True,success,,,frozen_step21_pattern,pricing_mc_v1,0.0035025000033783726
short_emerging_no_break,15,ceded,short,emerging,False,bornhuetter_ferguson_standard,frozen_standard,30516608.13167624,64784910.56973085,-34268302.43805461,34268302.43805461,-52.89550010441108,52.89550010441108,True,success,,,frozen_step21_pattern,pricing_mc_v1,0.0038328000009641983
short_emerging_no_break,16,ceded,short,emerging,False,bornhuetter_ferguson_break_aware,frozen_break_aware,30516608.13167624,71969747.70479468,-41453139.57311843,41453139.57311843,-57.598005960991856,57.598005960991856,True,success,,,frozen_step21_pattern,pricing_mc_v1,0.0034633999966899864
short_emerging_no_break,16,ceded,short,emerging,False,bornhuetter_ferguson_standard,frozen_standard,30516608.13167624,71969747.70479468,-41453139.57311843,41453139.57311843,-57.598005960991856,57.598005960991856,True,success,,,frozen_step21_pattern,pricing_mc_v1,0.0038897000049473718
short_emerging_no_break,17,ceded,short,emerging,False,bornhuetter_ferguson_break_aware,frozen_break_aware,30516608.13167624,75324245.91706921,-44807637.78539297,44807637.78539297,-59.48634100462879,59.48634100462879,True,success,,,frozen_step21_pattern,pricing_mc_v1,0.003475800003798213
short_emerging_no_break,17,ceded,short,emerging,False,bornhuetter_ferguson_standard,frozen_standard,30516608.13167624,75324245.91706921,-44807637.78539297,44807637.78539297,-59.48634100462879,59.48634100462879,True,success,,,frozen_step21_pattern,pricing_mc_v1,0.003734400001121685
short_emerging_no_break,18,ceded,short,emerging,False,bornhuetter_ferguson_break_aware,frozen_break_aware,30516608.13167624,60457798.2975311,-29941190.165854856,29941190.165854856,-49.524116009824255,49.524116009824255,True,success,,,frozen_step21_pattern,pricing_mc_v1,0.003499700003885664
short_emerging_no_break,18,ceded,short,emerging,False,bornhuetter_ferguson_standard,frozen_standard,30516608.13167624,60457798.2975311,-29941190.165854856,29941190.165854856,-49.524116009824255,49.524116009824255,True,success,,,frozen_step21_pattern,pricing_mc_v1,0.003732299999683164
short_emerging_no_break,19,ceded,short,emerging,False,bornhuetter_ferguson_break_aware,frozen_break_aware,30516608.13167624,60771227.54762366,-30254619.415947415,30254619.415947415,-49.78444674700415,49.78444674700415,True,success,,,frozen_step21_pattern,pricing_mc_v1,0.003501200000755489
short_emerging_no_break,19,ceded,short,emerging,False,bornhuetter_ferguson_standard,frozen_standard,30516608.13167624,60771227.54762366,-30254619.415947415,30254619.415947415,-49.78444674700415,49.78444674700415,True,success,,,frozen_step21_pattern,pricing_mc_v1,0.00358550000237301
short_emerging_no_break,20,ceded,short,emerging,False,bornhuetter_ferguson_break_aware,frozen_break_aware,30516608.13167624,68662957.49297115,-38146349.36129491,38146349.36129491,-55.55593693324359,55.55593693324359,True,success,,,frozen_step21_pattern,pricing_mc_v1,0.003746299997146707
short_emerging_no_break,20,ceded,short,emerging,False,bornhuetter_ferguson_standard,frozen_standard,30516608.13167624,68662957.49297115,-38146349.36129491,38146349.36129491,-55.55593693324359,55.55593693324359,True,success,,,frozen_step21_pattern,pricing_mc_v1,0.0035759999955189414
short_emerging_no_break,21,ceded,short,emerging,False,bornhuetter_ferguson_break_aware,frozen_break_aware,30516608.13167624,54484522.17886737,-23967914.047191128,23967914.047191128,-43.99031704546624,43.99031704546624,True,success,,,frozen_step21_pattern,pricing_mc_v1,0.003641200004494749
short_emerging_no_break,21,ceded,short,emerging,False,bornhuetter_ferguson_standard,frozen_standard,30516608.13167624,54484522.17886737,-23967914.047191128,23967914.047191128,-43.99031704546624,43.99031704546624,True,success,,,frozen_step21_pattern,pricing_mc_v1,0.0036001999978907406
short_emerging_no_break,22,ceded,short,emerging,False,bornhuetter_ferguson_break_aware,frozen_break_aware,30516608.13167624,70899698.54095286,-40383090.40927662,40383090.40927662,-56.95805657897215,56.95805657897215,True,success,,,frozen_step21_pattern,pricing_mc_v1,0.0035719000006793067
short_emerging_no_break,22,ceded,short,emerging,False,bornhuetter_ferguson_standard,frozen_standard,30516608.13167624,70899698.54095286,-40383090.40927662,40383090.40927662,-56.95805657897215,56.95805657897215,True,success,,,frozen_step21_pattern,pricing_mc_v1,0.0035414000012679026
short_emerging_no_break,23,ceded,short,emerging,False,bornhuetter_ferguson_break_aware,frozen_break_aware,30516608.13167624,78387981.19540745,-47871373.06373121,47871373.06373121,-61.06978689041156,61.06978689041156,True,success,,,frozen_step21_pattern,pricing_mc_v1,0.003604900004575029
short_emerging_no_break,23,ceded,short,emerging,False,bornhuetter_ferguson_standard,frozen_standard,30516608.13167624,78387981.19540745,-47871373.06373121,47871373.06373121,-61.06978689041156,61.06978689041156,True,success,,,frozen_step21_pattern,pricing_mc_v1,0.0035473000025376678
short_emerging_no_break,24,ceded,short,emerging,False,bornhuetter_ferguson_break_aware,frozen_break_aware,30516608.13167624,63769885.24600458,-33253277.11432834,33253277.11432834,-52.145737735056976,52.145737735056976,True,success,,,frozen_step21_pattern,pricing_mc_v1,0.0037272000045049936
short_emerging_no_break,24,ceded,short,emerging,False,bornhuetter_ferguson_standard,frozen_standard,30516608.13167624,63769885.24600458,-33253277.11432834,33253277.11432834,-52.145737735056976,52.145737735056976,True,success,,,frozen_step21_pattern,pricing_mc_v1,0.003526100001181476
short_emerging_no_break,25,ceded,short,emerging,False,bornhuetter_ferguson_break_aware,frozen_break_aware,30516608.13167624,90963359.60613754,-60446751.4744613,60446751.4744613,-66.45175786843167,66.45175786843167,True,success,,,frozen_step21_pattern,pricing_mc_v1,0.0038952000031713396
short_emerging_no_break,25,ceded,short,emerging,False,bornhuetter_ferguson_standard,frozen_standard,30516608.13167624,90963359.60613754,-60446751.4744613,60446751.4744613,-66.45175786843167,66.45175786843167,True,success,,,frozen_step21_pattern,pricing_mc_v1,0.0036190000028000213
short_emerging_no_break,26,ceded,short,emerging,False,bornhuetter_ferguson_break_aware,frozen_break_aware,30516608.13167624,75377848.32444327,-44861240.192767024,44861240.192767024,-59.515150922953026,59.515150922953026,True,success,,,frozen_step21_pattern,pricing_mc_v1,0.004067699999723118
short_emerging_no_break,26,ceded,short,emerging,False,bornhuetter_ferguson_standard,frozen_standard,30516608.13167624,75377848.32444327,-44861240.192767024,44861240.192767024,-59.515150922953026,59.515150922953026,True,success,,,frozen_step21_pattern,pricing_mc_v1,0.003536199998052325
short_emerging_no_break,27,ceded,short,emerging,False,bornhuetter_ferguson_break_aware,frozen_break_aware,30516608.13167624,87100520.20406541,-56583912.07238917,56583912.07238917,-64.96391977891783,64.96391977891783,True,success,,,frozen_step21_pattern,pricing_mc_v1,0.0036734000022988766
short_emerging_no_break,27,ceded,short,emerging,False,bornhuetter_ferguson_standard,frozen_standard,30516608.13167624,87100520.20406541,-56583912.07238917,56583912.07238917,-64.96391977891783,64.96391977891783,True,success,,,frozen_step21_pattern,pricing_mc_v1,0.003578299998480361
short_emerging_no_break,28,ceded,short,emerging,False,bornhuetter_ferguson_break_aware,frozen_break_aware,30516608.13167624,77732209.13579196,-47215601.004115716,47215601.004115716,-60.74136002185894,60.74136002185894,True,success,,,frozen_step21_pattern,pricing_mc_v1,0.003719700005603954
short_emerging_no_break,28,ceded,short,emerging,False,bornhuetter_ferguson_standard,frozen_standard,30516608.13167624,77732209.13579196,-47215601.004115716,47215601.004115716,-60.74136002185894,60.74136002185894,True,success,,,frozen_step21_pattern,pricing_mc_v1,0.0036305999965406954
short_emerging_no_break,29,ceded,short,emerging,False,bornhuetter_ferguson_break_aware,frozen_break_aware,30516608.13167624,71148516.3041015,-40631908.172425255,40631908.172425255,-57.1085811526374,57.1085811526374,True,success,,,frozen_step21_pattern,pricing_mc_v1,0.0035636000029626302
short_emerging_no_break,29,ceded,short,emerging,False,bornhuetter_ferguson_standard,frozen_standard,30516608.13167624,71148516.3041015,-40631908.172425255,40631908.172425255,-57.1085811526374,57.1085811526374,True,success,,,frozen_step21_pattern,pricing_mc_v1,0.003581000004487578
short_emerging_no_break,30,ceded,short,emerging,False,bornhuetter_ferguson_break_aware,frozen_break_aware,30516608.13167624,77296777.61764812,-46780169.48597188,46780169.48597188,-60.52020656976417,60.52020656976417,True,success,,,frozen_step21_pattern,pricing_mc_v1,0.0035044999967794865
short_emerging_no_break,30,ceded,short,emerging,False,bornhuetter_ferguson_standard,frozen_standard,30516608.13167624,77296777.61764812,-46780169.48597188,46780169.48597188,-60.52020656976417,60.52020656976417,True,success,,,frozen_step21_pattern,pricing_mc_v1,0.0035975999999209307
short_emerging_no_break,31,ceded,short,emerging,False,bornhuetter_ferguson_break_aware,frozen_break_aware,30516608.13167624,73102486.68446147,-42585878.55278523,42585878.55278523,-58.255034109307815,58.255034109307815,True,success,,,frozen_step21_pattern,pricing_mc_v1,0.003473099997790996
short_emerging_no_break,31,ceded,short,emerging,False,bornhuetter_ferguson_standard,frozen_standard,30516608.13167624,73102486.68446147,-42585878.55278523,42585878.55278523,-58.255034109307815,58.255034109307815,True,success,,,frozen_step21_pattern,pricing_mc_v1,0.003606099999160506
short_emerging_no_break,32,ceded,short,emerging,False,bornhuetter_ferguson_break_aware,frozen_break_aware,30516608.13167624,59611145.25632675,-29094537.12465051,29094537.12465051,-48.80721046298401,48.80721046298401,True,success,,,frozen_step21_pattern,pricing_mc_v1,0.0034367000043857843
short_emerging_no_break,32,ceded,short,emerging,False,bornhuetter_ferguson_standard,frozen_standard,30516608.13167624,59611145.25632675,-29094537.12465051,29094537.12465051,-48.80721046298401,48.80721046298401,True,success,,,frozen_step21_pattern,pricing_mc_v1,0.003633200001786463
short_emerging_no_break,33,ceded,short,emerging,False,bornhuetter_ferguson_break_aware,frozen_break_aware,30516608.13167624,64851470.02798016,-34334861.89630392,34334861.89630392,-52.943845191928794,52.943845191928794,True,success,,,frozen_step21_pattern,pricing_mc_v1,0.003444499998295214
short_emerging_no_break,33,ceded,short,emerging,False,bornhuetter_ferguson_standard,frozen_standard,30516608.13167624,64851470.02798016,-34334861.89630392,34334861.89630392,-52.943845191928794,52.943845191928794,True,success,,,frozen_step21_pattern,pricing_mc_v1,0.0036430999971344136
short_emerging_no_break,34,ceded,short,emerging,False,bornhuetter_ferguson_break_aware,frozen_break_aware,30516608.13167624,77147866.95155402,-46631258.81987777,46631258.81987777,-60.44400274755551,60.44400274755551,True,success,,,frozen_step21_pattern,pricing_mc_v1,0.003427499999816064
short_emerging_no_break,34,ceded,short,emerging,False,bornhuetter_ferguson_standard,frozen_standard,30516608.13167624,77147866.95155402,-46631258.81987777,46631258.81987777,-60.44400274755551,60.44400274755551,True,success,,,frozen_step21_pattern,pricing_mc_v1,0.0036327999987406656
short_emerging_no_break,35,ceded,short,emerging,False,bornhuetter_ferguson_break_aware,frozen_break_aware,30516608.13167624,67301150.01232633,-36784541.88065009,36784541.88065009,-54.656631980156256,54.656631980156256,True,success,,,frozen_step21_pattern,pricing_mc_v1,0.0034243000045535155
short_emerging_no_break,35,ceded,short,emerging,False,bornhuetter_ferguson_standard,frozen_standard,30516608.13167624,67301150.01232633,-36784541.88065009,36784541.88065009,-54.656631980156256,54.656631980156256,True,success,,,frozen_step21_pattern,pricing_mc_v1,0.0036305000030552037
short_emerging_no_break,36,ceded,short,emerging,False,bornhuetter_ferguson_break_aware,frozen_break_aware,30516608.13167624,65429549.88102794,-34912941.749351695,34912941.749351695,-53.35959335320923,53.35959335320923,True,success,,,frozen_step21_pattern,pricing_mc_v1,0.0034538999971118756
short_emerging_no_break,36,ceded,short,emerging,False,bornhuetter_ferguson_standard,frozen_standard,30516608.13167624,65429549.88102794,-34912941.749351695,34912941.749351695,-53.35959335320923,53.35959335320923,True,success,,,frozen_step21_pattern,pricing_mc_v1,0.003685899995616637
short_emerging_no_break,37,ceded,short,emerging,False,bornhuetter_ferguson_break_aware,frozen_break_aware,30516608.13167624,55556780.25223562,-25040172.12055938,25040172.12055938,-45.07131624056229,45.07131624056229,True,success,,,frozen_step21_pattern,pricing_mc_v1,0.0034813000020221807
short_emerging_no_break,37,ceded,short,emerging,False,bornhuetter_ferguson_standard,frozen_standard,30516608.13167624,55556780.25223562,-25040172.12055938,25040172.12055938,-45.07131624056229,45.07131624056229,True,success,,,frozen_step21_pattern,pricing_mc_v1,0.003730000003997702
short_emerging_no_break,38,ceded,short,emerging,False,bornhuetter_ferguson_break_aware,frozen_break_aware,30516608.13167624,55946590.89043021,-25429982.75875397,25429982.75875397,-45.45403456049335,45.45403456049335,True,success,,,frozen_step21_pattern,pricing_mc_v1,0.003449799994996283
short_emerging_no_break,38,ceded,short,emerging,False,bornhuetter_ferguson_standard,frozen_standard,30516608.13167624,55946590.89043021,-25429982.75875397,25429982.75875397,-45.45403456049335,45.45403456049335,True,success,,,frozen_step21_pattern,pricing_mc_v1,0.0037059000023873523
short_emerging_no_break,39,ceded,short,emerging,False,bornhuetter_ferguson_break_aware,frozen_break_aware,30516608.13167624,77381440.70153117,-46864832.56985493,46864832.56985493,-60.56340143706784,60.56340143706784,True,success,,,frozen_step21_pattern,pricing_mc_v1,0.003554800001438707
short_emerging_no_break,39,ceded,short,emerging,False,bornhuetter_ferguson_standard,frozen_standard,30516608.13167624,77381440.70153117,-46864832.56985493,46864832.56985493,-60.56340143706784,60.56340143706784,True,success,,,frozen_step21_pattern,pricing_mc_v1,0.003753500001039356
short_emerging_no_break,40,ceded,short,emerging,False,bornhuetter_ferguson_break_aware,frozen_break_aware,30516608.13167624,49403368.69014619,-18886760.55846995,18886760.55846995,-38.22970185884719,38.22970185884719,True,success,,,frozen_step21_pattern,pricing_mc_v1,0.003628400001616683
short_emerging_no_break,40,ceded,short,emerging,False,bornhuetter_ferguson_standard,frozen_standard,30516608.13167624,49403368.69014619,-18886760.55846995,18886760.55846995,-38.22970185884719,38.22970185884719,True,success,,,frozen_step21_pattern,pricing_mc_v1,0.00372810000408208
short_emerging_no_break,41,ceded,short,emerging,False,bornhuetter_ferguson_break_aware,frozen_break_aware,30516608.13167624,74295111.45766601,-43778503.32598977,43778503.32598977,-58.92514657701959,58.92514657701959,True,success,,,frozen_step21_pattern,pricing_mc_v1,0.0034919000027002767
short_emerging_no_break,41,ceded,short,emerging,False,bornhuetter_ferguson_standard,frozen_standard,30516608.13167624,74295111.45766601,-43778503.32598977,43778503.32598977,-58.92514657701959,58.92514657701959,True,success,,,frozen_step21_pattern,pricing_mc_v1,0.003680900001199916
short_emerging_no_break,42,ceded,short,emerging,False,bornhuetter_ferguson_break_aware,frozen_break_aware,30516608.13167624,81418024.02154228,-50901415.88986604,50901415.88986604,-62.51860874982437,62.51860874982437,True,success,,,frozen_step21_pattern,pricing_mc_v1,0.003521400001773145
short_emerging_no_break,42,ceded,short,emerging,False,bornhuetter_ferguson_standard,frozen_standard,30516608.13167624,81418024.02154228,-50901415.88986604,50901415.88986604,-62.51860874982437,62.51860874982437,True,success,,,frozen_step21_pattern,pricing_mc_v1,0.003589399995689746
short_emerging_no_break,43,ceded,short,emerging,False,bornhuetter_ferguson_break_aware,frozen_break_aware,30516608.13167624,80545010.80252193,-50028402.67084569,50028402.67084569,-62.11235453615367,62.11235453615367,True,success,,,frozen_step21_pattern,pricing_mc_v1,0.003523699997458607
short_emerging_no_break,43,ceded,short,emerging,False,bornhuetter_ferguson_standard,frozen_standard,30516608.13167624,80545010.80252193,-50028402.67084569,50028402.67084569,-62.11235453615367,62.11235453615367,True,success,,,frozen_step21_pattern,pricing_mc_v1,0.0035542999976314604
short_emerging_no_break,44,ceded,short,emerging,False,bornhuetter_ferguson_break_aware,frozen_break_aware,30516608.13167624,89425856.14450559,-58909248.01282935,58909248.01282935,-65.8749611718968,65.8749611718968,True,success,,,frozen_step21_pattern,pricing_mc_v1,0.003555299997969996
short_emerging_no_break,44,ceded,short,emerging,False,bornhuetter_ferguson_standard,frozen_standard,30516608.13167624,89425856.14450559,-58909248.01282935,58909248.01282935,-65.8749611718968,65.8749611718968,True,success,,,frozen_step21_pattern,pricing_mc_v1,0.003606500002206303
short_emerging_no_break,45,ceded,short,emerging,False,bornhuetter_ferguson_break_aware,frozen_break_aware,30516608.13167624,69213083.93238875,-38696475.80071251,38696475.80071251,-55.90919173391177,55.90919173391177,True,success,,,frozen_step21_pattern,pricing_mc_v1,0.003577600000426173
short_emerging_no_break,45,ceded,short,emerging,False,bornhuetter_ferguson_standard,frozen_standard,30516608.13167624,69213083.93238875,-38696475.80071251,38696475.80071251,-55.90919173391177,55.90919173391177,True,success,,,frozen_step21_pattern,pricing_mc_v1,0.0035562000048230402
short_emerging_no_break,46,ceded,short,emerging,False,bornhuetter_ferguson_break_aware,frozen_break_aware,30516608.13167624,67227742.86518183,-36711134.73350559,36711134.73350559,-54.60712076430397,54.60712076430397,True,success,,,frozen_step21_pattern,pricing_mc_v1,0.003738599996722769
short_emerging_no_break,46,ceded,short,emerging,False,bornhuetter_ferguson_standard,frozen_standard,30516608.13167624,67227742.86518183,-36711134.73350559,36711134.73350559,-54.60712076430397,54.60712076430397,True,success,,,frozen_step21_pattern,pricing_mc_v1,0.003543400001944974
short_emerging_no_break,47,ceded,short,emerging,False,bornhuetter_ferguson_break_aware,frozen_break_aware,30516608.13167624,60094204.61255132,-29577596.480875075,29577596.480875075,-49.21871696542511,49.21871696542511,True,success,,,frozen_step21_pattern,pricing_mc_v1,0.00443299999460578
short_emerging_no_break,47,ceded,short,emerging,False,bornhuetter_ferguson_standard,frozen_standard,30516608.13167624,60094204.61255132,-29577596.480875075,29577596.480875075,-49.21871696542511,49.21871696542511,True,success,,,frozen_step21_pattern,pricing_mc_v1,0.0035677999985637143
short_emerging_no_break,48,ceded,short,emerging,False,bornhuetter_ferguson_break_aware,frozen_break_aware,30516608.13167624,73634234.31973028,-43117626.18805404,43117626.18805404,-58.55649425351691,58.55649425351691,True,success,,,frozen_step21_pattern,pricing_mc_v1,0.0036737999980687164
short_emerging_no_break,48,ceded,short,emerging,False,bornhuetter_ferguson_standard,frozen_standard,30516608.13167624,73634234.31973028,-43117626.18805404,43117626.18805404,-58.55649425351691,58.55649425351691,True,success,,,frozen_step21_pattern,pricing_mc_v1,0.0035644000017782673
short_emerging_no_break,49,ceded,short,emerging,False,bornhuetter_ferguson_break_aware,frozen_break_aware,30516608.13167624,57917615.23518233,-27401007.10350609,27401007.10350609,-47.310316545735844,47.310316545735844,True,success,,,frozen_step21_pattern,pricing_mc_v1,0.003639000002294779
short_emerging_no_break,49,ceded,short,emerging,False,bornhuetter_ferguson_standard,frozen_standard,30516608.13167624,57917615.23518233,-27401007.10350609,27401007.10350609,-47.310316545735844,47.310316545735844,True,success,,,frozen_step21_pattern,pricing_mc_v1,0.003563500002201181
short_emerging_no_break,50,ceded,short,emerging,False,bornhuetter_ferguson_break_aware,frozen_break_aware,30516608.13167624,66213381.583072916,-35696773.451396674,35696773.451396674,-53.911720860549366,53.911720860549366,True,success,,,frozen_step21_pattern,pricing_mc_v1,0.003519999998388812
short_emerging_no_break,50,ceded,short,emerging,False,bornhuetter_ferguson_standard,frozen_standard,30516608.13167624,66213381.583072916,-35696773.451396674,35696773.451396674,-53.911720860549366,53.911720860549366,True,success,,,frozen_step21_pattern,pricing_mc_v1,0.0035860000061802566
short_shock_no_break,1,ceded,short,shock,False,bornhuetter_ferguson_break_aware,frozen_break_aware,38216123.52993158,92301960.7631166,-54085837.233185016,54085837.233185016,-58.59662870216886,58.59662870216886,True,success,,,frozen_step21_pattern,pricing_mc_v1,0.0034885000059148297
short_shock_no_break,1,ceded,short,shock,False,bornhuetter_ferguson_standard,frozen_standard,38216123.52993158,92301960.7631166,-54085837.233185016,54085837.233185016,-58.59662870216886,58.59662870216886,True,success,,,frozen_step21_pattern,pricing_mc_v1,0.0036700999989989214
short_shock_no_break,2,ceded,short,shock,False,bornhuetter_ferguson_break_aware,frozen_break_aware,38216123.52993158,85850689.8971627,-47634566.36723112,47634566.36723112,-55.48536234745553,55.48536234745553,True,success,,,frozen_step21_pattern,pricing_mc_v1,0.0035100999957649037
short_shock_no_break,2,ceded,short,shock,False,bornhuetter_ferguson_standard,frozen_standard,38216123.52993158,85850689.8971627,-47634566.36723112,47634566.36723112,-55.48536234745553,55.48536234745553,True,success,,,frozen_step21_pattern,pricing_mc_v1,0.003595299996959511
short_shock_no_break,3,ceded,short,shock,False,bornhuetter_ferguson_break_aware,frozen_break_aware,38216123.52993158,84759556.8790487,-46543433.34911712,46543433.34911712,-54.91231321033719,54.91231321033719,True,success,,,frozen_step21_pattern,pricing_mc_v1,0.0037229000008665025
short_shock_no_break,3,ceded,short,shock,False,bornhuetter_ferguson_standard,frozen_standard,38216123.52993158,84759556.8790487,-46543433.34911712,46543433.34911712,-54.91231321033719,54.91231321033719,True,success,,,frozen_step21_pattern,pricing_mc_v1,0.003734099998837337
short_shock_no_break,4,ceded,short,shock,False,bornhuetter_ferguson_break_aware,frozen_break_aware,38216123.52993158,79910102.07945794,-41693978.549526356,41693978.549526356,-52.176104728371264,52.176104728371264,True,success,,,frozen_step21_pattern,pricing_mc_v1,0.0036298999984865077
short_shock_no_break,4,ceded,short,shock,False,bornhuetter_ferguson_standard,frozen_standard,38216123.52993158,79910102.07945794,-41693978.549526356,41693978.549526356,-52.176104728371264,52.176104728371264,True,success,,,frozen_step21_pattern,pricing_mc_v1,0.003729700001713354
short_shock_no_break,5,ceded,short,shock,False,bornhuetter_ferguson_break_aware,frozen_break_aware,38216123.52993158,78657318.52632639,-40441194.996394806,40441194.996394806,-51.41440841624832,51.41440841624832,True,success,,,frozen_step21_pattern,pricing_mc_v1,0.003446299997449387
short_shock_no_break,5,ceded,short,shock,False,bornhuetter_ferguson_standard,frozen_standard,38216123.52993158,78657318.52632639,-40441194.996394806,40441194.996394806,-51.41440841624832,51.41440841624832,True,success,,,frozen_step21_pattern,pricing_mc_v1,0.0036544999966281466
short_shock_no_break,6,ceded,short,shock,False,bornhuetter_ferguson_break_aware,frozen_break_aware,38216123.52993158,78884442.61154923,-40668319.081617646,40668319.081617646,-51.55429605033873,51.55429605033873,True,success,,,frozen_step21_pattern,pricing_mc_v1,0.0034442000032868236
short_shock_no_break,6,ceded,short,shock,False,bornhuetter_ferguson_standard,frozen_standard,38216123.52993158,78884442.61154923,-40668319.081617646,40668319.081617646,-51.55429605033873,51.55429605033873,True,success,,,frozen_step21_pattern,pricing_mc_v1,0.003662299997813534
short_shock_no_break,7,ceded,short,shock,False,bornhuetter_ferguson_break_aware,frozen_break_aware,38216123.52993158,81826059.98624724,-43609936.45631566,43609936.45631566,-53.29590165241406,53.29590165241406,True,success,,,frozen_step21_pattern,pricing_mc_v1,0.003443699999479577
short_shock_no_break,7,ceded,short,shock,False,bornhuetter_ferguson_standard,frozen_standard,38216123.52993158,81826059.98624724,-43609936.45631566,43609936.45631566,-53.29590165241406,53.29590165241406,True,success,,,frozen_step21_pattern,pricing_mc_v1,0.0037188999995123595
short_shock_no_break,8,ceded,short,shock,False,bornhuetter_ferguson_break_aware,frozen_break_aware,38216123.52993158,89773714.06286424,-51557590.53293266,51557590.53293266,-57.430608804743606,57.430608804743606,True,success,,,frozen_step21_pattern,pricing_mc_v1,0.0035329000020283274
short_shock_no_break,8,ceded,short,shock,False,bornhuetter_ferguson_standard,frozen_standard,38216123.52993158,89773714.06286424,-51557590.53293266,51557590.53293266,-57.430608804743606,57.430608804743606,True,success,,,frozen_step21_pattern,pricing_mc_v1,0.003940499998861924
short_shock_no_break,9,ceded,short,shock,False,bornhuetter_ferguson_break_aware,frozen_break_aware,38216123.52993158,86967476.65782496,-48751353.12789338,48751353.12789338,-56.05699394925119,56.05699394925119,True,success,,,frozen_step21_pattern,pricing_mc_v1,0.0034612999952514656
short_shock_no_break,9,ceded,short,shock,False,bornhuetter_ferguson_standard,frozen_standard,38216123.52993158,86967476.65782496,-48751353.12789338,48751353.12789338,-56.05699394925119,56.05699394925119,True,success,,,frozen_step21_pattern,pricing_mc_v1,0.0038188000035006553
short_shock_no_break,10,ceded,short,shock,False,bornhuetter_ferguson_break_aware,frozen_break_aware,38216123.52993158,100256663.52796091,-62040539.99802933,62040539.99802933,-61.88171221230262,61.88171221230262,True,success,,,frozen_step21_pattern,pricing_mc_v1,0.0035354999999981374
short_shock_no_break,10,ceded,short,shock,False,bornhuetter_ferguson_standard,frozen_standard,38216123.52993158,100256663.52796091,-62040539.99802933,62040539.99802933,-61.88171221230262,61.88171221230262,True,success,,,frozen_step21_pattern,pricing_mc_v1,0.0037574000016320497
short_shock_no_break,11,ceded,short,shock,False,bornhuetter_ferguson_break_aware,frozen_break_aware,38216123.52993158,105213686.48668985,-66997562.95675827,66997562.95675827,-63.67761190958161,63.67761190958161,True,success,,,frozen_step21_pattern,pricing_mc_v1,0.0041196000020136125
short_shock_no_break,11,ceded,short,shock,False,bornhuetter_ferguson_standard,frozen_standard,38216123.52993158,105213686.48668985,-66997562.95675827,66997562.95675827,-63.67761190958161,63.67761190958161,True,success,,,frozen_step21_pattern,pricing_mc_v1,0.003749000003153924
short_shock_no_break,12,ceded,short,shock,False,bornhuetter_ferguson_break_aware,frozen_break_aware,38216123.52993158,86231211.40383303,-48015087.87390145,48015087.87390145,-55.68179675574771,55.68179675574771,True,success,,,frozen_step21_pattern,pricing_mc_v1,0.003469399998721201
short_shock_no_break,12,ceded,short,shock,False,bornhuetter_ferguson_standard,frozen_standard,38216123.52993158,86231211.40383303,-48015087.87390145,48015087.87390145,-55.68179675574771,55.68179675574771,True,success,,,frozen_step21_pattern,pricing_mc_v1,0.0038480000002891757
short_shock_no_break,13,ceded,short,shock,False,bornhuetter_ferguson_break_aware,frozen_break_aware,38216123.52993158,92709672.71563783,-54493549.18570625,54493549.18570625,-58.778709480348034,58.778709480348034,True,success,,,frozen_step21_pattern,pricing_mc_v1,0.0034885999994003214
short_shock_no_break,13,ceded,short,shock,False,bornhuetter_ferguson_standard,frozen_standard,38216123.52993158,92709672.71563783,-54493549.18570625,54493549.18570625,-58.778709480348034,58.778709480348034,True,success,,,frozen_step21_pattern,pricing_mc_v1,0.0036652999988291413
short_shock_no_break,14,ceded,short,shock,False,bornhuetter_ferguson_break_aware,frozen_break_aware,38216123.52993158,89142238.07303554,-50926114.543103956,50926114.543103956,-57.129050878641216,57.129050878641216,True,success,,,frozen_step21_pattern,pricing_mc_v1,0.003522099999827333
short_shock_no_break,14,ceded,short,shock,False,bornhuetter_ferguson_standard,frozen_standard,38216123.52993158,89142238.07303554,-50926114.543103956,50926114.543103956,-57.129050878641216,57.129050878641216,True,success,,,frozen_step21_pattern,pricing_mc_v1,0.0035567000013543293
short_shock_no_break,15,ceded,short,shock,False,bornhuetter_ferguson_break_aware,frozen_break_aware,38216123.52993158,85237534.42865795,-47021410.89872637,47021410.89872637,-55.16514668556294,55.16514668556294,True,success,,,frozen_step21_pattern,pricing_mc_v1,0.0035634000014397316
short_shock_no_break,15,ceded,short,shock,False,bornhuetter_ferguson_standard,frozen_standard,38216123.52993158,85237534.42865795,-47021410.89872637,47021410.89872637,-55.16514668556294,55.16514668556294,True,success,,,frozen_step21_pattern,pricing_mc_v1,0.0036938000048394315
short_shock_no_break,16,ceded,short,shock,False,bornhuetter_ferguson_break_aware,frozen_break_aware,38216123.52993158,88988006.79260848,-50771883.2626769,50771883.2626769,-57.05474826625077,57.05474826625077,True,success,,,frozen_step21_pattern,pricing_mc_v1,0.0035754999989876524
short_shock_no_break,16,ceded,short,shock,False,bornhuetter_ferguson_standard,frozen_standard,38216123.52993158,88988006.79260848,-50771883.2626769,50771883.2626769,-57.05474826625077,57.05474826625077,True,success,,,frozen_step21_pattern,pricing_mc_v1,0.0035198999976273626
short_shock_no_break,17,ceded,short,shock,False,bornhuetter_ferguson_break_aware,frozen_break_aware,38216123.52993158,96654698.30503473,-58438574.775103144,58438574.775103144,-60.461183780922404,60.461183780922404,True,success,,,frozen_step21_pattern,pricing_mc_v1,0.003760100000363309
short_shock_no_break,17,ceded,short,shock,False,bornhuetter_ferguson_standard,frozen_standard,38216123.52993158,96654698.30503473,-58438574.775103144,58438574.775103144,-60.461183780922404,60.461183780922404,True,success,,,frozen_step21_pattern,pricing_mc_v1,0.0035204000014346093
short_shock_no_break,18,ceded,short,shock,False,bornhuetter_ferguson_break_aware,frozen_break_aware,38216123.52993158,75816256.45911388,-37600132.9291823,37600132.9291823,-49.59376087034746,49.59376087034746,True,success,,,frozen_step21_pattern,pricing_mc_v1,0.003780799997912254
short_shock_no_break,18,ceded,short,shock,False,bornhuetter_ferguson_standard,frozen_standard,38216123.52993158,75816256.45911388,-37600132.9291823,37600132.9291823,-49.59376087034746,49.59376087034746,True,success,,,frozen_step21_pattern,pricing_mc_v1,0.00353729999915231
short_shock_no_break,19,ceded,short,shock,False,bornhuetter_ferguson_break_aware,frozen_break_aware,38216123.52993158,82000230.9198194,-43784107.38988782,43784107.38988782,-53.395102548796885,53.395102548796885,True,success,,,frozen_step21_pattern,pricing_mc_v1,0.0037996999963070266
short_shock_no_break,19,ceded,short,shock,False,bornhuetter_ferguson_standard,frozen_standard,38216123.52993158,82000230.9198194,-43784107.38988782,43784107.38988782,-53.395102548796885,53.395102548796885,True,success,,,frozen_step21_pattern,pricing_mc_v1,0.003545500003383495
short_shock_no_break,20,ceded,short,shock,False,bornhuetter_ferguson_break_aware,frozen_break_aware,38216123.52993158,88244351.52385226,-50028227.99392068,50028227.99392068,-56.692838838980144,56.692838838980144,True,success,,,frozen_step21_pattern,pricing_mc_v1,0.0036183999982313253
short_shock_no_break,20,ceded,short,shock,False,bornhuetter_ferguson_standard,frozen_standard,38216123.52993158,88244351.52385226,-50028227.99392068,50028227.99392068,-56.692838838980144,56.692838838980144,True,success,,,frozen_step21_pattern,pricing_mc_v1,0.003581500001018867
short_shock_no_break,21,ceded,short,shock,False,bornhuetter_ferguson_break_aware,frozen_break_aware,38216123.52993158,72928903.41659534,-34712779.88666376,34712779.88666376,-47.598110297054994,47.598110297054994,True,success,,,frozen_step21_pattern,pricing_mc_v1,0.0034723999997368082
short_shock_no_break,21,ceded,short,shock,False,bornhuetter_ferguson_standard,frozen_standard,38216123.52993158,72928903.41659534,-34712779.88666376,34712779.88666376,-47.598110297054994,47.598110297054994,True,success,,,frozen_step21_pattern,pricing_mc_v1,0.0035726999994949438
short_shock_no_break,22,ceded,short,shock,False,bornhuetter_ferguson_break_aware,frozen_break_aware,38216123.52993158,86293025.80521232,-48076902.27528074,48076902.27528074,-55.713543274984765,55.713543274984765,True,success,,,frozen_step21_pattern,pricing_mc_v1,0.0034487999946577474
short_shock_no_break,22,ceded,short,shock,False,bornhuetter_ferguson_standard,frozen_standard,38216123.52993158,86293025.80521232,-48076902.27528074,48076902.27528074,-55.713543274984765,55.713543274984765,True,success,,,frozen_step21_pattern,pricing_mc_v1,0.0036832000041613355
short_shock_no_break,23,ceded,short,shock,False,bornhuetter_ferguson_break_aware,frozen_break_aware,38216123.52993158,98920315.12066409,-60704191.59073251,60704191.59073251,-61.366759210870754,61.366759210870754,True,success,,,frozen_step21_pattern,pricing_mc_v1,0.003435300001001451
short_shock_no_break,23,ceded,short,shock,False,bornhuetter_ferguson_standard,frozen_standard,38216123.52993158,98920315.12066409,-60704191.59073251,60704191.59073251,-61.366759210870754,61.366759210870754,True,success,,,frozen_step21_pattern,pricing_mc_v1,0.003598499999498017
short_shock_no_break,24,ceded,short,shock,False,bornhuetter_ferguson_break_aware,frozen_break_aware,38216123.52993158,87721052.42628112,-49504928.89634954,49504928.89634954,-56.43449038410981,56.43449038410981,True,success,,,frozen_step21_pattern,pricing_mc_v1,0.003522999999404419
short_shock_no_break,24,ceded,short,shock,False,bornhuetter_ferguson_standard,frozen_standard,38216123.52993158,87721052.42628112,-49504928.89634954,49504928.89634954,-56.43449038410981,56.43449038410981,True,success,,,frozen_step21_pattern,pricing_mc_v1,0.0036201000039000064
short_shock_no_break,25,ceded,short,shock,False,bornhuetter_ferguson_break_aware,frozen_break_aware,38216123.52993158,117526740.60372524,-79310617.07379365,79310617.07379365,-67.48303974600292,67.48303974600292,True,success,,,frozen_step21_pattern,pricing_mc_v1,0.004049499999382533
short_shock_no_break,25,ceded,short,shock,False,bornhuetter_ferguson_standard,frozen_standard,38216123.52993158,117526740.60372524,-79310617.07379365,79310617.07379365,-67.48303974600292,67.48303974600292,True,success,,,frozen_step21_pattern,pricing_mc_v1,0.0036236000014469028
short_shock_no_break,26,ceded,short,shock,False,bornhuetter_ferguson_break_aware,frozen_break_aware,38216123.52993158,95777834.72130537,-57561711.19137379,57561711.19137379,-60.09919869129118,60.09919869129118,True,success,,,frozen_step21_pattern,pricing_mc_v1,0.003562899997632485
short_shock_no_break,26,ceded,short,shock,False,bornhuetter_ferguson_standard,frozen_standard,38216123.52993158,95777834.72130537,-57561711.19137379,57561711.19137379,-60.09919869129118,60.09919869129118,True,success,,,frozen_step21_pattern,pricing_mc_v1,0.0036199000023771077
short_shock_no_break,27,ceded,short,shock,False,bornhuetter_ferguson_break_aware,frozen_break_aware,38216123.52993158,107600077.5615052,-69383954.03157362,69383954.03157362,-64.48318217234845,64.48318217234845,True,success,,,frozen_step21_pattern,pricing_mc_v1,0.0034363999948254786
short_shock_no_break,27,ceded,short,shock,False,bornhuetter_ferguson_standard,frozen_standard,38216123.52993158,107600077.5615052,-69383954.03157362,69383954.03157362,-64.48318217234845,64.48318217234845,True,success,,,frozen_step21_pattern,pricing_mc_v1,0.003695999999763444
short_shock_no_break,28,ceded,short,shock,False,bornhuetter_ferguson_break_aware,frozen_break_aware,38216123.52993158,97906415.33349863,-59690291.803567044,59690291.803567044,-60.96668088627697,60.96668088627697,True,success,,,frozen_step21_pattern,pricing_mc_v1,0.0034401000011712313
short_shock_no_break,28,ceded,short,shock,False,bornhuetter_ferguson_standard,frozen_standard,38216123.52993158,97906415.33349863,-59690291.803567044,59690291.803567044,-60.96668088627697,60.96668088627697,True,success,,,frozen_step21_pattern,pricing_mc_v1,0.003833800001302734
short_shock_no_break,29,ceded,short,shock,False,bornhuetter_ferguson_break_aware,frozen_break_aware,38216123.52993158,87437629.10602704,-49221505.576095454,49221505.576095454,-56.29327565184706,56.29327565184706,True,success,,,frozen_step21_pattern,pricing_mc_v1,0.0034262000044691376
short_shock_no_break,29,ceded,short,shock,False,bornhuetter_ferguson_standard,frozen_standard,38216123.52993158,87437629.10602704,-49221505.576095454,49221505.576095454,-56.29327565184706,56.29327565184706,True,success,,,frozen_step21_pattern,pricing_mc_v1,0.003925199998775497
short_shock_no_break,30,ceded,short,shock,False,bornhuetter_ferguson_break_aware,frozen_break_aware,38216123.52993158,96643206.08115312,-58427082.55122154,58427082.55122154,-60.45648206471878,60.45648206471878,True,success,,,frozen_step21_pattern,pricing_mc_v1,0.003548299995600246
short_shock_no_break,30,ceded,short,shock,False,bornhuetter_ferguson_standard,frozen_standard,38216123.52993158,96643206.08115312,-58427082.55122154,58427082.55122154,-60.45648206471878,60.45648206471878,True,success,,,frozen_step21_pattern,pricing_mc_v1,0.0038688999993610196
short_shock_no_break,31,ceded,short,shock,False,bornhuetter_ferguson_break_aware,frozen_break_aware,38216123.52993158,93300270.72113782,-55084147.19120624,55084147.19120624,-59.03964347096642,59.03964347096642,True,success,,,frozen_step21_pattern,pricing_mc_v1,0.0035717999999178573
short_shock_no_break,31,ceded,short,shock,False,bornhuetter_ferguson_standard,frozen_standard,38216123.52993158,93300270.72113782,-55084147.19120624,55084147.19120624,-59.03964347096642,59.03964347096642,True,success,,,frozen_step21_pattern,pricing_mc_v1,0.0037972000063746236
short_shock_no_break,32,ceded,short,shock,False,bornhuetter_ferguson_break_aware,frozen_break_aware,38216123.52993158,76170535.19235645,-37954411.66242487,37954411.66242487,-49.828206624224315,49.828206624224315,True,success,,,frozen_step21_pattern,pricing_mc_v1,0.003590000000258442
short_shock_no_break,32,ceded,short,shock,False,bornhuetter_ferguson_standard,frozen_standard,38216123.52993158,76170535.19235645,-37954411.66242487,37954411.66242487,-49.828206624224315,49.828206624224315,True,success,,,frozen_step21_pattern,pricing_mc_v1,0.003690599995024968
short_shock_no_break,33,ceded,short,shock,False,bornhuetter_ferguson_break_aware,frozen_break_aware,38216123.52993158,83982657.97744578,-45766534.4475142,45766534.4475142,-54.49522026297997,54.49522026297997,True,success,,,frozen_step21_pattern,pricing_mc_v1,0.0036862999986624345
short_shock_no_break,33,ceded,short,shock,False,bornhuetter_ferguson_standard,frozen_standard,38216123.52993158,83982657.97744578,-45766534.4475142,45766534.4475142,-54.49522026297997,54.49522026297997,True,success,,,frozen_step21_pattern,pricing_mc_v1,0.003598300005251076
short_shock_no_break,34,ceded,short,shock,False,bornhuetter_ferguson_break_aware,frozen_break_aware,38216123.52993158,97630102.64478233,-59413979.11485075,59413979.11485075,-60.85620879763156,60.85620879763156,True,success,,,frozen_step21_pattern,pricing_mc_v1,0.0035520000019459985
short_shock_no_break,34,ceded,short,shock,False,bornhuetter_ferguson_standard,frozen_standard,38216123.52993158,97630102.64478233,-59413979.11485075,59413979.11485075,-60.85620879763156,60.85620879763156,True,success,,,frozen_step21_pattern,pricing_mc_v1,0.003558500000508502
short_shock_no_break,35,ceded,short,shock,False,bornhuetter_ferguson_break_aware,frozen_break_aware,38216123.52993158,85880883.24703081,-47664759.71709923,47664759.71709923,-55.50101246629547,55.50101246629547,True,success,,,frozen_step21_pattern,pricing_mc_v1,0.0035653999948408455
short_shock_no_break,35,ceded,short,shock,False,bornhuetter_ferguson_standard,frozen_standard,38216123.52993158,85880883.24703081,-47664759.71709923,47664759.71709923,-55.50101246629547,55.50101246629547,True,success,,,frozen_step21_pattern,pricing_mc_v1,0.0035666999974637292
short_shock_no_break,36,ceded,short,shock,False,bornhuetter_ferguson_break_aware,frozen_break_aware,38216123.52993158,85841426.93886314,-47625303.40893156,47625303.40893156,-55.480558871476624,55.480558871476624,True,success,,,frozen_step21_pattern,pricing_mc_v1,0.0035900999937439337
short_shock_no_break,36,ceded,short,shock,False,bornhuetter_ferguson_standard,frozen_standard,38216123.52993158,85841426.93886314,-47625303.40893156,47625303.40893156,-55.480558871476624,55.480558871476624,True,success,,,frozen_step21_pattern,pricing_mc_v1,0.0036117999989073724
short_shock_no_break,37,ceded,short,shock,False,bornhuetter_ferguson_break_aware,frozen_break_aware,38216123.52993158,70006630.76242268,-31790507.2324911,31790507.2324911,-45.410708794680666,45.410708794680666,True,success,,,frozen_step21_pattern,pricing_mc_v1,0.0037430000011227094
short_shock_no_break,37,ceded,short,shock,False,bornhuetter_ferguson_standard,frozen_standard,38216123.52993158,70006630.76242268,-31790507.2324911,31790507.2324911,-45.410708794680666,45.410708794680666,True,success,,,frozen_step21_pattern,pricing_mc_v1,0.003602700002375059
short_shock_no_break,38,ceded,short,shock,False,bornhuetter_ferguson_break_aware,frozen_break_aware,38216123.52993158,73199320.98395583,-34983197.45402425,34983197.45402425,-47.79169667665637,47.79169667665637,True,success,,,frozen_step21_pattern,pricing_mc_v1,0.004076699995493982
short_shock_no_break,38,ceded,short,shock,False,bornhuetter_ferguson_standard,frozen_standard,38216123.52993158,73199320.98395583,-34983197.45402425,34983197.45402425,-47.79169667665637,47.79169667665637,True,success,,,frozen_step21_pattern,pricing_mc_v1,0.0035487999994074926
short_shock_no_break,39,ceded,short,shock,False,bornhuetter_ferguson_break_aware,frozen_break_aware,38216123.52993158,96892399.45970033,-58676275.92976875,58676275.92976875,-60.55818233108521,60.55818233108521,True,success,,,frozen_step21_pattern,pricing_mc_v1,0.0045126000040909275
short_shock_no_break,39,ceded,short,shock,False,bornhuetter_ferguson_standard,frozen_standard,38216123.52993158,96892399.45970033,-58676275.92976875,58676275.92976875,-60.55818233108521,60.55818233108521,True,success,,,frozen_step21_pattern,pricing_mc_v1,0.003533600000082515
short_shock_no_break,40,ceded,short,shock,False,bornhuetter_ferguson_break_aware,frozen_break_aware,38216123.52993158,62525344.66199358,-24309221.132061996,24309221.132061996,-38.87898781442225,38.87898781442225,True,success,,,frozen_step21_pattern,pricing_mc_v1,0.0037121999994269572
short_shock_no_break,40,ceded,short,shock,False,bornhuetter_ferguson_standard,frozen_standard,38216123.52993158,62525344.66199358,-24309221.132061996,24309221.132061996,-38.87898781442225,38.87898781442225,True,success,,,frozen_step21_pattern,pricing_mc_v1,0.0035318000009283423
short_shock_no_break,41,ceded,short,shock,False,bornhuetter_ferguson_break_aware,frozen_break_aware,38216123.52993158,96702867.80750936,-58486744.27757778,58486744.27757778,-60.48087880288908,60.48087880288908,True,success,,,frozen_step21_pattern,pricing_mc_v1,0.003708500000357162
short_shock_no_break,41,ceded,short,shock,False,bornhuetter_ferguson_standard,frozen_standard,38216123.52993158,96702867.80750936,-58486744.27757778,58486744.27757778,-60.48087880288908,60.48087880288908,True,success,,,frozen_step21_pattern,pricing_mc_v1,0.0035384000002522953
short_shock_no_break,42,ceded,short,shock,False,bornhuetter_ferguson_break_aware,frozen_break_aware,38216123.52993158,100744920.0350441,-62528796.50511252,62528796.50511252,-62.0664510760065,62.0664510760065,True,success,,,frozen_step21_pattern,pricing_mc_v1,0.003540500001690816
short_shock_no_break,42,ceded,short,shock,False,bornhuetter_ferguson_standard,frozen_standard,38216123.52993158,100744920.0350441,-62528796.50511252,62528796.50511252,-62.0664510760065,62.0664510760065,True,success,,,frozen_step21_pattern,pricing_mc_v1,0.003541399993991945
short_shock_no_break,43,ceded,short,shock,False,bornhuetter_ferguson_break_aware,frozen_break_aware,38216123.52993158,101253622.25781557,-63037498.72788399,63037498.72788399,-62.25703073355309,62.25703073355309,True,success,,,frozen_step21_pattern,pricing_mc_v1,0.003550600005837623
short_shock_no_break,43,ceded,short,shock,False,bornhuetter_ferguson_standard,frozen_standard,38216123.52993158,101253622.25781557,-63037498.72788399,63037498.72788399,-62.25703073355309,62.25703073355309,True,success,,,frozen_step21_pattern,pricing_mc_v1,0.0036514000021270476
short_shock_no_break,44,ceded,short,shock,False,bornhuetter_ferguson_break_aware,frozen_break_aware,38216123.52993158,109292278.76835859,-71076155.23842701,71076155.23842701,-65.03309843970825,65.03309843970825,True,success,,,frozen_step21_pattern,pricing_mc_v1,0.003435800004808698
short_shock_no_break,44,ceded,short,shock,False,bornhuetter_ferguson_standard,frozen_standard,38216123.52993158,109292278.76835859,-71076155.23842701,71076155.23842701,-65.03309843970825,65.03309843970825,True,success,,,frozen_step21_pattern,pricing_mc_v1,0.003602199998567812
short_shock_no_break,45,ceded,short,shock,False,bornhuetter_ferguson_break_aware,frozen_break_aware,38216123.52993158,83758652.38629352,-45542528.85636193,45542528.85636193,-54.37352149163115,54.37352149163115,True,success,,,frozen_step21_pattern,pricing_mc_v1,0.0035147999951732345
short_shock_no_break,45,ceded,short,shock,False,bornhuetter_ferguson_standard,frozen_standard,38216123.52993158,83758652.38629352,-45542528.85636193,45542528.85636193,-54.37352149163115,54.37352149163115,True,success,,,frozen_step21_pattern,pricing_mc_v1,0.0036259000044083223
short_shock_no_break,46,ceded,short,shock,False,bornhuetter_ferguson_break_aware,frozen_break_aware,38216123.52993158,86282794.70887911,-48066671.17894753,48066671.17894753,-55.70829194989106,55.70829194989106,True,success,,,frozen_step21_pattern,pricing_mc_v1,0.0034336000026087277
short_shock_no_break,46,ceded,short,shock,False,bornhuetter_ferguson_standard,frozen_standard,38216123.52993158,86282794.70887911,-48066671.17894753,48066671.17894753,-55.70829194989106,55.70829194989106,True,success,,,frozen_step21_pattern,pricing_mc_v1,0.0036347000059322454
short_shock_no_break,47,ceded,short,shock,False,bornhuetter_ferguson_break_aware,frozen_break_aware,38216123.52993158,80327683.44530128,-42111559.9153697,42111559.9153697,-52.42471599974042,52.42471599974042,True,success,,,frozen_step21_pattern,pricing_mc_v1,0.003424399998039007
short_shock_no_break,47,ceded,short,shock,False,bornhuetter_ferguson_standard,frozen_standard,38216123.52993158,80327683.44530128,-42111559.9153697,42111559.9153697,-52.42471599974042,52.42471599974042,True,success,,,frozen_step21_pattern,pricing_mc_v1,0.003744499997992534
short_shock_no_break,48,ceded,short,shock,False,bornhuetter_ferguson_break_aware,frozen_break_aware,38216123.52993158,93913852.25459364,-55697728.72466206,55697728.72466206,-59.307255945235376,59.307255945235376,True,success,,,frozen_step21_pattern,pricing_mc_v1,0.003441999993810896
short_shock_no_break,48,ceded,short,shock,False,bornhuetter_ferguson_standard,frozen_standard,38216123.52993158,93913852.25459364,-55697728.72466206,55697728.72466206,-59.307255945235376,59.307255945235376,True,success,,,frozen_step21_pattern,pricing_mc_v1,0.003685900002892595
short_shock_no_break,49,ceded,short,shock,False,bornhuetter_ferguson_break_aware,frozen_break_aware,38216123.52993158,72987549.70519732,-34771426.17526574,34771426.17526574,-47.640215784350026,47.640215784350026,True,success,,,frozen_step21_pattern,pricing_mc_v1,0.0035273000030429102
short_shock_no_break,49,ceded,short,shock,False,bornhuetter_ferguson_standard,frozen_standard,38216123.52993158,72987549.70519732,-34771426.17526574,34771426.17526574,-47.640215784350026,47.640215784350026,True,success,,,frozen_step21_pattern,pricing_mc_v1,0.0037378999986685812
short_shock_no_break,50,ceded,short,shock,False,bornhuetter_ferguson_break_aware,frozen_break_aware,38216123.52993158,83518505.67483574,-45302382.14490416,45302382.14490416,-54.24232842632604,54.24232842632604,True,success,,,frozen_step21_pattern,pricing_mc_v1,0.003526399996189866
short_shock_no_break,50,ceded,short,shock,False,bornhuetter_ferguson_standard,frozen_standard,38216123.52993158,83518505.67483574,-45302382.14490416,45302382.14490416,-54.24232842632604,54.24232842632604,True,success,,,frozen_step21_pattern,pricing_mc_v1,0.003740099993592594
short_stable_no_break,1,ceded,short,stable,False,bornhuetter_ferguson_break_aware,frozen_break_aware,24677972.87103426,55892585.70819512,-31214612.83716086,31214612.83716086,-55.84750184957732,55.84750184957732,True,success,,,frozen_step21_pattern,pricing_mc_v1,0.003489900002023205
short_stable_no_break,1,ceded,short,stable,False,bornhuetter_ferguson_standard,frozen_standard,24677972.87103426,55892585.70819512,-31214612.83716086,31214612.83716086,-55.84750184957732,55.84750184957732,True,success,,,frozen_step21_pattern,pricing_mc_v1,0.0037540000048466027
short_stable_no_break,2,ceded,short,stable,False,bornhuetter_ferguson_break_aware,frozen_break_aware,24677972.87103426,53582073.925859615,-28904101.054825354,28904101.054825354,-53.94360265864167,53.94360265864167,True,success,,,frozen_step21_pattern,pricing_mc_v1,0.003546300002199132
short_stable_no_break,2,ceded,short,stable,False,bornhuetter_ferguson_standard,frozen_standard,24677972.87103426,53582073.925859615,-28904101.054825354,28904101.054825354,-53.94360265864167,53.94360265864167,True,success,,,frozen_step21_pattern,pricing_mc_v1,0.0038325999994412996
short_stable_no_break,3,ceded,short,stable,False,bornhuetter_ferguson_break_aware,frozen_break_aware,24677972.87103426,52023753.56578843,-27345780.694754172,27345780.694754172,-52.564028583929684,52.564028583929684,True,success,,,frozen_step21_pattern,pricing_mc_v1,0.0035425000023678876
short_stable_no_break,3,ceded,short,stable,False,bornhuetter_ferguson_standard,frozen_standard,24677972.87103426,52023753.56578843,-27345780.694754172,27345780.694754172,-52.564028583929684,52.564028583929684,True,success,,,frozen_step21_pattern,pricing_mc_v1,0.0036575999984052032
short_stable_no_break,4,ceded,short,stable,False,bornhuetter_ferguson_break_aware,frozen_break_aware,24677972.87103426,45183225.50441329,-20505252.63337903,20505252.63337903,-45.38244537538864,45.38244537538864,True,success,,,frozen_step21_pattern,pricing_mc_v1,0.0035158999962732196
short_stable_no_break,4,ceded,short,stable,False,bornhuetter_ferguson_standard,frozen_standard,24677972.87103426,45183225.50441329,-20505252.63337903,20505252.63337903,-45.38244537538864,45.38244537538864,True,success,,,frozen_step21_pattern,pricing_mc_v1,0.004260599998815451
short_stable_no_break,5,ceded,short,stable,False,bornhuetter_ferguson_break_aware,frozen_break_aware,24677972.87103426,49839749.28119759,-25161776.41016333,25161776.41016333,-50.48535912209292,50.48535912209292,True,success,,,frozen_step21_pattern,pricing_mc_v1,0.003507299996272195
short_stable_no_break,5,ceded,short,stable,False,bornhuetter_ferguson_standard,frozen_standard,24677972.87103426,49839749.28119759,-25161776.41016333,25161776.41016333,-50.48535912209292,50.48535912209292,True,success,,,frozen_step21_pattern,pricing_mc_v1,0.003552200003468897
short_stable_no_break,6,ceded,short,stable,False,bornhuetter_ferguson_break_aware,frozen_break_aware,24677972.87103426,50537310.763940305,-25859337.892906044,25859337.892906044,-51.168804793937234,51.168804793937234,True,success,,,frozen_step21_pattern,pricing_mc_v1,0.003692300000693649
short_stable_no_break,6,ceded,short,stable,False,bornhuetter_ferguson_standard,frozen_standard,24677972.87103426,50537310.763940305,-25859337.892906044,25859337.892906044,-51.168804793937234,51.168804793937234,True,success,,,frozen_step21_pattern,pricing_mc_v1,0.0035184999942430295
short_stable_no_break,7,ceded,short,stable,False,bornhuetter_ferguson_break_aware,frozen_break_aware,24677972.87103426,46350552.50131959,-21672579.630285326,21672579.630285326,-46.75797473971494,46.75797473971494,True,success,,,frozen_step21_pattern,pricing_mc_v1,0.003691999998409301
short_stable_no_break,7,ceded,short,stable,False,bornhuetter_ferguson_standard,frozen_standard,24677972.87103426,46350552.50131959,-21672579.630285326,21672579.630285326,-46.75797473971494,46.75797473971494,True,success,,,frozen_step21_pattern,pricing_mc_v1,0.003532000002451241
short_stable_no_break,8,ceded,short,stable,False,bornhuetter_ferguson_break_aware,frozen_break_aware,24677972.87103426,55435028.83808475,-30757055.96705049,30757055.96705049,-55.48307020257181,55.48307020257181,True,success,,,frozen_step21_pattern,pricing_mc_v1,0.003641200004494749
short_stable_no_break,8,ceded,short,stable,False,bornhuetter_ferguson_standard,frozen_standard,24677972.87103426,55435028.83808475,-30757055.96705049,30757055.96705049,-55.48307020257181,55.48307020257181,True,success,,,frozen_step21_pattern,pricing_mc_v1,0.0035666999974637292
short_stable_no_break,9,ceded,short,stable,False,bornhuetter_ferguson_break_aware,frozen_break_aware,24677972.87103426,55145937.14233,-30467964.271295737,30467964.271295737,-55.24969898083125,55.24969898083125,True,success,,,frozen_step21_pattern,pricing_mc_v1,0.0036678000033134595
short_stable_no_break,9,ceded,short,stable,False,bornhuetter_ferguson_standard,frozen_standard,24677972.87103426,55145937.14233,-30467964.271295737,30467964.271295737,-55.24969898083125,55.24969898083125,True,success,,,frozen_step21_pattern,pricing_mc_v1,0.0035293999972054735
short_stable_no_break,10,ceded,short,stable,False,bornhuetter_ferguson_break_aware,frozen_break_aware,24677972.87103426,66326260.11826292,-41648287.24722865,41648287.24722865,-62.793058394921935,62.793058394921935,True,success,,,frozen_step21_pattern,pricing_mc_v1,0.0037392999947769567
short_stable_no_break,10,ceded,short,stable,False,bornhuetter_ferguson_standard,frozen_standard,24677972.87103426,66326260.11826292,-41648287.24722865,41648287.24722865,-62.793058394921935,62.793058394921935,True,success,,,frozen_step21_pattern,pricing_mc_v1,0.003558199998224154
short_stable_no_break,11,ceded,short,stable,False,bornhuetter_ferguson_break_aware,frozen_break_aware,24677972.87103426,71395569.41409275,-46717596.543058485,46717596.543058485,-65.43486791469851,65.43486791469851,True,success,,,frozen_step21_pattern,pricing_mc_v1,0.0035023999953409657
short_stable_no_break,11,ceded,short,stable,False,bornhuetter_ferguson_standard,frozen_standard,24677972.87103426,71395569.41409275,-46717596.543058485,46717596.543058485,-65.43486791469851,65.43486791469851,True,success,,,frozen_step21_pattern,pricing_mc_v1,0.003632599997217767
short_stable_no_break,12,ceded,short,stable,False,bornhuetter_ferguson_break_aware,frozen_break_aware,24677972.87103426,57506650.49990024,-32828677.628865976,32828677.628865976,-57.08674969501645,57.08674969501645,True,success,,,frozen_step21_pattern,pricing_mc_v1,0.0034211000020150095
short_stable_no_break,12,ceded,short,stable,False,bornhuetter_ferguson_standard,frozen_standard,24677972.87103426,57506650.49990024,-32828677.628865976,32828677.628865976,-57.08674969501645,57.08674969501645,True,success,,,frozen_step21_pattern,pricing_mc_v1,0.0035655000028782524
short_stable_no_break,13,ceded,short,stable,False,bornhuetter_ferguson_break_aware,frozen_break_aware,24677972.87103426,55324389.44217354,-30646416.57113928,30646416.57113928,-55.39404389301339,55.39404389301339,True,success,,,frozen_step21_pattern,pricing_mc_v1,0.0035134999998263083
short_stable_no_break,13,ceded,short,stable,False,bornhuetter_ferguson_standard,frozen_standard,24677972.87103426,55324389.44217354,-30646416.57113928,30646416.57113928,-55.39404389301339,55.39404389301339,True,success,,,frozen_step21_pattern,pricing_mc_v1,0.0036034000004292466
short_stable_no_break,14,ceded,short,stable,False,bornhuetter_ferguson_break_aware,frozen_break_aware,24677972.87103426,55065670.70444464,-30387697.83341038,30387697.83341038,-55.18446873463329,55.18446873463329,True,success,,,frozen_step21_pattern,pricing_mc_v1,0.0035318000009283423
short_stable_no_break,14,ceded,short,stable,False,bornhuetter_ferguson_standard,frozen_standard,24677972.87103426,55065670.70444464,-30387697.83341038,30387697.83341038,-55.18446873463329,55.18446873463329,True,success,,,frozen_step21_pattern,pricing_mc_v1,0.0036858000021311454
short_stable_no_break,15,ceded,short,stable,False,bornhuetter_ferguson_break_aware,frozen_break_aware,24677972.87103426,50351765.20084126,-25673792.329807002,25673792.329807002,-50.98886251038137,50.98886251038137,True,success,,,frozen_step21_pattern,pricing_mc_v1,0.003430199998547323
short_stable_no_break,15,ceded,short,stable,False,bornhuetter_ferguson_standard,frozen_standard,24677972.87103426,50351765.20084126,-25673792.329807002,25673792.329807002,-50.98886251038137,50.98886251038137,True,success,,,frozen_step21_pattern,pricing_mc_v1,0.0036308999988250434
short_stable_no_break,16,ceded,short,stable,False,bornhuetter_ferguson_break_aware,frozen_break_aware,24677972.87103426,56998013.749120295,-32320040.878086034,32320040.878086034,-56.703802031320535,56.703802031320535,True,success,,,frozen_step21_pattern,pricing_mc_v1,0.0034377999982098117
short_stable_no_break,16,ceded,short,stable,False,bornhuetter_ferguson_standard,frozen_standard,24677972.87103426,56998013.749120295,-32320040.878086034,32320040.878086034,-56.703802031320535,56.703802031320535,True,success,,,frozen_step21_pattern,pricing_mc_v1,0.0037621000010403804
short_stable_no_break,17,ceded,short,stable,False,bornhuetter_ferguson_break_aware,frozen_break_aware,24677972.87103426,59361349.67702557,-34683376.80599131,34683376.80599131,-58.427540806766224,58.427540806766224,True,success,,,frozen_step21_pattern,pricing_mc_v1,0.0034372000009170733
short_stable_no_break,17,ceded,short,stable,False,bornhuetter_ferguson_standard,frozen_standard,24677972.87103426,59361349.67702557,-34683376.80599131,34683376.80599131,-58.427540806766224,58.427540806766224,True,success,,,frozen_step21_pattern,pricing_mc_v1,0.00365330000204267
short_stable_no_break,18,ceded,short,stable,False,bornhuetter_ferguson_break_aware,frozen_break_aware,24677972.87103426,48910691.05964558,-24232718.188611317,24232718.188611317,-49.54482887812813,49.54482887812813,True,success,,,frozen_step21_pattern,pricing_mc_v1,0.0035730000017792918
short_stable_no_break,18,ceded,short,stable,False,bornhuetter_ferguson_standard,frozen_standard,24677972.87103426,48910691.05964558,-24232718.188611317,24232718.188611317,-49.54482887812813,49.54482887812813,True,success,,,frozen_step21_pattern,pricing_mc_v1,0.004513200001383666
short_stable_no_break,19,ceded,short,stable,False,bornhuetter_ferguson_break_aware,frozen_break_aware,24677972.87103426,45623545.43055571,-20945572.559521448,20945572.559521448,-45.909567881792576,45.909567881792576,True,success,,,frozen_step21_pattern,pricing_mc_v1,0.0036188000012771226
short_stable_no_break,19,ceded,short,stable,False,bornhuetter_ferguson_standard,frozen_standard,24677972.87103426,45623545.43055571,-20945572.559521448,20945572.559521448,-45.909567881792576,45.909567881792576,True,success,,,frozen_step21_pattern,pricing_mc_v1,0.0038420999990194105
short_stable_no_break,20,ceded,short,stable,False,bornhuetter_ferguson_break_aware,frozen_break_aware,24677972.87103426,54266755.164201364,-29588782.293167103,29588782.293167103,-54.52469417719341,54.52469417719341,True,success,,,frozen_step21_pattern,pricing_mc_v1,0.0035762000043177977
short_stable_no_break,20,ceded,short,stable,False,bornhuetter_ferguson_standard,frozen_standard,24677972.87103426,54266755.164201364,-29588782.293167103,29588782.293167103,-54.52469417719341,54.52469417719341,True,success,,,frozen_step21_pattern,pricing_mc_v1,0.003874900001392234
short_stable_no_break,21,ceded,short,stable,False,bornhuetter_ferguson_break_aware,frozen_break_aware,24677972.87103426,41005306.84397526,-16327333.972941,16327333.972941,-39.8176119863371,39.8176119863371,True,success,,,frozen_step21_pattern,pricing_mc_v1,0.003579099997295998
short_stable_no_break,21,ceded,short,stable,False,bornhuetter_ferguson_standard,frozen_standard,24677972.87103426,41005306.84397526,-16327333.972941,16327333.972941,-39.8176119863371,39.8176119863371,True,success,,,frozen_step21_pattern,pricing_mc_v1,0.00380070000392152
short_stable_no_break,22,ceded,short,stable,False,bornhuetter_ferguson_break_aware,frozen_break_aware,24677972.87103426,57648324.65838912,-32970351.78735486,32970351.78735486,-57.19221153906844,57.19221153906844,True,success,,,frozen_step21_pattern,pricing_mc_v1,0.003521899998304434
short_stable_no_break,22,ceded,short,stable,False,bornhuetter_ferguson_standard,frozen_standard,24677972.87103426,57648324.65838912,-32970351.78735486,32970351.78735486,-57.19221153906844,57.19221153906844,True,success,,,frozen_step21_pattern,pricing_mc_v1,0.003880200005369261
short_stable_no_break,23,ceded,short,stable,False,bornhuetter_ferguson_break_aware,frozen_break_aware,24677972.87103426,62637929.17204631,-37959956.301012054,37959956.301012054,-60.602189125295354,60.602189125295354,True,success,,,frozen_step21_pattern,pricing_mc_v1,0.003525700005411636
short_stable_no_break,23,ceded,short,stable,False,bornhuetter_ferguson_standard,frozen_standard,24677972.87103426,62637929.17204631,-37959956.301012054,37959956.301012054,-60.602189125295354,60.602189125295354,True,success,,,frozen_step21_pattern,pricing_mc_v1,0.003735800004506018
short_stable_no_break,24,ceded,short,stable,False,bornhuetter_ferguson_break_aware,frozen_break_aware,24677972.87103426,46324811.78115249,-21646838.910118226,21646838.910118226,-46.728390419333266,46.728390419333266,True,success,,,frozen_step21_pattern,pricing_mc_v1,0.0035239000062574632
short_stable_no_break,24,ceded,short,stable,False,bornhuetter_ferguson_standard,frozen_standard,24677972.87103426,46324811.78115249,-21646838.910118226,21646838.910118226,-46.728390419333266,46.728390419333266,True,success,,,frozen_step21_pattern,pricing_mc_v1,0.0036701999997603707
short_stable_no_break,25,ceded,short,stable,False,bornhuetter_ferguson_break_aware,frozen_break_aware,24677972.87103426,70838895.44249286,-46160922.57145859,46160922.57145859,-65.16324440565582,65.16324440565582,True,success,,,frozen_step21_pattern,pricing_mc_v1,0.003532800001266878
short_stable_no_break,25,ceded,short,stable,False,bornhuetter_ferguson_standard,frozen_standard,24677972.87103426,70838895.44249286,-46160922.57145859,46160922.57145859,-65.16324440565582,65.16324440565582,True,success,,,frozen_step21_pattern,pricing_mc_v1,0.0036583999972208403
short_stable_no_break,26,ceded,short,stable,False,bornhuetter_ferguson_break_aware,frozen_break_aware,24677972.87103426,59500057.73544208,-34822084.86440782,34822084.86440782,-58.524455588327164,58.524455588327164,True,success,,,frozen_step21_pattern,pricing_mc_v1,0.0036647999950218946
short_stable_no_break,26,ceded,short,stable,False,bornhuetter_ferguson_standard,frozen_standard,24677972.87103426,59500057.73544208,-34822084.86440782,34822084.86440782,-58.524455588327164,58.524455588327164,True,success,,,frozen_step21_pattern,pricing_mc_v1,0.003588500003388617
short_stable_no_break,27,ceded,short,stable,False,bornhuetter_ferguson_break_aware,frozen_break_aware,24677972.87103426,71206593.66970244,-46528620.798668176,46528620.798668176,-65.34313523617624,65.34313523617624,True,success,,,frozen_step21_pattern,pricing_mc_v1,0.003676299995277077
short_stable_no_break,27,ceded,short,stable,False,bornhuetter_ferguson_standard,frozen_standard,24677972.87103426,71206593.66970244,-46528620.798668176,46528620.798668176,-65.34313523617624,65.34313523617624,True,success,,,frozen_step21_pattern,pricing_mc_v1,0.0036015000005136244
short_stable_no_break,28,ceded,short,stable,False,bornhuetter_ferguson_break_aware,frozen_break_aware,24677972.87103426,62314503.85059279,-37636530.97955853,37636530.97955853,-60.39770623833747,60.39770623833747,True,success,,,frozen_step21_pattern,pricing_mc_v1,0.0036995999980717897
short_stable_no_break,28,ceded,short,stable,False,bornhuetter_ferguson_standard,frozen_standard,24677972.87103426,62314503.85059279,-37636530.97955853,37636530.97955853,-60.39770623833747,60.39770623833747,True,success,,,frozen_step21_pattern,pricing_mc_v1,0.003569799999240786
short_stable_no_break,29,ceded,short,stable,False,bornhuetter_ferguson_break_aware,frozen_break_aware,24677972.87103426,56963023.1644543,-32285050.293420043,32285050.293420043,-56.67720654539689,56.67720654539689,True,success,,,frozen_step21_pattern,pricing_mc_v1,0.003640299997641705
short_stable_no_break,29,ceded,short,stable,False,bornhuetter_ferguson_standard,frozen_standard,24677972.87103426,56963023.1644543,-32285050.293420043,32285050.293420043,-56.67720654539689,56.67720654539689,True,success,,,frozen_step21_pattern,pricing_mc_v1,0.003577800001949072
short_stable_no_break,30,ceded,short,stable,False,bornhuetter_ferguson_break_aware,frozen_break_aware,24677972.87103426,62387330.11787935,-37709357.2468451,37709357.2468451,-60.44393497140233,60.44393497140233,True,success,,,frozen_step21_pattern,pricing_mc_v1,0.0036877000020467676
short_stable_no_break,30,ceded,short,stable,False,bornhuetter_ferguson_standard,frozen_standard,24677972.87103426,62387330.11787935,-37709357.2468451,37709357.2468451,-60.44393497140233,60.44393497140233,True,success,,,frozen_step21_pattern,pricing_mc_v1,0.0035797999953501858
short_stable_no_break,31,ceded,short,stable,False,bornhuetter_ferguson_break_aware,frozen_break_aware,24677972.87103426,57760920.246734,-33082947.37569974,33082947.37569974,-57.27565841122547,57.27565841122547,True,success,,,frozen_step21_pattern,pricing_mc_v1,0.0037034999986644834
short_stable_no_break,31,ceded,short,stable,False,bornhuetter_ferguson_standard,frozen_standard,24677972.87103426,57760920.246734,-33082947.37569974,33082947.37569974,-57.27565841122547,57.27565841122547,True,success,,,frozen_step21_pattern,pricing_mc_v1,0.0035897999987355433
short_stable_no_break,32,ceded,short,stable,False,bornhuetter_ferguson_break_aware,frozen_break_aware,24677972.87103426,46887955.63871187,-22209982.76767761,22209982.76767761,-47.36820461700934,47.36820461700934,True,success,,,frozen_step21_pattern,pricing_mc_v1,0.003715799997735303
short_stable_no_break,32,ceded,short,stable,False,bornhuetter_ferguson_standard,frozen_standard,24677972.87103426,46887955.63871187,-22209982.76767761,22209982.76767761,-47.36820461700934,47.36820461700934,True,success,,,frozen_step21_pattern,pricing_mc_v1,0.0042267000026186
short_stable_no_break,33,ceded,short,stable,False,bornhuetter_ferguson_break_aware,frozen_break_aware,24677972.87103426,50303056.34022082,-25625083.469186556,25625083.469186556,-50.94140462534382,50.94140462534382,True,success,,,frozen_step21_pattern,pricing_mc_v1,0.003770399998757057
short_stable_no_break,33,ceded,short,stable,False,bornhuetter_ferguson_standard,frozen_standard,24677972.87103426,50303056.34022082,-25625083.469186556,25625083.469186556,-50.94140462534382,50.94140462534382,True,success,,,frozen_step21_pattern,pricing_mc_v1,0.003601399999752175
short_stable_no_break,34,ceded,short,stable,False,bornhuetter_ferguson_break_aware,frozen_break_aware,24677972.87103426,61527410.56761405,-36849437.696579784,36849437.696579784,-59.89109139589906,59.89109139589906,True,success,,,frozen_step21_pattern,pricing_mc_v1,0.003751900003408082
short_stable_no_break,34,ceded,short,stable,False,bornhuetter_ferguson_standard,frozen_standard,24677972.87103426,61527410.56761405,-36849437.696579784,36849437.696579784,-59.89109139589906,59.89109139589906,True,success,,,frozen_step21_pattern,pricing_mc_v1,0.0035973000049125403
short_stable_no_break,35,ceded,short,stable,False,bornhuetter_ferguson_break_aware,frozen_break_aware,24677972.87103426,52999778.68140803,-28321805.810373772,28321805.810373772,-53.43759259943641,53.43759259943641,True,success,,,frozen_step21_pattern,pricing_mc_v1,0.00359250000474276
short_stable_no_break,35,ceded,short,stable,False,bornhuetter_ferguson_standard,frozen_standard,24677972.87103426,52999778.68140803,-28321805.810373772,28321805.810373772,-53.43759259943641,53.43759259943641,True,success,,,frozen_step21_pattern,pricing_mc_v1,0.0036056999961147085
short_stable_no_break,36,ceded,short,stable,False,bornhuetter_ferguson_break_aware,frozen_break_aware,24677972.87103426,49542202.26595014,-24864229.394915882,24864229.394915882,-50.18797763862188,50.18797763862188,True,success,,,frozen_step21_pattern,pricing_mc_v1,0.0035033999956795014
short_stable_no_break,36,ceded,short,stable,False,bornhuetter_ferguson_standard,frozen_standard,24677972.87103426,49542202.26595014,-24864229.394915882,24864229.394915882,-50.18797763862188,50.18797763862188,True,success,,,frozen_step21_pattern,pricing_mc_v1,0.0037402000016300008
short_stable_no_break,37,ceded,short,stable,False,bornhuetter_ferguson_break_aware,frozen_break_aware,24677972.87103426,44777687.51000127,-20099714.63896701,20099714.63896701,-44.887790675830814,44.887790675830814,True,success,,,frozen_step21_pattern,pricing_mc_v1,0.0034773000006680377
short_stable_no_break,37,ceded,short,stable,False,bornhuetter_ferguson_standard,frozen_standard,24677972.87103426,44777687.51000127,-20099714.63896701,20099714.63896701,-44.887790675830814,44.887790675830814,True,success,,,frozen_step21_pattern,pricing_mc_v1,0.0036591000025509857
short_stable_no_break,38,ceded,short,stable,False,bornhuetter_ferguson_break_aware,frozen_break_aware,24677972.87103426,42850688.332212985,-18172715.461178724,18172715.461178724,-42.40938983357566,42.40938983357566,True,success,,,frozen_step21_pattern,pricing_mc_v1,0.0036032999996677972
short_stable_no_break,38,ceded,short,stable,False,bornhuetter_ferguson_standard,frozen_standard,24677972.87103426,42850688.332212985,-18172715.461178724,18172715.461178724,-42.40938983357566,42.40938983357566,True,success,,,frozen_step21_pattern,pricing_mc_v1,0.0036114999966230243
short_stable_no_break,39,ceded,short,stable,False,bornhuetter_ferguson_break_aware,frozen_break_aware,24677972.87103426,62043310.71688711,-37365337.84585285,37365337.84585285,-60.2246034489624,60.2246034489624,True,success,,,frozen_step21_pattern,pricing_mc_v1,0.0035102999972878024
short_stable_no_break,39,ceded,short,stable,False,bornhuetter_ferguson_standard,frozen_standard,24677972.87103426,62043310.71688711,-37365337.84585285,37365337.84585285,-60.2246034489624,60.2246034489624,True,success,,,frozen_step21_pattern,pricing_mc_v1,0.0037061999973957427
short_stable_no_break,40,ceded,short,stable,False,bornhuetter_ferguson_break_aware,frozen_break_aware,24677972.87103426,38742016.33400515,-14064043.462970886,14064043.462970886,-36.30178497092422,36.30178497092422,True,success,,,frozen_step21_pattern,pricing_mc_v1,0.003505800006678328
short_stable_no_break,40,ceded,short,stable,False,bornhuetter_ferguson_standard,frozen_standard,24677972.87103426,38742016.33400515,-14064043.462970886,14064043.462970886,-36.30178497092422,36.30178497092422,True,success,,,frozen_step21_pattern,pricing_mc_v1,0.0036586999995051883
short_stable_no_break,41,ceded,short,stable,False,bornhuetter_ferguson_break_aware,frozen_break_aware,24677972.87103426,57088104.59741694,-32410131.726382677,32410131.726382677,-56.77212784508725,56.77212784508725,True,success,,,frozen_step21_pattern,pricing_mc_v1,0.003564499995263759
short_stable_no_break,41,ceded,short,stable,False,bornhuetter_ferguson_standard,frozen_standard,24677972.87103426,57088104.59741694,-32410131.726382677,32410131.726382677,-56.77212784508725,56.77212784508725,True,success,,,frozen_step21_pattern,pricing_mc_v1,0.0036469999977271073
short_stable_no_break,42,ceded,short,stable,False,bornhuetter_ferguson_break_aware,frozen_break_aware,24677972.87103426,67141295.93403162,-42463323.062997356,42463323.062997356,-63.244717684208645,63.244717684208645,True,success,,,frozen_step21_pattern,pricing_mc_v1,0.0035627999968710355
short_stable_no_break,42,ceded,short,stable,False,bornhuetter_ferguson_standard,frozen_standard,24677972.87103426,67141295.93403162,-42463323.062997356,42463323.062997356,-63.244717684208645,63.244717684208645,True,success,,,frozen_step21_pattern,pricing_mc_v1,0.003686500000185333
short_stable_no_break,43,ceded,short,stable,False,bornhuetter_ferguson_break_aware,frozen_break_aware,24677972.87103426,65576553.60604401,-40898580.735009745,40898580.735009745,-62.36768858075554,62.36768858075554,True,success,,,frozen_step21_pattern,pricing_mc_v1,0.00348880000092322
short_stable_no_break,43,ceded,short,stable,False,bornhuetter_ferguson_standard,frozen_standard,24677972.87103426,65576553.60604401,-40898580.735009745,40898580.735009745,-62.36768858075554,62.36768858075554,True,success,,,frozen_step21_pattern,pricing_mc_v1,0.0037123000001884066
short_stable_no_break,44,ceded,short,stable,False,bornhuetter_ferguson_break_aware,frozen_break_aware,24677972.87103426,73696631.7427887,-49018658.87175444,49018658.87175444,-66.5141102280444,66.5141102280444,True,success,,,frozen_step21_pattern,pricing_mc_v1,0.00349879999703262
short_stable_no_break,44,ceded,short,stable,False,bornhuetter_ferguson_standard,frozen_standard,24677972.87103426,73696631.7427887,-49018658.87175444,49018658.87175444,-66.5141102280444,66.5141102280444,True,success,,,frozen_step21_pattern,pricing_mc_v1,0.0037890999956289306
short_stable_no_break,45,ceded,short,stable,False,bornhuetter_ferguson_break_aware,frozen_break_aware,24677972.87103426,58034007.127416834,-33356034.256382573,33356034.256382573,-57.47670358717016,57.47670358717016,True,success,,,frozen_step21_pattern,pricing_mc_v1,0.0035186000022804365
short_stable_no_break,45,ceded,short,stable,False,bornhuetter_ferguson_standard,frozen_standard,24677972.87103426,58034007.127416834,-33356034.256382573,33356034.256382573,-57.47670358717016,57.47670358717016,True,success,,,frozen_step21_pattern,pricing_mc_v1,0.003818000004685018
short_stable_no_break,46,ceded,short,stable,False,bornhuetter_ferguson_break_aware,frozen_break_aware,24677972.87103426,52398991.27850675,-27721018.407472488,27721018.407472488,-52.90372530290143,52.90372530290143,True,success,,,frozen_step21_pattern,pricing_mc_v1,0.003507299996272195
short_stable_no_break,46,ceded,short,stable,False,bornhuetter_ferguson_standard,frozen_standard,24677972.87103426,52398991.27850675,-27721018.407472488,27721018.407472488,-52.90372530290143,52.90372530290143,True,success,,,frozen_step21_pattern,pricing_mc_v1,0.004437499999767169
short_stable_no_break,47,ceded,short,stable,False,bornhuetter_ferguson_break_aware,frozen_break_aware,24677972.87103426,44983595.742743924,-20305622.871709663,20305622.871709663,-45.140061696791015,45.140061696791015,True,success,,,frozen_step21_pattern,pricing_mc_v1,0.003673800005344674
short_stable_no_break,47,ceded,short,stable,False,bornhuetter_ferguson_standard,frozen_standard,24677972.87103426,44983595.742743924,-20305622.871709663,20305622.871709663,-45.140061696791015,45.140061696791015,True,success,,,frozen_step21_pattern,pricing_mc_v1,0.0037565000020549633
short_stable_no_break,48,ceded,short,stable,False,bornhuetter_ferguson_break_aware,frozen_break_aware,24677972.87103426,58328671.740978256,-33650698.86994399,33650698.86994399,-57.691522651805926,57.691522651805926,True,success,,,frozen_step21_pattern,pricing_mc_v1,0.0035136000005877577
short_stable_no_break,48,ceded,short,stable,False,bornhuetter_ferguson_standard,frozen_standard,24677972.87103426,58328671.740978256,-33650698.86994399,33650698.86994399,-57.691522651805926,57.691522651805926,True,success,,,frozen_step21_pattern,pricing_mc_v1,0.004002000001491979
short_stable_no_break,49,ceded,short,stable,False,bornhuetter_ferguson_break_aware,frozen_break_aware,24677972.87103426,46310329.00987116,-21632356.1388369,21632356.1388369,-46.71173062542033,46.71173062542033,True,success,,,frozen_step21_pattern,pricing_mc_v1,0.00347180000244407
short_stable_no_break,49,ceded,short,stable,False,bornhuetter_ferguson_standard,frozen_standard,24677972.87103426,46310329.00987116,-21632356.1388369,21632356.1388369,-46.71173062542033,46.71173062542033,True,success,,,frozen_step21_pattern,pricing_mc_v1,0.0039983999959076755
short_stable_no_break,50,ceded,short,stable,False,bornhuetter_ferguson_break_aware,frozen_break_aware,24677972.87103426,53129851.3526064,-28451878.48157214,28451878.48157214,-53.55158683344664,53.55158683344664,True,success,,,frozen_step21_pattern,pricing_mc_v1,0.003513099996780511
short_stable_no_break,50,ceded,short,stable,False,bornhuetter_ferguson_standard,frozen_standard,24677972.87103426,53129851.3526064,-28451878.48157214,28451878.48157214,-53.55158683344664,53.55158683344664,True,success,,,frozen_step21_pattern,pricing_mc_v1,0.003961300004448276
