scenario_id,simulation_id,basis,tail_type,inflation_scenario,structural_break,model,pattern_variant,estimated_reserve,true_reserve,signed_error,absolute_error,percentage_error,absolute_percentage_error,success,success_or_failure,failure_type,failure_message,calibration_version,prior_version,runtime_seconds
long_emerging_break,1,ceded,long,emerging,True,bornhuetter_ferguson_break_aware,frozen_break_aware,175324229.08050472,305729466.5237079,-130405237.44320321,130405237.44320321,-42.653800736309094,42.653800736309094,True,success,,,frozen_step21_pattern,pricing_mc_v1,0.0035769000023719855
long_emerging_break,1,ceded,long,emerging,True,bornhuetter_ferguson_break_aware_ceded_specific,ceded_specific_break_aware,325191700.5114074,305729466.5237079,19462233.98769945,19462233.98769945,6.3658351970434754,6.3658351970434754,True,success,,,step28_ceded_development_v1,pricing_mc_v1,0.03721100000257138
long_emerging_break,1,ceded,long,emerging,True,bornhuetter_ferguson_ceded_specific,ceded_specific_standard,370418842.9734397,305729466.5237079,64689376.44973177,64689376.44973177,21.15902571815576,21.15902571815576,True,success,,,step28_ceded_development_v1,pricing_mc_v1,0.037149700001464225
long_emerging_break,1,ceded,long,emerging,True,bornhuetter_ferguson_standard,frozen_standard,223325333.25591165,305729466.5237079,-82404133.26779628,82404133.26779628,-26.953284616223346,26.953284616223346,True,success,,,frozen_step21_pattern,pricing_mc_v1,0.0048357999985455535
long_emerging_break,2,ceded,long,emerging,True,bornhuetter_ferguson_break_aware,frozen_break_aware,175324229.08050472,332662627.84441507,-157338398.76391035,157338398.76391035,-47.29668607003756,47.29668607003756,True,success,,,frozen_step21_pattern,pricing_mc_v1,0.003806000000622589
long_emerging_break,2,ceded,long,emerging,True,bornhuetter_ferguson_break_aware_ceded_specific,ceded_specific_break_aware,325191700.5114074,332662627.84441507,-7470927.333007693,7470927.333007693,-2.2457970050371316,2.2457970050371316,True,success,,,step28_ceded_development_v1,pricing_mc_v1,0.03638009999849601
long_emerging_break,2,ceded,long,emerging,True,bornhuetter_ferguson_ceded_specific,ceded_specific_standard,370418842.9734397,332662627.84441507,37756215.129024625,37756215.129024625,11.34970145990762,11.34970145990762,True,success,,,step28_ceded_development_v1,pricing_mc_v1,0.03671820000454318
long_emerging_break,2,ceded,long,emerging,True,bornhuetter_ferguson_standard,frozen_standard,223325333.25591165,332662627.84441507,-109337294.58850342,109337294.58850342,-32.86732125486606,32.86732125486606,True,success,,,frozen_step21_pattern,pricing_mc_v1,0.003614900000684429
long_emerging_break,3,ceded,long,emerging,True,bornhuetter_ferguson_break_aware,frozen_break_aware,175324229.08050472,320146536.2610667,-144822307.18056196,144822307.18056196,-45.23625614442543,45.23625614442543,True,success,,,frozen_step21_pattern,pricing_mc_v1,0.0035392999998293817
long_emerging_break,3,ceded,long,emerging,True,bornhuetter_ferguson_break_aware_ceded_specific,ceded_specific_break_aware,325191700.5114074,320146536.2610667,5045164.2503407,5045164.2503407,1.575892186516293,1.575892186516293,True,success,,,step28_ceded_development_v1,pricing_mc_v1,0.042274799998267554
long_emerging_break,3,ceded,long,emerging,True,bornhuetter_ferguson_ceded_specific,ceded_specific_standard,370418842.9734397,320146536.2610667,50272306.71237302,50272306.71237302,15.702905081995942,15.702905081995942,True,success,,,step28_ceded_development_v1,pricing_mc_v1,0.03665489999548299
long_emerging_break,3,ceded,long,emerging,True,bornhuetter_ferguson_standard,frozen_standard,223325333.25591165,320146536.2610667,-96821203.00515503,96821203.00515503,-30.242776990784375,30.242776990784375,True,success,,,frozen_step21_pattern,pricing_mc_v1,0.00392439999995986
long_emerging_break,4,ceded,long,emerging,True,bornhuetter_ferguson_break_aware,frozen_break_aware,175324229.08050472,291028961.26191354,-115704732.18140882,115704732.18140882,-39.75711959377113,39.75711959377113,True,success,,,frozen_step21_pattern,pricing_mc_v1,0.0035824000005959533
long_emerging_break,4,ceded,long,emerging,True,bornhuetter_ferguson_break_aware_ceded_specific,ceded_specific_break_aware,325191700.5114074,291028961.26191354,34162739.24949384,34162739.24949384,11.738604674037523,11.738604674037523,True,success,,,step28_ceded_development_v1,pricing_mc_v1,0.037405900002340786
long_emerging_break,4,ceded,long,emerging,True,bornhuetter_ferguson_ceded_specific,ceded_specific_standard,370418842.9734397,291028961.26191354,79389881.71152616,79389881.71152616,27.279031395119016,27.279031395119016,True,success,,,step28_ceded_development_v1,pricing_mc_v1,0.03767410000000382
long_emerging_break,4,ceded,long,emerging,True,bornhuetter_ferguson_standard,frozen_standard,223325333.25591165,291028961.26191354,-67703628.00600189,67703628.00600189,-23.26353628602328,23.26353628602328,True,success,,,frozen_step21_pattern,pricing_mc_v1,0.003755200006708037
long_emerging_break,5,ceded,long,emerging,True,bornhuetter_ferguson_break_aware,frozen_break_aware,175324229.08050472,289187037.304331,-113862808.22382629,113862808.22382629,-39.37341358215887,39.37341358215887,True,success,,,frozen_step21_pattern,pricing_mc_v1,0.0035581000047386624
long_emerging_break,5,ceded,long,emerging,True,bornhuetter_ferguson_break_aware_ceded_specific,ceded_specific_break_aware,325191700.5114074,289187037.304331,36004663.20707637,36004663.20707637,12.450303285615888,12.450303285615888,True,success,,,step28_ceded_development_v1,pricing_mc_v1,0.0374803000013344
long_emerging_break,5,ceded,long,emerging,True,bornhuetter_ferguson_ceded_specific,ceded_specific_standard,370418842.9734397,289187037.304331,81231805.66910869,81231805.66910869,28.089711913201345,28.089711913201345,True,success,,,step28_ceded_development_v1,pricing_mc_v1,0.03749950000201352
long_emerging_break,5,ceded,long,emerging,True,bornhuetter_ferguson_standard,frozen_standard,223325333.25591165,289187037.304331,-65861704.04841936,65861704.04841936,-22.7747774113086,22.7747774113086,True,success,,,frozen_step21_pattern,pricing_mc_v1,0.003805699998338241
long_emerging_break,6,ceded,long,emerging,True,bornhuetter_ferguson_break_aware,frozen_break_aware,175324229.08050472,289354248.35185045,-114030019.27134573,114030019.27134573,-39.408448267428554,39.408448267428554,True,success,,,frozen_step21_pattern,pricing_mc_v1,0.003502799998386763
long_emerging_break,6,ceded,long,emerging,True,bornhuetter_ferguson_break_aware_ceded_specific,ceded_specific_break_aware,325191700.5114074,289354248.35185045,35837452.159556925,35837452.159556925,12.385320887350206,12.385320887350206,True,success,,,step28_ceded_development_v1,pricing_mc_v1,0.03712259999883827
long_emerging_break,6,ceded,long,emerging,True,bornhuetter_ferguson_ceded_specific,ceded_specific_standard,370418842.9734397,289354248.35185045,81064594.62158924,81064594.62158924,28.015691866744568,28.015691866744568,True,success,,,step28_ceded_development_v1,pricing_mc_v1,0.037467199996171985
long_emerging_break,6,ceded,long,emerging,True,bornhuetter_ferguson_standard,frozen_standard,223325333.25591165,289354248.35185045,-66028915.0959388,66028915.0959388,-22.819404059915037,22.819404059915037,True,success,,,frozen_step21_pattern,pricing_mc_v1,0.004203000004054047
long_emerging_break,7,ceded,long,emerging,True,bornhuetter_ferguson_break_aware,frozen_break_aware,175324229.08050472,299182332.8180118,-123858103.7375071,123858103.7375071,-41.39886956922959,41.39886956922959,True,success,,,frozen_step21_pattern,pricing_mc_v1,0.0036813000042457134
long_emerging_break,7,ceded,long,emerging,True,bornhuetter_ferguson_break_aware_ceded_specific,ceded_specific_break_aware,325191700.5114074,299182332.8180118,26009367.693395555,26009367.693395555,8.693483819185497,8.693483819185497,True,success,,,step28_ceded_development_v1,pricing_mc_v1,0.03803930000140099
long_emerging_break,7,ceded,long,emerging,True,bornhuetter_ferguson_ceded_specific,ceded_specific_standard,370418842.9734397,299182332.8180118,71236510.15542787,71236510.15542787,23.810399994026383,23.810399994026383,True,success,,,step28_ceded_development_v1,pricing_mc_v1,0.03796550000697607
long_emerging_break,7,ceded,long,emerging,True,bornhuetter_ferguson_standard,frozen_standard,223325333.25591165,299182332.8180118,-75856999.56210017,75856999.56210017,-25.35477240504133,25.35477240504133,True,success,,,frozen_step21_pattern,pricing_mc_v1,0.003672200000437442
long_emerging_break,8,ceded,long,emerging,True,bornhuetter_ferguson_break_aware,frozen_break_aware,175324229.08050472,346654795.58985996,-171330566.50935525,171330566.50935525,-49.42397125007979,49.42397125007979,True,success,,,frozen_step21_pattern,pricing_mc_v1,0.0037099000037414953
long_emerging_break,8,ceded,long,emerging,True,bornhuetter_ferguson_break_aware_ceded_specific,ceded_specific_break_aware,325191700.5114074,346654795.58985996,-21463095.078452587,21463095.078452587,-6.191489444688474,6.191489444688474,True,success,,,step28_ceded_development_v1,pricing_mc_v1,0.037938999994366895
long_emerging_break,8,ceded,long,emerging,True,bornhuetter_ferguson_ceded_specific,ceded_specific_standard,370418842.9734397,346654795.58985996,23764047.38357973,23764047.38357973,6.855248415976293,6.855248415976293,True,success,,,step28_ceded_development_v1,pricing_mc_v1,0.03799279999657301
long_emerging_break,8,ceded,long,emerging,True,bornhuetter_ferguson_standard,frozen_standard,223325333.25591165,346654795.58985996,-123329462.33394831,123329462.33394831,-35.57702472400351,35.57702472400351,True,success,,,frozen_step21_pattern,pricing_mc_v1,0.003678499997477047
long_emerging_break,9,ceded,long,emerging,True,bornhuetter_ferguson_break_aware,frozen_break_aware,175324229.08050472,331981768.2247377,-156657539.144233,156657539.144233,-47.1885971274731,47.1885971274731,True,success,,,frozen_step21_pattern,pricing_mc_v1,0.0038149000029079616
long_emerging_break,9,ceded,long,emerging,True,bornhuetter_ferguson_break_aware_ceded_specific,ceded_specific_break_aware,325191700.5114074,331981768.2247377,-6790067.713330328,6790067.713330328,-2.045313436831187,2.045313436831187,True,success,,,step28_ceded_development_v1,pricing_mc_v1,0.038206700002774596
long_emerging_break,9,ceded,long,emerging,True,bornhuetter_ferguson_ceded_specific,ceded_specific_standard,370418842.9734397,331981768.2247377,38437074.74870199,38437074.74870199,11.57806796266044,11.57806796266044,True,success,,,step28_ceded_development_v1,pricing_mc_v1,0.03751680000277702
long_emerging_break,9,ceded,long,emerging,True,bornhuetter_ferguson_standard,frozen_standard,223325333.25591165,331981768.2247377,-108656434.96882606,108656434.96882606,-32.72963920575007,32.72963920575007,True,success,,,frozen_step21_pattern,pricing_mc_v1,0.0036304000022937544
long_emerging_break,10,ceded,long,emerging,True,bornhuetter_ferguson_break_aware,frozen_break_aware,175324229.08050472,341665288.94157326,-166341059.86106855,166341059.86106855,-48.68538456931569,48.68538456931569,True,success,,,frozen_step21_pattern,pricing_mc_v1,0.003628200000093784
long_emerging_break,10,ceded,long,emerging,True,bornhuetter_ferguson_break_aware_ceded_specific,ceded_specific_break_aware,325191700.5114074,341665288.94157326,-16473588.430165887,16473588.430165887,-4.8215575194069435,4.8215575194069435,True,success,,,step28_ceded_development_v1,pricing_mc_v1,0.03770499999518506
long_emerging_break,10,ceded,long,emerging,True,bornhuetter_ferguson_ceded_specific,ceded_specific_standard,370418842.9734397,341665288.94157326,28753554.03186643,28753554.03186643,8.415708286007202,8.415708286007202,True,success,,,step28_ceded_development_v1,pricing_mc_v1,0.037674800005333964
long_emerging_break,10,ceded,long,emerging,True,bornhuetter_ferguson_standard,frozen_standard,223325333.25591165,341665288.94157326,-118339955.68566161,118339955.68566161,-34.63622425686282,34.63622425686282,True,success,,,frozen_step21_pattern,pricing_mc_v1,0.0036767999990843236
long_emerging_break,11,ceded,long,emerging,True,bornhuetter_ferguson_break_aware,frozen_break_aware,175324229.08050472,347078090.3447683,-171753861.26426357,171753861.26426357,-49.48565352934054,49.48565352934054,True,success,,,frozen_step21_pattern,pricing_mc_v1,0.003610500003560446
long_emerging_break,11,ceded,long,emerging,True,bornhuetter_ferguson_break_aware_ceded_specific,ceded_specific_break_aware,325191700.5114074,347078090.3447683,-21886389.83336091,21886389.83336091,-6.305897848988444,6.305897848988444,True,success,,,step28_ceded_development_v1,pricing_mc_v1,0.03730399999767542
long_emerging_break,11,ceded,long,emerging,True,bornhuetter_ferguson_ceded_specific,ceded_specific_standard,370418842.9734397,347078090.3447683,23340752.628671408,23340752.628671408,6.724928273486231,6.724928273486231,True,success,,,step28_ceded_development_v1,pricing_mc_v1,0.037843800004338846
long_emerging_break,11,ceded,long,emerging,True,bornhuetter_ferguson_standard,frozen_standard,223325333.25591165,347078090.3447683,-123752757.08885664,123752757.08885664,-35.655594672059955,35.655594672059955,True,success,,,frozen_step21_pattern,pricing_mc_v1,0.0037045999997644685
long_emerging_break,12,ceded,long,emerging,True,bornhuetter_ferguson_break_aware,frozen_break_aware,175324229.08050472,325126140.5975815,-149801911.5170768,149801911.5170768,-46.075012990878264,46.075012990878264,True,success,,,frozen_step21_pattern,pricing_mc_v1,0.003537600001436658
long_emerging_break,12,ceded,long,emerging,True,bornhuetter_ferguson_break_aware_ceded_specific,ceded_specific_break_aware,325191700.5114074,325126140.5975815,65559.91382586956,65559.91382586956,0.0201644548498532,0.0201644548498532,True,success,,,step28_ceded_development_v1,pricing_mc_v1,0.037430899996252265
long_emerging_break,12,ceded,long,emerging,True,bornhuetter_ferguson_ceded_specific,ceded_specific_standard,370418842.9734397,325126140.5975815,45292702.37585819,45292702.37585819,13.93080922149485,13.93080922149485,True,success,,,step28_ceded_development_v1,pricing_mc_v1,0.03858520000358112
long_emerging_break,12,ceded,long,emerging,True,bornhuetter_ferguson_standard,frozen_standard,223325333.25591165,325126140.5975815,-101800807.34166986,101800807.34166986,-31.311172689639807,31.311172689639807,True,success,,,frozen_step21_pattern,pricing_mc_v1,0.003763100001378916
long_emerging_break,13,ceded,long,emerging,True,bornhuetter_ferguson_break_aware,frozen_break_aware,175324229.08050472,337192029.1110455,-161867800.03054076,161867800.03054076,-48.004634171596564,48.004634171596564,True,success,,,frozen_step21_pattern,pricing_mc_v1,0.0034747000026982278
long_emerging_break,13,ceded,long,emerging,True,bornhuetter_ferguson_break_aware_ceded_specific,ceded_specific_break_aware,325191700.5114074,337192029.1110455,-12000328.599638104,12000328.599638104,-3.558900437615655,3.558900437615655,True,success,,,step28_ceded_development_v1,pricing_mc_v1,0.03746269999828655
long_emerging_break,13,ceded,long,emerging,True,bornhuetter_ferguson_ceded_specific,ceded_specific_standard,370418842.9734397,337192029.1110455,33226813.862394214,33226813.862394214,9.853973698604786,9.853973698604786,True,success,,,step28_ceded_development_v1,pricing_mc_v1,0.0376791000016965
long_emerging_break,13,ceded,long,emerging,True,bornhuetter_ferguson_standard,frozen_standard,223325333.25591165,337192029.1110455,-113866695.85513383,113866695.85513383,-33.769094766363764,33.769094766363764,True,success,,,frozen_step21_pattern,pricing_mc_v1,0.004417699994519353
long_emerging_break,14,ceded,long,emerging,True,bornhuetter_ferguson_break_aware,frozen_break_aware,175324229.08050472,307592092.7292216,-132267863.64871687,132267863.64871687,-43.00106107251413,43.00106107251413,True,success,,,frozen_step21_pattern,pricing_mc_v1,0.0036615999997593462
long_emerging_break,14,ceded,long,emerging,True,bornhuetter_ferguson_break_aware_ceded_specific,ceded_specific_break_aware,325191700.5114074,307592092.7292216,17599607.782185793,17599607.782185793,5.721736090816554,5.721736090816554,True,success,,,step28_ceded_development_v1,pricing_mc_v1,0.03658510000241222
long_emerging_break,14,ceded,long,emerging,True,bornhuetter_ferguson_ceded_specific,ceded_specific_standard,370418842.9734397,307592092.7292216,62826750.24421811,62826750.24421811,20.42534633669063,20.42534633669063,True,success,,,step28_ceded_development_v1,pricing_mc_v1,0.03740359999937937
long_emerging_break,14,ceded,long,emerging,True,bornhuetter_ferguson_standard,frozen_standard,223325333.25591165,307592092.7292216,-84266759.47330993,84266759.47330993,-27.395619544580217,27.395619544580217,True,success,,,frozen_step21_pattern,pricing_mc_v1,0.0037998999978299253
long_emerging_break,15,ceded,long,emerging,True,bornhuetter_ferguson_break_aware,frozen_break_aware,175324229.08050472,323906786.8950166,-148582557.8145119,148582557.8145119,-45.872011277945184,45.872011277945184,True,success,,,frozen_step21_pattern,pricing_mc_v1,0.0038019000057829544
long_emerging_break,15,ceded,long,emerging,True,bornhuetter_ferguson_break_aware_ceded_specific,ceded_specific_break_aware,325191700.5114074,323906786.8950166,1284913.6163907647,1284913.6163907647,0.396692402992848,0.396692402992848,True,success,,,step28_ceded_development_v1,pricing_mc_v1,0.03710780000255909
long_emerging_break,15,ceded,long,emerging,True,bornhuetter_ferguson_ceded_specific,ceded_specific_standard,370418842.9734397,323906786.8950166,46512056.07842308,46512056.07842308,14.359704075450072,14.359704075450072,True,success,,,step28_ceded_development_v1,pricing_mc_v1,0.039264300001377705
long_emerging_break,15,ceded,long,emerging,True,bornhuetter_ferguson_standard,frozen_standard,223325333.25591165,323906786.8950166,-100581453.63910496,100581453.63910496,-31.052592198910922,31.052592198910922,True,success,,,frozen_step21_pattern,pricing_mc_v1,0.0035827000028803013
long_emerging_break,16,ceded,long,emerging,True,bornhuetter_ferguson_break_aware,frozen_break_aware,175324229.08050472,318161411.86483526,-142837182.78433055,142837182.78433055,-44.894565292227256,44.894565292227256,True,success,,,frozen_step21_pattern,pricing_mc_v1,0.0037622999952873215
long_emerging_break,16,ceded,long,emerging,True,bornhuetter_ferguson_break_aware_ceded_specific,ceded_specific_break_aware,325191700.5114074,318161411.86483526,7030288.646572113,7030288.646572113,2.2096610036288107,2.2096610036288107,True,success,,,step28_ceded_development_v1,pricing_mc_v1,0.03625820000161184
long_emerging_break,16,ceded,long,emerging,True,bornhuetter_ferguson_ceded_specific,ceded_specific_standard,370418842.9734397,318161411.86483526,52257431.10860443,52257431.10860443,16.424817454231373,16.424817454231373,True,success,,,step28_ceded_development_v1,pricing_mc_v1,0.03688260000490118
long_emerging_break,16,ceded,long,emerging,True,bornhuetter_ferguson_standard,frozen_standard,223325333.25591165,318161411.86483526,-94836078.60892361,94836078.60892361,-29.80753638634621,29.80753638634621,True,success,,,frozen_step21_pattern,pricing_mc_v1,0.0036297999977250583
long_emerging_break,17,ceded,long,emerging,True,bornhuetter_ferguson_break_aware,frozen_break_aware,175324229.08050472,315284076.6553456,-139959847.5748409,139959847.5748409,-44.39166387963155,44.39166387963155,True,success,,,frozen_step21_pattern,pricing_mc_v1,0.0035131999975419603
long_emerging_break,17,ceded,long,emerging,True,bornhuetter_ferguson_break_aware_ceded_specific,ceded_specific_break_aware,325191700.5114074,315284076.6553456,9907623.856061757,9907623.856061757,3.1424434627862055,3.1424434627862055,True,success,,,step28_ceded_development_v1,pricing_mc_v1,0.03738999999768566
long_emerging_break,17,ceded,long,emerging,True,bornhuetter_ferguson_ceded_specific,ceded_specific_standard,370418842.9734397,315284076.6553456,55134766.318094075,55134766.318094075,17.487329808401622,17.487329808401622,True,success,,,step28_ceded_development_v1,pricing_mc_v1,0.03733310000097845
long_emerging_break,17,ceded,long,emerging,True,bornhuetter_ferguson_standard,frozen_standard,223325333.25591165,315284076.6553456,-91958743.39943397,91958743.39943397,-29.16694822490485,29.16694822490485,True,success,,,frozen_step21_pattern,pricing_mc_v1,0.0036198000016156584
long_emerging_break,18,ceded,long,emerging,True,bornhuetter_ferguson_break_aware,frozen_break_aware,175324229.08050472,309103360.71021956,-133779131.62971485,133779131.62971485,-43.279740253335866,43.279740253335866,True,success,,,frozen_step21_pattern,pricing_mc_v1,0.0036177000001771376
long_emerging_break,18,ceded,long,emerging,True,bornhuetter_ferguson_break_aware_ceded_specific,ceded_specific_break_aware,325191700.5114074,309103360.71021956,16088339.801187813,16088339.801187813,5.204841436929709,5.204841436929709,True,success,,,step28_ceded_development_v1,pricing_mc_v1,0.037878399998589884
long_emerging_break,18,ceded,long,emerging,True,bornhuetter_ferguson_ceded_specific,ceded_specific_standard,370418842.9734397,309103360.71021956,61315482.26322013,61315482.26322013,19.836562799685186,19.836562799685186,True,success,,,step28_ceded_development_v1,pricing_mc_v1,0.03714690000197152
long_emerging_break,18,ceded,long,emerging,True,bornhuetter_ferguson_standard,frozen_standard,223325333.25591165,309103360.71021956,-85778027.45430791,85778027.45430791,-27.750596841528267,27.750596841528267,True,success,,,frozen_step21_pattern,pricing_mc_v1,0.0038230999998631887
long_emerging_break,19,ceded,long,emerging,True,bornhuetter_ferguson_break_aware,frozen_break_aware,175324229.08050472,351360784.4941069,-176036555.41360217,176036555.41360217,-50.101366795119596,50.101366795119596,True,success,,,frozen_step21_pattern,pricing_mc_v1,0.0038168000028235838
long_emerging_break,19,ceded,long,emerging,True,bornhuetter_ferguson_break_aware_ceded_specific,ceded_specific_break_aware,325191700.5114074,351360784.4941069,-26169083.982699513,26169083.982699513,-7.447923939599021,7.447923939599021,True,success,,,step28_ceded_development_v1,pricing_mc_v1,0.037268499996571336
long_emerging_break,19,ceded,long,emerging,True,bornhuetter_ferguson_ceded_specific,ceded_specific_standard,370418842.9734397,351360784.4941069,19058058.479332805,19058058.479332805,5.424071017707001,5.424071017707001,True,success,,,step28_ceded_development_v1,pricing_mc_v1,0.037309799998183735
long_emerging_break,19,ceded,long,emerging,True,bornhuetter_ferguson_standard,frozen_standard,223325333.25591165,351360784.4941069,-128035451.23819524,128035451.23819524,-36.439880854245615,36.439880854245615,True,success,,,frozen_step21_pattern,pricing_mc_v1,0.003596299997298047
long_emerging_break,20,ceded,long,emerging,True,bornhuetter_ferguson_break_aware,frozen_break_aware,175324229.08050472,339177091.73262715,-163852862.65212244,163852862.65212244,-48.308941448583276,48.308941448583276,True,success,,,frozen_step21_pattern,pricing_mc_v1,0.00390740000148071
long_emerging_break,20,ceded,long,emerging,True,bornhuetter_ferguson_break_aware_ceded_specific,ceded_specific_break_aware,325191700.5114074,339177091.73262715,-13985391.221219778,13985391.221219778,-4.123330131105801,4.123330131105801,True,success,,,step28_ceded_development_v1,pricing_mc_v1,0.03679230000125244
long_emerging_break,20,ceded,long,emerging,True,bornhuetter_ferguson_ceded_specific,ceded_specific_standard,370418842.9734397,339177091.73262715,31241751.24081254,31241751.24081254,9.211044024588892,9.211044024588892,True,success,,,step28_ceded_development_v1,pricing_mc_v1,0.03695549999974901
long_emerging_break,20,ceded,long,emerging,True,bornhuetter_ferguson_standard,frozen_standard,223325333.25591165,339177091.73262715,-115851758.4767155,115851758.4767155,-34.15671674195535,34.15671674195535,True,success,,,frozen_step21_pattern,pricing_mc_v1,0.0036259000044083223
long_emerging_break,21,ceded,long,emerging,True,bornhuetter_ferguson_break_aware,frozen_break_aware,175324229.08050472,308303999.9153445,-132979770.83483976,132979770.83483976,-43.132677769783704,43.132677769783704,True,success,,,frozen_step21_pattern,pricing_mc_v1,0.0035626000026240945
long_emerging_break,21,ceded,long,emerging,True,bornhuetter_ferguson_break_aware_ceded_specific,ceded_specific_break_aware,325191700.5114074,308303999.9153445,16887700.5960629,16887700.5960629,5.477613200185531,5.477613200185531,True,success,,,step28_ceded_development_v1,pricing_mc_v1,0.03698959999746876
long_emerging_break,21,ceded,long,emerging,True,bornhuetter_ferguson_ceded_specific,ceded_specific_standard,370418842.9734397,308303999.9153445,62114843.05809522,62114843.05809522,20.147271224230302,20.147271224230302,True,success,,,step28_ceded_development_v1,pricing_mc_v1,0.03719450000062352
long_emerging_break,21,ceded,long,emerging,True,bornhuetter_ferguson_standard,frozen_standard,223325333.25591165,308303999.9153445,-84978666.65943283,84978666.65943283,-27.563270889371097,27.563270889371097,True,success,,,frozen_step21_pattern,pricing_mc_v1,0.0036579000006895512
long_emerging_break,22,ceded,long,emerging,True,bornhuetter_ferguson_break_aware,frozen_break_aware,175324229.08050472,315854607.4999018,-140530378.41939706,140530378.41939706,-44.492109686714244,44.492109686714244,True,success,,,frozen_step21_pattern,pricing_mc_v1,0.003581500001018867
long_emerging_break,22,ceded,long,emerging,True,bornhuetter_ferguson_break_aware_ceded_specific,ceded_specific_break_aware,325191700.5114074,315854607.4999018,9337093.011505604,9337093.011505604,2.9561363962400034,2.9561363962400034,True,success,,,step28_ceded_development_v1,pricing_mc_v1,0.03741420000005746
long_emerging_break,22,ceded,long,emerging,True,bornhuetter_ferguson_ceded_specific,ceded_specific_standard,370418842.9734397,315854607.4999018,54564235.47353792,54564235.47353792,17.27511145252326,17.27511145252326,True,success,,,step28_ceded_development_v1,pricing_mc_v1,0.03787730000476586
long_emerging_break,22,ceded,long,emerging,True,bornhuetter_ferguson_standard,frozen_standard,223325333.25591165,315854607.4999018,-92529274.24399012,92529274.24399012,-29.2948945644299,29.2948945644299,True,success,,,frozen_step21_pattern,pricing_mc_v1,0.0037910000028205104
long_emerging_break,23,ceded,long,emerging,True,bornhuetter_ferguson_break_aware,frozen_break_aware,175324229.08050472,366872921.985839,-191548692.9053343,191548692.9053343,-52.21118306265402,52.21118306265402,True,success,,,frozen_step21_pattern,pricing_mc_v1,0.003539599994837772
long_emerging_break,23,ceded,long,emerging,True,bornhuetter_ferguson_break_aware_ceded_specific,ceded_specific_break_aware,325191700.5114074,366872921.985839,-41681221.474431634,41681221.474431634,-11.361215008405688,11.361215008405688,True,success,,,step28_ceded_development_v1,pricing_mc_v1,0.03761889999441337
long_emerging_break,23,ceded,long,emerging,True,bornhuetter_ferguson_ceded_specific,ceded_specific_standard,370418842.9734397,366872921.985839,3545920.987600684,3545920.987600684,0.966525675541013,0.966525675541013,True,success,,,step28_ceded_development_v1,pricing_mc_v1,0.037439600004290696
long_emerging_break,23,ceded,long,emerging,True,bornhuetter_ferguson_standard,frozen_standard,223325333.25591165,366872921.985839,-143547588.72992736,143547588.72992736,-39.12733268863822,39.12733268863822,True,success,,,frozen_step21_pattern,pricing_mc_v1,0.0037360999995144084
long_emerging_break,24,ceded,long,emerging,True,bornhuetter_ferguson_break_aware,frozen_break_aware,175324229.08050472,318321479.60916555,-142997250.52866083,142997250.52866083,-44.922275023423666,44.922275023423666,True,success,,,frozen_step21_pattern,pricing_mc_v1,0.0037407000054372475
long_emerging_break,24,ceded,long,emerging,True,bornhuetter_ferguson_break_aware_ceded_specific,ceded_specific_break_aware,325191700.5114074,318321479.60916555,6870220.902241826,6870220.902241826,2.158264943564936,2.158264943564936,True,success,,,step28_ceded_development_v1,pricing_mc_v1,0.03791610000189394
long_emerging_break,24,ceded,long,emerging,True,bornhuetter_ferguson_ceded_specific,ceded_specific_standard,370418842.9734397,318321479.60916555,52097363.364274144,52097363.364274144,16.36627331219972,16.36627331219972,True,success,,,step28_ceded_development_v1,pricing_mc_v1,0.037077599998156074
long_emerging_break,24,ceded,long,emerging,True,bornhuetter_ferguson_standard,frozen_standard,223325333.25591165,318321479.60916555,-94996146.3532539,94996146.3532539,-29.84283261999472,29.84283261999472,True,success,,,frozen_step21_pattern,pricing_mc_v1,0.003623099997639656
long_emerging_break,25,ceded,long,emerging,True,bornhuetter_ferguson_break_aware,frozen_break_aware,175324229.08050472,359259980.0107991,-183935750.9302944,183935750.9302944,-51.19850836844265,51.19850836844265,True,success,,,frozen_step21_pattern,pricing_mc_v1,0.004023400004371069
long_emerging_break,25,ceded,long,emerging,True,bornhuetter_ferguson_break_aware_ceded_specific,ceded_specific_break_aware,325191700.5114074,359259980.0107991,-34068279.499391735,34068279.499391735,-9.482904134874046,9.482904134874046,True,success,,,step28_ceded_development_v1,pricing_mc_v1,0.03696469999704277
long_emerging_break,25,ceded,long,emerging,True,bornhuetter_ferguson_ceded_specific,ceded_specific_standard,370418842.9734397,359259980.0107991,11158862.962640584,11158862.962640584,3.106069026198007,3.106069026198007,True,success,,,step28_ceded_development_v1,pricing_mc_v1,0.037159899999096524
long_emerging_break,25,ceded,long,emerging,True,bornhuetter_ferguson_standard,frozen_standard,223325333.25591165,359259980.0107991,-135934646.75488746,135934646.75488746,-37.83740308363914,37.83740308363914,True,success,,,frozen_step21_pattern,pricing_mc_v1,0.0037482999978237785
long_emerging_break,26,ceded,long,emerging,True,bornhuetter_ferguson_break_aware,frozen_break_aware,175324229.08050472,314689582.873816,-139365353.7933113,139365353.7933113,-44.28661175263431,44.28661175263431,True,success,,,frozen_step21_pattern,pricing_mc_v1,0.0035773999989032745
long_emerging_break,26,ceded,long,emerging,True,bornhuetter_ferguson_break_aware_ceded_specific,ceded_specific_break_aware,325191700.5114074,314689582.873816,10502117.637591362,10502117.637591362,3.3372943399281487,3.3372943399281487,True,success,,,step28_ceded_development_v1,pricing_mc_v1,0.03684899999643676
long_emerging_break,26,ceded,long,emerging,True,bornhuetter_ferguson_ceded_specific,ceded_specific_standard,370418842.9734397,314689582.873816,55729260.09962368,55729260.09962368,17.709280234411178,17.709280234411178,True,success,,,step28_ceded_development_v1,pricing_mc_v1,0.03715630000078818
long_emerging_break,26,ceded,long,emerging,True,bornhuetter_ferguson_standard,frozen_standard,223325333.25591165,314689582.873816,-91364249.61790437,91364249.61790437,-29.033134425215316,29.033134425215316,True,success,,,frozen_step21_pattern,pricing_mc_v1,0.003655200001958292
long_emerging_break,27,ceded,long,emerging,True,bornhuetter_ferguson_break_aware,frozen_break_aware,175324229.08050472,353410428.2791988,-178086199.1986941,178086199.1986941,-50.39075956694852,50.39075956694852,True,success,,,frozen_step21_pattern,pricing_mc_v1,0.0035247000050731003
long_emerging_break,27,ceded,long,emerging,True,bornhuetter_ferguson_break_aware_ceded_specific,ceded_specific_break_aware,325191700.5114074,353410428.2791988,-28218727.76779145,28218727.76779145,-7.984690181665576,7.984690181665576,True,success,,,step28_ceded_development_v1,pricing_mc_v1,0.037266200000885874
long_emerging_break,27,ceded,long,emerging,True,bornhuetter_ferguson_ceded_specific,ceded_specific_standard,370418842.9734397,353410428.2791988,17008414.694240868,17008414.694240868,4.81265218376748,4.81265218376748,True,success,,,step28_ceded_development_v1,pricing_mc_v1,0.0373671999986982
long_emerging_break,27,ceded,long,emerging,True,bornhuetter_ferguson_standard,frozen_standard,223325333.25591165,353410428.2791988,-130085095.02328718,130085095.02328718,-36.808504960277595,36.808504960277595,True,success,,,frozen_step21_pattern,pricing_mc_v1,0.003831699999864213
long_emerging_break,28,ceded,long,emerging,True,bornhuetter_ferguson_break_aware,frozen_break_aware,175324229.08050472,290834789.60206765,-115510560.52156293,115510560.52156293,-39.71689930204338,39.71689930204338,True,success,,,frozen_step21_pattern,pricing_mc_v1,0.003747799994016532
long_emerging_break,28,ceded,long,emerging,True,bornhuetter_ferguson_break_aware_ceded_specific,ceded_specific_break_aware,325191700.5114074,290834789.60206765,34356910.909339726,34356910.909339726,11.813205344638545,11.813205344638545,True,success,,,step28_ceded_development_v1,pricing_mc_v1,0.037290299995220266
long_emerging_break,28,ceded,long,emerging,True,bornhuetter_ferguson_ceded_specific,ceded_specific_standard,370418842.9734397,290834789.60206765,79584053.37137204,79584053.37137204,27.364007407869696,27.364007407869696,True,success,,,step28_ceded_development_v1,pricing_mc_v1,0.03732029999810038
long_emerging_break,28,ceded,long,emerging,True,bornhuetter_ferguson_standard,frozen_standard,223325333.25591165,290834789.60206765,-67509456.346156,67509456.346156,-23.212304290874304,23.212304290874304,True,success,,,frozen_step21_pattern,pricing_mc_v1,0.0036335999975563027
long_emerging_break,29,ceded,long,emerging,True,bornhuetter_ferguson_break_aware,frozen_break_aware,175324229.08050472,289092639.0409425,-113768409.96043777,113768409.96043777,-39.35361700590565,39.35361700590565,True,success,,,frozen_step21_pattern,pricing_mc_v1,0.003837800002656877
long_emerging_break,29,ceded,long,emerging,True,bornhuetter_ferguson_break_aware_ceded_specific,ceded_specific_break_aware,325191700.5114074,289092639.0409425,36099061.470464885,36099061.470464885,12.487022011429488,12.487022011429488,True,success,,,step28_ceded_development_v1,pricing_mc_v1,0.0375555999999051
long_emerging_break,29,ceded,long,emerging,True,bornhuetter_ferguson_ceded_specific,ceded_specific_standard,370418842.9734397,289092639.0409425,81326203.9324972,81326203.9324972,28.13153742077101,28.13153742077101,True,success,,,step28_ceded_development_v1,pricing_mc_v1,0.03751919999922393
long_emerging_break,29,ceded,long,emerging,True,bornhuetter_ferguson_standard,frozen_standard,223325333.25591165,289092639.0409425,-65767305.78503084,65767305.78503084,-22.749560833929294,22.749560833929294,True,success,,,frozen_step21_pattern,pricing_mc_v1,0.0036273000005166978
long_emerging_break,30,ceded,long,emerging,True,bornhuetter_ferguson_break_aware,frozen_break_aware,175324229.08050472,291157767.08729905,-115833538.00679433,115833538.00679433,-39.78377055353069,39.78377055353069,True,success,,,frozen_step21_pattern,pricing_mc_v1,0.004447900006198324
long_emerging_break,30,ceded,long,emerging,True,bornhuetter_ferguson_break_aware_ceded_specific,ceded_specific_break_aware,325191700.5114074,291157767.08729905,34033933.42410833,34033933.42410833,11.68917242516968,11.68917242516968,True,success,,,step28_ceded_development_v1,pricing_mc_v1,0.03805880000436446
long_emerging_break,30,ceded,long,emerging,True,bornhuetter_ferguson_ceded_specific,ceded_specific_standard,370418842.9734397,291157767.08729905,79261075.88614064,79261075.88614064,27.222724188008854,27.222724188008854,True,success,,,step28_ceded_development_v1,pricing_mc_v1,0.0374286000005668
long_emerging_break,30,ceded,long,emerging,True,bornhuetter_ferguson_standard,frozen_standard,223325333.25591165,291157767.08729905,-67832433.8313874,67832433.8313874,-23.297483872737946,23.297483872737946,True,success,,,frozen_step21_pattern,pricing_mc_v1,0.0036782000024686567
long_emerging_break,31,ceded,long,emerging,True,bornhuetter_ferguson_break_aware,frozen_break_aware,175324229.08050472,340746313.9475435,-165422084.8670388,165422084.8670388,-48.54699173429792,48.54699173429792,True,success,,,frozen_step21_pattern,pricing_mc_v1,0.003613900000345893
long_emerging_break,31,ceded,long,emerging,True,bornhuetter_ferguson_break_aware_ceded_specific,ceded_specific_break_aware,325191700.5114074,340746313.9475435,-15554613.436136127,15554613.436136127,-4.564866236096892,4.564866236096892,True,success,,,step28_ceded_development_v1,pricing_mc_v1,0.03754070000286447
long_emerging_break,31,ceded,long,emerging,True,bornhuetter_ferguson_ceded_specific,ceded_specific_standard,370418842.9734397,340746313.9475435,29672529.02589619,29672529.02589619,8.708099783131962,8.708099783131962,True,success,,,step28_ceded_development_v1,pricing_mc_v1,0.03744369999913033
long_emerging_break,31,ceded,long,emerging,True,bornhuetter_ferguson_standard,frozen_standard,223325333.25591165,340746313.9475435,-117420980.69163185,117420980.69163185,-34.45994157099182,34.45994157099182,True,success,,,frozen_step21_pattern,pricing_mc_v1,0.003662100003566593
long_emerging_break,32,ceded,long,emerging,True,bornhuetter_ferguson_break_aware,frozen_break_aware,175324229.08050472,294051928.4134518,-118727699.33294708,118727699.33294708,-40.376439621919424,40.376439621919424,True,success,,,frozen_step21_pattern,pricing_mc_v1,0.003621000003477093
long_emerging_break,32,ceded,long,emerging,True,bornhuetter_ferguson_break_aware_ceded_specific,ceded_specific_break_aware,325191700.5114074,294051928.4134518,31139772.097955585,31139772.097955585,10.589888753992968,10.589888753992968,True,success,,,step28_ceded_development_v1,pricing_mc_v1,0.03719229999842355
long_emerging_break,32,ceded,long,emerging,True,bornhuetter_ferguson_ceded_specific,ceded_specific_standard,370418842.9734397,294051928.4134518,76366914.5599879,76366914.5599879,25.97055389911002,25.97055389911002,True,success,,,step28_ceded_development_v1,pricing_mc_v1,0.037338699999963865
long_emerging_break,32,ceded,long,emerging,True,bornhuetter_ferguson_standard,frozen_standard,223325333.25591165,294051928.4134518,-70726595.15754014,70726595.15754014,-24.052416707192954,24.052416707192954,True,success,,,frozen_step21_pattern,pricing_mc_v1,0.0037288999956217594
long_emerging_break,33,ceded,long,emerging,True,bornhuetter_ferguson_break_aware,frozen_break_aware,175324229.08050472,325296152.4202118,-149971923.33970708,149971923.33970708,-46.103196187201135,46.103196187201135,True,success,,,frozen_step21_pattern,pricing_mc_v1,0.003649600002972875
long_emerging_break,33,ceded,long,emerging,True,bornhuetter_ferguson_break_aware_ceded_specific,ceded_specific_break_aware,325191700.5114074,325296152.4202118,-104451.90880441666,104451.90880441666,-0.03210978919587328,0.03210978919587328,True,success,,,step28_ceded_development_v1,pricing_mc_v1,0.03708879999612691
long_emerging_break,33,ceded,long,emerging,True,bornhuetter_ferguson_ceded_specific,ceded_specific_standard,370418842.9734397,325296152.4202118,45122690.5532279,45122690.5532279,13.871264759055377,13.871264759055377,True,success,,,step28_ceded_development_v1,pricing_mc_v1,0.037186000001383945
long_emerging_break,33,ceded,long,emerging,True,bornhuetter_ferguson_standard,frozen_standard,223325333.25591165,325296152.4202118,-101970819.16430014,101970819.16430014,-31.347072015956723,31.347072015956723,True,success,,,frozen_step21_pattern,pricing_mc_v1,0.003783699998166412
long_emerging_break,34,ceded,long,emerging,True,bornhuetter_ferguson_break_aware,frozen_break_aware,175324229.08050472,353659686.90908873,-178335457.82858402,178335457.82858402,-50.425724058967084,50.425724058967084,True,success,,,frozen_step21_pattern,pricing_mc_v1,0.0037565000020549633
long_emerging_break,34,ceded,long,emerging,True,bornhuetter_ferguson_break_aware_ceded_specific,ceded_specific_break_aware,325191700.5114074,353659686.90908873,-28467986.397681355,28467986.397681355,-8.049542385360787,8.049542385360787,True,success,,,step28_ceded_development_v1,pricing_mc_v1,0.03867519999766955
long_emerging_break,34,ceded,long,emerging,True,bornhuetter_ferguson_ceded_specific,ceded_specific_standard,370418842.9734397,353659686.90908873,16759156.064350963,16759156.064350963,4.738780439134146,4.738780439134146,True,success,,,step28_ceded_development_v1,pricing_mc_v1,0.03749030000471976
long_emerging_break,34,ceded,long,emerging,True,bornhuetter_ferguson_standard,frozen_standard,223325333.25591165,353659686.90908873,-130334353.65317708,130334353.65317708,-36.85304219778961,36.85304219778961,True,success,,,frozen_step21_pattern,pricing_mc_v1,0.003594800000428222
long_emerging_break,35,ceded,long,emerging,True,bornhuetter_ferguson_break_aware,frozen_break_aware,175324229.08050472,310671306.8566615,-135347077.77615678,135347077.77615678,-43.56600522448751,43.56600522448751,True,success,,,frozen_step21_pattern,pricing_mc_v1,0.004841699999815319
long_emerging_break,35,ceded,long,emerging,True,bornhuetter_ferguson_break_aware_ceded_specific,ceded_specific_break_aware,325191700.5114074,310671306.8566615,14520393.654745877,14520393.654745877,4.673876645275562,4.673876645275562,True,success,,,step28_ceded_development_v1,pricing_mc_v1,0.0413951000009547
long_emerging_break,35,ceded,long,emerging,True,bornhuetter_ferguson_ceded_specific,ceded_specific_standard,370418842.9734397,310671306.8566615,59747536.116778195,59747536.116778195,19.23175227261805,19.23175227261805,True,success,,,step28_ceded_development_v1,pricing_mc_v1,0.03935129999445053
long_emerging_break,35,ceded,long,emerging,True,bornhuetter_ferguson_standard,frozen_standard,223325333.25591165,310671306.8566615,-87345973.60074985,87345973.60074985,-28.115236802686066,28.115236802686066,True,success,,,frozen_step21_pattern,pricing_mc_v1,0.0036660000041592866
long_emerging_break,36,ceded,long,emerging,True,bornhuetter_ferguson_break_aware,frozen_break_aware,175324229.08050472,298373766.60150135,-123049537.52099663,123049537.52099663,-41.240065747917356,41.240065747917356,True,success,,,frozen_step21_pattern,pricing_mc_v1,0.0038497999994433485
long_emerging_break,36,ceded,long,emerging,True,bornhuetter_ferguson_break_aware_ceded_specific,ceded_specific_break_aware,325191700.5114074,298373766.60150135,26817933.90990603,26817933.90990603,8.98803343717654,8.98803343717654,True,success,,,step28_ceded_development_v1,pricing_mc_v1,0.039301099997828715
long_emerging_break,36,ceded,long,emerging,True,bornhuetter_ferguson_ceded_specific,ceded_specific_standard,370418842.9734397,298373766.60150135,72045076.37193835,72045076.37193835,24.14591510256982,24.14591510256982,True,success,,,step28_ceded_development_v1,pricing_mc_v1,0.03950330000225222
long_emerging_break,36,ceded,long,emerging,True,bornhuetter_ferguson_standard,frozen_standard,223325333.25591165,298373766.60150135,-75048433.3455897,75048433.3455897,-25.152490515636394,25.152490515636394,True,success,,,frozen_step21_pattern,pricing_mc_v1,0.0036582000029738992
long_emerging_break,37,ceded,long,emerging,True,bornhuetter_ferguson_break_aware,frozen_break_aware,175324229.08050472,280012844.6247065,-104688615.54420179,104688615.54420179,-37.38707618377759,37.38707618377759,True,success,,,frozen_step21_pattern,pricing_mc_v1,0.0042421999969519675
long_emerging_break,37,ceded,long,emerging,True,bornhuetter_ferguson_break_aware_ceded_specific,ceded_specific_break_aware,325191700.5114074,280012844.6247065,45178855.88670087,45178855.88670087,16.13456552225411,16.13456552225411,True,success,,,step28_ceded_development_v1,pricing_mc_v1,0.038898600003449246
long_emerging_break,37,ceded,long,emerging,True,bornhuetter_ferguson_ceded_specific,ceded_specific_standard,370418842.9734397,280012844.6247065,90405998.34873319,90405998.34873319,32.28637545891934,32.28637545891934,True,success,,,step28_ceded_development_v1,pricing_mc_v1,0.039867599996796343
long_emerging_break,37,ceded,long,emerging,True,bornhuetter_ferguson_standard,frozen_standard,223325333.25591165,280012844.6247065,-56687511.36879486,56687511.36879486,-20.244611080170827,20.244611080170827,True,success,,,frozen_step21_pattern,pricing_mc_v1,0.004672200004279148
long_emerging_break,38,ceded,long,emerging,True,bornhuetter_ferguson_break_aware,frozen_break_aware,175324229.08050472,312303097.24901414,-136978868.16850942,136978868.16850942,-43.86087405956453,43.86087405956453,True,success,,,frozen_step21_pattern,pricing_mc_v1,0.0035126999937347136
long_emerging_break,38,ceded,long,emerging,True,bornhuetter_ferguson_break_aware_ceded_specific,ceded_specific_break_aware,325191700.5114074,312303097.24901414,12888603.262393236,12888603.262393236,4.126953391088702,4.126953391088702,True,success,,,step28_ceded_development_v1,pricing_mc_v1,0.03679740000370657
long_emerging_break,38,ceded,long,emerging,True,bornhuetter_ferguson_ceded_specific,ceded_specific_standard,370418842.9734397,312303097.24901414,58115745.724425554,58115745.724425554,18.608763805530593,18.608763805530593,True,success,,,step28_ceded_development_v1,pricing_mc_v1,0.03730260000156704
long_emerging_break,38,ceded,long,emerging,True,bornhuetter_ferguson_standard,frozen_standard,223325333.25591165,312303097.24901414,-88977763.99310249,88977763.99310249,-28.490836234696797,28.490836234696797,True,success,,,frozen_step21_pattern,pricing_mc_v1,0.003967600001487881
long_emerging_break,39,ceded,long,emerging,True,bornhuetter_ferguson_break_aware,frozen_break_aware,175324229.08050472,329071260.7806257,-153747031.700121,153747031.700121,-46.721500788431335,46.721500788431335,True,success,,,frozen_step21_pattern,pricing_mc_v1,0.0036801999958697706
long_emerging_break,39,ceded,long,emerging,True,bornhuetter_ferguson_break_aware_ceded_specific,ceded_specific_break_aware,325191700.5114074,329071260.7806257,-3879560.2692183256,3879560.2692183256,-1.1789422935370288,1.1789422935370288,True,success,,,step28_ceded_development_v1,pricing_mc_v1,0.03764400000363821
long_emerging_break,39,ceded,long,emerging,True,bornhuetter_ferguson_ceded_specific,ceded_specific_standard,370418842.9734397,329071260.7806257,41347582.19281399,41347582.19281399,12.56493262119849,12.56493262119849,True,success,,,step28_ceded_development_v1,pricing_mc_v1,0.03782389999832958
long_emerging_break,39,ceded,long,emerging,True,bornhuetter_ferguson_standard,frozen_standard,223325333.25591165,329071260.7806257,-105745927.52471405,105745927.52471405,-32.13465900178054,32.13465900178054,True,success,,,frozen_step21_pattern,pricing_mc_v1,0.0036313999953563325
long_emerging_break,40,ceded,long,emerging,True,bornhuetter_ferguson_break_aware,frozen_break_aware,175324229.08050472,264420912.58280376,-89096683.50229904,89096683.50229904,-33.69502155938528,33.69502155938528,True,success,,,frozen_step21_pattern,pricing_mc_v1,0.003763100001378916
long_emerging_break,40,ceded,long,emerging,True,bornhuetter_ferguson_break_aware_ceded_specific,ceded_specific_break_aware,325191700.5114074,264420912.58280376,60770787.92860362,60770787.92860362,22.982595186972276,22.982595186972276,True,success,,,step28_ceded_development_v1,pricing_mc_v1,0.03704289999586763
long_emerging_break,40,ceded,long,emerging,True,bornhuetter_ferguson_ceded_specific,ceded_specific_standard,370418842.9734397,264420912.58280376,105997930.39063594,105997930.39063594,40.086818154915235,40.086818154915235,True,success,,,step28_ceded_development_v1,pricing_mc_v1,0.036944100000255276
long_emerging_break,40,ceded,long,emerging,True,bornhuetter_ferguson_standard,frozen_standard,223325333.25591165,264420912.58280376,-41095579.32689211,41095579.32689211,-15.541728120321412,15.541728120321412,True,success,,,frozen_step21_pattern,pricing_mc_v1,0.0036517999978968874
long_emerging_break,41,ceded,long,emerging,True,bornhuetter_ferguson_break_aware,frozen_break_aware,175324229.08050472,319130515.04039764,-143806285.95989293,143806285.95989293,-45.06190388646757,45.06190388646757,True,success,,,frozen_step21_pattern,pricing_mc_v1,0.0035550999964470975
long_emerging_break,41,ceded,long,emerging,True,bornhuetter_ferguson_break_aware_ceded_specific,ceded_specific_break_aware,325191700.5114074,319130515.04039764,6061185.471009731,6061185.471009731,1.8992810732130916,1.8992810732130916,True,success,,,step28_ceded_development_v1,pricing_mc_v1,0.036552300000039395
long_emerging_break,41,ceded,long,emerging,True,bornhuetter_ferguson_ceded_specific,ceded_specific_standard,370418842.9734397,319130515.04039764,51288327.93304205,51288327.93304205,16.07127037868805,16.07127037868805,True,success,,,step28_ceded_development_v1,pricing_mc_v1,0.03682539999863366
long_emerging_break,41,ceded,long,emerging,True,bornhuetter_ferguson_standard,frozen_standard,223325333.25591165,319130515.04039764,-95805181.784486,95805181.784486,-30.020689739543815,30.020689739543815,True,success,,,frozen_step21_pattern,pricing_mc_v1,0.00368960000196239
long_emerging_break,42,ceded,long,emerging,True,bornhuetter_ferguson_break_aware,frozen_break_aware,175324229.08050472,365620897.7543769,-190296668.67387217,190296668.67387217,-52.04753607976559,52.04753607976559,True,success,,,frozen_step21_pattern,pricing_mc_v1,0.0035723999972105958
long_emerging_break,42,ceded,long,emerging,True,bornhuetter_ferguson_break_aware_ceded_specific,ceded_specific_break_aware,325191700.5114074,365620897.7543769,-40429197.24296951,40429197.24296951,-11.057682285472024,11.057682285472024,True,success,,,step28_ceded_development_v1,pricing_mc_v1,0.03683399999863468
long_emerging_break,42,ceded,long,emerging,True,bornhuetter_ferguson_ceded_specific,ceded_specific_standard,370418842.9734397,365620897.7543769,4797945.219062805,4797945.219062805,1.3122732449188534,1.3122732449188534,True,success,,,step28_ceded_development_v1,pricing_mc_v1,0.03682459999981802
long_emerging_break,42,ceded,long,emerging,True,bornhuetter_ferguson_standard,frozen_standard,223325333.25591165,365620897.7543769,-142295564.49846524,142295564.49846524,-38.91888165376668,38.91888165376668,True,success,,,frozen_step21_pattern,pricing_mc_v1,0.0039059999980963767
long_emerging_break,43,ceded,long,emerging,True,bornhuetter_ferguson_break_aware,frozen_break_aware,175324229.08050472,361095337.33123547,-185771108.25073075,185771108.25073075,-51.446554149305314,51.446554149305314,True,success,,,frozen_step21_pattern,pricing_mc_v1,0.004217300003801938
long_emerging_break,43,ceded,long,emerging,True,bornhuetter_ferguson_break_aware_ceded_specific,ceded_specific_break_aware,325191700.5114074,361095337.33123547,-35903636.81982809,35903636.81982809,-9.94297990253289,9.94297990253289,True,success,,,step28_ceded_development_v1,pricing_mc_v1,0.0369598000033875
long_emerging_break,43,ceded,long,emerging,True,bornhuetter_ferguson_ceded_specific,ceded_specific_standard,370418842.9734397,361095337.33123547,9323505.642204225,9323505.642204225,2.582006655392424,2.582006655392424,True,success,,,step28_ceded_development_v1,pricing_mc_v1,0.037556699993729126
long_emerging_break,43,ceded,long,emerging,True,bornhuetter_ferguson_standard,frozen_standard,223325333.25591165,361095337.33123547,-137770004.07532382,137770004.07532382,-38.15336002218892,38.15336002218892,True,success,,,frozen_step21_pattern,pricing_mc_v1,0.0035685999973793514
long_emerging_break,44,ceded,long,emerging,True,bornhuetter_ferguson_break_aware,frozen_break_aware,175324229.08050472,385637467.7939311,-210313238.7134264,210313238.7134264,-54.53651584130025,54.53651584130025,True,success,,,frozen_step21_pattern,pricing_mc_v1,0.003723199995874893
long_emerging_break,44,ceded,long,emerging,True,bornhuetter_ferguson_break_aware_ceded_specific,ceded_specific_break_aware,325191700.5114074,385637467.7939311,-60445767.28252375,60445767.28252375,-15.674246495888593,15.674246495888593,True,success,,,step28_ceded_development_v1,pricing_mc_v1,0.03661120000469964
long_emerging_break,44,ceded,long,emerging,True,bornhuetter_ferguson_ceded_specific,ceded_specific_standard,370418842.9734397,385637467.7939311,-15218624.820491433,15218624.820491433,-3.946355344451033,3.946355344451033,True,success,,,step28_ceded_development_v1,pricing_mc_v1,0.03687770000396995
long_emerging_break,44,ceded,long,emerging,True,bornhuetter_ferguson_standard,frozen_standard,223325333.25591165,385637467.7939311,-162312134.53801948,162312134.53801948,-42.08930617311087,42.08930617311087,True,success,,,frozen_step21_pattern,pricing_mc_v1,0.0035786999942502007
long_emerging_break,45,ceded,long,emerging,True,bornhuetter_ferguson_break_aware,frozen_break_aware,175324229.08050472,326853781.3478096,-151529552.2673049,151529552.2673049,-46.360042598393626,46.360042598393626,True,success,,,frozen_step21_pattern,pricing_mc_v1,0.0035755999997491017
long_emerging_break,45,ceded,long,emerging,True,bornhuetter_ferguson_break_aware_ceded_specific,ceded_specific_break_aware,325191700.5114074,326853781.3478096,-1662080.8364022374,1662080.8364022374,-0.5085089820740346,0.5085089820740346,True,success,,,step28_ceded_development_v1,pricing_mc_v1,0.03666309999971418
long_emerging_break,45,ceded,long,emerging,True,bornhuetter_ferguson_ceded_specific,ceded_specific_standard,370418842.9734397,326853781.3478096,43565061.62563008,43565061.62563008,13.328608727115169,13.328608727115169,True,success,,,step28_ceded_development_v1,pricing_mc_v1,0.03673240000352962
long_emerging_break,45,ceded,long,emerging,True,bornhuetter_ferguson_standard,frozen_standard,223325333.25591165,326853781.3478096,-103528448.09189796,103528448.09189796,-31.67423906340919,31.67423906340919,True,success,,,frozen_step21_pattern,pricing_mc_v1,0.003622600001108367
long_emerging_break,46,ceded,long,emerging,True,bornhuetter_ferguson_break_aware,frozen_break_aware,175324229.08050472,344662403.1959149,-169338174.1154102,169338174.1154102,-49.13160604266839,49.13160604266839,True,success,,,frozen_step21_pattern,pricing_mc_v1,0.0036220999973011203
long_emerging_break,46,ceded,long,emerging,True,bornhuetter_ferguson_break_aware_ceded_specific,ceded_specific_break_aware,325191700.5114074,344662403.1959149,-19470702.68450755,19470702.68450755,-5.649209923671281,5.649209923671281,True,success,,,step28_ceded_development_v1,pricing_mc_v1,0.03683400000591064
long_emerging_break,46,ceded,long,emerging,True,bornhuetter_ferguson_ceded_specific,ceded_specific_standard,370418842.9734397,344662403.1959149,25756439.77752477,25756439.77752477,7.472947306899658,7.472947306899658,True,success,,,step28_ceded_development_v1,pricing_mc_v1,0.037880699994275346
long_emerging_break,46,ceded,long,emerging,True,bornhuetter_ferguson_standard,frozen_standard,223325333.25591165,344662403.1959149,-121337069.94000328,121337069.94000328,-35.20461437478929,35.20461437478929,True,success,,,frozen_step21_pattern,pricing_mc_v1,0.004124200000660494
long_emerging_break,47,ceded,long,emerging,True,bornhuetter_ferguson_break_aware,frozen_break_aware,175324229.08050472,298208536.8960704,-122884307.8155657,122884307.8155657,-41.20750837471581,41.20750837471581,True,success,,,frozen_step21_pattern,pricing_mc_v1,0.003668199999083299
long_emerging_break,47,ceded,long,emerging,True,bornhuetter_ferguson_break_aware_ceded_specific,ceded_specific_break_aware,325191700.5114074,298208536.8960704,26983163.615336955,26983163.615336955,9.048420912490824,9.048420912490824,True,success,,,step28_ceded_development_v1,pricing_mc_v1,0.03692090000549797
long_emerging_break,47,ceded,long,emerging,True,bornhuetter_ferguson_ceded_specific,ceded_specific_standard,370418842.9734397,298208536.8960704,72210306.07736927,72210306.07736927,24.214701171528,24.214701171528,True,success,,,step28_ceded_development_v1,pricing_mc_v1,0.03708609999739565
long_emerging_break,47,ceded,long,emerging,True,bornhuetter_ferguson_standard,frozen_standard,223325333.25591165,298208536.8960704,-74883203.64015877,74883203.64015877,-25.111019429419134,25.111019429419134,True,success,,,frozen_step21_pattern,pricing_mc_v1,0.0036044000007677823
long_emerging_break,48,ceded,long,emerging,True,bornhuetter_ferguson_break_aware,frozen_break_aware,175324229.08050472,322795334.1595725,-147471105.07906777,147471105.07906777,-45.68563714312118,45.68563714312118,True,success,,,frozen_step21_pattern,pricing_mc_v1,0.0038618999969912693
long_emerging_break,48,ceded,long,emerging,True,bornhuetter_ferguson_break_aware_ceded_specific,ceded_specific_break_aware,325191700.5114074,322795334.1595725,2396366.351834893,2396366.351834893,0.7423794888715026,0.7423794888715026,True,success,,,step28_ceded_development_v1,pricing_mc_v1,0.036612300005799625
long_emerging_break,48,ceded,long,emerging,True,bornhuetter_ferguson_ceded_specific,ceded_specific_standard,370418842.9734397,322795334.1595725,47623508.81386721,47623508.81386721,14.753468769261929,14.753468769261929,True,success,,,step28_ceded_development_v1,pricing_mc_v1,0.036653800001658965
long_emerging_break,48,ceded,long,emerging,True,bornhuetter_ferguson_standard,frozen_standard,223325333.25591165,322795334.1595725,-99470000.90366083,99470000.90366083,-30.8151916639812,30.8151916639812,True,success,,,frozen_step21_pattern,pricing_mc_v1,0.003613000000768807
long_emerging_break,49,ceded,long,emerging,True,bornhuetter_ferguson_break_aware,frozen_break_aware,175324229.08050472,287480166.4890658,-112155937.40856111,112155937.40856111,-39.013452224651786,39.013452224651786,True,success,,,frozen_step21_pattern,pricing_mc_v1,0.0040281000037794
long_emerging_break,49,ceded,long,emerging,True,bornhuetter_ferguson_break_aware_ceded_specific,ceded_specific_break_aware,325191700.5114074,287480166.4890658,37711534.02234155,37711534.02234155,13.117960269365534,13.117960269365534,True,success,,,step28_ceded_development_v1,pricing_mc_v1,0.03695739999966463
long_emerging_break,49,ceded,long,emerging,True,bornhuetter_ferguson_ceded_specific,ceded_specific_standard,370418842.9734397,287480166.4890658,82938676.48437387,82938676.48437387,28.850225564179365,28.850225564179365,True,success,,,step28_ceded_development_v1,pricing_mc_v1,0.03681179999693995
long_emerging_break,49,ceded,long,emerging,True,bornhuetter_ferguson_standard,frozen_standard,223325333.25591165,287480166.4890658,-64154833.23315418,64154833.23315418,-22.316264115421777,22.316264115421777,True,success,,,frozen_step21_pattern,pricing_mc_v1,0.003700099994603079
long_emerging_break,50,ceded,long,emerging,True,bornhuetter_ferguson_break_aware,frozen_break_aware,175324229.08050472,335576286.10000974,-160252057.01950502,160252057.01950502,-47.75428528693654,47.75428528693654,True,success,,,frozen_step21_pattern,pricing_mc_v1,0.0035978000014438294
long_emerging_break,50,ceded,long,emerging,True,bornhuetter_ferguson_break_aware_ceded_specific,ceded_specific_break_aware,325191700.5114074,335576286.10000974,-10384585.588602364,10384585.588602364,-3.0945528688244406,3.0945528688244406,True,success,,,step28_ceded_development_v1,pricing_mc_v1,0.03772960000060266
long_emerging_break,50,ceded,long,emerging,True,bornhuetter_ferguson_ceded_specific,ceded_specific_standard,370418842.9734397,335576286.10000974,34842556.873429954,34842556.873429954,10.38290198582329,10.38290198582329,True,success,,,step28_ceded_development_v1,pricing_mc_v1,0.03874010000436101
long_emerging_break,50,ceded,long,emerging,True,bornhuetter_ferguson_standard,frozen_standard,223325333.25591165,335576286.10000974,-112250952.84409809,112250952.84409809,-33.45020416926738,33.45020416926738,True,success,,,frozen_step21_pattern,pricing_mc_v1,0.0038875000027474016
long_emerging_no_break,1,ceded,long,emerging,False,bornhuetter_ferguson_break_aware,frozen_break_aware,261066904.0584011,408650367.9529617,-147583463.89456058,147583463.89456058,-36.114849139582425,36.114849139582425,True,success,,,frozen_step21_pattern,pricing_mc_v1,0.0037175999968894757
long_emerging_no_break,1,ceded,long,emerging,False,bornhuetter_ferguson_break_aware_ceded_specific,ceded_specific_break_aware,430740059.4377985,408650367.9529617,22089691.484836817,22089691.484836817,5.40552345406905,5.40552345406905,True,success,,,step28_ceded_development_v1,pricing_mc_v1,0.03778769999917131
long_emerging_no_break,1,ceded,long,emerging,False,bornhuetter_ferguson_ceded_specific,ceded_specific_standard,430740059.4377985,408650367.9529617,22089691.484836817,22089691.484836817,5.40552345406905,5.40552345406905,True,success,,,step28_ceded_development_v1,pricing_mc_v1,0.03805180000199471
long_emerging_no_break,1,ceded,long,emerging,False,bornhuetter_ferguson_standard,frozen_standard,261066904.0584011,408650367.9529617,-147583463.89456058,147583463.89456058,-36.114849139582425,36.114849139582425,True,success,,,frozen_step21_pattern,pricing_mc_v1,0.003765900000871625
long_emerging_no_break,2,ceded,long,emerging,False,bornhuetter_ferguson_break_aware,frozen_break_aware,261066904.0584011,435759123.7895667,-174692219.7311656,174692219.7311656,-40.08917087310983,40.08917087310983,True,success,,,frozen_step21_pattern,pricing_mc_v1,0.0038729000007151626
long_emerging_no_break,2,ceded,long,emerging,False,bornhuetter_ferguson_break_aware_ceded_specific,ceded_specific_break_aware,430740059.4377985,435759123.7895667,-5019064.351768196,5019064.351768196,-1.1517978804712214,1.1517978804712214,True,success,,,step28_ceded_development_v1,pricing_mc_v1,0.03808290000597481
long_emerging_no_break,2,ceded,long,emerging,False,bornhuetter_ferguson_ceded_specific,ceded_specific_standard,430740059.4377985,435759123.7895667,-5019064.351768196,5019064.351768196,-1.1517978804712214,1.1517978804712214,True,success,,,step28_ceded_development_v1,pricing_mc_v1,0.03754979999939678
long_emerging_no_break,2,ceded,long,emerging,False,bornhuetter_ferguson_standard,frozen_standard,261066904.0584011,435759123.7895667,-174692219.7311656,174692219.7311656,-40.08917087310983,40.08917087310983,True,success,,,frozen_step21_pattern,pricing_mc_v1,0.003647699995781295
long_emerging_no_break,3,ceded,long,emerging,False,bornhuetter_ferguson_break_aware,frozen_break_aware,261066904.0584011,430686769.09559107,-169619865.03718996,169619865.03718996,-39.383579252591986,39.383579252591986,True,success,,,frozen_step21_pattern,pricing_mc_v1,0.003925099998014048
long_emerging_no_break,3,ceded,long,emerging,False,bornhuetter_ferguson_break_aware_ceded_specific,ceded_specific_break_aware,430740059.4377985,430686769.09559107,53290.34220743179,53290.34220743179,0.01237334091301142,0.01237334091301142,True,success,,,step28_ceded_development_v1,pricing_mc_v1,0.03786160000163363
long_emerging_no_break,3,ceded,long,emerging,False,bornhuetter_ferguson_ceded_specific,ceded_specific_standard,430740059.4377985,430686769.09559107,53290.34220743179,53290.34220743179,0.01237334091301142,0.01237334091301142,True,success,,,step28_ceded_development_v1,pricing_mc_v1,0.037593199995171744
long_emerging_no_break,3,ceded,long,emerging,False,bornhuetter_ferguson_standard,frozen_standard,261066904.0584011,430686769.09559107,-169619865.03718996,169619865.03718996,-39.383579252591986,39.383579252591986,True,success,,,frozen_step21_pattern,pricing_mc_v1,0.003624700002546888
long_emerging_no_break,4,ceded,long,emerging,False,bornhuetter_ferguson_break_aware,frozen_break_aware,261066904.0584011,394207720.42512184,-133140816.36672074,133140816.36672074,-33.774279261486534,33.774279261486534,True,success,,,frozen_step21_pattern,pricing_mc_v1,0.0041512999960104935
long_emerging_no_break,4,ceded,long,emerging,False,bornhuetter_ferguson_break_aware_ceded_specific,ceded_specific_break_aware,430740059.4377985,394207720.42512184,36532339.012676656,36532339.012676656,9.267281466045215,9.267281466045215,True,success,,,step28_ceded_development_v1,pricing_mc_v1,0.03743080000276677
long_emerging_no_break,4,ceded,long,emerging,False,bornhuetter_ferguson_ceded_specific,ceded_specific_standard,430740059.4377985,394207720.42512184,36532339.012676656,36532339.012676656,9.267281466045215,9.267281466045215,True,success,,,step28_ceded_development_v1,pricing_mc_v1,0.03749919999972917
long_emerging_no_break,4,ceded,long,emerging,False,bornhuetter_ferguson_standard,frozen_standard,261066904.0584011,394207720.42512184,-133140816.36672074,133140816.36672074,-33.774279261486534,33.774279261486534,True,success,,,frozen_step21_pattern,pricing_mc_v1,0.003747399998246692
long_emerging_no_break,5,ceded,long,emerging,False,bornhuetter_ferguson_break_aware,frozen_break_aware,261066904.0584011,390448899.05505055,-129381994.99664944,129381994.99664944,-33.1367293670887,33.1367293670887,True,success,,,frozen_step21_pattern,pricing_mc_v1,0.0035949000011896715
long_emerging_no_break,5,ceded,long,emerging,False,bornhuetter_ferguson_break_aware_ceded_specific,ceded_specific_break_aware,430740059.4377985,390448899.05505055,40291160.38274795,40291160.38274795,10.319189138516991,10.319189138516991,True,success,,,step28_ceded_development_v1,pricing_mc_v1,0.03775129999849014
long_emerging_no_break,5,ceded,long,emerging,False,bornhuetter_ferguson_ceded_specific,ceded_specific_standard,430740059.4377985,390448899.05505055,40291160.38274795,40291160.38274795,10.319189138516991,10.319189138516991,True,success,,,step28_ceded_development_v1,pricing_mc_v1,0.03765639999619452
long_emerging_no_break,5,ceded,long,emerging,False,bornhuetter_ferguson_standard,frozen_standard,261066904.0584011,390448899.05505055,-129381994.99664944,129381994.99664944,-33.1367293670887,33.1367293670887,True,success,,,frozen_step21_pattern,pricing_mc_v1,0.003690099998493679
long_emerging_no_break,6,ceded,long,emerging,False,bornhuetter_ferguson_break_aware,frozen_break_aware,261066904.0584011,383883858.86950636,-122816954.81110525,122816954.81110525,-31.99325837058818,31.99325837058818,True,success,,,frozen_step21_pattern,pricing_mc_v1,0.003521700004057493
long_emerging_no_break,6,ceded,long,emerging,False,bornhuetter_ferguson_break_aware_ceded_specific,ceded_specific_break_aware,430740059.4377985,383883858.86950636,46856200.56829214,46856200.56829214,12.205827227609475,12.205827227609475,True,success,,,step28_ceded_development_v1,pricing_mc_v1,0.03814659999625292
long_emerging_no_break,6,ceded,long,emerging,False,bornhuetter_ferguson_ceded_specific,ceded_specific_standard,430740059.4377985,383883858.86950636,46856200.56829214,46856200.56829214,12.205827227609475,12.205827227609475,True,success,,,step28_ceded_development_v1,pricing_mc_v1,0.037933400002657436
long_emerging_no_break,6,ceded,long,emerging,False,bornhuetter_ferguson_standard,frozen_standard,261066904.0584011,383883858.86950636,-122816954.81110525,122816954.81110525,-31.99325837058818,31.99325837058818,True,success,,,frozen_step21_pattern,pricing_mc_v1,0.0037129999982425943
long_emerging_no_break,7,ceded,long,emerging,False,bornhuetter_ferguson_break_aware,frozen_break_aware,261066904.0584011,390762234.94918907,-129695330.89078796,129695330.89078796,-33.19034422752042,33.19034422752042,True,success,,,frozen_step21_pattern,pricing_mc_v1,0.0037137000035727397
long_emerging_no_break,7,ceded,long,emerging,False,bornhuetter_ferguson_break_aware_ceded_specific,ceded_specific_break_aware,430740059.4377985,390762234.94918907,39977824.48860943,39977824.48860943,10.23072879440557,10.23072879440557,True,success,,,step28_ceded_development_v1,pricing_mc_v1,0.03745590000471566
long_emerging_no_break,7,ceded,long,emerging,False,bornhuetter_ferguson_ceded_specific,ceded_specific_standard,430740059.4377985,390762234.94918907,39977824.48860943,39977824.48860943,10.23072879440557,10.23072879440557,True,success,,,step28_ceded_development_v1,pricing_mc_v1,0.03780539999570465
long_emerging_no_break,7,ceded,long,emerging,False,bornhuetter_ferguson_standard,frozen_standard,261066904.0584011,390762234.94918907,-129695330.89078796,129695330.89078796,-33.19034422752042,33.19034422752042,True,success,,,frozen_step21_pattern,pricing_mc_v1,0.004203200005576946
long_emerging_no_break,8,ceded,long,emerging,False,bornhuetter_ferguson_break_aware,frozen_break_aware,261066904.0584011,466654718.757437,-205587814.69903588,205587814.69903588,-44.0556596634135,44.0556596634135,True,success,,,frozen_step21_pattern,pricing_mc_v1,0.0036973999958718196
long_emerging_no_break,8,ceded,long,emerging,False,bornhuetter_ferguson_break_aware_ceded_specific,ceded_specific_break_aware,430740059.4377985,466654718.757437,-35914659.31963849,35914659.31963849,-7.696195468732979,7.696195468732979,True,success,,,step28_ceded_development_v1,pricing_mc_v1,0.03729399999429006
long_emerging_no_break,8,ceded,long,emerging,False,bornhuetter_ferguson_ceded_specific,ceded_specific_standard,430740059.4377985,466654718.757437,-35914659.31963849,35914659.31963849,-7.696195468732979,7.696195468732979,True,success,,,step28_ceded_development_v1,pricing_mc_v1,0.037599999996018596
long_emerging_no_break,8,ceded,long,emerging,False,bornhuetter_ferguson_standard,frozen_standard,261066904.0584011,466654718.757437,-205587814.69903588,205587814.69903588,-44.0556596634135,44.0556596634135,True,success,,,frozen_step21_pattern,pricing_mc_v1,0.003770399998757057
long_emerging_no_break,9,ceded,long,emerging,False,bornhuetter_ferguson_break_aware,frozen_break_aware,261066904.0584011,430188839.7616966,-169121935.70329547,169121935.70329547,-39.31341775323151,39.31341775323151,True,success,,,frozen_step21_pattern,pricing_mc_v1,0.003682000002299901
long_emerging_no_break,9,ceded,long,emerging,False,bornhuetter_ferguson_break_aware_ceded_specific,ceded_specific_break_aware,430740059.4377985,430188839.7616966,551219.676101923,551219.676101923,0.12813435058131017,0.12813435058131017,True,success,,,step28_ceded_development_v1,pricing_mc_v1,0.03775870000390569
long_emerging_no_break,9,ceded,long,emerging,False,bornhuetter_ferguson_ceded_specific,ceded_specific_standard,430740059.4377985,430188839.7616966,551219.676101923,551219.676101923,0.12813435058131017,0.12813435058131017,True,success,,,step28_ceded_development_v1,pricing_mc_v1,0.03742700000293553
long_emerging_no_break,9,ceded,long,emerging,False,bornhuetter_ferguson_standard,frozen_standard,261066904.0584011,430188839.7616966,-169121935.70329547,169121935.70329547,-39.31341775323151,39.31341775323151,True,success,,,frozen_step21_pattern,pricing_mc_v1,0.0036307000045781024
long_emerging_no_break,10,ceded,long,emerging,False,bornhuetter_ferguson_break_aware,frozen_break_aware,261066904.0584011,448150465.0327139,-187083560.97431278,187083560.97431278,-41.74570274308566,41.74570274308566,True,success,,,frozen_step21_pattern,pricing_mc_v1,0.003963899995142128
long_emerging_no_break,10,ceded,long,emerging,False,bornhuetter_ferguson_break_aware_ceded_specific,ceded_specific_break_aware,430740059.4377985,448150465.0327139,-17410405.59491539,17410405.59491539,-3.8849464528937783,3.8849464528937783,True,success,,,step28_ceded_development_v1,pricing_mc_v1,0.03901359999872511
long_emerging_no_break,10,ceded,long,emerging,False,bornhuetter_ferguson_ceded_specific,ceded_specific_standard,430740059.4377985,448150465.0327139,-17410405.59491539,17410405.59491539,-3.8849464528937783,3.8849464528937783,True,success,,,step28_ceded_development_v1,pricing_mc_v1,0.038330499999574386
long_emerging_no_break,10,ceded,long,emerging,False,bornhuetter_ferguson_standard,frozen_standard,261066904.0584011,448150465.0327139,-187083560.97431278,187083560.97431278,-41.74570274308566,41.74570274308566,True,success,,,frozen_step21_pattern,pricing_mc_v1,0.0036647999950218946
long_emerging_no_break,11,ceded,long,emerging,False,bornhuetter_ferguson_break_aware,frozen_break_aware,261066904.0584011,447353470.6937061,-186286566.635305,186286566.635305,-41.64191826799342,41.64191826799342,True,success,,,frozen_step21_pattern,pricing_mc_v1,0.0040606999973533675
long_emerging_no_break,11,ceded,long,emerging,False,bornhuetter_ferguson_break_aware_ceded_specific,ceded_specific_break_aware,430740059.4377985,447353470.6937061,-16613411.255907595,16613411.255907595,-3.713710151872827,3.713710151872827,True,success,,,step28_ceded_development_v1,pricing_mc_v1,0.04760779999924125
long_emerging_no_break,11,ceded,long,emerging,False,bornhuetter_ferguson_ceded_specific,ceded_specific_standard,430740059.4377985,447353470.6937061,-16613411.255907595,16613411.255907595,-3.713710151872827,3.713710151872827,True,success,,,step28_ceded_development_v1,pricing_mc_v1,0.04050979999738047
long_emerging_no_break,11,ceded,long,emerging,False,bornhuetter_ferguson_standard,frozen_standard,261066904.0584011,447353470.6937061,-186286566.635305,186286566.635305,-41.64191826799342,41.64191826799342,True,success,,,frozen_step21_pattern,pricing_mc_v1,0.003924600001482759
long_emerging_no_break,12,ceded,long,emerging,False,bornhuetter_ferguson_break_aware,frozen_break_aware,261066904.0584011,429313850.2498671,-168246946.19146597,168246946.19146597,-39.18973172972261,39.18973172972261,True,success,,,frozen_step21_pattern,pricing_mc_v1,0.02829879999626428
long_emerging_no_break,12,ceded,long,emerging,False,bornhuetter_ferguson_break_aware_ceded_specific,ceded_specific_break_aware,430740059.4377985,429313850.2498671,1426209.1879314184,1426209.1879314184,0.33220665652909714,0.33220665652909714,True,success,,,step28_ceded_development_v1,pricing_mc_v1,0.03960949999600416
long_emerging_no_break,12,ceded,long,emerging,False,bornhuetter_ferguson_ceded_specific,ceded_specific_standard,430740059.4377985,429313850.2498671,1426209.1879314184,1426209.1879314184,0.33220665652909714,0.33220665652909714,True,success,,,step28_ceded_development_v1,pricing_mc_v1,0.04047569999966072
long_emerging_no_break,12,ceded,long,emerging,False,bornhuetter_ferguson_standard,frozen_standard,261066904.0584011,429313850.2498671,-168246946.19146597,168246946.19146597,-39.18973172972261,39.18973172972261,True,success,,,frozen_step21_pattern,pricing_mc_v1,0.004187699996691663
long_emerging_no_break,13,ceded,long,emerging,False,bornhuetter_ferguson_break_aware,frozen_break_aware,261066904.0584011,457401365.7527426,-196334461.69434148,196334461.69434148,-42.92389056845842,42.92389056845842,True,success,,,frozen_step21_pattern,pricing_mc_v1,0.003587799998058472
long_emerging_no_break,13,ceded,long,emerging,False,bornhuetter_ferguson_break_aware_ceded_specific,ceded_specific_break_aware,430740059.4377985,457401365.7527426,-26661306.31494409,26661306.31494409,-5.82886460582988,5.82886460582988,True,success,,,step28_ceded_development_v1,pricing_mc_v1,0.036934799994924106
long_emerging_no_break,13,ceded,long,emerging,False,bornhuetter_ferguson_ceded_specific,ceded_specific_standard,430740059.4377985,457401365.7527426,-26661306.31494409,26661306.31494409,-5.82886460582988,5.82886460582988,True,success,,,step28_ceded_development_v1,pricing_mc_v1,0.0372817000024952
long_emerging_no_break,13,ceded,long,emerging,False,bornhuetter_ferguson_standard,frozen_standard,261066904.0584011,457401365.7527426,-196334461.69434148,196334461.69434148,-42.92389056845842,42.92389056845842,True,success,,,frozen_step21_pattern,pricing_mc_v1,0.003950199999962933
long_emerging_no_break,14,ceded,long,emerging,False,bornhuetter_ferguson_break_aware,frozen_break_aware,261066904.0584011,413449654.86983955,-152382750.81143844,152382750.81143844,-36.856422303559775,36.856422303559775,True,success,,,frozen_step21_pattern,pricing_mc_v1,0.0035528000007616356
long_emerging_no_break,14,ceded,long,emerging,False,bornhuetter_ferguson_break_aware_ceded_specific,ceded_specific_break_aware,430740059.4377985,413449654.86983955,17290404.56795895,17290404.56795895,4.181985488269967,4.181985488269967,True,success,,,step28_ceded_development_v1,pricing_mc_v1,0.03723850000096718
long_emerging_no_break,14,ceded,long,emerging,False,bornhuetter_ferguson_ceded_specific,ceded_specific_standard,430740059.4377985,413449654.86983955,17290404.56795895,17290404.56795895,4.181985488269967,4.181985488269967,True,success,,,step28_ceded_development_v1,pricing_mc_v1,0.03694800000084797
long_emerging_no_break,14,ceded,long,emerging,False,bornhuetter_ferguson_standard,frozen_standard,261066904.0584011,413449654.86983955,-152382750.81143844,152382750.81143844,-36.856422303559775,36.856422303559775,True,success,,,frozen_step21_pattern,pricing_mc_v1,0.003653499996289611
long_emerging_no_break,15,ceded,long,emerging,False,bornhuetter_ferguson_break_aware,frozen_break_aware,261066904.0584011,442539573.47243255,-181472669.41403145,181472669.41403145,-41.007105418863986,41.007105418863986,True,success,,,frozen_step21_pattern,pricing_mc_v1,0.0036784000039915554
long_emerging_no_break,15,ceded,long,emerging,False,bornhuetter_ferguson_break_aware_ceded_specific,ceded_specific_break_aware,430740059.4377985,442539573.47243255,-11799514.034634054,11799514.034634054,-2.6663183909289616,2.6663183909289616,True,success,,,step28_ceded_development_v1,pricing_mc_v1,0.03672089999599848
long_emerging_no_break,15,ceded,long,emerging,False,bornhuetter_ferguson_ceded_specific,ceded_specific_standard,430740059.4377985,442539573.47243255,-11799514.034634054,11799514.034634054,-2.6663183909289616,2.6663183909289616,True,success,,,step28_ceded_development_v1,pricing_mc_v1,0.03724899999360787
long_emerging_no_break,15,ceded,long,emerging,False,bornhuetter_ferguson_standard,frozen_standard,261066904.0584011,442539573.47243255,-181472669.41403145,181472669.41403145,-41.007105418863986,41.007105418863986,True,success,,,frozen_step21_pattern,pricing_mc_v1,0.0037060000031488016
long_emerging_no_break,16,ceded,long,emerging,False,bornhuetter_ferguson_break_aware,frozen_break_aware,261066904.0584011,410639150.634794,-149572246.5763929,149572246.5763929,-36.424253835800585,36.424253835800585,True,success,,,frozen_step21_pattern,pricing_mc_v1,0.003531200003635604
long_emerging_no_break,16,ceded,long,emerging,False,bornhuetter_ferguson_break_aware_ceded_specific,ceded_specific_break_aware,430740059.4377985,410639150.634794,20100908.803004503,20100908.803004503,4.895029802183047,4.895029802183047,True,success,,,step28_ceded_development_v1,pricing_mc_v1,0.03775169999425998
long_emerging_no_break,16,ceded,long,emerging,False,bornhuetter_ferguson_ceded_specific,ceded_specific_standard,430740059.4377985,410639150.634794,20100908.803004503,20100908.803004503,4.895029802183047,4.895029802183047,True,success,,,step28_ceded_development_v1,pricing_mc_v1,0.03710480000154348
long_emerging_no_break,16,ceded,long,emerging,False,bornhuetter_ferguson_standard,frozen_standard,261066904.0584011,410639150.634794,-149572246.5763929,149572246.5763929,-36.424253835800585,36.424253835800585,True,success,,,frozen_step21_pattern,pricing_mc_v1,0.0037312999993446283
long_emerging_no_break,17,ceded,long,emerging,False,bornhuetter_ferguson_break_aware,frozen_break_aware,261066904.0584011,406853022.42213166,-145786118.36373055,145786118.36373055,-35.83262513224486,35.83262513224486,True,success,,,frozen_step21_pattern,pricing_mc_v1,0.0036397000003489666
long_emerging_no_break,17,ceded,long,emerging,False,bornhuetter_ferguson_break_aware_ceded_specific,ceded_specific_break_aware,430740059.4377985,406853022.42213166,23887037.015666842,23887037.015666842,5.871171086172434,5.871171086172434,True,success,,,step28_ceded_development_v1,pricing_mc_v1,0.03697199999442091
long_emerging_no_break,17,ceded,long,emerging,False,bornhuetter_ferguson_ceded_specific,ceded_specific_standard,430740059.4377985,406853022.42213166,23887037.015666842,23887037.015666842,5.871171086172434,5.871171086172434,True,success,,,step28_ceded_development_v1,pricing_mc_v1,0.03697390000161249
long_emerging_no_break,17,ceded,long,emerging,False,bornhuetter_ferguson_standard,frozen_standard,261066904.0584011,406853022.42213166,-145786118.36373055,145786118.36373055,-35.83262513224486,35.83262513224486,True,success,,,frozen_step21_pattern,pricing_mc_v1,0.004041599997435696
long_emerging_no_break,18,ceded,long,emerging,False,bornhuetter_ferguson_break_aware,frozen_break_aware,261066904.0584011,407229929.28623265,-146163025.22783154,146163025.22783154,-35.89201449019649,35.89201449019649,True,success,,,frozen_step21_pattern,pricing_mc_v1,0.00356620000093244
long_emerging_no_break,18,ceded,long,emerging,False,bornhuetter_ferguson_break_aware_ceded_specific,ceded_specific_break_aware,430740059.4377985,407229929.28623265,23510130.15156585,23510130.15156585,5.7731832708791675,5.7731832708791675,True,success,,,step28_ceded_development_v1,pricing_mc_v1,0.037086200005433057
long_emerging_no_break,18,ceded,long,emerging,False,bornhuetter_ferguson_ceded_specific,ceded_specific_standard,430740059.4377985,407229929.28623265,23510130.15156585,23510130.15156585,5.7731832708791675,5.7731832708791675,True,success,,,step28_ceded_development_v1,pricing_mc_v1,0.03691429999889806
long_emerging_no_break,18,ceded,long,emerging,False,bornhuetter_ferguson_standard,frozen_standard,261066904.0584011,407229929.28623265,-146163025.22783154,146163025.22783154,-35.89201449019649,35.89201449019649,True,success,,,frozen_step21_pattern,pricing_mc_v1,0.0036018000027979724
long_emerging_no_break,19,ceded,long,emerging,False,bornhuetter_ferguson_break_aware,frozen_break_aware,261066904.0584011,482874646.8153434,-221807742.75694227,221807742.75694227,-45.93484959705578,45.93484959705578,True,success,,,frozen_step21_pattern,pricing_mc_v1,0.003759700004593469
long_emerging_no_break,19,ceded,long,emerging,False,bornhuetter_ferguson_break_aware_ceded_specific,ceded_specific_break_aware,430740059.4377985,482874646.8153434,-52134587.37754488,52134587.37754488,-10.796712505281256,10.796712505281256,True,success,,,step28_ceded_development_v1,pricing_mc_v1,0.036682700003439095
long_emerging_no_break,19,ceded,long,emerging,False,bornhuetter_ferguson_ceded_specific,ceded_specific_standard,430740059.4377985,482874646.8153434,-52134587.37754488,52134587.37754488,-10.796712505281256,10.796712505281256,True,success,,,step28_ceded_development_v1,pricing_mc_v1,0.03705679999984568
long_emerging_no_break,19,ceded,long,emerging,False,bornhuetter_ferguson_standard,frozen_standard,261066904.0584011,482874646.8153434,-221807742.75694227,221807742.75694227,-45.93484959705578,45.93484959705578,True,success,,,frozen_step21_pattern,pricing_mc_v1,0.003607200000260491
long_emerging_no_break,20,ceded,long,emerging,False,bornhuetter_ferguson_break_aware,frozen_break_aware,261066904.0584011,456773414.90214616,-195706510.84374505,195706510.84374505,-42.845424987281916,42.845424987281916,True,success,,,frozen_step21_pattern,pricing_mc_v1,0.0034718999959295616
long_emerging_no_break,20,ceded,long,emerging,False,bornhuetter_ferguson_break_aware_ceded_specific,ceded_specific_break_aware,430740059.4377985,456773414.90214616,-26033355.46434766,26033355.46434766,-5.699402507898745,5.699402507898745,True,success,,,step28_ceded_development_v1,pricing_mc_v1,0.03729399999429006
long_emerging_no_break,20,ceded,long,emerging,False,bornhuetter_ferguson_ceded_specific,ceded_specific_standard,430740059.4377985,456773414.90214616,-26033355.46434766,26033355.46434766,-5.699402507898745,5.699402507898745,True,success,,,step28_ceded_development_v1,pricing_mc_v1,0.03706520000559976
long_emerging_no_break,20,ceded,long,emerging,False,bornhuetter_ferguson_standard,frozen_standard,261066904.0584011,456773414.90214616,-195706510.84374505,195706510.84374505,-42.845424987281916,42.845424987281916,True,success,,,frozen_step21_pattern,pricing_mc_v1,0.0036403999984031543
long_emerging_no_break,21,ceded,long,emerging,False,bornhuetter_ferguson_break_aware,frozen_break_aware,261066904.0584011,404544870.1766237,-143477966.1182226,143477966.1182226,-35.46651476647827,35.46651476647827,True,success,,,frozen_step21_pattern,pricing_mc_v1,0.0034801000001607463
long_emerging_no_break,21,ceded,long,emerging,False,bornhuetter_ferguson_break_aware_ceded_specific,ceded_specific_break_aware,430740059.4377985,404544870.1766237,26195189.261174798,26195189.261174798,6.47522467649584,6.47522467649584,True,success,,,step28_ceded_development_v1,pricing_mc_v1,0.03672269999515265
long_emerging_no_break,21,ceded,long,emerging,False,bornhuetter_ferguson_ceded_specific,ceded_specific_standard,430740059.4377985,404544870.1766237,26195189.261174798,26195189.261174798,6.47522467649584,6.47522467649584,True,success,,,step28_ceded_development_v1,pricing_mc_v1,0.03727490000164835
long_emerging_no_break,21,ceded,long,emerging,False,bornhuetter_ferguson_standard,frozen_standard,261066904.0584011,404544870.1766237,-143477966.1182226,143477966.1182226,-35.46651476647827,35.46651476647827,True,success,,,frozen_step21_pattern,pricing_mc_v1,0.003913699998520315
long_emerging_no_break,22,ceded,long,emerging,False,bornhuetter_ferguson_break_aware,frozen_break_aware,261066904.0584011,417744754.7690689,-156677850.7106678,156677850.7106678,-37.50564164408958,37.50564164408958,True,success,,,frozen_step21_pattern,pricing_mc_v1,0.0036412999979802407
long_emerging_no_break,22,ceded,long,emerging,False,bornhuetter_ferguson_break_aware_ceded_specific,ceded_specific_break_aware,430740059.4377985,417744754.7690689,12995304.668729603,12995304.668729603,3.1108241385133524,3.1108241385133524,True,success,,,step28_ceded_development_v1,pricing_mc_v1,0.036729200000991113
long_emerging_no_break,22,ceded,long,emerging,False,bornhuetter_ferguson_ceded_specific,ceded_specific_standard,430740059.4377985,417744754.7690689,12995304.668729603,12995304.668729603,3.1108241385133524,3.1108241385133524,True,success,,,step28_ceded_development_v1,pricing_mc_v1,0.037152299999434035
long_emerging_no_break,22,ceded,long,emerging,False,bornhuetter_ferguson_standard,frozen_standard,261066904.0584011,417744754.7690689,-156677850.7106678,156677850.7106678,-37.50564164408958,37.50564164408958,True,success,,,frozen_step21_pattern,pricing_mc_v1,0.0035879999995813705
long_emerging_no_break,23,ceded,long,emerging,False,bornhuetter_ferguson_break_aware,frozen_break_aware,261066904.0584011,479069173.15681636,-218002269.09841526,218002269.09841526,-45.505384465022836,45.505384465022836,True,success,,,frozen_step21_pattern,pricing_mc_v1,0.0038295999984256923
long_emerging_no_break,23,ceded,long,emerging,False,bornhuetter_ferguson_break_aware_ceded_specific,ceded_specific_break_aware,430740059.4377985,479069173.15681636,-48329113.71901786,48329113.71901786,-10.088128484776881,10.088128484776881,True,success,,,step28_ceded_development_v1,pricing_mc_v1,0.03670789999887347
long_emerging_no_break,23,ceded,long,emerging,False,bornhuetter_ferguson_ceded_specific,ceded_specific_standard,430740059.4377985,479069173.15681636,-48329113.71901786,48329113.71901786,-10.088128484776881,10.088128484776881,True,success,,,step28_ceded_development_v1,pricing_mc_v1,0.03714210000180174
long_emerging_no_break,23,ceded,long,emerging,False,bornhuetter_ferguson_standard,frozen_standard,261066904.0584011,479069173.15681636,-218002269.09841526,218002269.09841526,-45.505384465022836,45.505384465022836,True,success,,,frozen_step21_pattern,pricing_mc_v1,0.0035910000005969778
long_emerging_no_break,24,ceded,long,emerging,False,bornhuetter_ferguson_break_aware,frozen_break_aware,261066904.0584011,436460586.6554656,-175393682.5970645,175393682.5970645,-40.185457280594555,40.185457280594555,True,success,,,frozen_step21_pattern,pricing_mc_v1,0.0035385000010137446
long_emerging_no_break,24,ceded,long,emerging,False,bornhuetter_ferguson_break_aware_ceded_specific,ceded_specific_break_aware,430740059.4377985,436460586.6554656,-5720527.217667103,5720527.217667103,-1.3106629538998416,1.3106629538998416,True,success,,,step28_ceded_development_v1,pricing_mc_v1,0.03666969999903813
long_emerging_no_break,24,ceded,long,emerging,False,bornhuetter_ferguson_ceded_specific,ceded_specific_standard,430740059.4377985,436460586.6554656,-5720527.217667103,5720527.217667103,-1.3106629538998416,1.3106629538998416,True,success,,,step28_ceded_development_v1,pricing_mc_v1,0.036758199996256735
long_emerging_no_break,24,ceded,long,emerging,False,bornhuetter_ferguson_standard,frozen_standard,261066904.0584011,436460586.6554656,-175393682.5970645,175393682.5970645,-40.185457280594555,40.185457280594555,True,success,,,frozen_step21_pattern,pricing_mc_v1,0.003634600005170796
long_emerging_no_break,25,ceded,long,emerging,False,bornhuetter_ferguson_break_aware,frozen_break_aware,261066904.0584011,483451898.3606768,-222384994.30227572,222384994.30227572,-45.999404502568844,45.999404502568844,True,success,,,frozen_step21_pattern,pricing_mc_v1,0.003613300003053155
long_emerging_no_break,25,ceded,long,emerging,False,bornhuetter_ferguson_break_aware_ceded_specific,ceded_specific_break_aware,430740059.4377985,483451898.3606768,-52711838.922878325,52711838.922878325,-10.903223071750755,10.903223071750755,True,success,,,step28_ceded_development_v1,pricing_mc_v1,0.0367885000014212
long_emerging_no_break,25,ceded,long,emerging,False,bornhuetter_ferguson_ceded_specific,ceded_specific_standard,430740059.4377985,483451898.3606768,-52711838.922878325,52711838.922878325,-10.903223071750755,10.903223071750755,True,success,,,step28_ceded_development_v1,pricing_mc_v1,0.03669380000064848
long_emerging_no_break,25,ceded,long,emerging,False,bornhuetter_ferguson_standard,frozen_standard,261066904.0584011,483451898.3606768,-222384994.30227572,222384994.30227572,-45.999404502568844,45.999404502568844,True,success,,,frozen_step21_pattern,pricing_mc_v1,0.0038226999968173914
long_emerging_no_break,26,ceded,long,emerging,False,bornhuetter_ferguson_break_aware,frozen_break_aware,261066904.0584011,419609729.32777995,-158542825.26937884,158542825.26937884,-37.78340066694031,37.78340066694031,True,success,,,frozen_step21_pattern,pricing_mc_v1,0.0042310999997425824
long_emerging_no_break,26,ceded,long,emerging,False,bornhuetter_ferguson_break_aware_ceded_specific,ceded_specific_break_aware,430740059.4377985,419609729.32777995,11130330.110018551,11130330.110018551,2.652543383073953,2.652543383073953,True,success,,,step28_ceded_development_v1,pricing_mc_v1,0.03696720000152709
long_emerging_no_break,26,ceded,long,emerging,False,bornhuetter_ferguson_ceded_specific,ceded_specific_standard,430740059.4377985,419609729.32777995,11130330.110018551,11130330.110018551,2.652543383073953,2.652543383073953,True,success,,,step28_ceded_development_v1,pricing_mc_v1,0.036670599998615216
long_emerging_no_break,26,ceded,long,emerging,False,bornhuetter_ferguson_standard,frozen_standard,261066904.0584011,419609729.32777995,-158542825.26937884,158542825.26937884,-37.78340066694031,37.78340066694031,True,success,,,frozen_step21_pattern,pricing_mc_v1,0.003586300001188647
long_emerging_no_break,27,ceded,long,emerging,False,bornhuetter_ferguson_break_aware,frozen_break_aware,261066904.0584011,459310590.3335314,-198243686.27513027,198243686.27513027,-43.161139857710296,43.161139857710296,True,success,,,frozen_step21_pattern,pricing_mc_v1,0.0035671000005095266
long_emerging_no_break,27,ceded,long,emerging,False,bornhuetter_ferguson_break_aware_ceded_specific,ceded_specific_break_aware,430740059.4377985,459310590.3335314,-28570530.89573288,28570530.89573288,-6.220307455786335,6.220307455786335,True,success,,,step28_ceded_development_v1,pricing_mc_v1,0.03779949999443488
long_emerging_no_break,27,ceded,long,emerging,False,bornhuetter_ferguson_ceded_specific,ceded_specific_standard,430740059.4377985,459310590.3335314,-28570530.89573288,28570530.89573288,-6.220307455786335,6.220307455786335,True,success,,,step28_ceded_development_v1,pricing_mc_v1,0.03698959999746876
long_emerging_no_break,27,ceded,long,emerging,False,bornhuetter_ferguson_standard,frozen_standard,261066904.0584011,459310590.3335314,-198243686.27513027,198243686.27513027,-43.161139857710296,43.161139857710296,True,success,,,frozen_step21_pattern,pricing_mc_v1,0.0036146999991615303
long_emerging_no_break,28,ceded,long,emerging,False,bornhuetter_ferguson_break_aware,frozen_break_aware,261066904.0584011,390130644.5869427,-129063740.52854156,129063740.52854156,-33.08218472947439,33.08218472947439,True,success,,,frozen_step21_pattern,pricing_mc_v1,0.003482200001599267
long_emerging_no_break,28,ceded,long,emerging,False,bornhuetter_ferguson_break_aware_ceded_specific,ceded_specific_break_aware,430740059.4377985,390130644.5869427,40609414.85085583,40609414.85085583,10.409183542567316,10.409183542567316,True,success,,,step28_ceded_development_v1,pricing_mc_v1,0.03680750000057742
long_emerging_no_break,28,ceded,long,emerging,False,bornhuetter_ferguson_ceded_specific,ceded_specific_standard,430740059.4377985,390130644.5869427,40609414.85085583,40609414.85085583,10.409183542567316,10.409183542567316,True,success,,,step28_ceded_development_v1,pricing_mc_v1,0.03705459999764571
long_emerging_no_break,28,ceded,long,emerging,False,bornhuetter_ferguson_standard,frozen_standard,261066904.0584011,390130644.5869427,-129063740.52854156,129063740.52854156,-33.08218472947439,33.08218472947439,True,success,,,frozen_step21_pattern,pricing_mc_v1,0.003675300002214499
long_emerging_no_break,29,ceded,long,emerging,False,bornhuetter_ferguson_break_aware,frozen_break_aware,261066904.0584011,381484844.30180925,-120417940.24340814,120417940.24340814,-31.565589575071108,31.565589575071108,True,success,,,frozen_step21_pattern,pricing_mc_v1,0.003620499999669846
long_emerging_no_break,29,ceded,long,emerging,False,bornhuetter_ferguson_break_aware_ceded_specific,ceded_specific_break_aware,430740059.4377985,381484844.30180925,49255215.13598925,49255215.13598925,12.911447432763882,12.911447432763882,True,success,,,step28_ceded_development_v1,pricing_mc_v1,0.036907699999574106
long_emerging_no_break,29,ceded,long,emerging,False,bornhuetter_ferguson_ceded_specific,ceded_specific_standard,430740059.4377985,381484844.30180925,49255215.13598925,49255215.13598925,12.911447432763882,12.911447432763882,True,success,,,step28_ceded_development_v1,pricing_mc_v1,0.03695779999543447
long_emerging_no_break,29,ceded,long,emerging,False,bornhuetter_ferguson_standard,frozen_standard,261066904.0584011,381484844.30180925,-120417940.24340814,120417940.24340814,-31.565589575071108,31.565589575071108,True,success,,,frozen_step21_pattern,pricing_mc_v1,0.0038800000038463622
long_emerging_no_break,30,ceded,long,emerging,False,bornhuetter_ferguson_break_aware,frozen_break_aware,261066904.0584011,382295881.0432883,-121228976.98488718,121228976.98488718,-31.71077246609417,31.71077246609417,True,success,,,frozen_step21_pattern,pricing_mc_v1,0.003822299993771594
long_emerging_no_break,30,ceded,long,emerging,False,bornhuetter_ferguson_break_aware_ceded_specific,ceded_specific_break_aware,430740059.4377985,382295881.0432883,48444178.39451021,48444178.39451021,12.671906969624075,12.671906969624075,True,success,,,step28_ceded_development_v1,pricing_mc_v1,0.037418200001411606
long_emerging_no_break,30,ceded,long,emerging,False,bornhuetter_ferguson_ceded_specific,ceded_specific_standard,430740059.4377985,382295881.0432883,48444178.39451021,48444178.39451021,12.671906969624075,12.671906969624075,True,success,,,step28_ceded_development_v1,pricing_mc_v1,0.0373466000019107
long_emerging_no_break,30,ceded,long,emerging,False,bornhuetter_ferguson_standard,frozen_standard,261066904.0584011,382295881.0432883,-121228976.98488718,121228976.98488718,-31.71077246609417,31.71077246609417,True,success,,,frozen_step21_pattern,pricing_mc_v1,0.0035930000012740493
long_emerging_no_break,31,ceded,long,emerging,False,bornhuetter_ferguson_break_aware,frozen_break_aware,261066904.0584011,445372841.2537738,-184305937.1953727,184305937.1953727,-41.38239248637863,41.38239248637863,True,success,,,frozen_step21_pattern,pricing_mc_v1,0.0036813000042457134
long_emerging_no_break,31,ceded,long,emerging,False,bornhuetter_ferguson_break_aware_ceded_specific,ceded_specific_break_aware,430740059.4377985,445372841.2537738,-14632781.815975308,14632781.815975308,-3.285512824442193,3.285512824442193,True,success,,,step28_ceded_development_v1,pricing_mc_v1,0.037195700002484955
long_emerging_no_break,31,ceded,long,emerging,False,bornhuetter_ferguson_ceded_specific,ceded_specific_standard,430740059.4377985,445372841.2537738,-14632781.815975308,14632781.815975308,-3.285512824442193,3.285512824442193,True,success,,,step28_ceded_development_v1,pricing_mc_v1,0.03774669999984326
long_emerging_no_break,31,ceded,long,emerging,False,bornhuetter_ferguson_standard,frozen_standard,261066904.0584011,445372841.2537738,-184305937.1953727,184305937.1953727,-41.38239248637863,41.38239248637863,True,success,,,frozen_step21_pattern,pricing_mc_v1,0.00358810000034282
long_emerging_no_break,32,ceded,long,emerging,False,bornhuetter_ferguson_break_aware,frozen_break_aware,261066904.0584011,390768912.1781554,-129702008.11975431,129702008.11975431,-33.191485831560186,33.191485831560186,True,success,,,frozen_step21_pattern,pricing_mc_v1,0.0034981999997398816
long_emerging_no_break,32,ceded,long,emerging,False,bornhuetter_ferguson_break_aware_ceded_specific,ceded_specific_break_aware,430740059.4377985,390768912.1781554,39971147.25964308,39971147.25964308,10.228845236649693,10.228845236649693,True,success,,,step28_ceded_development_v1,pricing_mc_v1,0.037377400003606454
long_emerging_no_break,32,ceded,long,emerging,False,bornhuetter_ferguson_ceded_specific,ceded_specific_standard,430740059.4377985,390768912.1781554,39971147.25964308,39971147.25964308,10.228845236649693,10.228845236649693,True,success,,,step28_ceded_development_v1,pricing_mc_v1,0.03798049999750219
long_emerging_no_break,32,ceded,long,emerging,False,bornhuetter_ferguson_standard,frozen_standard,261066904.0584011,390768912.1781554,-129702008.11975431,129702008.11975431,-33.191485831560186,33.191485831560186,True,success,,,frozen_step21_pattern,pricing_mc_v1,0.0037507000015466474
long_emerging_no_break,33,ceded,long,emerging,False,bornhuetter_ferguson_break_aware,frozen_break_aware,261066904.0584011,445550729.2321248,-184483825.1737237,184483825.1737237,-41.40579580952959,41.40579580952959,True,success,,,frozen_step21_pattern,pricing_mc_v1,0.003600600000936538
long_emerging_no_break,33,ceded,long,emerging,False,bornhuetter_ferguson_break_aware_ceded_specific,ceded_specific_break_aware,430740059.4377985,445550729.2321248,-14810669.794326305,14810669.794326305,-3.3241264849574925,3.3241264849574925,True,success,,,step28_ceded_development_v1,pricing_mc_v1,0.03774860000703484
long_emerging_no_break,33,ceded,long,emerging,False,bornhuetter_ferguson_ceded_specific,ceded_specific_standard,430740059.4377985,445550729.2321248,-14810669.794326305,14810669.794326305,-3.3241264849574925,3.3241264849574925,True,success,,,step28_ceded_development_v1,pricing_mc_v1,0.03755079999973532
long_emerging_no_break,33,ceded,long,emerging,False,bornhuetter_ferguson_standard,frozen_standard,261066904.0584011,445550729.2321248,-184483825.1737237,184483825.1737237,-41.40579580952959,41.40579580952959,True,success,,,frozen_step21_pattern,pricing_mc_v1,0.0038170000043464825
long_emerging_no_break,34,ceded,long,emerging,False,bornhuetter_ferguson_break_aware,frozen_break_aware,261066904.0584011,458783167.6076964,-197716263.5492953,197716263.5492953,-43.095797210755926,43.095797210755926,True,success,,,frozen_step21_pattern,pricing_mc_v1,0.0036624999993364327
long_emerging_no_break,34,ceded,long,emerging,False,bornhuetter_ferguson_break_aware_ceded_specific,ceded_specific_break_aware,430740059.4377985,458783167.6076964,-28043108.169897914,28043108.169897914,-6.1124971772890895,6.1124971772890895,True,success,,,step28_ceded_development_v1,pricing_mc_v1,0.03723110000282759
long_emerging_no_break,34,ceded,long,emerging,False,bornhuetter_ferguson_ceded_specific,ceded_specific_standard,430740059.4377985,458783167.6076964,-28043108.169897914,28043108.169897914,-6.1124971772890895,6.1124971772890895,True,success,,,step28_ceded_development_v1,pricing_mc_v1,0.037442200002260506
long_emerging_no_break,34,ceded,long,emerging,False,bornhuetter_ferguson_standard,frozen_standard,261066904.0584011,458783167.6076964,-197716263.5492953,197716263.5492953,-43.095797210755926,43.095797210755926,True,success,,,frozen_step21_pattern,pricing_mc_v1,0.0038530000019818544
long_emerging_no_break,35,ceded,long,emerging,False,bornhuetter_ferguson_break_aware,frozen_break_aware,261066904.0584011,425364646.64608896,-164297742.58768785,164297742.58768785,-38.625152297714706,38.625152297714706,True,success,,,frozen_step21_pattern,pricing_mc_v1,0.0036372999966260977
long_emerging_no_break,35,ceded,long,emerging,False,bornhuetter_ferguson_break_aware_ceded_specific,ceded_specific_break_aware,430740059.4377985,425364646.64608896,5375412.791709542,5375412.791709542,1.2637187490999886,1.2637187490999886,True,success,,,step28_ceded_development_v1,pricing_mc_v1,0.03739279999717837
long_emerging_no_break,35,ceded,long,emerging,False,bornhuetter_ferguson_ceded_specific,ceded_specific_standard,430740059.4377985,425364646.64608896,5375412.791709542,5375412.791709542,1.2637187490999886,1.2637187490999886,True,success,,,step28_ceded_development_v1,pricing_mc_v1,0.037205900000117254
long_emerging_no_break,35,ceded,long,emerging,False,bornhuetter_ferguson_standard,frozen_standard,261066904.0584011,425364646.64608896,-164297742.58768785,164297742.58768785,-38.625152297714706,38.625152297714706,True,success,,,frozen_step21_pattern,pricing_mc_v1,0.0036056000026292168
long_emerging_no_break,36,ceded,long,emerging,False,bornhuetter_ferguson_break_aware,frozen_break_aware,261066904.0584011,386555486.37458676,-125488582.31618565,125488582.31618565,-32.463278038843434,32.463278038843434,True,success,,,frozen_step21_pattern,pricing_mc_v1,0.0038777999943704344
long_emerging_no_break,36,ceded,long,emerging,False,bornhuetter_ferguson_break_aware_ceded_specific,ceded_specific_break_aware,430740059.4377985,386555486.37458676,44184573.06321174,44184573.06321174,11.43033138078274,11.43033138078274,True,success,,,step28_ceded_development_v1,pricing_mc_v1,0.037543999998888467
long_emerging_no_break,36,ceded,long,emerging,False,bornhuetter_ferguson_ceded_specific,ceded_specific_standard,430740059.4377985,386555486.37458676,44184573.06321174,44184573.06321174,11.43033138078274,11.43033138078274,True,success,,,step28_ceded_development_v1,pricing_mc_v1,0.03757030000269879
long_emerging_no_break,36,ceded,long,emerging,False,bornhuetter_ferguson_standard,frozen_standard,261066904.0584011,386555486.37458676,-125488582.31618565,125488582.31618565,-32.463278038843434,32.463278038843434,True,success,,,frozen_step21_pattern,pricing_mc_v1,0.0036459000039030798
long_emerging_no_break,37,ceded,long,emerging,False,bornhuetter_ferguson_break_aware,frozen_break_aware,261066904.0584011,368065063.67763555,-106998159.61923444,106998159.61923444,-29.070447097078258,29.070447097078258,True,success,,,frozen_step21_pattern,pricing_mc_v1,0.0035910000005969778
long_emerging_no_break,37,ceded,long,emerging,False,bornhuetter_ferguson_break_aware_ceded_specific,ceded_specific_break_aware,430740059.4377985,368065063.67763555,62674995.76016295,62674995.76016295,17.028238196238025,17.028238196238025,True,success,,,step28_ceded_development_v1,pricing_mc_v1,0.037130500000785105
long_emerging_no_break,37,ceded,long,emerging,False,bornhuetter_ferguson_ceded_specific,ceded_specific_standard,430740059.4377985,368065063.67763555,62674995.76016295,62674995.76016295,17.028238196238025,17.028238196238025,True,success,,,step28_ceded_development_v1,pricing_mc_v1,0.03730020000512013
long_emerging_no_break,37,ceded,long,emerging,False,bornhuetter_ferguson_standard,frozen_standard,261066904.0584011,368065063.67763555,-106998159.61923444,106998159.61923444,-29.070447097078258,29.070447097078258,True,success,,,frozen_step21_pattern,pricing_mc_v1,0.0036669999972218648
long_emerging_no_break,38,ceded,long,emerging,False,bornhuetter_ferguson_break_aware,frozen_break_aware,261066904.0584011,406746810.9691389,-145679906.9107378,145679906.9107378,-35.81586947507524,35.81586947507524,True,success,,,frozen_step21_pattern,pricing_mc_v1,0.003608300001360476
long_emerging_no_break,38,ceded,long,emerging,False,bornhuetter_ferguson_break_aware_ceded_specific,ceded_specific_break_aware,430740059.4377985,406746810.9691389,23993248.46865958,23993248.46865958,5.898816615548099,5.898816615548099,True,success,,,step28_ceded_development_v1,pricing_mc_v1,0.03780489999917336
long_emerging_no_break,38,ceded,long,emerging,False,bornhuetter_ferguson_ceded_specific,ceded_specific_standard,430740059.4377985,406746810.9691389,23993248.46865958,23993248.46865958,5.898816615548099,5.898816615548099,True,success,,,step28_ceded_development_v1,pricing_mc_v1,0.03816740000183927
long_emerging_no_break,38,ceded,long,emerging,False,bornhuetter_ferguson_standard,frozen_standard,261066904.0584011,406746810.9691389,-145679906.9107378,145679906.9107378,-35.81586947507524,35.81586947507524,True,success,,,frozen_step21_pattern,pricing_mc_v1,0.0037816999974893406
long_emerging_no_break,39,ceded,long,emerging,False,bornhuetter_ferguson_break_aware,frozen_break_aware,261066904.0584011,445548978.2166198,-184482074.15821868,184482074.15821868,-41.405565533252336,41.405565533252336,True,success,,,frozen_step21_pattern,pricing_mc_v1,0.0036242999995010905
long_emerging_no_break,39,ceded,long,emerging,False,bornhuetter_ferguson_break_aware_ceded_specific,ceded_specific_break_aware,430740059.4377985,445548978.2166198,-14808918.77882129,14808918.77882129,-3.3237465470342515,3.3237465470342515,True,success,,,step28_ceded_development_v1,pricing_mc_v1,0.037282999997842126
long_emerging_no_break,39,ceded,long,emerging,False,bornhuetter_ferguson_ceded_specific,ceded_specific_standard,430740059.4377985,445548978.2166198,-14808918.77882129,14808918.77882129,-3.3237465470342515,3.3237465470342515,True,success,,,step28_ceded_development_v1,pricing_mc_v1,0.037157200000365265
long_emerging_no_break,39,ceded,long,emerging,False,bornhuetter_ferguson_standard,frozen_standard,261066904.0584011,445548978.2166198,-184482074.15821868,184482074.15821868,-41.405565533252336,41.405565533252336,True,success,,,frozen_step21_pattern,pricing_mc_v1,0.003877199997077696
long_emerging_no_break,40,ceded,long,emerging,False,bornhuetter_ferguson_break_aware,frozen_break_aware,261066904.0584011,366223212.838313,-105156308.77991188,105156308.77991188,-28.713720237700564,28.713720237700564,True,success,,,frozen_step21_pattern,pricing_mc_v1,0.0037513000061153434
long_emerging_no_break,40,ceded,long,emerging,False,bornhuetter_ferguson_break_aware_ceded_specific,ceded_specific_break_aware,430740059.4377985,366223212.838313,64516846.59948552,64516846.59948552,17.61680973182047,17.61680973182047,True,success,,,step28_ceded_development_v1,pricing_mc_v1,0.03787459999875864
long_emerging_no_break,40,ceded,long,emerging,False,bornhuetter_ferguson_ceded_specific,ceded_specific_standard,430740059.4377985,366223212.838313,64516846.59948552,64516846.59948552,17.61680973182047,17.61680973182047,True,success,,,step28_ceded_development_v1,pricing_mc_v1,0.03729449999809731
long_emerging_no_break,40,ceded,long,emerging,False,bornhuetter_ferguson_standard,frozen_standard,261066904.0584011,366223212.838313,-105156308.77991188,105156308.77991188,-28.713720237700564,28.713720237700564,True,success,,,frozen_step21_pattern,pricing_mc_v1,0.0036199000023771077
long_emerging_no_break,41,ceded,long,emerging,False,bornhuetter_ferguson_break_aware,frozen_break_aware,261066904.0584011,424695016.0459147,-163628111.9875136,163628111.9875136,-38.528380556701286,38.528380556701286,True,success,,,frozen_step21_pattern,pricing_mc_v1,0.003960299996833783
long_emerging_no_break,41,ceded,long,emerging,False,bornhuetter_ferguson_break_aware_ceded_specific,ceded_specific_break_aware,430740059.4377985,424695016.0459147,6045043.3918837905,6045043.3918837905,1.4233845850524998,1.4233845850524998,True,success,,,step28_ceded_development_v1,pricing_mc_v1,0.037431499993545
long_emerging_no_break,41,ceded,long,emerging,False,bornhuetter_ferguson_ceded_specific,ceded_specific_standard,430740059.4377985,424695016.0459147,6045043.3918837905,6045043.3918837905,1.4233845850524998,1.4233845850524998,True,success,,,step28_ceded_development_v1,pricing_mc_v1,0.03715480000391835
long_emerging_no_break,41,ceded,long,emerging,False,bornhuetter_ferguson_standard,frozen_standard,261066904.0584011,424695016.0459147,-163628111.9875136,163628111.9875136,-38.528380556701286,38.528380556701286,True,success,,,frozen_step21_pattern,pricing_mc_v1,0.003613900000345893
long_emerging_no_break,42,ceded,long,emerging,False,bornhuetter_ferguson_break_aware,frozen_break_aware,261066904.0584011,474560924.9910196,-213494020.9326185,213494020.9326185,-44.987694875354215,44.987694875354215,True,success,,,frozen_step21_pattern,pricing_mc_v1,0.0035939000008511357
long_emerging_no_break,42,ceded,long,emerging,False,bornhuetter_ferguson_break_aware_ceded_specific,ceded_specific_break_aware,430740059.4377985,474560924.9910196,-43820865.55322111,43820865.55322111,-9.23398098021879,9.23398098021879,True,success,,,step28_ceded_development_v1,pricing_mc_v1,0.03718449999723816
long_emerging_no_break,42,ceded,long,emerging,False,bornhuetter_ferguson_ceded_specific,ceded_specific_standard,430740059.4377985,474560924.9910196,-43820865.55322111,43820865.55322111,-9.23398098021879,9.23398098021879,True,success,,,step28_ceded_development_v1,pricing_mc_v1,0.03741669999726582
long_emerging_no_break,42,ceded,long,emerging,False,bornhuetter_ferguson_standard,frozen_standard,261066904.0584011,474560924.9910196,-213494020.9326185,213494020.9326185,-44.987694875354215,44.987694875354215,True,success,,,frozen_step21_pattern,pricing_mc_v1,0.003671799997391645
long_emerging_no_break,43,ceded,long,emerging,False,bornhuetter_ferguson_break_aware,frozen_break_aware,261066904.0584011,474862628.7575,-213795724.69909889,213795724.69909889,-45.02264691970082,45.02264691970082,True,success,,,frozen_step21_pattern,pricing_mc_v1,0.003673999999591615
long_emerging_no_break,43,ceded,long,emerging,False,bornhuetter_ferguson_break_aware_ceded_specific,ceded_specific_break_aware,430740059.4377985,474862628.7575,-44122569.31970149,44122569.31970149,-9.291649131276182,9.291649131276182,True,success,,,step28_ceded_development_v1,pricing_mc_v1,0.037241500001982786
long_emerging_no_break,43,ceded,long,emerging,False,bornhuetter_ferguson_ceded_specific,ceded_specific_standard,430740059.4377985,474862628.7575,-44122569.31970149,44122569.31970149,-9.291649131276182,9.291649131276182,True,success,,,step28_ceded_development_v1,pricing_mc_v1,0.03734500000427943
long_emerging_no_break,43,ceded,long,emerging,False,bornhuetter_ferguson_standard,frozen_standard,261066904.0584011,474862628.7575,-213795724.69909889,213795724.69909889,-45.02264691970082,45.02264691970082,True,success,,,frozen_step21_pattern,pricing_mc_v1,0.003754600002139341
long_emerging_no_break,44,ceded,long,emerging,False,bornhuetter_ferguson_break_aware,frozen_break_aware,261066904.0584011,493819589.16525805,-232752685.10685694,232752685.10685694,-47.13314137665074,47.13314137665074,True,success,,,frozen_step21_pattern,pricing_mc_v1,0.0036429999963729642
long_emerging_no_break,44,ceded,long,emerging,False,bornhuetter_ferguson_break_aware_ceded_specific,ceded_specific_break_aware,430740059.4377985,493819589.16525805,-63079529.72745955,63079529.72745955,-12.773800616959692,12.773800616959692,True,success,,,step28_ceded_development_v1,pricing_mc_v1,0.03734039999835659
long_emerging_no_break,44,ceded,long,emerging,False,bornhuetter_ferguson_ceded_specific,ceded_specific_standard,430740059.4377985,493819589.16525805,-63079529.72745955,63079529.72745955,-12.773800616959692,12.773800616959692,True,success,,,step28_ceded_development_v1,pricing_mc_v1,0.038522199996805284
long_emerging_no_break,44,ceded,long,emerging,False,bornhuetter_ferguson_standard,frozen_standard,261066904.0584011,493819589.16525805,-232752685.10685694,232752685.10685694,-47.13314137665074,47.13314137665074,True,success,,,frozen_step21_pattern,pricing_mc_v1,0.0038366000007954426
long_emerging_no_break,45,ceded,long,emerging,False,bornhuetter_ferguson_break_aware,frozen_break_aware,261066904.0584011,438947693.55025476,-177880789.49185365,177880789.49185365,-40.52437046727259,40.52437046727259,True,success,,,frozen_step21_pattern,pricing_mc_v1,0.0036086999971303158
long_emerging_no_break,45,ceded,long,emerging,False,bornhuetter_ferguson_break_aware_ceded_specific,ceded_specific_break_aware,430740059.4377985,438947693.55025476,-8207634.112456262,8207634.112456262,-1.8698433168818045,1.8698433168818045,True,success,,,step28_ceded_development_v1,pricing_mc_v1,0.0373464000003878
long_emerging_no_break,45,ceded,long,emerging,False,bornhuetter_ferguson_ceded_specific,ceded_specific_standard,430740059.4377985,438947693.55025476,-8207634.112456262,8207634.112456262,-1.8698433168818045,1.8698433168818045,True,success,,,step28_ceded_development_v1,pricing_mc_v1,0.037647900004230905
long_emerging_no_break,45,ceded,long,emerging,False,bornhuetter_ferguson_standard,frozen_standard,261066904.0584011,438947693.55025476,-177880789.49185365,177880789.49185365,-40.52437046727259,40.52437046727259,True,success,,,frozen_step21_pattern,pricing_mc_v1,0.0037534000002779067
long_emerging_no_break,46,ceded,long,emerging,False,bornhuetter_ferguson_break_aware,frozen_break_aware,261066904.0584011,453784607.42143095,-192717703.36302984,192717703.36302984,-42.468982026103056,42.468982026103056,True,success,,,frozen_step21_pattern,pricing_mc_v1,0.0037862000026507303
long_emerging_no_break,46,ceded,long,emerging,False,bornhuetter_ferguson_break_aware_ceded_specific,ceded_specific_break_aware,430740059.4377985,453784607.42143095,-23044547.983632445,23044547.983632445,-5.078300939862183,5.078300939862183,True,success,,,step28_ceded_development_v1,pricing_mc_v1,0.03741060000174912
long_emerging_no_break,46,ceded,long,emerging,False,bornhuetter_ferguson_ceded_specific,ceded_specific_standard,430740059.4377985,453784607.42143095,-23044547.983632445,23044547.983632445,-5.078300939862183,5.078300939862183,True,success,,,step28_ceded_development_v1,pricing_mc_v1,0.037251999994623475
long_emerging_no_break,46,ceded,long,emerging,False,bornhuetter_ferguson_standard,frozen_standard,261066904.0584011,453784607.42143095,-192717703.36302984,192717703.36302984,-42.468982026103056,42.468982026103056,True,success,,,frozen_step21_pattern,pricing_mc_v1,0.003641200004494749
long_emerging_no_break,47,ceded,long,emerging,False,bornhuetter_ferguson_break_aware,frozen_break_aware,261066904.0584011,399791703.5359767,-138724799.4775756,138724799.4775756,-34.69926920709398,34.69926920709398,True,success,,,frozen_step21_pattern,pricing_mc_v1,0.0037795999960508198
long_emerging_no_break,47,ceded,long,emerging,False,bornhuetter_ferguson_break_aware_ceded_specific,ceded_specific_break_aware,430740059.4377985,399791703.5359767,30948355.901821792,30948355.901821792,7.741120095314033,7.741120095314033,True,success,,,step28_ceded_development_v1,pricing_mc_v1,0.037195900004007854
long_emerging_no_break,47,ceded,long,emerging,False,bornhuetter_ferguson_ceded_specific,ceded_specific_standard,430740059.4377985,399791703.5359767,30948355.901821792,30948355.901821792,7.741120095314033,7.741120095314033,True,success,,,step28_ceded_development_v1,pricing_mc_v1,0.0371990999992704
long_emerging_no_break,47,ceded,long,emerging,False,bornhuetter_ferguson_standard,frozen_standard,261066904.0584011,399791703.5359767,-138724799.4775756,138724799.4775756,-34.69926920709398,34.69926920709398,True,success,,,frozen_step21_pattern,pricing_mc_v1,0.0036493000006885268
long_emerging_no_break,48,ceded,long,emerging,False,bornhuetter_ferguson_break_aware,frozen_break_aware,261066904.0584011,419090658.56936455,-158023754.51096344,158023754.51096344,-37.706341403648494,37.706341403648494,True,success,,,frozen_step21_pattern,pricing_mc_v1,0.0035279000003356487
long_emerging_no_break,48,ceded,long,emerging,False,bornhuetter_ferguson_break_aware_ceded_specific,ceded_specific_break_aware,430740059.4377985,419090658.56936455,11649400.868433952,11649400.868433952,2.779685166021384,2.779685166021384,True,success,,,step28_ceded_development_v1,pricing_mc_v1,0.03754389999812702
long_emerging_no_break,48,ceded,long,emerging,False,bornhuetter_ferguson_ceded_specific,ceded_specific_standard,430740059.4377985,419090658.56936455,11649400.868433952,11649400.868433952,2.779685166021384,2.779685166021384,True,success,,,step28_ceded_development_v1,pricing_mc_v1,0.037551100002019666
long_emerging_no_break,48,ceded,long,emerging,False,bornhuetter_ferguson_standard,frozen_standard,261066904.0584011,419090658.56936455,-158023754.51096344,158023754.51096344,-37.706341403648494,37.706341403648494,True,success,,,frozen_step21_pattern,pricing_mc_v1,0.0037071999977342784
long_emerging_no_break,49,ceded,long,emerging,False,bornhuetter_ferguson_break_aware,frozen_break_aware,261066904.0584011,393826467.8881044,-132759563.82970327,132759563.82970327,-33.710167968553975,33.710167968553975,True,success,,,frozen_step21_pattern,pricing_mc_v1,0.0036837000006926246
long_emerging_no_break,49,ceded,long,emerging,False,bornhuetter_ferguson_break_aware_ceded_specific,ceded_specific_break_aware,430740059.4377985,393826467.8881044,36913591.54969412,36913591.54969412,9.37306010630605,9.37306010630605,True,success,,,step28_ceded_development_v1,pricing_mc_v1,0.037401800000225194
long_emerging_no_break,49,ceded,long,emerging,False,bornhuetter_ferguson_ceded_specific,ceded_specific_standard,430740059.4377985,393826467.8881044,36913591.54969412,36913591.54969412,9.37306010630605,9.37306010630605,True,success,,,step28_ceded_development_v1,pricing_mc_v1,0.03776129999459954
long_emerging_no_break,49,ceded,long,emerging,False,bornhuetter_ferguson_standard,frozen_standard,261066904.0584011,393826467.8881044,-132759563.82970327,132759563.82970327,-33.710167968553975,33.710167968553975,True,success,,,frozen_step21_pattern,pricing_mc_v1,0.004028800001833588
long_emerging_no_break,50,ceded,long,emerging,False,bornhuetter_ferguson_break_aware,frozen_break_aware,261066904.0584011,438703459.59901375,-177636555.54061264,177636555.54061264,-40.491259335628904,40.491259335628904,True,success,,,frozen_step21_pattern,pricing_mc_v1,0.003650099999504164
long_emerging_no_break,50,ceded,long,emerging,False,bornhuetter_ferguson_break_aware_ceded_specific,ceded_specific_break_aware,430740059.4377985,438703459.59901375,-7963400.161215246,7963400.161215246,-1.8152125284113325,1.8152125284113325,True,success,,,step28_ceded_development_v1,pricing_mc_v1,0.03756240000075195
long_emerging_no_break,50,ceded,long,emerging,False,bornhuetter_ferguson_ceded_specific,ceded_specific_standard,430740059.4377985,438703459.59901375,-7963400.161215246,7963400.161215246,-1.8152125284113325,1.8152125284113325,True,success,,,step28_ceded_development_v1,pricing_mc_v1,0.037055200002214406
long_emerging_no_break,50,ceded,long,emerging,False,bornhuetter_ferguson_standard,frozen_standard,261066904.0584011,438703459.59901375,-177636555.54061264,177636555.54061264,-40.491259335628904,40.491259335628904,True,success,,,frozen_step21_pattern,pricing_mc_v1,0.003729600000951905
long_shock_break,1,ceded,long,shock,True,bornhuetter_ferguson_break_aware,frozen_break_aware,215827609.4594226,379285494.58321106,-163457885.12378848,163457885.12378848,-43.09626586258168,43.09626586258168,True,success,,,frozen_step21_pattern,pricing_mc_v1,0.0038270000004558824
long_shock_break,1,ceded,long,shock,True,bornhuetter_ferguson_break_aware_ceded_specific,ceded_specific_break_aware,392524502.86202323,379285494.58321106,13239008.27881217,13239008.27881217,3.490512679204946,3.490512679204946,True,success,,,step28_ceded_development_v1,pricing_mc_v1,0.037457099999301136
long_shock_break,1,ceded,long,shock,True,bornhuetter_ferguson_ceded_specific,ceded_specific_standard,444901934.8836843,379285494.58321106,65616440.30047321,65616440.30047321,17.300013113493243,17.300013113493243,True,success,,,step28_ceded_development_v1,pricing_mc_v1,0.037619499998982064
long_shock_break,1,ceded,long,shock,True,bornhuetter_ferguson_standard,frozen_standard,273081335.77148175,379285494.58321106,-106204158.81172931,106204158.81172931,-28.00111270493876,28.00111270493876,True,success,,,frozen_step21_pattern,pricing_mc_v1,0.0036011000047437847
long_shock_break,2,ceded,long,shock,True,bornhuetter_ferguson_break_aware,frozen_break_aware,215827609.4594226,410910544.1490245,-195082934.6896019,195082934.6896019,-47.475767528333705,47.475767528333705,True,success,,,frozen_step21_pattern,pricing_mc_v1,0.003823200000624638
long_shock_break,2,ceded,long,shock,True,bornhuetter_ferguson_break_aware_ceded_specific,ceded_specific_break_aware,392524502.86202323,410910544.1490245,-18386041.287001252,18386041.287001252,-4.4744632496783066,4.4744632496783066,True,success,,,step28_ceded_development_v1,pricing_mc_v1,0.0377269000018714
long_shock_break,2,ceded,long,shock,True,bornhuetter_ferguson_ceded_specific,ceded_specific_standard,444901934.8836843,410910544.1490245,33991390.73465979,33991390.73465979,8.27221185210866,8.27221185210866,True,success,,,step28_ceded_development_v1,pricing_mc_v1,0.03733310000097845
long_shock_break,2,ceded,long,shock,True,bornhuetter_ferguson_standard,frozen_standard,273081335.77148175,410910544.1490245,-137829208.37754273,137829208.37754273,-33.54238783601434,33.54238783601434,True,success,,,frozen_step21_pattern,pricing_mc_v1,0.0036621999970520847
long_shock_break,3,ceded,long,shock,True,bornhuetter_ferguson_break_aware,frozen_break_aware,215827609.4594226,394227884.4940707,-178400275.03464812,178400275.03464812,-45.253083825766595,45.253083825766595,True,success,,,frozen_step21_pattern,pricing_mc_v1,0.0036177000001771376
long_shock_break,3,ceded,long,shock,True,bornhuetter_ferguson_break_aware_ceded_specific,ceded_specific_break_aware,392524502.86202323,394227884.4940707,-1703381.6320474744,1703381.6320474744,-0.4320804537288112,0.4320804537288112,True,success,,,step28_ceded_development_v1,pricing_mc_v1,0.03726230000029318
long_shock_break,3,ceded,long,shock,True,bornhuetter_ferguson_ceded_specific,ceded_specific_standard,444901934.8836843,394227884.4940707,50674050.38961357,50674050.38961357,12.85399952229298,12.85399952229298,True,success,,,step28_ceded_development_v1,pricing_mc_v1,0.03759800000261748
long_shock_break,3,ceded,long,shock,True,bornhuetter_ferguson_standard,frozen_standard,273081335.77148175,394227884.4940707,-121146548.72258896,121146548.72258896,-30.730081125048127,30.730081125048127,True,success,,,frozen_step21_pattern,pricing_mc_v1,0.0036724999954458326
long_shock_break,4,ceded,long,shock,True,bornhuetter_ferguson_break_aware,frozen_break_aware,215827609.4594226,363312484.70784414,-147484875.24842155,147484875.24842155,-40.59449687423232,40.59449687423232,True,success,,,frozen_step21_pattern,pricing_mc_v1,0.0036402000041562133
long_shock_break,4,ceded,long,shock,True,bornhuetter_ferguson_break_aware_ceded_specific,ceded_specific_break_aware,392524502.86202323,363312484.70784414,29212018.154179096,29212018.154179096,8.040466370890003,8.040466370890003,True,success,,,step28_ceded_development_v1,pricing_mc_v1,0.03837320000457112
long_shock_break,4,ceded,long,shock,True,bornhuetter_ferguson_ceded_specific,ceded_specific_standard,444901934.8836843,363312484.70784414,81589450.17584014,81589450.17584014,22.457100597974186,22.457100597974186,True,success,,,step28_ceded_development_v1,pricing_mc_v1,0.037626500001351815
long_shock_break,4,ceded,long,shock,True,bornhuetter_ferguson_standard,frozen_standard,273081335.77148175,363312484.70784414,-90231148.93636239,90231148.93636239,-24.835686285023012,24.835686285023012,True,success,,,frozen_step21_pattern,pricing_mc_v1,0.003744200002984144
long_shock_break,5,ceded,long,shock,True,bornhuetter_ferguson_break_aware,frozen_break_aware,215827609.4594226,359919568.68550766,-144091959.22608507,144091959.22608507,-40.03448874767642,40.03448874767642,True,success,,,frozen_step21_pattern,pricing_mc_v1,0.0037163000015425496
long_shock_break,5,ceded,long,shock,True,bornhuetter_ferguson_break_aware_ceded_specific,ceded_specific_break_aware,392524502.86202323,359919568.68550766,32604934.17651558,32604934.17651558,9.058950113658668,9.058950113658668,True,success,,,step28_ceded_development_v1,pricing_mc_v1,0.03783560000010766
long_shock_break,5,ceded,long,shock,True,bornhuetter_ferguson_ceded_specific,ceded_specific_standard,444901934.8836843,359919568.68550766,84982366.19817662,84982366.19817662,23.611488119011653,23.611488119011653,True,success,,,step28_ceded_development_v1,pricing_mc_v1,0.03783500000281492
long_shock_break,5,ceded,long,shock,True,bornhuetter_ferguson_standard,frozen_standard,273081335.77148175,359919568.68550766,-86838232.9140259,86838232.9140259,-24.12712185424512,24.12712185424512,True,success,,,frozen_step21_pattern,pricing_mc_v1,0.0039227000015671365
long_shock_break,6,ceded,long,shock,True,bornhuetter_ferguson_break_aware,frozen_break_aware,215827609.4594226,363923938.1663605,-148096328.7069379,148096328.7069379,-40.69430811645005,40.69430811645005,True,success,,,frozen_step21_pattern,pricing_mc_v1,0.0038043999957153574
long_shock_break,6,ceded,long,shock,True,bornhuetter_ferguson_break_aware_ceded_specific,ceded_specific_break_aware,392524502.86202323,363923938.1663605,28600564.695662737,28600564.695662737,7.858940205958247,7.858940205958247,True,success,,,step28_ceded_development_v1,pricing_mc_v1,0.03810249999514781
long_shock_break,6,ceded,long,shock,True,bornhuetter_ferguson_ceded_specific,ceded_specific_standard,444901934.8836843,363923938.1663605,80977996.71732378,80977996.71732378,22.25135206145915,22.25135206145915,True,success,,,step28_ceded_development_v1,pricing_mc_v1,0.03758910000033211
long_shock_break,6,ceded,long,shock,True,bornhuetter_ferguson_standard,frozen_standard,273081335.77148175,363923938.1663605,-90842602.39487875,90842602.39487875,-24.96197498097855,24.96197498097855,True,success,,,frozen_step21_pattern,pricing_mc_v1,0.0037259999953676015
long_shock_break,7,ceded,long,shock,True,bornhuetter_ferguson_break_aware,frozen_break_aware,215827609.4594226,373454165.2832909,-157626555.82386833,157626555.82386833,-42.207738051146826,42.207738051146826,True,success,,,frozen_step21_pattern,pricing_mc_v1,0.0036830999961239286
long_shock_break,7,ceded,long,shock,True,bornhuetter_ferguson_break_aware_ceded_specific,ceded_specific_break_aware,392524502.86202323,373454165.2832909,19070337.57873231,19070337.57873231,5.106473391257033,5.106473391257033,True,success,,,step28_ceded_development_v1,pricing_mc_v1,0.03764890000456944
long_shock_break,7,ceded,long,shock,True,bornhuetter_ferguson_ceded_specific,ceded_specific_standard,444901934.8836843,373454165.2832909,71447769.60039335,71447769.60039335,19.13160335116232,19.13160335116232,True,success,,,step28_ceded_development_v1,pricing_mc_v1,0.03734729999996489
long_shock_break,7,ceded,long,shock,True,bornhuetter_ferguson_standard,frozen_standard,273081335.77148175,373454165.2832909,-100372829.51180917,100372829.51180917,-26.876880442789925,26.876880442789925,True,success,,,frozen_step21_pattern,pricing_mc_v1,0.0036443999997572973
long_shock_break,8,ceded,long,shock,True,bornhuetter_ferguson_break_aware,frozen_break_aware,215827609.4594226,430098532.3937574,-214270922.9343348,214270922.9343348,-49.819031407009945,49.819031407009945,True,success,,,frozen_step21_pattern,pricing_mc_v1,0.0038920000006328337
long_shock_break,8,ceded,long,shock,True,bornhuetter_ferguson_break_aware_ceded_specific,ceded_specific_break_aware,392524502.86202323,430098532.3937574,-37574029.53173417,37574029.53173417,-8.736144557995132,8.736144557995132,True,success,,,step28_ceded_development_v1,pricing_mc_v1,0.03715740000188816
long_shock_break,8,ceded,long,shock,True,bornhuetter_ferguson_ceded_specific,ceded_specific_standard,444901934.8836843,430098532.3937574,14803402.489926875,14803402.489926875,3.4418630557832928,3.4418630557832928,True,success,,,step28_ceded_development_v1,pricing_mc_v1,0.03751159999956144
long_shock_break,8,ceded,long,shock,True,bornhuetter_ferguson_standard,frozen_standard,273081335.77148175,430098532.3937574,-157017196.62227565,157017196.62227565,-36.50726166127105,36.50726166127105,True,success,,,frozen_step21_pattern,pricing_mc_v1,0.003664800002297852
long_shock_break,9,ceded,long,shock,True,bornhuetter_ferguson_break_aware,frozen_break_aware,215827609.4594226,411775479.8543498,-195947870.3949272,195947870.3949272,-47.58609484572429,47.58609484572429,True,success,,,frozen_step21_pattern,pricing_mc_v1,0.0035546999934013
long_shock_break,9,ceded,long,shock,True,bornhuetter_ferguson_break_aware_ceded_specific,ceded_specific_break_aware,392524502.86202323,411775479.8543498,-19250976.992326558,19250976.992326558,-4.6751149434968475,4.6751149434968475,True,success,,,step28_ceded_development_v1,pricing_mc_v1,0.03664760000538081
long_shock_break,9,ceded,long,shock,True,bornhuetter_ferguson_ceded_specific,ceded_specific_standard,444901934.8836843,411775479.8543498,33126455.029334486,33126455.029334486,8.044785726690607,8.044785726690607,True,success,,,step28_ceded_development_v1,pricing_mc_v1,0.0381039000058081
long_shock_break,9,ceded,long,shock,True,bornhuetter_ferguson_standard,frozen_standard,273081335.77148175,411775479.8543498,-138694144.08286804,138694144.08286804,-33.68198226177186,33.68198226177186,True,success,,,frozen_step21_pattern,pricing_mc_v1,0.003539700002875179
long_shock_break,10,ceded,long,shock,True,bornhuetter_ferguson_break_aware,frozen_break_aware,215827609.4594226,419800063.420129,-203972453.9607064,203972453.9607064,-48.58799979660178,48.58799979660178,True,success,,,frozen_step21_pattern,pricing_mc_v1,0.003602400000090711
long_shock_break,10,ceded,long,shock,True,bornhuetter_ferguson_break_aware_ceded_specific,ceded_specific_break_aware,392524502.86202323,419800063.420129,-27275560.558105767,27275560.558105767,-6.497274044193945,6.497274044193945,True,success,,,step28_ceded_development_v1,pricing_mc_v1,0.03690970000025118
long_shock_break,10,ceded,long,shock,True,bornhuetter_ferguson_ceded_specific,ceded_specific_standard,444901934.8836843,419800063.420129,25101871.463555276,25101871.463555276,5.9794825324820735,5.9794825324820735,True,success,,,step28_ceded_development_v1,pricing_mc_v1,0.03711320000002161
long_shock_break,10,ceded,long,shock,True,bornhuetter_ferguson_standard,frozen_standard,273081335.77148175,419800063.420129,-146718727.64864725,146718727.64864725,-34.949667814083575,34.949667814083575,True,success,,,frozen_step21_pattern,pricing_mc_v1,0.0036806999996770173
long_shock_break,11,ceded,long,shock,True,bornhuetter_ferguson_break_aware,frozen_break_aware,215827609.4594226,424758999.50439,-208931390.0449674,208931390.0449674,-49.18821974078222,49.18821974078222,True,success,,,frozen_step21_pattern,pricing_mc_v1,0.0035997000013594516
long_shock_break,11,ceded,long,shock,True,bornhuetter_ferguson_break_aware_ceded_specific,ceded_specific_break_aware,392524502.86202323,424758999.50439,-32234496.642366767,32234496.642366767,-7.588890801602337,7.588890801602337,True,success,,,step28_ceded_development_v1,pricing_mc_v1,0.03731259999767644
long_shock_break,11,ceded,long,shock,True,bornhuetter_ferguson_ceded_specific,ceded_specific_standard,444901934.8836843,424758999.50439,20142935.379294276,20142935.379294276,4.7422033206588,4.7422033206588,True,success,,,step28_ceded_development_v1,pricing_mc_v1,0.036917799996444955
long_shock_break,11,ceded,long,shock,True,bornhuetter_ferguson_standard,frozen_standard,273081335.77148175,424758999.50439,-151677663.73290825,151677663.73290825,-35.70911126306592,35.70911126306592,True,success,,,frozen_step21_pattern,pricing_mc_v1,0.0038396999952965416
long_shock_break,12,ceded,long,shock,True,bornhuetter_ferguson_break_aware,frozen_break_aware,215827609.4594226,396764543.5095545,-180936934.05013192,180936934.05013192,-45.60310063234639,45.60310063234639,True,success,,,frozen_step21_pattern,pricing_mc_v1,0.003736600003321655
long_shock_break,12,ceded,long,shock,True,bornhuetter_ferguson_break_aware_ceded_specific,ceded_specific_break_aware,392524502.86202323,396764543.5095545,-4240040.647531271,4240040.647531271,-1.0686541216677963,1.0686541216677963,True,success,,,step28_ceded_development_v1,pricing_mc_v1,0.03790360000130022
long_shock_break,12,ceded,long,shock,True,bornhuetter_ferguson_ceded_specific,ceded_specific_standard,444901934.8836843,396764543.5095545,48137391.37412977,48137391.37412977,12.132483146889504,12.132483146889504,True,success,,,step28_ceded_development_v1,pricing_mc_v1,0.03692649999720743
long_shock_break,12,ceded,long,shock,True,bornhuetter_ferguson_standard,frozen_standard,273081335.77148175,396764543.5095545,-123683207.73807275,123683207.73807275,-31.172948732777666,31.172948732777666,True,success,,,frozen_step21_pattern,pricing_mc_v1,0.003580000004149042
long_shock_break,13,ceded,long,shock,True,bornhuetter_ferguson_break_aware,frozen_break_aware,215827609.4594226,413741968.298162,-197914358.8387394,197914358.8387394,-47.83521469983267,47.83521469983267,True,success,,,frozen_step21_pattern,pricing_mc_v1,0.003968700002587866
long_shock_break,13,ceded,long,shock,True,bornhuetter_ferguson_break_aware_ceded_specific,ceded_specific_break_aware,392524502.86202323,413741968.298162,-21217465.43613875,21217465.43613875,-5.128187871153656,5.128187871153656,True,success,,,step28_ceded_development_v1,pricing_mc_v1,0.03675660000590142
long_shock_break,13,ceded,long,shock,True,bornhuetter_ferguson_ceded_specific,ceded_specific_standard,444901934.8836843,413741968.298162,31159966.585522294,31159966.585522294,7.531255945267547,7.531255945267547,True,success,,,step28_ceded_development_v1,pricing_mc_v1,0.03673790000175359
long_shock_break,13,ceded,long,shock,True,bornhuetter_ferguson_standard,frozen_standard,273081335.77148175,413741968.298162,-140660632.52668023,140660632.52668023,-33.997187451216824,33.997187451216824,True,success,,,frozen_step21_pattern,pricing_mc_v1,0.0036418000017874874
long_shock_break,14,ceded,long,shock,True,bornhuetter_ferguson_break_aware,frozen_break_aware,215827609.4594226,379043855.08873105,-163216245.62930846,163216245.62930846,-43.059989876659756,43.059989876659756,True,success,,,frozen_step21_pattern,pricing_mc_v1,0.003551100002368912
long_shock_break,14,ceded,long,shock,True,bornhuetter_ferguson_break_aware_ceded_specific,ceded_specific_break_aware,392524502.86202323,379043855.08873105,13480647.773292184,13480647.773292184,3.5564876180716545,3.5564876180716545,True,success,,,step28_ceded_development_v1,pricing_mc_v1,0.036997899995185435
long_shock_break,14,ceded,long,shock,True,bornhuetter_ferguson_ceded_specific,ceded_specific_standard,444901934.8836843,379043855.08873105,65858079.79495323,65858079.79495323,17.374791573797285,17.374791573797285,True,success,,,step28_ceded_development_v1,pricing_mc_v1,0.03736560000106692
long_shock_break,14,ceded,long,shock,True,bornhuetter_ferguson_standard,frozen_standard,273081335.77148175,379043855.08873105,-105962519.3172493,105962519.3172493,-27.955213597235165,27.955213597235165,True,success,,,frozen_step21_pattern,pricing_mc_v1,0.0036517999978968874
long_shock_break,15,ceded,long,shock,True,bornhuetter_ferguson_break_aware,frozen_break_aware,215827609.4594226,401332616.19657946,-185505006.73715687,185505006.73715687,-46.22226035231918,46.22226035231918,True,success,,,frozen_step21_pattern,pricing_mc_v1,0.0036126999984844588
long_shock_break,15,ceded,long,shock,True,bornhuetter_ferguson_break_aware_ceded_specific,ceded_specific_break_aware,392524502.86202323,401332616.19657946,-8808113.334556222,8808113.334556222,-2.194716546596816,2.194716546596816,True,success,,,step28_ceded_development_v1,pricing_mc_v1,0.03667270000005374
long_shock_break,15,ceded,long,shock,True,bornhuetter_ferguson_ceded_specific,ceded_specific_standard,444901934.8836843,401332616.19657946,43569318.68710482,43569318.68710482,10.85616192872892,10.85616192872892,True,success,,,step28_ceded_development_v1,pricing_mc_v1,0.03693589999602409
long_shock_break,15,ceded,long,shock,True,bornhuetter_ferguson_standard,frozen_standard,273081335.77148175,401332616.19657946,-128251280.4250977,128251280.4250977,-31.956356211596333,31.956356211596333,True,success,,,frozen_step21_pattern,pricing_mc_v1,0.0041775999998208135
long_shock_break,16,ceded,long,shock,True,bornhuetter_ferguson_break_aware,frozen_break_aware,215827609.4594226,390841016.9025937,-175013407.44317108,175013407.44317108,-44.77866955473313,44.77866955473313,True,success,,,frozen_step21_pattern,pricing_mc_v1,0.003639600006863475
long_shock_break,16,ceded,long,shock,True,bornhuetter_ferguson_break_aware_ceded_specific,ceded_specific_break_aware,392524502.86202323,390841016.9025937,1683485.959429562,1683485.959429562,0.43073420818806346,0.43073420818806346,True,success,,,step28_ceded_development_v1,pricing_mc_v1,0.036835699997027405
long_shock_break,16,ceded,long,shock,True,bornhuetter_ferguson_ceded_specific,ceded_specific_standard,444901934.8836843,390841016.9025937,54060917.981090605,54060917.981090605,13.831945891841693,13.831945891841693,True,success,,,step28_ceded_development_v1,pricing_mc_v1,0.03688289999990957
long_shock_break,16,ceded,long,shock,True,bornhuetter_ferguson_standard,frozen_standard,273081335.77148175,390841016.9025937,-117759681.13111192,117759681.13111192,-30.12981648250605,30.12981648250605,True,success,,,frozen_step21_pattern,pricing_mc_v1,0.0035795000003417954
long_shock_break,17,ceded,long,shock,True,bornhuetter_ferguson_break_aware,frozen_break_aware,215827609.4594226,393029957.3509383,-177202347.89151573,177202347.89151573,-45.0862191487584,45.0862191487584,True,success,,,frozen_step21_pattern,pricing_mc_v1,0.0035869999992428347
long_shock_break,17,ceded,long,shock,True,bornhuetter_ferguson_break_aware_ceded_specific,ceded_specific_break_aware,392524502.86202323,393029957.3509383,-505454.4889150858,505454.4889150858,-0.12860457058334693,0.12860457058334693,True,success,,,step28_ceded_development_v1,pricing_mc_v1,0.036989800006267615
long_shock_break,17,ceded,long,shock,True,bornhuetter_ferguson_ceded_specific,ceded_specific_standard,444901934.8836843,393029957.3509383,51871977.53274596,51871977.53274596,13.197970425045543,13.197970425045543,True,success,,,step28_ceded_development_v1,pricing_mc_v1,0.03694990000076359
long_shock_break,17,ceded,long,shock,True,bornhuetter_ferguson_standard,frozen_standard,273081335.77148175,393029957.3509383,-119948621.57945657,119948621.57945657,-30.518951376613224,30.518951376613224,True,success,,,frozen_step21_pattern,pricing_mc_v1,0.003609400002460461
long_shock_break,18,ceded,long,shock,True,bornhuetter_ferguson_break_aware,frozen_break_aware,215827609.4594226,384461423.09931284,-168633813.63989025,168633813.63989025,-43.86234964237993,43.86234964237993,True,success,,,frozen_step21_pattern,pricing_mc_v1,0.0036018000027979724
long_shock_break,18,ceded,long,shock,True,bornhuetter_ferguson_break_aware_ceded_specific,ceded_specific_break_aware,392524502.86202323,384461423.09931284,8063079.7627103925,8063079.7627103925,2.0972402634600775,2.0972402634600775,True,success,,,step28_ceded_development_v1,pricing_mc_v1,0.03749450000032084
long_shock_break,18,ceded,long,shock,True,bornhuetter_ferguson_ceded_specific,ceded_specific_standard,444901934.8836843,384461423.09931284,60440511.784371436,60440511.784371436,15.720826109713128,15.720826109713128,True,success,,,step28_ceded_development_v1,pricing_mc_v1,0.0371106000020518
long_shock_break,18,ceded,long,shock,True,bornhuetter_ferguson_standard,frozen_standard,273081335.77148175,384461423.09931284,-111380087.32783109,111380087.32783109,-28.97041956250049,28.97041956250049,True,success,,,frozen_step21_pattern,pricing_mc_v1,0.0036873999997624196
long_shock_break,19,ceded,long,shock,True,bornhuetter_ferguson_break_aware,frozen_break_aware,215827609.4594226,434770527.391416,-218942917.93199342,218942917.93199342,-50.35827042960598,50.35827042960598,True,success,,,frozen_step21_pattern,pricing_mc_v1,0.0037308000028133392
long_shock_break,19,ceded,long,shock,True,bornhuetter_ferguson_break_aware_ceded_specific,ceded_specific_break_aware,392524502.86202323,434770527.391416,-42246024.52939278,42246024.52939278,-9.716855644025623,9.716855644025623,True,success,,,step28_ceded_development_v1,pricing_mc_v1,0.0372650000063004
long_shock_break,19,ceded,long,shock,True,bornhuetter_ferguson_ceded_specific,ceded_specific_standard,444901934.8836843,434770527.391416,10131407.492268264,10131407.492268264,2.3302884749469555,2.3302884749469555,True,success,,,step28_ceded_development_v1,pricing_mc_v1,0.037324299999454524
long_shock_break,19,ceded,long,shock,True,bornhuetter_ferguson_standard,frozen_standard,273081335.77148175,434770527.391416,-161689191.61993426,161689191.61993426,-37.189547458530555,37.189547458530555,True,success,,,frozen_step21_pattern,pricing_mc_v1,0.003821099999186117
long_shock_break,20,ceded,long,shock,True,bornhuetter_ferguson_break_aware,frozen_break_aware,215827609.4594226,416751535.2918438,-200923925.83242118,200923925.83242118,-48.21192216885721,48.21192216885721,True,success,,,frozen_step21_pattern,pricing_mc_v1,0.0038237999979173765
long_shock_break,20,ceded,long,shock,True,bornhuetter_ferguson_break_aware_ceded_specific,ceded_specific_break_aware,392524502.86202323,416751535.2918438,-24227032.429820538,24227032.429820538,-5.81330370213388,5.81330370213388,True,success,,,step28_ceded_development_v1,pricing_mc_v1,0.036830000004556496
long_shock_break,20,ceded,long,shock,True,bornhuetter_ferguson_ceded_specific,ceded_specific_standard,444901934.8836843,416751535.2918438,28150399.591840506,28150399.591840506,6.754720068908031,6.754720068908031,True,success,,,step28_ceded_development_v1,pricing_mc_v1,0.03694720000203233
long_shock_break,20,ceded,long,shock,True,bornhuetter_ferguson_standard,frozen_standard,273081335.77148175,416751535.2918438,-143670199.52036202,143670199.52036202,-34.473826093946435,34.473826093946435,True,success,,,frozen_step21_pattern,pricing_mc_v1,0.0037130999990040436
long_shock_break,21,ceded,long,shock,True,bornhuetter_ferguson_break_aware,frozen_break_aware,215827609.4594226,386948735.9032155,-171121126.44379294,171121126.44379294,-44.223203377150746,44.223203377150746,True,success,,,frozen_step21_pattern,pricing_mc_v1,0.003665800002636388
long_shock_break,21,ceded,long,shock,True,bornhuetter_ferguson_break_aware_ceded_specific,ceded_specific_break_aware,392524502.86202323,386948735.9032155,5575766.958807707,5575766.958807707,1.4409575329901918,1.4409575329901918,True,success,,,step28_ceded_development_v1,pricing_mc_v1,0.0372168000030797
long_shock_break,21,ceded,long,shock,True,bornhuetter_ferguson_ceded_specific,ceded_specific_standard,444901934.8836843,386948735.9032155,57953198.98046875,57953198.98046875,14.976970746575622,14.976970746575622,True,success,,,step28_ceded_development_v1,pricing_mc_v1,0.03709109999908833
long_shock_break,21,ceded,long,shock,True,bornhuetter_ferguson_standard,frozen_standard,273081335.77148175,386948735.9032155,-113867400.13173378,113867400.13173378,-29.426998867419623,29.426998867419623,True,success,,,frozen_step21_pattern,pricing_mc_v1,0.0035879000060958788
long_shock_break,22,ceded,long,shock,True,bornhuetter_ferguson_break_aware,frozen_break_aware,215827609.4594226,391323534.8021614,-175495925.3427388,175495925.3427388,-44.84675971034122,44.84675971034122,True,success,,,frozen_step21_pattern,pricing_mc_v1,0.0035766000000876375
long_shock_break,22,ceded,long,shock,True,bornhuetter_ferguson_break_aware_ceded_specific,ceded_specific_break_aware,392524502.86202323,391323534.8021614,1200968.0598618388,1200968.0598618388,0.3068990114456069,0.3068990114456069,True,success,,,step28_ceded_development_v1,pricing_mc_v1,0.03666850000445265
long_shock_break,22,ceded,long,shock,True,bornhuetter_ferguson_ceded_specific,ceded_specific_standard,444901934.8836843,391323534.8021614,53578400.08152288,53578400.08152288,13.691586453804812,13.691586453804812,True,success,,,step28_ceded_development_v1,pricing_mc_v1,0.03736180000123568
long_shock_break,22,ceded,long,shock,True,bornhuetter_ferguson_standard,frozen_standard,273081335.77148175,391323534.8021614,-118242199.03067964,118242199.03067964,-30.215969272192766,30.215969272192766,True,success,,,frozen_step21_pattern,pricing_mc_v1,0.0036938000048394315
long_shock_break,23,ceded,long,shock,True,bornhuetter_ferguson_break_aware,frozen_break_aware,215827609.4594226,447552612.8081651,-231725003.34874249,231725003.34874249,-51.776036317783046,51.776036317783046,True,success,,,frozen_step21_pattern,pricing_mc_v1,0.0035856000031344593
long_shock_break,23,ceded,long,shock,True,bornhuetter_ferguson_break_aware_ceded_specific,ceded_specific_break_aware,392524502.86202323,447552612.8081651,-55028109.94614184,55028109.94614184,-12.295338776120293,12.295338776120293,True,success,,,step28_ceded_development_v1,pricing_mc_v1,0.03706830000010086
long_shock_break,23,ceded,long,shock,True,bornhuetter_ferguson_ceded_specific,ceded_specific_standard,444901934.8836843,447552612.8081651,-2650677.924480796,2650677.924480796,-0.5922606300629416,0.5922606300629416,True,success,,,step28_ceded_development_v1,pricing_mc_v1,0.037215299998933915
long_shock_break,23,ceded,long,shock,True,bornhuetter_ferguson_standard,frozen_standard,273081335.77148175,447552612.8081651,-174471277.03668332,174471277.03668332,-38.983411568522584,38.983411568522584,True,success,,,frozen_step21_pattern,pricing_mc_v1,0.0038406000021495856
long_shock_break,24,ceded,long,shock,True,bornhuetter_ferguson_break_aware,frozen_break_aware,215827609.4594226,397126306.2678751,-181298696.8084525,181298696.8084525,-45.65265356311108,45.65265356311108,True,success,,,frozen_step21_pattern,pricing_mc_v1,0.003703399997903034
long_shock_break,24,ceded,long,shock,True,bornhuetter_ferguson_break_aware_ceded_specific,ceded_specific_break_aware,392524502.86202323,397126306.2678751,-4601803.405851841,4601803.405851841,-1.1587757681174033,1.1587757681174033,True,success,,,step28_ceded_development_v1,pricing_mc_v1,0.03759419999551028
long_shock_break,24,ceded,long,shock,True,bornhuetter_ferguson_ceded_specific,ceded_specific_standard,444901934.8836843,397126306.2678751,47775628.6158092,47775628.6158092,12.03033590617463,12.03033590617463,True,success,,,step28_ceded_development_v1,pricing_mc_v1,0.03687799999897834
long_shock_break,24,ceded,long,shock,True,bornhuetter_ferguson_standard,frozen_standard,273081335.77148175,397126306.2678751,-124044970.49639332,124044970.49639332,-31.235646830386706,31.235646830386706,True,success,,,frozen_step21_pattern,pricing_mc_v1,0.0035916999986511655
long_shock_break,25,ceded,long,shock,True,bornhuetter_ferguson_break_aware,frozen_break_aware,215827609.4594226,441627230.37880164,-225799620.91937906,225799620.91937906,-51.12900776650514,51.12900776650514,True,success,,,frozen_step21_pattern,pricing_mc_v1,0.037019899995357264
long_shock_break,25,ceded,long,shock,True,bornhuetter_ferguson_break_aware_ceded_specific,ceded_specific_break_aware,392524502.86202323,441627230.37880164,-49102727.51677841,49102727.51677841,-11.118591458833054,11.118591458833054,True,success,,,step28_ceded_development_v1,pricing_mc_v1,0.037092099999426864
long_shock_break,25,ceded,long,shock,True,bornhuetter_ferguson_ceded_specific,ceded_specific_standard,444901934.8836843,441627230.37880164,3274704.5048826337,3274704.5048826337,0.7415087385064065,0.7415087385064065,True,success,,,step28_ceded_development_v1,pricing_mc_v1,0.03791359999740962
long_shock_break,25,ceded,long,shock,True,bornhuetter_ferguson_standard,frozen_standard,273081335.77148175,441627230.37880164,-168545894.6073199,168545894.6073199,-38.164742346786724,38.164742346786724,True,success,,,frozen_step21_pattern,pricing_mc_v1,0.003595999995013699
long_shock_break,26,ceded,long,shock,True,bornhuetter_ferguson_break_aware,frozen_break_aware,215827609.4594226,387317049.10468125,-171489439.64525867,171489439.64525867,-44.27624346557224,44.27624346557224,True,success,,,frozen_step21_pattern,pricing_mc_v1,0.0035216999967815354
long_shock_break,26,ceded,long,shock,True,bornhuetter_ferguson_break_aware_ceded_specific,ceded_specific_break_aware,392524502.86202323,387317049.10468125,5207453.757341981,5207453.757341981,1.3444938118214744,1.3444938118214744,True,success,,,step28_ceded_development_v1,pricing_mc_v1,0.03705160000390606
long_shock_break,26,ceded,long,shock,True,bornhuetter_ferguson_ceded_specific,ceded_specific_standard,444901934.8836843,387317049.10468125,57584885.779003024,57584885.779003024,14.867635161456423,14.867635161456423,True,success,,,step28_ceded_development_v1,pricing_mc_v1,0.03714329999638721
long_shock_break,26,ceded,long,shock,True,bornhuetter_ferguson_standard,frozen_standard,273081335.77148175,387317049.10468125,-114235713.3331995,114235713.3331995,-29.49410917935727,29.49410917935727,True,success,,,frozen_step21_pattern,pricing_mc_v1,0.0037320999981602654
long_shock_break,27,ceded,long,shock,True,bornhuetter_ferguson_break_aware,frozen_break_aware,215827609.4594226,435090220.70363057,-219262611.24420798,219262611.24420798,-50.39474591950496,50.39474591950496,True,success,,,frozen_step21_pattern,pricing_mc_v1,0.0034720000039669685
long_shock_break,27,ceded,long,shock,True,bornhuetter_ferguson_break_aware_ceded_specific,ceded_specific_break_aware,392524502.86202323,435090220.70363057,-42565717.84160733,42565717.84160733,-9.78319341969346,9.78319341969346,True,success,,,step28_ceded_development_v1,pricing_mc_v1,0.036917700002959464
long_shock_break,27,ceded,long,shock,True,bornhuetter_ferguson_ceded_specific,ceded_specific_standard,444901934.8836843,435090220.70363057,9811714.180053711,9811714.180053711,2.2550987618582066,2.2550987618582066,True,success,,,step28_ceded_development_v1,pricing_mc_v1,0.037126199997146614
long_shock_break,27,ceded,long,shock,True,bornhuetter_ferguson_standard,frozen_standard,273081335.77148175,435090220.70363057,-162008884.9321488,162008884.9321488,-37.2356989936816,37.2356989936816,True,success,,,frozen_step21_pattern,pricing_mc_v1,0.003790299997490365
long_shock_break,28,ceded,long,shock,True,bornhuetter_ferguson_break_aware,frozen_break_aware,215827609.4594226,365739264.7311368,-149911655.2717142,149911655.2717142,-40.98866863034726,40.98866863034726,True,success,,,frozen_step21_pattern,pricing_mc_v1,0.0035582999989856035
long_shock_break,28,ceded,long,shock,True,bornhuetter_ferguson_break_aware_ceded_specific,ceded_specific_break_aware,392524502.86202323,365739264.7311368,26785238.130886436,26785238.130886436,7.323588335689598,7.323588335689598,True,success,,,step28_ceded_development_v1,pricing_mc_v1,0.036862199995084666
long_shock_break,28,ceded,long,shock,True,bornhuetter_ferguson_ceded_specific,ceded_specific_standard,444901934.8836843,365739264.7311368,79162670.15254748,79162670.15254748,21.64456425282687,21.64456425282687,True,success,,,step28_ceded_development_v1,pricing_mc_v1,0.036862299995846115
long_shock_break,28,ceded,long,shock,True,bornhuetter_ferguson_standard,frozen_standard,273081335.77148175,365739264.7311368,-92657928.95965505,92657928.95965505,-25.334422058230466,25.334422058230466,True,success,,,frozen_step21_pattern,pricing_mc_v1,0.0035814000002574176
long_shock_break,29,ceded,long,shock,True,bornhuetter_ferguson_break_aware,frozen_break_aware,215827609.4594226,351201311.80938095,-135373702.34995836,135373702.34995836,-38.545898832927534,38.545898832927534,True,success,,,frozen_step21_pattern,pricing_mc_v1,0.0037276000002748333
long_shock_break,29,ceded,long,shock,True,bornhuetter_ferguson_break_aware_ceded_specific,ceded_specific_break_aware,392524502.86202323,351201311.80938095,41323191.052642286,41323191.052642286,11.766240518791395,11.766240518791395,True,success,,,step28_ceded_development_v1,pricing_mc_v1,0.03680680000252323
long_shock_break,29,ceded,long,shock,True,bornhuetter_ferguson_ceded_specific,ceded_specific_standard,444901934.8836843,351201311.80938095,93700623.07430333,93700623.07430333,26.68003219907121,26.68003219907121,True,success,,,step28_ceded_development_v1,pricing_mc_v1,0.037328999998862855
long_shock_break,29,ceded,long,shock,True,bornhuetter_ferguson_standard,frozen_standard,273081335.77148175,351201311.80938095,-78119976.0378992,78119976.0378992,-22.24364585525803,22.24364585525803,True,success,,,frozen_step21_pattern,pricing_mc_v1,0.003681700000015553
long_shock_break,30,ceded,long,shock,True,bornhuetter_ferguson_break_aware,frozen_break_aware,215827609.4594226,362164258.8152297,-146336649.35580713,146336649.35580713,-40.40615433298892,40.40615433298892,True,success,,,frozen_step21_pattern,pricing_mc_v1,0.003481100000499282
long_shock_break,30,ceded,long,shock,True,bornhuetter_ferguson_break_aware_ceded_specific,ceded_specific_break_aware,392524502.86202323,362164258.8152297,30360244.04679352,30360244.04679352,8.38300392924273,8.38300392924273,True,success,,,step28_ceded_development_v1,pricing_mc_v1,0.03701030000229366
long_shock_break,30,ceded,long,shock,True,bornhuetter_ferguson_ceded_specific,ceded_specific_standard,444901934.8836843,362164258.8152297,82737676.06845456,82737676.06845456,22.84534546261396,22.84534546261396,True,success,,,step28_ceded_development_v1,pricing_mc_v1,0.03752840000379365
long_shock_break,30,ceded,long,shock,True,bornhuetter_ferguson_standard,frozen_standard,273081335.77148175,362164258.8152297,-89082923.04374796,89082923.04374796,-24.597381126224445,24.597381126224445,True,success,,,frozen_step21_pattern,pricing_mc_v1,0.0037242000034893863
long_shock_break,31,ceded,long,shock,True,bornhuetter_ferguson_break_aware,frozen_break_aware,215827609.4594226,420737137.6768234,-204909528.2174008,204909528.2174008,-48.702505642560105,48.702505642560105,True,success,,,frozen_step21_pattern,pricing_mc_v1,0.003483200001937803
long_shock_break,31,ceded,long,shock,True,bornhuetter_ferguson_break_aware_ceded_specific,ceded_specific_break_aware,392524502.86202323,420737137.6768234,-28212634.814800143,28212634.814800143,-6.705525205257929,6.705525205257929,True,success,,,step28_ceded_development_v1,pricing_mc_v1,0.037212499999441206
long_shock_break,31,ceded,long,shock,True,bornhuetter_ferguson_ceded_specific,ceded_specific_standard,444901934.8836843,420737137.6768234,24164797.2068609,24164797.2068609,5.743442886998571,5.743442886998571,True,success,,,step28_ceded_development_v1,pricing_mc_v1,0.037193500000284985
long_shock_break,31,ceded,long,shock,True,bornhuetter_ferguson_standard,frozen_standard,273081335.77148175,420737137.6768234,-147655801.90534163,147655801.90534163,-35.094549228682304,35.094549228682304,True,success,,,frozen_step21_pattern,pricing_mc_v1,0.00392699999792967
long_shock_break,32,ceded,long,shock,True,bornhuetter_ferguson_break_aware,frozen_break_aware,215827609.4594226,362645239.55470467,-146817630.09528208,146817630.09528208,-40.48519436669312,40.48519436669312,True,success,,,frozen_step21_pattern,pricing_mc_v1,0.0035945000054198317
long_shock_break,32,ceded,long,shock,True,bornhuetter_ferguson_break_aware_ceded_specific,ceded_specific_break_aware,392524502.86202323,362645239.55470467,29879263.30731857,29879263.30731857,8.239254248589498,8.239254248589498,True,success,,,step28_ceded_development_v1,pricing_mc_v1,0.0370757999990019
long_shock_break,32,ceded,long,shock,True,bornhuetter_ferguson_ceded_specific,ceded_specific_standard,444901934.8836843,362645239.55470467,82256695.32897961,82256695.32897961,22.68241420457727,22.68241420457727,True,success,,,step28_ceded_development_v1,pricing_mc_v1,0.037529699999140576
long_shock_break,32,ceded,long,shock,True,bornhuetter_ferguson_standard,frozen_standard,273081335.77148175,362645239.55470467,-89563903.78322291,89563903.78322291,-24.697388525821886,24.697388525821886,True,success,,,frozen_step21_pattern,pricing_mc_v1,0.0036615999997593462
long_shock_break,33,ceded,long,shock,True,bornhuetter_ferguson_break_aware,frozen_break_aware,215827609.4594226,400625885.16308933,-184798275.70366675,184798275.70366675,-46.12739279900446,46.12739279900446,True,success,,,frozen_step21_pattern,pricing_mc_v1,0.0038422000070568174
long_shock_break,33,ceded,long,shock,True,bornhuetter_ferguson_break_aware_ceded_specific,ceded_specific_break_aware,392524502.86202323,400625885.16308933,-8101382.301066101,8101382.301066101,-2.022181441862684,2.022181441862684,True,success,,,step28_ceded_development_v1,pricing_mc_v1,0.03678700000455137
long_shock_break,33,ceded,long,shock,True,bornhuetter_ferguson_ceded_specific,ceded_specific_standard,444901934.8836843,400625885.16308933,44276049.72059494,44276049.72059494,11.051719661741469,11.051719661741469,True,success,,,step28_ceded_development_v1,pricing_mc_v1,0.03734149999945657
long_shock_break,33,ceded,long,shock,True,bornhuetter_ferguson_standard,frozen_standard,273081335.77148175,400625885.16308933,-127544549.39160758,127544549.39160758,-31.836322642928064,31.836322642928064,True,success,,,frozen_step21_pattern,pricing_mc_v1,0.003595900001528207
long_shock_break,34,ceded,long,shock,True,bornhuetter_ferguson_break_aware,frozen_break_aware,215827609.4594226,434190328.6126816,-218362719.15325904,218362719.15325904,-50.291935301960386,50.291935301960386,True,success,,,frozen_step21_pattern,pricing_mc_v1,0.003621500000008382
long_shock_break,34,ceded,long,shock,True,bornhuetter_ferguson_break_aware_ceded_specific,ceded_specific_break_aware,392524502.86202323,434190328.6126816,-41665825.75065839,41665825.75065839,-9.5962123071208,9.5962123071208,True,success,,,step28_ceded_development_v1,pricing_mc_v1,0.03692080000473652
long_shock_break,34,ceded,long,shock,True,bornhuetter_ferguson_ceded_specific,ceded_specific_standard,444901934.8836843,434190328.6126816,10711606.27100265,10711606.27100265,2.46703013980717,2.46703013980717,True,success,,,step28_ceded_development_v1,pricing_mc_v1,0.03690269999788143
long_shock_break,34,ceded,long,shock,True,bornhuetter_ferguson_standard,frozen_standard,273081335.77148175,434190328.6126816,-161108992.84119987,161108992.84119987,-37.105615262314316,37.105615262314316,True,success,,,frozen_step21_pattern,pricing_mc_v1,0.003549699998984579
long_shock_break,35,ceded,long,shock,True,bornhuetter_ferguson_break_aware,frozen_break_aware,215827609.4594226,383540663.9225669,-167713054.4631443,167713054.4631443,-43.72758099438549,43.72758099438549,True,success,,,frozen_step21_pattern,pricing_mc_v1,0.0036016999947605655
long_shock_break,35,ceded,long,shock,True,bornhuetter_ferguson_break_aware_ceded_specific,ceded_specific_break_aware,392524502.86202323,383540663.9225669,8983838.939456344,8983838.939456344,2.3423432726992655,2.3423432726992655,True,success,,,step28_ceded_development_v1,pricing_mc_v1,0.03745080000226153
long_shock_break,35,ceded,long,shock,True,bornhuetter_ferguson_ceded_specific,ceded_specific_standard,444901934.8836843,383540663.9225669,61361270.96111739,61361270.96111739,15.998635016574312,15.998635016574312,True,success,,,step28_ceded_development_v1,pricing_mc_v1,0.037175900004513096
long_shock_break,35,ceded,long,shock,True,bornhuetter_ferguson_standard,frozen_standard,273081335.77148175,383540663.9225669,-110459328.15108514,110459328.15108514,-28.79990012568414,28.79990012568414,True,success,,,frozen_step21_pattern,pricing_mc_v1,0.0037397999985842034
long_shock_break,36,ceded,long,shock,True,bornhuetter_ferguson_break_aware,frozen_break_aware,215827609.4594226,369844933.2565078,-154017323.79708523,154017323.79708523,-41.64375659846224,41.64375659846224,True,success,,,frozen_step21_pattern,pricing_mc_v1,0.003541000005498063
long_shock_break,36,ceded,long,shock,True,bornhuetter_ferguson_break_aware_ceded_specific,ceded_specific_break_aware,392524502.86202323,369844933.2565078,22679569.60551542,22679569.60551542,6.132183400708072,6.132183400708072,True,success,,,step28_ceded_development_v1,pricing_mc_v1,0.036849600001005456
long_shock_break,36,ceded,long,shock,True,bornhuetter_ferguson_ceded_specific,ceded_specific_standard,444901934.8836843,369844933.2565078,75057001.62717646,75057001.62717646,20.29418139280559,20.29418139280559,True,success,,,step28_ceded_development_v1,pricing_mc_v1,0.03692669999873033
long_shock_break,36,ceded,long,shock,True,bornhuetter_ferguson_standard,frozen_standard,273081335.77148175,369844933.2565078,-96763597.48502606,96763597.48502606,-26.163288660741276,26.163288660741276,True,success,,,frozen_step21_pattern,pricing_mc_v1,0.003673999999591615
long_shock_break,37,ceded,long,shock,True,bornhuetter_ferguson_break_aware,frozen_break_aware,215827609.4594226,344271507.54818845,-128443898.08876586,128443898.08876586,-37.308895819903796,37.308895819903796,True,success,,,frozen_step21_pattern,pricing_mc_v1,0.003738700004760176
long_shock_break,37,ceded,long,shock,True,bornhuetter_ferguson_break_aware_ceded_specific,ceded_specific_break_aware,392524502.86202323,344271507.54818845,48252995.31383479,48252995.31383479,14.01597119014582,14.01597119014582,True,success,,,step28_ceded_development_v1,pricing_mc_v1,0.03682380000100238
long_shock_break,37,ceded,long,shock,True,bornhuetter_ferguson_ceded_specific,ceded_specific_standard,444901934.8836843,344271507.54818845,100630427.33549583,100630427.33549583,29.229960984038264,29.229960984038264,True,success,,,step28_ceded_development_v1,pricing_mc_v1,0.03701220000220928
long_shock_break,37,ceded,long,shock,True,bornhuetter_ferguson_standard,frozen_standard,273081335.77148175,344271507.54818845,-71190171.7767067,71190171.7767067,-20.678496540043195,20.678496540043195,True,success,,,frozen_step21_pattern,pricing_mc_v1,0.0036110000000917353
long_shock_break,38,ceded,long,shock,True,bornhuetter_ferguson_break_aware,frozen_break_aware,215827609.4594226,384335613.89886,-168508004.4394374,168508004.4394374,-43.84397342989432,43.84397342989432,True,success,,,frozen_step21_pattern,pricing_mc_v1,0.0035865000027115457
long_shock_break,38,ceded,long,shock,True,bornhuetter_ferguson_break_aware_ceded_specific,ceded_specific_break_aware,392524502.86202323,384335613.89886,8188888.963163257,8188888.963163257,2.130660981451021,2.130660981451021,True,success,,,step28_ceded_development_v1,pricing_mc_v1,0.037430299998959526
long_shock_break,38,ceded,long,shock,True,bornhuetter_ferguson_ceded_specific,ceded_specific_standard,444901934.8836843,384335613.89886,60566320.9848243,60566320.9848243,15.758706399964968,15.758706399964968,True,success,,,step28_ceded_development_v1,pricing_mc_v1,0.03694169999653241
long_shock_break,38,ceded,long,shock,True,bornhuetter_ferguson_standard,frozen_standard,273081335.77148175,384335613.89886,-111254278.12737823,111254278.12737823,-28.94716859537649,28.94716859537649,True,success,,,frozen_step21_pattern,pricing_mc_v1,0.003666600001452025
long_shock_break,39,ceded,long,shock,True,bornhuetter_ferguson_break_aware,frozen_break_aware,215827609.4594226,411609718.6487835,-195782109.18936092,195782109.18936092,-47.56498700566811,47.56498700566811,True,success,,,frozen_step21_pattern,pricing_mc_v1,0.003601399999752175
long_shock_break,39,ceded,long,shock,True,bornhuetter_ferguson_break_aware_ceded_specific,ceded_specific_break_aware,392524502.86202323,411609718.6487835,-19085215.78676027,19085215.78676027,-4.636726229257288,4.636726229257288,True,success,,,step28_ceded_development_v1,pricing_mc_v1,0.03756939999584574
long_shock_break,39,ceded,long,shock,True,bornhuetter_ferguson_ceded_specific,ceded_specific_standard,444901934.8836843,411609718.6487835,33292216.234900773,33292216.234900773,8.088296929477558,8.088296929477558,True,success,,,step28_ceded_development_v1,pricing_mc_v1,0.03704939999443013
long_shock_break,39,ceded,long,shock,True,bornhuetter_ferguson_standard,frozen_standard,273081335.77148175,411609718.6487835,-138528382.87730175,138528382.87730175,-33.65527503384939,33.65527503384939,True,success,,,frozen_step21_pattern,pricing_mc_v1,0.0038054999968153425
long_shock_break,40,ceded,long,shock,True,bornhuetter_ferguson_break_aware,frozen_break_aware,215827609.4594226,329379459.9084445,-113551850.44902194,113551850.44902194,-34.47447830553405,34.47447830553405,True,success,,,frozen_step21_pattern,pricing_mc_v1,0.0036384000050020404
long_shock_break,40,ceded,long,shock,True,bornhuetter_ferguson_break_aware_ceded_specific,ceded_specific_break_aware,392524502.86202323,329379459.9084445,63145042.95357871,63145042.95357871,19.17091095210695,19.17091095210695,True,success,,,step28_ceded_development_v1,pricing_mc_v1,0.03756409999914467
long_shock_break,40,ceded,long,shock,True,bornhuetter_ferguson_ceded_specific,ceded_specific_standard,444901934.8836843,329379459.9084445,115522474.97523975,115522474.97523975,35.072762280729584,35.072762280729584,True,success,,,step28_ceded_development_v1,pricing_mc_v1,0.03689710000617197
long_shock_break,40,ceded,long,shock,True,bornhuetter_ferguson_standard,frozen_standard,273081335.77148175,329379459.9084445,-56298124.13696277,56298124.13696277,-17.09217816818681,17.09217816818681,True,success,,,frozen_step21_pattern,pricing_mc_v1,0.003797000004851725
long_shock_break,41,ceded,long,shock,True,bornhuetter_ferguson_break_aware,frozen_break_aware,215827609.4594226,402235467.7553805,-186407858.29595792,186407858.29595792,-46.342969041537096,46.342969041537096,True,success,,,frozen_step21_pattern,pricing_mc_v1,0.0038681000005453825
long_shock_break,41,ceded,long,shock,True,bornhuetter_ferguson_break_aware_ceded_specific,ceded_specific_break_aware,392524502.86202323,402235467.7553805,-9710964.893357277,9710964.893357277,-2.414248785058159,2.414248785058159,True,success,,,step28_ceded_development_v1,pricing_mc_v1,0.03665940000064438
long_shock_break,41,ceded,long,shock,True,bornhuetter_ferguson_ceded_specific,ceded_specific_standard,444901934.8836843,402235467.7553805,42666467.128303766,42666467.128303766,10.607335888701733,10.607335888701733,True,success,,,step28_ceded_development_v1,pricing_mc_v1,0.03669819999777246
long_shock_break,41,ceded,long,shock,True,bornhuetter_ferguson_standard,frozen_standard,273081335.77148175,402235467.7553805,-129154131.98389876,129154131.98389876,-32.10908593034462,32.10908593034462,True,success,,,frozen_step21_pattern,pricing_mc_v1,0.003674199993838556
long_shock_break,42,ceded,long,shock,True,bornhuetter_ferguson_break_aware,frozen_break_aware,215827609.4594226,444967640.80671847,-229140031.34729588,229140031.34729588,-51.49588651702156,51.49588651702156,True,success,,,frozen_step21_pattern,pricing_mc_v1,0.003555800001777243
long_shock_break,42,ceded,long,shock,True,bornhuetter_ferguson_break_aware_ceded_specific,ceded_specific_break_aware,392524502.86202323,444967640.80671847,-52443137.944695234,52443137.944695234,-11.785831852765012,11.785831852765012,True,success,,,step28_ceded_development_v1,pricing_mc_v1,0.03692880000016885
long_shock_break,42,ceded,long,shock,True,bornhuetter_ferguson_ceded_specific,ceded_specific_standard,444901934.8836843,444967640.80671847,-65705.92303419113,65705.92303419113,-0.014766449738922015,0.014766449738922015,True,success,,,step28_ceded_development_v1,pricing_mc_v1,0.03687539999373257
long_shock_break,42,ceded,long,shock,True,bornhuetter_ferguson_standard,frozen_standard,273081335.77148175,444967640.80671847,-171886305.03523672,171886305.03523672,-38.62894495510053,38.62894495510053,True,success,,,frozen_step21_pattern,pricing_mc_v1,0.003585999998904299
long_shock_break,43,ceded,long,shock,True,bornhuetter_ferguson_break_aware,frozen_break_aware,215827609.4594226,441745711.4342898,-225918101.97486722,225918101.97486722,-51.14211550381351,51.14211550381351,True,success,,,frozen_step21_pattern,pricing_mc_v1,0.003542300000844989
long_shock_break,43,ceded,long,shock,True,bornhuetter_ferguson_break_aware_ceded_specific,ceded_specific_break_aware,392524502.86202323,441745711.4342898,-49221208.57226658,49221208.57226658,-11.142430429590778,11.142430429590778,True,success,,,step28_ceded_development_v1,pricing_mc_v1,0.036791400001675356
long_shock_break,43,ceded,long,shock,True,bornhuetter_ferguson_ceded_specific,ceded_specific_standard,444901934.8836843,441745711.4342898,3156223.4493944645,3156223.4493944645,0.7144887585091941,0.7144887585091941,True,success,,,step28_ceded_development_v1,pricing_mc_v1,0.03714939999917988
long_shock_break,43,ceded,long,shock,True,bornhuetter_ferguson_standard,frozen_standard,273081335.77148175,441745711.4342898,-168664375.66280806,168664375.66280806,-38.18132724258424,38.18132724258424,True,success,,,frozen_step21_pattern,pricing_mc_v1,0.003703899994434323
long_shock_break,44,ceded,long,shock,True,bornhuetter_ferguson_break_aware,frozen_break_aware,215827609.4594226,471451543.6070763,-255623934.1476537,255623934.1476537,-54.22061664956587,54.22061664956587,True,success,,,frozen_step21_pattern,pricing_mc_v1,0.0036824000053456984
long_shock_break,44,ceded,long,shock,True,bornhuetter_ferguson_break_aware_ceded_specific,ceded_specific_break_aware,392524502.86202323,471451543.6070763,-78927040.74505305,78927040.74505305,-16.741283768249474,16.741283768249474,True,success,,,step28_ceded_development_v1,pricing_mc_v1,0.03766989999712678
long_shock_break,44,ceded,long,shock,True,bornhuetter_ferguson_ceded_specific,ceded_specific_standard,444901934.8836843,471451543.6070763,-26549608.72339201,26549608.72339201,-5.631460769066726,5.631460769066726,True,success,,,step28_ceded_development_v1,pricing_mc_v1,0.03671490000124322
long_shock_break,44,ceded,long,shock,True,bornhuetter_ferguson_standard,frozen_standard,273081335.77148175,471451543.6070763,-198370207.83559453,198370207.83559453,-42.07647859584122,42.07647859584122,True,success,,,frozen_step21_pattern,pricing_mc_v1,0.0035898999994969927
long_shock_break,45,ceded,long,shock,True,bornhuetter_ferguson_break_aware,frozen_break_aware,215827609.4594226,398276787.67611235,-182449178.21668977,182449178.21668977,-45.809643911525555,45.809643911525555,True,success,,,frozen_step21_pattern,pricing_mc_v1,0.0038155000002007
long_shock_break,45,ceded,long,shock,True,bornhuetter_ferguson_break_aware_ceded_specific,ceded_specific_break_aware,392524502.86202323,398276787.67611235,-5752284.814089119,5752284.814089119,-1.4442932633992738,1.4442932633992738,True,success,,,step28_ceded_development_v1,pricing_mc_v1,0.03701829999772599
long_shock_break,45,ceded,long,shock,True,bornhuetter_ferguson_ceded_specific,ceded_specific_standard,444901934.8836843,398276787.67611235,46625147.207571924,46625147.207571924,11.7067197110891,11.7067197110891,True,success,,,step28_ceded_development_v1,pricing_mc_v1,0.03696009999839589
long_shock_break,45,ceded,long,shock,True,bornhuetter_ferguson_standard,frozen_standard,273081335.77148175,398276787.67611235,-125195451.9046306,125195451.9046306,-31.434282835092656,31.434282835092656,True,success,,,frozen_step21_pattern,pricing_mc_v1,0.003580199998395983
long_shock_break,46,ceded,long,shock,True,bornhuetter_ferguson_break_aware,frozen_break_aware,215827609.4594226,417206528.94205534,-201378919.48263276,201378919.48263276,-48.26840078300925,48.26840078300925,True,success,,,frozen_step21_pattern,pricing_mc_v1,0.003551499998138752
long_shock_break,46,ceded,long,shock,True,bornhuetter_ferguson_break_aware_ceded_specific,ceded_specific_break_aware,392524502.86202323,417206528.94205534,-24682026.08003211,24682026.08003211,-5.91602105140117,5.91602105140117,True,success,,,step28_ceded_development_v1,pricing_mc_v1,0.036689500004285946
long_shock_break,46,ceded,long,shock,True,bornhuetter_ferguson_ceded_specific,ceded_specific_standard,444901934.8836843,417206528.94205534,27695405.941628933,27695405.941628933,6.6382963880882775,6.6382963880882775,True,success,,,step28_ceded_development_v1,pricing_mc_v1,0.0369049000000814
long_shock_break,46,ceded,long,shock,True,bornhuetter_ferguson_standard,frozen_standard,273081335.77148175,417206528.94205534,-144125193.1705736,144125193.1705736,-34.54528708743931,34.54528708743931,True,success,,,frozen_step21_pattern,pricing_mc_v1,0.0036547999989124946
long_shock_break,47,ceded,long,shock,True,bornhuetter_ferguson_break_aware,frozen_break_aware,215827609.4594226,374346090.2077977,-158518480.74837512,158518480.74837512,-42.34543511871121,42.34543511871121,True,success,,,frozen_step21_pattern,pricing_mc_v1,0.003626900004746858
long_shock_break,47,ceded,long,shock,True,bornhuetter_ferguson_break_aware_ceded_specific,ceded_specific_break_aware,392524502.86202323,374346090.2077977,18178412.65422553,18178412.65422553,4.856044481227192,4.856044481227192,True,success,,,step28_ceded_development_v1,pricing_mc_v1,0.036944599996786565
long_shock_break,47,ceded,long,shock,True,bornhuetter_ferguson_ceded_specific,ceded_specific_standard,444901934.8836843,374346090.2077977,70555844.67588657,70555844.67588657,18.847757869388023,18.847757869388023,True,success,,,step28_ceded_development_v1,pricing_mc_v1,0.03698900000017602
long_shock_break,47,ceded,long,shock,True,bornhuetter_ferguson_standard,frozen_standard,273081335.77148175,374346090.2077977,-101264754.43631595,101264754.43631595,-27.05110513645391,27.05110513645391,True,success,,,frozen_step21_pattern,pricing_mc_v1,0.0038159000032464974
long_shock_break,48,ceded,long,shock,True,bornhuetter_ferguson_break_aware,frozen_break_aware,215827609.4594226,396701492.4502405,-180873882.9908179,180873882.9908179,-45.59445488184179,45.59445488184179,True,success,,,frozen_step21_pattern,pricing_mc_v1,0.0036656000011134893
long_shock_break,48,ceded,long,shock,True,bornhuetter_ferguson_break_aware_ceded_specific,ceded_specific_break_aware,392524502.86202323,396701492.4502405,-4176989.5882172585,4176989.5882172585,-1.0529301421121302,1.0529301421121302,True,success,,,step28_ceded_development_v1,pricing_mc_v1,0.03696540000237292
long_shock_break,48,ceded,long,shock,True,bornhuetter_ferguson_ceded_specific,ceded_specific_standard,444901934.8836843,396701492.4502405,48200442.433443785,48200442.433443785,12.15030529271067,12.15030529271067,True,success,,,step28_ceded_development_v1,pricing_mc_v1,0.03679839999676915
long_shock_break,48,ceded,long,shock,True,bornhuetter_ferguson_standard,frozen_standard,273081335.77148175,396701492.4502405,-123620156.67875874,123620156.67875874,-31.16200947851609,31.16200947851609,True,success,,,frozen_step21_pattern,pricing_mc_v1,0.0036628999951062724
long_shock_break,49,ceded,long,shock,True,bornhuetter_ferguson_break_aware,frozen_break_aware,215827609.4594226,354884987.05735826,-139057377.59793568,139057377.59793568,-39.18378704914348,39.18378704914348,True,success,,,frozen_step21_pattern,pricing_mc_v1,0.003753199998755008
long_shock_break,49,ceded,long,shock,True,bornhuetter_ferguson_break_aware_ceded_specific,ceded_specific_break_aware,392524502.86202323,354884987.05735826,37639515.80466497,37639515.80466497,10.606116679312073,10.606116679312073,True,success,,,step28_ceded_development_v1,pricing_mc_v1,0.03660669999953825
long_shock_break,49,ceded,long,shock,True,bornhuetter_ferguson_ceded_specific,ceded_specific_standard,444901934.8836843,354884987.05735826,90016947.82632601,90016947.82632601,25.365104501244236,25.365104501244236,True,success,,,step28_ceded_development_v1,pricing_mc_v1,0.0366885999974329
long_shock_break,49,ceded,long,shock,True,bornhuetter_ferguson_standard,frozen_standard,273081335.77148175,354884987.05735826,-81803651.28587651,81803651.28587651,-23.050750037125407,23.050750037125407,True,success,,,frozen_step21_pattern,pricing_mc_v1,0.0035820999983116053
long_shock_break,50,ceded,long,shock,True,bornhuetter_ferguson_break_aware,frozen_break_aware,215827609.4594226,404040428.71112746,-188212819.25170487,188212819.25170487,-46.58266992045724,46.58266992045724,True,success,,,frozen_step21_pattern,pricing_mc_v1,0.0034768999976222403
long_shock_break,50,ceded,long,shock,True,bornhuetter_ferguson_break_aware_ceded_specific,ceded_specific_break_aware,392524502.86202323,404040428.71112746,-11515925.849104226,11515925.849104226,-2.850191473620489,2.850191473620489,True,success,,,step28_ceded_development_v1,pricing_mc_v1,0.03743400000530528
long_shock_break,50,ceded,long,shock,True,bornhuetter_ferguson_ceded_specific,ceded_specific_standard,444901934.8836843,404040428.71112746,40861506.17255682,40861506.17255682,10.11322216019406,10.11322216019406,True,success,,,step28_ceded_development_v1,pricing_mc_v1,0.03701639999781037
long_shock_break,50,ceded,long,shock,True,bornhuetter_ferguson_standard,frozen_standard,273081335.77148175,404040428.71112746,-130959092.93964571,130959092.93964571,-32.412373523461476,32.412373523461476,True,success,,,frozen_step21_pattern,pricing_mc_v1,0.003679800000099931
long_shock_no_break,1,ceded,long,shock,False,bornhuetter_ferguson_break_aware,frozen_break_aware,318098900.65821815,499766947.86483264,-181668047.2066145,181668047.2066145,-36.35055258911371,36.35055258911371,True,success,,,frozen_step21_pattern,pricing_mc_v1,0.0035817000025417656
long_shock_no_break,1,ceded,long,shock,False,bornhuetter_ferguson_break_aware_ceded_specific,ceded_specific_break_aware,519612266.71745926,499766947.86483264,19845318.85262662,19845318.85262662,3.9709146307918712,3.9709146307918712,True,success,,,step28_ceded_development_v1,pricing_mc_v1,0.037866200000280514
long_shock_no_break,1,ceded,long,shock,False,bornhuetter_ferguson_ceded_specific,ceded_specific_standard,519612266.71745926,499766947.86483264,19845318.85262662,19845318.85262662,3.9709146307918712,3.9709146307918712,True,success,,,step28_ceded_development_v1,pricing_mc_v1,0.03717739999410696
long_shock_no_break,1,ceded,long,shock,False,bornhuetter_ferguson_standard,frozen_standard,318098900.65821815,499766947.86483264,-181668047.2066145,181668047.2066145,-36.35055258911371,36.35055258911371,True,success,,,frozen_step21_pattern,pricing_mc_v1,0.0038331000032485463
long_shock_no_break,2,ceded,long,shock,False,bornhuetter_ferguson_break_aware,frozen_break_aware,318098900.65821815,534015095.1365743,-215916194.47835618,215916194.47835618,-40.43260133370118,40.43260133370118,True,success,,,frozen_step21_pattern,pricing_mc_v1,0.0037614000029861927
long_shock_no_break,2,ceded,long,shock,False,bornhuetter_ferguson_break_aware_ceded_specific,ceded_specific_break_aware,519612266.71745926,534015095.1365743,-14402828.419115067,14402828.419115067,-2.697082638727945,2.697082638727945,True,success,,,step28_ceded_development_v1,pricing_mc_v1,0.036930099995515775
long_shock_no_break,2,ceded,long,shock,False,bornhuetter_ferguson_ceded_specific,ceded_specific_standard,519612266.71745926,534015095.1365743,-14402828.419115067,14402828.419115067,-2.697082638727945,2.697082638727945,True,success,,,step28_ceded_development_v1,pricing_mc_v1,0.036997399998654146
long_shock_no_break,2,ceded,long,shock,False,bornhuetter_ferguson_standard,frozen_standard,318098900.65821815,534015095.1365743,-215916194.47835618,215916194.47835618,-40.43260133370118,40.43260133370118,True,success,,,frozen_step21_pattern,pricing_mc_v1,0.003601399999752175
long_shock_no_break,3,ceded,long,shock,False,bornhuetter_ferguson_break_aware,frozen_break_aware,318098900.65821815,524589288.66022575,-206490388.0020076,206490388.0020076,-39.36229588853663,39.36229588853663,True,success,,,frozen_step21_pattern,pricing_mc_v1,0.0038083999970695004
long_shock_no_break,3,ceded,long,shock,False,bornhuetter_ferguson_break_aware_ceded_specific,ceded_specific_break_aware,519612266.71745926,524589288.66022575,-4977021.942766488,4977021.942766488,-0.9487463908150979,0.9487463908150979,True,success,,,step28_ceded_development_v1,pricing_mc_v1,0.03676390000327956
long_shock_no_break,3,ceded,long,shock,False,bornhuetter_ferguson_ceded_specific,ceded_specific_standard,519612266.71745926,524589288.66022575,-4977021.942766488,4977021.942766488,-0.9487463908150979,0.9487463908150979,True,success,,,step28_ceded_development_v1,pricing_mc_v1,0.03674450000107754
long_shock_no_break,3,ceded,long,shock,False,bornhuetter_ferguson_standard,frozen_standard,318098900.65821815,524589288.66022575,-206490388.0020076,206490388.0020076,-39.36229588853663,39.36229588853663,True,success,,,frozen_step21_pattern,pricing_mc_v1,0.0036063999941688962
long_shock_no_break,4,ceded,long,shock,False,bornhuetter_ferguson_break_aware,frozen_break_aware,318098900.65821815,487715459.4872352,-169616558.82901704,169616558.82901704,-34.77776960511878,34.77776960511878,True,success,,,frozen_step21_pattern,pricing_mc_v1,0.0034653000038815662
long_shock_no_break,4,ceded,long,shock,False,bornhuetter_ferguson_break_aware_ceded_specific,ceded_specific_break_aware,519612266.71745926,487715459.4872352,31896807.230224073,31896807.230224073,6.540044324975698,6.540044324975698,True,success,,,step28_ceded_development_v1,pricing_mc_v1,0.036786999997275416
long_shock_no_break,4,ceded,long,shock,False,bornhuetter_ferguson_ceded_specific,ceded_specific_standard,519612266.71745926,487715459.4872352,31896807.230224073,31896807.230224073,6.540044324975698,6.540044324975698,True,success,,,step28_ceded_development_v1,pricing_mc_v1,0.037055699998745695
long_shock_no_break,4,ceded,long,shock,False,bornhuetter_ferguson_standard,frozen_standard,318098900.65821815,487715459.4872352,-169616558.82901704,169616558.82901704,-34.77776960511878,34.77776960511878,True,success,,,frozen_step21_pattern,pricing_mc_v1,0.003667099997983314
long_shock_no_break,5,ceded,long,shock,False,bornhuetter_ferguson_break_aware,frozen_break_aware,318098900.65821815,481486210.5349081,-163387309.87668997,163387309.87668997,-33.933954140695846,33.933954140695846,True,success,,,frozen_step21_pattern,pricing_mc_v1,0.0035171999988961034
long_shock_no_break,5,ceded,long,shock,False,bornhuetter_ferguson_break_aware_ceded_specific,ceded_specific_break_aware,519612266.71745926,481486210.5349081,38126056.182551146,38126056.182551146,7.918410818078242,7.918410818078242,True,success,,,step28_ceded_development_v1,pricing_mc_v1,0.037428399999043904
long_shock_no_break,5,ceded,long,shock,False,bornhuetter_ferguson_ceded_specific,ceded_specific_standard,519612266.71745926,481486210.5349081,38126056.182551146,38126056.182551146,7.918410818078242,7.918410818078242,True,success,,,step28_ceded_development_v1,pricing_mc_v1,0.03936789999715984
long_shock_no_break,5,ceded,long,shock,False,bornhuetter_ferguson_standard,frozen_standard,318098900.65821815,481486210.5349081,-163387309.87668997,163387309.87668997,-33.933954140695846,33.933954140695846,True,success,,,frozen_step21_pattern,pricing_mc_v1,0.0038579999963985756
long_shock_no_break,6,ceded,long,shock,False,bornhuetter_ferguson_break_aware,frozen_break_aware,318098900.65821815,479886567.1275214,-161787666.46930325,161787666.46930325,-33.7137310255886,33.7137310255886,True,success,,,frozen_step21_pattern,pricing_mc_v1,0.003678600005514454
long_shock_no_break,6,ceded,long,shock,False,bornhuetter_ferguson_break_aware_ceded_specific,ceded_specific_break_aware,519612266.71745926,479886567.1275214,39725699.589937866,39725699.589937866,8.278143692940974,8.278143692940974,True,success,,,step28_ceded_development_v1,pricing_mc_v1,0.04047980000177631
long_shock_no_break,6,ceded,long,shock,False,bornhuetter_ferguson_ceded_specific,ceded_specific_standard,519612266.71745926,479886567.1275214,39725699.589937866,39725699.589937866,8.278143692940974,8.278143692940974,True,success,,,step28_ceded_development_v1,pricing_mc_v1,0.03753529999812599
long_shock_no_break,6,ceded,long,shock,False,bornhuetter_ferguson_standard,frozen_standard,318098900.65821815,479886567.1275214,-161787666.46930325,161787666.46930325,-33.7137310255886,33.7137310255886,True,success,,,frozen_step21_pattern,pricing_mc_v1,0.0038039999999455176
long_shock_no_break,7,ceded,long,shock,False,bornhuetter_ferguson_break_aware,frozen_break_aware,318098900.65821815,482278592.35778266,-164179691.69956452,164179691.69956452,-34.04250039316826,34.04250039316826,True,success,,,frozen_step21_pattern,pricing_mc_v1,0.003700000001117587
long_shock_no_break,7,ceded,long,shock,False,bornhuetter_ferguson_break_aware_ceded_specific,ceded_specific_break_aware,519612266.71745926,482278592.35778266,37333674.3596766,37333674.3596766,7.7411012952406315,7.7411012952406315,True,success,,,step28_ceded_development_v1,pricing_mc_v1,0.03991680000035558
long_shock_no_break,7,ceded,long,shock,False,bornhuetter_ferguson_ceded_specific,ceded_specific_standard,519612266.71745926,482278592.35778266,37333674.3596766,37333674.3596766,7.7411012952406315,7.7411012952406315,True,success,,,step28_ceded_development_v1,pricing_mc_v1,0.04090589999395888
long_shock_no_break,7,ceded,long,shock,False,bornhuetter_ferguson_standard,frozen_standard,318098900.65821815,482278592.35778266,-164179691.69956452,164179691.69956452,-34.04250039316826,34.04250039316826,True,success,,,frozen_step21_pattern,pricing_mc_v1,0.004830299993045628
long_shock_no_break,8,ceded,long,shock,False,bornhuetter_ferguson_break_aware,frozen_break_aware,318098900.65821815,573114191.107759,-255015290.44954085,255015290.44954085,-44.49641876021736,44.49641876021736,True,success,,,frozen_step21_pattern,pricing_mc_v1,0.0036452999993343838
long_shock_no_break,8,ceded,long,shock,False,bornhuetter_ferguson_break_aware_ceded_specific,ceded_specific_break_aware,519612266.71745926,573114191.107759,-53501924.39029974,53501924.39029974,-9.335299181283075,9.335299181283075,True,success,,,step28_ceded_development_v1,pricing_mc_v1,0.036361699996632524
long_shock_no_break,8,ceded,long,shock,False,bornhuetter_ferguson_ceded_specific,ceded_specific_standard,519612266.71745926,573114191.107759,-53501924.39029974,53501924.39029974,-9.335299181283075,9.335299181283075,True,success,,,step28_ceded_development_v1,pricing_mc_v1,0.03906540000025416
long_shock_no_break,8,ceded,long,shock,False,bornhuetter_ferguson_standard,frozen_standard,318098900.65821815,573114191.107759,-255015290.44954085,255015290.44954085,-44.49641876021736,44.49641876021736,True,success,,,frozen_step21_pattern,pricing_mc_v1,0.0038676000040140934
long_shock_no_break,9,ceded,long,shock,False,bornhuetter_ferguson_break_aware,frozen_break_aware,318098900.65821815,530817477.7684608,-212718577.11024266,212718577.11024266,-40.073770367265325,40.073770367265325,True,success,,,frozen_step21_pattern,pricing_mc_v1,0.0034923999992315657
long_shock_no_break,9,ceded,long,shock,False,bornhuetter_ferguson_break_aware_ceded_specific,ceded_specific_break_aware,519612266.71745926,530817477.7684608,-11205211.051001549,11205211.051001549,-2.1109348354745,2.1109348354745,True,success,,,step28_ceded_development_v1,pricing_mc_v1,0.03707719999511028
long_shock_no_break,9,ceded,long,shock,False,bornhuetter_ferguson_ceded_specific,ceded_specific_standard,519612266.71745926,530817477.7684608,-11205211.051001549,11205211.051001549,-2.1109348354745,2.1109348354745,True,success,,,step28_ceded_development_v1,pricing_mc_v1,0.03678590000345139
long_shock_no_break,9,ceded,long,shock,False,bornhuetter_ferguson_standard,frozen_standard,318098900.65821815,530817477.7684608,-212718577.11024266,212718577.11024266,-40.073770367265325,40.073770367265325,True,success,,,frozen_step21_pattern,pricing_mc_v1,0.003808900000876747
long_shock_no_break,10,ceded,long,shock,False,bornhuetter_ferguson_break_aware,frozen_break_aware,318098900.65821815,546183119.412483,-228084218.75426483,228084218.75426483,-41.75966093562356,41.75966093562356,True,success,,,frozen_step21_pattern,pricing_mc_v1,0.0036250999983167276
long_shock_no_break,10,ceded,long,shock,False,bornhuetter_ferguson_break_aware_ceded_specific,ceded_specific_break_aware,519612266.71745926,546183119.412483,-26570852.695023715,26570852.695023715,-4.864824955338311,4.864824955338311,True,success,,,step28_ceded_development_v1,pricing_mc_v1,0.03702060000068741
long_shock_no_break,10,ceded,long,shock,False,bornhuetter_ferguson_ceded_specific,ceded_specific_standard,519612266.71745926,546183119.412483,-26570852.695023715,26570852.695023715,-4.864824955338311,4.864824955338311,True,success,,,step28_ceded_development_v1,pricing_mc_v1,0.03671290000056615
long_shock_no_break,10,ceded,long,shock,False,bornhuetter_ferguson_standard,frozen_standard,318098900.65821815,546183119.412483,-228084218.75426483,228084218.75426483,-41.75966093562356,41.75966093562356,True,success,,,frozen_step21_pattern,pricing_mc_v1,0.003508099995087832
long_shock_no_break,11,ceded,long,shock,False,bornhuetter_ferguson_break_aware,frozen_break_aware,318098900.65821815,545814304.4819006,-227715403.82368243,227715403.82368243,-41.72030706301022,41.72030706301022,True,success,,,frozen_step21_pattern,pricing_mc_v1,0.003723100002389401
long_shock_no_break,11,ceded,long,shock,False,bornhuetter_ferguson_break_aware_ceded_specific,ceded_specific_break_aware,519612266.71745926,545814304.4819006,-26202037.76444131,26202037.76444131,-4.800540687425348,4.800540687425348,True,success,,,step28_ceded_development_v1,pricing_mc_v1,0.03697159999865107
long_shock_no_break,11,ceded,long,shock,False,bornhuetter_ferguson_ceded_specific,ceded_specific_standard,519612266.71745926,545814304.4819006,-26202037.76444131,26202037.76444131,-4.800540687425348,4.800540687425348,True,success,,,step28_ceded_development_v1,pricing_mc_v1,0.037019399998825975
long_shock_no_break,11,ceded,long,shock,False,bornhuetter_ferguson_standard,frozen_standard,318098900.65821815,545814304.4819006,-227715403.82368243,227715403.82368243,-41.72030706301022,41.72030706301022,True,success,,,frozen_step21_pattern,pricing_mc_v1,0.003603999997721985
long_shock_no_break,12,ceded,long,shock,False,bornhuetter_ferguson_break_aware,frozen_break_aware,318098900.65821815,522943050.50506985,-204844149.8468517,204844149.8468517,-39.17140683847098,39.17140683847098,True,success,,,frozen_step21_pattern,pricing_mc_v1,0.0035876000038115308
long_shock_no_break,12,ceded,long,shock,False,bornhuetter_ferguson_break_aware_ceded_specific,ceded_specific_break_aware,519612266.71745926,522943050.50506985,-3330783.7876105905,3330783.7876105905,-0.6369305002511548,0.6369305002511548,True,success,,,step28_ceded_development_v1,pricing_mc_v1,0.03786829999444308
long_shock_no_break,12,ceded,long,shock,False,bornhuetter_ferguson_ceded_specific,ceded_specific_standard,519612266.71745926,522943050.50506985,-3330783.7876105905,3330783.7876105905,-0.6369305002511548,0.6369305002511548,True,success,,,step28_ceded_development_v1,pricing_mc_v1,0.03765389999898616
long_shock_no_break,12,ceded,long,shock,False,bornhuetter_ferguson_standard,frozen_standard,318098900.65821815,522943050.50506985,-204844149.8468517,204844149.8468517,-39.17140683847098,39.17140683847098,True,success,,,frozen_step21_pattern,pricing_mc_v1,0.003733799996552989
long_shock_no_break,13,ceded,long,shock,False,bornhuetter_ferguson_break_aware,frozen_break_aware,318098900.65821815,555662962.8926797,-237564062.23446155,237564062.23446155,-42.75326557626705,42.75326557626705,True,success,,,frozen_step21_pattern,pricing_mc_v1,0.003614700006437488
long_shock_no_break,13,ceded,long,shock,False,bornhuetter_ferguson_break_aware_ceded_specific,ceded_specific_break_aware,519612266.71745926,555662962.8926797,-36050696.17522043,36050696.17522043,-6.487870990635601,6.487870990635601,True,success,,,step28_ceded_development_v1,pricing_mc_v1,0.036830500001087785
long_shock_no_break,13,ceded,long,shock,False,bornhuetter_ferguson_ceded_specific,ceded_specific_standard,519612266.71745926,555662962.8926797,-36050696.17522043,36050696.17522043,-6.487870990635601,6.487870990635601,True,success,,,step28_ceded_development_v1,pricing_mc_v1,0.03804629999649478
long_shock_no_break,13,ceded,long,shock,False,bornhuetter_ferguson_standard,frozen_standard,318098900.65821815,555662962.8926797,-237564062.23446155,237564062.23446155,-42.75326557626705,42.75326557626705,True,success,,,frozen_step21_pattern,pricing_mc_v1,0.004003199996077456
long_shock_no_break,14,ceded,long,shock,False,bornhuetter_ferguson_break_aware,frozen_break_aware,318098900.65821815,504572074.8683126,-186473174.21009445,186473174.21009445,-36.95669726842528,36.95669726842528,True,success,,,frozen_step21_pattern,pricing_mc_v1,0.0035491000016918406
long_shock_no_break,14,ceded,long,shock,False,bornhuetter_ferguson_break_aware_ceded_specific,ceded_specific_break_aware,519612266.71745926,504572074.8683126,15040191.849146664,15040191.849146664,2.980781656034369,2.980781656034369,True,success,,,step28_ceded_development_v1,pricing_mc_v1,0.036862199995084666
long_shock_no_break,14,ceded,long,shock,False,bornhuetter_ferguson_ceded_specific,ceded_specific_standard,519612266.71745926,504572074.8683126,15040191.849146664,15040191.849146664,2.980781656034369,2.980781656034369,True,success,,,step28_ceded_development_v1,pricing_mc_v1,0.03714669999317266
long_shock_no_break,14,ceded,long,shock,False,bornhuetter_ferguson_standard,frozen_standard,318098900.65821815,504572074.8683126,-186473174.21009445,186473174.21009445,-36.95669726842528,36.95669726842528,True,success,,,frozen_step21_pattern,pricing_mc_v1,0.003714600003149826
long_shock_no_break,15,ceded,long,shock,False,bornhuetter_ferguson_break_aware,frozen_break_aware,318098900.65821815,541572070.8683143,-223473170.21009612,223473170.21009612,-41.263791511958274,41.263791511958274,True,success,,,frozen_step21_pattern,pricing_mc_v1,0.0039217999947140925
long_shock_no_break,15,ceded,long,shock,False,bornhuetter_ferguson_break_aware_ceded_specific,ceded_specific_break_aware,519612266.71745926,541572070.8683143,-21959804.150855005,21959804.150855005,-4.05482581766936,4.05482581766936,True,success,,,step28_ceded_development_v1,pricing_mc_v1,0.03751899999770103
long_shock_no_break,15,ceded,long,shock,False,bornhuetter_ferguson_ceded_specific,ceded_specific_standard,519612266.71745926,541572070.8683143,-21959804.150855005,21959804.150855005,-4.05482581766936,4.05482581766936,True,success,,,step28_ceded_development_v1,pricing_mc_v1,0.037798100005602464
long_shock_no_break,15,ceded,long,shock,False,bornhuetter_ferguson_standard,frozen_standard,318098900.65821815,541572070.8683143,-223473170.21009612,223473170.21009612,-41.263791511958274,41.263791511958274,True,success,,,frozen_step21_pattern,pricing_mc_v1,0.003605400001106318
long_shock_no_break,16,ceded,long,shock,False,bornhuetter_ferguson_break_aware,frozen_break_aware,318098900.65821815,500742547.03959185,-182643646.3813737,182643646.3813737,-36.47456112151236,36.47456112151236,True,success,,,frozen_step21_pattern,pricing_mc_v1,0.0035843000005115755
long_shock_no_break,16,ceded,long,shock,False,bornhuetter_ferguson_break_aware_ceded_specific,ceded_specific_break_aware,519612266.71745926,500742547.03959185,18869719.677867413,18869719.677867413,3.768347584886861,3.768347584886861,True,success,,,step28_ceded_development_v1,pricing_mc_v1,0.03729949999978999
long_shock_no_break,16,ceded,long,shock,False,bornhuetter_ferguson_ceded_specific,ceded_specific_standard,519612266.71745926,500742547.03959185,18869719.677867413,18869719.677867413,3.768347584886861,3.768347584886861,True,success,,,step28_ceded_development_v1,pricing_mc_v1,0.03763259999686852
long_shock_no_break,16,ceded,long,shock,False,bornhuetter_ferguson_standard,frozen_standard,318098900.65821815,500742547.03959185,-182643646.3813737,182643646.3813737,-36.47456112151236,36.47456112151236,True,success,,,frozen_step21_pattern,pricing_mc_v1,0.003656399996543769
long_shock_no_break,17,ceded,long,shock,False,bornhuetter_ferguson_break_aware,frozen_break_aware,318098900.65821815,503727820.5297222,-185628919.87150407,185628919.87150407,-36.851035878124804,36.851035878124804,True,success,,,frozen_step21_pattern,pricing_mc_v1,0.0034997999973711558
long_shock_no_break,17,ceded,long,shock,False,bornhuetter_ferguson_break_aware_ceded_specific,ceded_specific_break_aware,519612266.71745926,503727820.5297222,15884446.187737048,15884446.187737048,3.1533787772596917,3.1533787772596917,True,success,,,step28_ceded_development_v1,pricing_mc_v1,0.03744330000336049
long_shock_no_break,17,ceded,long,shock,False,bornhuetter_ferguson_ceded_specific,ceded_specific_standard,519612266.71745926,503727820.5297222,15884446.187737048,15884446.187737048,3.1533787772596917,3.1533787772596917,True,success,,,step28_ceded_development_v1,pricing_mc_v1,0.037597999995341524
long_shock_no_break,17,ceded,long,shock,False,bornhuetter_ferguson_standard,frozen_standard,318098900.65821815,503727820.5297222,-185628919.87150407,185628919.87150407,-36.851035878124804,36.851035878124804,True,success,,,frozen_step21_pattern,pricing_mc_v1,0.003715400001965463
long_shock_no_break,18,ceded,long,shock,False,bornhuetter_ferguson_break_aware,frozen_break_aware,318098900.65821815,501714174.7515366,-183615274.09331846,183615274.09331846,-36.597585504585375,36.597585504585375,True,success,,,frozen_step21_pattern,pricing_mc_v1,0.0036554999969666824
long_shock_no_break,18,ceded,long,shock,False,bornhuetter_ferguson_break_aware_ceded_specific,ceded_specific_break_aware,519612266.71745926,501714174.7515366,17898091.965922654,17898091.965922654,3.567388139828082,3.567388139828082,True,success,,,step28_ceded_development_v1,pricing_mc_v1,0.037330900006054435
long_shock_no_break,18,ceded,long,shock,False,bornhuetter_ferguson_ceded_specific,ceded_specific_standard,519612266.71745926,501714174.7515366,17898091.965922654,17898091.965922654,3.567388139828082,3.567388139828082,True,success,,,step28_ceded_development_v1,pricing_mc_v1,0.037488800000573974
long_shock_no_break,18,ceded,long,shock,False,bornhuetter_ferguson_standard,frozen_standard,318098900.65821815,501714174.7515366,-183615274.09331846,183615274.09331846,-36.597585504585375,36.597585504585375,True,success,,,frozen_step21_pattern,pricing_mc_v1,0.0038073999967309646
long_shock_no_break,19,ceded,long,shock,False,bornhuetter_ferguson_break_aware,frozen_break_aware,318098900.65821815,588354389.333655,-270255488.67543685,270255488.67543685,-45.934133164454956,45.934133164454956,True,success,,,frozen_step21_pattern,pricing_mc_v1,0.0043594000017037615
long_shock_no_break,19,ceded,long,shock,False,bornhuetter_ferguson_break_aware_ceded_specific,ceded_specific_break_aware,519612266.71745926,588354389.333655,-68742122.61619574,68742122.61619574,-11.683795321736296,11.683795321736296,True,success,,,step28_ceded_development_v1,pricing_mc_v1,0.03727929999877233
long_shock_no_break,19,ceded,long,shock,False,bornhuetter_ferguson_ceded_specific,ceded_specific_standard,519612266.71745926,588354389.333655,-68742122.61619574,68742122.61619574,-11.683795321736296,11.683795321736296,True,success,,,step28_ceded_development_v1,pricing_mc_v1,0.03738500000326894
long_shock_no_break,19,ceded,long,shock,False,bornhuetter_ferguson_standard,frozen_standard,318098900.65821815,588354389.333655,-270255488.67543685,270255488.67543685,-45.934133164454956,45.934133164454956,True,success,,,frozen_step21_pattern,pricing_mc_v1,0.003733700003067497
long_shock_no_break,20,ceded,long,shock,False,bornhuetter_ferguson_break_aware,frozen_break_aware,318098900.65821815,556051434.6074005,-237952533.9491824,237952533.9491824,-42.79325960505587,42.79325960505587,True,success,,,frozen_step21_pattern,pricing_mc_v1,0.003734099998837337
long_shock_no_break,20,ceded,long,shock,False,bornhuetter_ferguson_break_aware_ceded_specific,ceded_specific_break_aware,519612266.71745926,556051434.6074005,-36439167.889941275,36439167.889941275,-6.553200949057726,6.553200949057726,True,success,,,step28_ceded_development_v1,pricing_mc_v1,0.037604999997711275
long_shock_no_break,20,ceded,long,shock,False,bornhuetter_ferguson_ceded_specific,ceded_specific_standard,519612266.71745926,556051434.6074005,-36439167.889941275,36439167.889941275,-6.553200949057726,6.553200949057726,True,success,,,step28_ceded_development_v1,pricing_mc_v1,0.03721110000333283
long_shock_no_break,20,ceded,long,shock,False,bornhuetter_ferguson_standard,frozen_standard,318098900.65821815,556051434.6074005,-237952533.9491824,237952533.9491824,-42.79325960505587,42.79325960505587,True,success,,,frozen_step21_pattern,pricing_mc_v1,0.003635799999756273
long_shock_no_break,21,ceded,long,shock,False,bornhuetter_ferguson_break_aware,frozen_break_aware,318098900.65821815,506133519.18876314,-188034618.530545,188034618.530545,-37.151188649178806,37.151188649178806,True,success,,,frozen_step21_pattern,pricing_mc_v1,0.0037104000002727844
long_shock_no_break,21,ceded,long,shock,False,bornhuetter_ferguson_break_aware_ceded_specific,ceded_specific_break_aware,519612266.71745926,506133519.18876314,13478747.52869612,13478747.52869612,2.663081384196806,2.663081384196806,True,success,,,step28_ceded_development_v1,pricing_mc_v1,0.0379633000047761
long_shock_no_break,21,ceded,long,shock,False,bornhuetter_ferguson_ceded_specific,ceded_specific_standard,519612266.71745926,506133519.18876314,13478747.52869612,13478747.52869612,2.663081384196806,2.663081384196806,True,success,,,step28_ceded_development_v1,pricing_mc_v1,0.03751940000074683
long_shock_no_break,21,ceded,long,shock,False,bornhuetter_ferguson_standard,frozen_standard,318098900.65821815,506133519.18876314,-188034618.530545,188034618.530545,-37.151188649178806,37.151188649178806,True,success,,,frozen_step21_pattern,pricing_mc_v1,0.0036443999997572973
long_shock_no_break,22,ceded,long,shock,False,bornhuetter_ferguson_break_aware,frozen_break_aware,318098900.65821815,515017898.02579206,-196918997.36757392,196918997.36757392,-38.23536970703729,38.23536970703729,True,success,,,frozen_step21_pattern,pricing_mc_v1,0.0036252999998396263
long_shock_no_break,22,ceded,long,shock,False,bornhuetter_ferguson_break_aware_ceded_specific,ceded_specific_break_aware,519612266.71745926,515017898.02579206,4594368.691667199,4594368.691667199,0.8920794227304919,0.8920794227304919,True,success,,,step28_ceded_development_v1,pricing_mc_v1,0.03760619999957271
long_shock_no_break,22,ceded,long,shock,False,bornhuetter_ferguson_ceded_specific,ceded_specific_standard,519612266.71745926,515017898.02579206,4594368.691667199,4594368.691667199,0.8920794227304919,0.8920794227304919,True,success,,,step28_ceded_development_v1,pricing_mc_v1,0.03732229999877745
long_shock_no_break,22,ceded,long,shock,False,bornhuetter_ferguson_standard,frozen_standard,318098900.65821815,515017898.02579206,-196918997.36757392,196918997.36757392,-38.23536970703729,38.23536970703729,True,success,,,frozen_step21_pattern,pricing_mc_v1,0.00368960000196239
long_shock_no_break,23,ceded,long,shock,False,bornhuetter_ferguson_break_aware,frozen_break_aware,318098900.65821815,578828338.7857237,-260729438.12750554,260729438.12750554,-45.04434573374005,45.04434573374005,True,success,,,frozen_step21_pattern,pricing_mc_v1,0.0037976000021444634
long_shock_no_break,23,ceded,long,shock,False,bornhuetter_ferguson_break_aware_ceded_specific,ceded_specific_break_aware,519612266.71745926,578828338.7857237,-59216072.068264425,59216072.068264425,-10.230333952288678,10.230333952288678,True,success,,,step28_ceded_development_v1,pricing_mc_v1,0.037476299999980256
long_shock_no_break,23,ceded,long,shock,False,bornhuetter_ferguson_ceded_specific,ceded_specific_standard,519612266.71745926,578828338.7857237,-59216072.068264425,59216072.068264425,-10.230333952288678,10.230333952288678,True,success,,,step28_ceded_development_v1,pricing_mc_v1,0.03877969999302877
long_shock_no_break,23,ceded,long,shock,False,bornhuetter_ferguson_standard,frozen_standard,318098900.65821815,578828338.7857237,-260729438.12750554,260729438.12750554,-45.04434573374005,45.04434573374005,True,success,,,frozen_step21_pattern,pricing_mc_v1,0.0038501999952131882
long_shock_no_break,24,ceded,long,shock,False,bornhuetter_ferguson_break_aware,frozen_break_aware,318098900.65821815,537303375.7724771,-219204475.114259,219204475.114259,-40.79715203707967,40.79715203707967,True,success,,,frozen_step21_pattern,pricing_mc_v1,0.003620699993916787
long_shock_no_break,24,ceded,long,shock,False,bornhuetter_ferguson_break_aware_ceded_specific,ceded_specific_break_aware,519612266.71745926,537303375.7724771,-17691109.05501789,17691109.05501789,-3.2925735911455067,3.2925735911455067,True,success,,,step28_ceded_development_v1,pricing_mc_v1,0.03736919999937527
long_shock_no_break,24,ceded,long,shock,False,bornhuetter_ferguson_ceded_specific,ceded_specific_standard,519612266.71745926,537303375.7724771,-17691109.05501789,17691109.05501789,-3.2925735911455067,3.2925735911455067,True,success,,,step28_ceded_development_v1,pricing_mc_v1,0.037554399998043664
long_shock_no_break,24,ceded,long,shock,False,bornhuetter_ferguson_standard,frozen_standard,318098900.65821815,537303375.7724771,-219204475.114259,219204475.114259,-40.79715203707967,40.79715203707967,True,success,,,frozen_step21_pattern,pricing_mc_v1,0.0037654999978258274
long_shock_no_break,25,ceded,long,shock,False,bornhuetter_ferguson_break_aware,frozen_break_aware,318098900.65821815,588661721.2584822,-270562820.6002641,270562820.6002641,-45.96236018571684,45.96236018571684,True,success,,,frozen_step21_pattern,pricing_mc_v1,0.004277100000763312
long_shock_no_break,25,ceded,long,shock,False,bornhuetter_ferguson_break_aware_ceded_specific,ceded_specific_break_aware,519612266.71745926,588661721.2584822,-69049454.54102296,69049454.54102296,-11.729903957981879,11.729903957981879,True,success,,,step28_ceded_development_v1,pricing_mc_v1,0.037461899999470916
long_shock_no_break,25,ceded,long,shock,False,bornhuetter_ferguson_ceded_specific,ceded_specific_standard,519612266.71745926,588661721.2584822,-69049454.54102296,69049454.54102296,-11.729903957981879,11.729903957981879,True,success,,,step28_ceded_development_v1,pricing_mc_v1,0.036830699995334726
long_shock_no_break,25,ceded,long,shock,False,bornhuetter_ferguson_standard,frozen_standard,318098900.65821815,588661721.2584822,-270562820.6002641,270562820.6002641,-45.96236018571684,45.96236018571684,True,success,,,frozen_step21_pattern,pricing_mc_v1,0.0037452999968081713
long_shock_no_break,26,ceded,long,shock,False,bornhuetter_ferguson_break_aware,frozen_break_aware,318098900.65821815,511129478.25110245,-193030577.5928843,193030577.5928843,-37.76549500791152,37.76549500791152,True,success,,,frozen_step21_pattern,pricing_mc_v1,0.0037534000002779067
long_shock_no_break,26,ceded,long,shock,False,bornhuetter_ferguson_break_aware_ceded_specific,ceded_specific_break_aware,519612266.71745926,511129478.25110245,8482788.466356814,8482788.466356814,1.659616364796999,1.659616364796999,True,success,,,step28_ceded_development_v1,pricing_mc_v1,0.03731710000283783
long_shock_no_break,26,ceded,long,shock,False,bornhuetter_ferguson_ceded_specific,ceded_specific_standard,519612266.71745926,511129478.25110245,8482788.466356814,8482788.466356814,1.659616364796999,1.659616364796999,True,success,,,step28_ceded_development_v1,pricing_mc_v1,0.03696969999873545
long_shock_no_break,26,ceded,long,shock,False,bornhuetter_ferguson_standard,frozen_standard,318098900.65821815,511129478.25110245,-193030577.5928843,193030577.5928843,-37.76549500791152,37.76549500791152,True,success,,,frozen_step21_pattern,pricing_mc_v1,0.0036082000005990267
long_shock_no_break,27,ceded,long,shock,False,bornhuetter_ferguson_break_aware,frozen_break_aware,318098900.65821815,561194884.76305,-243095984.1048318,243095984.1048318,-43.31756947632778,43.31756947632778,True,success,,,frozen_step21_pattern,pricing_mc_v1,0.003656799999589566
long_shock_no_break,27,ceded,long,shock,False,bornhuetter_ferguson_break_aware_ceded_specific,ceded_specific_break_aware,519612266.71745926,561194884.76305,-41582618.0455907,41582618.0455907,-7.409657353371616,7.409657353371616,True,success,,,step28_ceded_development_v1,pricing_mc_v1,0.03692800000135321
long_shock_no_break,27,ceded,long,shock,False,bornhuetter_ferguson_ceded_specific,ceded_specific_standard,519612266.71745926,561194884.76305,-41582618.0455907,41582618.0455907,-7.409657353371616,7.409657353371616,True,success,,,step28_ceded_development_v1,pricing_mc_v1,0.03727929999877233
long_shock_no_break,27,ceded,long,shock,False,bornhuetter_ferguson_standard,frozen_standard,318098900.65821815,561194884.76305,-243095984.1048318,243095984.1048318,-43.31756947632778,43.31756947632778,True,success,,,frozen_step21_pattern,pricing_mc_v1,0.0035920999944210052
long_shock_no_break,28,ceded,long,shock,False,bornhuetter_ferguson_break_aware,frozen_break_aware,318098900.65821815,484014588.919872,-165915688.26165384,165915688.26165384,-34.27906762726133,34.27906762726133,True,success,,,frozen_step21_pattern,pricing_mc_v1,0.0036309999995864928
long_shock_no_break,28,ceded,long,shock,False,bornhuetter_ferguson_break_aware_ceded_specific,ceded_specific_break_aware,519612266.71745926,484014588.919872,35597677.797587276,35597677.797587276,7.354670419548124,7.354670419548124,True,success,,,step28_ceded_development_v1,pricing_mc_v1,0.036697299998195376
long_shock_no_break,28,ceded,long,shock,False,bornhuetter_ferguson_ceded_specific,ceded_specific_standard,519612266.71745926,484014588.919872,35597677.797587276,35597677.797587276,7.354670419548124,7.354670419548124,True,success,,,step28_ceded_development_v1,pricing_mc_v1,0.03686780000134604
long_shock_no_break,28,ceded,long,shock,False,bornhuetter_ferguson_standard,frozen_standard,318098900.65821815,484014588.919872,-165915688.26165384,165915688.26165384,-34.27906762726133,34.27906762726133,True,success,,,frozen_step21_pattern,pricing_mc_v1,0.003667400000267662
long_shock_no_break,29,ceded,long,shock,False,bornhuetter_ferguson_break_aware,frozen_break_aware,318098900.65821815,461340465.36553705,-143241564.7073189,143241564.7073189,-31.048992113410932,31.048992113410932,True,success,,,frozen_step21_pattern,pricing_mc_v1,0.0036129000000073574
long_shock_no_break,29,ceded,long,shock,False,bornhuetter_ferguson_break_aware_ceded_specific,ceded_specific_break_aware,519612266.71745926,461340465.36553705,58271801.351922214,58271801.351922214,12.630975543355236,12.630975543355236,True,success,,,step28_ceded_development_v1,pricing_mc_v1,0.036803999995754566
long_shock_no_break,29,ceded,long,shock,False,bornhuetter_ferguson_ceded_specific,ceded_specific_standard,519612266.71745926,461340465.36553705,58271801.351922214,58271801.351922214,12.630975543355236,12.630975543355236,True,success,,,step28_ceded_development_v1,pricing_mc_v1,0.03674529999989318
long_shock_no_break,29,ceded,long,shock,False,bornhuetter_ferguson_standard,frozen_standard,318098900.65821815,461340465.36553705,-143241564.7073189,143241564.7073189,-31.048992113410932,31.048992113410932,True,success,,,frozen_step21_pattern,pricing_mc_v1,0.0037538999968091957
long_shock_no_break,30,ceded,long,shock,False,bornhuetter_ferguson_break_aware,frozen_break_aware,318098900.65821815,471111242.75754035,-153012342.0993222,153012342.0993222,-32.4790258036934,32.4790258036934,True,success,,,frozen_step21_pattern,pricing_mc_v1,0.0038328000009641983
long_shock_no_break,30,ceded,long,shock,False,bornhuetter_ferguson_break_aware_ceded_specific,ceded_specific_break_aware,519612266.71745926,471111242.75754035,48501023.959918916,48501023.959918916,10.295025793914284,10.295025793914284,True,success,,,step28_ceded_development_v1,pricing_mc_v1,0.0365555000025779
long_shock_no_break,30,ceded,long,shock,False,bornhuetter_ferguson_ceded_specific,ceded_specific_standard,519612266.71745926,471111242.75754035,48501023.959918916,48501023.959918916,10.295025793914284,10.295025793914284,True,success,,,step28_ceded_development_v1,pricing_mc_v1,0.03671570000005886
long_shock_no_break,30,ceded,long,shock,False,bornhuetter_ferguson_standard,frozen_standard,318098900.65821815,471111242.75754035,-153012342.0993222,153012342.0993222,-32.4790258036934,32.4790258036934,True,success,,,frozen_step21_pattern,pricing_mc_v1,0.0036048000038135797
long_shock_no_break,31,ceded,long,shock,False,bornhuetter_ferguson_break_aware,frozen_break_aware,318098900.65821815,545882603.4409287,-227783702.78271055,227783702.78271055,-41.727598818297864,41.727598818297864,True,success,,,frozen_step21_pattern,pricing_mc_v1,0.004074900003615767
long_shock_no_break,31,ceded,long,shock,False,bornhuetter_ferguson_break_aware_ceded_specific,ceded_specific_break_aware,519612266.71745926,545882603.4409287,-26270336.723469436,26270336.723469436,-4.812451717251366,4.812451717251366,True,success,,,step28_ceded_development_v1,pricing_mc_v1,0.03671529999701306
long_shock_no_break,31,ceded,long,shock,False,bornhuetter_ferguson_ceded_specific,ceded_specific_standard,519612266.71745926,545882603.4409287,-26270336.723469436,26270336.723469436,-4.812451717251366,4.812451717251366,True,success,,,step28_ceded_development_v1,pricing_mc_v1,0.0370487000036519
long_shock_no_break,31,ceded,long,shock,False,bornhuetter_ferguson_standard,frozen_standard,318098900.65821815,545882603.4409287,-227783702.78271055,227783702.78271055,-41.727598818297864,41.727598818297864,True,success,,,frozen_step21_pattern,pricing_mc_v1,0.0036221999980625696
long_shock_no_break,32,ceded,long,shock,False,bornhuetter_ferguson_break_aware,frozen_break_aware,318098900.65821815,478333467.9938602,-160234567.33564204,160234567.33564204,-33.498506388789586,33.498506388789586,True,success,,,frozen_step21_pattern,pricing_mc_v1,0.0035817000025417656
long_shock_no_break,32,ceded,long,shock,False,bornhuetter_ferguson_break_aware_ceded_specific,ceded_specific_break_aware,519612266.71745926,478333467.9938602,41278798.723599076,41278798.723599076,8.629711589432192,8.629711589432192,True,success,,,step28_ceded_development_v1,pricing_mc_v1,0.03671220000251196
long_shock_no_break,32,ceded,long,shock,False,bornhuetter_ferguson_ceded_specific,ceded_specific_standard,519612266.71745926,478333467.9938602,41278798.723599076,41278798.723599076,8.629711589432192,8.629711589432192,True,success,,,step28_ceded_development_v1,pricing_mc_v1,0.036968599997635465
long_shock_no_break,32,ceded,long,shock,False,bornhuetter_ferguson_standard,frozen_standard,318098900.65821815,478333467.9938602,-160234567.33564204,160234567.33564204,-33.498506388789586,33.498506388789586,True,success,,,frozen_step21_pattern,pricing_mc_v1,0.00388329999987036
long_shock_no_break,33,ceded,long,shock,False,bornhuetter_ferguson_break_aware,frozen_break_aware,318098900.65821815,542023894.6689991,-223924994.01078093,223924994.01078093,-41.312753222351304,41.312753222351304,True,success,,,frozen_step21_pattern,pricing_mc_v1,0.0036557999992510304
long_shock_no_break,33,ceded,long,shock,False,bornhuetter_ferguson_break_aware_ceded_specific,ceded_specific_break_aware,519612266.71745926,542023894.6689991,-22411627.951539814,22411627.951539814,-4.134804419503692,4.134804419503692,True,success,,,step28_ceded_development_v1,pricing_mc_v1,0.03762560000177473
long_shock_no_break,33,ceded,long,shock,False,bornhuetter_ferguson_ceded_specific,ceded_specific_standard,519612266.71745926,542023894.6689991,-22411627.951539814,22411627.951539814,-4.134804419503692,4.134804419503692,True,success,,,step28_ceded_development_v1,pricing_mc_v1,0.03678570000192849
long_shock_no_break,33,ceded,long,shock,False,bornhuetter_ferguson_standard,frozen_standard,318098900.65821815,542023894.6689991,-223924994.01078093,223924994.01078093,-41.312753222351304,41.312753222351304,True,success,,,frozen_step21_pattern,pricing_mc_v1,0.00360029999865219
long_shock_no_break,34,ceded,long,shock,False,bornhuetter_ferguson_break_aware,frozen_break_aware,318098900.65821815,559154037.5305896,-241055136.87237144,241055136.87237144,-43.110685194539805,43.110685194539805,True,success,,,frozen_step21_pattern,pricing_mc_v1,0.003879399999277666
long_shock_no_break,34,ceded,long,shock,False,bornhuetter_ferguson_break_aware_ceded_specific,ceded_specific_break_aware,519612266.71745926,559154037.5305896,-39541770.81313032,39541770.81313032,-7.071713366813901,7.071713366813901,True,success,,,step28_ceded_development_v1,pricing_mc_v1,0.03743969999777619
long_shock_no_break,34,ceded,long,shock,False,bornhuetter_ferguson_ceded_specific,ceded_specific_standard,519612266.71745926,559154037.5305896,-39541770.81313032,39541770.81313032,-7.071713366813901,7.071713366813901,True,success,,,step28_ceded_development_v1,pricing_mc_v1,0.03766150000592461
long_shock_no_break,34,ceded,long,shock,False,bornhuetter_ferguson_standard,frozen_standard,318098900.65821815,559154037.5305896,-241055136.87237144,241055136.87237144,-43.110685194539805,43.110685194539805,True,success,,,frozen_step21_pattern,pricing_mc_v1,0.003752399999939371
long_shock_no_break,35,ceded,long,shock,False,bornhuetter_ferguson_break_aware,frozen_break_aware,318098900.65821815,518507655.951628,-200408755.29340988,200408755.29340988,-38.651069659828934,38.651069659828934,True,success,,,frozen_step21_pattern,pricing_mc_v1,0.0035264999969513156
long_shock_no_break,35,ceded,long,shock,False,bornhuetter_ferguson_break_aware_ceded_specific,ceded_specific_break_aware,519612266.71745926,518507655.951628,1104610.765831232,1104610.765831232,0.21303653922021973,0.21303653922021973,True,success,,,step28_ceded_development_v1,pricing_mc_v1,0.03726779999851715
long_shock_no_break,35,ceded,long,shock,False,bornhuetter_ferguson_ceded_specific,ceded_specific_standard,519612266.71745926,518507655.951628,1104610.765831232,1104610.765831232,0.21303653922021973,0.21303653922021973,True,success,,,step28_ceded_development_v1,pricing_mc_v1,0.03746350000437815
long_shock_no_break,35,ceded,long,shock,False,bornhuetter_ferguson_standard,frozen_standard,318098900.65821815,518507655.951628,-200408755.29340988,200408755.29340988,-38.651069659828934,38.651069659828934,True,success,,,frozen_step21_pattern,pricing_mc_v1,0.003662100003566593
long_shock_no_break,36,ceded,long,shock,False,bornhuetter_ferguson_break_aware,frozen_break_aware,318098900.65821815,475657647.85271573,-157558747.1944976,157558747.1944976,-33.12440111197048,33.12440111197048,True,success,,,frozen_step21_pattern,pricing_mc_v1,0.0036136999988229945
long_shock_no_break,36,ceded,long,shock,False,bornhuetter_ferguson_break_aware_ceded_specific,ceded_specific_break_aware,519612266.71745926,475657647.85271573,43954618.86474353,43954618.86474353,9.240809868856305,9.240809868856305,True,success,,,step28_ceded_development_v1,pricing_mc_v1,0.03719899999850895
long_shock_no_break,36,ceded,long,shock,False,bornhuetter_ferguson_ceded_specific,ceded_specific_standard,519612266.71745926,475657647.85271573,43954618.86474353,43954618.86474353,9.240809868856305,9.240809868856305,True,success,,,step28_ceded_development_v1,pricing_mc_v1,0.037781400002131704
long_shock_no_break,36,ceded,long,shock,False,bornhuetter_ferguson_standard,frozen_standard,318098900.65821815,475657647.85271573,-157558747.1944976,157558747.1944976,-33.12440111197048,33.12440111197048,True,success,,,frozen_step21_pattern,pricing_mc_v1,0.003741400003491435
long_shock_no_break,37,ceded,long,shock,False,bornhuetter_ferguson_break_aware,frozen_break_aware,318098900.65821815,451023852.19317865,-132924951.53496051,132924951.53496051,-29.471823028558422,29.471823028558422,True,success,,,frozen_step21_pattern,pricing_mc_v1,0.004176700000243727
long_shock_no_break,37,ceded,long,shock,False,bornhuetter_ferguson_break_aware_ceded_specific,ceded_specific_break_aware,519612266.71745926,451023852.19317865,68588414.52428061,68588414.52428061,15.207269901748656,15.207269901748656,True,success,,,step28_ceded_development_v1,pricing_mc_v1,0.03729350000503473
long_shock_no_break,37,ceded,long,shock,False,bornhuetter_ferguson_ceded_specific,ceded_specific_standard,519612266.71745926,451023852.19317865,68588414.52428061,68588414.52428061,15.207269901748656,15.207269901748656,True,success,,,step28_ceded_development_v1,pricing_mc_v1,0.038200299997697584
long_shock_no_break,37,ceded,long,shock,False,bornhuetter_ferguson_standard,frozen_standard,318098900.65821815,451023852.19317865,-132924951.53496051,132924951.53496051,-29.471823028558422,29.471823028558422,True,success,,,frozen_step21_pattern,pricing_mc_v1,0.003884700003254693
long_shock_no_break,38,ceded,long,shock,False,bornhuetter_ferguson_break_aware,frozen_break_aware,318098900.65821815,498152941.3919744,-180054040.73375624,180054040.73375624,-36.144329536755606,36.144329536755606,True,success,,,frozen_step21_pattern,pricing_mc_v1,0.0037640000009560026
long_shock_no_break,38,ceded,long,shock,False,bornhuetter_ferguson_break_aware_ceded_specific,ceded_specific_break_aware,519612266.71745926,498152941.3919744,21459325.325484872,21459325.325484872,4.307778503830911,4.307778503830911,True,success,,,step28_ceded_development_v1,pricing_mc_v1,0.03707430000213208
long_shock_no_break,38,ceded,long,shock,False,bornhuetter_ferguson_ceded_specific,ceded_specific_standard,519612266.71745926,498152941.3919744,21459325.325484872,21459325.325484872,4.307778503830911,4.307778503830911,True,success,,,step28_ceded_development_v1,pricing_mc_v1,0.037023600001703016
long_shock_no_break,38,ceded,long,shock,False,bornhuetter_ferguson_standard,frozen_standard,318098900.65821815,498152941.3919744,-180054040.73375624,180054040.73375624,-36.144329536755606,36.144329536755606,True,success,,,frozen_step21_pattern,pricing_mc_v1,0.003711099998326972
long_shock_no_break,39,ceded,long,shock,False,bornhuetter_ferguson_break_aware,frozen_break_aware,318098900.65821815,549188294.1231586,-231089393.46494043,231089393.46494043,-42.078353806484685,42.078353806484685,True,success,,,frozen_step21_pattern,pricing_mc_v1,0.0037261999968905
long_shock_no_break,39,ceded,long,shock,False,bornhuetter_ferguson_break_aware_ceded_specific,ceded_specific_break_aware,519612266.71745926,549188294.1231586,-29576027.405699313,29576027.405699313,-5.385407468110877,5.385407468110877,True,success,,,step28_ceded_development_v1,pricing_mc_v1,0.036924500003806315
long_shock_no_break,39,ceded,long,shock,False,bornhuetter_ferguson_ceded_specific,ceded_specific_standard,519612266.71745926,549188294.1231586,-29576027.405699313,29576027.405699313,-5.385407468110877,5.385407468110877,True,success,,,step28_ceded_development_v1,pricing_mc_v1,0.03709060000255704
long_shock_no_break,39,ceded,long,shock,False,bornhuetter_ferguson_standard,frozen_standard,318098900.65821815,549188294.1231586,-231089393.46494043,231089393.46494043,-42.078353806484685,42.078353806484685,True,success,,,frozen_step21_pattern,pricing_mc_v1,0.003706900002725888
long_shock_no_break,40,ceded,long,shock,False,bornhuetter_ferguson_break_aware,frozen_break_aware,318098900.65821815,452780648.94832695,-134681748.2901088,134681748.2901088,-29.745473575987386,29.745473575987386,True,success,,,frozen_step21_pattern,pricing_mc_v1,0.003522999999404419
long_shock_no_break,40,ceded,long,shock,False,bornhuetter_ferguson_break_aware_ceded_specific,ceded_specific_break_aware,519612266.71745926,452780648.94832695,66831617.769132316,66831617.769132316,14.76026370039489,14.76026370039489,True,success,,,step28_ceded_development_v1,pricing_mc_v1,0.03673910000361502
long_shock_no_break,40,ceded,long,shock,False,bornhuetter_ferguson_ceded_specific,ceded_specific_standard,519612266.71745926,452780648.94832695,66831617.769132316,66831617.769132316,14.76026370039489,14.76026370039489,True,success,,,step28_ceded_development_v1,pricing_mc_v1,0.037089600002218504
long_shock_no_break,40,ceded,long,shock,False,bornhuetter_ferguson_standard,frozen_standard,318098900.65821815,452780648.94832695,-134681748.2901088,134681748.2901088,-29.745473575987386,29.745473575987386,True,success,,,frozen_step21_pattern,pricing_mc_v1,0.003746100002899766
long_shock_no_break,41,ceded,long,shock,False,bornhuetter_ferguson_break_aware,frozen_break_aware,318098900.65821815,527723637.3780478,-209624736.71982968,209624736.71982968,-39.72244596837337,39.72244596837337,True,success,,,frozen_step21_pattern,pricing_mc_v1,0.0034779999987222254
long_shock_no_break,41,ceded,long,shock,False,bornhuetter_ferguson_break_aware_ceded_specific,ceded_specific_break_aware,519612266.71745926,527723637.3780478,-8111370.6605885625,8111370.6605885625,-1.5370489563229062,1.5370489563229062,True,success,,,step28_ceded_development_v1,pricing_mc_v1,0.03683240000100341
long_shock_no_break,41,ceded,long,shock,False,bornhuetter_ferguson_ceded_specific,ceded_specific_standard,519612266.71745926,527723637.3780478,-8111370.6605885625,8111370.6605885625,-1.5370489563229062,1.5370489563229062,True,success,,,step28_ceded_development_v1,pricing_mc_v1,0.037510499998461455
long_shock_no_break,41,ceded,long,shock,False,bornhuetter_ferguson_standard,frozen_standard,318098900.65821815,527723637.3780478,-209624736.71982968,209624736.71982968,-39.72244596837337,39.72244596837337,True,success,,,frozen_step21_pattern,pricing_mc_v1,0.003912800006219186
long_shock_no_break,42,ceded,long,shock,False,bornhuetter_ferguson_break_aware,frozen_break_aware,318098900.65821815,573216126.4132847,-255117225.7550665,255117225.7550665,-44.506288989352136,44.506288989352136,True,success,,,frozen_step21_pattern,pricing_mc_v1,0.0036561000015353784
long_shock_no_break,42,ceded,long,shock,False,bornhuetter_ferguson_break_aware_ceded_specific,ceded_specific_break_aware,519612266.71745926,573216126.4132847,-53603859.6958254,53603859.6958254,-9.35142212959609,9.35142212959609,True,success,,,step28_ceded_development_v1,pricing_mc_v1,0.036958999997295905
long_shock_no_break,42,ceded,long,shock,False,bornhuetter_ferguson_ceded_specific,ceded_specific_standard,519612266.71745926,573216126.4132847,-53603859.6958254,53603859.6958254,-9.35142212959609,9.35142212959609,True,success,,,step28_ceded_development_v1,pricing_mc_v1,0.03759859999991022
long_shock_no_break,42,ceded,long,shock,False,bornhuetter_ferguson_standard,frozen_standard,318098900.65821815,573216126.4132847,-255117225.7550665,255117225.7550665,-44.506288989352136,44.506288989352136,True,success,,,frozen_step21_pattern,pricing_mc_v1,0.0037383999951998703
long_shock_no_break,43,ceded,long,shock,False,bornhuetter_ferguson_break_aware,frozen_break_aware,318098900.65821815,575741925.0419399,-257643024.3837217,257643024.3837217,-44.74974171195779,44.74974171195779,True,success,,,frozen_step21_pattern,pricing_mc_v1,0.003685200004838407
long_shock_no_break,43,ceded,long,shock,False,bornhuetter_ferguson_break_aware_ceded_specific,ceded_specific_break_aware,519612266.71745926,575741925.0419399,-56129658.32448059,56129658.32448059,-9.749100401259094,9.749100401259094,True,success,,,step28_ceded_development_v1,pricing_mc_v1,0.03667489999497775
long_shock_no_break,43,ceded,long,shock,False,bornhuetter_ferguson_ceded_specific,ceded_specific_standard,519612266.71745926,575741925.0419399,-56129658.32448059,56129658.32448059,-9.749100401259094,9.749100401259094,True,success,,,step28_ceded_development_v1,pricing_mc_v1,0.03658890000224346
long_shock_no_break,43,ceded,long,shock,False,bornhuetter_ferguson_standard,frozen_standard,318098900.65821815,575741925.0419399,-257643024.3837217,257643024.3837217,-44.74974171195779,44.74974171195779,True,success,,,frozen_step21_pattern,pricing_mc_v1,0.0036586999995051883
long_shock_no_break,44,ceded,long,shock,False,bornhuetter_ferguson_break_aware,frozen_break_aware,318098900.65821815,602022957.4882785,-283924056.83006036,283924056.83006036,-47.16166606247543,47.16166606247543,True,success,,,frozen_step21_pattern,pricing_mc_v1,0.0035828000036417507
long_shock_no_break,44,ceded,long,shock,False,bornhuetter_ferguson_break_aware_ceded_specific,ceded_specific_break_aware,519612266.71745926,602022957.4882785,-82410690.77081925,82410690.77081925,-13.688961483237755,13.688961483237755,True,success,,,step28_ceded_development_v1,pricing_mc_v1,0.03725290000147652
long_shock_no_break,44,ceded,long,shock,False,bornhuetter_ferguson_ceded_specific,ceded_specific_standard,519612266.71745926,602022957.4882785,-82410690.77081925,82410690.77081925,-13.688961483237755,13.688961483237755,True,success,,,step28_ceded_development_v1,pricing_mc_v1,0.0394153000015649
long_shock_no_break,44,ceded,long,shock,False,bornhuetter_ferguson_standard,frozen_standard,318098900.65821815,602022957.4882785,-283924056.83006036,283924056.83006036,-47.16166606247543,47.16166606247543,True,success,,,frozen_step21_pattern,pricing_mc_v1,0.003921499999705702
long_shock_no_break,45,ceded,long,shock,False,bornhuetter_ferguson_break_aware,frozen_break_aware,318098900.65821815,530862191.2236451,-212763290.56542695,212763290.56542695,-40.0788178331187,40.0788178331187,True,success,,,frozen_step21_pattern,pricing_mc_v1,0.0035127000010106713
long_shock_no_break,45,ceded,long,shock,False,bornhuetter_ferguson_break_aware_ceded_specific,ceded_specific_break_aware,519612266.71745926,530862191.2236451,-11249924.50618583,11249924.50618583,-2.119179834648723,2.119179834648723,True,success,,,step28_ceded_development_v1,pricing_mc_v1,0.03787190000002738
long_shock_no_break,45,ceded,long,shock,False,bornhuetter_ferguson_ceded_specific,ceded_specific_standard,519612266.71745926,530862191.2236451,-11249924.50618583,11249924.50618583,-2.119179834648723,2.119179834648723,True,success,,,step28_ceded_development_v1,pricing_mc_v1,0.037314300003345124
long_shock_no_break,45,ceded,long,shock,False,bornhuetter_ferguson_standard,frozen_standard,318098900.65821815,530862191.2236451,-212763290.56542695,212763290.56542695,-40.0788178331187,40.0788178331187,True,success,,,frozen_step21_pattern,pricing_mc_v1,0.003809099995123688
long_shock_no_break,46,ceded,long,shock,False,bornhuetter_ferguson_break_aware,frozen_break_aware,318098900.65821815,548516975.5585554,-230418074.90033722,230418074.90033722,-42.00746470347654,42.00746470347654,True,success,,,frozen_step21_pattern,pricing_mc_v1,0.003549699998984579
long_shock_no_break,46,ceded,long,shock,False,bornhuetter_ferguson_break_aware_ceded_specific,ceded_specific_break_aware,519612266.71745926,548516975.5585554,-28904708.841096103,28904708.841096103,-5.2696106281236625,5.2696106281236625,True,success,,,step28_ceded_development_v1,pricing_mc_v1,0.03749889999744482
long_shock_no_break,46,ceded,long,shock,False,bornhuetter_ferguson_ceded_specific,ceded_specific_standard,519612266.71745926,548516975.5585554,-28904708.841096103,28904708.841096103,-5.2696106281236625,5.2696106281236625,True,success,,,step28_ceded_development_v1,pricing_mc_v1,0.0383196000038879
long_shock_no_break,46,ceded,long,shock,False,bornhuetter_ferguson_standard,frozen_standard,318098900.65821815,548516975.5585554,-230418074.90033722,230418074.90033722,-42.00746470347654,42.00746470347654,True,success,,,frozen_step21_pattern,pricing_mc_v1,0.003895000001648441
long_shock_no_break,47,ceded,long,shock,False,bornhuetter_ferguson_break_aware,frozen_break_aware,318098900.65821815,496091452.87260747,-177992552.21438932,177992552.21438932,-35.878979809816734,35.878979809816734,True,success,,,frozen_step21_pattern,pricing_mc_v1,0.0036029000038979575
long_shock_no_break,47,ceded,long,shock,False,bornhuetter_ferguson_break_aware_ceded_specific,ceded_specific_break_aware,519612266.71745926,496091452.87260747,23520813.84485179,23520813.84485179,4.741225374606838,4.741225374606838,True,success,,,step28_ceded_development_v1,pricing_mc_v1,0.0377539999972214
long_shock_no_break,47,ceded,long,shock,False,bornhuetter_ferguson_ceded_specific,ceded_specific_standard,519612266.71745926,496091452.87260747,23520813.84485179,23520813.84485179,4.741225374606838,4.741225374606838,True,success,,,step28_ceded_development_v1,pricing_mc_v1,0.0378019999989192
long_shock_no_break,47,ceded,long,shock,False,bornhuetter_ferguson_standard,frozen_standard,318098900.65821815,496091452.87260747,-177992552.21438932,177992552.21438932,-35.878979809816734,35.878979809816734,True,success,,,frozen_step21_pattern,pricing_mc_v1,0.0039003999991109595
long_shock_no_break,48,ceded,long,shock,False,bornhuetter_ferguson_break_aware,frozen_break_aware,318098900.65821815,510679603.9629408,-192580703.30472267,192580703.30472267,-37.71067060643721,37.71067060643721,True,success,,,frozen_step21_pattern,pricing_mc_v1,0.003648900004918687
long_shock_no_break,48,ceded,long,shock,False,bornhuetter_ferguson_break_aware_ceded_specific,ceded_specific_break_aware,519612266.71745926,510679603.9629408,8932662.75451845,8932662.75451845,1.7491716303529283,1.7491716303529283,True,success,,,step28_ceded_development_v1,pricing_mc_v1,0.037555800001428
long_shock_no_break,48,ceded,long,shock,False,bornhuetter_ferguson_ceded_specific,ceded_specific_standard,519612266.71745926,510679603.9629408,8932662.75451845,8932662.75451845,1.7491716303529283,1.7491716303529283,True,success,,,step28_ceded_development_v1,pricing_mc_v1,0.037951399994199164
long_shock_no_break,48,ceded,long,shock,False,bornhuetter_ferguson_standard,frozen_standard,318098900.65821815,510679603.9629408,-192580703.30472267,192580703.30472267,-37.71067060643721,37.71067060643721,True,success,,,frozen_step21_pattern,pricing_mc_v1,0.003776300000026822
long_shock_no_break,49,ceded,long,shock,False,bornhuetter_ferguson_break_aware,frozen_break_aware,318098900.65821815,480424965.9308472,-162326065.27262908,162326065.27262908,-33.78801619064785,33.78801619064785,True,success,,,frozen_step21_pattern,pricing_mc_v1,0.0037687000003643334
long_shock_no_break,49,ceded,long,shock,False,bornhuetter_ferguson_break_aware_ceded_specific,ceded_specific_break_aware,519612266.71745926,480424965.9308472,39187300.786612034,39187300.786612034,8.156799410014983,8.156799410014983,True,success,,,step28_ceded_development_v1,pricing_mc_v1,0.037575900001684204
long_shock_no_break,49,ceded,long,shock,False,bornhuetter_ferguson_ceded_specific,ceded_specific_standard,519612266.71745926,480424965.9308472,39187300.786612034,39187300.786612034,8.156799410014983,8.156799410014983,True,success,,,step28_ceded_development_v1,pricing_mc_v1,0.03719170000113081
long_shock_no_break,49,ceded,long,shock,False,bornhuetter_ferguson_standard,frozen_standard,318098900.65821815,480424965.9308472,-162326065.27262908,162326065.27262908,-33.78801619064785,33.78801619064785,True,success,,,frozen_step21_pattern,pricing_mc_v1,0.003631600004155189
long_shock_no_break,50,ceded,long,shock,False,bornhuetter_ferguson_break_aware,frozen_break_aware,318098900.65821815,525605218.508712,-207506317.85049385,207506317.85049385,-39.479501067216745,39.479501067216745,True,success,,,frozen_step21_pattern,pricing_mc_v1,0.003766199995880015
long_shock_no_break,50,ceded,long,shock,False,bornhuetter_ferguson_break_aware_ceded_specific,ceded_specific_break_aware,519612266.71745926,525605218.508712,-5992951.791252732,5992951.791252732,-1.140200207345049,1.140200207345049,True,success,,,step28_ceded_development_v1,pricing_mc_v1,0.037171899995882995
long_shock_no_break,50,ceded,long,shock,False,bornhuetter_ferguson_ceded_specific,ceded_specific_standard,519612266.71745926,525605218.508712,-5992951.791252732,5992951.791252732,-1.140200207345049,1.140200207345049,True,success,,,step28_ceded_development_v1,pricing_mc_v1,0.03712200000154553
long_shock_no_break,50,ceded,long,shock,False,bornhuetter_ferguson_standard,frozen_standard,318098900.65821815,525605218.508712,-207506317.85049385,207506317.85049385,-39.479501067216745,39.479501067216745,True,success,,,frozen_step21_pattern,pricing_mc_v1,0.003674300001875963
long_stable_break,1,ceded,long,stable,True,bornhuetter_ferguson_break_aware,frozen_break_aware,133147496.62584512,231211775.9309288,-98064279.30508368,98064279.30508368,-42.413185448815106,42.413185448815106,True,success,,,frozen_step21_pattern,pricing_mc_v1,0.0035817999960272573
long_stable_break,1,ceded,long,stable,True,bornhuetter_ferguson_break_aware_ceded_specific,ceded_specific_break_aware,251374787.65089694,231211775.9309288,20163011.71996814,20163011.71996814,8.720581656702274,8.720581656702274,True,success,,,step28_ceded_development_v1,pricing_mc_v1,0.03778809999494115
long_stable_break,1,ceded,long,stable,True,bornhuetter_ferguson_ceded_specific,ceded_specific_standard,290704128.7672515,231211775.9309288,59492352.836322695,59492352.836322695,25.730675955750275,25.730675955750275,True,success,,,step28_ceded_development_v1,pricing_mc_v1,0.03761970000050496
long_stable_break,1,ceded,long,stable,True,bornhuetter_ferguson_standard,frozen_standard,171999678.57054573,231211775.9309288,-59212097.36038306,59212097.36038306,-25.60946436312648,25.60946436312648,True,success,,,frozen_step21_pattern,pricing_mc_v1,0.0036975999973947182
long_stable_break,2,ceded,long,stable,True,bornhuetter_ferguson_break_aware,frozen_break_aware,133147496.62584512,256776491.65195686,-123628995.02611174,123628995.02611174,-48.14653951798768,48.14653951798768,True,success,,,frozen_step21_pattern,pricing_mc_v1,0.0036355000047478825
long_stable_break,2,ceded,long,stable,True,bornhuetter_ferguson_break_aware_ceded_specific,ceded_specific_break_aware,251374787.65089694,256776491.65195686,-5401704.00105992,5401704.00105992,-2.103659866332921,2.103659866332921,True,success,,,step28_ceded_development_v1,pricing_mc_v1,0.03741209999861894
long_stable_break,2,ceded,long,stable,True,bornhuetter_ferguson_ceded_specific,ceded_specific_standard,290704128.7672515,256776491.65195686,33927637.115294635,33927637.115294635,13.212906250499463,13.212906250499463,True,success,,,step28_ceded_development_v1,pricing_mc_v1,0.0373981000011554
long_stable_break,2,ceded,long,stable,True,bornhuetter_ferguson_standard,frozen_standard,171999678.57054573,256776491.65195686,-84776813.08141112,84776813.08141112,-33.01580005864413,33.01580005864413,True,success,,,frozen_step21_pattern,pricing_mc_v1,0.0038878999985172413
long_stable_break,3,ceded,long,stable,True,bornhuetter_ferguson_break_aware,frozen_break_aware,133147496.62584512,243243518.2918455,-110096021.66600038,110096021.66600038,-45.26164661617265,45.26164661617265,True,success,,,frozen_step21_pattern,pricing_mc_v1,0.0037010999949416146
long_stable_break,3,ceded,long,stable,True,bornhuetter_ferguson_break_aware_ceded_specific,ceded_specific_break_aware,251374787.65089694,243243518.2918455,8131269.359051436,8131269.359051436,3.3428514009962127,3.3428514009962127,True,success,,,step28_ceded_development_v1,pricing_mc_v1,0.03819369999837363
long_stable_break,3,ceded,long,stable,True,bornhuetter_ferguson_ceded_specific,ceded_specific_standard,290704128.7672515,243243518.2918455,47460610.47540599,47460610.47540599,19.511562243752113,19.511562243752113,True,success,,,step28_ceded_development_v1,pricing_mc_v1,0.037575800000922754
long_stable_break,3,ceded,long,stable,True,bornhuetter_ferguson_standard,frozen_standard,171999678.57054573,243243518.2918455,-71243839.72129977,71243839.72129977,-29.289100988837383,29.289100988837383,True,success,,,frozen_step21_pattern,pricing_mc_v1,0.0036526999974739738
long_stable_break,4,ceded,long,stable,True,bornhuetter_ferguson_break_aware,frozen_break_aware,133147496.62584512,217461486.31199482,-84313989.6861497,84313989.6861497,-38.771918244494714,38.771918244494714,True,success,,,frozen_step21_pattern,pricing_mc_v1,0.0037635000044247136
long_stable_break,4,ceded,long,stable,True,bornhuetter_ferguson_break_aware_ceded_specific,ceded_specific_break_aware,251374787.65089694,217461486.31199482,33913301.338902116,33913301.338902116,15.59508394523077,15.59508394523077,True,success,,,step28_ceded_development_v1,pricing_mc_v1,0.03818180000234861
long_stable_break,4,ceded,long,stable,True,bornhuetter_ferguson_ceded_specific,ceded_specific_standard,290704128.7672515,217461486.31199482,73242642.45525667,73242642.45525667,33.680742138483545,33.680742138483545,True,success,,,step28_ceded_development_v1,pricing_mc_v1,0.037837000003491994
long_stable_break,4,ceded,long,stable,True,bornhuetter_ferguson_standard,frozen_standard,171999678.57054573,217461486.31199482,-45461807.74144909,45461807.74144909,-20.905682432531727,20.905682432531727,True,success,,,frozen_step21_pattern,pricing_mc_v1,0.0036432999986573122
long_stable_break,5,ceded,long,stable,True,bornhuetter_ferguson_break_aware,frozen_break_aware,133147496.62584512,220374345.07132867,-87226848.44548355,87226848.44548355,-39.58121732239331,39.58121732239331,True,success,,,frozen_step21_pattern,pricing_mc_v1,0.0037951000049361028
long_stable_break,5,ceded,long,stable,True,bornhuetter_ferguson_break_aware_ceded_specific,ceded_specific_break_aware,251374787.65089694,220374345.07132867,31000442.579568267,31000442.579568267,14.067174003187322,14.067174003187322,True,success,,,step28_ceded_development_v1,pricing_mc_v1,0.03722340000240365
long_stable_break,5,ceded,long,stable,True,bornhuetter_ferguson_ceded_specific,ceded_specific_standard,290704128.7672515,220374345.07132867,70329783.69592282,70329783.69592282,31.913780015164264,31.913780015164264,True,success,,,step28_ceded_development_v1,pricing_mc_v1,0.03734510000504088
long_stable_break,5,ceded,long,stable,True,bornhuetter_ferguson_standard,frozen_standard,171999678.57054573,220374345.07132867,-48374666.50078294,48374666.50078294,-21.951133415790974,21.951133415790974,True,success,,,frozen_step21_pattern,pricing_mc_v1,0.0036252999998396263
long_stable_break,6,ceded,long,stable,True,bornhuetter_ferguson_break_aware,frozen_break_aware,133147496.62584512,219523830.48473486,-86376333.85888974,86376333.85888974,-39.347133141837254,39.347133141837254,True,success,,,frozen_step21_pattern,pricing_mc_v1,0.003622299998824019
long_stable_break,6,ceded,long,stable,True,bornhuetter_ferguson_break_aware_ceded_specific,ceded_specific_break_aware,251374787.65089694,219523830.48473486,31850957.166162074,31850957.166162074,14.509111423498465,14.509111423498465,True,success,,,step28_ceded_development_v1,pricing_mc_v1,0.03734839999378892
long_stable_break,6,ceded,long,stable,True,bornhuetter_ferguson_ceded_specific,ceded_specific_standard,290704128.7672515,219523830.48473486,71180298.28251663,71180298.28251663,32.42486163135092,32.42486163135092,True,success,,,step28_ceded_development_v1,pricing_mc_v1,0.037338999994972255
long_stable_break,6,ceded,long,stable,True,bornhuetter_ferguson_standard,frozen_standard,171999678.57054573,219523830.48473486,-47524151.91418913,47524151.91418913,-21.648743924179037,21.648743924179037,True,success,,,frozen_step21_pattern,pricing_mc_v1,0.0036659000033978373
long_stable_break,7,ceded,long,stable,True,bornhuetter_ferguson_break_aware,frozen_break_aware,133147496.62584512,225591484.27532622,-92443987.6494811,92443987.6494811,-40.97849169548287,40.97849169548287,True,success,,,frozen_step21_pattern,pricing_mc_v1,0.0036220999973011203
long_stable_break,7,ceded,long,stable,True,bornhuetter_ferguson_break_aware_ceded_specific,ceded_specific_break_aware,251374787.65089694,225591484.27532622,25783303.375570714,25783303.375570714,11.429200644871475,11.429200644871475,True,success,,,step28_ceded_development_v1,pricing_mc_v1,0.038504600001033396
long_stable_break,7,ceded,long,stable,True,bornhuetter_ferguson_ceded_specific,ceded_specific_standard,290704128.7672515,225591484.27532622,65112644.49192527,65112644.49192527,28.863077301471915,28.863077301471915,True,success,,,step28_ceded_development_v1,pricing_mc_v1,0.038402999998652376
long_stable_break,7,ceded,long,stable,True,bornhuetter_ferguson_standard,frozen_standard,171999678.57054573,225591484.27532622,-53591805.70478049,53591805.70478049,-23.756129747953445,23.756129747953445,True,success,,,frozen_step21_pattern,pricing_mc_v1,0.0037324000004446134
long_stable_break,8,ceded,long,stable,True,bornhuetter_ferguson_break_aware,frozen_break_aware,133147496.62584512,263026821.6359476,-129879325.01010247,129879325.01010247,-49.3787379561872,49.3787379561872,True,success,,,frozen_step21_pattern,pricing_mc_v1,0.003632599997217767
long_stable_break,8,ceded,long,stable,True,bornhuetter_ferguson_break_aware_ceded_specific,ceded_specific_break_aware,251374787.65089694,263026821.6359476,-11652033.985050648,11652033.985050648,-4.429979388633641,4.429979388633641,True,success,,,step28_ceded_development_v1,pricing_mc_v1,0.03774600000178907
long_stable_break,8,ceded,long,stable,True,bornhuetter_ferguson_ceded_specific,ceded_specific_standard,290704128.7672515,263026821.6359476,27677307.131303906,27677307.131303906,10.5226177920409,10.5226177920409,True,success,,,step28_ceded_development_v1,pricing_mc_v1,0.03834429999551503
long_stable_break,8,ceded,long,stable,True,bornhuetter_ferguson_standard,frozen_standard,171999678.57054573,263026821.6359476,-91027143.06540185,91027143.06540185,-34.6075516174512,34.6075516174512,True,success,,,frozen_step21_pattern,pricing_mc_v1,0.0037921000039204955
long_stable_break,9,ceded,long,stable,True,bornhuetter_ferguson_break_aware,frozen_break_aware,133147496.62584512,254110422.9195186,-120962926.29367347,120962926.29367347,-47.6025048102748,47.6025048102748,True,success,,,frozen_step21_pattern,pricing_mc_v1,0.0035723999972105958
long_stable_break,9,ceded,long,stable,True,bornhuetter_ferguson_break_aware_ceded_specific,ceded_specific_break_aware,251374787.65089694,254110422.9195186,-2735635.2686216533,2735635.2686216533,-1.0765537427357237,1.0765537427357237,True,success,,,step28_ceded_development_v1,pricing_mc_v1,0.037147100003494415
long_stable_break,9,ceded,long,stable,True,bornhuetter_ferguson_ceded_specific,ceded_specific_standard,290704128.7672515,254110422.9195186,36593705.8477329,36593705.8477329,14.400710300388896,14.400710300388896,True,success,,,step28_ceded_development_v1,pricing_mc_v1,0.03791079999791691
long_stable_break,9,ceded,long,stable,True,bornhuetter_ferguson_standard,frozen_standard,171999678.57054573,254110422.9195186,-82110744.34897286,82110744.34897286,-32.31301707564307,32.31301707564307,True,success,,,frozen_step21_pattern,pricing_mc_v1,0.003957599998102523
long_stable_break,10,ceded,long,stable,True,bornhuetter_ferguson_break_aware,frozen_break_aware,133147496.62584512,263302626.44822067,-130155129.82237555,130155129.82237555,-49.431762826707306,49.431762826707306,True,success,,,frozen_step21_pattern,pricing_mc_v1,0.0036374000046635047
long_stable_break,10,ceded,long,stable,True,bornhuetter_ferguson_break_aware_ceded_specific,ceded_specific_break_aware,251374787.65089694,263302626.44822067,-11927838.797323734,11927838.797323734,-4.530087283299235,4.530087283299235,True,success,,,step28_ceded_development_v1,pricing_mc_v1,0.03807229999802075
long_stable_break,10,ceded,long,stable,True,bornhuetter_ferguson_ceded_specific,ceded_specific_standard,290704128.7672515,263302626.44822067,27401502.31903082,27401502.31903082,10.406847318106573,10.406847318106573,True,success,,,step28_ceded_development_v1,pricing_mc_v1,0.03733690000080969
long_stable_break,10,ceded,long,stable,True,bornhuetter_ferguson_standard,frozen_standard,171999678.57054573,263302626.44822067,-91302947.87767494,91302947.87767494,-34.6760490426137,34.6760490426137,True,success,,,frozen_step21_pattern,pricing_mc_v1,0.0037664000046788715
long_stable_break,11,ceded,long,stable,True,bornhuetter_ferguson_break_aware,frozen_break_aware,133147496.62584512,269271119.8716827,-136123623.24583757,136123623.24583757,-50.55262640520281,50.55262640520281,True,success,,,frozen_step21_pattern,pricing_mc_v1,0.0037831999943591654
long_stable_break,11,ceded,long,stable,True,bornhuetter_ferguson_break_aware_ceded_specific,ceded_specific_break_aware,251374787.65089694,269271119.8716827,-17896332.220785767,17896332.220785767,-6.646213017316527,6.646213017316527,True,success,,,step28_ceded_development_v1,pricing_mc_v1,0.037861400000110734
long_stable_break,11,ceded,long,stable,True,bornhuetter_ferguson_ceded_specific,ceded_specific_standard,290704128.7672515,269271119.8716827,21433008.895568788,21433008.895568788,7.959638934090808,7.959638934090808,True,success,,,step28_ceded_development_v1,pricing_mc_v1,0.03786529999342747
long_stable_break,11,ceded,long,stable,True,bornhuetter_ferguson_standard,frozen_standard,171999678.57054573,269271119.8716827,-97271441.30113697,97271441.30113697,-36.123978445029785,36.123978445029785,True,success,,,frozen_step21_pattern,pricing_mc_v1,0.0036726000034832396
long_stable_break,12,ceded,long,stable,True,bornhuetter_ferguson_break_aware,frozen_break_aware,133147496.62584512,256138382.5904678,-122990885.96462269,122990885.96462269,-48.01735871084547,48.01735871084547,True,success,,,frozen_step21_pattern,pricing_mc_v1,0.003860100005113054
long_stable_break,12,ceded,long,stable,True,bornhuetter_ferguson_break_aware_ceded_specific,ceded_specific_break_aware,251374787.65089694,256138382.5904678,-4763594.939570874,4763594.939570874,-1.8597739594488059,1.8597739594488059,True,success,,,step28_ceded_development_v1,pricing_mc_v1,0.03797409999970114
long_stable_break,12,ceded,long,stable,True,bornhuetter_ferguson_ceded_specific,ceded_specific_standard,290704128.7672515,256138382.5904678,34565746.17678368,34565746.17678368,13.494949810802016,13.494949810802016,True,success,,,step28_ceded_development_v1,pricing_mc_v1,0.03791020000062417
long_stable_break,12,ceded,long,stable,True,bornhuetter_ferguson_standard,frozen_standard,171999678.57054573,256138382.5904678,-84138704.01992208,84138704.01992208,-32.848924541875085,32.848924541875085,True,success,,,frozen_step21_pattern,pricing_mc_v1,0.0036790999947697856
long_stable_break,13,ceded,long,stable,True,bornhuetter_ferguson_break_aware,frozen_break_aware,133147496.62584512,259310089.688469,-126162593.06262387,126162593.06262387,-48.653175514378795,48.653175514378795,True,success,,,frozen_step21_pattern,pricing_mc_v1,0.003712400000949856
long_stable_break,13,ceded,long,stable,True,bornhuetter_ferguson_break_aware_ceded_specific,ceded_specific_break_aware,251374787.65089694,259310089.688469,-7935302.037572056,7935302.037572056,-3.060159381806316,3.060159381806316,True,success,,,step28_ceded_development_v1,pricing_mc_v1,0.0384122000032221
long_stable_break,13,ceded,long,stable,True,bornhuetter_ferguson_ceded_specific,ceded_specific_standard,290704128.7672515,259310089.688469,31394039.0787825,31394039.0787825,12.106755705687657,12.106755705687657,True,success,,,step28_ceded_development_v1,pricing_mc_v1,0.037657500004570466
long_stable_break,13,ceded,long,stable,True,bornhuetter_ferguson_standard,frozen_standard,171999678.57054573,259310089.688469,-87310411.11792326,87310411.11792326,-33.67027145870668,33.67027145870668,True,success,,,frozen_step21_pattern,pricing_mc_v1,0.00366030000441242
long_stable_break,14,ceded,long,stable,True,bornhuetter_ferguson_break_aware,frozen_break_aware,133147496.62584512,236606391.00806686,-103458894.38222174,103458894.38222174,-43.72616223147345,43.72616223147345,True,success,,,frozen_step21_pattern,pricing_mc_v1,0.003652300001704134
long_stable_break,14,ceded,long,stable,True,bornhuetter_ferguson_break_aware_ceded_specific,ceded_specific_break_aware,251374787.65089694,236606391.00806686,14768396.642830074,14768396.642830074,6.241757283017161,6.241757283017161,True,success,,,step28_ceded_development_v1,pricing_mc_v1,0.03784789999917848
long_stable_break,14,ceded,long,stable,True,bornhuetter_ferguson_ceded_specific,ceded_specific_standard,290704128.7672515,236606391.00806686,54097737.75918463,54097737.75918463,22.864022196822326,22.864022196822326,True,success,,,step28_ceded_development_v1,pricing_mc_v1,0.037955600004352164
long_stable_break,14,ceded,long,stable,True,bornhuetter_ferguson_standard,frozen_standard,171999678.57054573,236606391.00806686,-64606712.43752113,64606712.43752113,-27.305565231041637,27.305565231041637,True,success,,,frozen_step21_pattern,pricing_mc_v1,0.003750799995032139
long_stable_break,15,ceded,long,stable,True,bornhuetter_ferguson_break_aware,frozen_break_aware,133147496.62584512,248017242.12603492,-114869745.5001898,114869745.5001898,-46.31522571395115,46.31522571395115,True,success,,,frozen_step21_pattern,pricing_mc_v1,0.0037650000012945384
long_stable_break,15,ceded,long,stable,True,bornhuetter_ferguson_break_aware_ceded_specific,ceded_specific_break_aware,251374787.65089694,248017242.12603492,3357545.524862021,3357545.524862021,1.353754882556035,1.353754882556035,True,success,,,step28_ceded_development_v1,pricing_mc_v1,0.03767579999839654
long_stable_break,15,ceded,long,stable,True,bornhuetter_ferguson_ceded_specific,ceded_specific_standard,290704128.7672515,248017242.12603492,42686886.641216576,42686886.641216576,17.2112576832559,17.2112576832559,True,success,,,step28_ceded_development_v1,pricing_mc_v1,0.0386581999991904
long_stable_break,15,ceded,long,stable,True,bornhuetter_ferguson_standard,frozen_standard,171999678.57054573,248017242.12603492,-76017563.55548918,76017563.55548918,-30.650112429223505,30.650112429223505,True,success,,,frozen_step21_pattern,pricing_mc_v1,0.0039080999995348975
long_stable_break,16,ceded,long,stable,True,bornhuetter_ferguson_break_aware,frozen_break_aware,133147496.62584512,246078084.06827366,-112930587.44242854,112930587.44242854,-45.892176001783355,45.892176001783355,True,success,,,frozen_step21_pattern,pricing_mc_v1,0.0036342000021249987
long_stable_break,16,ceded,long,stable,True,bornhuetter_ferguson_break_aware_ceded_specific,ceded_specific_break_aware,251374787.65089694,246078084.06827366,5296703.582623273,5296703.582623273,2.152448318458834,2.152448318458834,True,success,,,step28_ceded_development_v1,pricing_mc_v1,0.037660399997548666
long_stable_break,16,ceded,long,stable,True,bornhuetter_ferguson_ceded_specific,ceded_specific_standard,290704128.7672515,246078084.06827366,44626044.69897783,44626044.69897783,18.134912285238887,18.134912285238887,True,success,,,step28_ceded_development_v1,pricing_mc_v1,0.038052799995057285
long_stable_break,16,ceded,long,stable,True,bornhuetter_ferguson_standard,frozen_standard,171999678.57054573,246078084.06827366,-74078405.49772793,74078405.49772793,-30.103617629424928,30.103617629424928,True,success,,,frozen_step21_pattern,pricing_mc_v1,0.00378179999825079
long_stable_break,17,ceded,long,stable,True,bornhuetter_ferguson_break_aware,frozen_break_aware,133147496.62584512,238325391.9078823,-105177895.28203718,105177895.28203718,-44.132055942528616,44.132055942528616,True,success,,,frozen_step21_pattern,pricing_mc_v1,0.0037092999991727993
long_stable_break,17,ceded,long,stable,True,bornhuetter_ferguson_break_aware_ceded_specific,ceded_specific_break_aware,251374787.65089694,238325391.9078823,13049395.743014634,13049395.743014634,5.475453386879773,5.475453386879773,True,success,,,step28_ceded_development_v1,pricing_mc_v1,0.03793189999851165
long_stable_break,17,ceded,long,stable,True,bornhuetter_ferguson_ceded_specific,ceded_specific_standard,290704128.7672515,238325391.9078823,52378736.85936919,52378736.85936919,21.977824704307906,21.977824704307906,True,success,,,step28_ceded_development_v1,pricing_mc_v1,0.03799979999894276
long_stable_break,17,ceded,long,stable,True,bornhuetter_ferguson_standard,frozen_standard,171999678.57054573,238325391.9078823,-66325713.33733657,66325713.33733657,-27.82989794179079,27.82989794179079,True,success,,,frozen_step21_pattern,pricing_mc_v1,0.003892100001394283
long_stable_break,18,ceded,long,stable,True,bornhuetter_ferguson_break_aware,frozen_break_aware,133147496.62584512,237985737.90646398,-104838241.28061886,104838241.28061886,-44.05232103523096,44.05232103523096,True,success,,,frozen_step21_pattern,pricing_mc_v1,0.003727999996044673
long_stable_break,18,ceded,long,stable,True,bornhuetter_ferguson_break_aware_ceded_specific,ceded_specific_break_aware,251374787.65089694,237985737.90646398,13389049.744432956,13389049.744432956,5.625988289136587,5.625988289136587,True,success,,,step28_ceded_development_v1,pricing_mc_v1,0.03787209999427432
long_stable_break,18,ceded,long,stable,True,bornhuetter_ferguson_ceded_specific,ceded_specific_standard,290704128.7672515,237985737.90646398,52718390.86078751,52718390.86078751,22.151911843350682,22.151911843350682,True,success,,,step28_ceded_development_v1,pricing_mc_v1,0.0378502000021399
long_stable_break,18,ceded,long,stable,True,bornhuetter_ferguson_standard,frozen_standard,171999678.57054573,237985737.90646398,-65986059.33591825,65986059.33591825,-27.726896542788996,27.726896542788996,True,success,,,frozen_step21_pattern,pricing_mc_v1,0.003942999996070284
long_stable_break,19,ceded,long,stable,True,bornhuetter_ferguson_break_aware,frozen_break_aware,133147496.62584512,267381657.62293702,-134234160.9970919,134234160.9970919,-50.20320473380772,50.20320473380772,True,success,,,frozen_step21_pattern,pricing_mc_v1,0.0037347999968915246
long_stable_break,19,ceded,long,stable,True,bornhuetter_ferguson_break_aware_ceded_specific,ceded_specific_break_aware,251374787.65089694,267381657.62293702,-16006869.972040087,16006869.972040087,-5.986525072192145,5.986525072192145,True,success,,,step28_ceded_development_v1,pricing_mc_v1,0.038345100001606625
long_stable_break,19,ceded,long,stable,True,bornhuetter_ferguson_ceded_specific,ceded_specific_standard,290704128.7672515,267381657.62293702,23322471.144314468,23322471.144314468,8.722539665456011,8.722539665456011,True,success,,,step28_ceded_development_v1,pricing_mc_v1,0.037725900001532864
long_stable_break,19,ceded,long,stable,True,bornhuetter_ferguson_standard,frozen_standard,171999678.57054573,267381657.62293702,-95381979.05239129,95381979.05239129,-35.672596205869674,35.672596205869674,True,success,,,frozen_step21_pattern,pricing_mc_v1,0.003661499998997897
long_stable_break,20,ceded,long,stable,True,bornhuetter_ferguson_break_aware,frozen_break_aware,133147496.62584512,262013043.9007062,-128865547.27486108,128865547.27486108,-49.18287477462253,49.18287477462253,True,success,,,frozen_step21_pattern,pricing_mc_v1,0.003777600002649706
long_stable_break,20,ceded,long,stable,True,bornhuetter_ferguson_break_aware_ceded_specific,ceded_specific_break_aware,251374787.65089694,262013043.9007062,-10638256.249809265,10638256.249809265,-4.060201008099732,4.060201008099732,True,success,,,step28_ceded_development_v1,pricing_mc_v1,0.037992099998518825
long_stable_break,20,ceded,long,stable,True,bornhuetter_ferguson_ceded_specific,ceded_specific_standard,290704128.7672515,262013043.9007062,28691084.86654529,28691084.86654529,10.950250582722214,10.950250582722214,True,success,,,step28_ceded_development_v1,pricing_mc_v1,0.037781699997140095
long_stable_break,20,ceded,long,stable,True,bornhuetter_ferguson_standard,frozen_standard,171999678.57054573,262013043.9007062,-90013365.33016047,90013365.33016047,-34.3545359383987,34.3545359383987,True,success,,,frozen_step21_pattern,pricing_mc_v1,0.003673999999591615
long_stable_break,21,ceded,long,stable,True,bornhuetter_ferguson_break_aware,frozen_break_aware,133147496.62584512,231881573.71837398,-98734077.09252886,98734077.09252886,-42.57952691508118,42.57952691508118,True,success,,,frozen_step21_pattern,pricing_mc_v1,0.0041086999990511686
long_stable_break,21,ceded,long,stable,True,bornhuetter_ferguson_break_aware_ceded_specific,ceded_specific_break_aware,251374787.65089694,231881573.71837398,19493213.932522953,19493213.932522953,8.406538570502352,8.406538570502352,True,success,,,step28_ceded_development_v1,pricing_mc_v1,0.0375385000006645
long_stable_break,21,ceded,long,stable,True,bornhuetter_ferguson_ceded_specific,ceded_specific_standard,290704128.7672515,231881573.71837398,58822555.04887751,58822555.04887751,25.36749863545388,25.36749863545388,True,success,,,step28_ceded_development_v1,pricing_mc_v1,0.0373808000003919
long_stable_break,21,ceded,long,stable,True,bornhuetter_ferguson_standard,frozen_standard,171999678.57054573,231881573.71837398,-59881895.14782825,59881895.14782825,-25.824343947465323,25.824343947465323,True,success,,,frozen_step21_pattern,pricing_mc_v1,0.003553700000338722
long_stable_break,22,ceded,long,stable,True,bornhuetter_ferguson_break_aware,frozen_break_aware,133147496.62584512,242912960.27025184,-109765463.64440672,109765463.64440672,-45.18715819949977,45.18715819949977,True,success,,,frozen_step21_pattern,pricing_mc_v1,0.0036513000013655983
long_stable_break,22,ceded,long,stable,True,bornhuetter_ferguson_break_aware_ceded_specific,ceded_specific_break_aware,251374787.65089694,242912960.27025184,8461827.380645096,8461827.380645096,3.483481231808679,3.483481231808679,True,success,,,step28_ceded_development_v1,pricing_mc_v1,0.0384602000049199
long_stable_break,22,ceded,long,stable,True,bornhuetter_ferguson_ceded_specific,ceded_specific_standard,290704128.7672515,242912960.27025184,47791168.49699965,47791168.49699965,19.674194593746577,19.674194593746577,True,success,,,step28_ceded_development_v1,pricing_mc_v1,0.03775750000204425
long_stable_break,22,ceded,long,stable,True,bornhuetter_ferguson_standard,frozen_standard,171999678.57054573,242912960.27025184,-70913281.6997061,70913281.6997061,-29.192876996275462,29.192876996275462,True,success,,,frozen_step21_pattern,pricing_mc_v1,0.0037050999962957576
long_stable_break,23,ceded,long,stable,True,bornhuetter_ferguson_break_aware,frozen_break_aware,133147496.62584512,284791008.68740845,-151643512.0615633,151643512.0615633,-53.2472962403142,53.2472962403142,True,success,,,frozen_step21_pattern,pricing_mc_v1,0.003598399998736568
long_stable_break,23,ceded,long,stable,True,bornhuetter_ferguson_break_aware_ceded_specific,ceded_specific_break_aware,251374787.65089694,284791008.68740845,-33416221.03651151,33416221.03651151,-11.733594115392082,11.733594115392082,True,success,,,step28_ceded_development_v1,pricing_mc_v1,0.03728699999919627
long_stable_break,23,ceded,long,stable,True,bornhuetter_ferguson_ceded_specific,ceded_specific_standard,290704128.7672515,284791008.68740845,5913120.079843044,5913120.079843044,2.0763015332177805,2.0763015332177805,True,success,,,step28_ceded_development_v1,pricing_mc_v1,0.037469000002602115
long_stable_break,23,ceded,long,stable,True,bornhuetter_ferguson_standard,frozen_standard,171999678.57054573,284791008.68740845,-112791330.11686271,112791330.11686271,-39.604947725250845,39.604947725250845,True,success,,,frozen_step21_pattern,pricing_mc_v1,0.0036944999956176616
long_stable_break,24,ceded,long,stable,True,bornhuetter_ferguson_break_aware,frozen_break_aware,133147496.62584512,240195288.976933,-107047792.35108788,107047792.35108788,-44.5669824778987,44.5669824778987,True,success,,,frozen_step21_pattern,pricing_mc_v1,0.003654400003142655
long_stable_break,24,ceded,long,stable,True,bornhuetter_ferguson_break_aware_ceded_specific,ceded_specific_break_aware,251374787.65089694,240195288.976933,11179498.673963934,11179498.673963934,4.654337194364186,4.654337194364186,True,success,,,step28_ceded_development_v1,pricing_mc_v1,0.039102599999750964
long_stable_break,24,ceded,long,stable,True,bornhuetter_ferguson_ceded_specific,ceded_specific_standard,290704128.7672515,240195288.976933,50508839.79031849,50508839.79031849,21.028239148840704,21.028239148840704,True,success,,,step28_ceded_development_v1,pricing_mc_v1,0.0375590000039665
long_stable_break,24,ceded,long,stable,True,bornhuetter_ferguson_standard,frozen_standard,171999678.57054573,240195288.976933,-68195610.40638727,68195610.40638727,-28.391735198826648,28.391735198826648,True,success,,,frozen_step21_pattern,pricing_mc_v1,0.00379139999859035
long_stable_break,25,ceded,long,stable,True,bornhuetter_ferguson_break_aware,frozen_break_aware,133147496.62584512,275809625.6100403,-142662128.98419517,142662128.98419517,-51.72485502224685,51.72485502224685,True,success,,,frozen_step21_pattern,pricing_mc_v1,0.0036402000041562133
long_stable_break,25,ceded,long,stable,True,bornhuetter_ferguson_break_aware_ceded_specific,ceded_specific_break_aware,251374787.65089694,275809625.6100403,-24434837.95914337,24434837.95914337,-8.8593129790514,8.8593129790514,True,success,,,step28_ceded_development_v1,pricing_mc_v1,0.0378502000021399
long_stable_break,25,ceded,long,stable,True,bornhuetter_ferguson_ceded_specific,ceded_specific_standard,290704128.7672515,275809625.6100403,14894503.157211185,14894503.157211185,5.400284027168115,5.400284027168115,True,success,,,step28_ceded_development_v1,pricing_mc_v1,0.03751689999626251
long_stable_break,25,ceded,long,stable,True,bornhuetter_ferguson_standard,frozen_standard,171999678.57054573,275809625.6100403,-103809947.03949457,103809947.03949457,-37.63826110487841,37.63826110487841,True,success,,,frozen_step21_pattern,pricing_mc_v1,0.003980800000135787
long_stable_break,26,ceded,long,stable,True,bornhuetter_ferguson_break_aware,frozen_break_aware,133147496.62584512,240337604.38350868,-107190107.75766356,107190107.75766356,-44.59980702254959,44.59980702254959,True,success,,,frozen_step21_pattern,pricing_mc_v1,0.0035661999936564825
long_stable_break,26,ceded,long,stable,True,bornhuetter_ferguson_break_aware_ceded_specific,ceded_specific_break_aware,251374787.65089694,240337604.38350868,11037183.267388254,11037183.267388254,4.592366348869871,4.592366348869871,True,success,,,step28_ceded_development_v1,pricing_mc_v1,0.03735369999776594
long_stable_break,26,ceded,long,stable,True,bornhuetter_ferguson_ceded_specific,ceded_specific_standard,290704128.7672515,240337604.38350868,50366524.38374281,50366524.38374281,20.95657253176766,20.95657253176766,True,success,,,step28_ceded_development_v1,pricing_mc_v1,0.03737949999776902
long_stable_break,26,ceded,long,stable,True,bornhuetter_ferguson_standard,frozen_standard,171999678.57054573,240337604.38350868,-68337925.81296295,68337925.81296295,-28.434137882108356,28.434137882108356,True,success,,,frozen_step21_pattern,pricing_mc_v1,0.003811199996562209
long_stable_break,27,ceded,long,stable,True,bornhuetter_ferguson_break_aware,frozen_break_aware,133147496.62584512,273521756.59783304,-140374259.9719879,140374259.9719879,-51.321058228791735,51.321058228791735,True,success,,,frozen_step21_pattern,pricing_mc_v1,0.0038682999947923236
long_stable_break,27,ceded,long,stable,True,bornhuetter_ferguson_break_aware_ceded_specific,ceded_specific_break_aware,251374787.65089694,273521756.59783304,-22146968.9469361,22146968.9469361,-8.096967942297706,8.096967942297706,True,success,,,step28_ceded_development_v1,pricing_mc_v1,0.03828619999694638
long_stable_break,27,ceded,long,stable,True,bornhuetter_ferguson_ceded_specific,ceded_specific_standard,290704128.7672515,273521756.59783304,17182372.169418454,17182372.169418454,6.281903269099794,6.281903269099794,True,success,,,step28_ceded_development_v1,pricing_mc_v1,0.03731800000241492
long_stable_break,27,ceded,long,stable,True,bornhuetter_ferguson_standard,frozen_standard,171999678.57054573,273521756.59783304,-101522078.0272873,101522078.0272873,-37.116637188228566,37.116637188228566,True,success,,,frozen_step21_pattern,pricing_mc_v1,0.0036356999989948235
long_stable_break,28,ceded,long,stable,True,bornhuetter_ferguson_break_aware,frozen_break_aware,133147496.62584512,215862813.93406266,-82715317.30821754,82715317.30821754,-38.31846523296213,38.31846523296213,True,success,,,frozen_step21_pattern,pricing_mc_v1,0.00394889999734005
long_stable_break,28,ceded,long,stable,True,bornhuetter_ferguson_break_aware_ceded_specific,ceded_specific_break_aware,251374787.65089694,215862813.93406266,35511973.71683428,35511973.71683428,16.451177055294824,16.451177055294824,True,success,,,step28_ceded_development_v1,pricing_mc_v1,0.03687990000616992
long_stable_break,28,ceded,long,stable,True,bornhuetter_ferguson_ceded_specific,ceded_specific_standard,290704128.7672515,215862813.93406266,74841314.83318883,74841314.83318883,34.67077699452663,34.67077699452663,True,success,,,step28_ceded_development_v1,pricing_mc_v1,0.037747100002889056
long_stable_break,28,ceded,long,stable,True,bornhuetter_ferguson_standard,frozen_standard,171999678.57054573,215862813.93406266,-43863135.36351693,43863135.36351693,-20.319912709428188,20.319912709428188,True,success,,,frozen_step21_pattern,pricing_mc_v1,0.0036385999992489815
long_stable_break,29,ceded,long,stable,True,bornhuetter_ferguson_break_aware,frozen_break_aware,133147496.62584512,225852297.40184218,-92704800.77599706,92704800.77599706,-41.04664944410741,41.04664944410741,True,success,,,frozen_step21_pattern,pricing_mc_v1,0.0035518000004231
long_stable_break,29,ceded,long,stable,True,bornhuetter_ferguson_break_aware_ceded_specific,ceded_specific_break_aware,251374787.65089694,225852297.40184218,25522490.24905476,25522490.24905476,11.300522749894588,11.300522749894588,True,success,,,step28_ceded_development_v1,pricing_mc_v1,0.03676899999845773
long_stable_break,29,ceded,long,stable,True,bornhuetter_ferguson_ceded_specific,ceded_specific_standard,290704128.7672515,225852297.40184218,64851831.365409315,64851831.365409315,28.71426685114621,28.71426685114621,True,success,,,step28_ceded_development_v1,pricing_mc_v1,0.03693590000330005
long_stable_break,29,ceded,long,stable,True,bornhuetter_ferguson_standard,frozen_standard,171999678.57054573,225852297.40184218,-53852618.831296444,53852618.831296444,-23.844175795777048,23.844175795777048,True,success,,,frozen_step21_pattern,pricing_mc_v1,0.003686500000185333
long_stable_break,30,ceded,long,stable,True,bornhuetter_ferguson_break_aware,frozen_break_aware,133147496.62584512,219982674.7681759,-86835178.14233078,86835178.14233078,-39.47364411031014,39.47364411031014,True,success,,,frozen_step21_pattern,pricing_mc_v1,0.0035934000043198466
long_stable_break,30,ceded,long,stable,True,bornhuetter_ferguson_break_aware_ceded_specific,ceded_specific_break_aware,251374787.65089694,219982674.7681759,31392112.882721037,31392112.882721037,14.270266017904799,14.270266017904799,True,success,,,step28_ceded_development_v1,pricing_mc_v1,0.037038799993752036
long_stable_break,30,ceded,long,stable,True,bornhuetter_ferguson_ceded_specific,ceded_specific_standard,290704128.7672515,219982674.7681759,70721453.99907559,70721453.99907559,32.1486471939683,32.1486471939683,True,success,,,step28_ceded_development_v1,pricing_mc_v1,0.03693529999873135
long_stable_break,30,ceded,long,stable,True,bornhuetter_ferguson_standard,frozen_standard,171999678.57054573,219982674.7681759,-47982996.19763017,47982996.19763017,-21.812170548519802,21.812170548519802,True,success,,,frozen_step21_pattern,pricing_mc_v1,0.003833300004771445
long_stable_break,31,ceded,long,stable,True,bornhuetter_ferguson_break_aware,frozen_break_aware,133147496.62584512,260791367.4203238,-127643870.79447867,127643870.79447867,-48.94482208406536,48.94482208406536,True,success,,,frozen_step21_pattern,pricing_mc_v1,0.0036656000011134893
long_stable_break,31,ceded,long,stable,True,bornhuetter_ferguson_break_aware_ceded_specific,ceded_specific_break_aware,251374787.65089694,260791367.4203238,-9416579.769426852,9416579.769426852,-3.6107712699899004,3.6107712699899004,True,success,,,step28_ceded_development_v1,pricing_mc_v1,0.0374117000028491
long_stable_break,31,ceded,long,stable,True,bornhuetter_ferguson_ceded_specific,ceded_specific_standard,290704128.7672515,260791367.4203238,29912761.346927702,29912761.346927702,11.469996742153116,11.469996742153116,True,success,,,step28_ceded_development_v1,pricing_mc_v1,0.03674600000522332
long_stable_break,31,ceded,long,stable,True,bornhuetter_ferguson_standard,frozen_standard,171999678.57054573,260791367.4203238,-88791688.84977806,88791688.84977806,-34.047019933244314,34.047019933244314,True,success,,,frozen_step21_pattern,pricing_mc_v1,0.0035841000062646344
long_stable_break,32,ceded,long,stable,True,bornhuetter_ferguson_break_aware,frozen_break_aware,133147496.62584512,226772033.53442088,-93624536.90857576,93624536.90857576,-41.28575091441549,41.28575091441549,True,success,,,frozen_step21_pattern,pricing_mc_v1,0.003751700001885183
long_stable_break,32,ceded,long,stable,True,bornhuetter_ferguson_break_aware_ceded_specific,ceded_specific_break_aware,251374787.65089694,226772033.53442088,24602754.11647606,24602754.11647606,10.849112976156162,10.849112976156162,True,success,,,step28_ceded_development_v1,pricing_mc_v1,0.036682500001916196
long_stable_break,32,ceded,long,stable,True,bornhuetter_ferguson_ceded_specific,ceded_specific_standard,290704128.7672515,226772033.53442088,63932095.232830614,63932095.232830614,28.19223086568415,28.19223086568415,True,success,,,step28_ceded_development_v1,pricing_mc_v1,0.03686520000337623
long_stable_break,32,ceded,long,stable,True,bornhuetter_ferguson_standard,frozen_standard,171999678.57054573,226772033.53442088,-54772354.963875145,54772354.963875145,-24.153046612584813,24.153046612584813,True,success,,,frozen_step21_pattern,pricing_mc_v1,0.00360029999865219
long_stable_break,33,ceded,long,stable,True,bornhuetter_ferguson_break_aware,frozen_break_aware,133147496.62584512,253005457.5214731,-119857960.89562799,119857960.89562799,-47.37366619273634,47.37366619273634,True,success,,,frozen_step21_pattern,pricing_mc_v1,0.003536500000336673
long_stable_break,33,ceded,long,stable,True,bornhuetter_ferguson_break_aware_ceded_specific,ceded_specific_break_aware,251374787.65089694,253005457.5214731,-1630669.870576173,1630669.870576173,-0.6445196426001105,0.6445196426001105,True,success,,,step28_ceded_development_v1,pricing_mc_v1,0.037043500000436325
long_stable_break,33,ceded,long,stable,True,bornhuetter_ferguson_ceded_specific,ceded_specific_standard,290704128.7672515,253005457.5214731,37698671.24577838,37698671.24577838,14.900339152794288,14.900339152794288,True,success,,,step28_ceded_development_v1,pricing_mc_v1,0.03704650000145193
long_stable_break,33,ceded,long,stable,True,bornhuetter_ferguson_standard,frozen_standard,171999678.57054573,253005457.5214731,-81005778.95092738,81005778.95092738,-32.01740379218983,32.01740379218983,True,success,,,frozen_step21_pattern,pricing_mc_v1,0.003650500002549961
long_stable_break,34,ceded,long,stable,True,bornhuetter_ferguson_break_aware,frozen_break_aware,133147496.62584512,273828789.94901365,-140681293.32316852,140681293.32316852,-51.37563999364826,51.37563999364826,True,success,,,frozen_step21_pattern,pricing_mc_v1,0.0036302000007708557
long_stable_break,34,ceded,long,stable,True,bornhuetter_ferguson_break_aware_ceded_specific,ceded_specific_break_aware,251374787.65089694,273828789.94901365,-22454002.298116714,22454002.298116714,-8.200015163598247,8.200015163598247,True,success,,,step28_ceded_development_v1,pricing_mc_v1,0.037176300000282936
long_stable_break,34,ceded,long,stable,True,bornhuetter_ferguson_ceded_specific,ceded_specific_standard,290704128.7672515,273828789.94901365,16875338.81823784,16875338.81823784,6.162733590350377,6.162733590350377,True,success,,,step28_ceded_development_v1,pricing_mc_v1,0.03703410000161966
long_stable_break,34,ceded,long,stable,True,bornhuetter_ferguson_standard,frozen_standard,171999678.57054573,273828789.94901365,-101829111.37846792,101829111.37846792,-37.18714580648305,37.18714580648305,True,success,,,frozen_step21_pattern,pricing_mc_v1,0.003818700002739206
long_stable_break,35,ceded,long,stable,True,bornhuetter_ferguson_break_aware,frozen_break_aware,133147496.62584512,237624630.76057592,-104477134.1347308,104477134.1347308,-43.9672999387,43.9672999387,True,success,,,frozen_step21_pattern,pricing_mc_v1,0.0036522000009426847
long_stable_break,35,ceded,long,stable,True,bornhuetter_ferguson_break_aware_ceded_specific,ceded_specific_break_aware,251374787.65089694,237624630.76057592,13750156.890321016,13750156.890321016,5.786503211519053,5.786503211519053,True,success,,,step28_ceded_development_v1,pricing_mc_v1,0.037357699999120086
long_stable_break,35,ceded,long,stable,True,bornhuetter_ferguson_ceded_specific,ceded_specific_standard,290704128.7672515,237624630.76057592,53079498.00667557,53079498.00667557,22.337540446367708,22.337540446367708,True,success,,,step28_ceded_development_v1,pricing_mc_v1,0.037126099996385165
long_stable_break,35,ceded,long,stable,True,bornhuetter_ferguson_standard,frozen_standard,171999678.57054573,237624630.76057592,-65624952.19003019,65624952.19003019,-27.617066454761623,27.617066454761623,True,success,,,frozen_step21_pattern,pricing_mc_v1,0.0036045000015292317
long_stable_break,36,ceded,long,stable,True,bornhuetter_ferguson_break_aware,frozen_break_aware,133147496.62584512,225883142.35749954,-92735645.73165442,92735645.73165442,-41.05469968400035,41.05469968400035,True,success,,,frozen_step21_pattern,pricing_mc_v1,0.004077999998116866
long_stable_break,36,ceded,long,stable,True,bornhuetter_ferguson_break_aware_ceded_specific,ceded_specific_break_aware,251374787.65089694,225883142.35749954,25491645.293397397,25491645.293397397,11.285324361679198,11.285324361679198,True,success,,,step28_ceded_development_v1,pricing_mc_v1,0.036808899996685795
long_stable_break,36,ceded,long,stable,True,bornhuetter_ferguson_ceded_specific,ceded_specific_standard,290704128.7672515,225883142.35749954,64820986.40975195,64820986.40975195,28.69669056894977,28.69669056894977,True,success,,,step28_ceded_development_v1,pricing_mc_v1,0.03799090000393335
long_stable_break,36,ceded,long,stable,True,bornhuetter_ferguson_standard,frozen_standard,171999678.57054573,225883142.35749954,-53883463.78695381,53883463.78695381,-23.85457508009775,23.85457508009775,True,success,,,frozen_step21_pattern,pricing_mc_v1,0.003629999999247957
long_stable_break,37,ceded,long,stable,True,bornhuetter_ferguson_break_aware,frozen_break_aware,133147496.62584512,216265281.0484224,-83117784.42257728,83117784.42257728,-38.43325383512066,38.43325383512066,True,success,,,frozen_step21_pattern,pricing_mc_v1,0.0035430000061751343
long_stable_break,37,ceded,long,stable,True,bornhuetter_ferguson_break_aware_ceded_specific,ceded_specific_break_aware,251374787.65089694,216265281.0484224,35109506.60247454,35109506.60247454,16.2344628006256,16.2344628006256,True,success,,,step28_ceded_development_v1,pricing_mc_v1,0.03737839999666903
long_stable_break,37,ceded,long,stable,True,bornhuetter_ferguson_ceded_specific,ceded_specific_standard,290704128.7672515,216265281.0484224,74438847.7188291,74438847.7188291,34.42015628119339,34.42015628119339,True,success,,,step28_ceded_development_v1,pricing_mc_v1,0.03686000000016065
long_stable_break,37,ceded,long,stable,True,bornhuetter_ferguson_standard,frozen_standard,171999678.57054573,216265281.0484224,-44265602.47787666,44265602.47787666,-20.468196403640707,20.468196403640707,True,success,,,frozen_step21_pattern,pricing_mc_v1,0.00364810000610305
long_stable_break,38,ceded,long,stable,True,bornhuetter_ferguson_break_aware,frozen_break_aware,133147496.62584512,240838392.9348655,-107690896.30902039,107690896.30902039,-44.715003698826905,44.715003698826905,True,success,,,frozen_step21_pattern,pricing_mc_v1,0.0036126999984844588
long_stable_break,38,ceded,long,stable,True,bornhuetter_ferguson_break_aware_ceded_specific,ceded_specific_break_aware,251374787.65089694,240838392.9348655,10536394.716031432,10536394.716031432,4.374881673820581,4.374881673820581,True,success,,,step28_ceded_development_v1,pricing_mc_v1,0.036941999998816755
long_stable_break,38,ceded,long,stable,True,bornhuetter_ferguson_ceded_specific,ceded_specific_standard,290704128.7672515,240838392.9348655,49865735.83238599,49865735.83238599,20.70506086040531,20.70506086040531,True,success,,,step28_ceded_development_v1,pricing_mc_v1,0.03729349999775877
long_stable_break,38,ceded,long,stable,True,bornhuetter_ferguson_standard,frozen_standard,171999678.57054573,240838392.9348655,-68838714.36431977,68838714.36431977,-28.582948725678108,28.582948725678108,True,success,,,frozen_step21_pattern,pricing_mc_v1,0.0037977999963914044
long_stable_break,39,ceded,long,stable,True,bornhuetter_ferguson_break_aware,frozen_break_aware,133147496.62584512,248628660.0713047,-115481163.44545959,115481163.44545959,-46.44724522600915,46.44724522600915,True,success,,,frozen_step21_pattern,pricing_mc_v1,0.0035606999954325147
long_stable_break,39,ceded,long,stable,True,bornhuetter_ferguson_break_aware_ceded_specific,ceded_specific_break_aware,251374787.65089694,248628660.0713047,2746127.579592228,2746127.579592228,1.1045096646559815,1.1045096646559815,True,success,,,step28_ceded_development_v1,pricing_mc_v1,0.037263699996401556
long_stable_break,39,ceded,long,stable,True,bornhuetter_ferguson_ceded_specific,ceded_specific_standard,290704128.7672515,248628660.0713047,42075468.69594678,42075468.69594678,16.92301631029982,16.92301631029982,True,success,,,step28_ceded_development_v1,pricing_mc_v1,0.03693059999932302
long_stable_break,39,ceded,long,stable,True,bornhuetter_ferguson_standard,frozen_standard,171999678.57054573,248628660.0713047,-76628981.50075898,76628981.50075898,-30.82065497951137,30.82065497951137,True,success,,,frozen_step21_pattern,pricing_mc_v1,0.0036298999984865077
long_stable_break,40,ceded,long,stable,True,bornhuetter_ferguson_break_aware,frozen_break_aware,133147496.62584512,202538327.5274703,-69390830.90162517,69390830.90162517,-34.26059242649453,34.26059242649453,True,success,,,frozen_step21_pattern,pricing_mc_v1,0.0038607000024057925
long_stable_break,40,ceded,long,stable,True,bornhuetter_ferguson_break_aware_ceded_specific,ceded_specific_break_aware,251374787.65089694,202538327.5274703,48836460.123426646,48836460.123426646,24.11220667199543,24.11220667199543,True,success,,,step28_ceded_development_v1,pricing_mc_v1,0.03678609999769833
long_stable_break,40,ceded,long,stable,True,bornhuetter_ferguson_ceded_specific,ceded_specific_standard,290704128.7672515,202538327.5274703,88165801.2397812,88165801.2397812,43.53042819899027,43.53042819899027,True,success,,,step28_ceded_development_v1,pricing_mc_v1,0.036729200000991113
long_stable_break,40,ceded,long,stable,True,bornhuetter_ferguson_standard,frozen_standard,171999678.57054573,202538327.5274703,-30538648.956924558,30538648.956924558,-15.077960467893465,15.077960467893465,True,success,,,frozen_step21_pattern,pricing_mc_v1,0.00362440000026254
long_stable_break,41,ceded,long,stable,True,bornhuetter_ferguson_break_aware,frozen_break_aware,133147496.62584512,237761727.8131146,-104614231.1872695,104614231.1872695,-43.99960925145124,43.99960925145124,True,success,,,frozen_step21_pattern,pricing_mc_v1,0.0035410999989835545
long_stable_break,41,ceded,long,stable,True,bornhuetter_ferguson_break_aware_ceded_specific,ceded_specific_break_aware,251374787.65089694,237761727.8131146,13613059.837782323,13613059.837782323,5.725505094109367,5.725505094109367,True,success,,,step28_ceded_development_v1,pricing_mc_v1,0.036723999997775536
long_stable_break,41,ceded,long,stable,True,bornhuetter_ferguson_ceded_specific,ceded_specific_standard,290704128.7672515,237761727.8131146,52942400.95413688,52942400.95413688,22.266998747481615,22.266998747481615,True,success,,,step28_ceded_development_v1,pricing_mc_v1,0.03700140000000829
long_stable_break,41,ceded,long,stable,True,bornhuetter_ferguson_standard,frozen_standard,171999678.57054573,237761727.8131146,-65762049.24256888,65762049.24256888,-27.658803562472066,27.658803562472066,True,success,,,frozen_step21_pattern,pricing_mc_v1,0.0036340000006021
long_stable_break,42,ceded,long,stable,True,bornhuetter_ferguson_break_aware,frozen_break_aware,133147496.62584512,286086171.4392781,-152938674.813433,152938674.813433,-53.458954008161236,53.458954008161236,True,success,,,frozen_step21_pattern,pricing_mc_v1,0.003590000000258442
long_stable_break,42,ceded,long,stable,True,bornhuetter_ferguson_break_aware_ceded_specific,ceded_specific_break_aware,251374787.65089694,286086171.4392781,-34711383.78838119,34711383.78838119,-12.13319176307992,12.13319176307992,True,success,,,step28_ceded_development_v1,pricing_mc_v1,0.03674969999701716
long_stable_break,42,ceded,long,stable,True,bornhuetter_ferguson_ceded_specific,ceded_specific_standard,290704128.7672515,286086171.4392781,4617957.327973366,4617957.327973366,1.6141840427801064,1.6141840427801064,True,success,,,step28_ceded_development_v1,pricing_mc_v1,0.03701639999781037
long_stable_break,42,ceded,long,stable,True,bornhuetter_ferguson_standard,frozen_standard,171999678.57054573,286086171.4392781,-114086492.8687324,114086492.8687324,-39.87836682030864,39.87836682030864,True,success,,,frozen_step21_pattern,pricing_mc_v1,0.003847600004519336
long_stable_break,43,ceded,long,stable,True,bornhuetter_ferguson_break_aware,frozen_break_aware,133147496.62584512,279696329.06412506,-146548832.43827993,146548832.43827993,-52.39569390439914,52.39569390439914,True,success,,,frozen_step21_pattern,pricing_mc_v1,0.0036135000045760535
long_stable_break,43,ceded,long,stable,True,bornhuetter_ferguson_break_aware_ceded_specific,ceded_specific_break_aware,251374787.65089694,279696329.06412506,-28321541.413228124,28321541.413228124,-10.125818064181649,10.125818064181649,True,success,,,step28_ceded_development_v1,pricing_mc_v1,0.03771579999738606
long_stable_break,43,ceded,long,stable,True,bornhuetter_ferguson_ceded_specific,ceded_specific_standard,290704128.7672515,279696329.06412506,11007799.70312643,11007799.70312643,3.935625376263951,3.935625376263951,True,success,,,step28_ceded_development_v1,pricing_mc_v1,0.03714310000214027
long_stable_break,43,ceded,long,stable,True,bornhuetter_ferguson_standard,frozen_standard,171999678.57054573,279696329.06412506,-107696650.49357933,107696650.49357933,-38.504849475120594,38.504849475120594,True,success,,,frozen_step21_pattern,pricing_mc_v1,0.0036532000012812205
long_stable_break,44,ceded,long,stable,True,bornhuetter_ferguson_break_aware,frozen_break_aware,133147496.62584512,299182246.83992195,-166034750.21407682,166034750.21407682,-55.496190689053165,55.496190689053165,True,success,,,frozen_step21_pattern,pricing_mc_v1,0.0038813999999547377
long_stable_break,44,ceded,long,stable,True,bornhuetter_ferguson_break_aware_ceded_specific,ceded_specific_break_aware,251374787.65089694,299182246.83992195,-47807459.189025015,47807459.189025015,-15.979377016512776,15.979377016512776,True,success,,,step28_ceded_development_v1,pricing_mc_v1,0.03695739999966463
long_stable_break,44,ceded,long,stable,True,bornhuetter_ferguson_ceded_specific,ceded_specific_standard,290704128.7672515,299182246.83992195,-8478118.07267046,8478118.07267046,-2.833763755109003,2.833763755109003,True,success,,,step28_ceded_development_v1,pricing_mc_v1,0.03687250000075437
long_stable_break,44,ceded,long,stable,True,bornhuetter_ferguson_standard,frozen_standard,171999678.57054573,299182246.83992195,-127182568.26937622,127182568.26937622,-42.510065223698085,42.510065223698085,True,success,,,frozen_step21_pattern,pricing_mc_v1,0.0035908999998355284
long_stable_break,45,ceded,long,stable,True,bornhuetter_ferguson_break_aware,frozen_break_aware,133147496.62584512,256522651.401729,-123375154.77588387,123375154.77588387,-48.09522827778331,48.09522827778331,True,success,,,frozen_step21_pattern,pricing_mc_v1,0.0035359000030439347
long_stable_break,45,ceded,long,stable,True,bornhuetter_ferguson_break_aware_ceded_specific,ceded_specific_break_aware,251374787.65089694,256522651.401729,-5147863.750832051,5147863.750832051,-2.0067872067836245,2.0067872067836245,True,success,,,step28_ceded_development_v1,pricing_mc_v1,0.036808500000915956
long_stable_break,45,ceded,long,stable,True,bornhuetter_ferguson_ceded_specific,ceded_specific_standard,290704128.7672515,256522651.401729,34181477.365522504,34181477.365522504,13.324935314188833,13.324935314188833,True,success,,,step28_ceded_development_v1,pricing_mc_v1,0.0368224999983795
long_stable_break,45,ceded,long,stable,True,bornhuetter_ferguson_standard,frozen_standard,171999678.57054573,256522651.401729,-84522972.83118325,84522972.83118325,-32.94951629780853,32.94951629780853,True,success,,,frozen_step21_pattern,pricing_mc_v1,0.0036862999986624345
long_stable_break,46,ceded,long,stable,True,bornhuetter_ferguson_break_aware,frozen_break_aware,133147496.62584512,271693077.3841916,-138545580.75834644,138545580.75834644,-50.99341583975437,50.99341583975437,True,success,,,frozen_step21_pattern,pricing_mc_v1,0.003623799995693844
long_stable_break,46,ceded,long,stable,True,bornhuetter_ferguson_break_aware_ceded_specific,ceded_specific_break_aware,251374787.65089694,271693077.3841916,-20318289.733294636,20318289.733294636,-7.478398025049148,7.478398025049148,True,success,,,step28_ceded_development_v1,pricing_mc_v1,0.03745329999946989
long_stable_break,46,ceded,long,stable,True,bornhuetter_ferguson_ceded_specific,ceded_specific_standard,290704128.7672515,271693077.3841916,19011051.38305992,19011051.38305992,6.997252769961843,6.997252769961843,True,success,,,step28_ceded_development_v1,pricing_mc_v1,0.03705600000103004
long_stable_break,46,ceded,long,stable,True,bornhuetter_ferguson_standard,frozen_standard,171999678.57054573,271693077.3841916,-99693398.81364584,99693398.81364584,-36.69338938388663,36.69338938388663,True,success,,,frozen_step21_pattern,pricing_mc_v1,0.003906999998434912
long_stable_break,47,ceded,long,stable,True,bornhuetter_ferguson_break_aware,frozen_break_aware,133147496.62584512,224925177.75972947,-91777681.13388436,91777681.13388436,-40.803649483795674,40.803649483795674,True,success,,,frozen_step21_pattern,pricing_mc_v1,0.0037240999954519793
long_stable_break,47,ceded,long,stable,True,bornhuetter_ferguson_break_aware_ceded_specific,ceded_specific_break_aware,251374787.65089694,224925177.75972947,26449609.891167462,26449609.891167462,11.759292647718421,11.759292647718421,True,success,,,step28_ceded_development_v1,pricing_mc_v1,0.037222699997073505
long_stable_break,47,ceded,long,stable,True,bornhuetter_ferguson_ceded_specific,ceded_specific_standard,290704128.7672515,224925177.75972947,65778951.00752202,65778951.00752202,29.24481450350956,29.24481450350956,True,success,,,step28_ceded_development_v1,pricing_mc_v1,0.03722750000451924
long_stable_break,47,ceded,long,stable,True,bornhuetter_ferguson_standard,frozen_standard,171999678.57054573,224925177.75972947,-52925499.18918374,52925499.18918374,-23.530268917124094,23.530268917124094,True,success,,,frozen_step21_pattern,pricing_mc_v1,0.0037408999996841885
long_stable_break,48,ceded,long,stable,True,bornhuetter_ferguson_break_aware,frozen_break_aware,133147496.62584512,247220420.8726511,-114072924.24680598,114072924.24680598,-46.142193207238144,46.142193207238144,True,success,,,frozen_step21_pattern,pricing_mc_v1,0.003819699995801784
long_stable_break,48,ceded,long,stable,True,bornhuetter_ferguson_break_aware_ceded_specific,ceded_specific_break_aware,251374787.65089694,247220420.8726511,4154366.7782458365,4154366.7782458365,1.6804302668774462,1.6804302668774462,True,success,,,step28_ceded_development_v1,pricing_mc_v1,0.037016200003563426
long_stable_break,48,ceded,long,stable,True,bornhuetter_ferguson_ceded_specific,ceded_specific_standard,290704128.7672515,247220420.8726511,43483707.89460039,43483707.89460039,17.5890437129382,17.5890437129382,True,success,,,step28_ceded_development_v1,pricing_mc_v1,0.037244699997245334
long_stable_break,48,ceded,long,stable,True,bornhuetter_ferguson_standard,frozen_standard,171999678.57054573,247220420.8726511,-75220742.30210537,75220742.30210537,-30.426589371779,30.426589371779,True,success,,,frozen_step21_pattern,pricing_mc_v1,0.003599499999836553
long_stable_break,49,ceded,long,stable,True,bornhuetter_ferguson_break_aware,frozen_break_aware,133147496.62584512,221377259.30378357,-88229762.67793845,88229762.67793845,-39.85493494472515,39.85493494472515,True,success,,,frozen_step21_pattern,pricing_mc_v1,0.0034761999995680526
long_stable_break,49,ceded,long,stable,True,bornhuetter_ferguson_break_aware_ceded_specific,ceded_specific_break_aware,251374787.65089694,221377259.30378357,29997528.34711337,29997528.34711337,13.550410932655666,13.550410932655666,True,success,,,step28_ceded_development_v1,pricing_mc_v1,0.03738829999929294
long_stable_break,49,ceded,long,stable,True,bornhuetter_ferguson_ceded_specific,ceded_specific_standard,290704128.7672515,221377259.30378357,69326869.46346793,69326869.46346793,31.316165753201666,31.316165753201666,True,success,,,step28_ceded_development_v1,pricing_mc_v1,0.03705029999400722
long_stable_break,49,ceded,long,stable,True,bornhuetter_ferguson_standard,frozen_standard,171999678.57054573,221377259.30378357,-49377580.73323783,49377580.73323783,-22.3047213108189,22.3047213108189,True,success,,,frozen_step21_pattern,pricing_mc_v1,0.003623599994170945
long_stable_break,50,ceded,long,stable,True,bornhuetter_ferguson_break_aware,frozen_break_aware,133147496.62584512,265956734.7603047,-132809238.13445957,132809238.13445957,-49.93640723336252,49.93640723336252,True,success,,,frozen_step21_pattern,pricing_mc_v1,0.06218740000622347
long_stable_break,50,ceded,long,stable,True,bornhuetter_ferguson_break_aware_ceded_specific,ceded_specific_break_aware,251374787.65089694,265956734.7603047,-14581947.109407753,14581947.109407753,-5.482826792316364,5.482826792316364,True,success,,,step28_ceded_development_v1,pricing_mc_v1,0.0372168000030797
long_stable_break,50,ceded,long,stable,True,bornhuetter_ferguson_ceded_specific,ceded_specific_standard,290704128.7672515,265956734.7603047,24747394.006946802,24747394.006946802,9.305045059020806,9.305045059020806,True,success,,,step28_ceded_development_v1,pricing_mc_v1,0.03743430000031367
long_stable_break,50,ceded,long,stable,True,bornhuetter_ferguson_standard,frozen_standard,171999678.57054573,265956734.7603047,-93957056.18975896,93957056.18975896,-35.327947710908084,35.327947710908084,True,success,,,frozen_step21_pattern,pricing_mc_v1,0.00377699999808101
long_stable_no_break,1,ceded,long,stable,False,bornhuetter_ferguson_break_aware,frozen_break_aware,193137076.04509047,301848095.26935834,-108711019.22426787,108711019.22426787,-36.015141698097544,36.015141698097544,True,success,,,frozen_step21_pattern,pricing_mc_v1,0.003605899997637607
long_stable_no_break,1,ceded,long,stable,False,bornhuetter_ferguson_break_aware_ceded_specific,ceded_specific_break_aware,323942087.9268017,301848095.26935834,22093992.657443345,22093992.657443345,7.319573323041002,7.319573323041002,True,success,,,step28_ceded_development_v1,pricing_mc_v1,0.0372408000039286
long_stable_no_break,1,ceded,long,stable,False,bornhuetter_ferguson_ceded_specific,ceded_specific_standard,323942087.9268017,301848095.26935834,22093992.657443345,22093992.657443345,7.319573323041002,7.319573323041002,True,success,,,step28_ceded_development_v1,pricing_mc_v1,0.03715999999985797
long_stable_no_break,1,ceded,long,stable,False,bornhuetter_ferguson_standard,frozen_standard,193137076.04509047,301848095.26935834,-108711019.22426787,108711019.22426787,-36.015141698097544,36.015141698097544,True,success,,,frozen_step21_pattern,pricing_mc_v1,0.0036049999980605207
long_stable_no_break,2,ceded,long,stable,False,bornhuetter_ferguson_break_aware,frozen_break_aware,193137076.04509047,326939886.65297246,-133802810.607882,133802810.607882,-40.92581421547559,40.92581421547559,True,success,,,frozen_step21_pattern,pricing_mc_v1,0.003540500001690816
long_stable_no_break,2,ceded,long,stable,False,bornhuetter_ferguson_break_aware_ceded_specific,ceded_specific_break_aware,323942087.9268017,326939886.65297246,-2997798.7261707783,2997798.7261707783,-0.9169265814766633,0.9169265814766633,True,success,,,step28_ceded_development_v1,pricing_mc_v1,0.03690939999796683
long_stable_no_break,2,ceded,long,stable,False,bornhuetter_ferguson_ceded_specific,ceded_specific_standard,323942087.9268017,326939886.65297246,-2997798.7261707783,2997798.7261707783,-0.9169265814766633,0.9169265814766633,True,success,,,step28_ceded_development_v1,pricing_mc_v1,0.03704950000246754
long_stable_no_break,2,ceded,long,stable,False,bornhuetter_ferguson_standard,frozen_standard,193137076.04509047,326939886.65297246,-133802810.607882,133802810.607882,-40.92581421547559,40.92581421547559,True,success,,,frozen_step21_pattern,pricing_mc_v1,0.003772600000957027
long_stable_no_break,3,ceded,long,stable,False,bornhuetter_ferguson_break_aware,frozen_break_aware,193137076.04509047,321703342.23595023,-128566266.19085976,128566266.19085976,-39.964230802602,39.964230802602,True,success,,,frozen_step21_pattern,pricing_mc_v1,0.0035826999956043437
long_stable_no_break,3,ceded,long,stable,False,bornhuetter_ferguson_break_aware_ceded_specific,ceded_specific_break_aware,323942087.9268017,321703342.23595023,2238745.69085145,2238745.69085145,0.6959037712481904,0.6959037712481904,True,success,,,step28_ceded_development_v1,pricing_mc_v1,0.03709290000551846
long_stable_no_break,3,ceded,long,stable,False,bornhuetter_ferguson_ceded_specific,ceded_specific_standard,323942087.9268017,321703342.23595023,2238745.69085145,2238745.69085145,0.6959037712481904,0.6959037712481904,True,success,,,step28_ceded_development_v1,pricing_mc_v1,0.03748300000006566
long_stable_no_break,3,ceded,long,stable,False,bornhuetter_ferguson_standard,frozen_standard,193137076.04509047,321703342.23595023,-128566266.19085976,128566266.19085976,-39.964230802602,39.964230802602,True,success,,,frozen_step21_pattern,pricing_mc_v1,0.003974300001573283
long_stable_no_break,4,ceded,long,stable,False,bornhuetter_ferguson_break_aware,frozen_break_aware,193137076.04509047,289366727.59882396,-96229651.5537335,96229651.5537335,-33.255257904822294,33.255257904822294,True,success,,,frozen_step21_pattern,pricing_mc_v1,0.003570299995772075
long_stable_no_break,4,ceded,long,stable,False,bornhuetter_ferguson_break_aware_ceded_specific,ceded_specific_break_aware,323942087.9268017,289366727.59882396,34575360.32797772,34575360.32797772,11.948630243319736,11.948630243319736,True,success,,,step28_ceded_development_v1,pricing_mc_v1,0.038086399996245746
long_stable_no_break,4,ceded,long,stable,False,bornhuetter_ferguson_ceded_specific,ceded_specific_standard,323942087.9268017,289366727.59882396,34575360.32797772,34575360.32797772,11.948630243319736,11.948630243319736,True,success,,,step28_ceded_development_v1,pricing_mc_v1,0.036956199997803196
long_stable_no_break,4,ceded,long,stable,False,bornhuetter_ferguson_standard,frozen_standard,193137076.04509047,289366727.59882396,-96229651.5537335,96229651.5537335,-33.255257904822294,33.255257904822294,True,success,,,frozen_step21_pattern,pricing_mc_v1,0.0036888999966322444
long_stable_no_break,5,ceded,long,stable,False,bornhuetter_ferguson_break_aware,frozen_break_aware,193137076.04509047,289629750.5068464,-96492674.46175596,96492674.46175596,-33.315871139928014,33.315871139928014,True,success,,,frozen_step21_pattern,pricing_mc_v1,0.003766200003155973
long_stable_no_break,5,ceded,long,stable,False,bornhuetter_ferguson_break_aware_ceded_specific,ceded_specific_break_aware,323942087.9268017,289629750.5068464,34312337.41995525,34312337.41995525,11.846965776101843,11.846965776101843,True,success,,,step28_ceded_development_v1,pricing_mc_v1,0.03699909999704687
long_stable_no_break,5,ceded,long,stable,False,bornhuetter_ferguson_ceded_specific,ceded_specific_standard,323942087.9268017,289629750.5068464,34312337.41995525,34312337.41995525,11.846965776101843,11.846965776101843,True,success,,,step28_ceded_development_v1,pricing_mc_v1,0.037159200001042336
long_stable_no_break,5,ceded,long,stable,False,bornhuetter_ferguson_standard,frozen_standard,193137076.04509047,289629750.5068464,-96492674.46175596,96492674.46175596,-33.315871139928014,33.315871139928014,True,success,,,frozen_step21_pattern,pricing_mc_v1,0.0036579000006895512
long_stable_no_break,6,ceded,long,stable,False,bornhuetter_ferguson_break_aware,frozen_break_aware,193137076.04509047,279835005.07589453,-86697929.03080407,86697929.03080407,-30.98180265449298,30.98180265449298,True,success,,,frozen_step21_pattern,pricing_mc_v1,0.003532000002451241
long_stable_no_break,6,ceded,long,stable,False,bornhuetter_ferguson_break_aware_ceded_specific,ceded_specific_break_aware,323942087.9268017,279835005.07589453,44107082.85090715,44107082.85090715,15.761817517770798,15.761817517770798,True,success,,,step28_ceded_development_v1,pricing_mc_v1,0.036627299996325746
long_stable_no_break,6,ceded,long,stable,False,bornhuetter_ferguson_ceded_specific,ceded_specific_standard,323942087.9268017,279835005.07589453,44107082.85090715,44107082.85090715,15.761817517770798,15.761817517770798,True,success,,,step28_ceded_development_v1,pricing_mc_v1,0.03687480000371579
long_stable_no_break,6,ceded,long,stable,False,bornhuetter_ferguson_standard,frozen_standard,193137076.04509047,279835005.07589453,-86697929.03080407,86697929.03080407,-30.98180265449298,30.98180265449298,True,success,,,frozen_step21_pattern,pricing_mc_v1,0.003735999998752959
long_stable_no_break,7,ceded,long,stable,False,bornhuetter_ferguson_break_aware,frozen_break_aware,193137076.04509047,287537090.6580973,-94400014.61300686,94400014.61300686,-32.83055218961487,32.83055218961487,True,success,,,frozen_step21_pattern,pricing_mc_v1,0.003623200005677063
long_stable_no_break,7,ceded,long,stable,False,bornhuetter_ferguson_break_aware_ceded_specific,ceded_specific_break_aware,323942087.9268017,287537090.6580973,36404997.268704355,36404997.268704355,12.660974340869494,12.660974340869494,True,success,,,step28_ceded_development_v1,pricing_mc_v1,0.03659959999640705
long_stable_no_break,7,ceded,long,stable,False,bornhuetter_ferguson_ceded_specific,ceded_specific_standard,323942087.9268017,287537090.6580973,36404997.268704355,36404997.268704355,12.660974340869494,12.660974340869494,True,success,,,step28_ceded_development_v1,pricing_mc_v1,0.0383023000031244
long_stable_no_break,7,ceded,long,stable,False,bornhuetter_ferguson_standard,frozen_standard,193137076.04509047,287537090.6580973,-94400014.61300686,94400014.61300686,-32.83055218961487,32.83055218961487,True,success,,,frozen_step21_pattern,pricing_mc_v1,0.004132300004130229
long_stable_no_break,8,ceded,long,stable,False,bornhuetter_ferguson_break_aware,frozen_break_aware,193137076.04509047,345598759.9966747,-152461683.95158425,152461683.95158425,-44.115228872074425,44.115228872074425,True,success,,,frozen_step21_pattern,pricing_mc_v1,0.003528300003381446
long_stable_no_break,8,ceded,long,stable,False,bornhuetter_ferguson_break_aware_ceded_specific,ceded_specific_break_aware,323942087.9268017,345598759.9966747,-21656672.069873035,21656672.069873035,-6.266420652111545,6.266420652111545,True,success,,,step28_ceded_development_v1,pricing_mc_v1,0.03703970000060508
long_stable_no_break,8,ceded,long,stable,False,bornhuetter_ferguson_ceded_specific,ceded_specific_standard,323942087.9268017,345598759.9966747,-21656672.069873035,21656672.069873035,-6.266420652111545,6.266420652111545,True,success,,,step28_ceded_development_v1,pricing_mc_v1,0.036975200004235376
long_stable_no_break,8,ceded,long,stable,False,bornhuetter_ferguson_standard,frozen_standard,193137076.04509047,345598759.9966747,-152461683.95158425,152461683.95158425,-44.115228872074425,44.115228872074425,True,success,,,frozen_step21_pattern,pricing_mc_v1,0.0037456999998539686
long_stable_no_break,9,ceded,long,stable,False,bornhuetter_ferguson_break_aware,frozen_break_aware,193137076.04509047,318746390.86672753,-125609314.82163706,125609314.82163706,-39.40729006533477,39.40729006533477,True,success,,,frozen_step21_pattern,pricing_mc_v1,0.003798999998252839
long_stable_no_break,9,ceded,long,stable,False,bornhuetter_ferguson_break_aware_ceded_specific,ceded_specific_break_aware,323942087.9268017,318746390.86672753,5195697.060074151,5195697.060074151,1.6300410636638538,1.6300410636638538,True,success,,,step28_ceded_development_v1,pricing_mc_v1,0.036837300001934636
long_stable_no_break,9,ceded,long,stable,False,bornhuetter_ferguson_ceded_specific,ceded_specific_standard,323942087.9268017,318746390.86672753,5195697.060074151,5195697.060074151,1.6300410636638538,1.6300410636638538,True,success,,,step28_ceded_development_v1,pricing_mc_v1,0.0368806999977096
long_stable_no_break,9,ceded,long,stable,False,bornhuetter_ferguson_standard,frozen_standard,193137076.04509047,318746390.86672753,-125609314.82163706,125609314.82163706,-39.40729006533477,39.40729006533477,True,success,,,frozen_step21_pattern,pricing_mc_v1,0.004083699997863732
long_stable_no_break,10,ceded,long,stable,False,bornhuetter_ferguson_break_aware,frozen_break_aware,193137076.04509047,336912354.9061351,-143775278.86104462,143775278.86104462,-42.674386013864314,42.674386013864314,True,success,,,frozen_step21_pattern,pricing_mc_v1,0.0035513000038918108
long_stable_no_break,10,ceded,long,stable,False,bornhuetter_ferguson_break_aware_ceded_specific,ceded_specific_break_aware,323942087.9268017,336912354.9061351,-12970266.9793334,12970266.9793334,-3.849745131177205,3.849745131177205,True,success,,,step28_ceded_development_v1,pricing_mc_v1,0.036600599996745586
long_stable_no_break,10,ceded,long,stable,False,bornhuetter_ferguson_ceded_specific,ceded_specific_standard,323942087.9268017,336912354.9061351,-12970266.9793334,12970266.9793334,-3.849745131177205,3.849745131177205,True,success,,,step28_ceded_development_v1,pricing_mc_v1,0.037589999999909196
long_stable_no_break,10,ceded,long,stable,False,bornhuetter_ferguson_standard,frozen_standard,193137076.04509047,336912354.9061351,-143775278.86104462,143775278.86104462,-42.674386013864314,42.674386013864314,True,success,,,frozen_step21_pattern,pricing_mc_v1,0.0037238999939290807
long_stable_no_break,11,ceded,long,stable,False,bornhuetter_ferguson_break_aware,frozen_break_aware,193137076.04509047,335982274.18882424,-142845198.14373377,142845198.14373377,-42.515694760567584,42.515694760567584,True,success,,,frozen_step21_pattern,pricing_mc_v1,0.0034624000036274083
long_stable_no_break,11,ceded,long,stable,False,bornhuetter_ferguson_break_aware_ceded_specific,ceded_specific_break_aware,323942087.9268017,335982274.18882424,-12040186.262022555,12040186.262022555,-3.5835778215061107,3.5835778215061107,True,success,,,step28_ceded_development_v1,pricing_mc_v1,0.03720389999944018
long_stable_no_break,11,ceded,long,stable,False,bornhuetter_ferguson_ceded_specific,ceded_specific_standard,323942087.9268017,335982274.18882424,-12040186.262022555,12040186.262022555,-3.5835778215061107,3.5835778215061107,True,success,,,step28_ceded_development_v1,pricing_mc_v1,0.03734059999987949
long_stable_no_break,11,ceded,long,stable,False,bornhuetter_ferguson_standard,frozen_standard,193137076.04509047,335982274.18882424,-142845198.14373377,142845198.14373377,-42.515694760567584,42.515694760567584,True,success,,,frozen_step21_pattern,pricing_mc_v1,0.0037998999978299253
long_stable_no_break,12,ceded,long,stable,False,bornhuetter_ferguson_break_aware,frozen_break_aware,193137076.04509047,326815514.8271078,-133678438.78201732,133678438.78201732,-40.90333313971829,40.90333313971829,True,success,,,frozen_step21_pattern,pricing_mc_v1,0.003534900002705399
long_stable_no_break,12,ceded,long,stable,False,bornhuetter_ferguson_break_aware_ceded_specific,ceded_specific_break_aware,323942087.9268017,326815514.8271078,-2873426.9003061056,2873426.9003061056,-0.8792198564459855,0.8792198564459855,True,success,,,step28_ceded_development_v1,pricing_mc_v1,0.03710969999519875
long_stable_no_break,12,ceded,long,stable,False,bornhuetter_ferguson_ceded_specific,ceded_specific_standard,323942087.9268017,326815514.8271078,-2873426.9003061056,2873426.9003061056,-0.8792198564459855,0.8792198564459855,True,success,,,step28_ceded_development_v1,pricing_mc_v1,0.037152400000195485
long_stable_no_break,12,ceded,long,stable,False,bornhuetter_ferguson_standard,frozen_standard,193137076.04509047,326815514.8271078,-133678438.78201732,133678438.78201732,-40.90333313971829,40.90333313971829,True,success,,,frozen_step21_pattern,pricing_mc_v1,0.003652499995951075
long_stable_no_break,13,ceded,long,stable,False,bornhuetter_ferguson_break_aware,frozen_break_aware,193137076.04509047,343895833.6100101,-150758757.56491962,150758757.56491962,-43.838494925147984,43.838494925147984,True,success,,,frozen_step21_pattern,pricing_mc_v1,0.0038856000028317794
long_stable_no_break,13,ceded,long,stable,False,bornhuetter_ferguson_break_aware_ceded_specific,ceded_specific_break_aware,323942087.9268017,343895833.6100101,-19953745.683208406,19953745.683208406,-5.802264445528774,5.802264445528774,True,success,,,step28_ceded_development_v1,pricing_mc_v1,0.03684400000202004
long_stable_no_break,13,ceded,long,stable,False,bornhuetter_ferguson_ceded_specific,ceded_specific_standard,323942087.9268017,343895833.6100101,-19953745.683208406,19953745.683208406,-5.802264445528774,5.802264445528774,True,success,,,step28_ceded_development_v1,pricing_mc_v1,0.036885900000925176
long_stable_no_break,13,ceded,long,stable,False,bornhuetter_ferguson_standard,frozen_standard,193137076.04509047,343895833.6100101,-150758757.56491962,150758757.56491962,-43.838494925147984,43.838494925147984,True,success,,,frozen_step21_pattern,pricing_mc_v1,0.0035864000019500963
long_stable_no_break,14,ceded,long,stable,False,bornhuetter_ferguson_break_aware,frozen_break_aware,193137076.04509047,310778910.8105192,-117641834.76542875,117641834.76542875,-37.85386674360107,37.85386674360107,True,success,,,frozen_step21_pattern,pricing_mc_v1,0.0034808000054908916
long_stable_no_break,14,ceded,long,stable,False,bornhuetter_ferguson_break_aware_ceded_specific,ceded_specific_break_aware,323942087.9268017,310778910.8105192,13163177.116282463,13163177.116282463,4.2355438732803865,4.2355438732803865,True,success,,,step28_ceded_development_v1,pricing_mc_v1,0.03666030000022147
long_stable_no_break,14,ceded,long,stable,False,bornhuetter_ferguson_ceded_specific,ceded_specific_standard,323942087.9268017,310778910.8105192,13163177.116282463,13163177.116282463,4.2355438732803865,4.2355438732803865,True,success,,,step28_ceded_development_v1,pricing_mc_v1,0.037510599999222904
long_stable_no_break,14,ceded,long,stable,False,bornhuetter_ferguson_standard,frozen_standard,193137076.04509047,310778910.8105192,-117641834.76542875,117641834.76542875,-37.85386674360107,37.85386674360107,True,success,,,frozen_step21_pattern,pricing_mc_v1,0.0036332999952719547
long_stable_no_break,15,ceded,long,stable,False,bornhuetter_ferguson_break_aware,frozen_break_aware,193137076.04509047,330696194.215333,-137559118.17024252,137559118.17024252,-41.59682529659559,41.59682529659559,True,success,,,frozen_step21_pattern,pricing_mc_v1,0.0035577999951783568
long_stable_no_break,15,ceded,long,stable,False,bornhuetter_ferguson_break_aware_ceded_specific,ceded_specific_break_aware,323942087.9268017,330696194.215333,-6754106.288531303,6754106.288531303,-2.042390086936823,2.042390086936823,True,success,,,step28_ceded_development_v1,pricing_mc_v1,0.03713109999807784
long_stable_no_break,15,ceded,long,stable,False,bornhuetter_ferguson_ceded_specific,ceded_specific_standard,323942087.9268017,330696194.215333,-6754106.288531303,6754106.288531303,-2.042390086936823,2.042390086936823,True,success,,,step28_ceded_development_v1,pricing_mc_v1,0.037040999995952006
long_stable_no_break,15,ceded,long,stable,False,bornhuetter_ferguson_standard,frozen_standard,193137076.04509047,330696194.215333,-137559118.17024252,137559118.17024252,-41.59682529659559,41.59682529659559,True,success,,,frozen_step21_pattern,pricing_mc_v1,0.0037511999980779365
long_stable_no_break,16,ceded,long,stable,False,bornhuetter_ferguson_break_aware,frozen_break_aware,193137076.04509047,308015453.66492426,-114878377.6198338,114878377.6198338,-37.29630323834487,37.29630323834487,True,success,,,frozen_step21_pattern,pricing_mc_v1,0.00363140000263229
long_stable_no_break,16,ceded,long,stable,False,bornhuetter_ferguson_break_aware_ceded_specific,ceded_specific_break_aware,323942087.9268017,308015453.66492426,15926634.261877418,15926634.261877418,5.170725712744032,5.170725712744032,True,success,,,step28_ceded_development_v1,pricing_mc_v1,0.037050700004328974
long_stable_no_break,16,ceded,long,stable,False,bornhuetter_ferguson_ceded_specific,ceded_specific_standard,323942087.9268017,308015453.66492426,15926634.261877418,15926634.261877418,5.170725712744032,5.170725712744032,True,success,,,step28_ceded_development_v1,pricing_mc_v1,0.03700220000609988
long_stable_no_break,16,ceded,long,stable,False,bornhuetter_ferguson_standard,frozen_standard,193137076.04509047,308015453.66492426,-114878377.6198338,114878377.6198338,-37.29630323834487,37.29630323834487,True,success,,,frozen_step21_pattern,pricing_mc_v1,0.0036135000045760535
long_stable_no_break,17,ceded,long,stable,False,bornhuetter_ferguson_break_aware,frozen_break_aware,193137076.04509047,298375335.4047163,-105238259.35962585,105238259.35962585,-35.27042850806709,35.27042850806709,True,success,,,frozen_step21_pattern,pricing_mc_v1,0.00398259999928996
long_stable_no_break,17,ceded,long,stable,False,bornhuetter_ferguson_break_aware_ceded_specific,ceded_specific_break_aware,323942087.9268017,298375335.4047163,25566752.52208537,25566752.52208537,8.56865480767927,8.56865480767927,True,success,,,step28_ceded_development_v1,pricing_mc_v1,0.0380825999964145
long_stable_no_break,17,ceded,long,stable,False,bornhuetter_ferguson_ceded_specific,ceded_specific_standard,323942087.9268017,298375335.4047163,25566752.52208537,25566752.52208537,8.56865480767927,8.56865480767927,True,success,,,step28_ceded_development_v1,pricing_mc_v1,0.036922799998137634
long_stable_no_break,17,ceded,long,stable,False,bornhuetter_ferguson_standard,frozen_standard,193137076.04509047,298375335.4047163,-105238259.35962585,105238259.35962585,-35.27042850806709,35.27042850806709,True,success,,,frozen_step21_pattern,pricing_mc_v1,0.0036609000017051585
long_stable_no_break,18,ceded,long,stable,False,bornhuetter_ferguson_break_aware,frozen_break_aware,193137076.04509047,301848369.40359706,-108711293.35850659,108711293.35850659,-36.015199808202475,36.015199808202475,True,success,,,frozen_step21_pattern,pricing_mc_v1,0.0037019000010332093
long_stable_no_break,18,ceded,long,stable,False,bornhuetter_ferguson_break_aware_ceded_specific,ceded_specific_break_aware,323942087.9268017,301848369.40359706,22093718.523204625,22093718.523204625,7.319475856986801,7.319475856986801,True,success,,,step28_ceded_development_v1,pricing_mc_v1,0.0369730999955209
long_stable_no_break,18,ceded,long,stable,False,bornhuetter_ferguson_ceded_specific,ceded_specific_standard,323942087.9268017,301848369.40359706,22093718.523204625,22093718.523204625,7.319475856986801,7.319475856986801,True,success,,,step28_ceded_development_v1,pricing_mc_v1,0.03721100000257138
long_stable_no_break,18,ceded,long,stable,False,bornhuetter_ferguson_standard,frozen_standard,193137076.04509047,301848369.40359706,-108711293.35850659,108711293.35850659,-36.015199808202475,36.015199808202475,True,success,,,frozen_step21_pattern,pricing_mc_v1,0.0037544000006164424
long_stable_no_break,19,ceded,long,stable,False,bornhuetter_ferguson_break_aware,frozen_break_aware,193137076.04509047,359797520.68867296,-166660444.6435825,166660444.6435825,-46.320620643684514,46.320620643684514,True,success,,,frozen_step21_pattern,pricing_mc_v1,0.0035542999976314604
long_stable_no_break,19,ceded,long,stable,False,bornhuetter_ferguson_break_aware_ceded_specific,ceded_specific_break_aware,323942087.9268017,359797520.68867296,-35855432.76187128,35855432.76187128,-9.965447425330208,9.965447425330208,True,success,,,step28_ceded_development_v1,pricing_mc_v1,0.03686609999567736
long_stable_no_break,19,ceded,long,stable,False,bornhuetter_ferguson_ceded_specific,ceded_specific_standard,323942087.9268017,359797520.68867296,-35855432.76187128,35855432.76187128,-9.965447425330208,9.965447425330208,True,success,,,step28_ceded_development_v1,pricing_mc_v1,0.037186499997915234
long_stable_no_break,19,ceded,long,stable,False,bornhuetter_ferguson_standard,frozen_standard,193137076.04509047,359797520.68867296,-166660444.6435825,166660444.6435825,-46.320620643684514,46.320620643684514,True,success,,,frozen_step21_pattern,pricing_mc_v1,0.0037107000025571324
long_stable_no_break,20,ceded,long,stable,False,bornhuetter_ferguson_break_aware,frozen_break_aware,193137076.04509047,344832767.6794761,-151695691.63438562,151695691.63438562,-43.99108955196149,43.99108955196149,True,success,,,frozen_step21_pattern,pricing_mc_v1,0.004164500001934357
long_stable_no_break,20,ceded,long,stable,False,bornhuetter_ferguson_break_aware_ceded_specific,ceded_specific_break_aware,323942087.9268017,344832767.6794761,-20890679.7526744,20890679.7526744,-6.0582060960321495,6.0582060960321495,True,success,,,step28_ceded_development_v1,pricing_mc_v1,0.03791349999664817
long_stable_no_break,20,ceded,long,stable,False,bornhuetter_ferguson_ceded_specific,ceded_specific_standard,323942087.9268017,344832767.6794761,-20890679.7526744,20890679.7526744,-6.0582060960321495,6.0582060960321495,True,success,,,step28_ceded_development_v1,pricing_mc_v1,0.03711420000036014
long_stable_no_break,20,ceded,long,stable,False,bornhuetter_ferguson_standard,frozen_standard,193137076.04509047,344832767.6794761,-151695691.63438562,151695691.63438562,-43.99108955196149,43.99108955196149,True,success,,,frozen_step21_pattern,pricing_mc_v1,0.0037698000014643185
long_stable_no_break,21,ceded,long,stable,False,bornhuetter_ferguson_break_aware,frozen_break_aware,193137076.04509047,293817676.39181364,-100680600.34672317,100680600.34672317,-34.266352379855775,34.266352379855775,True,success,,,frozen_step21_pattern,pricing_mc_v1,0.0036991000015405007
long_stable_no_break,21,ceded,long,stable,False,bornhuetter_ferguson_break_aware_ceded_specific,ceded_specific_break_aware,323942087.9268017,293817676.39181364,30124411.534988046,30124411.534988046,10.252756711211733,10.252756711211733,True,success,,,step28_ceded_development_v1,pricing_mc_v1,0.03697749999992084
long_stable_no_break,21,ceded,long,stable,False,bornhuetter_ferguson_ceded_specific,ceded_specific_standard,323942087.9268017,293817676.39181364,30124411.534988046,30124411.534988046,10.252756711211733,10.252756711211733,True,success,,,step28_ceded_development_v1,pricing_mc_v1,0.036832600002526306
long_stable_no_break,21,ceded,long,stable,False,bornhuetter_ferguson_standard,frozen_standard,193137076.04509047,293817676.39181364,-100680600.34672317,100680600.34672317,-34.266352379855775,34.266352379855775,True,success,,,frozen_step21_pattern,pricing_mc_v1,0.0035802999991574325
long_stable_no_break,22,ceded,long,stable,False,bornhuetter_ferguson_break_aware,frozen_break_aware,193137076.04509047,311236465.8362977,-118099389.79120722,118099389.79120722,-37.945229031525,37.945229031525,True,success,,,frozen_step21_pattern,pricing_mc_v1,0.00371179999638116
long_stable_no_break,22,ceded,long,stable,False,bornhuetter_ferguson_break_aware_ceded_specific,ceded_specific_break_aware,323942087.9268017,311236465.8362977,12705622.09050399,12705622.09050399,4.082305091199313,4.082305091199313,True,success,,,step28_ceded_development_v1,pricing_mc_v1,0.03679800000099931
long_stable_no_break,22,ceded,long,stable,False,bornhuetter_ferguson_ceded_specific,ceded_specific_standard,323942087.9268017,311236465.8362977,12705622.09050399,12705622.09050399,4.082305091199313,4.082305091199313,True,success,,,step28_ceded_development_v1,pricing_mc_v1,0.03700350000144681
long_stable_no_break,22,ceded,long,stable,False,bornhuetter_ferguson_standard,frozen_standard,193137076.04509047,311236465.8362977,-118099389.79120722,118099389.79120722,-37.945229031525,37.945229031525,True,success,,,frozen_step21_pattern,pricing_mc_v1,0.003574299997126218
long_stable_no_break,23,ceded,long,stable,False,bornhuetter_ferguson_break_aware,frozen_break_aware,193137076.04509047,361210837.2146398,-168073761.16954932,168073761.16954932,-46.53065297420078,46.53065297420078,True,success,,,frozen_step21_pattern,pricing_mc_v1,0.0035446999972919002
long_stable_no_break,23,ceded,long,stable,False,bornhuetter_ferguson_break_aware_ceded_specific,ceded_specific_break_aware,323942087.9268017,361210837.2146398,-37268749.2878381,37268749.2878381,-10.317727334878425,10.317727334878425,True,success,,,step28_ceded_development_v1,pricing_mc_v1,0.03664700000081211
long_stable_no_break,23,ceded,long,stable,False,bornhuetter_ferguson_ceded_specific,ceded_specific_standard,323942087.9268017,361210837.2146398,-37268749.2878381,37268749.2878381,-10.317727334878425,10.317727334878425,True,success,,,step28_ceded_development_v1,pricing_mc_v1,0.03691170000092825
long_stable_no_break,23,ceded,long,stable,False,bornhuetter_ferguson_standard,frozen_standard,193137076.04509047,361210837.2146398,-168073761.16954932,168073761.16954932,-46.53065297420078,46.53065297420078,True,success,,,frozen_step21_pattern,pricing_mc_v1,0.0036615999997593462
long_stable_no_break,24,ceded,long,stable,False,bornhuetter_ferguson_break_aware,frozen_break_aware,193137076.04509047,323707142.96329314,-130570066.91820267,130570066.91820267,-40.33586213851596,40.33586213851596,True,success,,,frozen_step21_pattern,pricing_mc_v1,0.0036504999952740036
long_stable_no_break,24,ceded,long,stable,False,bornhuetter_ferguson_break_aware_ceded_specific,ceded_specific_break_aware,323942087.9268017,323707142.96329314,234944.96350854635,234944.96350854635,0.07257948074849495,0.07257948074849495,True,success,,,step28_ceded_development_v1,pricing_mc_v1,0.036767700003110804
long_stable_no_break,24,ceded,long,stable,False,bornhuetter_ferguson_ceded_specific,ceded_specific_standard,323942087.9268017,323707142.96329314,234944.96350854635,234944.96350854635,0.07257948074849495,0.07257948074849495,True,success,,,step28_ceded_development_v1,pricing_mc_v1,0.03673279999929946
long_stable_no_break,24,ceded,long,stable,False,bornhuetter_ferguson_standard,frozen_standard,193137076.04509047,323707142.96329314,-130570066.91820267,130570066.91820267,-40.33586213851596,40.33586213851596,True,success,,,frozen_step21_pattern,pricing_mc_v1,0.003755300000193529
long_stable_no_break,25,ceded,long,stable,False,bornhuetter_ferguson_break_aware,frozen_break_aware,193137076.04509047,363276899.847718,-170139823.80262753,170139823.80262753,-46.83474888547783,46.83474888547783,True,success,,,frozen_step21_pattern,pricing_mc_v1,0.0037790999995195307
long_stable_no_break,25,ceded,long,stable,False,bornhuetter_ferguson_break_aware_ceded_specific,ceded_specific_break_aware,323942087.9268017,363276899.847718,-39334811.92091632,39334811.92091632,-10.82777681085835,10.82777681085835,True,success,,,step28_ceded_development_v1,pricing_mc_v1,0.036607999994885176
long_stable_no_break,25,ceded,long,stable,False,bornhuetter_ferguson_ceded_specific,ceded_specific_standard,323942087.9268017,363276899.847718,-39334811.92091632,39334811.92091632,-10.82777681085835,10.82777681085835,True,success,,,step28_ceded_development_v1,pricing_mc_v1,0.036613199998100754
long_stable_no_break,25,ceded,long,stable,False,bornhuetter_ferguson_standard,frozen_standard,193137076.04509047,363276899.847718,-170139823.80262753,170139823.80262753,-46.83474888547783,46.83474888547783,True,success,,,frozen_step21_pattern,pricing_mc_v1,0.003578600000764709
long_stable_no_break,26,ceded,long,stable,False,bornhuetter_ferguson_break_aware,frozen_break_aware,193137076.04509047,313802914.5115156,-120665838.46642515,120665838.46642515,-38.452746257714274,38.452746257714274,True,success,,,frozen_step21_pattern,pricing_mc_v1,0.00405069999396801
long_stable_no_break,26,ceded,long,stable,False,bornhuetter_ferguson_break_aware_ceded_specific,ceded_specific_break_aware,323942087.9268017,313802914.5115156,10139173.415286064,10139173.415286064,3.2310641317877202,3.2310641317877202,True,success,,,step28_ceded_development_v1,pricing_mc_v1,0.037161899999773595
long_stable_no_break,26,ceded,long,stable,False,bornhuetter_ferguson_ceded_specific,ceded_specific_standard,323942087.9268017,313802914.5115156,10139173.415286064,10139173.415286064,3.2310641317877202,3.2310641317877202,True,success,,,step28_ceded_development_v1,pricing_mc_v1,0.03703979999409057
long_stable_no_break,26,ceded,long,stable,False,bornhuetter_ferguson_standard,frozen_standard,193137076.04509047,313802914.5115156,-120665838.46642515,120665838.46642515,-38.452746257714274,38.452746257714274,True,success,,,frozen_step21_pattern,pricing_mc_v1,0.003662299997813534
long_stable_no_break,27,ceded,long,stable,False,bornhuetter_ferguson_break_aware,frozen_break_aware,193137076.04509047,344542605.07996076,-151405529.0348703,151405529.0348703,-43.94392066540868,43.94392066540868,True,success,,,frozen_step21_pattern,pricing_mc_v1,0.003477700003713835
long_stable_no_break,27,ceded,long,stable,False,bornhuetter_ferguson_break_aware_ceded_specific,ceded_specific_break_aware,323942087.9268017,344542605.07996076,-20600517.153159082,20600517.153159082,-5.979091366183336,5.979091366183336,True,success,,,step28_ceded_development_v1,pricing_mc_v1,0.036994900001445785
long_stable_no_break,27,ceded,long,stable,False,bornhuetter_ferguson_ceded_specific,ceded_specific_standard,323942087.9268017,344542605.07996076,-20600517.153159082,20600517.153159082,-5.979091366183336,5.979091366183336,True,success,,,step28_ceded_development_v1,pricing_mc_v1,0.03711460000340594
long_stable_no_break,27,ceded,long,stable,False,bornhuetter_ferguson_standard,frozen_standard,193137076.04509047,344542605.07996076,-151405529.0348703,151405529.0348703,-43.94392066540868,43.94392066540868,True,success,,,frozen_step21_pattern,pricing_mc_v1,0.003804400002991315
long_stable_no_break,28,ceded,long,stable,False,bornhuetter_ferguson_break_aware,frozen_break_aware,193137076.04509047,283540734.37113667,-90403658.3260462,90403658.3260462,-31.883834443242147,31.883834443242147,True,success,,,frozen_step21_pattern,pricing_mc_v1,0.003627700003562495
long_stable_no_break,28,ceded,long,stable,False,bornhuetter_ferguson_break_aware_ceded_specific,ceded_specific_break_aware,323942087.9268017,283540734.37113667,40401353.555665016,40401353.555665016,14.248871029155984,14.248871029155984,True,success,,,step28_ceded_development_v1,pricing_mc_v1,0.03732210000453051
long_stable_no_break,28,ceded,long,stable,False,bornhuetter_ferguson_ceded_specific,ceded_specific_standard,323942087.9268017,283540734.37113667,40401353.555665016,40401353.555665016,14.248871029155984,14.248871029155984,True,success,,,step28_ceded_development_v1,pricing_mc_v1,0.037113600003067404
long_stable_no_break,28,ceded,long,stable,False,bornhuetter_ferguson_standard,frozen_standard,193137076.04509047,283540734.37113667,-90403658.3260462,90403658.3260462,-31.883834443242147,31.883834443242147,True,success,,,frozen_step21_pattern,pricing_mc_v1,0.003655699998489581
long_stable_no_break,29,ceded,long,stable,False,bornhuetter_ferguson_break_aware,frozen_break_aware,193137076.04509047,290019944.5808143,-96882868.53572384,96882868.53572384,-33.405588252130485,33.405588252130485,True,success,,,frozen_step21_pattern,pricing_mc_v1,0.003787599998759106
long_stable_no_break,29,ceded,long,stable,False,bornhuetter_ferguson_break_aware_ceded_specific,ceded_specific_break_aware,323942087.9268017,290019944.5808143,33922143.34598738,33922143.34598738,11.696486389933415,11.696486389933415,True,success,,,step28_ceded_development_v1,pricing_mc_v1,0.03713340000103926
long_stable_no_break,29,ceded,long,stable,False,bornhuetter_ferguson_ceded_specific,ceded_specific_standard,323942087.9268017,290019944.5808143,33922143.34598738,33922143.34598738,11.696486389933415,11.696486389933415,True,success,,,step28_ceded_development_v1,pricing_mc_v1,0.03712409999570809
long_stable_no_break,29,ceded,long,stable,False,bornhuetter_ferguson_standard,frozen_standard,193137076.04509047,290019944.5808143,-96882868.53572384,96882868.53572384,-33.405588252130485,33.405588252130485,True,success,,,frozen_step21_pattern,pricing_mc_v1,0.0035981000037281774
long_stable_no_break,30,ceded,long,stable,False,bornhuetter_ferguson_break_aware,frozen_break_aware,193137076.04509047,281357250.1070676,-88220174.06197712,88220174.06197712,-31.35521619876717,31.35521619876717,True,success,,,frozen_step21_pattern,pricing_mc_v1,0.0035578000024543144
long_stable_no_break,30,ceded,long,stable,False,bornhuetter_ferguson_break_aware_ceded_specific,ceded_specific_break_aware,323942087.9268017,281357250.1070676,42584837.8197341,42584837.8197341,15.135503991288257,15.135503991288257,True,success,,,step28_ceded_development_v1,pricing_mc_v1,0.03738990000420017
long_stable_no_break,30,ceded,long,stable,False,bornhuetter_ferguson_ceded_specific,ceded_specific_standard,323942087.9268017,281357250.1070676,42584837.8197341,42584837.8197341,15.135503991288257,15.135503991288257,True,success,,,step28_ceded_development_v1,pricing_mc_v1,0.03728009999758797
long_stable_no_break,30,ceded,long,stable,False,bornhuetter_ferguson_standard,frozen_standard,193137076.04509047,281357250.1070676,-88220174.06197712,88220174.06197712,-31.35521619876717,31.35521619876717,True,success,,,frozen_step21_pattern,pricing_mc_v1,0.0036301000000094064
long_stable_no_break,31,ceded,long,stable,False,bornhuetter_ferguson_break_aware,frozen_break_aware,193137076.04509047,332551525.6775034,-139414449.63241294,139414449.63241294,-41.9226612623068,41.9226612623068,True,success,,,frozen_step21_pattern,pricing_mc_v1,0.0035063999966951087
long_stable_no_break,31,ceded,long,stable,False,bornhuetter_ferguson_break_aware_ceded_specific,ceded_specific_break_aware,323942087.9268017,332551525.6775034,-8609437.750701725,8609437.750701725,-2.588903398702447,2.588903398702447,True,success,,,step28_ceded_development_v1,pricing_mc_v1,0.03674309999769321
long_stable_no_break,31,ceded,long,stable,False,bornhuetter_ferguson_ceded_specific,ceded_specific_standard,323942087.9268017,332551525.6775034,-8609437.750701725,8609437.750701725,-2.588903398702447,2.588903398702447,True,success,,,step28_ceded_development_v1,pricing_mc_v1,0.03751119999651564
long_stable_no_break,31,ceded,long,stable,False,bornhuetter_ferguson_standard,frozen_standard,193137076.04509047,332551525.6775034,-139414449.63241294,139414449.63241294,-41.9226612623068,41.9226612623068,True,success,,,frozen_step21_pattern,pricing_mc_v1,0.003711200006364379
long_stable_no_break,32,ceded,long,stable,False,bornhuetter_ferguson_break_aware,frozen_break_aware,193137076.04509047,293222850.623987,-100085774.57889655,100085774.57889655,-34.13300647132753,34.13300647132753,True,success,,,frozen_step21_pattern,pricing_mc_v1,0.004181500000413507
long_stable_no_break,32,ceded,long,stable,False,bornhuetter_ferguson_break_aware_ceded_specific,ceded_specific_break_aware,323942087.9268017,293222850.623987,30719237.302814662,30719237.302814662,10.476413157243103,10.476413157243103,True,success,,,step28_ceded_development_v1,pricing_mc_v1,0.03730910000012955
long_stable_no_break,32,ceded,long,stable,False,bornhuetter_ferguson_ceded_specific,ceded_specific_standard,323942087.9268017,293222850.623987,30719237.302814662,30719237.302814662,10.476413157243103,10.476413157243103,True,success,,,step28_ceded_development_v1,pricing_mc_v1,0.03678100000252016
long_stable_no_break,32,ceded,long,stable,False,bornhuetter_ferguson_standard,frozen_standard,193137076.04509047,293222850.623987,-100085774.57889655,100085774.57889655,-34.13300647132753,34.13300647132753,True,success,,,frozen_step21_pattern,pricing_mc_v1,0.00377920000028098
long_stable_no_break,33,ceded,long,stable,False,bornhuetter_ferguson_break_aware,frozen_break_aware,193137076.04509047,335790889.91233647,-142653813.867246,142653813.867246,-42.48293153649524,42.48293153649524,True,success,,,frozen_step21_pattern,pricing_mc_v1,0.003693600003316533
long_stable_no_break,33,ceded,long,stable,False,bornhuetter_ferguson_break_aware_ceded_specific,ceded_specific_break_aware,323942087.9268017,335790889.91233647,-11848801.985534787,11848801.985534787,-3.5286252073807316,3.5286252073807316,True,success,,,step28_ceded_development_v1,pricing_mc_v1,0.037014000001363456
long_stable_no_break,33,ceded,long,stable,False,bornhuetter_ferguson_ceded_specific,ceded_specific_standard,323942087.9268017,335790889.91233647,-11848801.985534787,11848801.985534787,-3.5286252073807316,3.5286252073807316,True,success,,,step28_ceded_development_v1,pricing_mc_v1,0.03694300000643125
long_stable_no_break,33,ceded,long,stable,False,bornhuetter_ferguson_standard,frozen_standard,193137076.04509047,335790889.91233647,-142653813.867246,142653813.867246,-42.48293153649524,42.48293153649524,True,success,,,frozen_step21_pattern,pricing_mc_v1,0.0036110000000917353
long_stable_no_break,34,ceded,long,stable,False,bornhuetter_ferguson_break_aware,frozen_break_aware,193137076.04509047,344455918.59654194,-151318842.55145147,151318842.55145147,-43.929813477436525,43.929813477436525,True,success,,,frozen_step21_pattern,pricing_mc_v1,0.003624700002546888
long_stable_no_break,34,ceded,long,stable,False,bornhuetter_ferguson_break_aware_ceded_specific,ceded_specific_break_aware,323942087.9268017,344455918.59654194,-20513830.66974026,20513830.66974026,-5.9554298713525435,5.9554298713525435,True,success,,,step28_ceded_development_v1,pricing_mc_v1,0.03697850000025937
long_stable_no_break,34,ceded,long,stable,False,bornhuetter_ferguson_ceded_specific,ceded_specific_standard,323942087.9268017,344455918.59654194,-20513830.66974026,20513830.66974026,-5.9554298713525435,5.9554298713525435,True,success,,,step28_ceded_development_v1,pricing_mc_v1,0.03702969999721972
long_stable_no_break,34,ceded,long,stable,False,bornhuetter_ferguson_standard,frozen_standard,193137076.04509047,344455918.59654194,-151318842.55145147,151318842.55145147,-43.929813477436525,43.929813477436525,True,success,,,frozen_step21_pattern,pricing_mc_v1,0.0036000000036437996
long_stable_no_break,35,ceded,long,stable,False,bornhuetter_ferguson_break_aware,frozen_break_aware,193137076.04509047,318840831.45350105,-125703755.40841058,125703755.40841058,-39.42523761318911,39.42523761318911,True,success,,,frozen_step21_pattern,pricing_mc_v1,0.003621500000008382
long_stable_no_break,35,ceded,long,stable,False,bornhuetter_ferguson_break_aware_ceded_specific,ceded_specific_break_aware,323942087.9268017,318840831.45350105,5101256.473300636,5101256.473300636,1.5999382670172815,1.5999382670172815,True,success,,,step28_ceded_development_v1,pricing_mc_v1,0.03703680000035092
long_stable_no_break,35,ceded,long,stable,False,bornhuetter_ferguson_ceded_specific,ceded_specific_standard,323942087.9268017,318840831.45350105,5101256.473300636,5101256.473300636,1.5999382670172815,1.5999382670172815,True,success,,,step28_ceded_development_v1,pricing_mc_v1,0.037079800000356045
long_stable_no_break,35,ceded,long,stable,False,bornhuetter_ferguson_standard,frozen_standard,193137076.04509047,318840831.45350105,-125703755.40841058,125703755.40841058,-39.42523761318911,39.42523761318911,True,success,,,frozen_step21_pattern,pricing_mc_v1,0.0037106999952811748
long_stable_no_break,36,ceded,long,stable,False,bornhuetter_ferguson_break_aware,frozen_break_aware,193137076.04509047,285155330.521339,-92018254.47624853,92018254.47624853,-32.26951932058045,32.26951932058045,True,success,,,frozen_step21_pattern,pricing_mc_v1,0.003772999996726867
long_stable_no_break,36,ceded,long,stable,False,bornhuetter_ferguson_break_aware_ceded_specific,ceded_specific_break_aware,323942087.9268017,285155330.521339,38786757.40546268,38786757.40546268,13.601975223310847,13.601975223310847,True,success,,,step28_ceded_development_v1,pricing_mc_v1,0.037060599999676924
long_stable_no_break,36,ceded,long,stable,False,bornhuetter_ferguson_ceded_specific,ceded_specific_standard,323942087.9268017,285155330.521339,38786757.40546268,38786757.40546268,13.601975223310847,13.601975223310847,True,success,,,step28_ceded_development_v1,pricing_mc_v1,0.037288399995304644
long_stable_no_break,36,ceded,long,stable,False,bornhuetter_ferguson_standard,frozen_standard,193137076.04509047,285155330.521339,-92018254.47624853,92018254.47624853,-32.26951932058045,32.26951932058045,True,success,,,frozen_step21_pattern,pricing_mc_v1,0.0038471000007120892
long_stable_no_break,37,ceded,long,stable,False,bornhuetter_ferguson_break_aware,frozen_break_aware,193137076.04509047,275566464.44821846,-82429388.403128,82429388.403128,-29.91270674687531,29.91270674687531,True,success,,,frozen_step21_pattern,pricing_mc_v1,0.0037020000017946586
long_stable_no_break,37,ceded,long,stable,False,bornhuetter_ferguson_break_aware_ceded_specific,ceded_specific_break_aware,323942087.9268017,275566464.44821846,48375623.47858322,48375623.47858322,17.554974831733727,17.554974831733727,True,success,,,step28_ceded_development_v1,pricing_mc_v1,0.03698240000085207
long_stable_no_break,37,ceded,long,stable,False,bornhuetter_ferguson_ceded_specific,ceded_specific_standard,323942087.9268017,275566464.44821846,48375623.47858322,48375623.47858322,17.554974831733727,17.554974831733727,True,success,,,step28_ceded_development_v1,pricing_mc_v1,0.03684570000041276
long_stable_no_break,37,ceded,long,stable,False,bornhuetter_ferguson_standard,frozen_standard,193137076.04509047,275566464.44821846,-82429388.403128,82429388.403128,-29.91270674687531,29.91270674687531,True,success,,,frozen_step21_pattern,pricing_mc_v1,0.003593399997043889
long_stable_no_break,38,ceded,long,stable,False,bornhuetter_ferguson_break_aware,frozen_break_aware,193137076.04509047,306004779.9733002,-112867703.92820975,112867703.92820975,-36.88429440156385,36.88429440156385,True,success,,,frozen_step21_pattern,pricing_mc_v1,0.0037129000047571026
long_stable_no_break,38,ceded,long,stable,False,bornhuetter_ferguson_break_aware_ceded_specific,ceded_specific_break_aware,323942087.9268017,306004779.9733002,17937307.953501463,17937307.953501463,5.861773778522853,5.861773778522853,True,success,,,step28_ceded_development_v1,pricing_mc_v1,0.03758090000337688
long_stable_no_break,38,ceded,long,stable,False,bornhuetter_ferguson_ceded_specific,ceded_specific_standard,323942087.9268017,306004779.9733002,17937307.953501463,17937307.953501463,5.861773778522853,5.861773778522853,True,success,,,step28_ceded_development_v1,pricing_mc_v1,0.03740470000047935
long_stable_no_break,38,ceded,long,stable,False,bornhuetter_ferguson_standard,frozen_standard,193137076.04509047,306004779.9733002,-112867703.92820975,112867703.92820975,-36.88429440156385,36.88429440156385,True,success,,,frozen_step21_pattern,pricing_mc_v1,0.0036286000031395815
long_stable_no_break,39,ceded,long,stable,False,bornhuetter_ferguson_break_aware,frozen_break_aware,193137076.04509047,329251731.71843934,-136114655.67334887,136114655.67334887,-41.34060433423863,41.34060433423863,True,success,,,frozen_step21_pattern,pricing_mc_v1,0.003570900000340771
long_stable_no_break,39,ceded,long,stable,False,bornhuetter_ferguson_break_aware_ceded_specific,ceded_specific_break_aware,323942087.9268017,329251731.71843934,-5309643.791637659,5309643.791637659,-1.6126395946121304,1.6126395946121304,True,success,,,step28_ceded_development_v1,pricing_mc_v1,0.03716230000281939
long_stable_no_break,39,ceded,long,stable,False,bornhuetter_ferguson_ceded_specific,ceded_specific_standard,323942087.9268017,329251731.71843934,-5309643.791637659,5309643.791637659,-1.6126395946121304,1.6126395946121304,True,success,,,step28_ceded_development_v1,pricing_mc_v1,0.03789270000561373
long_stable_no_break,39,ceded,long,stable,False,bornhuetter_ferguson_standard,frozen_standard,193137076.04509047,329251731.71843934,-136114655.67334887,136114655.67334887,-41.34060433423863,41.34060433423863,True,success,,,frozen_step21_pattern,pricing_mc_v1,0.0037118000036571175
long_stable_no_break,40,ceded,long,stable,False,bornhuetter_ferguson_break_aware,frozen_break_aware,193137076.04509047,272935019.0575721,-79797943.01248166,79797943.01248166,-29.23697489901408,29.23697489901408,True,success,,,frozen_step21_pattern,pricing_mc_v1,0.0035788000022876076
long_stable_no_break,40,ceded,long,stable,False,bornhuetter_ferguson_break_aware_ceded_specific,ceded_specific_break_aware,323942087.9268017,272935019.0575721,51007068.869229555,51007068.869229555,18.688356314757204,18.688356314757204,True,success,,,step28_ceded_development_v1,pricing_mc_v1,0.03772160000517033
long_stable_no_break,40,ceded,long,stable,False,bornhuetter_ferguson_ceded_specific,ceded_specific_standard,323942087.9268017,272935019.0575721,51007068.869229555,51007068.869229555,18.688356314757204,18.688356314757204,True,success,,,step28_ceded_development_v1,pricing_mc_v1,0.03785510000307113
long_stable_no_break,40,ceded,long,stable,False,bornhuetter_ferguson_standard,frozen_standard,193137076.04509047,272935019.0575721,-79797943.01248166,79797943.01248166,-29.23697489901408,29.23697489901408,True,success,,,frozen_step21_pattern,pricing_mc_v1,0.003932200001145247
long_stable_no_break,41,ceded,long,stable,False,bornhuetter_ferguson_break_aware,frozen_break_aware,193137076.04509047,308169176.89685106,-115032100.8517606,115032100.8517606,-37.327581560911135,37.327581560911135,True,success,,,frozen_step21_pattern,pricing_mc_v1,0.0036056999961147085
long_stable_no_break,41,ceded,long,stable,False,bornhuetter_ferguson_break_aware_ceded_specific,ceded_specific_break_aware,323942087.9268017,308169176.89685106,15772911.029950619,15772911.029950619,5.118263672174473,5.118263672174473,True,success,,,step28_ceded_development_v1,pricing_mc_v1,0.036949499997717794
long_stable_no_break,41,ceded,long,stable,False,bornhuetter_ferguson_ceded_specific,ceded_specific_standard,323942087.9268017,308169176.89685106,15772911.029950619,15772911.029950619,5.118263672174473,5.118263672174473,True,success,,,step28_ceded_development_v1,pricing_mc_v1,0.037198300000454765
long_stable_no_break,41,ceded,long,stable,False,bornhuetter_ferguson_standard,frozen_standard,193137076.04509047,308169176.89685106,-115032100.8517606,115032100.8517606,-37.327581560911135,37.327581560911135,True,success,,,frozen_step21_pattern,pricing_mc_v1,0.0036718000046676025
long_stable_no_break,42,ceded,long,stable,False,bornhuetter_ferguson_break_aware,frozen_break_aware,193137076.04509047,360547450.5584931,-167410374.5134026,167410374.5134026,-46.43227243850472,46.43227243850472,True,success,,,frozen_step21_pattern,pricing_mc_v1,0.0038165000005392358
long_stable_no_break,42,ceded,long,stable,False,bornhuetter_ferguson_break_aware_ceded_specific,ceded_specific_break_aware,323942087.9268017,360547450.5584931,-36605362.631691396,36605362.631691396,-10.152717090355008,10.152717090355008,True,success,,,step28_ceded_development_v1,pricing_mc_v1,0.03721239999867976
long_stable_no_break,42,ceded,long,stable,False,bornhuetter_ferguson_ceded_specific,ceded_specific_standard,323942087.9268017,360547450.5584931,-36605362.631691396,36605362.631691396,-10.152717090355008,10.152717090355008,True,success,,,step28_ceded_development_v1,pricing_mc_v1,0.03694480000558542
long_stable_no_break,42,ceded,long,stable,False,bornhuetter_ferguson_standard,frozen_standard,193137076.04509047,360547450.5584931,-167410374.5134026,167410374.5134026,-46.43227243850472,46.43227243850472,True,success,,,frozen_step21_pattern,pricing_mc_v1,0.003595599999243859
long_stable_no_break,43,ceded,long,stable,False,bornhuetter_ferguson_break_aware,frozen_break_aware,193137076.04509047,358094696.74800676,-164957620.7029163,164957620.7029163,-46.065362654336624,46.065362654336624,True,success,,,frozen_step21_pattern,pricing_mc_v1,0.0035891999941668473
long_stable_no_break,43,ceded,long,stable,False,bornhuetter_ferguson_break_aware_ceded_specific,ceded_specific_break_aware,323942087.9268017,358094696.74800676,-34152608.82120508,34152608.82120508,-9.537312094079534,9.537312094079534,True,success,,,step28_ceded_development_v1,pricing_mc_v1,0.03683719999389723
long_stable_no_break,43,ceded,long,stable,False,bornhuetter_ferguson_ceded_specific,ceded_specific_standard,323942087.9268017,358094696.74800676,-34152608.82120508,34152608.82120508,-9.537312094079534,9.537312094079534,True,success,,,step28_ceded_development_v1,pricing_mc_v1,0.03694980000000214
long_stable_no_break,43,ceded,long,stable,False,bornhuetter_ferguson_standard,frozen_standard,193137076.04509047,358094696.74800676,-164957620.7029163,164957620.7029163,-46.065362654336624,46.065362654336624,True,success,,,frozen_step21_pattern,pricing_mc_v1,0.0036323000022093765
long_stable_no_break,44,ceded,long,stable,False,bornhuetter_ferguson_break_aware,frozen_break_aware,193137076.04509047,370398801.8839722,-177261725.83888176,177261725.83888176,-47.85699223033912,47.85699223033912,True,success,,,frozen_step21_pattern,pricing_mc_v1,0.003499400001601316
long_stable_no_break,44,ceded,long,stable,False,bornhuetter_ferguson_break_aware_ceded_specific,ceded_specific_break_aware,323942087.9268017,370398801.8839722,-46456713.957170546,46456713.957170546,-12.542349953854103,12.542349953854103,True,success,,,step28_ceded_development_v1,pricing_mc_v1,0.037602100004733074
long_stable_no_break,44,ceded,long,stable,False,bornhuetter_ferguson_ceded_specific,ceded_specific_standard,323942087.9268017,370398801.8839722,-46456713.957170546,46456713.957170546,-12.542349953854103,12.542349953854103,True,success,,,step28_ceded_development_v1,pricing_mc_v1,0.037340800001402386
long_stable_no_break,44,ceded,long,stable,False,bornhuetter_ferguson_standard,frozen_standard,193137076.04509047,370398801.8839722,-177261725.83888176,177261725.83888176,-47.85699223033912,47.85699223033912,True,success,,,frozen_step21_pattern,pricing_mc_v1,0.0037541999990935437
long_stable_no_break,45,ceded,long,stable,False,bornhuetter_ferguson_break_aware,frozen_break_aware,193137076.04509047,334276857.95551425,-141139781.9104238,141139781.9104238,-42.22242089196816,42.22242089196816,True,success,,,frozen_step21_pattern,pricing_mc_v1,0.0036507999975583516
long_stable_no_break,45,ceded,long,stable,False,bornhuetter_ferguson_break_aware_ceded_specific,ceded_specific_break_aware,323942087.9268017,334276857.95551425,-10334770.02871257,10334770.02871257,-3.091679780623021,3.091679780623021,True,success,,,step28_ceded_development_v1,pricing_mc_v1,0.03712000000086846
long_stable_no_break,45,ceded,long,stable,False,bornhuetter_ferguson_ceded_specific,ceded_specific_standard,323942087.9268017,334276857.95551425,-10334770.02871257,10334770.02871257,-3.091679780623021,3.091679780623021,True,success,,,step28_ceded_development_v1,pricing_mc_v1,0.03726060000190046
long_stable_no_break,45,ceded,long,stable,False,bornhuetter_ferguson_standard,frozen_standard,193137076.04509047,334276857.95551425,-141139781.9104238,141139781.9104238,-42.22242089196816,42.22242089196816,True,success,,,frozen_step21_pattern,pricing_mc_v1,0.003733099998498801
long_stable_no_break,46,ceded,long,stable,False,bornhuetter_ferguson_break_aware,frozen_break_aware,193137076.04509047,346477413.34940356,-153340337.3043131,153340337.3043131,-44.256950495551564,44.256950495551564,True,success,,,frozen_step21_pattern,pricing_mc_v1,0.003819999998086132
long_stable_no_break,46,ceded,long,stable,False,bornhuetter_ferguson_break_aware_ceded_specific,ceded_specific_break_aware,323942087.9268017,346477413.34940356,-22535325.42260188,22535325.42260188,-6.50412539298088,6.50412539298088,True,success,,,step28_ceded_development_v1,pricing_mc_v1,0.03731739999784622
long_stable_no_break,46,ceded,long,stable,False,bornhuetter_ferguson_ceded_specific,ceded_specific_standard,323942087.9268017,346477413.34940356,-22535325.42260188,22535325.42260188,-6.50412539298088,6.50412539298088,True,success,,,step28_ceded_development_v1,pricing_mc_v1,0.037179200000537094
long_stable_no_break,46,ceded,long,stable,False,bornhuetter_ferguson_standard,frozen_standard,193137076.04509047,346477413.34940356,-153340337.3043131,153340337.3043131,-44.256950495551564,44.256950495551564,True,success,,,frozen_step21_pattern,pricing_mc_v1,0.003614599998400081
long_stable_no_break,47,ceded,long,stable,False,bornhuetter_ferguson_break_aware,frozen_break_aware,193137076.04509047,292656654.2204359,-99519578.17534545,99519578.17534545,-34.00557504507824,34.00557504507824,True,success,,,frozen_step21_pattern,pricing_mc_v1,0.0035743000044021755
long_stable_no_break,47,ceded,long,stable,False,bornhuetter_ferguson_break_aware_ceded_specific,ceded_specific_break_aware,323942087.9268017,292656654.2204359,31285433.706365764,31285433.706365764,10.690149448233916,10.690149448233916,True,success,,,step28_ceded_development_v1,pricing_mc_v1,0.037045500001113396
long_stable_no_break,47,ceded,long,stable,False,bornhuetter_ferguson_ceded_specific,ceded_specific_standard,323942087.9268017,292656654.2204359,31285433.706365764,31285433.706365764,10.690149448233916,10.690149448233916,True,success,,,step28_ceded_development_v1,pricing_mc_v1,0.037394099999801256
long_stable_no_break,47,ceded,long,stable,False,bornhuetter_ferguson_standard,frozen_standard,193137076.04509047,292656654.2204359,-99519578.17534545,99519578.17534545,-34.00557504507824,34.00557504507824,True,success,,,frozen_step21_pattern,pricing_mc_v1,0.003638700000010431
long_stable_no_break,48,ceded,long,stable,False,bornhuetter_ferguson_break_aware,frozen_break_aware,193137076.04509047,313950165.89818645,-120813089.85309598,120813089.85309598,-38.48161363682014,38.48161363682014,True,success,,,frozen_step21_pattern,pricing_mc_v1,0.0035007000042242
long_stable_no_break,48,ceded,long,stable,False,bornhuetter_ferguson_break_aware_ceded_specific,ceded_specific_break_aware,323942087.9268017,313950165.89818645,9991922.028615236,9991922.028615236,3.1826458826766797,3.1826458826766797,True,success,,,step28_ceded_development_v1,pricing_mc_v1,0.03693109999585431
long_stable_no_break,48,ceded,long,stable,False,bornhuetter_ferguson_ceded_specific,ceded_specific_standard,323942087.9268017,313950165.89818645,9991922.028615236,9991922.028615236,3.1826458826766797,3.1826458826766797,True,success,,,step28_ceded_development_v1,pricing_mc_v1,0.0371789000055287
long_stable_no_break,48,ceded,long,stable,False,bornhuetter_ferguson_standard,frozen_standard,193137076.04509047,313950165.89818645,-120813089.85309598,120813089.85309598,-38.48161363682014,38.48161363682014,True,success,,,frozen_step21_pattern,pricing_mc_v1,0.0036955999967176467
long_stable_no_break,49,ceded,long,stable,False,bornhuetter_ferguson_break_aware,frozen_break_aware,193137076.04509047,296424848.4121561,-103287772.36706564,103287772.36706564,-34.84450541860508,34.84450541860508,True,success,,,frozen_step21_pattern,pricing_mc_v1,0.003751099997316487
long_stable_no_break,49,ceded,long,stable,False,bornhuetter_ferguson_break_aware_ceded_specific,ceded_specific_break_aware,323942087.9268017,296424848.4121561,27517239.514645576,27517239.514645576,9.28304076464769,9.28304076464769,True,success,,,step28_ceded_development_v1,pricing_mc_v1,0.03702979999798117
long_stable_no_break,49,ceded,long,stable,False,bornhuetter_ferguson_ceded_specific,ceded_specific_standard,323942087.9268017,296424848.4121561,27517239.514645576,27517239.514645576,9.28304076464769,9.28304076464769,True,success,,,step28_ceded_development_v1,pricing_mc_v1,0.03702029999840306
long_stable_no_break,49,ceded,long,stable,False,bornhuetter_ferguson_standard,frozen_standard,193137076.04509047,296424848.4121561,-103287772.36706564,103287772.36706564,-34.84450541860508,34.84450541860508,True,success,,,frozen_step21_pattern,pricing_mc_v1,0.0038010999996913597
long_stable_no_break,50,ceded,long,stable,False,bornhuetter_ferguson_break_aware,frozen_break_aware,193137076.04509047,338468329.66566014,-145331253.62056968,145331253.62056968,-42.937917932861914,42.937917932861914,True,success,,,frozen_step21_pattern,pricing_mc_v1,0.003826700005447492
long_stable_no_break,50,ceded,long,stable,False,bornhuetter_ferguson_break_aware_ceded_specific,ceded_specific_break_aware,323942087.9268017,338468329.66566014,-14526241.738858461,14526241.738858461,-4.29175803633017,4.29175803633017,True,success,,,step28_ceded_development_v1,pricing_mc_v1,0.037689500000851694
long_stable_no_break,50,ceded,long,stable,False,bornhuetter_ferguson_ceded_specific,ceded_specific_standard,323942087.9268017,338468329.66566014,-14526241.738858461,14526241.738858461,-4.29175803633017,4.29175803633017,True,success,,,step28_ceded_development_v1,pricing_mc_v1,0.037597399998048786
long_stable_no_break,50,ceded,long,stable,False,bornhuetter_ferguson_standard,frozen_standard,193137076.04509047,338468329.66566014,-145331253.62056968,145331253.62056968,-42.937917932861914,42.937917932861914,True,success,,,frozen_step21_pattern,pricing_mc_v1,0.003652300001704134
short_emerging_no_break,1,ceded,short,emerging,False,bornhuetter_ferguson_break_aware,frozen_break_aware,30516608.13167624,70592445.43832305,-40075837.30664681,40075837.30664681,-56.77071683493563,56.77071683493563,True,success,,,frozen_step21_pattern,pricing_mc_v1,0.00396030000410974
short_emerging_no_break,1,ceded,short,emerging,False,bornhuetter_ferguson_break_aware_ceded_specific,ceded_specific_break_aware,71276827.49738869,70592445.43832305,684382.05906564,684382.05906564,0.9694834267550453,0.9694834267550453,True,success,,,step28_ceded_development_v1,pricing_mc_v1,0.03223020000586985
short_emerging_no_break,1,ceded,short,emerging,False,bornhuetter_ferguson_ceded_specific,ceded_specific_standard,71276827.49738869,70592445.43832305,684382.05906564,684382.05906564,0.9694834267550453,0.9694834267550453,True,success,,,step28_ceded_development_v1,pricing_mc_v1,0.03245060000335798
short_emerging_no_break,1,ceded,short,emerging,False,bornhuetter_ferguson_standard,frozen_standard,30516608.13167624,70592445.43832305,-40075837.30664681,40075837.30664681,-56.77071683493563,56.77071683493563,True,success,,,frozen_step21_pattern,pricing_mc_v1,0.0035785000000032596
short_emerging_no_break,2,ceded,short,emerging,False,bornhuetter_ferguson_break_aware,frozen_break_aware,30516608.13167624,67858248.2673998,-37341640.13572356,37341640.13572356,-55.028889028458885,55.028889028458885,True,success,,,frozen_step21_pattern,pricing_mc_v1,0.0037459000013768673
short_emerging_no_break,2,ceded,short,emerging,False,bornhuetter_ferguson_break_aware_ceded_specific,ceded_specific_break_aware,71276827.49738869,67858248.2673998,3418579.229988888,3418579.229988888,5.0378241662203775,5.0378241662203775,True,success,,,step28_ceded_development_v1,pricing_mc_v1,0.03240070000174455
short_emerging_no_break,2,ceded,short,emerging,False,bornhuetter_ferguson_ceded_specific,ceded_specific_standard,71276827.49738869,67858248.2673998,3418579.229988888,3418579.229988888,5.0378241662203775,5.0378241662203775,True,success,,,step28_ceded_development_v1,pricing_mc_v1,0.03205300000263378
short_emerging_no_break,2,ceded,short,emerging,False,bornhuetter_ferguson_standard,frozen_standard,30516608.13167624,67858248.2673998,-37341640.13572356,37341640.13572356,-55.028889028458885,55.028889028458885,True,success,,,frozen_step21_pattern,pricing_mc_v1,0.003596900001866743
short_emerging_no_break,3,ceded,short,emerging,False,bornhuetter_ferguson_break_aware,frozen_break_aware,30516608.13167624,66381607.12761541,-35864998.995939165,35864998.995939165,-54.028518663295465,54.028518663295465,True,success,,,frozen_step21_pattern,pricing_mc_v1,0.00361249999696156
short_emerging_no_break,3,ceded,short,emerging,False,bornhuetter_ferguson_break_aware_ceded_specific,ceded_specific_break_aware,71276827.49738869,66381607.12761541,4895220.369773284,4895220.369773284,7.374362540458626,7.374362540458626,True,success,,,step28_ceded_development_v1,pricing_mc_v1,0.031948199997714255
short_emerging_no_break,3,ceded,short,emerging,False,bornhuetter_ferguson_ceded_specific,ceded_specific_standard,71276827.49738869,66381607.12761541,4895220.369773284,4895220.369773284,7.374362540458626,7.374362540458626,True,success,,,step28_ceded_development_v1,pricing_mc_v1,0.03198240000347141
short_emerging_no_break,3,ceded,short,emerging,False,bornhuetter_ferguson_standard,frozen_standard,30516608.13167624,66381607.12761541,-35864998.995939165,35864998.995939165,-54.028518663295465,54.028518663295465,True,success,,,frozen_step21_pattern,pricing_mc_v1,0.0037784999949508347
short_emerging_no_break,4,ceded,short,emerging,False,bornhuetter_ferguson_break_aware,frozen_break_aware,30516608.13167624,60023663.95776619,-29507055.82608995,29507055.82608995,-49.15903808679804,49.15903808679804,True,success,,,frozen_step21_pattern,pricing_mc_v1,0.0035758000012720004
short_emerging_no_break,4,ceded,short,emerging,False,bornhuetter_ferguson_break_aware_ceded_specific,ceded_specific_break_aware,71276827.49738869,60023663.95776619,11253163.5396225,11253163.5396225,18.747878415986808,18.747878415986808,True,success,,,step28_ceded_development_v1,pricing_mc_v1,0.03196770000067772
short_emerging_no_break,4,ceded,short,emerging,False,bornhuetter_ferguson_ceded_specific,ceded_specific_standard,71276827.49738869,60023663.95776619,11253163.5396225,11253163.5396225,18.747878415986808,18.747878415986808,True,success,,,step28_ceded_development_v1,pricing_mc_v1,0.03190629999880912
short_emerging_no_break,4,ceded,short,emerging,False,bornhuetter_ferguson_standard,frozen_standard,30516608.13167624,60023663.95776619,-29507055.82608995,29507055.82608995,-49.15903808679804,49.15903808679804,True,success,,,frozen_step21_pattern,pricing_mc_v1,0.0038155000002007
short_emerging_no_break,5,ceded,short,emerging,False,bornhuetter_ferguson_break_aware,frozen_break_aware,30516608.13167624,62322952.05797233,-31806343.926296085,31806343.926296085,-51.034719755749165,51.034719755749165,True,success,,,frozen_step21_pattern,pricing_mc_v1,0.0035414000012679026
short_emerging_no_break,5,ceded,short,emerging,False,bornhuetter_ferguson_break_aware_ceded_specific,ceded_specific_break_aware,71276827.49738869,62322952.05797233,8953875.439416364,8953875.439416364,14.366898780865736,14.366898780865736,True,success,,,step28_ceded_development_v1,pricing_mc_v1,0.032093299996631686
short_emerging_no_break,5,ceded,short,emerging,False,bornhuetter_ferguson_ceded_specific,ceded_specific_standard,71276827.49738869,62322952.05797233,8953875.439416364,8953875.439416364,14.366898780865736,14.366898780865736,True,success,,,step28_ceded_development_v1,pricing_mc_v1,0.03201370000169845
short_emerging_no_break,5,ceded,short,emerging,False,bornhuetter_ferguson_standard,frozen_standard,30516608.13167624,62322952.05797233,-31806343.926296085,31806343.926296085,-51.034719755749165,51.034719755749165,True,success,,,frozen_step21_pattern,pricing_mc_v1,0.003665000003820751
short_emerging_no_break,6,ceded,short,emerging,False,bornhuetter_ferguson_break_aware,frozen_break_aware,30516608.13167624,62762448.953828216,-32245840.822151974,32245840.822151974,-51.37760135184325,51.37760135184325,True,success,,,frozen_step21_pattern,pricing_mc_v1,0.0035576000009314157
short_emerging_no_break,6,ceded,short,emerging,False,bornhuetter_ferguson_break_aware_ceded_specific,ceded_specific_break_aware,71276827.49738869,62762448.953828216,8514378.543560475,8514378.543560475,13.566039384193179,13.566039384193179,True,success,,,step28_ceded_development_v1,pricing_mc_v1,0.0320860000065295
short_emerging_no_break,6,ceded,short,emerging,False,bornhuetter_ferguson_ceded_specific,ceded_specific_standard,71276827.49738869,62762448.953828216,8514378.543560475,8514378.543560475,13.566039384193179,13.566039384193179,True,success,,,step28_ceded_development_v1,pricing_mc_v1,0.03202430000237655
short_emerging_no_break,6,ceded,short,emerging,False,bornhuetter_ferguson_standard,frozen_standard,30516608.13167624,62762448.953828216,-32245840.822151974,32245840.822151974,-51.37760135184325,51.37760135184325,True,success,,,frozen_step21_pattern,pricing_mc_v1,0.0036232999991625547
short_emerging_no_break,7,ceded,short,emerging,False,bornhuetter_ferguson_break_aware,frozen_break_aware,30516608.13167624,61732257.43945293,-31215649.30777669,31215649.30777669,-50.566187925968904,50.566187925968904,True,success,,,frozen_step21_pattern,pricing_mc_v1,0.004440899996552616
short_emerging_no_break,7,ceded,short,emerging,False,bornhuetter_ferguson_break_aware_ceded_specific,ceded_specific_break_aware,71276827.49738869,61732257.43945293,9544570.05793576,9544570.05793576,15.461236076288131,15.461236076288131,True,success,,,step28_ceded_development_v1,pricing_mc_v1,0.03271880000102101
short_emerging_no_break,7,ceded,short,emerging,False,bornhuetter_ferguson_ceded_specific,ceded_specific_standard,71276827.49738869,61732257.43945293,9544570.05793576,9544570.05793576,15.461236076288131,15.461236076288131,True,success,,,step28_ceded_development_v1,pricing_mc_v1,0.0321676999956253
short_emerging_no_break,7,ceded,short,emerging,False,bornhuetter_ferguson_standard,frozen_standard,30516608.13167624,61732257.43945293,-31215649.30777669,31215649.30777669,-50.566187925968904,50.566187925968904,True,success,,,frozen_step21_pattern,pricing_mc_v1,0.0036032000061823055
short_emerging_no_break,8,ceded,short,emerging,False,bornhuetter_ferguson_break_aware,frozen_break_aware,30516608.13167624,70156507.17509204,-39639899.0434158,39639899.0434158,-56.502098863737785,56.502098863737785,True,success,,,frozen_step21_pattern,pricing_mc_v1,0.003853599999274593
short_emerging_no_break,8,ceded,short,emerging,False,bornhuetter_ferguson_break_aware_ceded_specific,ceded_specific_break_aware,71276827.49738869,70156507.17509204,1120320.3222966492,1120320.3222966492,1.596887255947088,1.596887255947088,True,success,,,step28_ceded_development_v1,pricing_mc_v1,0.03194170000642771
short_emerging_no_break,8,ceded,short,emerging,False,bornhuetter_ferguson_ceded_specific,ceded_specific_standard,71276827.49738869,70156507.17509204,1120320.3222966492,1120320.3222966492,1.596887255947088,1.596887255947088,True,success,,,step28_ceded_development_v1,pricing_mc_v1,0.03207020000263583
short_emerging_no_break,8,ceded,short,emerging,False,bornhuetter_ferguson_standard,frozen_standard,30516608.13167624,70156507.17509204,-39639899.0434158,39639899.0434158,-56.502098863737785,56.502098863737785,True,success,,,frozen_step21_pattern,pricing_mc_v1,0.0035920000009355135
short_emerging_no_break,9,ceded,short,emerging,False,bornhuetter_ferguson_break_aware,frozen_break_aware,30516608.13167624,68771597.47423375,-38254989.342557505,38254989.342557505,-55.62614618177261,55.62614618177261,True,success,,,frozen_step21_pattern,pricing_mc_v1,0.003644499993242789
short_emerging_no_break,9,ceded,short,emerging,False,bornhuetter_ferguson_break_aware_ceded_specific,ceded_specific_break_aware,71276827.49738869,68771597.47423375,2505230.023154944,2505230.023154944,3.6428265667284583,3.6428265667284583,True,success,,,step28_ceded_development_v1,pricing_mc_v1,0.031984699999156874
short_emerging_no_break,9,ceded,short,emerging,False,bornhuetter_ferguson_ceded_specific,ceded_specific_standard,71276827.49738869,68771597.47423375,2505230.023154944,2505230.023154944,3.6428265667284583,3.6428265667284583,True,success,,,step28_ceded_development_v1,pricing_mc_v1,0.03204120000009425
short_emerging_no_break,9,ceded,short,emerging,False,bornhuetter_ferguson_standard,frozen_standard,30516608.13167624,68771597.47423375,-38254989.342557505,38254989.342557505,-55.62614618177261,55.62614618177261,True,success,,,frozen_step21_pattern,pricing_mc_v1,0.0036217000015312806
short_emerging_no_break,10,ceded,short,emerging,False,bornhuetter_ferguson_break_aware,frozen_break_aware,30516608.13167624,80456561.16601819,-49939953.034341946,49939953.034341946,-62.07070288685753,62.07070288685753,True,success,,,frozen_step21_pattern,pricing_mc_v1,0.00364619999891147
short_emerging_no_break,10,ceded,short,emerging,False,bornhuetter_ferguson_break_aware_ceded_specific,ceded_specific_break_aware,71276827.49738869,80456561.16601819,-9179733.668629497,9179733.668629497,-11.409552602785949,11.409552602785949,True,success,,,step28_ceded_development_v1,pricing_mc_v1,0.03200819999619853
short_emerging_no_break,10,ceded,short,emerging,False,bornhuetter_ferguson_ceded_specific,ceded_specific_standard,71276827.49738869,80456561.16601819,-9179733.668629497,9179733.668629497,-11.409552602785949,11.409552602785949,True,success,,,step28_ceded_development_v1,pricing_mc_v1,0.03208180000365246
short_emerging_no_break,10,ceded,short,emerging,False,bornhuetter_ferguson_standard,frozen_standard,30516608.13167624,80456561.16601819,-49939953.034341946,49939953.034341946,-62.07070288685753,62.07070288685753,True,success,,,frozen_step21_pattern,pricing_mc_v1,0.003842399994027801
short_emerging_no_break,11,ceded,short,emerging,False,bornhuetter_ferguson_break_aware,frozen_break_aware,30516608.13167624,86640847.87304908,-56124239.74137284,56124239.74137284,-64.77803613326725,64.77803613326725,True,success,,,frozen_step21_pattern,pricing_mc_v1,0.003545200001099147
short_emerging_no_break,11,ceded,short,emerging,False,bornhuetter_ferguson_break_aware_ceded_specific,ceded_specific_break_aware,71276827.49738869,86640847.87304908,-15364020.37566039,15364020.37566039,-17.732998640748065,17.732998640748065,True,success,,,step28_ceded_development_v1,pricing_mc_v1,0.032092600005853456
short_emerging_no_break,11,ceded,short,emerging,False,bornhuetter_ferguson_ceded_specific,ceded_specific_standard,71276827.49738869,86640847.87304908,-15364020.37566039,15364020.37566039,-17.732998640748065,17.732998640748065,True,success,,,step28_ceded_development_v1,pricing_mc_v1,0.03204790000017965
short_emerging_no_break,11,ceded,short,emerging,False,bornhuetter_ferguson_standard,frozen_standard,30516608.13167624,86640847.87304908,-56124239.74137284,56124239.74137284,-64.77803613326725,64.77803613326725,True,success,,,frozen_step21_pattern,pricing_mc_v1,0.0036925000022165477
short_emerging_no_break,12,ceded,short,emerging,False,bornhuetter_ferguson_break_aware,frozen_break_aware,30516608.13167624,69825296.35659845,-39308688.22492221,39308688.22492221,-56.2957699802266,56.2957699802266,True,success,,,frozen_step21_pattern,pricing_mc_v1,0.003632899999502115
short_emerging_no_break,12,ceded,short,emerging,False,bornhuetter_ferguson_break_aware_ceded_specific,ceded_specific_break_aware,71276827.49738869,69825296.35659845,1451531.140790239,1451531.140790239,2.0788041247648352,2.0788041247648352,True,success,,,step28_ceded_development_v1,pricing_mc_v1,0.031957899998815265
short_emerging_no_break,12,ceded,short,emerging,False,bornhuetter_ferguson_ceded_specific,ceded_specific_standard,71276827.49738869,69825296.35659845,1451531.140790239,1451531.140790239,2.0788041247648352,2.0788041247648352,True,success,,,step28_ceded_development_v1,pricing_mc_v1,0.032484700001077726
short_emerging_no_break,12,ceded,short,emerging,False,bornhuetter_ferguson_standard,frozen_standard,30516608.13167624,69825296.35659845,-39308688.22492221,39308688.22492221,-56.2957699802266,56.2957699802266,True,success,,,frozen_step21_pattern,pricing_mc_v1,0.0038055000040913
short_emerging_no_break,13,ceded,short,emerging,False,bornhuetter_ferguson_break_aware,frozen_break_aware,30516608.13167624,71131128.73172837,-40614520.60005213,40614520.60005213,-57.09809660581955,57.09809660581955,True,success,,,frozen_step21_pattern,pricing_mc_v1,0.003640100003394764
short_emerging_no_break,13,ceded,short,emerging,False,bornhuetter_ferguson_break_aware_ceded_specific,ceded_specific_break_aware,71276827.49738869,71131128.73172837,145698.76566031575,145698.76566031575,0.20483122967135783,0.20483122967135783,True,success,,,step28_ceded_development_v1,pricing_mc_v1,0.03197260000160895
short_emerging_no_break,13,ceded,short,emerging,False,bornhuetter_ferguson_ceded_specific,ceded_specific_standard,71276827.49738869,71131128.73172837,145698.76566031575,145698.76566031575,0.20483122967135783,0.20483122967135783,True,success,,,step28_ceded_development_v1,pricing_mc_v1,0.03285150000010617
short_emerging_no_break,13,ceded,short,emerging,False,bornhuetter_ferguson_standard,frozen_standard,30516608.13167624,71131128.73172837,-40614520.60005213,40614520.60005213,-57.09809660581955,57.09809660581955,True,success,,,frozen_step21_pattern,pricing_mc_v1,0.0036103999955230393
short_emerging_no_break,14,ceded,short,emerging,False,bornhuetter_ferguson_break_aware,frozen_break_aware,30516608.13167624,69250427.68212922,-38733819.55045298,38733819.55045298,-55.93296799298849,55.93296799298849,True,success,,,frozen_step21_pattern,pricing_mc_v1,0.00367289999849163
short_emerging_no_break,14,ceded,short,emerging,False,bornhuetter_ferguson_break_aware_ceded_specific,ceded_specific_break_aware,71276827.49738869,69250427.68212922,2026399.8152594715,2026399.8152594715,2.9261910476004247,2.9261910476004247,True,success,,,step28_ceded_development_v1,pricing_mc_v1,0.031974000004993286
short_emerging_no_break,14,ceded,short,emerging,False,bornhuetter_ferguson_ceded_specific,ceded_specific_standard,71276827.49738869,69250427.68212922,2026399.8152594715,2026399.8152594715,2.9261910476004247,2.9261910476004247,True,success,,,step28_ceded_development_v1,pricing_mc_v1,0.032223599999269936
short_emerging_no_break,14,ceded,short,emerging,False,bornhuetter_ferguson_standard,frozen_standard,30516608.13167624,69250427.68212922,-38733819.55045298,38733819.55045298,-55.93296799298849,55.93296799298849,True,success,,,frozen_step21_pattern,pricing_mc_v1,0.003908200000296347
short_emerging_no_break,15,ceded,short,emerging,False,bornhuetter_ferguson_break_aware,frozen_break_aware,30516608.13167624,64784910.56973085,-34268302.43805461,34268302.43805461,-52.89550010441108,52.89550010441108,True,success,,,frozen_step21_pattern,pricing_mc_v1,0.0035026999976253137
short_emerging_no_break,15,ceded,short,emerging,False,bornhuetter_ferguson_break_aware_ceded_specific,ceded_specific_break_aware,71276827.49738869,64784910.56973085,6491916.927657843,6491916.927657843,10.020723762009839,10.020723762009839,True,success,,,step28_ceded_development_v1,pricing_mc_v1,0.031955200000084005
short_emerging_no_break,15,ceded,short,emerging,False,bornhuetter_ferguson_ceded_specific,ceded_specific_standard,71276827.49738869,64784910.56973085,6491916.927657843,6491916.927657843,10.020723762009839,10.020723762009839,True,success,,,step28_ceded_development_v1,pricing_mc_v1,0.032315600001311395
short_emerging_no_break,15,ceded,short,emerging,False,bornhuetter_ferguson_standard,frozen_standard,30516608.13167624,64784910.56973085,-34268302.43805461,34268302.43805461,-52.89550010441108,52.89550010441108,True,success,,,frozen_step21_pattern,pricing_mc_v1,0.0038067999994382262
short_emerging_no_break,16,ceded,short,emerging,False,bornhuetter_ferguson_break_aware,frozen_break_aware,30516608.13167624,71969747.70479468,-41453139.57311843,41453139.57311843,-57.598005960991856,57.598005960991856,True,success,,,frozen_step21_pattern,pricing_mc_v1,0.0034768999976222403
short_emerging_no_break,16,ceded,short,emerging,False,bornhuetter_ferguson_break_aware_ceded_specific,ceded_specific_break_aware,71276827.49738869,71969747.70479468,-692920.2074059844,692920.2074059844,-0.9627937147260857,0.9627937147260857,True,success,,,step28_ceded_development_v1,pricing_mc_v1,0.0320272999961162
short_emerging_no_break,16,ceded,short,emerging,False,bornhuetter_ferguson_ceded_specific,ceded_specific_standard,71276827.49738869,71969747.70479468,-692920.2074059844,692920.2074059844,-0.9627937147260857,0.9627937147260857,True,success,,,step28_ceded_development_v1,pricing_mc_v1,0.03211150000424823
short_emerging_no_break,16,ceded,short,emerging,False,bornhuetter_ferguson_standard,frozen_standard,30516608.13167624,71969747.70479468,-41453139.57311843,41453139.57311843,-57.598005960991856,57.598005960991856,True,success,,,frozen_step21_pattern,pricing_mc_v1,0.0036073000010219403
short_emerging_no_break,17,ceded,short,emerging,False,bornhuetter_ferguson_break_aware,frozen_break_aware,30516608.13167624,75324245.91706921,-44807637.78539297,44807637.78539297,-59.48634100462879,59.48634100462879,True,success,,,frozen_step21_pattern,pricing_mc_v1,0.003598800001782365
short_emerging_no_break,17,ceded,short,emerging,False,bornhuetter_ferguson_break_aware_ceded_specific,ceded_specific_break_aware,71276827.49738869,75324245.91706921,-4047418.419680521,4047418.419680521,-5.373327499536688,5.373327499536688,True,success,,,step28_ceded_development_v1,pricing_mc_v1,0.03186460000142688
short_emerging_no_break,17,ceded,short,emerging,False,bornhuetter_ferguson_ceded_specific,ceded_specific_standard,71276827.49738869,75324245.91706921,-4047418.419680521,4047418.419680521,-5.373327499536688,5.373327499536688,True,success,,,step28_ceded_development_v1,pricing_mc_v1,0.031926499999826774
short_emerging_no_break,17,ceded,short,emerging,False,bornhuetter_ferguson_standard,frozen_standard,30516608.13167624,75324245.91706921,-44807637.78539297,44807637.78539297,-59.48634100462879,59.48634100462879,True,success,,,frozen_step21_pattern,pricing_mc_v1,0.0036304000022937544
short_emerging_no_break,18,ceded,short,emerging,False,bornhuetter_ferguson_break_aware,frozen_break_aware,30516608.13167624,60457798.2975311,-29941190.165854856,29941190.165854856,-49.524116009824255,49.524116009824255,True,success,,,frozen_step21_pattern,pricing_mc_v1,0.003723100002389401
short_emerging_no_break,18,ceded,short,emerging,False,bornhuetter_ferguson_break_aware_ceded_specific,ceded_specific_break_aware,71276827.49738869,60457798.2975311,10819029.199857593,10819029.199857593,17.89517565064788,17.89517565064788,True,success,,,step28_ceded_development_v1,pricing_mc_v1,0.033078000000386965
short_emerging_no_break,18,ceded,short,emerging,False,bornhuetter_ferguson_ceded_specific,ceded_specific_standard,71276827.49738869,60457798.2975311,10819029.199857593,10819029.199857593,17.89517565064788,17.89517565064788,True,success,,,step28_ceded_development_v1,pricing_mc_v1,0.037837399999261834
short_emerging_no_break,18,ceded,short,emerging,False,bornhuetter_ferguson_standard,frozen_standard,30516608.13167624,60457798.2975311,-29941190.165854856,29941190.165854856,-49.524116009824255,49.524116009824255,True,success,,,frozen_step21_pattern,pricing_mc_v1,0.003599199997552205
short_emerging_no_break,19,ceded,short,emerging,False,bornhuetter_ferguson_break_aware,frozen_break_aware,30516608.13167624,60771227.54762366,-30254619.415947415,30254619.415947415,-49.78444674700415,49.78444674700415,True,success,,,frozen_step21_pattern,pricing_mc_v1,0.003443300003709737
short_emerging_no_break,19,ceded,short,emerging,False,bornhuetter_ferguson_break_aware_ceded_specific,ceded_specific_break_aware,71276827.49738869,60771227.54762366,10505599.949765034,10505599.949765034,17.287128092866432,17.287128092866432,True,success,,,step28_ceded_development_v1,pricing_mc_v1,0.03185990000201855
short_emerging_no_break,19,ceded,short,emerging,False,bornhuetter_ferguson_ceded_specific,ceded_specific_standard,71276827.49738869,60771227.54762366,10505599.949765034,10505599.949765034,17.287128092866432,17.287128092866432,True,success,,,step28_ceded_development_v1,pricing_mc_v1,0.03219849999732105
short_emerging_no_break,19,ceded,short,emerging,False,bornhuetter_ferguson_standard,frozen_standard,30516608.13167624,60771227.54762366,-30254619.415947415,30254619.415947415,-49.78444674700415,49.78444674700415,True,success,,,frozen_step21_pattern,pricing_mc_v1,0.0036908000038238242
short_emerging_no_break,20,ceded,short,emerging,False,bornhuetter_ferguson_break_aware,frozen_break_aware,30516608.13167624,68662957.49297115,-38146349.36129491,38146349.36129491,-55.55593693324359,55.55593693324359,True,success,,,frozen_step21_pattern,pricing_mc_v1,0.0034940999976242892
short_emerging_no_break,20,ceded,short,emerging,False,bornhuetter_ferguson_break_aware_ceded_specific,ceded_specific_break_aware,71276827.49738869,68662957.49297115,2613870.0044175386,2613870.0044175386,3.8068124354898543,3.8068124354898543,True,success,,,step28_ceded_development_v1,pricing_mc_v1,0.03198130000237143
short_emerging_no_break,20,ceded,short,emerging,False,bornhuetter_ferguson_ceded_specific,ceded_specific_standard,71276827.49738869,68662957.49297115,2613870.0044175386,2613870.0044175386,3.8068124354898543,3.8068124354898543,True,success,,,step28_ceded_development_v1,pricing_mc_v1,0.03204610000102548
short_emerging_no_break,20,ceded,short,emerging,False,bornhuetter_ferguson_standard,frozen_standard,30516608.13167624,68662957.49297115,-38146349.36129491,38146349.36129491,-55.55593693324359,55.55593693324359,True,success,,,frozen_step21_pattern,pricing_mc_v1,0.003623499993409496
short_emerging_no_break,21,ceded,short,emerging,False,bornhuetter_ferguson_break_aware,frozen_break_aware,30516608.13167624,54484522.17886737,-23967914.047191128,23967914.047191128,-43.99031704546624,43.99031704546624,True,success,,,frozen_step21_pattern,pricing_mc_v1,0.0036840000029769726
short_emerging_no_break,21,ceded,short,emerging,False,bornhuetter_ferguson_break_aware_ceded_specific,ceded_specific_break_aware,71276827.49738869,54484522.17886737,16792305.31852132,16792305.31852132,30.820322262153315,30.820322262153315,True,success,,,step28_ceded_development_v1,pricing_mc_v1,0.03292110000620596
short_emerging_no_break,21,ceded,short,emerging,False,bornhuetter_ferguson_ceded_specific,ceded_specific_standard,71276827.49738869,54484522.17886737,16792305.31852132,16792305.31852132,30.820322262153315,30.820322262153315,True,success,,,step28_ceded_development_v1,pricing_mc_v1,0.03203560000110883
short_emerging_no_break,21,ceded,short,emerging,False,bornhuetter_ferguson_standard,frozen_standard,30516608.13167624,54484522.17886737,-23967914.047191128,23967914.047191128,-43.99031704546624,43.99031704546624,True,success,,,frozen_step21_pattern,pricing_mc_v1,0.0036528999989968725
short_emerging_no_break,22,ceded,short,emerging,False,bornhuetter_ferguson_break_aware,frozen_break_aware,30516608.13167624,70899698.54095286,-40383090.40927662,40383090.40927662,-56.95805657897215,56.95805657897215,True,success,,,frozen_step21_pattern,pricing_mc_v1,0.0036353999967104755
short_emerging_no_break,22,ceded,short,emerging,False,bornhuetter_ferguson_break_aware_ceded_specific,ceded_specific_break_aware,71276827.49738869,70899698.54095286,377128.9564358294,377128.9564358294,0.5319189844199315,0.5319189844199315,True,success,,,step28_ceded_development_v1,pricing_mc_v1,0.03280739999900106
short_emerging_no_break,22,ceded,short,emerging,False,bornhuetter_ferguson_ceded_specific,ceded_specific_standard,71276827.49738869,70899698.54095286,377128.9564358294,377128.9564358294,0.5319189844199315,0.5319189844199315,True,success,,,step28_ceded_development_v1,pricing_mc_v1,0.032400600000983104
short_emerging_no_break,22,ceded,short,emerging,False,bornhuetter_ferguson_standard,frozen_standard,30516608.13167624,70899698.54095286,-40383090.40927662,40383090.40927662,-56.95805657897215,56.95805657897215,True,success,,,frozen_step21_pattern,pricing_mc_v1,0.0036601000028895214
short_emerging_no_break,23,ceded,short,emerging,False,bornhuetter_ferguson_break_aware,frozen_break_aware,30516608.13167624,78387981.19540745,-47871373.06373121,47871373.06373121,-61.06978689041156,61.06978689041156,True,success,,,frozen_step21_pattern,pricing_mc_v1,0.0035069000005023554
short_emerging_no_break,23,ceded,short,emerging,False,bornhuetter_ferguson_break_aware_ceded_specific,ceded_specific_break_aware,71276827.49738869,78387981.19540745,-7111153.6980187595,7111153.6980187595,-9.071739812117247,9.071739812117247,True,success,,,step28_ceded_development_v1,pricing_mc_v1,0.03201209999679122
short_emerging_no_break,23,ceded,short,emerging,False,bornhuetter_ferguson_ceded_specific,ceded_specific_standard,71276827.49738869,78387981.19540745,-7111153.6980187595,7111153.6980187595,-9.071739812117247,9.071739812117247,True,success,,,step28_ceded_development_v1,pricing_mc_v1,0.032845699999597855
short_emerging_no_break,23,ceded,short,emerging,False,bornhuetter_ferguson_standard,frozen_standard,30516608.13167624,78387981.19540745,-47871373.06373121,47871373.06373121,-61.06978689041156,61.06978689041156,True,success,,,frozen_step21_pattern,pricing_mc_v1,0.00379139999859035
short_emerging_no_break,24,ceded,short,emerging,False,bornhuetter_ferguson_break_aware,frozen_break_aware,30516608.13167624,63769885.24600458,-33253277.11432834,33253277.11432834,-52.145737735056976,52.145737735056976,True,success,,,frozen_step21_pattern,pricing_mc_v1,0.0034761999995680526
short_emerging_no_break,24,ceded,short,emerging,False,bornhuetter_ferguson_break_aware_ceded_specific,ceded_specific_break_aware,71276827.49738869,63769885.24600458,7506942.251384109,7506942.251384109,11.77192372610463,11.77192372610463,True,success,,,step28_ceded_development_v1,pricing_mc_v1,0.03202180000516819
short_emerging_no_break,24,ceded,short,emerging,False,bornhuetter_ferguson_ceded_specific,ceded_specific_standard,71276827.49738869,63769885.24600458,7506942.251384109,7506942.251384109,11.77192372610463,11.77192372610463,True,success,,,step28_ceded_development_v1,pricing_mc_v1,0.032158399997570086
short_emerging_no_break,24,ceded,short,emerging,False,bornhuetter_ferguson_standard,frozen_standard,30516608.13167624,63769885.24600458,-33253277.11432834,33253277.11432834,-52.145737735056976,52.145737735056976,True,success,,,frozen_step21_pattern,pricing_mc_v1,0.0037070000034873374
short_emerging_no_break,25,ceded,short,emerging,False,bornhuetter_ferguson_break_aware,frozen_break_aware,30516608.13167624,90963359.60613754,-60446751.4744613,60446751.4744613,-66.45175786843167,66.45175786843167,True,success,,,frozen_step21_pattern,pricing_mc_v1,0.0036408000014489517
short_emerging_no_break,25,ceded,short,emerging,False,bornhuetter_ferguson_break_aware_ceded_specific,ceded_specific_break_aware,71276827.49738869,90963359.60613754,-19686532.108748853,19686532.108748853,-21.642265846368925,21.642265846368925,True,success,,,step28_ceded_development_v1,pricing_mc_v1,0.03189650000422262
short_emerging_no_break,25,ceded,short,emerging,False,bornhuetter_ferguson_ceded_specific,ceded_specific_standard,71276827.49738869,90963359.60613754,-19686532.108748853,19686532.108748853,-21.642265846368925,21.642265846368925,True,success,,,step28_ceded_development_v1,pricing_mc_v1,0.03265300000202842
short_emerging_no_break,25,ceded,short,emerging,False,bornhuetter_ferguson_standard,frozen_standard,30516608.13167624,90963359.60613754,-60446751.4744613,60446751.4744613,-66.45175786843167,66.45175786843167,True,success,,,frozen_step21_pattern,pricing_mc_v1,0.0036518999986583367
short_emerging_no_break,26,ceded,short,emerging,False,bornhuetter_ferguson_break_aware,frozen_break_aware,30516608.13167624,75377848.32444327,-44861240.192767024,44861240.192767024,-59.515150922953026,59.515150922953026,True,success,,,frozen_step21_pattern,pricing_mc_v1,0.0035470000002533197
short_emerging_no_break,26,ceded,short,emerging,False,bornhuetter_ferguson_break_aware_ceded_specific,ceded_specific_break_aware,71276827.49738869,75377848.32444327,-4101020.827054575,4101020.827054575,-5.440618057181543,5.440618057181543,True,success,,,step28_ceded_development_v1,pricing_mc_v1,0.03206330000102753
short_emerging_no_break,26,ceded,short,emerging,False,bornhuetter_ferguson_ceded_specific,ceded_specific_standard,71276827.49738869,75377848.32444327,-4101020.827054575,4101020.827054575,-5.440618057181543,5.440618057181543,True,success,,,step28_ceded_development_v1,pricing_mc_v1,0.03234040000097593
short_emerging_no_break,26,ceded,short,emerging,False,bornhuetter_ferguson_standard,frozen_standard,30516608.13167624,75377848.32444327,-44861240.192767024,44861240.192767024,-59.515150922953026,59.515150922953026,True,success,,,frozen_step21_pattern,pricing_mc_v1,0.0036008000024594367
short_emerging_no_break,27,ceded,short,emerging,False,bornhuetter_ferguson_break_aware,frozen_break_aware,30516608.13167624,87100520.20406541,-56583912.07238917,56583912.07238917,-64.96391977891783,64.96391977891783,True,success,,,frozen_step21_pattern,pricing_mc_v1,0.005765000001701992
short_emerging_no_break,27,ceded,short,emerging,False,bornhuetter_ferguson_break_aware_ceded_specific,ceded_specific_break_aware,71276827.49738869,87100520.20406541,-15823692.706676722,15823692.706676722,-18.167162112928633,18.167162112928633,True,success,,,step28_ceded_development_v1,pricing_mc_v1,0.03203109999594744
short_emerging_no_break,27,ceded,short,emerging,False,bornhuetter_ferguson_ceded_specific,ceded_specific_standard,71276827.49738869,87100520.20406541,-15823692.706676722,15823692.706676722,-18.167162112928633,18.167162112928633,True,success,,,step28_ceded_development_v1,pricing_mc_v1,0.03419659999781288
short_emerging_no_break,27,ceded,short,emerging,False,bornhuetter_ferguson_standard,frozen_standard,30516608.13167624,87100520.20406541,-56583912.07238917,56583912.07238917,-64.96391977891783,64.96391977891783,True,success,,,frozen_step21_pattern,pricing_mc_v1,0.0035953999977209605
short_emerging_no_break,28,ceded,short,emerging,False,bornhuetter_ferguson_break_aware,frozen_break_aware,30516608.13167624,77732209.13579196,-47215601.004115716,47215601.004115716,-60.74136002185894,60.74136002185894,True,success,,,frozen_step21_pattern,pricing_mc_v1,0.003456899998127483
short_emerging_no_break,28,ceded,short,emerging,False,bornhuetter_ferguson_break_aware_ceded_specific,ceded_specific_break_aware,71276827.49738869,77732209.13579196,-6455381.638403267,6455381.638403267,-8.304641936943064,8.304641936943064,True,success,,,step28_ceded_development_v1,pricing_mc_v1,0.031770600005984306
short_emerging_no_break,28,ceded,short,emerging,False,bornhuetter_ferguson_ceded_specific,ceded_specific_standard,71276827.49738869,77732209.13579196,-6455381.638403267,6455381.638403267,-8.304641936943064,8.304641936943064,True,success,,,step28_ceded_development_v1,pricing_mc_v1,0.03256260000489419
short_emerging_no_break,28,ceded,short,emerging,False,bornhuetter_ferguson_standard,frozen_standard,30516608.13167624,77732209.13579196,-47215601.004115716,47215601.004115716,-60.74136002185894,60.74136002185894,True,success,,,frozen_step21_pattern,pricing_mc_v1,0.003701100002217572
short_emerging_no_break,29,ceded,short,emerging,False,bornhuetter_ferguson_break_aware,frozen_break_aware,30516608.13167624,71148516.3041015,-40631908.172425255,40631908.172425255,-57.1085811526374,57.1085811526374,True,success,,,frozen_step21_pattern,pricing_mc_v1,0.0034633000032044947
short_emerging_no_break,29,ceded,short,emerging,False,bornhuetter_ferguson_break_aware_ceded_specific,ceded_specific_break_aware,71276827.49738869,71148516.3041015,128311.19328719378,128311.19328719378,0.1803427533734769,0.1803427533734769,True,success,,,step28_ceded_development_v1,pricing_mc_v1,0.03217810000205645
short_emerging_no_break,29,ceded,short,emerging,False,bornhuetter_ferguson_ceded_specific,ceded_specific_standard,71276827.49738869,71148516.3041015,128311.19328719378,128311.19328719378,0.1803427533734769,0.1803427533734769,True,success,,,step28_ceded_development_v1,pricing_mc_v1,0.03804590000072494
short_emerging_no_break,29,ceded,short,emerging,False,bornhuetter_ferguson_standard,frozen_standard,30516608.13167624,71148516.3041015,-40631908.172425255,40631908.172425255,-57.1085811526374,57.1085811526374,True,success,,,frozen_step21_pattern,pricing_mc_v1,0.0036483999938354827
short_emerging_no_break,30,ceded,short,emerging,False,bornhuetter_ferguson_break_aware,frozen_break_aware,30516608.13167624,77296777.61764812,-46780169.48597188,46780169.48597188,-60.52020656976417,60.52020656976417,True,success,,,frozen_step21_pattern,pricing_mc_v1,0.0035725999987334944
short_emerging_no_break,30,ceded,short,emerging,False,bornhuetter_ferguson_break_aware_ceded_specific,ceded_specific_break_aware,71276827.49738869,77296777.61764812,-6019950.120259434,6019950.120259434,-7.788099718771433,7.788099718771433,True,success,,,step28_ceded_development_v1,pricing_mc_v1,0.03201010000339011
short_emerging_no_break,30,ceded,short,emerging,False,bornhuetter_ferguson_ceded_specific,ceded_specific_standard,71276827.49738869,77296777.61764812,-6019950.120259434,6019950.120259434,-7.788099718771433,7.788099718771433,True,success,,,step28_ceded_development_v1,pricing_mc_v1,0.0323634000014863
short_emerging_no_break,30,ceded,short,emerging,False,bornhuetter_ferguson_standard,frozen_standard,30516608.13167624,77296777.61764812,-46780169.48597188,46780169.48597188,-60.52020656976417,60.52020656976417,True,success,,,frozen_step21_pattern,pricing_mc_v1,0.003701499997987412
short_emerging_no_break,31,ceded,short,emerging,False,bornhuetter_ferguson_break_aware,frozen_break_aware,30516608.13167624,73102486.68446147,-42585878.55278523,42585878.55278523,-58.255034109307815,58.255034109307815,True,success,,,frozen_step21_pattern,pricing_mc_v1,0.003466499998467043
short_emerging_no_break,31,ceded,short,emerging,False,bornhuetter_ferguson_break_aware_ceded_specific,ceded_specific_break_aware,71276827.49738869,73102486.68446147,-1825659.1870727837,1825659.1870727837,-2.497396832686462,2.497396832686462,True,success,,,step28_ceded_development_v1,pricing_mc_v1,0.03210659999604104
short_emerging_no_break,31,ceded,short,emerging,False,bornhuetter_ferguson_ceded_specific,ceded_specific_standard,71276827.49738869,73102486.68446147,-1825659.1870727837,1825659.1870727837,-2.497396832686462,2.497396832686462,True,success,,,step28_ceded_development_v1,pricing_mc_v1,0.03249389999837149
short_emerging_no_break,31,ceded,short,emerging,False,bornhuetter_ferguson_standard,frozen_standard,30516608.13167624,73102486.68446147,-42585878.55278523,42585878.55278523,-58.255034109307815,58.255034109307815,True,success,,,frozen_step21_pattern,pricing_mc_v1,0.0038387000022339635
short_emerging_no_break,32,ceded,short,emerging,False,bornhuetter_ferguson_break_aware,frozen_break_aware,30516608.13167624,59611145.25632675,-29094537.12465051,29094537.12465051,-48.80721046298401,48.80721046298401,True,success,,,frozen_step21_pattern,pricing_mc_v1,0.003468099996098317
short_emerging_no_break,32,ceded,short,emerging,False,bornhuetter_ferguson_break_aware_ceded_specific,ceded_specific_break_aware,71276827.49738869,59611145.25632675,11665682.24106194,11665682.24106194,19.569632810944558,19.569632810944558,True,success,,,step28_ceded_development_v1,pricing_mc_v1,0.03205549999984214
short_emerging_no_break,32,ceded,short,emerging,False,bornhuetter_ferguson_ceded_specific,ceded_specific_standard,71276827.49738869,59611145.25632675,11665682.24106194,11665682.24106194,19.569632810944558,19.569632810944558,True,success,,,step28_ceded_development_v1,pricing_mc_v1,0.03243649999785703
short_emerging_no_break,32,ceded,short,emerging,False,bornhuetter_ferguson_standard,frozen_standard,30516608.13167624,59611145.25632675,-29094537.12465051,29094537.12465051,-48.80721046298401,48.80721046298401,True,success,,,frozen_step21_pattern,pricing_mc_v1,0.0036908000038238242
short_emerging_no_break,33,ceded,short,emerging,False,bornhuetter_ferguson_break_aware,frozen_break_aware,30516608.13167624,64851470.02798016,-34334861.89630392,34334861.89630392,-52.943845191928794,52.943845191928794,True,success,,,frozen_step21_pattern,pricing_mc_v1,0.0034598000056575984
short_emerging_no_break,33,ceded,short,emerging,False,bornhuetter_ferguson_break_aware_ceded_specific,ceded_specific_break_aware,71276827.49738869,64851470.02798016,6425357.469408527,6425357.469408527,9.907805430834962,9.907805430834962,True,success,,,step28_ceded_development_v1,pricing_mc_v1,0.03220629999850644
short_emerging_no_break,33,ceded,short,emerging,False,bornhuetter_ferguson_ceded_specific,ceded_specific_standard,71276827.49738869,64851470.02798016,6425357.469408527,6425357.469408527,9.907805430834962,9.907805430834962,True,success,,,step28_ceded_development_v1,pricing_mc_v1,0.032270199997583404
short_emerging_no_break,33,ceded,short,emerging,False,bornhuetter_ferguson_standard,frozen_standard,30516608.13167624,64851470.02798016,-34334861.89630392,34334861.89630392,-52.943845191928794,52.943845191928794,True,success,,,frozen_step21_pattern,pricing_mc_v1,0.003598700001020916
short_emerging_no_break,34,ceded,short,emerging,False,bornhuetter_ferguson_break_aware,frozen_break_aware,30516608.13167624,77147866.95155402,-46631258.81987777,46631258.81987777,-60.44400274755551,60.44400274755551,True,success,,,frozen_step21_pattern,pricing_mc_v1,0.0038658999983454123
short_emerging_no_break,34,ceded,short,emerging,False,bornhuetter_ferguson_break_aware_ceded_specific,ceded_specific_break_aware,71276827.49738869,77147866.95155402,-5871039.454165325,5871039.454165325,-7.610112484188473,7.610112484188473,True,success,,,step28_ceded_development_v1,pricing_mc_v1,0.03186370000184979
short_emerging_no_break,34,ceded,short,emerging,False,bornhuetter_ferguson_ceded_specific,ceded_specific_standard,71276827.49738869,77147866.95155402,-5871039.454165325,5871039.454165325,-7.610112484188473,7.610112484188473,True,success,,,step28_ceded_development_v1,pricing_mc_v1,0.032388799998443574
short_emerging_no_break,34,ceded,short,emerging,False,bornhuetter_ferguson_standard,frozen_standard,30516608.13167624,77147866.95155402,-46631258.81987777,46631258.81987777,-60.44400274755551,60.44400274755551,True,success,,,frozen_step21_pattern,pricing_mc_v1,0.0035904000033042394
short_emerging_no_break,35,ceded,short,emerging,False,bornhuetter_ferguson_break_aware,frozen_break_aware,30516608.13167624,67301150.01232633,-36784541.88065009,36784541.88065009,-54.656631980156256,54.656631980156256,True,success,,,frozen_step21_pattern,pricing_mc_v1,0.003664000003482215
short_emerging_no_break,35,ceded,short,emerging,False,bornhuetter_ferguson_break_aware_ceded_specific,ceded_specific_break_aware,71276827.49738869,67301150.01232633,3975677.4850623608,3975677.4850623608,5.907295022944196,5.907295022944196,True,success,,,step28_ceded_development_v1,pricing_mc_v1,0.03219520000129705
short_emerging_no_break,35,ceded,short,emerging,False,bornhuetter_ferguson_ceded_specific,ceded_specific_standard,71276827.49738869,67301150.01232633,3975677.4850623608,3975677.4850623608,5.907295022944196,5.907295022944196,True,success,,,step28_ceded_development_v1,pricing_mc_v1,0.03275269999721786
short_emerging_no_break,35,ceded,short,emerging,False,bornhuetter_ferguson_standard,frozen_standard,30516608.13167624,67301150.01232633,-36784541.88065009,36784541.88065009,-54.656631980156256,54.656631980156256,True,success,,,frozen_step21_pattern,pricing_mc_v1,0.003676100001030136
short_emerging_no_break,36,ceded,short,emerging,False,bornhuetter_ferguson_break_aware,frozen_break_aware,30516608.13167624,65429549.88102794,-34912941.749351695,34912941.749351695,-53.35959335320923,53.35959335320923,True,success,,,frozen_step21_pattern,pricing_mc_v1,0.0036392000038176775
short_emerging_no_break,36,ceded,short,emerging,False,bornhuetter_ferguson_break_aware_ceded_specific,ceded_specific_break_aware,71276827.49738869,65429549.88102794,5847277.616360754,5847277.616360754,8.93675354177584,8.93675354177584,True,success,,,step28_ceded_development_v1,pricing_mc_v1,0.032107600003655534
short_emerging_no_break,36,ceded,short,emerging,False,bornhuetter_ferguson_ceded_specific,ceded_specific_standard,71276827.49738869,65429549.88102794,5847277.616360754,5847277.616360754,8.93675354177584,8.93675354177584,True,success,,,step28_ceded_development_v1,pricing_mc_v1,0.03210570000373991
short_emerging_no_break,36,ceded,short,emerging,False,bornhuetter_ferguson_standard,frozen_standard,30516608.13167624,65429549.88102794,-34912941.749351695,34912941.749351695,-53.35959335320923,53.35959335320923,True,success,,,frozen_step21_pattern,pricing_mc_v1,0.003834600000118371
short_emerging_no_break,37,ceded,short,emerging,False,bornhuetter_ferguson_break_aware,frozen_break_aware,30516608.13167624,55556780.25223562,-25040172.12055938,25040172.12055938,-45.07131624056229,45.07131624056229,True,success,,,frozen_step21_pattern,pricing_mc_v1,0.0035638999979710206
short_emerging_no_break,37,ceded,short,emerging,False,bornhuetter_ferguson_break_aware_ceded_specific,ceded_specific_break_aware,71276827.49738869,55556780.25223562,15720047.24515307,15720047.24515307,28.295461280840676,28.295461280840676,True,success,,,step28_ceded_development_v1,pricing_mc_v1,0.03188940000109142
short_emerging_no_break,37,ceded,short,emerging,False,bornhuetter_ferguson_ceded_specific,ceded_specific_standard,71276827.49738869,55556780.25223562,15720047.24515307,15720047.24515307,28.295461280840676,28.295461280840676,True,success,,,step28_ceded_development_v1,pricing_mc_v1,0.03201260000059847
short_emerging_no_break,37,ceded,short,emerging,False,bornhuetter_ferguson_standard,frozen_standard,30516608.13167624,55556780.25223562,-25040172.12055938,25040172.12055938,-45.07131624056229,45.07131624056229,True,success,,,frozen_step21_pattern,pricing_mc_v1,0.0036872000055154786
short_emerging_no_break,38,ceded,short,emerging,False,bornhuetter_ferguson_break_aware,frozen_break_aware,30516608.13167624,55946590.89043021,-25429982.75875397,25429982.75875397,-45.45403456049335,45.45403456049335,True,success,,,frozen_step21_pattern,pricing_mc_v1,0.0036642999984906055
short_emerging_no_break,38,ceded,short,emerging,False,bornhuetter_ferguson_break_aware_ceded_specific,ceded_specific_break_aware,71276827.49738869,55946590.89043021,15330236.606958479,15330236.606958479,27.401556311058,27.401556311058,True,success,,,step28_ceded_development_v1,pricing_mc_v1,0.03202230000169948
short_emerging_no_break,38,ceded,short,emerging,False,bornhuetter_ferguson_ceded_specific,ceded_specific_standard,71276827.49738869,55946590.89043021,15330236.606958479,15330236.606958479,27.401556311058,27.401556311058,True,success,,,step28_ceded_development_v1,pricing_mc_v1,0.03181320000294363
short_emerging_no_break,38,ceded,short,emerging,False,bornhuetter_ferguson_standard,frozen_standard,30516608.13167624,55946590.89043021,-25429982.75875397,25429982.75875397,-45.45403456049335,45.45403456049335,True,success,,,frozen_step21_pattern,pricing_mc_v1,0.0036535000035655685
short_emerging_no_break,39,ceded,short,emerging,False,bornhuetter_ferguson_break_aware,frozen_break_aware,30516608.13167624,77381440.70153117,-46864832.56985493,46864832.56985493,-60.56340143706784,60.56340143706784,True,success,,,frozen_step21_pattern,pricing_mc_v1,0.003579700001864694
short_emerging_no_break,39,ceded,short,emerging,False,bornhuetter_ferguson_break_aware_ceded_specific,ceded_specific_break_aware,71276827.49738869,77381440.70153117,-6104613.204142481,6104613.204142481,-7.888988817988868,7.888988817988868,True,success,,,step28_ceded_development_v1,pricing_mc_v1,0.03197069999441737
short_emerging_no_break,39,ceded,short,emerging,False,bornhuetter_ferguson_ceded_specific,ceded_specific_standard,71276827.49738869,77381440.70153117,-6104613.204142481,6104613.204142481,-7.888988817988868,7.888988817988868,True,success,,,step28_ceded_development_v1,pricing_mc_v1,0.03202600000076927
short_emerging_no_break,39,ceded,short,emerging,False,bornhuetter_ferguson_standard,frozen_standard,30516608.13167624,77381440.70153117,-46864832.56985493,46864832.56985493,-60.56340143706784,60.56340143706784,True,success,,,frozen_step21_pattern,pricing_mc_v1,0.0036393999980646186
short_emerging_no_break,40,ceded,short,emerging,False,bornhuetter_ferguson_break_aware,frozen_break_aware,30516608.13167624,49403368.69014619,-18886760.55846995,18886760.55846995,-38.22970185884719,38.22970185884719,True,success,,,frozen_step21_pattern,pricing_mc_v1,0.0038306999995256774
short_emerging_no_break,40,ceded,short,emerging,False,bornhuetter_ferguson_break_aware_ceded_specific,ceded_specific_break_aware,71276827.49738869,49403368.69014619,21873458.807242498,21873458.807242498,44.275237473037535,44.275237473037535,True,success,,,step28_ceded_development_v1,pricing_mc_v1,0.032233799996902235
short_emerging_no_break,40,ceded,short,emerging,False,bornhuetter_ferguson_ceded_specific,ceded_specific_standard,71276827.49738869,49403368.69014619,21873458.807242498,21873458.807242498,44.275237473037535,44.275237473037535,True,success,,,step28_ceded_development_v1,pricing_mc_v1,0.03198500000144122
short_emerging_no_break,40,ceded,short,emerging,False,bornhuetter_ferguson_standard,frozen_standard,30516608.13167624,49403368.69014619,-18886760.55846995,18886760.55846995,-38.22970185884719,38.22970185884719,True,success,,,frozen_step21_pattern,pricing_mc_v1,0.003586799997719936
short_emerging_no_break,41,ceded,short,emerging,False,bornhuetter_ferguson_break_aware,frozen_break_aware,30516608.13167624,74295111.45766601,-43778503.32598977,43778503.32598977,-58.92514657701959,58.92514657701959,True,success,,,frozen_step21_pattern,pricing_mc_v1,0.004563700000289828
short_emerging_no_break,41,ceded,short,emerging,False,bornhuetter_ferguson_break_aware_ceded_specific,ceded_specific_break_aware,71276827.49738869,74295111.45766601,-3018283.960277319,3018283.960277319,-4.062560646398873,4.062560646398873,True,success,,,step28_ceded_development_v1,pricing_mc_v1,0.03334080000058748
short_emerging_no_break,41,ceded,short,emerging,False,bornhuetter_ferguson_ceded_specific,ceded_specific_standard,71276827.49738869,74295111.45766601,-3018283.960277319,3018283.960277319,-4.062560646398873,4.062560646398873,True,success,,,step28_ceded_development_v1,pricing_mc_v1,0.03238799999962794
short_emerging_no_break,41,ceded,short,emerging,False,bornhuetter_ferguson_standard,frozen_standard,30516608.13167624,74295111.45766601,-43778503.32598977,43778503.32598977,-58.92514657701959,58.92514657701959,True,success,,,frozen_step21_pattern,pricing_mc_v1,0.003570200002286583
short_emerging_no_break,42,ceded,short,emerging,False,bornhuetter_ferguson_break_aware,frozen_break_aware,30516608.13167624,81418024.02154228,-50901415.88986604,50901415.88986604,-62.51860874982437,62.51860874982437,True,success,,,frozen_step21_pattern,pricing_mc_v1,0.003618299997469876
short_emerging_no_break,42,ceded,short,emerging,False,bornhuetter_ferguson_break_aware_ceded_specific,ceded_specific_break_aware,71276827.49738869,81418024.02154228,-10141196.52415359,10141196.52415359,-12.455714377777511,12.455714377777511,True,success,,,step28_ceded_development_v1,pricing_mc_v1,0.03214339999976801
short_emerging_no_break,42,ceded,short,emerging,False,bornhuetter_ferguson_ceded_specific,ceded_specific_standard,71276827.49738869,81418024.02154228,-10141196.52415359,10141196.52415359,-12.455714377777511,12.455714377777511,True,success,,,step28_ceded_development_v1,pricing_mc_v1,0.03250590000243392
short_emerging_no_break,42,ceded,short,emerging,False,bornhuetter_ferguson_standard,frozen_standard,30516608.13167624,81418024.02154228,-50901415.88986604,50901415.88986604,-62.51860874982437,62.51860874982437,True,success,,,frozen_step21_pattern,pricing_mc_v1,0.0038877000042703003
short_emerging_no_break,43,ceded,short,emerging,False,bornhuetter_ferguson_break_aware,frozen_break_aware,30516608.13167624,80545010.80252193,-50028402.67084569,50028402.67084569,-62.11235453615367,62.11235453615367,True,success,,,frozen_step21_pattern,pricing_mc_v1,0.0035524999984772876
short_emerging_no_break,43,ceded,short,emerging,False,bornhuetter_ferguson_break_aware_ceded_specific,ceded_specific_break_aware,71276827.49738869,80545010.80252193,-9268183.305133238,9268183.305133238,-11.506837248872829,11.506837248872829,True,success,,,step28_ceded_development_v1,pricing_mc_v1,0.032451599996420555
short_emerging_no_break,43,ceded,short,emerging,False,bornhuetter_ferguson_ceded_specific,ceded_specific_standard,71276827.49738869,80545010.80252193,-9268183.305133238,9268183.305133238,-11.506837248872829,11.506837248872829,True,success,,,step28_ceded_development_v1,pricing_mc_v1,0.03201919999992242
short_emerging_no_break,43,ceded,short,emerging,False,bornhuetter_ferguson_standard,frozen_standard,30516608.13167624,80545010.80252193,-50028402.67084569,50028402.67084569,-62.11235453615367,62.11235453615367,True,success,,,frozen_step21_pattern,pricing_mc_v1,0.003667099997983314
short_emerging_no_break,44,ceded,short,emerging,False,bornhuetter_ferguson_break_aware,frozen_break_aware,30516608.13167624,89425856.14450559,-58909248.01282935,58909248.01282935,-65.8749611718968,65.8749611718968,True,success,,,frozen_step21_pattern,pricing_mc_v1,0.0035351999977137893
short_emerging_no_break,44,ceded,short,emerging,False,bornhuetter_ferguson_break_aware_ceded_specific,ceded_specific_break_aware,71276827.49738869,89425856.14450559,-18149028.6471169,18149028.6471169,-20.295057189935545,20.295057189935545,True,success,,,step28_ceded_development_v1,pricing_mc_v1,0.03201439999975264
short_emerging_no_break,44,ceded,short,emerging,False,bornhuetter_ferguson_ceded_specific,ceded_specific_standard,71276827.49738869,89425856.14450559,-18149028.6471169,18149028.6471169,-20.295057189935545,20.295057189935545,True,success,,,step28_ceded_development_v1,pricing_mc_v1,0.03206440000212751
short_emerging_no_break,44,ceded,short,emerging,False,bornhuetter_ferguson_standard,frozen_standard,30516608.13167624,89425856.14450559,-58909248.01282935,58909248.01282935,-65.8749611718968,65.8749611718968,True,success,,,frozen_step21_pattern,pricing_mc_v1,0.0036334000033093616
short_emerging_no_break,45,ceded,short,emerging,False,bornhuetter_ferguson_break_aware,frozen_break_aware,30516608.13167624,69213083.93238875,-38696475.80071251,38696475.80071251,-55.90919173391177,55.90919173391177,True,success,,,frozen_step21_pattern,pricing_mc_v1,0.003835700001218356
short_emerging_no_break,45,ceded,short,emerging,False,bornhuetter_ferguson_break_aware_ceded_specific,ceded_specific_break_aware,71276827.49738869,69213083.93238875,2063743.564999938,2063743.564999938,2.9817246216277824,2.9817246216277824,True,success,,,step28_ceded_development_v1,pricing_mc_v1,0.03222760000062408
short_emerging_no_break,45,ceded,short,emerging,False,bornhuetter_ferguson_ceded_specific,ceded_specific_standard,71276827.49738869,69213083.93238875,2063743.564999938,2063743.564999938,2.9817246216277824,2.9817246216277824,True,success,,,step28_ceded_development_v1,pricing_mc_v1,0.03270640000118874
short_emerging_no_break,45,ceded,short,emerging,False,bornhuetter_ferguson_standard,frozen_standard,30516608.13167624,69213083.93238875,-38696475.80071251,38696475.80071251,-55.90919173391177,55.90919173391177,True,success,,,frozen_step21_pattern,pricing_mc_v1,0.0036136999988229945
short_emerging_no_break,46,ceded,short,emerging,False,bornhuetter_ferguson_break_aware,frozen_break_aware,30516608.13167624,67227742.86518183,-36711134.73350559,36711134.73350559,-54.60712076430397,54.60712076430397,True,success,,,frozen_step21_pattern,pricing_mc_v1,0.003708000003825873
short_emerging_no_break,46,ceded,short,emerging,False,bornhuetter_ferguson_break_aware_ceded_specific,ceded_specific_break_aware,71276827.49738869,67227742.86518183,4049084.632206857,4049084.632206857,6.022937048960383,6.022937048960383,True,success,,,step28_ceded_development_v1,pricing_mc_v1,0.032196899999689776
short_emerging_no_break,46,ceded,short,emerging,False,bornhuetter_ferguson_ceded_specific,ceded_specific_standard,71276827.49738869,67227742.86518183,4049084.632206857,4049084.632206857,6.022937048960383,6.022937048960383,True,success,,,step28_ceded_development_v1,pricing_mc_v1,0.032040199999755714
short_emerging_no_break,46,ceded,short,emerging,False,bornhuetter_ferguson_standard,frozen_standard,30516608.13167624,67227742.86518183,-36711134.73350559,36711134.73350559,-54.60712076430397,54.60712076430397,True,success,,,frozen_step21_pattern,pricing_mc_v1,0.0035916999986511655
short_emerging_no_break,47,ceded,short,emerging,False,bornhuetter_ferguson_break_aware,frozen_break_aware,30516608.13167624,60094204.61255132,-29577596.480875075,29577596.480875075,-49.21871696542511,49.21871696542511,True,success,,,frozen_step21_pattern,pricing_mc_v1,0.004298500003642403
short_emerging_no_break,47,ceded,short,emerging,False,bornhuetter_ferguson_break_aware_ceded_specific,ceded_specific_break_aware,71276827.49738869,60094204.61255132,11182622.884837374,11182622.884837374,18.60848805127835,18.60848805127835,True,success,,,step28_ceded_development_v1,pricing_mc_v1,0.03218550000019604
short_emerging_no_break,47,ceded,short,emerging,False,bornhuetter_ferguson_ceded_specific,ceded_specific_standard,71276827.49738869,60094204.61255132,11182622.884837374,11182622.884837374,18.60848805127835,18.60848805127835,True,success,,,step28_ceded_development_v1,pricing_mc_v1,0.03360350000002654
short_emerging_no_break,47,ceded,short,emerging,False,bornhuetter_ferguson_standard,frozen_standard,30516608.13167624,60094204.61255132,-29577596.480875075,29577596.480875075,-49.21871696542511,49.21871696542511,True,success,,,frozen_step21_pattern,pricing_mc_v1,0.0038039999999455176
short_emerging_no_break,48,ceded,short,emerging,False,bornhuetter_ferguson_break_aware,frozen_break_aware,30516608.13167624,73634234.31973028,-43117626.18805404,43117626.18805404,-58.55649425351691,58.55649425351691,True,success,,,frozen_step21_pattern,pricing_mc_v1,0.0035550999964470975
short_emerging_no_break,48,ceded,short,emerging,False,bornhuetter_ferguson_break_aware_ceded_specific,ceded_specific_break_aware,71276827.49738869,73634234.31973028,-2357406.822341591,2357406.822341591,-3.201509249224208,3.201509249224208,True,success,,,step28_ceded_development_v1,pricing_mc_v1,0.032018199999583885
short_emerging_no_break,48,ceded,short,emerging,False,bornhuetter_ferguson_ceded_specific,ceded_specific_standard,71276827.49738869,73634234.31973028,-2357406.822341591,2357406.822341591,-3.201509249224208,3.201509249224208,True,success,,,step28_ceded_development_v1,pricing_mc_v1,0.03205639999941923
short_emerging_no_break,48,ceded,short,emerging,False,bornhuetter_ferguson_standard,frozen_standard,30516608.13167624,73634234.31973028,-43117626.18805404,43117626.18805404,-58.55649425351691,58.55649425351691,True,success,,,frozen_step21_pattern,pricing_mc_v1,0.0037486999935936183
short_emerging_no_break,49,ceded,short,emerging,False,bornhuetter_ferguson_break_aware,frozen_break_aware,30516608.13167624,57917615.23518233,-27401007.10350609,27401007.10350609,-47.310316545735844,47.310316545735844,True,success,,,frozen_step21_pattern,pricing_mc_v1,0.003555000002961606
short_emerging_no_break,49,ceded,short,emerging,False,bornhuetter_ferguson_break_aware_ceded_specific,ceded_specific_break_aware,71276827.49738869,57917615.23518233,13359212.26220636,13359212.26220636,23.065887999634427,23.065887999634427,True,success,,,step28_ceded_development_v1,pricing_mc_v1,0.03195119999872986
short_emerging_no_break,49,ceded,short,emerging,False,bornhuetter_ferguson_ceded_specific,ceded_specific_standard,71276827.49738869,57917615.23518233,13359212.26220636,13359212.26220636,23.065887999634427,23.065887999634427,True,success,,,step28_ceded_development_v1,pricing_mc_v1,0.03205359999992652
short_emerging_no_break,49,ceded,short,emerging,False,bornhuetter_ferguson_standard,frozen_standard,30516608.13167624,57917615.23518233,-27401007.10350609,27401007.10350609,-47.310316545735844,47.310316545735844,True,success,,,frozen_step21_pattern,pricing_mc_v1,0.0036266999959480017
short_emerging_no_break,50,ceded,short,emerging,False,bornhuetter_ferguson_break_aware,frozen_break_aware,30516608.13167624,66213381.583072916,-35696773.451396674,35696773.451396674,-53.911720860549366,53.911720860549366,True,success,,,frozen_step21_pattern,pricing_mc_v1,0.0036877999955322593
short_emerging_no_break,50,ceded,short,emerging,False,bornhuetter_ferguson_break_aware_ceded_specific,ceded_specific_break_aware,71276827.49738869,66213381.583072916,5063445.914315775,5063445.914315775,7.647164052425042,7.647164052425042,True,success,,,step28_ceded_development_v1,pricing_mc_v1,0.03211390000069514
short_emerging_no_break,50,ceded,short,emerging,False,bornhuetter_ferguson_ceded_specific,ceded_specific_standard,71276827.49738869,66213381.583072916,5063445.914315775,5063445.914315775,7.647164052425042,7.647164052425042,True,success,,,step28_ceded_development_v1,pricing_mc_v1,0.03204389999882551
short_emerging_no_break,50,ceded,short,emerging,False,bornhuetter_ferguson_standard,frozen_standard,30516608.13167624,66213381.583072916,-35696773.451396674,35696773.451396674,-53.911720860549366,53.911720860549366,True,success,,,frozen_step21_pattern,pricing_mc_v1,0.0036003999994136393
short_shock_no_break,1,ceded,short,shock,False,bornhuetter_ferguson_break_aware,frozen_break_aware,38216123.52993158,92301960.7631166,-54085837.233185016,54085837.233185016,-58.59662870216886,58.59662870216886,True,success,,,frozen_step21_pattern,pricing_mc_v1,0.003859999997075647
short_shock_no_break,1,ceded,short,shock,False,bornhuetter_ferguson_break_aware_ceded_specific,ceded_specific_break_aware,89287983.03300038,92301960.7631166,-3013977.7301162183,3013977.7301162183,-3.2653452919069395,3.2653452919069395,True,success,,,step28_ceded_development_v1,pricing_mc_v1,0.031878099995083176
short_shock_no_break,1,ceded,short,shock,False,bornhuetter_ferguson_ceded_specific,ceded_specific_standard,89287983.03300038,92301960.7631166,-3013977.7301162183,3013977.7301162183,-3.2653452919069395,3.2653452919069395,True,success,,,step28_ceded_development_v1,pricing_mc_v1,0.032112300003063865
short_shock_no_break,1,ceded,short,shock,False,bornhuetter_ferguson_standard,frozen_standard,38216123.52993158,92301960.7631166,-54085837.233185016,54085837.233185016,-58.59662870216886,58.59662870216886,True,success,,,frozen_step21_pattern,pricing_mc_v1,0.0035753000047407113
short_shock_no_break,2,ceded,short,shock,False,bornhuetter_ferguson_break_aware,frozen_break_aware,38216123.52993158,85850689.8971627,-47634566.36723112,47634566.36723112,-55.48536234745553,55.48536234745553,True,success,,,frozen_step21_pattern,pricing_mc_v1,0.003565199993317947
short_shock_no_break,2,ceded,short,shock,False,bornhuetter_ferguson_break_aware_ceded_specific,ceded_specific_break_aware,89287983.03300038,85850689.8971627,3437293.135837674,3437293.135837674,4.003803743400406,4.003803743400406,True,success,,,step28_ceded_development_v1,pricing_mc_v1,0.03221040000062203
short_shock_no_break,2,ceded,short,shock,False,bornhuetter_ferguson_ceded_specific,ceded_specific_standard,89287983.03300038,85850689.8971627,3437293.135837674,3437293.135837674,4.003803743400406,4.003803743400406,True,success,,,step28_ceded_development_v1,pricing_mc_v1,0.03201679999619955
short_shock_no_break,2,ceded,short,shock,False,bornhuetter_ferguson_standard,frozen_standard,38216123.52993158,85850689.8971627,-47634566.36723112,47634566.36723112,-55.48536234745553,55.48536234745553,True,success,,,frozen_step21_pattern,pricing_mc_v1,0.003587199993489776
short_shock_no_break,3,ceded,short,shock,False,bornhuetter_ferguson_break_aware,frozen_break_aware,38216123.52993158,84759556.8790487,-46543433.34911712,46543433.34911712,-54.91231321033719,54.91231321033719,True,success,,,frozen_step21_pattern,pricing_mc_v1,0.003562500001862645
short_shock_no_break,3,ceded,short,shock,False,bornhuetter_ferguson_break_aware_ceded_specific,ceded_specific_break_aware,89287983.03300038,84759556.8790487,4528426.153951675,4528426.153951675,5.342673228475825,5.342673228475825,True,success,,,step28_ceded_development_v1,pricing_mc_v1,0.03191030000016326
short_shock_no_break,3,ceded,short,shock,False,bornhuetter_ferguson_ceded_specific,ceded_specific_standard,89287983.03300038,84759556.8790487,4528426.153951675,4528426.153951675,5.342673228475825,5.342673228475825,True,success,,,step28_ceded_development_v1,pricing_mc_v1,0.03286140000273008
short_shock_no_break,3,ceded,short,shock,False,bornhuetter_ferguson_standard,frozen_standard,38216123.52993158,84759556.8790487,-46543433.34911712,46543433.34911712,-54.91231321033719,54.91231321033719,True,success,,,frozen_step21_pattern,pricing_mc_v1,0.0039440999971702695
short_shock_no_break,4,ceded,short,shock,False,bornhuetter_ferguson_break_aware,frozen_break_aware,38216123.52993158,79910102.07945794,-41693978.549526356,41693978.549526356,-52.176104728371264,52.176104728371264,True,success,,,frozen_step21_pattern,pricing_mc_v1,0.003472299998975359
short_shock_no_break,4,ceded,short,shock,False,bornhuetter_ferguson_break_aware_ceded_specific,ceded_specific_break_aware,89287983.03300038,79910102.07945794,9377880.953542441,9377880.953542441,11.735538698495997,11.735538698495997,True,success,,,step28_ceded_development_v1,pricing_mc_v1,0.031902499998977873
short_shock_no_break,4,ceded,short,shock,False,bornhuetter_ferguson_ceded_specific,ceded_specific_standard,89287983.03300038,79910102.07945794,9377880.953542441,9377880.953542441,11.735538698495997,11.735538698495997,True,success,,,step28_ceded_development_v1,pricing_mc_v1,0.03238789999886649
short_shock_no_break,4,ceded,short,shock,False,bornhuetter_ferguson_standard,frozen_standard,38216123.52993158,79910102.07945794,-41693978.549526356,41693978.549526356,-52.176104728371264,52.176104728371264,True,success,,,frozen_step21_pattern,pricing_mc_v1,0.0037145000023883767
short_shock_no_break,5,ceded,short,shock,False,bornhuetter_ferguson_break_aware,frozen_break_aware,38216123.52993158,78657318.52632639,-40441194.996394806,40441194.996394806,-51.41440841624832,51.41440841624832,True,success,,,frozen_step21_pattern,pricing_mc_v1,0.003478899998299312
short_shock_no_break,5,ceded,short,shock,False,bornhuetter_ferguson_break_aware_ceded_specific,ceded_specific_break_aware,89287983.03300038,78657318.52632639,10630664.506673992,10630664.506673992,13.515162614036909,13.515162614036909,True,success,,,step28_ceded_development_v1,pricing_mc_v1,0.0327846000000136
short_shock_no_break,5,ceded,short,shock,False,bornhuetter_ferguson_ceded_specific,ceded_specific_standard,89287983.03300038,78657318.52632639,10630664.506673992,10630664.506673992,13.515162614036909,13.515162614036909,True,success,,,step28_ceded_development_v1,pricing_mc_v1,0.032359400000132155
short_shock_no_break,5,ceded,short,shock,False,bornhuetter_ferguson_standard,frozen_standard,38216123.52993158,78657318.52632639,-40441194.996394806,40441194.996394806,-51.41440841624832,51.41440841624832,True,success,,,frozen_step21_pattern,pricing_mc_v1,0.00371399999858113
short_shock_no_break,6,ceded,short,shock,False,bornhuetter_ferguson_break_aware,frozen_break_aware,38216123.52993158,78884442.61154923,-40668319.081617646,40668319.081617646,-51.55429605033873,51.55429605033873,True,success,,,frozen_step21_pattern,pricing_mc_v1,0.0037044000055175275
short_shock_no_break,6,ceded,short,shock,False,bornhuetter_ferguson_break_aware_ceded_specific,ceded_specific_break_aware,89287983.03300038,78884442.61154923,10403540.421451151,10403540.421451151,13.18832976063648,13.18832976063648,True,success,,,step28_ceded_development_v1,pricing_mc_v1,0.03238039999996545
short_shock_no_break,6,ceded,short,shock,False,bornhuetter_ferguson_ceded_specific,ceded_specific_standard,89287983.03300038,78884442.61154923,10403540.421451151,10403540.421451151,13.18832976063648,13.18832976063648,True,success,,,step28_ceded_development_v1,pricing_mc_v1,0.03234320000046864
short_shock_no_break,6,ceded,short,shock,False,bornhuetter_ferguson_standard,frozen_standard,38216123.52993158,78884442.61154923,-40668319.081617646,40668319.081617646,-51.55429605033873,51.55429605033873,True,success,,,frozen_step21_pattern,pricing_mc_v1,0.0036456000016187318
short_shock_no_break,7,ceded,short,shock,False,bornhuetter_ferguson_break_aware,frozen_break_aware,38216123.52993158,81826059.98624724,-43609936.45631566,43609936.45631566,-53.29590165241406,53.29590165241406,True,success,,,frozen_step21_pattern,pricing_mc_v1,0.0038061000013840385
short_shock_no_break,7,ceded,short,shock,False,bornhuetter_ferguson_break_aware_ceded_specific,ceded_specific_break_aware,89287983.03300038,81826059.98624724,7461923.046753138,7461923.046753138,9.119250087328275,9.119250087328275,True,success,,,step28_ceded_development_v1,pricing_mc_v1,0.032460900001751725
short_shock_no_break,7,ceded,short,shock,False,bornhuetter_ferguson_ceded_specific,ceded_specific_standard,89287983.03300038,81826059.98624724,7461923.046753138,7461923.046753138,9.119250087328275,9.119250087328275,True,success,,,step28_ceded_development_v1,pricing_mc_v1,0.03352450000238605
short_shock_no_break,7,ceded,short,shock,False,bornhuetter_ferguson_standard,frozen_standard,38216123.52993158,81826059.98624724,-43609936.45631566,43609936.45631566,-53.29590165241406,53.29590165241406,True,success,,,frozen_step21_pattern,pricing_mc_v1,0.0036209000027156435
short_shock_no_break,8,ceded,short,shock,False,bornhuetter_ferguson_break_aware,frozen_break_aware,38216123.52993158,89773714.06286424,-51557590.53293266,51557590.53293266,-57.430608804743606,57.430608804743606,True,success,,,frozen_step21_pattern,pricing_mc_v1,0.003541699996276293
short_shock_no_break,8,ceded,short,shock,False,bornhuetter_ferguson_break_aware_ceded_specific,ceded_specific_break_aware,89287983.03300038,89773714.06286424,-485731.0298638642,485731.0298638642,-0.541061528905588,0.541061528905588,True,success,,,step28_ceded_development_v1,pricing_mc_v1,0.032507000003533904
short_shock_no_break,8,ceded,short,shock,False,bornhuetter_ferguson_ceded_specific,ceded_specific_standard,89287983.03300038,89773714.06286424,-485731.0298638642,485731.0298638642,-0.541061528905588,0.541061528905588,True,success,,,step28_ceded_development_v1,pricing_mc_v1,0.03297710000333609
short_shock_no_break,8,ceded,short,shock,False,bornhuetter_ferguson_standard,frozen_standard,38216123.52993158,89773714.06286424,-51557590.53293266,51557590.53293266,-57.430608804743606,57.430608804743606,True,success,,,frozen_step21_pattern,pricing_mc_v1,0.003869300002406817
short_shock_no_break,9,ceded,short,shock,False,bornhuetter_ferguson_break_aware,frozen_break_aware,38216123.52993158,86967476.65782496,-48751353.12789338,48751353.12789338,-56.05699394925119,56.05699394925119,True,success,,,frozen_step21_pattern,pricing_mc_v1,0.0036792000028071925
short_shock_no_break,9,ceded,short,shock,False,bornhuetter_ferguson_break_aware_ceded_specific,ceded_specific_break_aware,89287983.03300038,86967476.65782496,2320506.3751754165,2320506.3751754165,2.6682461816219973,2.6682461816219973,True,success,,,step28_ceded_development_v1,pricing_mc_v1,0.03267099999357015
short_shock_no_break,9,ceded,short,shock,False,bornhuetter_ferguson_ceded_specific,ceded_specific_standard,89287983.03300038,86967476.65782496,2320506.3751754165,2320506.3751754165,2.6682461816219973,2.6682461816219973,True,success,,,step28_ceded_development_v1,pricing_mc_v1,0.033738499994797166
short_shock_no_break,9,ceded,short,shock,False,bornhuetter_ferguson_standard,frozen_standard,38216123.52993158,86967476.65782496,-48751353.12789338,48751353.12789338,-56.05699394925119,56.05699394925119,True,success,,,frozen_step21_pattern,pricing_mc_v1,0.003803100000368431
short_shock_no_break,10,ceded,short,shock,False,bornhuetter_ferguson_break_aware,frozen_break_aware,38216123.52993158,100256663.52796091,-62040539.99802933,62040539.99802933,-61.88171221230262,61.88171221230262,True,success,,,frozen_step21_pattern,pricing_mc_v1,0.0038491000013891608
short_shock_no_break,10,ceded,short,shock,False,bornhuetter_ferguson_break_aware_ceded_specific,ceded_specific_break_aware,89287983.03300038,100256663.52796091,-10968680.494960532,10968680.494960532,-10.94059996510999,10.94059996510999,True,success,,,step28_ceded_development_v1,pricing_mc_v1,0.03264679999847431
short_shock_no_break,10,ceded,short,shock,False,bornhuetter_ferguson_ceded_specific,ceded_specific_standard,89287983.03300038,100256663.52796091,-10968680.494960532,10968680.494960532,-10.94059996510999,10.94059996510999,True,success,,,step28_ceded_development_v1,pricing_mc_v1,0.03326620000007097
short_shock_no_break,10,ceded,short,shock,False,bornhuetter_ferguson_standard,frozen_standard,38216123.52993158,100256663.52796091,-62040539.99802933,62040539.99802933,-61.88171221230262,61.88171221230262,True,success,,,frozen_step21_pattern,pricing_mc_v1,0.0036910999988322146
short_shock_no_break,11,ceded,short,shock,False,bornhuetter_ferguson_break_aware,frozen_break_aware,38216123.52993158,105213686.48668985,-66997562.95675827,66997562.95675827,-63.67761190958161,63.67761190958161,True,success,,,frozen_step21_pattern,pricing_mc_v1,0.0035719000006793067
short_shock_no_break,11,ceded,short,shock,False,bornhuetter_ferguson_break_aware_ceded_specific,ceded_specific_break_aware,89287983.03300038,105213686.48668985,-15925703.45368947,15925703.45368947,-15.136532123797569,15.136532123797569,True,success,,,step28_ceded_development_v1,pricing_mc_v1,0.03270699999848148
short_shock_no_break,11,ceded,short,shock,False,bornhuetter_ferguson_ceded_specific,ceded_specific_standard,89287983.03300038,105213686.48668985,-15925703.45368947,15925703.45368947,-15.136532123797569,15.136532123797569,True,success,,,step28_ceded_development_v1,pricing_mc_v1,0.032812199999170844
short_shock_no_break,11,ceded,short,shock,False,bornhuetter_ferguson_standard,frozen_standard,38216123.52993158,105213686.48668985,-66997562.95675827,66997562.95675827,-63.67761190958161,63.67761190958161,True,success,,,frozen_step21_pattern,pricing_mc_v1,0.0038654000018141232
short_shock_no_break,12,ceded,short,shock,False,bornhuetter_ferguson_break_aware,frozen_break_aware,38216123.52993158,86231211.40383303,-48015087.87390145,48015087.87390145,-55.68179675574771,55.68179675574771,True,success,,,frozen_step21_pattern,pricing_mc_v1,0.003535399999236688
short_shock_no_break,12,ceded,short,shock,False,bornhuetter_ferguson_break_aware_ceded_specific,ceded_specific_break_aware,89287983.03300038,86231211.40383303,3056771.629167348,3056771.629167348,3.544855255311272,3.544855255311272,True,success,,,step28_ceded_development_v1,pricing_mc_v1,0.03263560000050347
short_shock_no_break,12,ceded,short,shock,False,bornhuetter_ferguson_ceded_specific,ceded_specific_standard,89287983.03300038,86231211.40383303,3056771.629167348,3056771.629167348,3.544855255311272,3.544855255311272,True,success,,,step28_ceded_development_v1,pricing_mc_v1,0.03283839999494376
short_shock_no_break,12,ceded,short,shock,False,bornhuetter_ferguson_standard,frozen_standard,38216123.52993158,86231211.40383303,-48015087.87390145,48015087.87390145,-55.68179675574771,55.68179675574771,True,success,,,frozen_step21_pattern,pricing_mc_v1,0.0038337000005412847
short_shock_no_break,13,ceded,short,shock,False,bornhuetter_ferguson_break_aware,frozen_break_aware,38216123.52993158,92709672.71563783,-54493549.18570625,54493549.18570625,-58.778709480348034,58.778709480348034,True,success,,,frozen_step21_pattern,pricing_mc_v1,0.0035999000028823502
short_shock_no_break,13,ceded,short,shock,False,bornhuetter_ferguson_break_aware_ceded_specific,ceded_specific_break_aware,89287983.03300038,92709672.71563783,-3421689.682637453,3421689.682637453,-3.6907580216927016,3.6907580216927016,True,success,,,step28_ceded_development_v1,pricing_mc_v1,0.03276639999967301
short_shock_no_break,13,ceded,short,shock,False,bornhuetter_ferguson_ceded_specific,ceded_specific_standard,89287983.03300038,92709672.71563783,-3421689.682637453,3421689.682637453,-3.6907580216927016,3.6907580216927016,True,success,,,step28_ceded_development_v1,pricing_mc_v1,0.032838400002219714
short_shock_no_break,13,ceded,short,shock,False,bornhuetter_ferguson_standard,frozen_standard,38216123.52993158,92709672.71563783,-54493549.18570625,54493549.18570625,-58.778709480348034,58.778709480348034,True,success,,,frozen_step21_pattern,pricing_mc_v1,0.0036888000031467527
short_shock_no_break,14,ceded,short,shock,False,bornhuetter_ferguson_break_aware,frozen_break_aware,38216123.52993158,89142238.07303554,-50926114.543103956,50926114.543103956,-57.129050878641216,57.129050878641216,True,success,,,frozen_step21_pattern,pricing_mc_v1,0.003774700002395548
short_shock_no_break,14,ceded,short,shock,False,bornhuetter_ferguson_break_aware_ceded_specific,ceded_specific_break_aware,89287983.03300038,89142238.07303554,145744.9599648416,145744.9599648416,0.16349708411564742,0.16349708411564742,True,success,,,step28_ceded_development_v1,pricing_mc_v1,0.03325549999863142
short_shock_no_break,14,ceded,short,shock,False,bornhuetter_ferguson_ceded_specific,ceded_specific_standard,89287983.03300038,89142238.07303554,145744.9599648416,145744.9599648416,0.16349708411564742,0.16349708411564742,True,success,,,step28_ceded_development_v1,pricing_mc_v1,0.032998099995893426
short_shock_no_break,14,ceded,short,shock,False,bornhuetter_ferguson_standard,frozen_standard,38216123.52993158,89142238.07303554,-50926114.543103956,50926114.543103956,-57.129050878641216,57.129050878641216,True,success,,,frozen_step21_pattern,pricing_mc_v1,0.003700699999171775
short_shock_no_break,15,ceded,short,shock,False,bornhuetter_ferguson_break_aware,frozen_break_aware,38216123.52993158,85237534.42865795,-47021410.89872637,47021410.89872637,-55.16514668556294,55.16514668556294,True,success,,,frozen_step21_pattern,pricing_mc_v1,0.003579700001864694
short_shock_no_break,15,ceded,short,shock,False,bornhuetter_ferguson_break_aware_ceded_specific,ceded_specific_break_aware,89287983.03300038,85237534.42865795,4050448.604342431,4050448.604342431,4.751954208310157,4.751954208310157,True,success,,,step28_ceded_development_v1,pricing_mc_v1,0.03277689999958966
short_shock_no_break,15,ceded,short,shock,False,bornhuetter_ferguson_ceded_specific,ceded_specific_standard,89287983.03300038,85237534.42865795,4050448.604342431,4050448.604342431,4.751954208310157,4.751954208310157,True,success,,,step28_ceded_development_v1,pricing_mc_v1,0.03346659999806434
short_shock_no_break,15,ceded,short,shock,False,bornhuetter_ferguson_standard,frozen_standard,38216123.52993158,85237534.42865795,-47021410.89872637,47021410.89872637,-55.16514668556294,55.16514668556294,True,success,,,frozen_step21_pattern,pricing_mc_v1,0.003918000002158806
short_shock_no_break,16,ceded,short,shock,False,bornhuetter_ferguson_break_aware,frozen_break_aware,38216123.52993158,88988006.79260848,-50771883.2626769,50771883.2626769,-57.05474826625077,57.05474826625077,True,success,,,frozen_step21_pattern,pricing_mc_v1,0.0035645999960252084
short_shock_no_break,16,ceded,short,shock,False,bornhuetter_ferguson_break_aware_ceded_specific,ceded_specific_break_aware,89287983.03300038,88988006.79260848,299976.2403918952,299976.2403918952,0.33709738110103593,0.33709738110103593,True,success,,,step28_ceded_development_v1,pricing_mc_v1,0.032775899999251124
short_shock_no_break,16,ceded,short,shock,False,bornhuetter_ferguson_ceded_specific,ceded_specific_standard,89287983.03300038,88988006.79260848,299976.2403918952,299976.2403918952,0.33709738110103593,0.33709738110103593,True,success,,,step28_ceded_development_v1,pricing_mc_v1,0.0328970999980811
short_shock_no_break,16,ceded,short,shock,False,bornhuetter_ferguson_standard,frozen_standard,38216123.52993158,88988006.79260848,-50771883.2626769,50771883.2626769,-57.05474826625077,57.05474826625077,True,success,,,frozen_step21_pattern,pricing_mc_v1,0.0037305000005289912
short_shock_no_break,17,ceded,short,shock,False,bornhuetter_ferguson_break_aware,frozen_break_aware,38216123.52993158,96654698.30503473,-58438574.775103144,58438574.775103144,-60.461183780922404,60.461183780922404,True,success,,,frozen_step21_pattern,pricing_mc_v1,0.0037588999985018745
short_shock_no_break,17,ceded,short,shock,False,bornhuetter_ferguson_break_aware_ceded_specific,ceded_specific_break_aware,89287983.03300038,96654698.30503473,-7366715.272034347,7366715.272034347,-7.621683582090925,7.621683582090925,True,success,,,step28_ceded_development_v1,pricing_mc_v1,0.03294640000240179
short_shock_no_break,17,ceded,short,shock,False,bornhuetter_ferguson_ceded_specific,ceded_specific_standard,89287983.03300038,96654698.30503473,-7366715.272034347,7366715.272034347,-7.621683582090925,7.621683582090925,True,success,,,step28_ceded_development_v1,pricing_mc_v1,0.03317539999989094
short_shock_no_break,17,ceded,short,shock,False,bornhuetter_ferguson_standard,frozen_standard,38216123.52993158,96654698.30503473,-58438574.775103144,58438574.775103144,-60.461183780922404,60.461183780922404,True,success,,,frozen_step21_pattern,pricing_mc_v1,0.0036621999970520847
short_shock_no_break,18,ceded,short,shock,False,bornhuetter_ferguson_break_aware,frozen_break_aware,38216123.52993158,75816256.45911388,-37600132.9291823,37600132.9291823,-49.59376087034746,49.59376087034746,True,success,,,frozen_step21_pattern,pricing_mc_v1,0.0037929000027361326
short_shock_no_break,18,ceded,short,shock,False,bornhuetter_ferguson_break_aware_ceded_specific,ceded_specific_break_aware,89287983.03300038,75816256.45911388,13471726.573886499,13471726.573886499,17.768915537463286,17.768915537463286,True,success,,,step28_ceded_development_v1,pricing_mc_v1,0.03299279999919236
short_shock_no_break,18,ceded,short,shock,False,bornhuetter_ferguson_ceded_specific,ceded_specific_standard,89287983.03300038,75816256.45911388,13471726.573886499,13471726.573886499,17.768915537463286,17.768915537463286,True,success,,,step28_ceded_development_v1,pricing_mc_v1,0.033066599993617274
short_shock_no_break,18,ceded,short,shock,False,bornhuetter_ferguson_standard,frozen_standard,38216123.52993158,75816256.45911388,-37600132.9291823,37600132.9291823,-49.59376087034746,49.59376087034746,True,success,,,frozen_step21_pattern,pricing_mc_v1,0.0036602000036509708
short_shock_no_break,19,ceded,short,shock,False,bornhuetter_ferguson_break_aware,frozen_break_aware,38216123.52993158,82000230.9198194,-43784107.38988782,43784107.38988782,-53.395102548796885,53.395102548796885,True,success,,,frozen_step21_pattern,pricing_mc_v1,0.003652999999758322
short_shock_no_break,19,ceded,short,shock,False,bornhuetter_ferguson_break_aware_ceded_specific,ceded_specific_break_aware,89287983.03300038,82000230.9198194,7287752.11318098,7287752.11318098,8.887477549065702,8.887477549065702,True,success,,,step28_ceded_development_v1,pricing_mc_v1,0.03280290000111563
short_shock_no_break,19,ceded,short,shock,False,bornhuetter_ferguson_ceded_specific,ceded_specific_standard,89287983.03300038,82000230.9198194,7287752.11318098,7287752.11318098,8.887477549065702,8.887477549065702,True,success,,,step28_ceded_development_v1,pricing_mc_v1,0.032797100000607315
short_shock_no_break,19,ceded,short,shock,False,bornhuetter_ferguson_standard,frozen_standard,38216123.52993158,82000230.9198194,-43784107.38988782,43784107.38988782,-53.395102548796885,53.395102548796885,True,success,,,frozen_step21_pattern,pricing_mc_v1,0.0038673000017297454
short_shock_no_break,20,ceded,short,shock,False,bornhuetter_ferguson_break_aware,frozen_break_aware,38216123.52993158,88244351.52385226,-50028227.99392068,50028227.99392068,-56.692838838980144,56.692838838980144,True,success,,,frozen_step21_pattern,pricing_mc_v1,0.0038517000066349283
short_shock_no_break,20,ceded,short,shock,False,bornhuetter_ferguson_break_aware_ceded_specific,ceded_specific_break_aware,89287983.03300038,88244351.52385226,1043631.5091481209,1043631.5091481209,1.182660976171409,1.182660976171409,True,success,,,step28_ceded_development_v1,pricing_mc_v1,0.03313789999810979
short_shock_no_break,20,ceded,short,shock,False,bornhuetter_ferguson_ceded_specific,ceded_specific_standard,89287983.03300038,88244351.52385226,1043631.5091481209,1043631.5091481209,1.182660976171409,1.182660976171409,True,success,,,step28_ceded_development_v1,pricing_mc_v1,0.03286830000433838
short_shock_no_break,20,ceded,short,shock,False,bornhuetter_ferguson_standard,frozen_standard,38216123.52993158,88244351.52385226,-50028227.99392068,50028227.99392068,-56.692838838980144,56.692838838980144,True,success,,,frozen_step21_pattern,pricing_mc_v1,0.0036776000051759183
short_shock_no_break,21,ceded,short,shock,False,bornhuetter_ferguson_break_aware,frozen_break_aware,38216123.52993158,72928903.41659534,-34712779.88666376,34712779.88666376,-47.598110297054994,47.598110297054994,True,success,,,frozen_step21_pattern,pricing_mc_v1,0.003642399999080226
short_shock_no_break,21,ceded,short,shock,False,bornhuetter_ferguson_break_aware_ceded_specific,ceded_specific_break_aware,89287983.03300038,72928903.41659534,16359079.61640504,16359079.61640504,22.43154476484621,22.43154476484621,True,success,,,step28_ceded_development_v1,pricing_mc_v1,0.03230489999987185
short_shock_no_break,21,ceded,short,shock,False,bornhuetter_ferguson_ceded_specific,ceded_specific_standard,89287983.03300038,72928903.41659534,16359079.61640504,16359079.61640504,22.43154476484621,22.43154476484621,True,success,,,step28_ceded_development_v1,pricing_mc_v1,0.032622899998386856
short_shock_no_break,21,ceded,short,shock,False,bornhuetter_ferguson_standard,frozen_standard,38216123.52993158,72928903.41659534,-34712779.88666376,34712779.88666376,-47.598110297054994,47.598110297054994,True,success,,,frozen_step21_pattern,pricing_mc_v1,0.0036179000017000362
short_shock_no_break,22,ceded,short,shock,False,bornhuetter_ferguson_break_aware,frozen_break_aware,38216123.52993158,86293025.80521232,-48076902.27528074,48076902.27528074,-55.713543274984765,55.713543274984765,True,success,,,frozen_step21_pattern,pricing_mc_v1,0.003540500001690816
short_shock_no_break,22,ceded,short,shock,False,bornhuetter_ferguson_break_aware_ceded_specific,ceded_specific_break_aware,89287983.03300038,86293025.80521232,2994957.227788061,2994957.227788061,3.470682827310429,3.470682827310429,True,success,,,step28_ceded_development_v1,pricing_mc_v1,0.03243549999751849
short_shock_no_break,22,ceded,short,shock,False,bornhuetter_ferguson_ceded_specific,ceded_specific_standard,89287983.03300038,86293025.80521232,2994957.227788061,2994957.227788061,3.470682827310429,3.470682827310429,True,success,,,step28_ceded_development_v1,pricing_mc_v1,0.032540500003960915
short_shock_no_break,22,ceded,short,shock,False,bornhuetter_ferguson_standard,frozen_standard,38216123.52993158,86293025.80521232,-48076902.27528074,48076902.27528074,-55.713543274984765,55.713543274984765,True,success,,,frozen_step21_pattern,pricing_mc_v1,0.003835700001218356
short_shock_no_break,23,ceded,short,shock,False,bornhuetter_ferguson_break_aware,frozen_break_aware,38216123.52993158,98920315.12066409,-60704191.59073251,60704191.59073251,-61.366759210870754,61.366759210870754,True,success,,,frozen_step21_pattern,pricing_mc_v1,0.0034869999944930896
short_shock_no_break,23,ceded,short,shock,False,bornhuetter_ferguson_break_aware_ceded_specific,ceded_specific_break_aware,89287983.03300038,98920315.12066409,-9632332.08766371,9632332.08766371,-9.737466036085799,9.737466036085799,True,success,,,step28_ceded_development_v1,pricing_mc_v1,0.0324107999986154
short_shock_no_break,23,ceded,short,shock,False,bornhuetter_ferguson_ceded_specific,ceded_specific_standard,89287983.03300038,98920315.12066409,-9632332.08766371,9632332.08766371,-9.737466036085799,9.737466036085799,True,success,,,step28_ceded_development_v1,pricing_mc_v1,0.032487299999047536
short_shock_no_break,23,ceded,short,shock,False,bornhuetter_ferguson_standard,frozen_standard,38216123.52993158,98920315.12066409,-60704191.59073251,60704191.59073251,-61.366759210870754,61.366759210870754,True,success,,,frozen_step21_pattern,pricing_mc_v1,0.003734000005351845
short_shock_no_break,24,ceded,short,shock,False,bornhuetter_ferguson_break_aware,frozen_break_aware,38216123.52993158,87721052.42628112,-49504928.89634954,49504928.89634954,-56.43449038410981,56.43449038410981,True,success,,,frozen_step21_pattern,pricing_mc_v1,0.003502799998386763
short_shock_no_break,24,ceded,short,shock,False,bornhuetter_ferguson_break_aware_ceded_specific,ceded_specific_break_aware,89287983.03300038,87721052.42628112,1566930.6067192554,1566930.6067192554,1.7862651705371069,1.7862651705371069,True,success,,,step28_ceded_development_v1,pricing_mc_v1,0.03243389999988722
short_shock_no_break,24,ceded,short,shock,False,bornhuetter_ferguson_ceded_specific,ceded_specific_standard,89287983.03300038,87721052.42628112,1566930.6067192554,1566930.6067192554,1.7862651705371069,1.7862651705371069,True,success,,,step28_ceded_development_v1,pricing_mc_v1,0.03250329999718815
short_shock_no_break,24,ceded,short,shock,False,bornhuetter_ferguson_standard,frozen_standard,38216123.52993158,87721052.42628112,-49504928.89634954,49504928.89634954,-56.43449038410981,56.43449038410981,True,success,,,frozen_step21_pattern,pricing_mc_v1,0.003734899997652974
short_shock_no_break,25,ceded,short,shock,False,bornhuetter_ferguson_break_aware,frozen_break_aware,38216123.52993158,117526740.60372524,-79310617.07379365,79310617.07379365,-67.48303974600292,67.48303974600292,True,success,,,frozen_step21_pattern,pricing_mc_v1,0.003942600000300445
short_shock_no_break,25,ceded,short,shock,False,bornhuetter_ferguson_break_aware_ceded_specific,ceded_specific_break_aware,89287983.03300038,117526740.60372524,-28238757.57072486,28238757.57072486,-24.02751699371962,24.02751699371962,True,success,,,step28_ceded_development_v1,pricing_mc_v1,0.034200699999928474
short_shock_no_break,25,ceded,short,shock,False,bornhuetter_ferguson_ceded_specific,ceded_specific_standard,89287983.03300038,117526740.60372524,-28238757.57072486,28238757.57072486,-24.02751699371962,24.02751699371962,True,success,,,step28_ceded_development_v1,pricing_mc_v1,0.032502799993380904
short_shock_no_break,25,ceded,short,shock,False,bornhuetter_ferguson_standard,frozen_standard,38216123.52993158,117526740.60372524,-79310617.07379365,79310617.07379365,-67.48303974600292,67.48303974600292,True,success,,,frozen_step21_pattern,pricing_mc_v1,0.0036283999943407252
short_shock_no_break,26,ceded,short,shock,False,bornhuetter_ferguson_break_aware,frozen_break_aware,38216123.52993158,95777834.72130537,-57561711.19137379,57561711.19137379,-60.09919869129118,60.09919869129118,True,success,,,frozen_step21_pattern,pricing_mc_v1,0.0036653999995905906
short_shock_no_break,26,ceded,short,shock,False,bornhuetter_ferguson_break_aware_ceded_specific,ceded_specific_break_aware,89287983.03300038,95777834.72130537,-6489851.6883049905,6489851.6883049905,-6.775943209813816,6.775943209813816,True,success,,,step28_ceded_development_v1,pricing_mc_v1,0.032349599998269696
short_shock_no_break,26,ceded,short,shock,False,bornhuetter_ferguson_ceded_specific,ceded_specific_standard,89287983.03300038,95777834.72130537,-6489851.6883049905,6489851.6883049905,-6.775943209813816,6.775943209813816,True,success,,,step28_ceded_development_v1,pricing_mc_v1,0.0326199999981327
short_shock_no_break,26,ceded,short,shock,False,bornhuetter_ferguson_standard,frozen_standard,38216123.52993158,95777834.72130537,-57561711.19137379,57561711.19137379,-60.09919869129118,60.09919869129118,True,success,,,frozen_step21_pattern,pricing_mc_v1,0.0038108000007923692
short_shock_no_break,27,ceded,short,shock,False,bornhuetter_ferguson_break_aware,frozen_break_aware,38216123.52993158,107600077.5615052,-69383954.03157362,69383954.03157362,-64.48318217234845,64.48318217234845,True,success,,,frozen_step21_pattern,pricing_mc_v1,0.003581500001018867
short_shock_no_break,27,ceded,short,shock,False,bornhuetter_ferguson_break_aware_ceded_specific,ceded_specific_break_aware,89287983.03300038,107600077.5615052,-18312094.52850482,18312094.52850482,-17.018662944771073,17.018662944771073,True,success,,,step28_ceded_development_v1,pricing_mc_v1,0.032349300003261305
short_shock_no_break,27,ceded,short,shock,False,bornhuetter_ferguson_ceded_specific,ceded_specific_standard,89287983.03300038,107600077.5615052,-18312094.52850482,18312094.52850482,-17.018662944771073,17.018662944771073,True,success,,,step28_ceded_development_v1,pricing_mc_v1,0.03244699999777367
short_shock_no_break,27,ceded,short,shock,False,bornhuetter_ferguson_standard,frozen_standard,38216123.52993158,107600077.5615052,-69383954.03157362,69383954.03157362,-64.48318217234845,64.48318217234845,True,success,,,frozen_step21_pattern,pricing_mc_v1,0.0037984000009601004
short_shock_no_break,28,ceded,short,shock,False,bornhuetter_ferguson_break_aware,frozen_break_aware,38216123.52993158,97906415.33349863,-59690291.803567044,59690291.803567044,-60.96668088627697,60.96668088627697,True,success,,,frozen_step21_pattern,pricing_mc_v1,0.004176599999482278
short_shock_no_break,28,ceded,short,shock,False,bornhuetter_ferguson_break_aware_ceded_specific,ceded_specific_break_aware,89287983.03300038,97906415.33349863,-8618432.300498247,8618432.300498247,-8.802724797084318,8.802724797084318,True,success,,,step28_ceded_development_v1,pricing_mc_v1,0.03232110000681132
short_shock_no_break,28,ceded,short,shock,False,bornhuetter_ferguson_ceded_specific,ceded_specific_standard,89287983.03300038,97906415.33349863,-8618432.300498247,8618432.300498247,-8.802724797084318,8.802724797084318,True,success,,,step28_ceded_development_v1,pricing_mc_v1,0.03268989999924088
short_shock_no_break,28,ceded,short,shock,False,bornhuetter_ferguson_standard,frozen_standard,38216123.52993158,97906415.33349863,-59690291.803567044,59690291.803567044,-60.96668088627697,60.96668088627697,True,success,,,frozen_step21_pattern,pricing_mc_v1,0.0037045999997644685
short_shock_no_break,29,ceded,short,shock,False,bornhuetter_ferguson_break_aware,frozen_break_aware,38216123.52993158,87437629.10602704,-49221505.576095454,49221505.576095454,-56.29327565184706,56.29327565184706,True,success,,,frozen_step21_pattern,pricing_mc_v1,0.0039090000063879415
short_shock_no_break,29,ceded,short,shock,False,bornhuetter_ferguson_break_aware_ceded_specific,ceded_specific_break_aware,89287983.03300038,87437629.10602704,1850353.926973343,1850353.926973343,2.1161986502740144,2.1161986502740144,True,success,,,step28_ceded_development_v1,pricing_mc_v1,0.03289970000332687
short_shock_no_break,29,ceded,short,shock,False,bornhuetter_ferguson_ceded_specific,ceded_specific_standard,89287983.03300038,87437629.10602704,1850353.926973343,1850353.926973343,2.1161986502740144,2.1161986502740144,True,success,,,step28_ceded_development_v1,pricing_mc_v1,0.03297580000071321
short_shock_no_break,29,ceded,short,shock,False,bornhuetter_ferguson_standard,frozen_standard,38216123.52993158,87437629.10602704,-49221505.576095454,49221505.576095454,-56.29327565184706,56.29327565184706,True,success,,,frozen_step21_pattern,pricing_mc_v1,0.003616300004068762
short_shock_no_break,30,ceded,short,shock,False,bornhuetter_ferguson_break_aware,frozen_break_aware,38216123.52993158,96643206.08115312,-58427082.55122154,58427082.55122154,-60.45648206471878,60.45648206471878,True,success,,,frozen_step21_pattern,pricing_mc_v1,0.0037031999963801354
short_shock_no_break,30,ceded,short,shock,False,bornhuetter_ferguson_break_aware_ceded_specific,ceded_specific_break_aware,89287983.03300038,96643206.08115312,-7355223.048152745,7355223.048152745,-7.610698513019555,7.610698513019555,True,success,,,step28_ceded_development_v1,pricing_mc_v1,0.032575099998211954
short_shock_no_break,30,ceded,short,shock,False,bornhuetter_ferguson_ceded_specific,ceded_specific_standard,89287983.03300038,96643206.08115312,-7355223.048152745,7355223.048152745,-7.610698513019555,7.610698513019555,True,success,,,step28_ceded_development_v1,pricing_mc_v1,0.03284749999875203
short_shock_no_break,30,ceded,short,shock,False,bornhuetter_ferguson_standard,frozen_standard,38216123.52993158,96643206.08115312,-58427082.55122154,58427082.55122154,-60.45648206471878,60.45648206471878,True,success,,,frozen_step21_pattern,pricing_mc_v1,0.003654599997389596
short_shock_no_break,31,ceded,short,shock,False,bornhuetter_ferguson_break_aware,frozen_break_aware,38216123.52993158,93300270.72113782,-55084147.19120624,55084147.19120624,-59.03964347096642,59.03964347096642,True,success,,,frozen_step21_pattern,pricing_mc_v1,0.0036010000039823353
short_shock_no_break,31,ceded,short,shock,False,bornhuetter_ferguson_break_aware_ceded_specific,ceded_specific_break_aware,89287983.03300038,93300270.72113782,-4012287.688137442,4012287.688137442,-4.30040305041519,4.30040305041519,True,success,,,step28_ceded_development_v1,pricing_mc_v1,0.03252519999659853
short_shock_no_break,31,ceded,short,shock,False,bornhuetter_ferguson_ceded_specific,ceded_specific_standard,89287983.03300038,93300270.72113782,-4012287.688137442,4012287.688137442,-4.30040305041519,4.30040305041519,True,success,,,step28_ceded_development_v1,pricing_mc_v1,0.03280159999849275
short_shock_no_break,31,ceded,short,shock,False,bornhuetter_ferguson_standard,frozen_standard,38216123.52993158,93300270.72113782,-55084147.19120624,55084147.19120624,-59.03964347096642,59.03964347096642,True,success,,,frozen_step21_pattern,pricing_mc_v1,0.0038128999949549325
short_shock_no_break,32,ceded,short,shock,False,bornhuetter_ferguson_break_aware,frozen_break_aware,38216123.52993158,76170535.19235645,-37954411.66242487,37954411.66242487,-49.828206624224315,49.828206624224315,True,success,,,frozen_step21_pattern,pricing_mc_v1,0.003599499999836553
short_shock_no_break,32,ceded,short,shock,False,bornhuetter_ferguson_break_aware_ceded_specific,ceded_specific_break_aware,89287983.03300038,76170535.19235645,13117447.840643927,13117447.840643927,17.221157508632334,17.221157508632334,True,success,,,step28_ceded_development_v1,pricing_mc_v1,0.032879200000024866
short_shock_no_break,32,ceded,short,shock,False,bornhuetter_ferguson_ceded_specific,ceded_specific_standard,89287983.03300038,76170535.19235645,13117447.840643927,13117447.840643927,17.221157508632334,17.221157508632334,True,success,,,step28_ceded_development_v1,pricing_mc_v1,0.03265870000177529
short_shock_no_break,32,ceded,short,shock,False,bornhuetter_ferguson_standard,frozen_standard,38216123.52993158,76170535.19235645,-37954411.66242487,37954411.66242487,-49.828206624224315,49.828206624224315,True,success,,,frozen_step21_pattern,pricing_mc_v1,0.00368289999460103
short_shock_no_break,33,ceded,short,shock,False,bornhuetter_ferguson_break_aware,frozen_break_aware,38216123.52993158,83982657.97744578,-45766534.4475142,45766534.4475142,-54.49522026297997,54.49522026297997,True,success,,,frozen_step21_pattern,pricing_mc_v1,0.0038813999999547377
short_shock_no_break,33,ceded,short,shock,False,bornhuetter_ferguson_break_aware_ceded_specific,ceded_specific_break_aware,89287983.03300038,83982657.97744578,5305325.055554599,5305325.055554599,6.31716735731249,6.31716735731249,True,success,,,step28_ceded_development_v1,pricing_mc_v1,0.03228369999851566
short_shock_no_break,33,ceded,short,shock,False,bornhuetter_ferguson_ceded_specific,ceded_specific_standard,89287983.03300038,83982657.97744578,5305325.055554599,5305325.055554599,6.31716735731249,6.31716735731249,True,success,,,step28_ceded_development_v1,pricing_mc_v1,0.03260669999872334
short_shock_no_break,33,ceded,short,shock,False,bornhuetter_ferguson_standard,frozen_standard,38216123.52993158,83982657.97744578,-45766534.4475142,45766534.4475142,-54.49522026297997,54.49522026297997,True,success,,,frozen_step21_pattern,pricing_mc_v1,0.0036261999994167127
short_shock_no_break,34,ceded,short,shock,False,bornhuetter_ferguson_break_aware,frozen_break_aware,38216123.52993158,97630102.64478233,-59413979.11485075,59413979.11485075,-60.85620879763156,60.85620879763156,True,success,,,frozen_step21_pattern,pricing_mc_v1,0.004189899998891633
short_shock_no_break,34,ceded,short,shock,False,bornhuetter_ferguson_break_aware_ceded_specific,ceded_specific_break_aware,89287983.03300038,97630102.64478233,-8342119.611781955,8342119.611781955,-8.544618294762987,8.544618294762987,True,success,,,step28_ceded_development_v1,pricing_mc_v1,0.03270979999797419
short_shock_no_break,34,ceded,short,shock,False,bornhuetter_ferguson_ceded_specific,ceded_specific_standard,89287983.03300038,97630102.64478233,-8342119.611781955,8342119.611781955,-8.544618294762987,8.544618294762987,True,success,,,step28_ceded_development_v1,pricing_mc_v1,0.03245930000412045
short_shock_no_break,34,ceded,short,shock,False,bornhuetter_ferguson_standard,frozen_standard,38216123.52993158,97630102.64478233,-59413979.11485075,59413979.11485075,-60.85620879763156,60.85620879763156,True,success,,,frozen_step21_pattern,pricing_mc_v1,0.0036099999997531995
short_shock_no_break,35,ceded,short,shock,False,bornhuetter_ferguson_break_aware,frozen_break_aware,38216123.52993158,85880883.24703081,-47664759.71709923,47664759.71709923,-55.50101246629547,55.50101246629547,True,success,,,frozen_step21_pattern,pricing_mc_v1,0.00362920000043232
short_shock_no_break,35,ceded,short,shock,False,bornhuetter_ferguson_break_aware_ceded_specific,ceded_specific_break_aware,89287983.03300038,85880883.24703081,3407099.7859695703,3407099.7859695703,3.9672388745342406,3.9672388745342406,True,success,,,step28_ceded_development_v1,pricing_mc_v1,0.032059500001196284
short_shock_no_break,35,ceded,short,shock,False,bornhuetter_ferguson_ceded_specific,ceded_specific_standard,89287983.03300038,85880883.24703081,3407099.7859695703,3407099.7859695703,3.9672388745342406,3.9672388745342406,True,success,,,step28_ceded_development_v1,pricing_mc_v1,0.032122299999173265
short_shock_no_break,35,ceded,short,shock,False,bornhuetter_ferguson_standard,frozen_standard,38216123.52993158,85880883.24703081,-47664759.71709923,47664759.71709923,-55.50101246629547,55.50101246629547,True,success,,,frozen_step21_pattern,pricing_mc_v1,0.0038961999962339178
short_shock_no_break,36,ceded,short,shock,False,bornhuetter_ferguson_break_aware,frozen_break_aware,38216123.52993158,85841426.93886314,-47625303.40893156,47625303.40893156,-55.480558871476624,55.480558871476624,True,success,,,frozen_step21_pattern,pricing_mc_v1,0.0035652000005939044
short_shock_no_break,36,ceded,short,shock,False,bornhuetter_ferguson_break_aware_ceded_specific,ceded_specific_break_aware,89287983.03300038,85841426.93886314,3446556.0941372365,3446556.0941372365,4.015026563563415,4.015026563563415,True,success,,,step28_ceded_development_v1,pricing_mc_v1,0.03201399999670684
short_shock_no_break,36,ceded,short,shock,False,bornhuetter_ferguson_ceded_specific,ceded_specific_standard,89287983.03300038,85841426.93886314,3446556.0941372365,3446556.0941372365,4.015026563563415,4.015026563563415,True,success,,,step28_ceded_development_v1,pricing_mc_v1,0.031923700000334065
short_shock_no_break,36,ceded,short,shock,False,bornhuetter_ferguson_standard,frozen_standard,38216123.52993158,85841426.93886314,-47625303.40893156,47625303.40893156,-55.480558871476624,55.480558871476624,True,success,,,frozen_step21_pattern,pricing_mc_v1,0.0037474000055226497
short_shock_no_break,37,ceded,short,shock,False,bornhuetter_ferguson_break_aware,frozen_break_aware,38216123.52993158,70006630.76242268,-31790507.2324911,31790507.2324911,-45.410708794680666,45.410708794680666,True,success,,,frozen_step21_pattern,pricing_mc_v1,0.0035462000014376827
short_shock_no_break,37,ceded,short,shock,False,bornhuetter_ferguson_break_aware_ceded_specific,ceded_specific_break_aware,89287983.03300038,70006630.76242268,19281352.2705777,19281352.2705777,27.542180020077915,27.542180020077915,True,success,,,step28_ceded_development_v1,pricing_mc_v1,0.032446500001242384
short_shock_no_break,37,ceded,short,shock,False,bornhuetter_ferguson_ceded_specific,ceded_specific_standard,89287983.03300038,70006630.76242268,19281352.2705777,19281352.2705777,27.542180020077915,27.542180020077915,True,success,,,step28_ceded_development_v1,pricing_mc_v1,0.03226540000468958
short_shock_no_break,37,ceded,short,shock,False,bornhuetter_ferguson_standard,frozen_standard,38216123.52993158,70006630.76242268,-31790507.2324911,31790507.2324911,-45.410708794680666,45.410708794680666,True,success,,,frozen_step21_pattern,pricing_mc_v1,0.0036771999948541634
short_shock_no_break,38,ceded,short,shock,False,bornhuetter_ferguson_break_aware,frozen_break_aware,38216123.52993158,73199320.98395583,-34983197.45402425,34983197.45402425,-47.79169667665637,47.79169667665637,True,success,,,frozen_step21_pattern,pricing_mc_v1,0.003967399999964982
short_shock_no_break,38,ceded,short,shock,False,bornhuetter_ferguson_break_aware_ceded_specific,ceded_specific_break_aware,89287983.03300038,73199320.98395583,16088662.04904455,16088662.04904455,21.979250398471507,21.979250398471507,True,success,,,step28_ceded_development_v1,pricing_mc_v1,0.03209639999840874
short_shock_no_break,38,ceded,short,shock,False,bornhuetter_ferguson_ceded_specific,ceded_specific_standard,89287983.03300038,73199320.98395583,16088662.04904455,16088662.04904455,21.979250398471507,21.979250398471507,True,success,,,step28_ceded_development_v1,pricing_mc_v1,0.03210229999967851
short_shock_no_break,38,ceded,short,shock,False,bornhuetter_ferguson_standard,frozen_standard,38216123.52993158,73199320.98395583,-34983197.45402425,34983197.45402425,-47.79169667665637,47.79169667665637,True,success,,,frozen_step21_pattern,pricing_mc_v1,0.0035950999954366125
short_shock_no_break,39,ceded,short,shock,False,bornhuetter_ferguson_break_aware,frozen_break_aware,38216123.52993158,96892399.45970033,-58676275.92976875,58676275.92976875,-60.55818233108521,60.55818233108521,True,success,,,frozen_step21_pattern,pricing_mc_v1,0.0036726999969687313
short_shock_no_break,39,ceded,short,shock,False,bornhuetter_ferguson_break_aware_ceded_specific,ceded_specific_break_aware,89287983.03300038,96892399.45970033,-7604416.426699951,7604416.426699951,-7.848310568325634,7.848310568325634,True,success,,,step28_ceded_development_v1,pricing_mc_v1,0.033467499997641426
short_shock_no_break,39,ceded,short,shock,False,bornhuetter_ferguson_ceded_specific,ceded_specific_standard,89287983.03300038,96892399.45970033,-7604416.426699951,7604416.426699951,-7.848310568325634,7.848310568325634,True,success,,,step28_ceded_development_v1,pricing_mc_v1,0.03268039999966277
short_shock_no_break,39,ceded,short,shock,False,bornhuetter_ferguson_standard,frozen_standard,38216123.52993158,96892399.45970033,-58676275.92976875,58676275.92976875,-60.55818233108521,60.55818233108521,True,success,,,frozen_step21_pattern,pricing_mc_v1,0.00357619999704184
short_shock_no_break,40,ceded,short,shock,False,bornhuetter_ferguson_break_aware,frozen_break_aware,38216123.52993158,62525344.66199358,-24309221.132061996,24309221.132061996,-38.87898781442225,38.87898781442225,True,success,,,frozen_step21_pattern,pricing_mc_v1,0.0036661999984062277
short_shock_no_break,40,ceded,short,shock,False,bornhuetter_ferguson_break_aware_ceded_specific,ceded_specific_break_aware,89287983.03300038,62525344.66199358,26762638.3710068,26762638.3710068,42.802864207599704,42.802864207599704,True,success,,,step28_ceded_development_v1,pricing_mc_v1,0.03342320000228938
short_shock_no_break,40,ceded,short,shock,False,bornhuetter_ferguson_ceded_specific,ceded_specific_standard,89287983.03300038,62525344.66199358,26762638.3710068,26762638.3710068,42.802864207599704,42.802864207599704,True,success,,,step28_ceded_development_v1,pricing_mc_v1,0.03323449999879813
short_shock_no_break,40,ceded,short,shock,False,bornhuetter_ferguson_standard,frozen_standard,38216123.52993158,62525344.66199358,-24309221.132061996,24309221.132061996,-38.87898781442225,38.87898781442225,True,success,,,frozen_step21_pattern,pricing_mc_v1,0.00409179999405751
short_shock_no_break,41,ceded,short,shock,False,bornhuetter_ferguson_break_aware,frozen_break_aware,38216123.52993158,96702867.80750936,-58486744.27757778,58486744.27757778,-60.48087880288908,60.48087880288908,True,success,,,frozen_step21_pattern,pricing_mc_v1,0.09717799999634735
short_shock_no_break,41,ceded,short,shock,False,bornhuetter_ferguson_break_aware_ceded_specific,ceded_specific_break_aware,89287983.03300038,96702867.80750936,-7414884.774508983,7414884.774508983,-7.667698944842655,7.667698944842655,True,success,,,step28_ceded_development_v1,pricing_mc_v1,0.03224600000248756
short_shock_no_break,41,ceded,short,shock,False,bornhuetter_ferguson_ceded_specific,ceded_specific_standard,89287983.03300038,96702867.80750936,-7414884.774508983,7414884.774508983,-7.667698944842655,7.667698944842655,True,success,,,step28_ceded_development_v1,pricing_mc_v1,0.03281580000475515
short_shock_no_break,41,ceded,short,shock,False,bornhuetter_ferguson_standard,frozen_standard,38216123.52993158,96702867.80750936,-58486744.27757778,58486744.27757778,-60.48087880288908,60.48087880288908,True,success,,,frozen_step21_pattern,pricing_mc_v1,0.0036650999973062426
short_shock_no_break,42,ceded,short,shock,False,bornhuetter_ferguson_break_aware,frozen_break_aware,38216123.52993158,100744920.0350441,-62528796.50511252,62528796.50511252,-62.0664510760065,62.0664510760065,True,success,,,frozen_step21_pattern,pricing_mc_v1,0.0036965999970561825
short_shock_no_break,42,ceded,short,shock,False,bornhuetter_ferguson_break_aware_ceded_specific,ceded_specific_break_aware,89287983.03300038,100744920.0350441,-11456937.002043724,11456937.002043724,-11.37222303423183,11.37222303423183,True,success,,,step28_ceded_development_v1,pricing_mc_v1,0.032370700006140396
short_shock_no_break,42,ceded,short,shock,False,bornhuetter_ferguson_ceded_specific,ceded_specific_standard,89287983.03300038,100744920.0350441,-11456937.002043724,11456937.002043724,-11.37222303423183,11.37222303423183,True,success,,,step28_ceded_development_v1,pricing_mc_v1,0.03490560000500409
short_shock_no_break,42,ceded,short,shock,False,bornhuetter_ferguson_standard,frozen_standard,38216123.52993158,100744920.0350441,-62528796.50511252,62528796.50511252,-62.0664510760065,62.0664510760065,True,success,,,frozen_step21_pattern,pricing_mc_v1,0.003697799998917617
short_shock_no_break,43,ceded,short,shock,False,bornhuetter_ferguson_break_aware,frozen_break_aware,38216123.52993158,101253622.25781557,-63037498.72788399,63037498.72788399,-62.25703073355309,62.25703073355309,True,success,,,frozen_step21_pattern,pricing_mc_v1,0.003906500001903623
short_shock_no_break,43,ceded,short,shock,False,bornhuetter_ferguson_break_aware_ceded_specific,ceded_specific_break_aware,89287983.03300038,101253622.25781557,-11965639.22481519,11965639.22481519,-11.817492508414023,11.817492508414023,True,success,,,step28_ceded_development_v1,pricing_mc_v1,0.03268229999957839
short_shock_no_break,43,ceded,short,shock,False,bornhuetter_ferguson_ceded_specific,ceded_specific_standard,89287983.03300038,101253622.25781557,-11965639.22481519,11965639.22481519,-11.817492508414023,11.817492508414023,True,success,,,step28_ceded_development_v1,pricing_mc_v1,0.03305180000461405
short_shock_no_break,43,ceded,short,shock,False,bornhuetter_ferguson_standard,frozen_standard,38216123.52993158,101253622.25781557,-63037498.72788399,63037498.72788399,-62.25703073355309,62.25703073355309,True,success,,,frozen_step21_pattern,pricing_mc_v1,0.00371879999875091
short_shock_no_break,44,ceded,short,shock,False,bornhuetter_ferguson_break_aware,frozen_break_aware,38216123.52993158,109292278.76835859,-71076155.23842701,71076155.23842701,-65.03309843970825,65.03309843970825,True,success,,,frozen_step21_pattern,pricing_mc_v1,0.0037722000051871873
short_shock_no_break,44,ceded,short,shock,False,bornhuetter_ferguson_break_aware_ceded_specific,ceded_specific_break_aware,89287983.03300038,109292278.76835859,-20004295.73535821,20004295.73535821,-18.303484894625228,18.303484894625228,True,success,,,step28_ceded_development_v1,pricing_mc_v1,0.031946199997037183
short_shock_no_break,44,ceded,short,shock,False,bornhuetter_ferguson_ceded_specific,ceded_specific_standard,89287983.03300038,109292278.76835859,-20004295.73535821,20004295.73535821,-18.303484894625228,18.303484894625228,True,success,,,step28_ceded_development_v1,pricing_mc_v1,0.03213569999934407
short_shock_no_break,44,ceded,short,shock,False,bornhuetter_ferguson_standard,frozen_standard,38216123.52993158,109292278.76835859,-71076155.23842701,71076155.23842701,-65.03309843970825,65.03309843970825,True,success,,,frozen_step21_pattern,pricing_mc_v1,0.0036333000025479123
short_shock_no_break,45,ceded,short,shock,False,bornhuetter_ferguson_break_aware,frozen_break_aware,38216123.52993158,83758652.38629352,-45542528.85636193,45542528.85636193,-54.37352149163115,54.37352149163115,True,success,,,frozen_step21_pattern,pricing_mc_v1,0.0034713999993982725
short_shock_no_break,45,ceded,short,shock,False,bornhuetter_ferguson_break_aware_ceded_specific,ceded_specific_break_aware,89287983.03300038,83758652.38629352,5529330.646706864,5529330.646706864,6.601503831754221,6.601503831754221,True,success,,,step28_ceded_development_v1,pricing_mc_v1,0.03263719999813475
short_shock_no_break,45,ceded,short,shock,False,bornhuetter_ferguson_ceded_specific,ceded_specific_standard,89287983.03300038,83758652.38629352,5529330.646706864,5529330.646706864,6.601503831754221,6.601503831754221,True,success,,,step28_ceded_development_v1,pricing_mc_v1,0.0322329999980866
short_shock_no_break,45,ceded,short,shock,False,bornhuetter_ferguson_standard,frozen_standard,38216123.52993158,83758652.38629352,-45542528.85636193,45542528.85636193,-54.37352149163115,54.37352149163115,True,success,,,frozen_step21_pattern,pricing_mc_v1,0.0038581999979214743
short_shock_no_break,46,ceded,short,shock,False,bornhuetter_ferguson_break_aware,frozen_break_aware,38216123.52993158,86282794.70887911,-48066671.17894753,48066671.17894753,-55.70829194989106,55.70829194989106,True,success,,,frozen_step21_pattern,pricing_mc_v1,0.0035004999954253435
short_shock_no_break,46,ceded,short,shock,False,bornhuetter_ferguson_break_aware_ceded_specific,ceded_specific_break_aware,89287983.03300038,86282794.70887911,3005188.3241212666,3005188.3241212666,3.4829520001767067,3.4829520001767067,True,success,,,step28_ceded_development_v1,pricing_mc_v1,0.032421800002339296
short_shock_no_break,46,ceded,short,shock,False,bornhuetter_ferguson_ceded_specific,ceded_specific_standard,89287983.03300038,86282794.70887911,3005188.3241212666,3005188.3241212666,3.4829520001767067,3.4829520001767067,True,success,,,step28_ceded_development_v1,pricing_mc_v1,0.03242529999988619
short_shock_no_break,46,ceded,short,shock,False,bornhuetter_ferguson_standard,frozen_standard,38216123.52993158,86282794.70887911,-48066671.17894753,48066671.17894753,-55.70829194989106,55.70829194989106,True,success,,,frozen_step21_pattern,pricing_mc_v1,0.003747399998246692
short_shock_no_break,47,ceded,short,shock,False,bornhuetter_ferguson_break_aware,frozen_break_aware,38216123.52993158,80327683.44530128,-42111559.9153697,42111559.9153697,-52.42471599974042,52.42471599974042,True,success,,,frozen_step21_pattern,pricing_mc_v1,0.0034803999951691367
short_shock_no_break,47,ceded,short,shock,False,bornhuetter_ferguson_break_aware_ceded_specific,ceded_specific_break_aware,89287983.03300038,80327683.44530128,8960299.5876991,8960299.5876991,11.154684416861803,11.154684416861803,True,success,,,step28_ceded_development_v1,pricing_mc_v1,0.03228859999944689
short_shock_no_break,47,ceded,short,shock,False,bornhuetter_ferguson_ceded_specific,ceded_specific_standard,89287983.03300038,80327683.44530128,8960299.5876991,8960299.5876991,11.154684416861803,11.154684416861803,True,success,,,step28_ceded_development_v1,pricing_mc_v1,0.03221379999740748
short_shock_no_break,47,ceded,short,shock,False,bornhuetter_ferguson_standard,frozen_standard,38216123.52993158,80327683.44530128,-42111559.9153697,42111559.9153697,-52.42471599974042,52.42471599974042,True,success,,,frozen_step21_pattern,pricing_mc_v1,0.0036694000009447336
short_shock_no_break,48,ceded,short,shock,False,bornhuetter_ferguson_break_aware,frozen_break_aware,38216123.52993158,93913852.25459364,-55697728.72466206,55697728.72466206,-59.307255945235376,59.307255945235376,True,success,,,frozen_step21_pattern,pricing_mc_v1,0.003928199999791104
short_shock_no_break,48,ceded,short,shock,False,bornhuetter_ferguson_break_aware_ceded_specific,ceded_specific_break_aware,89287983.03300038,93913852.25459364,-4625869.221593261,4625869.221593261,-4.9256516589830275,4.9256516589830275,True,success,,,step28_ceded_development_v1,pricing_mc_v1,0.032056200005172286
short_shock_no_break,48,ceded,short,shock,False,bornhuetter_ferguson_ceded_specific,ceded_specific_standard,89287983.03300038,93913852.25459364,-4625869.221593261,4625869.221593261,-4.9256516589830275,4.9256516589830275,True,success,,,step28_ceded_development_v1,pricing_mc_v1,0.03244260000064969
short_shock_no_break,48,ceded,short,shock,False,bornhuetter_ferguson_standard,frozen_standard,38216123.52993158,93913852.25459364,-55697728.72466206,55697728.72466206,-59.307255945235376,59.307255945235376,True,success,,,frozen_step21_pattern,pricing_mc_v1,0.0036179000017000362
short_shock_no_break,49,ceded,short,shock,False,bornhuetter_ferguson_break_aware,frozen_break_aware,38216123.52993158,72987549.70519732,-34771426.17526574,34771426.17526574,-47.640215784350026,47.640215784350026,True,success,,,frozen_step21_pattern,pricing_mc_v1,0.0036069999987375923
short_shock_no_break,49,ceded,short,shock,False,bornhuetter_ferguson_break_aware_ceded_specific,ceded_specific_break_aware,89287983.03300038,72987549.70519732,16300433.32780306,16300433.32780306,22.33316968940846,22.33316968940846,True,success,,,step28_ceded_development_v1,pricing_mc_v1,0.03254519999609329
short_shock_no_break,49,ceded,short,shock,False,bornhuetter_ferguson_ceded_specific,ceded_specific_standard,89287983.03300038,72987549.70519732,16300433.32780306,16300433.32780306,22.33316968940846,22.33316968940846,True,success,,,step28_ceded_development_v1,pricing_mc_v1,0.03247389999887673
short_shock_no_break,49,ceded,short,shock,False,bornhuetter_ferguson_standard,frozen_standard,38216123.52993158,72987549.70519732,-34771426.17526574,34771426.17526574,-47.640215784350026,47.640215784350026,True,success,,,frozen_step21_pattern,pricing_mc_v1,0.0036019000035594217
short_shock_no_break,50,ceded,short,shock,False,bornhuetter_ferguson_break_aware,frozen_break_aware,38216123.52993158,83518505.67483574,-45302382.14490416,45302382.14490416,-54.24232842632604,54.24232842632604,True,success,,,frozen_step21_pattern,pricing_mc_v1,0.004045000001497101
short_shock_no_break,50,ceded,short,shock,False,bornhuetter_ferguson_break_aware_ceded_specific,ceded_specific_break_aware,89287983.03300038,83518505.67483574,5769477.358164638,5769477.358164638,6.908022732862414,6.908022732862414,True,success,,,step28_ceded_development_v1,pricing_mc_v1,0.031887899996945634
short_shock_no_break,50,ceded,short,shock,False,bornhuetter_ferguson_ceded_specific,ceded_specific_standard,89287983.03300038,83518505.67483574,5769477.358164638,5769477.358164638,6.908022732862414,6.908022732862414,True,success,,,step28_ceded_development_v1,pricing_mc_v1,0.032523900001251604
short_shock_no_break,50,ceded,short,shock,False,bornhuetter_ferguson_standard,frozen_standard,38216123.52993158,83518505.67483574,-45302382.14490416,45302382.14490416,-54.24232842632604,54.24232842632604,True,success,,,frozen_step21_pattern,pricing_mc_v1,0.00397260000318056
short_stable_no_break,1,ceded,short,stable,False,bornhuetter_ferguson_break_aware,frozen_break_aware,24677972.87103426,55892585.70819512,-31214612.83716086,31214612.83716086,-55.84750184957732,55.84750184957732,True,success,,,frozen_step21_pattern,pricing_mc_v1,0.0034694999994826503
short_stable_no_break,1,ceded,short,stable,False,bornhuetter_ferguson_break_aware_ceded_specific,ceded_specific_break_aware,57387321.00531353,55892585.70819512,1494735.2971184105,1494735.2971184105,2.6742997808728117,2.6742997808728117,True,success,,,step28_ceded_development_v1,pricing_mc_v1,0.032414699999208096
short_stable_no_break,1,ceded,short,stable,False,bornhuetter_ferguson_ceded_specific,ceded_specific_standard,57387321.00531353,55892585.70819512,1494735.2971184105,1494735.2971184105,2.6742997808728117,2.6742997808728117,True,success,,,step28_ceded_development_v1,pricing_mc_v1,0.032417300004453864
short_stable_no_break,1,ceded,short,stable,False,bornhuetter_ferguson_standard,frozen_standard,24677972.87103426,55892585.70819512,-31214612.83716086,31214612.83716086,-55.84750184957732,55.84750184957732,True,success,,,frozen_step21_pattern,pricing_mc_v1,0.0037948000026517548
short_stable_no_break,2,ceded,short,stable,False,bornhuetter_ferguson_break_aware,frozen_break_aware,24677972.87103426,53582073.925859615,-28904101.054825354,28904101.054825354,-53.94360265864167,53.94360265864167,True,success,,,frozen_step21_pattern,pricing_mc_v1,0.003602400000090711
short_stable_no_break,2,ceded,short,stable,False,bornhuetter_ferguson_break_aware_ceded_specific,ceded_specific_break_aware,57387321.00531353,53582073.925859615,3805247.0794539154,3805247.0794539154,7.101716676213682,7.101716676213682,True,success,,,step28_ceded_development_v1,pricing_mc_v1,0.03206589999899734
short_stable_no_break,2,ceded,short,stable,False,bornhuetter_ferguson_ceded_specific,ceded_specific_standard,57387321.00531353,53582073.925859615,3805247.0794539154,3805247.0794539154,7.101716676213682,7.101716676213682,True,success,,,step28_ceded_development_v1,pricing_mc_v1,0.03224390000104904
short_stable_no_break,2,ceded,short,stable,False,bornhuetter_ferguson_standard,frozen_standard,24677972.87103426,53582073.925859615,-28904101.054825354,28904101.054825354,-53.94360265864167,53.94360265864167,True,success,,,frozen_step21_pattern,pricing_mc_v1,0.0036327999987406656
short_stable_no_break,3,ceded,short,stable,False,bornhuetter_ferguson_break_aware,frozen_break_aware,24677972.87103426,52023753.56578843,-27345780.694754172,27345780.694754172,-52.564028583929684,52.564028583929684,True,success,,,frozen_step21_pattern,pricing_mc_v1,0.0038210000057006255
short_stable_no_break,3,ceded,short,stable,False,bornhuetter_ferguson_break_aware_ceded_specific,ceded_specific_break_aware,57387321.00531353,52023753.56578843,5363567.439525098,5363567.439525098,10.309843238709052,10.309843238709052,True,success,,,step28_ceded_development_v1,pricing_mc_v1,0.03214500000467524
short_stable_no_break,3,ceded,short,stable,False,bornhuetter_ferguson_ceded_specific,ceded_specific_standard,57387321.00531353,52023753.56578843,5363567.439525098,5363567.439525098,10.309843238709052,10.309843238709052,True,success,,,step28_ceded_development_v1,pricing_mc_v1,0.03232580000621965
short_stable_no_break,3,ceded,short,stable,False,bornhuetter_ferguson_standard,frozen_standard,24677972.87103426,52023753.56578843,-27345780.694754172,27345780.694754172,-52.564028583929684,52.564028583929684,True,success,,,frozen_step21_pattern,pricing_mc_v1,0.003673999999591615
short_stable_no_break,4,ceded,short,stable,False,bornhuetter_ferguson_break_aware,frozen_break_aware,24677972.87103426,45183225.50441329,-20505252.63337903,20505252.63337903,-45.38244537538864,45.38244537538864,True,success,,,frozen_step21_pattern,pricing_mc_v1,0.003613599998061545
short_stable_no_break,4,ceded,short,stable,False,bornhuetter_ferguson_break_aware_ceded_specific,ceded_specific_break_aware,57387321.00531353,45183225.50441329,12204095.500900239,12204095.500900239,27.010235246946234,27.010235246946234,True,success,,,step28_ceded_development_v1,pricing_mc_v1,0.03201960000296822
short_stable_no_break,4,ceded,short,stable,False,bornhuetter_ferguson_ceded_specific,ceded_specific_standard,57387321.00531353,45183225.50441329,12204095.500900239,12204095.500900239,27.010235246946234,27.010235246946234,True,success,,,step28_ceded_development_v1,pricing_mc_v1,0.03231460000097286
short_stable_no_break,4,ceded,short,stable,False,bornhuetter_ferguson_standard,frozen_standard,24677972.87103426,45183225.50441329,-20505252.63337903,20505252.63337903,-45.38244537538864,45.38244537538864,True,success,,,frozen_step21_pattern,pricing_mc_v1,0.003662600000097882
short_stable_no_break,5,ceded,short,stable,False,bornhuetter_ferguson_break_aware,frozen_break_aware,24677972.87103426,49839749.28119759,-25161776.41016333,25161776.41016333,-50.48535912209292,50.48535912209292,True,success,,,frozen_step21_pattern,pricing_mc_v1,0.003537199998390861
short_stable_no_break,5,ceded,short,stable,False,bornhuetter_ferguson_break_aware_ceded_specific,ceded_specific_break_aware,57387321.00531353,49839749.28119759,7547571.724115938,7547571.724115938,15.143679157638367,15.143679157638367,True,success,,,step28_ceded_development_v1,pricing_mc_v1,0.03213130000222009
short_stable_no_break,5,ceded,short,stable,False,bornhuetter_ferguson_ceded_specific,ceded_specific_standard,57387321.00531353,49839749.28119759,7547571.724115938,7547571.724115938,15.143679157638367,15.143679157638367,True,success,,,step28_ceded_development_v1,pricing_mc_v1,0.03360210000391817
short_stable_no_break,5,ceded,short,stable,False,bornhuetter_ferguson_standard,frozen_standard,24677972.87103426,49839749.28119759,-25161776.41016333,25161776.41016333,-50.48535912209292,50.48535912209292,True,success,,,frozen_step21_pattern,pricing_mc_v1,0.003756099999009166
short_stable_no_break,6,ceded,short,stable,False,bornhuetter_ferguson_break_aware,frozen_break_aware,24677972.87103426,50537310.763940305,-25859337.892906044,25859337.892906044,-51.168804793937234,51.168804793937234,True,success,,,frozen_step21_pattern,pricing_mc_v1,0.003482299995084759
short_stable_no_break,6,ceded,short,stable,False,bornhuetter_ferguson_break_aware_ceded_specific,ceded_specific_break_aware,57387321.00531353,50537310.763940305,6850010.241373226,6850010.241373226,13.554362386573384,13.554362386573384,True,success,,,step28_ceded_development_v1,pricing_mc_v1,0.03186950000235811
short_stable_no_break,6,ceded,short,stable,False,bornhuetter_ferguson_ceded_specific,ceded_specific_standard,57387321.00531353,50537310.763940305,6850010.241373226,6850010.241373226,13.554362386573384,13.554362386573384,True,success,,,step28_ceded_development_v1,pricing_mc_v1,0.03212830000120448
short_stable_no_break,6,ceded,short,stable,False,bornhuetter_ferguson_standard,frozen_standard,24677972.87103426,50537310.763940305,-25859337.892906044,25859337.892906044,-51.168804793937234,51.168804793937234,True,success,,,frozen_step21_pattern,pricing_mc_v1,0.003707399999257177
short_stable_no_break,7,ceded,short,stable,False,bornhuetter_ferguson_break_aware,frozen_break_aware,24677972.87103426,46350552.50131959,-21672579.630285326,21672579.630285326,-46.75797473971494,46.75797473971494,True,success,,,frozen_step21_pattern,pricing_mc_v1,0.00346469999931287
short_stable_no_break,7,ceded,short,stable,False,bornhuetter_ferguson_break_aware_ceded_specific,ceded_specific_break_aware,57387321.00531353,46350552.50131959,11036768.503993943,11036768.503993943,23.81151444457912,23.81151444457912,True,success,,,step28_ceded_development_v1,pricing_mc_v1,0.03195070000219857
short_stable_no_break,7,ceded,short,stable,False,bornhuetter_ferguson_ceded_specific,ceded_specific_standard,57387321.00531353,46350552.50131959,11036768.503993943,11036768.503993943,23.81151444457912,23.81151444457912,True,success,,,step28_ceded_development_v1,pricing_mc_v1,0.03221340000163764
short_stable_no_break,7,ceded,short,stable,False,bornhuetter_ferguson_standard,frozen_standard,24677972.87103426,46350552.50131959,-21672579.630285326,21672579.630285326,-46.75797473971494,46.75797473971494,True,success,,,frozen_step21_pattern,pricing_mc_v1,0.0036447000020416453
short_stable_no_break,8,ceded,short,stable,False,bornhuetter_ferguson_break_aware,frozen_break_aware,24677972.87103426,55435028.83808475,-30757055.96705049,30757055.96705049,-55.48307020257181,55.48307020257181,True,success,,,frozen_step21_pattern,pricing_mc_v1,0.0035970000026281923
short_stable_no_break,8,ceded,short,stable,False,bornhuetter_ferguson_break_aware_ceded_specific,ceded_specific_break_aware,57387321.00531353,55435028.83808475,1952292.1672287807,1952292.1672287807,3.521766305797472,3.521766305797472,True,success,,,step28_ceded_development_v1,pricing_mc_v1,0.03195169999526115
short_stable_no_break,8,ceded,short,stable,False,bornhuetter_ferguson_ceded_specific,ceded_specific_standard,57387321.00531353,55435028.83808475,1952292.1672287807,1952292.1672287807,3.521766305797472,3.521766305797472,True,success,,,step28_ceded_development_v1,pricing_mc_v1,0.03204569999797968
short_stable_no_break,8,ceded,short,stable,False,bornhuetter_ferguson_standard,frozen_standard,24677972.87103426,55435028.83808475,-30757055.96705049,30757055.96705049,-55.48307020257181,55.48307020257181,True,success,,,frozen_step21_pattern,pricing_mc_v1,0.0036011000047437847
short_stable_no_break,9,ceded,short,stable,False,bornhuetter_ferguson_break_aware,frozen_break_aware,24677972.87103426,55145937.14233,-30467964.271295737,30467964.271295737,-55.24969898083125,55.24969898083125,True,success,,,frozen_step21_pattern,pricing_mc_v1,0.0037711000040872023
short_stable_no_break,9,ceded,short,stable,False,bornhuetter_ferguson_break_aware_ceded_specific,ceded_specific_break_aware,57387321.00531353,55145937.14233,2241383.8629835322,2241383.8629835322,4.064458741898951,4.064458741898951,True,success,,,step28_ceded_development_v1,pricing_mc_v1,0.03560970000398811
short_stable_no_break,9,ceded,short,stable,False,bornhuetter_ferguson_ceded_specific,ceded_specific_standard,57387321.00531353,55145937.14233,2241383.8629835322,2241383.8629835322,4.064458741898951,4.064458741898951,True,success,,,step28_ceded_development_v1,pricing_mc_v1,0.033643800001300406
short_stable_no_break,9,ceded,short,stable,False,bornhuetter_ferguson_standard,frozen_standard,24677972.87103426,55145937.14233,-30467964.271295737,30467964.271295737,-55.24969898083125,55.24969898083125,True,success,,,frozen_step21_pattern,pricing_mc_v1,0.003614599998400081
short_stable_no_break,10,ceded,short,stable,False,bornhuetter_ferguson_break_aware,frozen_break_aware,24677972.87103426,66326260.11826292,-41648287.24722865,41648287.24722865,-62.793058394921935,62.793058394921935,True,success,,,frozen_step21_pattern,pricing_mc_v1,0.003643500000180211
short_stable_no_break,10,ceded,short,stable,False,bornhuetter_ferguson_break_aware_ceded_specific,ceded_specific_break_aware,57387321.00531353,66326260.11826292,-8938939.112949386,8938939.112949386,-13.477224702570032,13.477224702570032,True,success,,,step28_ceded_development_v1,pricing_mc_v1,0.033740600003511645
short_stable_no_break,10,ceded,short,stable,False,bornhuetter_ferguson_ceded_specific,ceded_specific_standard,57387321.00531353,66326260.11826292,-8938939.112949386,8938939.112949386,-13.477224702570032,13.477224702570032,True,success,,,step28_ceded_development_v1,pricing_mc_v1,0.0335345999992569
short_stable_no_break,10,ceded,short,stable,False,bornhuetter_ferguson_standard,frozen_standard,24677972.87103426,66326260.11826292,-41648287.24722865,41648287.24722865,-62.793058394921935,62.793058394921935,True,success,,,frozen_step21_pattern,pricing_mc_v1,0.004455700000107754
short_stable_no_break,11,ceded,short,stable,False,bornhuetter_ferguson_break_aware,frozen_break_aware,24677972.87103426,71395569.41409275,-46717596.543058485,46717596.543058485,-65.43486791469851,65.43486791469851,True,success,,,frozen_step21_pattern,pricing_mc_v1,0.004019899999548215
short_stable_no_break,11,ceded,short,stable,False,bornhuetter_ferguson_break_aware_ceded_specific,ceded_specific_break_aware,57387321.00531353,71395569.41409275,-14008248.408779219,14008248.408779219,-19.62061304887378,19.62061304887378,True,success,,,step28_ceded_development_v1,pricing_mc_v1,0.03224229999614181
short_stable_no_break,11,ceded,short,stable,False,bornhuetter_ferguson_ceded_specific,ceded_specific_standard,57387321.00531353,71395569.41409275,-14008248.408779219,14008248.408779219,-19.62061304887378,19.62061304887378,True,success,,,step28_ceded_development_v1,pricing_mc_v1,0.03442950000317069
short_stable_no_break,11,ceded,short,stable,False,bornhuetter_ferguson_standard,frozen_standard,24677972.87103426,71395569.41409275,-46717596.543058485,46717596.543058485,-65.43486791469851,65.43486791469851,True,success,,,frozen_step21_pattern,pricing_mc_v1,0.004287700001441408
short_stable_no_break,12,ceded,short,stable,False,bornhuetter_ferguson_break_aware,frozen_break_aware,24677972.87103426,57506650.49990024,-32828677.628865976,32828677.628865976,-57.08674969501645,57.08674969501645,True,success,,,frozen_step21_pattern,pricing_mc_v1,0.003522999999404419
short_stable_no_break,12,ceded,short,stable,False,bornhuetter_ferguson_break_aware_ceded_specific,ceded_specific_break_aware,57387321.00531353,57506650.49990024,-119329.49458670616,119329.49458670616,-0.207505555530335,0.207505555530335,True,success,,,step28_ceded_development_v1,pricing_mc_v1,0.03197100000397768
short_stable_no_break,12,ceded,short,stable,False,bornhuetter_ferguson_ceded_specific,ceded_specific_standard,57387321.00531353,57506650.49990024,-119329.49458670616,119329.49458670616,-0.207505555530335,0.207505555530335,True,success,,,step28_ceded_development_v1,pricing_mc_v1,0.032146899997314904
short_stable_no_break,12,ceded,short,stable,False,bornhuetter_ferguson_standard,frozen_standard,24677972.87103426,57506650.49990024,-32828677.628865976,32828677.628865976,-57.08674969501645,57.08674969501645,True,success,,,frozen_step21_pattern,pricing_mc_v1,0.003940499998861924
short_stable_no_break,13,ceded,short,stable,False,bornhuetter_ferguson_break_aware,frozen_break_aware,24677972.87103426,55324389.44217354,-30646416.57113928,30646416.57113928,-55.39404389301339,55.39404389301339,True,success,,,frozen_step21_pattern,pricing_mc_v1,0.003457500002696179
short_stable_no_break,13,ceded,short,stable,False,bornhuetter_ferguson_break_aware_ceded_specific,ceded_specific_break_aware,57387321.00531353,55324389.44217354,2062931.56313999,2062931.56313999,3.7287922811985452,3.7287922811985452,True,success,,,step28_ceded_development_v1,pricing_mc_v1,0.032685300000594
short_stable_no_break,13,ceded,short,stable,False,bornhuetter_ferguson_ceded_specific,ceded_specific_standard,57387321.00531353,55324389.44217354,2062931.56313999,2062931.56313999,3.7287922811985452,3.7287922811985452,True,success,,,step28_ceded_development_v1,pricing_mc_v1,0.03212809999968158
short_stable_no_break,13,ceded,short,stable,False,bornhuetter_ferguson_standard,frozen_standard,24677972.87103426,55324389.44217354,-30646416.57113928,30646416.57113928,-55.39404389301339,55.39404389301339,True,success,,,frozen_step21_pattern,pricing_mc_v1,0.0037305000005289912
short_stable_no_break,14,ceded,short,stable,False,bornhuetter_ferguson_break_aware,frozen_break_aware,24677972.87103426,55065670.70444464,-30387697.83341038,30387697.83341038,-55.18446873463329,55.18446873463329,True,success,,,frozen_step21_pattern,pricing_mc_v1,0.003737600003660191
short_stable_no_break,14,ceded,short,stable,False,bornhuetter_ferguson_break_aware_ceded_specific,ceded_specific_break_aware,57387321.00531353,55065670.70444464,2321650.300868891,2321650.300868891,4.216148230228491,4.216148230228491,True,success,,,step28_ceded_development_v1,pricing_mc_v1,0.03334080000058748
short_stable_no_break,14,ceded,short,stable,False,bornhuetter_ferguson_ceded_specific,ceded_specific_standard,57387321.00531353,55065670.70444464,2321650.300868891,2321650.300868891,4.216148230228491,4.216148230228491,True,success,,,step28_ceded_development_v1,pricing_mc_v1,0.03313979999802541
short_stable_no_break,14,ceded,short,stable,False,bornhuetter_ferguson_standard,frozen_standard,24677972.87103426,55065670.70444464,-30387697.83341038,30387697.83341038,-55.18446873463329,55.18446873463329,True,success,,,frozen_step21_pattern,pricing_mc_v1,0.003736300001037307
short_stable_no_break,15,ceded,short,stable,False,bornhuetter_ferguson_break_aware,frozen_break_aware,24677972.87103426,50351765.20084126,-25673792.329807002,25673792.329807002,-50.98886251038137,50.98886251038137,True,success,,,frozen_step21_pattern,pricing_mc_v1,0.0036958999990019947
short_stable_no_break,15,ceded,short,stable,False,bornhuetter_ferguson_break_aware_ceded_specific,ceded_specific_break_aware,57387321.00531353,50351765.20084126,7035555.804472268,7035555.804472268,13.972808652108029,13.972808652108029,True,success,,,step28_ceded_development_v1,pricing_mc_v1,0.033104999994975515
short_stable_no_break,15,ceded,short,stable,False,bornhuetter_ferguson_ceded_specific,ceded_specific_standard,57387321.00531353,50351765.20084126,7035555.804472268,7035555.804472268,13.972808652108029,13.972808652108029,True,success,,,step28_ceded_development_v1,pricing_mc_v1,0.03421669999806909
short_stable_no_break,15,ceded,short,stable,False,bornhuetter_ferguson_standard,frozen_standard,24677972.87103426,50351765.20084126,-25673792.329807002,25673792.329807002,-50.98886251038137,50.98886251038137,True,success,,,frozen_step21_pattern,pricing_mc_v1,0.0037831000008736737
short_stable_no_break,16,ceded,short,stable,False,bornhuetter_ferguson_break_aware,frozen_break_aware,24677972.87103426,56998013.749120295,-32320040.878086034,32320040.878086034,-56.703802031320535,56.703802031320535,True,success,,,frozen_step21_pattern,pricing_mc_v1,0.0034755999949993566
short_stable_no_break,16,ceded,short,stable,False,bornhuetter_ferguson_break_aware_ceded_specific,ceded_specific_break_aware,57387321.00531353,56998013.749120295,389307.2561932355,389307.2561932355,0.6830189871296068,0.6830189871296068,True,success,,,step28_ceded_development_v1,pricing_mc_v1,0.03207660000043688
short_stable_no_break,16,ceded,short,stable,False,bornhuetter_ferguson_ceded_specific,ceded_specific_standard,57387321.00531353,56998013.749120295,389307.2561932355,389307.2561932355,0.6830189871296068,0.6830189871296068,True,success,,,step28_ceded_development_v1,pricing_mc_v1,0.03249679999862565
short_stable_no_break,16,ceded,short,stable,False,bornhuetter_ferguson_standard,frozen_standard,24677972.87103426,56998013.749120295,-32320040.878086034,32320040.878086034,-56.703802031320535,56.703802031320535,True,success,,,frozen_step21_pattern,pricing_mc_v1,0.003899000003002584
short_stable_no_break,17,ceded,short,stable,False,bornhuetter_ferguson_break_aware,frozen_break_aware,24677972.87103426,59361349.67702557,-34683376.80599131,34683376.80599131,-58.427540806766224,58.427540806766224,True,success,,,frozen_step21_pattern,pricing_mc_v1,0.0036034000004292466
short_stable_no_break,17,ceded,short,stable,False,bornhuetter_ferguson_break_aware_ceded_specific,ceded_specific_break_aware,57387321.00531353,59361349.67702557,-1974028.671712041,1974028.671712041,-3.325444388398134,3.325444388398134,True,success,,,step28_ceded_development_v1,pricing_mc_v1,0.0322708000021521
short_stable_no_break,17,ceded,short,stable,False,bornhuetter_ferguson_ceded_specific,ceded_specific_standard,57387321.00531353,59361349.67702557,-1974028.671712041,1974028.671712041,-3.325444388398134,3.325444388398134,True,success,,,step28_ceded_development_v1,pricing_mc_v1,0.03229420000570826
short_stable_no_break,17,ceded,short,stable,False,bornhuetter_ferguson_standard,frozen_standard,24677972.87103426,59361349.67702557,-34683376.80599131,34683376.80599131,-58.427540806766224,58.427540806766224,True,success,,,frozen_step21_pattern,pricing_mc_v1,0.0037739999970654026
short_stable_no_break,18,ceded,short,stable,False,bornhuetter_ferguson_break_aware,frozen_break_aware,24677972.87103426,48910691.05964558,-24232718.188611317,24232718.188611317,-49.54482887812813,49.54482887812813,True,success,,,frozen_step21_pattern,pricing_mc_v1,0.00428039999678731
short_stable_no_break,18,ceded,short,stable,False,bornhuetter_ferguson_break_aware_ceded_specific,ceded_specific_break_aware,57387321.00531353,48910691.05964558,8476629.945667952,8476629.945667952,17.330832507213763,17.330832507213763,True,success,,,step28_ceded_development_v1,pricing_mc_v1,0.03221649999613874
short_stable_no_break,18,ceded,short,stable,False,bornhuetter_ferguson_ceded_specific,ceded_specific_standard,57387321.00531353,48910691.05964558,8476629.945667952,8476629.945667952,17.330832507213763,17.330832507213763,True,success,,,step28_ceded_development_v1,pricing_mc_v1,0.03189329999440815
short_stable_no_break,18,ceded,short,stable,False,bornhuetter_ferguson_standard,frozen_standard,24677972.87103426,48910691.05964558,-24232718.188611317,24232718.188611317,-49.54482887812813,49.54482887812813,True,success,,,frozen_step21_pattern,pricing_mc_v1,0.0035962000038125552
short_stable_no_break,19,ceded,short,stable,False,bornhuetter_ferguson_break_aware,frozen_break_aware,24677972.87103426,45623545.43055571,-20945572.559521448,20945572.559521448,-45.909567881792576,45.909567881792576,True,success,,,frozen_step21_pattern,pricing_mc_v1,0.003901099997165147
short_stable_no_break,19,ceded,short,stable,False,bornhuetter_ferguson_break_aware_ceded_specific,ceded_specific_break_aware,57387321.00531353,45623545.43055571,11763775.574757822,11763775.574757822,25.78443973115514,25.78443973115514,True,success,,,step28_ceded_development_v1,pricing_mc_v1,0.031979200000932906
short_stable_no_break,19,ceded,short,stable,False,bornhuetter_ferguson_ceded_specific,ceded_specific_standard,57387321.00531353,45623545.43055571,11763775.574757822,11763775.574757822,25.78443973115514,25.78443973115514,True,success,,,step28_ceded_development_v1,pricing_mc_v1,0.03209720000450034
short_stable_no_break,19,ceded,short,stable,False,bornhuetter_ferguson_standard,frozen_standard,24677972.87103426,45623545.43055571,-20945572.559521448,20945572.559521448,-45.909567881792576,45.909567881792576,True,success,,,frozen_step21_pattern,pricing_mc_v1,0.00358550000237301
short_stable_no_break,20,ceded,short,stable,False,bornhuetter_ferguson_break_aware,frozen_break_aware,24677972.87103426,54266755.164201364,-29588782.293167103,29588782.293167103,-54.52469417719341,54.52469417719341,True,success,,,frozen_step21_pattern,pricing_mc_v1,0.0036752000014530495
short_stable_no_break,20,ceded,short,stable,False,bornhuetter_ferguson_break_aware_ceded_specific,ceded_specific_break_aware,57387321.00531353,54266755.164201364,3120565.8411121666,3120565.8411121666,5.750419076412253,5.750419076412253,True,success,,,step28_ceded_development_v1,pricing_mc_v1,0.03335739999602083
short_stable_no_break,20,ceded,short,stable,False,bornhuetter_ferguson_ceded_specific,ceded_specific_standard,57387321.00531353,54266755.164201364,3120565.8411121666,3120565.8411121666,5.750419076412253,5.750419076412253,True,success,,,step28_ceded_development_v1,pricing_mc_v1,0.03238000000419561
short_stable_no_break,20,ceded,short,stable,False,bornhuetter_ferguson_standard,frozen_standard,24677972.87103426,54266755.164201364,-29588782.293167103,29588782.293167103,-54.52469417719341,54.52469417719341,True,success,,,frozen_step21_pattern,pricing_mc_v1,0.003580800002964679
short_stable_no_break,21,ceded,short,stable,False,bornhuetter_ferguson_break_aware,frozen_break_aware,24677972.87103426,41005306.84397526,-16327333.972941,16327333.972941,-39.8176119863371,39.8176119863371,True,success,,,frozen_step21_pattern,pricing_mc_v1,0.003590799999074079
short_stable_no_break,21,ceded,short,stable,False,bornhuetter_ferguson_break_aware_ceded_specific,ceded_specific_break_aware,57387321.00531353,41005306.84397526,16382014.16133827,16382014.16133827,39.95096103943729,39.95096103943729,True,success,,,step28_ceded_development_v1,pricing_mc_v1,0.03289240000594873
short_stable_no_break,21,ceded,short,stable,False,bornhuetter_ferguson_ceded_specific,ceded_specific_standard,57387321.00531353,41005306.84397526,16382014.16133827,16382014.16133827,39.95096103943729,39.95096103943729,True,success,,,step28_ceded_development_v1,pricing_mc_v1,0.03319239999837009
short_stable_no_break,21,ceded,short,stable,False,bornhuetter_ferguson_standard,frozen_standard,24677972.87103426,41005306.84397526,-16327333.972941,16327333.972941,-39.8176119863371,39.8176119863371,True,success,,,frozen_step21_pattern,pricing_mc_v1,0.004065799999807496
short_stable_no_break,22,ceded,short,stable,False,bornhuetter_ferguson_break_aware,frozen_break_aware,24677972.87103426,57648324.65838912,-32970351.78735486,32970351.78735486,-57.19221153906844,57.19221153906844,True,success,,,frozen_step21_pattern,pricing_mc_v1,0.0036022999993292615
short_stable_no_break,22,ceded,short,stable,False,bornhuetter_ferguson_break_aware_ceded_specific,ceded_specific_break_aware,57387321.00531353,57648324.65838912,-261003.65307559073,261003.65307559073,-0.45275149732839437,0.45275149732839437,True,success,,,step28_ceded_development_v1,pricing_mc_v1,0.03282949999993434
short_stable_no_break,22,ceded,short,stable,False,bornhuetter_ferguson_ceded_specific,ceded_specific_standard,57387321.00531353,57648324.65838912,-261003.65307559073,261003.65307559073,-0.45275149732839437,0.45275149732839437,True,success,,,step28_ceded_development_v1,pricing_mc_v1,0.032676599999831524
short_stable_no_break,22,ceded,short,stable,False,bornhuetter_ferguson_standard,frozen_standard,24677972.87103426,57648324.65838912,-32970351.78735486,32970351.78735486,-57.19221153906844,57.19221153906844,True,success,,,frozen_step21_pattern,pricing_mc_v1,0.003712400000949856
short_stable_no_break,23,ceded,short,stable,False,bornhuetter_ferguson_break_aware,frozen_break_aware,24677972.87103426,62637929.17204631,-37959956.301012054,37959956.301012054,-60.602189125295354,60.602189125295354,True,success,,,frozen_step21_pattern,pricing_mc_v1,0.004700199999206234
short_stable_no_break,23,ceded,short,stable,False,bornhuetter_ferguson_break_aware_ceded_specific,ceded_specific_break_aware,57387321.00531353,62637929.17204631,-5250608.166732781,5250608.166732781,-8.382474063456094,8.382474063456094,True,success,,,step28_ceded_development_v1,pricing_mc_v1,0.032400399999460205
short_stable_no_break,23,ceded,short,stable,False,bornhuetter_ferguson_ceded_specific,ceded_specific_standard,57387321.00531353,62637929.17204631,-5250608.166732781,5250608.166732781,-8.382474063456094,8.382474063456094,True,success,,,step28_ceded_development_v1,pricing_mc_v1,0.032482899994647596
short_stable_no_break,23,ceded,short,stable,False,bornhuetter_ferguson_standard,frozen_standard,24677972.87103426,62637929.17204631,-37959956.301012054,37959956.301012054,-60.602189125295354,60.602189125295354,True,success,,,frozen_step21_pattern,pricing_mc_v1,0.003758399994694628
short_stable_no_break,24,ceded,short,stable,False,bornhuetter_ferguson_break_aware,frozen_break_aware,24677972.87103426,46324811.78115249,-21646838.910118226,21646838.910118226,-46.728390419333266,46.728390419333266,True,success,,,frozen_step21_pattern,pricing_mc_v1,0.004272699996363372
short_stable_no_break,24,ceded,short,stable,False,bornhuetter_ferguson_break_aware_ceded_specific,ceded_specific_break_aware,57387321.00531353,46324811.78115249,11062509.224161044,11062509.224161044,23.880311217285698,23.880311217285698,True,success,,,step28_ceded_development_v1,pricing_mc_v1,0.03289360000053421
short_stable_no_break,24,ceded,short,stable,False,bornhuetter_ferguson_ceded_specific,ceded_specific_standard,57387321.00531353,46324811.78115249,11062509.224161044,11062509.224161044,23.880311217285698,23.880311217285698,True,success,,,step28_ceded_development_v1,pricing_mc_v1,0.032323499995982274
short_stable_no_break,24,ceded,short,stable,False,bornhuetter_ferguson_standard,frozen_standard,24677972.87103426,46324811.78115249,-21646838.910118226,21646838.910118226,-46.728390419333266,46.728390419333266,True,success,,,frozen_step21_pattern,pricing_mc_v1,0.003599999996367842
short_stable_no_break,25,ceded,short,stable,False,bornhuetter_ferguson_break_aware,frozen_break_aware,24677972.87103426,70838895.44249286,-46160922.57145859,46160922.57145859,-65.16324440565582,65.16324440565582,True,success,,,frozen_step21_pattern,pricing_mc_v1,0.0035949000011896715
short_stable_no_break,25,ceded,short,stable,False,bornhuetter_ferguson_break_aware_ceded_specific,ceded_specific_break_aware,57387321.00531353,70838895.44249286,-13451574.437179327,13451574.437179327,-18.98896694133146,18.98896694133146,True,success,,,step28_ceded_development_v1,pricing_mc_v1,0.032339500001398847
short_stable_no_break,25,ceded,short,stable,False,bornhuetter_ferguson_ceded_specific,ceded_specific_standard,57387321.00531353,70838895.44249286,-13451574.437179327,13451574.437179327,-18.98896694133146,18.98896694133146,True,success,,,step28_ceded_development_v1,pricing_mc_v1,0.03255670000362443
short_stable_no_break,25,ceded,short,stable,False,bornhuetter_ferguson_standard,frozen_standard,24677972.87103426,70838895.44249286,-46160922.57145859,46160922.57145859,-65.16324440565582,65.16324440565582,True,success,,,frozen_step21_pattern,pricing_mc_v1,0.003941900002246257
short_stable_no_break,26,ceded,short,stable,False,bornhuetter_ferguson_break_aware,frozen_break_aware,24677972.87103426,59500057.73544208,-34822084.86440782,34822084.86440782,-58.524455588327164,58.524455588327164,True,success,,,frozen_step21_pattern,pricing_mc_v1,0.0035860999996657483
short_stable_no_break,26,ceded,short,stable,False,bornhuetter_ferguson_break_aware_ceded_specific,ceded_specific_break_aware,57387321.00531353,59500057.73544208,-2112736.730128549,2112736.730128549,-3.55081458831941,3.55081458831941,True,success,,,step28_ceded_development_v1,pricing_mc_v1,0.032603400002699345
short_stable_no_break,26,ceded,short,stable,False,bornhuetter_ferguson_ceded_specific,ceded_specific_standard,57387321.00531353,59500057.73544208,-2112736.730128549,2112736.730128549,-3.55081458831941,3.55081458831941,True,success,,,step28_ceded_development_v1,pricing_mc_v1,0.03225240000028862
short_stable_no_break,26,ceded,short,stable,False,bornhuetter_ferguson_standard,frozen_standard,24677972.87103426,59500057.73544208,-34822084.86440782,34822084.86440782,-58.524455588327164,58.524455588327164,True,success,,,frozen_step21_pattern,pricing_mc_v1,0.003684299997985363
short_stable_no_break,27,ceded,short,stable,False,bornhuetter_ferguson_break_aware,frozen_break_aware,24677972.87103426,71206593.66970244,-46528620.798668176,46528620.798668176,-65.34313523617624,65.34313523617624,True,success,,,frozen_step21_pattern,pricing_mc_v1,0.003729899995960295
short_stable_no_break,27,ceded,short,stable,False,bornhuetter_ferguson_break_aware_ceded_specific,ceded_specific_break_aware,57387321.00531353,71206593.66970244,-13819272.66438891,13819272.66438891,-19.40729355555291,19.40729355555291,True,success,,,step28_ceded_development_v1,pricing_mc_v1,0.03247149999515386
short_stable_no_break,27,ceded,short,stable,False,bornhuetter_ferguson_ceded_specific,ceded_specific_standard,57387321.00531353,71206593.66970244,-13819272.66438891,13819272.66438891,-19.40729355555291,19.40729355555291,True,success,,,step28_ceded_development_v1,pricing_mc_v1,0.03250629999820376
short_stable_no_break,27,ceded,short,stable,False,bornhuetter_ferguson_standard,frozen_standard,24677972.87103426,71206593.66970244,-46528620.798668176,46528620.798668176,-65.34313523617624,65.34313523617624,True,success,,,frozen_step21_pattern,pricing_mc_v1,0.0036694000009447336
short_stable_no_break,28,ceded,short,stable,False,bornhuetter_ferguson_break_aware,frozen_break_aware,24677972.87103426,62314503.85059279,-37636530.97955853,37636530.97955853,-60.39770623833747,60.39770623833747,True,success,,,frozen_step21_pattern,pricing_mc_v1,0.0037349999984144233
short_stable_no_break,28,ceded,short,stable,False,bornhuetter_ferguson_break_aware_ceded_specific,ceded_specific_break_aware,57387321.00531353,62314503.85059279,-4927182.8452792615,4927182.8452792615,-7.906959922352635,7.906959922352635,True,success,,,step28_ceded_development_v1,pricing_mc_v1,0.032963900004688185
short_stable_no_break,28,ceded,short,stable,False,bornhuetter_ferguson_ceded_specific,ceded_specific_standard,57387321.00531353,62314503.85059279,-4927182.8452792615,4927182.8452792615,-7.906959922352635,7.906959922352635,True,success,,,step28_ceded_development_v1,pricing_mc_v1,0.03284529999655206
short_stable_no_break,28,ceded,short,stable,False,bornhuetter_ferguson_standard,frozen_standard,24677972.87103426,62314503.85059279,-37636530.97955853,37636530.97955853,-60.39770623833747,60.39770623833747,True,success,,,frozen_step21_pattern,pricing_mc_v1,0.003597099996113684
short_stable_no_break,29,ceded,short,stable,False,bornhuetter_ferguson_break_aware,frozen_break_aware,24677972.87103426,56963023.1644543,-32285050.293420043,32285050.293420043,-56.67720654539689,56.67720654539689,True,success,,,frozen_step21_pattern,pricing_mc_v1,0.0037519999968935736
short_stable_no_break,29,ceded,short,stable,False,bornhuetter_ferguson_break_aware_ceded_specific,ceded_specific_break_aware,57387321.00531353,56963023.1644543,424297.8408592269,424297.8408592269,0.7448653833457254,0.7448653833457254,True,success,,,step28_ceded_development_v1,pricing_mc_v1,0.03216660000180127
short_stable_no_break,29,ceded,short,stable,False,bornhuetter_ferguson_ceded_specific,ceded_specific_standard,57387321.00531353,56963023.1644543,424297.8408592269,424297.8408592269,0.7448653833457254,0.7448653833457254,True,success,,,step28_ceded_development_v1,pricing_mc_v1,0.03262240000185557
short_stable_no_break,29,ceded,short,stable,False,bornhuetter_ferguson_standard,frozen_standard,24677972.87103426,56963023.1644543,-32285050.293420043,32285050.293420043,-56.67720654539689,56.67720654539689,True,success,,,frozen_step21_pattern,pricing_mc_v1,0.0041046999976970255
short_stable_no_break,30,ceded,short,stable,False,bornhuetter_ferguson_break_aware,frozen_break_aware,24677972.87103426,62387330.11787935,-37709357.2468451,37709357.2468451,-60.44393497140233,60.44393497140233,True,success,,,frozen_step21_pattern,pricing_mc_v1,0.00406479999946896
short_stable_no_break,30,ceded,short,stable,False,bornhuetter_ferguson_break_aware_ceded_specific,ceded_specific_break_aware,57387321.00531353,62387330.11787935,-5000009.112565823,5000009.112565823,-8.014462396641155,8.014462396641155,True,success,,,step28_ceded_development_v1,pricing_mc_v1,0.03230029999394901
short_stable_no_break,30,ceded,short,stable,False,bornhuetter_ferguson_ceded_specific,ceded_specific_standard,57387321.00531353,62387330.11787935,-5000009.112565823,5000009.112565823,-8.014462396641155,8.014462396641155,True,success,,,step28_ceded_development_v1,pricing_mc_v1,0.03234459999657702
short_stable_no_break,30,ceded,short,stable,False,bornhuetter_ferguson_standard,frozen_standard,24677972.87103426,62387330.11787935,-37709357.2468451,37709357.2468451,-60.44393497140233,60.44393497140233,True,success,,,frozen_step21_pattern,pricing_mc_v1,0.0036995999980717897
short_stable_no_break,31,ceded,short,stable,False,bornhuetter_ferguson_break_aware,frozen_break_aware,24677972.87103426,57760920.246734,-33082947.37569974,33082947.37569974,-57.27565841122547,57.27565841122547,True,success,,,frozen_step21_pattern,pricing_mc_v1,0.003584199999750126
short_stable_no_break,31,ceded,short,stable,False,bornhuetter_ferguson_break_aware_ceded_specific,ceded_specific_break_aware,57387321.00531353,57760920.246734,-373599.2414204702,373599.2414204702,-0.6468027860785247,0.6468027860785247,True,success,,,step28_ceded_development_v1,pricing_mc_v1,0.03253260000201408
short_stable_no_break,31,ceded,short,stable,False,bornhuetter_ferguson_ceded_specific,ceded_specific_standard,57387321.00531353,57760920.246734,-373599.2414204702,373599.2414204702,-0.6468027860785247,0.6468027860785247,True,success,,,step28_ceded_development_v1,pricing_mc_v1,0.03225170000223443
short_stable_no_break,31,ceded,short,stable,False,bornhuetter_ferguson_standard,frozen_standard,24677972.87103426,57760920.246734,-33082947.37569974,33082947.37569974,-57.27565841122547,57.27565841122547,True,success,,,frozen_step21_pattern,pricing_mc_v1,0.003616699999838602
short_stable_no_break,32,ceded,short,stable,False,bornhuetter_ferguson_break_aware,frozen_break_aware,24677972.87103426,46887955.63871187,-22209982.76767761,22209982.76767761,-47.36820461700934,47.36820461700934,True,success,,,frozen_step21_pattern,pricing_mc_v1,0.004034400000819005
short_stable_no_break,32,ceded,short,stable,False,bornhuetter_ferguson_break_aware_ceded_specific,ceded_specific_break_aware,57387321.00531353,46887955.63871187,10499365.36660166,10499365.36660166,22.39245713228137,22.39245713228137,True,success,,,step28_ceded_development_v1,pricing_mc_v1,0.03246419999777572
short_stable_no_break,32,ceded,short,stable,False,bornhuetter_ferguson_ceded_specific,ceded_specific_standard,57387321.00531353,46887955.63871187,10499365.36660166,10499365.36660166,22.39245713228137,22.39245713228137,True,success,,,step28_ceded_development_v1,pricing_mc_v1,0.03274049999890849
short_stable_no_break,32,ceded,short,stable,False,bornhuetter_ferguson_standard,frozen_standard,24677972.87103426,46887955.63871187,-22209982.76767761,22209982.76767761,-47.36820461700934,47.36820461700934,True,success,,,frozen_step21_pattern,pricing_mc_v1,0.003623099997639656
short_stable_no_break,33,ceded,short,stable,False,bornhuetter_ferguson_break_aware,frozen_break_aware,24677972.87103426,50303056.34022082,-25625083.469186556,25625083.469186556,-50.94140462534382,50.94140462534382,True,success,,,frozen_step21_pattern,pricing_mc_v1,0.0038024000023142435
short_stable_no_break,33,ceded,short,stable,False,bornhuetter_ferguson_break_aware_ceded_specific,ceded_specific_break_aware,57387321.00531353,50303056.34022082,7084264.665092714,7084264.665092714,14.083169454314744,14.083169454314744,True,success,,,step28_ceded_development_v1,pricing_mc_v1,0.03366180000011809
short_stable_no_break,33,ceded,short,stable,False,bornhuetter_ferguson_ceded_specific,ceded_specific_standard,57387321.00531353,50303056.34022082,7084264.665092714,7084264.665092714,14.083169454314744,14.083169454314744,True,success,,,step28_ceded_development_v1,pricing_mc_v1,0.033331799997540656
short_stable_no_break,33,ceded,short,stable,False,bornhuetter_ferguson_standard,frozen_standard,24677972.87103426,50303056.34022082,-25625083.469186556,25625083.469186556,-50.94140462534382,50.94140462534382,True,success,,,frozen_step21_pattern,pricing_mc_v1,0.0037894000051892363
short_stable_no_break,34,ceded,short,stable,False,bornhuetter_ferguson_break_aware,frozen_break_aware,24677972.87103426,61527410.56761405,-36849437.696579784,36849437.696579784,-59.89109139589906,59.89109139589906,True,success,,,frozen_step21_pattern,pricing_mc_v1,0.0036238000029698014
short_stable_no_break,34,ceded,short,stable,False,bornhuetter_ferguson_break_aware_ceded_specific,ceded_specific_break_aware,57387321.00531353,61527410.56761405,-4140089.562300518,4140089.562300518,-6.72885389472204,6.72885389472204,True,success,,,step28_ceded_development_v1,pricing_mc_v1,0.032299099999363534
short_stable_no_break,34,ceded,short,stable,False,bornhuetter_ferguson_ceded_specific,ceded_specific_standard,57387321.00531353,61527410.56761405,-4140089.562300518,4140089.562300518,-6.72885389472204,6.72885389472204,True,success,,,step28_ceded_development_v1,pricing_mc_v1,0.03237540000554873
short_stable_no_break,34,ceded,short,stable,False,bornhuetter_ferguson_standard,frozen_standard,24677972.87103426,61527410.56761405,-36849437.696579784,36849437.696579784,-59.89109139589906,59.89109139589906,True,success,,,frozen_step21_pattern,pricing_mc_v1,0.003783200001635123
short_stable_no_break,35,ceded,short,stable,False,bornhuetter_ferguson_break_aware,frozen_break_aware,24677972.87103426,52999778.68140803,-28321805.810373772,28321805.810373772,-53.43759259943641,53.43759259943641,True,success,,,frozen_step21_pattern,pricing_mc_v1,0.003641200004494749
short_stable_no_break,35,ceded,short,stable,False,bornhuetter_ferguson_break_aware_ceded_specific,ceded_specific_break_aware,57387321.00531353,52999778.68140803,4387542.323905498,4387542.323905498,8.278416312414938,8.278416312414938,True,success,,,step28_ceded_development_v1,pricing_mc_v1,0.03267410000262316
short_stable_no_break,35,ceded,short,stable,False,bornhuetter_ferguson_ceded_specific,ceded_specific_standard,57387321.00531353,52999778.68140803,4387542.323905498,4387542.323905498,8.278416312414938,8.278416312414938,True,success,,,step28_ceded_development_v1,pricing_mc_v1,0.03251539999473607
short_stable_no_break,35,ceded,short,stable,False,bornhuetter_ferguson_standard,frozen_standard,24677972.87103426,52999778.68140803,-28321805.810373772,28321805.810373772,-53.43759259943641,53.43759259943641,True,success,,,frozen_step21_pattern,pricing_mc_v1,0.003624800003308337
short_stable_no_break,36,ceded,short,stable,False,bornhuetter_ferguson_break_aware,frozen_break_aware,24677972.87103426,49542202.26595014,-24864229.394915882,24864229.394915882,-50.18797763862188,50.18797763862188,True,success,,,frozen_step21_pattern,pricing_mc_v1,0.0036604000051738694
short_stable_no_break,36,ceded,short,stable,False,bornhuetter_ferguson_break_aware_ceded_specific,ceded_specific_break_aware,57387321.00531353,49542202.26595014,7845118.739363387,7845118.739363387,15.835224072699848,15.835224072699848,True,success,,,step28_ceded_development_v1,pricing_mc_v1,0.03276299999561161
short_stable_no_break,36,ceded,short,stable,False,bornhuetter_ferguson_ceded_specific,ceded_specific_standard,57387321.00531353,49542202.26595014,7845118.739363387,7845118.739363387,15.835224072699848,15.835224072699848,True,success,,,step28_ceded_development_v1,pricing_mc_v1,0.03338489999441663
short_stable_no_break,36,ceded,short,stable,False,bornhuetter_ferguson_standard,frozen_standard,24677972.87103426,49542202.26595014,-24864229.394915882,24864229.394915882,-50.18797763862188,50.18797763862188,True,success,,,frozen_step21_pattern,pricing_mc_v1,0.0036756999979843386
short_stable_no_break,37,ceded,short,stable,False,bornhuetter_ferguson_break_aware,frozen_break_aware,24677972.87103426,44777687.51000127,-20099714.63896701,20099714.63896701,-44.887790675830814,44.887790675830814,True,success,,,frozen_step21_pattern,pricing_mc_v1,0.003525400003127288
short_stable_no_break,37,ceded,short,stable,False,bornhuetter_ferguson_break_aware_ceded_specific,ceded_specific_break_aware,57387321.00531353,44777687.51000127,12609633.495312259,12609633.495312259,28.1605285947289,28.1605285947289,True,success,,,step28_ceded_development_v1,pricing_mc_v1,0.03242519999912474
short_stable_no_break,37,ceded,short,stable,False,bornhuetter_ferguson_ceded_specific,ceded_specific_standard,57387321.00531353,44777687.51000127,12609633.495312259,12609633.495312259,28.1605285947289,28.1605285947289,True,success,,,step28_ceded_development_v1,pricing_mc_v1,0.03241559999878518
short_stable_no_break,37,ceded,short,stable,False,bornhuetter_ferguson_standard,frozen_standard,24677972.87103426,44777687.51000127,-20099714.63896701,20099714.63896701,-44.887790675830814,44.887790675830814,True,success,,,frozen_step21_pattern,pricing_mc_v1,0.003975599996920209
short_stable_no_break,38,ceded,short,stable,False,bornhuetter_ferguson_break_aware,frozen_break_aware,24677972.87103426,42850688.332212985,-18172715.461178724,18172715.461178724,-42.40938983357566,42.40938983357566,True,success,,,frozen_step21_pattern,pricing_mc_v1,0.0035168999966117553
short_stable_no_break,38,ceded,short,stable,False,bornhuetter_ferguson_break_aware_ceded_specific,ceded_specific_break_aware,57387321.00531353,42850688.332212985,14536632.673100546,14536632.673100546,33.92391870207751,33.92391870207751,True,success,,,step28_ceded_development_v1,pricing_mc_v1,0.0323287999999593
short_stable_no_break,38,ceded,short,stable,False,bornhuetter_ferguson_ceded_specific,ceded_specific_standard,57387321.00531353,42850688.332212985,14536632.673100546,14536632.673100546,33.92391870207751,33.92391870207751,True,success,,,step28_ceded_development_v1,pricing_mc_v1,0.03267690000211587
short_stable_no_break,38,ceded,short,stable,False,bornhuetter_ferguson_standard,frozen_standard,24677972.87103426,42850688.332212985,-18172715.461178724,18172715.461178724,-42.40938983357566,42.40938983357566,True,success,,,frozen_step21_pattern,pricing_mc_v1,0.0037188999995123595
short_stable_no_break,39,ceded,short,stable,False,bornhuetter_ferguson_break_aware,frozen_break_aware,24677972.87103426,62043310.71688711,-37365337.84585285,37365337.84585285,-60.2246034489624,60.2246034489624,True,success,,,frozen_step21_pattern,pricing_mc_v1,0.003603100005420856
short_stable_no_break,39,ceded,short,stable,False,bornhuetter_ferguson_break_aware_ceded_specific,ceded_specific_break_aware,57387321.00531353,62043310.71688711,-4655989.711573578,4655989.711573578,-7.504418538880935,7.504418538880935,True,success,,,step28_ceded_development_v1,pricing_mc_v1,0.032591600000159815
short_stable_no_break,39,ceded,short,stable,False,bornhuetter_ferguson_ceded_specific,ceded_specific_standard,57387321.00531353,62043310.71688711,-4655989.711573578,4655989.711573578,-7.504418538880935,7.504418538880935,True,success,,,step28_ceded_development_v1,pricing_mc_v1,0.0324659000034444
short_stable_no_break,39,ceded,short,stable,False,bornhuetter_ferguson_standard,frozen_standard,24677972.87103426,62043310.71688711,-37365337.84585285,37365337.84585285,-60.2246034489624,60.2246034489624,True,success,,,frozen_step21_pattern,pricing_mc_v1,0.0036147999999229796
short_stable_no_break,40,ceded,short,stable,False,bornhuetter_ferguson_break_aware,frozen_break_aware,24677972.87103426,38742016.33400515,-14064043.462970886,14064043.462970886,-36.30178497092422,36.30178497092422,True,success,,,frozen_step21_pattern,pricing_mc_v1,0.003919099995982833
short_stable_no_break,40,ceded,short,stable,False,bornhuetter_ferguson_break_aware_ceded_specific,ceded_specific_break_aware,57387321.00531353,38742016.33400515,18645304.671308383,18645304.671308383,48.126830856097655,48.126830856097655,True,success,,,step28_ceded_development_v1,pricing_mc_v1,0.03285920000053011
short_stable_no_break,40,ceded,short,stable,False,bornhuetter_ferguson_ceded_specific,ceded_specific_standard,57387321.00531353,38742016.33400515,18645304.671308383,18645304.671308383,48.126830856097655,48.126830856097655,True,success,,,step28_ceded_development_v1,pricing_mc_v1,0.03252970000175992
short_stable_no_break,40,ceded,short,stable,False,bornhuetter_ferguson_standard,frozen_standard,24677972.87103426,38742016.33400515,-14064043.462970886,14064043.462970886,-36.30178497092422,36.30178497092422,True,success,,,frozen_step21_pattern,pricing_mc_v1,0.003593899993575178
short_stable_no_break,41,ceded,short,stable,False,bornhuetter_ferguson_break_aware,frozen_break_aware,24677972.87103426,57088104.59741694,-32410131.726382677,32410131.726382677,-56.77212784508725,56.77212784508725,True,success,,,frozen_step21_pattern,pricing_mc_v1,0.003651200000604149
short_stable_no_break,41,ceded,short,stable,False,bornhuetter_ferguson_break_aware_ceded_specific,ceded_specific_break_aware,57387321.00531353,57088104.59741694,299216.4078965932,299216.4078965932,0.5241309201043817,0.5241309201043817,True,success,,,step28_ceded_development_v1,pricing_mc_v1,0.03228500000113854
short_stable_no_break,41,ceded,short,stable,False,bornhuetter_ferguson_ceded_specific,ceded_specific_standard,57387321.00531353,57088104.59741694,299216.4078965932,299216.4078965932,0.5241309201043817,0.5241309201043817,True,success,,,step28_ceded_development_v1,pricing_mc_v1,0.032296799996402115
short_stable_no_break,41,ceded,short,stable,False,bornhuetter_ferguson_standard,frozen_standard,24677972.87103426,57088104.59741694,-32410131.726382677,32410131.726382677,-56.77212784508725,56.77212784508725,True,success,,,frozen_step21_pattern,pricing_mc_v1,0.0036779000001843087
short_stable_no_break,42,ceded,short,stable,False,bornhuetter_ferguson_break_aware,frozen_break_aware,24677972.87103426,67141295.93403162,-42463323.062997356,42463323.062997356,-63.244717684208645,63.244717684208645,True,success,,,frozen_step21_pattern,pricing_mc_v1,0.0035970000026281923
short_stable_no_break,42,ceded,short,stable,False,bornhuetter_ferguson_break_aware_ceded_specific,ceded_specific_break_aware,57387321.00531353,67141295.93403162,-9753974.92871809,9753974.92871809,-14.527534497251393,14.527534497251393,True,success,,,step28_ceded_development_v1,pricing_mc_v1,0.03295770000113407
short_stable_no_break,42,ceded,short,stable,False,bornhuetter_ferguson_ceded_specific,ceded_specific_standard,57387321.00531353,67141295.93403162,-9753974.92871809,9753974.92871809,-14.527534497251393,14.527534497251393,True,success,,,step28_ceded_development_v1,pricing_mc_v1,0.03237539999827277
short_stable_no_break,42,ceded,short,stable,False,bornhuetter_ferguson_standard,frozen_standard,24677972.87103426,67141295.93403162,-42463323.062997356,42463323.062997356,-63.244717684208645,63.244717684208645,True,success,,,frozen_step21_pattern,pricing_mc_v1,0.003864800004521385
short_stable_no_break,43,ceded,short,stable,False,bornhuetter_ferguson_break_aware,frozen_break_aware,24677972.87103426,65576553.60604401,-40898580.735009745,40898580.735009745,-62.36768858075554,62.36768858075554,True,success,,,frozen_step21_pattern,pricing_mc_v1,0.00357070000609383
short_stable_no_break,43,ceded,short,stable,False,bornhuetter_ferguson_break_aware_ceded_specific,ceded_specific_break_aware,57387321.00531353,65576553.60604401,-8189232.600730479,8189232.600730479,-12.488049692162688,12.488049692162688,True,success,,,step28_ceded_development_v1,pricing_mc_v1,0.03262830000312533
short_stable_no_break,43,ceded,short,stable,False,bornhuetter_ferguson_ceded_specific,ceded_specific_standard,57387321.00531353,65576553.60604401,-8189232.600730479,8189232.600730479,-12.488049692162688,12.488049692162688,True,success,,,step28_ceded_development_v1,pricing_mc_v1,0.03244970000378089
short_stable_no_break,43,ceded,short,stable,False,bornhuetter_ferguson_standard,frozen_standard,24677972.87103426,65576553.60604401,-40898580.735009745,40898580.735009745,-62.36768858075554,62.36768858075554,True,success,,,frozen_step21_pattern,pricing_mc_v1,0.00368769999477081
short_stable_no_break,44,ceded,short,stable,False,bornhuetter_ferguson_break_aware,frozen_break_aware,24677972.87103426,73696631.7427887,-49018658.87175444,49018658.87175444,-66.5141102280444,66.5141102280444,True,success,,,frozen_step21_pattern,pricing_mc_v1,0.004345800000010058
short_stable_no_break,44,ceded,short,stable,False,bornhuetter_ferguson_break_aware_ceded_specific,ceded_specific_break_aware,57387321.00531353,73696631.7427887,-16309310.737475172,16309310.737475172,-22.130333981065636,22.130333981065636,True,success,,,step28_ceded_development_v1,pricing_mc_v1,0.03240659999573836
short_stable_no_break,44,ceded,short,stable,False,bornhuetter_ferguson_ceded_specific,ceded_specific_standard,57387321.00531353,73696631.7427887,-16309310.737475172,16309310.737475172,-22.130333981065636,22.130333981065636,True,success,,,step28_ceded_development_v1,pricing_mc_v1,0.03268699999898672
short_stable_no_break,44,ceded,short,stable,False,bornhuetter_ferguson_standard,frozen_standard,24677972.87103426,73696631.7427887,-49018658.87175444,49018658.87175444,-66.5141102280444,66.5141102280444,True,success,,,frozen_step21_pattern,pricing_mc_v1,0.00364619999891147
short_stable_no_break,45,ceded,short,stable,False,bornhuetter_ferguson_break_aware,frozen_break_aware,24677972.87103426,58034007.127416834,-33356034.256382573,33356034.256382573,-57.47670358717016,57.47670358717016,True,success,,,frozen_step21_pattern,pricing_mc_v1,0.0036118999996688217
short_stable_no_break,45,ceded,short,stable,False,bornhuetter_ferguson_break_aware_ceded_specific,ceded_specific_break_aware,57387321.00531353,58034007.127416834,-646686.1221033037,646686.1221033037,-1.1143227119979306,1.1143227119979306,True,success,,,step28_ceded_development_v1,pricing_mc_v1,0.032390899999882095
short_stable_no_break,45,ceded,short,stable,False,bornhuetter_ferguson_ceded_specific,ceded_specific_standard,57387321.00531353,58034007.127416834,-646686.1221033037,646686.1221033037,-1.1143227119979306,1.1143227119979306,True,success,,,step28_ceded_development_v1,pricing_mc_v1,0.03244350000022678
short_stable_no_break,45,ceded,short,stable,False,bornhuetter_ferguson_standard,frozen_standard,24677972.87103426,58034007.127416834,-33356034.256382573,33356034.256382573,-57.47670358717016,57.47670358717016,True,success,,,frozen_step21_pattern,pricing_mc_v1,0.0036107999985688366
short_stable_no_break,46,ceded,short,stable,False,bornhuetter_ferguson_break_aware,frozen_break_aware,24677972.87103426,52398991.27850675,-27721018.407472488,27721018.407472488,-52.90372530290143,52.90372530290143,True,success,,,frozen_step21_pattern,pricing_mc_v1,0.003560100005415734
short_stable_no_break,46,ceded,short,stable,False,bornhuetter_ferguson_break_aware_ceded_specific,ceded_specific_break_aware,57387321.00531353,52398991.27850675,4988329.726806782,4988329.726806782,9.519896481009011,9.519896481009011,True,success,,,step28_ceded_development_v1,pricing_mc_v1,0.032184800002141856
short_stable_no_break,46,ceded,short,stable,False,bornhuetter_ferguson_ceded_specific,ceded_specific_standard,57387321.00531353,52398991.27850675,4988329.726806782,4988329.726806782,9.519896481009011,9.519896481009011,True,success,,,step28_ceded_development_v1,pricing_mc_v1,0.03252920000522863
short_stable_no_break,46,ceded,short,stable,False,bornhuetter_ferguson_standard,frozen_standard,24677972.87103426,52398991.27850675,-27721018.407472488,27721018.407472488,-52.90372530290143,52.90372530290143,True,success,,,frozen_step21_pattern,pricing_mc_v1,0.004300900000089314
short_stable_no_break,47,ceded,short,stable,False,bornhuetter_ferguson_break_aware,frozen_break_aware,24677972.87103426,44983595.742743924,-20305622.871709663,20305622.871709663,-45.140061696791015,45.140061696791015,True,success,,,frozen_step21_pattern,pricing_mc_v1,0.0034948999964399263
short_stable_no_break,47,ceded,short,stable,False,bornhuetter_ferguson_break_aware_ceded_specific,ceded_specific_break_aware,57387321.00531353,44983595.742743924,12403725.262569606,12403725.262569606,27.57388567491381,27.57388567491381,True,success,,,step28_ceded_development_v1,pricing_mc_v1,0.032442099996842444
short_stable_no_break,47,ceded,short,stable,False,bornhuetter_ferguson_ceded_specific,ceded_specific_standard,57387321.00531353,44983595.742743924,12403725.262569606,12403725.262569606,27.57388567491381,27.57388567491381,True,success,,,step28_ceded_development_v1,pricing_mc_v1,0.03252129999600584
short_stable_no_break,47,ceded,short,stable,False,bornhuetter_ferguson_standard,frozen_standard,24677972.87103426,44983595.742743924,-20305622.871709663,20305622.871709663,-45.140061696791015,45.140061696791015,True,success,,,frozen_step21_pattern,pricing_mc_v1,0.00370439999824157
short_stable_no_break,48,ceded,short,stable,False,bornhuetter_ferguson_break_aware,frozen_break_aware,24677972.87103426,58328671.740978256,-33650698.86994399,33650698.86994399,-57.691522651805926,57.691522651805926,True,success,,,frozen_step21_pattern,pricing_mc_v1,0.0035282000026199967
short_stable_no_break,48,ceded,short,stable,False,bornhuetter_ferguson_break_aware_ceded_specific,ceded_specific_break_aware,57387321.00531353,58328671.740978256,-941350.7356647253,941350.7356647253,-1.6138730877414929,1.6138730877414929,True,success,,,step28_ceded_development_v1,pricing_mc_v1,0.032487200005562045
short_stable_no_break,48,ceded,short,stable,False,bornhuetter_ferguson_ceded_specific,ceded_specific_standard,57387321.00531353,58328671.740978256,-941350.7356647253,941350.7356647253,-1.6138730877414929,1.6138730877414929,True,success,,,step28_ceded_development_v1,pricing_mc_v1,0.032470400001329836
short_stable_no_break,48,ceded,short,stable,False,bornhuetter_ferguson_standard,frozen_standard,24677972.87103426,58328671.740978256,-33650698.86994399,33650698.86994399,-57.691522651805926,57.691522651805926,True,success,,,frozen_step21_pattern,pricing_mc_v1,0.0036632999981520697
short_stable_no_break,49,ceded,short,stable,False,bornhuetter_ferguson_break_aware,frozen_break_aware,24677972.87103426,46310329.00987116,-21632356.1388369,21632356.1388369,-46.71173062542033,46.71173062542033,True,success,,,frozen_step21_pattern,pricing_mc_v1,0.0037603000018862076
short_stable_no_break,49,ceded,short,stable,False,bornhuetter_ferguson_break_aware_ceded_specific,ceded_specific_break_aware,57387321.00531353,46310329.00987116,11076991.995442368,11076991.995442368,23.919052687104166,23.919052687104166,True,success,,,step28_ceded_development_v1,pricing_mc_v1,0.03215269999782322
short_stable_no_break,49,ceded,short,stable,False,bornhuetter_ferguson_ceded_specific,ceded_specific_standard,57387321.00531353,46310329.00987116,11076991.995442368,11076991.995442368,23.919052687104166,23.919052687104166,True,success,,,step28_ceded_development_v1,pricing_mc_v1,0.032412599997769576
short_stable_no_break,49,ceded,short,stable,False,bornhuetter_ferguson_standard,frozen_standard,24677972.87103426,46310329.00987116,-21632356.1388369,21632356.1388369,-46.71173062542033,46.71173062542033,True,success,,,frozen_step21_pattern,pricing_mc_v1,0.0036194999993313104
short_stable_no_break,50,ceded,short,stable,False,bornhuetter_ferguson_break_aware,frozen_break_aware,24677972.87103426,53129851.3526064,-28451878.48157214,28451878.48157214,-53.55158683344664,53.55158683344664,True,success,,,frozen_step21_pattern,pricing_mc_v1,0.0035864000019500963
short_stable_no_break,50,ceded,short,stable,False,bornhuetter_ferguson_break_aware_ceded_specific,ceded_specific_break_aware,57387321.00531353,53129851.3526064,4257469.65270713,4257469.65270713,8.01332874893931,8.01332874893931,True,success,,,step28_ceded_development_v1,pricing_mc_v1,0.03224380000028759
short_stable_no_break,50,ceded,short,stable,False,bornhuetter_ferguson_ceded_specific,ceded_specific_standard,57387321.00531353,53129851.3526064,4257469.65270713,4257469.65270713,8.01332874893931,8.01332874893931,True,success,,,step28_ceded_development_v1,pricing_mc_v1,0.03242849999514874
short_stable_no_break,50,ceded,short,stable,False,bornhuetter_ferguson_standard,frozen_standard,24677972.87103426,53129851.3526064,-28451878.48157214,28451878.48157214,-53.55158683344664,53.55158683344664,True,success,,,frozen_step21_pattern,pricing_mc_v1,0.003625500001362525
