simulation_id,scenario_id,tail_type,inflation_scenario,structural_break,clause_type,model,basis,success_or_failure,estimated_reserve,true_reserve,signed_error,absolute_error,percentage_error,absolute_percentage_error,runtime_seconds,seed,pricing_assumption_version
1,short_stable_no_break,short,stable,False,none,expected_loss,gross,success,314625952.7149416,137675538.21388325,176950414.50105837,176950414.50105837,128.5271274742797,128.5271274742797,0.010788416000650614,20260817,pricing_mc_v1
1,short_stable_no_break,short,stable,False,none,expected_loss,ceded,success,120192920.12553689,55892585.70819511,64300334.417341776,64300334.417341776,115.04269055119755,115.04269055119755,0.009639693998906296,20260817,pricing_mc_v1
2,short_stable_no_break,short,stable,False,none,expected_loss,gross,success,218807600.85489717,107139513.3591665,111668087.49573067,111668087.49573067,104.22680110687354,104.22680110687354,0.008592300000600517,20260818,pricing_mc_v1
2,short_stable_no_break,short,stable,False,none,expected_loss,ceded,success,90784676.05799615,53582073.925859615,37202602.13213654,37202602.13213654,69.43106043937941,69.43106043937941,0.008110840999506763,20260818,pricing_mc_v1
3,short_stable_no_break,short,stable,False,none,expected_loss,gross,success,221958684.44586658,95306481.37821576,126652203.06765082,126652203.06765082,132.88939139935533,132.88939139935533,0.009131703000093694,20260819,pricing_mc_v1
3,short_stable_no_break,short,stable,False,none,expected_loss,ceded,success,90906530.18465924,52023753.56578843,38882776.61887081,38882776.61887081,74.7404290420918,74.7404290420918,0.008696815000803326,20260819,pricing_mc_v1
4,short_stable_no_break,short,stable,False,none,expected_loss,gross,success,274383973.8372873,106710580.614353,167673393.2229343,167673393.2229343,157.12911714809053,157.12911714809053,0.00790122699982021,20260820,pricing_mc_v1
4,short_stable_no_break,short,stable,False,none,expected_loss,ceded,success,132016486.78604153,45183225.50441329,86833261.28162824,86833261.28162824,192.18030654572624,192.18030654572624,0.008501842999976361,20260820,pricing_mc_v1
5,short_stable_no_break,short,stable,False,none,expected_loss,gross,success,231510896.74315703,85060362.03905159,146450534.70410544,146450534.70410544,172.17247986420438,172.17247986420438,0.009498602999883587,20260821,pricing_mc_v1
5,short_stable_no_break,short,stable,False,none,expected_loss,ceded,success,84633090.82236701,49839749.2811976,34793341.54116941,34793341.54116941,69.8104265028786,69.8104265028786,0.0084285840002849,20260821,pricing_mc_v1
6,short_stable_no_break,short,stable,False,none,expected_loss,gross,success,250632776.88424376,94964480.43920985,155668296.4450339,155668296.4450339,163.9226537386078,163.9226537386078,0.007865895000577439,20260822,pricing_mc_v1
6,short_stable_no_break,short,stable,False,none,expected_loss,ceded,success,123728059.64021039,50537310.763940305,73190748.87627009,73190748.87627009,144.8251752416031,144.8251752416031,0.008263529000032577,20260822,pricing_mc_v1
7,short_stable_no_break,short,stable,False,none,expected_loss,gross,success,323088352.47214305,104740484.08948034,218347868.3826627,218347868.3826627,208.4655902450546,208.4655902450546,0.008745450999413151,20260823,pricing_mc_v1
7,short_stable_no_break,short,stable,False,none,expected_loss,ceded,success,120383270.94196734,46350552.50131959,74032718.44064775,74032718.44064775,159.7234864428856,159.7234864428856,0.00856625000051281,20260823,pricing_mc_v1
8,short_stable_no_break,short,stable,False,none,expected_loss,gross,success,186263382.95130605,121245396.88591947,65017986.06538658,65017986.06538658,53.62511710573425,53.62511710573425,0.008571520998884807,20260824,pricing_mc_v1
8,short_stable_no_break,short,stable,False,none,expected_loss,ceded,success,72824855.84717096,55435028.83808475,17389827.009086214,17389827.009086214,31.36974467872762,31.36974467872762,0.00879821600028663,20260824,pricing_mc_v1
9,short_stable_no_break,short,stable,False,none,expected_loss,gross,success,231804438.39333913,106743155.20665479,125061283.18668434,125061283.18668434,117.16093921391554,117.16093921391554,0.008495379999658326,20260825,pricing_mc_v1
9,short_stable_no_break,short,stable,False,none,expected_loss,ceded,success,88079123.26767403,55145937.14233,32933186.12534403,32933186.12534403,59.72005886915018,59.72005886915018,0.008226222000303096,20260825,pricing_mc_v1
10,short_stable_no_break,short,stable,False,none,expected_loss,gross,success,176407300.00249517,134674853.39260998,41732446.609885186,41732446.609885186,30.987556740251236,30.987556740251236,0.015292022000721772,20260826,pricing_mc_v1
10,short_stable_no_break,short,stable,False,none,expected_loss,ceded,success,77822231.14682692,66326260.11826292,11495971.028564006,11495971.028564006,17.332457774742817,17.332457774742817,0.0084562720003305,20260826,pricing_mc_v1
11,short_stable_no_break,short,stable,False,none,expected_loss,gross,success,222489217.40236956,120416969.18187675,102072248.22049281,102072248.22049281,84.76566792369916,84.76566792369916,0.008097938998616883,20260827,pricing_mc_v1
11,short_stable_no_break,short,stable,False,none,expected_loss,ceded,success,86795704.52169552,71395569.41409275,15400135.107602775,15400135.107602775,21.57015517066938,21.57015517066938,0.008329341999342432,20260827,pricing_mc_v1
12,short_stable_no_break,short,stable,False,none,expected_loss,gross,success,207125880.8416952,114242903.11648484,92882977.72521035,92882977.72521035,81.3030614518826,81.3030614518826,0.008334939000633312,20260828,pricing_mc_v1
12,short_stable_no_break,short,stable,False,none,expected_loss,ceded,success,73309161.35877456,57506650.49990024,15802510.858874321,15802510.858874321,27.479449283699346,27.479449283699346,0.008222193000619882,20260828,pricing_mc_v1
13,short_stable_no_break,short,stable,False,none,expected_loss,gross,success,176256097.62217677,119092300.91678554,57163796.70539123,57163796.70539123,47.99957366289683,47.99957366289683,0.008004651999726775,20260829,pricing_mc_v1
13,short_stable_no_break,short,stable,False,none,expected_loss,ceded,success,98449345.8694926,55324389.44217354,43124956.427319065,43124956.427319065,77.94926769574994,77.94926769574994,0.008264471000074991,20260829,pricing_mc_v1
14,short_stable_no_break,short,stable,False,none,expected_loss,gross,success,242553275.04463083,114866079.21356876,127687195.83106206,127687195.83106206,111.16179528828106,111.16179528828106,0.008463804999337299,20260830,pricing_mc_v1
14,short_stable_no_break,short,stable,False,none,expected_loss,ceded,success,97757533.08073539,55065670.70444464,42691862.376290746,42691862.376290746,77.52899734106909,77.52899734106909,0.008367647000341094,20260830,pricing_mc_v1
15,short_stable_no_break,short,stable,False,none,expected_loss,gross,success,148835689.27937585,127696575.13080329,21139114.148572564,21139114.148572564,16.554174712140213,16.554174712140213,0.008217618000344373,20260831,pricing_mc_v1
15,short_stable_no_break,short,stable,False,none,expected_loss,ceded,success,68314801.37467721,50351765.20084126,17963036.173835948,17963036.173835948,35.67508726295027,35.67508726295027,0.007923305000076653,20260831,pricing_mc_v1
16,short_stable_no_break,short,stable,False,none,expected_loss,gross,success,192481389.21536607,123002524.48652636,69478864.72883971,69478864.72883971,56.48572256454005,56.48572256454005,0.007879613998738932,20260832,pricing_mc_v1
16,short_stable_no_break,short,stable,False,none,expected_loss,ceded,success,83994411.57443306,56998013.749120295,26996397.825312763,26996397.825312763,47.36375190921355,47.36375190921355,0.007958759999382892,20260832,pricing_mc_v1
17,short_stable_no_break,short,stable,False,none,expected_loss,gross,success,251673362.0950582,127354373.57373068,124318988.52132753,124318988.52132753,97.61658357916869,97.61658357916869,0.008281301001261454,20260833,pricing_mc_v1
17,short_stable_no_break,short,stable,False,none,expected_loss,ceded,success,126565070.77698046,59361349.67702557,67203721.09995489,67203721.09995489,113.2112417685889,113.2112417685889,0.008227545999034191,20260833,pricing_mc_v1
18,short_stable_no_break,short,stable,False,none,expected_loss,gross,success,219970736.4829623,93885351.4018268,126085385.08113551,126085385.08113551,134.29718608762877,134.29718608762877,0.008552078001230257,20260834,pricing_mc_v1
18,short_stable_no_break,short,stable,False,none,expected_loss,ceded,success,79677154.93265799,48910691.05964558,30766463.87301241,30766463.87301241,62.90335140735047,62.90335140735047,0.00798425699940708,20260834,pricing_mc_v1
19,short_stable_no_break,short,stable,False,none,expected_loss,gross,success,184529527.7319596,104078477.64588737,80451050.08607224,80451050.08607224,77.29845007898348,77.29845007898348,0.010001670998462941,20260835,pricing_mc_v1
19,short_stable_no_break,short,stable,False,none,expected_loss,ceded,success,69523302.78760852,45623545.43055571,23899757.35705281,23899757.35705281,52.38469989893924,52.38469989893924,0.009986394999941695,20260835,pricing_mc_v1
20,short_stable_no_break,short,stable,False,none,expected_loss,gross,success,191903227.96315658,124506894.50862205,67396333.45453453,67396333.45453453,54.13060354651072,54.13060354651072,0.010354555999583681,20260836,pricing_mc_v1
20,short_stable_no_break,short,stable,False,none,expected_loss,ceded,success,79759749.27343938,54266755.164201364,25492994.109238014,25492994.109238014,46.97718526213855,46.97718526213855,0.009186199999021483,20260836,pricing_mc_v1
21,short_stable_no_break,short,stable,False,none,expected_loss,gross,success,192902091.97210088,99984220.00134787,92917871.97075301,92917871.97075301,92.93253672379542,92.93253672379542,0.009136011998634785,20260837,pricing_mc_v1
21,short_stable_no_break,short,stable,False,none,expected_loss,ceded,success,101429102.72109596,41005306.84397526,60423795.8771207,60423795.8771207,147.3560388342723,147.3560388342723,0.00925952900070115,20260837,pricing_mc_v1
22,short_stable_no_break,short,stable,False,none,expected_loss,gross,success,325907678.46212184,107923515.78230163,217984162.6798202,217984162.6798202,201.98022747843748,201.98022747843748,0.008911648001230787,20260838,pricing_mc_v1
22,short_stable_no_break,short,stable,False,none,expected_loss,ceded,success,128025242.88265267,57648324.65838912,70376918.22426355,70376918.22426355,122.07972849393488,122.07972849393488,0.008831016999465646,20260838,pricing_mc_v1
23,short_stable_no_break,short,stable,False,none,expected_loss,gross,success,196111950.41781092,131889539.48261106,64222410.93519986,64222410.93519986,48.69408990821993,48.69408990821993,0.013109559999065823,20260839,pricing_mc_v1
23,short_stable_no_break,short,stable,False,none,expected_loss,ceded,success,66251646.56180771,62637929.17204631,3613717.3897613958,3613717.3897613958,5.769215932786782,5.769215932786782,0.010003729999880306,20260839,pricing_mc_v1
24,short_stable_no_break,short,stable,False,none,expected_loss,gross,success,157735542.99357814,118342118.97838429,39393424.01519385,39393424.01519385,33.287746032660806,33.287746032660806,0.009011928999825614,20260840,pricing_mc_v1
24,short_stable_no_break,short,stable,False,none,expected_loss,ceded,success,88119559.54688983,46324811.78115249,41794747.76573734,41794747.76573734,90.22108489762233,90.22108489762233,0.01103736600089178,20260840,pricing_mc_v1
25,short_stable_no_break,short,stable,False,none,expected_loss,gross,success,203048809.44404608,157284835.93575907,45763973.50828701,45763973.50828701,29.096240102242728,29.096240102242728,0.009940039999492,20260841,pricing_mc_v1
25,short_stable_no_break,short,stable,False,none,expected_loss,ceded,success,89302739.90112448,70838895.44249286,18463844.45863162,18463844.45863162,26.064557251066404,26.064557251066404,0.008716002999790362,20260841,pricing_mc_v1
26,short_stable_no_break,short,stable,False,none,expected_loss,gross,success,231233005.7719757,116528553.07240757,114704452.69956812,114704452.69956812,98.4346322641576,98.4346322641576,0.008052867000515107,20260842,pricing_mc_v1
26,short_stable_no_break,short,stable,False,none,expected_loss,ceded,success,103259864.19123012,59500057.73544208,43759806.45578804,43759806.45578804,73.54582183829021,73.54582183829021,0.008125517999360454,20260842,pricing_mc_v1
27,short_stable_no_break,short,stable,False,none,expected_loss,gross,success,209970074.5618866,157932124.15747845,52037950.40440816,52037950.40440816,32.94956658248938,32.94956658248938,0.008613177998995525,20260843,pricing_mc_v1
27,short_stable_no_break,short,stable,False,none,expected_loss,ceded,success,81395120.58075142,71206593.66970244,10188526.911048979,10188526.911048979,14.308403738998226,14.308403738998226,0.00830400499944517,20260843,pricing_mc_v1
28,short_stable_no_break,short,stable,False,none,expected_loss,gross,success,275066284.77176887,130071257.585858,144995027.18591088,144995027.18591088,111.47353372070069,111.47353372070069,0.008308206999572576,20260844,pricing_mc_v1
28,short_stable_no_break,short,stable,False,none,expected_loss,ceded,success,127202455.41149342,62314503.85059279,64887951.56090063,64887951.56090063,104.12977324906255,104.12977324906255,0.008080075000179932,20260844,pricing_mc_v1
29,short_stable_no_break,short,stable,False,none,expected_loss,gross,success,358101114.5171124,105743776.3705659,252357338.14654648,252357338.14654648,238.6498258414676,238.6498258414676,0.007982058999914443,20260845,pricing_mc_v1
29,short_stable_no_break,short,stable,False,none,expected_loss,ceded,success,116202249.74544391,56963023.1644543,59239226.58098961,59239226.58098961,103.99593155363932,103.99593155363932,0.008093307000308414,20260845,pricing_mc_v1
30,short_stable_no_break,short,stable,False,none,expected_loss,gross,success,307231114.2009003,120655934.49988824,186575179.70101207,186575179.70101207,154.63406791746732,154.63406791746732,0.009025195000504027,20260846,pricing_mc_v1
30,short_stable_no_break,short,stable,False,none,expected_loss,ceded,success,132583804.83664742,62387330.11787935,70196474.71876806,70196474.71876806,112.51719633799607,112.51719633799607,0.008472053999867057,20260846,pricing_mc_v1
31,short_stable_no_break,short,stable,False,none,expected_loss,gross,success,180978746.2101273,122081952.54001437,58896793.67011292,58896793.67011292,48.243653090991096,48.243653090991096,0.008290800000395393,20260847,pricing_mc_v1
31,short_stable_no_break,short,stable,False,none,expected_loss,ceded,success,60946528.340179056,57760920.24673401,3185608.0934450477,3185608.0934450477,5.5151616003298916,5.5151616003298916,0.008314409000377054,20260847,pricing_mc_v1
32,short_stable_no_break,short,stable,False,none,expected_loss,gross,success,205966567.91914392,110584025.71817082,95382542.2009731,95382542.2009731,86.25345440403888,86.25345440403888,0.008301826999741024,20260848,pricing_mc_v1
32,short_stable_no_break,short,stable,False,none,expected_loss,ceded,success,73245108.67589289,46887955.63871187,26357153.03718102,26357153.03718102,56.21305659020862,56.21305659020862,0.007988929999555694,20260848,pricing_mc_v1
33,short_stable_no_break,short,stable,False,none,expected_loss,gross,success,146672726.7949239,117942981.21017799,28729745.584745914,28729745.584745914,24.359012541448845,24.359012541448845,0.00827804000073229,20260849,pricing_mc_v1
33,short_stable_no_break,short,stable,False,none,expected_loss,ceded,success,70273686.45700741,50303056.34022082,19970630.11678659,19970630.11678659,39.700629682850256,39.700629682850256,0.008271198999864282,20260849,pricing_mc_v1
34,short_stable_no_break,short,stable,False,none,expected_loss,gross,success,160108015.52249113,112093368.49628347,48014647.026207656,48014647.026207656,42.8345116846048,42.8345116846048,0.008243752999987919,20260850,pricing_mc_v1
34,short_stable_no_break,short,stable,False,none,expected_loss,ceded,success,80015069.5971184,61527410.56761405,18487659.029504344,18487659.029504344,30.04784186259193,30.04784186259193,0.00856399300027988,20260850,pricing_mc_v1
35,short_stable_no_break,short,stable,False,none,expected_loss,gross,success,235867708.65493858,111310007.17121792,124557701.48372066,124557701.48372066,111.90162021292932,111.90162021292932,0.008305382001708494,20260851,pricing_mc_v1
35,short_stable_no_break,short,stable,False,none,expected_loss,ceded,success,95039760.62324207,52999778.68140803,42039981.94183403,42039981.94183403,79.32105187560222,79.32105187560222,0.008689058000527439,20260851,pricing_mc_v1
36,short_stable_no_break,short,stable,False,none,expected_loss,gross,success,256459582.9823177,108015276.40986973,148444306.57244796,148444306.57244796,137.428992922416,137.428992922416,0.00801219799905084,20260852,pricing_mc_v1
36,short_stable_no_break,short,stable,False,none,expected_loss,ceded,success,114002338.35931374,49542202.26595014,64460136.0933636,64460136.0933636,130.11156780502347,130.11156780502347,0.008046789000218268,20260852,pricing_mc_v1
37,short_stable_no_break,short,stable,False,none,expected_loss,gross,success,281978605.10898745,83948525.57900588,198030079.52998155,198030079.52998155,235.89464873163362,235.89464873163362,0.00799513600031787,20260853,pricing_mc_v1
37,short_stable_no_break,short,stable,False,none,expected_loss,ceded,success,92960236.31334066,44777687.51000127,48182548.80333939,48182548.80333939,107.60392392433762,107.60392392433762,0.008640894000564003,20260853,pricing_mc_v1
38,short_stable_no_break,short,stable,False,none,expected_loss,gross,success,205136149.17958537,101511072.491788,103625076.68779737,103625076.68779737,102.08253557382166,102.08253557382166,0.007975198001076933,20260854,pricing_mc_v1
38,short_stable_no_break,short,stable,False,none,expected_loss,ceded,success,79568688.67527926,42850688.332212985,36718000.343066275,36718000.343066275,85.6882392609398,85.6882392609398,0.008271844999399036,20260854,pricing_mc_v1
39,short_stable_no_break,short,stable,False,none,expected_loss,gross,success,227708607.58826613,133031161.75087953,94677445.83738661,94677445.83738661,71.1693745971219,71.1693745971219,0.008773522000410594,20260855,pricing_mc_v1
39,short_stable_no_break,short,stable,False,none,expected_loss,ceded,success,104501185.44639163,62043310.71688711,42457874.72950452,42457874.72950452,68.43263881137185,68.43263881137185,0.008614544000010937,20260855,pricing_mc_v1
40,short_stable_no_break,short,stable,False,none,expected_loss,gross,success,246206829.21377197,87949018.04320787,158257811.17056412,158257811.17056412,179.94266984631338,179.94266984631338,0.008492236000165576,20260856,pricing_mc_v1
40,short_stable_no_break,short,stable,False,none,expected_loss,ceded,success,92557922.63828307,38742016.33400515,53815906.30427793,53815906.30427793,138.90837751013473,138.90837751013473,0.008497127000737237,20260856,pricing_mc_v1
41,short_stable_no_break,short,stable,False,none,expected_loss,gross,success,276531699.4675141,123158929.7502143,153372769.71729982,153372769.71729982,124.53239893230962,124.53239893230962,0.010500254000362474,20260857,pricing_mc_v1
41,short_stable_no_break,short,stable,False,none,expected_loss,ceded,success,122133581.71327814,57088104.59741693,65045477.115861215,65045477.115861215,113.9387576003081,113.9387576003081,0.011612833000981482,20260857,pricing_mc_v1
42,short_stable_no_break,short,stable,False,none,expected_loss,gross,success,182127150.5376262,125158875.48925014,56968275.04837607,56968275.04837607,45.516768048358706,45.516768048358706,0.00873833700097748,20260858,pricing_mc_v1
42,short_stable_no_break,short,stable,False,none,expected_loss,ceded,success,75764330.27147149,67141295.93403162,8623034.337439865,8623034.337439865,12.843115727036697,12.843115727036697,0.00860847100011597,20260858,pricing_mc_v1
43,short_stable_no_break,short,stable,False,none,expected_loss,gross,success,199281110.8544018,121067304.32348245,78213806.53091934,78213806.53091934,64.60357481978629,64.60357481978629,0.00801244100148324,20260859,pricing_mc_v1
43,short_stable_no_break,short,stable,False,none,expected_loss,ceded,success,74080185.68610582,65576553.60604401,8503632.080061808,8503632.080061808,12.967488549563013,12.967488549563013,0.008146722000674345,20260859,pricing_mc_v1
44,short_stable_no_break,short,stable,False,none,expected_loss,gross,success,146451932.72661662,147069367.4822454,-617434.7556287646,617434.7556287646,-0.4198255328073693,0.4198255328073693,0.008487690000038128,20260860,pricing_mc_v1
44,short_stable_no_break,short,stable,False,none,expected_loss,ceded,success,93013825.54545942,73696631.7427887,19317193.802670717,19317193.802670717,26.211772975039562,26.211772975039562,0.008526154999344726,20260860,pricing_mc_v1
45,short_stable_no_break,short,stable,False,none,expected_loss,gross,success,182699553.26383895,100186367.4636596,82513185.80017935,82513185.80017935,82.35969412715676,82.35969412715676,0.007901058999777888,20260861,pricing_mc_v1
45,short_stable_no_break,short,stable,False,none,expected_loss,ceded,success,76019509.05731526,58034007.127416834,17985501.929898426,17985501.929898426,30.99131495505777,30.99131495505777,0.007990056999915396,20260861,pricing_mc_v1
46,short_stable_no_break,short,stable,False,none,expected_loss,gross,success,166364975.33578122,127471667.13252124,38893308.203259975,38893308.203259975,30.511335638864733,30.511335638864733,0.008243227999628289,20260862,pricing_mc_v1
46,short_stable_no_break,short,stable,False,none,expected_loss,ceded,success,66353870.287730396,52398991.27850675,13954879.009223647,13954879.009223647,26.631961167061096,26.631961167061096,0.009700927999801934,20260862,pricing_mc_v1
47,short_stable_no_break,short,stable,False,none,expected_loss,gross,success,254746637.4112553,114442302.6173637,140304334.7938916,140304334.7938916,122.59831512041247,122.59831512041247,0.007952177000333904,20260863,pricing_mc_v1
47,short_stable_no_break,short,stable,False,none,expected_loss,ceded,success,97685128.67048576,44983595.742743924,52701532.92774184,52701532.92774184,117.15722600108698,117.15722600108698,0.00794685500113701,20260863,pricing_mc_v1
48,short_stable_no_break,short,stable,False,none,expected_loss,gross,success,276174490.5583186,115591115.90067059,160583374.65764803,160583374.65764803,138.92363042471192,138.92363042471192,0.007967428000483778,20260864,pricing_mc_v1
48,short_stable_no_break,short,stable,False,none,expected_loss,ceded,success,90530239.7389453,58328671.740978256,32201567.99796705,32201567.99796705,55.207099762129744,55.207099762129744,0.008121790999211953,20260864,pricing_mc_v1
49,short_stable_no_break,short,stable,False,none,expected_loss,gross,success,254646693.6407572,96635126.74102601,158011566.8997312,158011566.8997312,163.51359203283178,163.51359203283178,0.008749160000661504,20260865,pricing_mc_v1
49,short_stable_no_break,short,stable,False,none,expected_loss,ceded,success,90259351.09074247,46310329.00987116,43949022.08087131,43949022.08087131,94.90112253683938,94.90112253683938,0.007962675001181196,20260865,pricing_mc_v1
50,short_stable_no_break,short,stable,False,none,expected_loss,gross,success,197714884.96790874,117777512.20470117,79937372.76320757,79937372.76320757,67.87150727404888,67.87150727404888,0.008732647000215366,20260866,pricing_mc_v1
50,short_stable_no_break,short,stable,False,none,expected_loss,ceded,success,71364542.95712751,53129851.3526064,18234691.60452111,18234691.60452111,34.32099119476751,34.32099119476751,0.008346434999111807,20260866,pricing_mc_v1
1,short_emerging_no_break,short,emerging,False,none,expected_loss,gross,success,327583356.579468,152925951.09167618,174657405.48779184,174657405.48779184,114.21044253181597,114.21044253181597,0.010220830999969621,20260817,pricing_mc_v1
1,short_emerging_no_break,short,emerging,False,none,expected_loss,ceded,success,135775865.49771762,70592445.43832305,65183420.05939457,65183420.05939457,92.33767105624018,92.33767105624018,0.008666073999847868,20260817,pricing_mc_v1
2,short_emerging_no_break,short,emerging,False,none,expected_loss,gross,success,231722512.00471795,118893676.42537048,112828835.57934746,112828835.57934746,94.89893741335358,94.89893741335358,0.00961182699938945,20260818,pricing_mc_v1
2,short_emerging_no_break,short,emerging,False,none,expected_loss,ceded,success,106108828.27438496,67858248.2673998,38250580.00698516,38250580.00698516,56.36835754476933,56.36835754476933,0.0086550680007349,20260818,pricing_mc_v1
3,short_emerging_no_break,short,emerging,False,none,expected_loss,gross,success,238678538.5970465,105837545.20554811,132840993.39149839,132840993.39149839,125.51405376372499,125.51405376372499,0.008124022000629338,20260819,pricing_mc_v1
3,short_emerging_no_break,short,emerging,False,none,expected_loss,ceded,success,105889786.36942083,66381607.12761541,39508179.24180542,39508179.24180542,59.51675614881223,59.51675614881223,0.007967150000695256,20260819,pricing_mc_v1
4,short_emerging_no_break,short,emerging,False,none,expected_loss,gross,success,290635069.4012917,118619275.39226888,172015794.00902283,172015794.00902283,145.01504366821828,145.01504366821828,0.007926322999992408,20260820,pricing_mc_v1
4,short_emerging_no_break,short,emerging,False,none,expected_loss,ceded,success,149248081.4738505,60023663.95776619,89224417.5160843,89224417.5160843,148.64873557013166,148.64873557013166,0.008180528000593768,20260820,pricing_mc_v1
5,short_emerging_no_break,short,emerging,False,none,expected_loss,gross,success,246274813.68898642,94343144.76947823,151931668.9195082,151931668.9195082,161.04155663958844,161.04155663958844,0.008220772999266046,20260821,pricing_mc_v1
5,short_emerging_no_break,short,emerging,False,none,expected_loss,ceded,success,99712180.83426227,62322952.05797233,37389228.77628994,37389228.77628994,59.9927114195598,59.9927114195598,0.008199564999813447,20260821,pricing_mc_v1
6,short_emerging_no_break,short,emerging,False,none,expected_loss,gross,success,265471741.33064258,105414835.86606228,160056905.4645803,160056905.4645803,151.83527456035222,151.83527456035222,0.007995963000212214,20260822,pricing_mc_v1
6,short_emerging_no_break,short,emerging,False,none,expected_loss,ceded,success,139390293.72248083,62762448.953828216,76627844.76865262,76627844.76865262,122.09186551185186,122.09186551185186,0.008271807000710396,20260822,pricing_mc_v1
7,short_emerging_no_break,short,emerging,False,none,expected_loss,gross,success,340310104.3599361,116296811.42343572,224013292.9365004,224013292.9365004,192.62204199293984,192.62204199293984,0.007968253001308767,20260823,pricing_mc_v1
7,short_emerging_no_break,short,emerging,False,none,expected_loss,ceded,success,137362900.1806659,61732257.43945293,75630642.74121298,75630642.74121298,122.51397547771779,122.51397547771779,0.008624162999694818,20260823,pricing_mc_v1
8,short_emerging_no_break,short,emerging,False,none,expected_loss,gross,success,199669128.27225986,134796993.40754396,64872134.864715904,64872134.864715904,48.12580253075979,48.12580253075979,0.008063077000770136,20260824,pricing_mc_v1
8,short_emerging_no_break,short,emerging,False,none,expected_loss,ceded,success,86243408.10624059,70156507.17509204,16086900.931148544,16086900.931148544,22.93001972147773,22.93001972147773,0.00798265900084516,20260824,pricing_mc_v1
9,short_emerging_no_break,short,emerging,False,none,expected_loss,gross,success,244044349.2298777,118490387.03138334,125553962.19849437,125553962.19849437,105.96130651952397,105.96130651952397,0.007992770999408094,20260825,pricing_mc_v1
9,short_emerging_no_break,short,emerging,False,none,expected_loss,ceded,success,100512907.1084501,68771597.47423375,31741309.634216353,31741309.634216353,46.15467838464663,46.15467838464663,0.008393613001317135,20260825,pricing_mc_v1
10,short_emerging_no_break,short,emerging,False,none,expected_loss,gross,success,188160753.96270078,149574476.9510759,38586277.01162487,38586277.01162487,25.797367169965767,25.797367169965767,0.008375214998523006,20260826,pricing_mc_v1
10,short_emerging_no_break,short,emerging,False,none,expected_loss,ceded,success,90501666.28789498,80456561.16601817,10045105.121876806,10045105.121876806,12.485128591500727,12.485128591500727,0.008859157000188134,20260826,pricing_mc_v1
11,short_emerging_no_break,short,emerging,False,none,expected_loss,gross,success,234875722.62006062,133653943.32290919,101221779.29715143,101221779.29715143,75.73422585265492,75.73422585265492,0.008370716001081746,20260827,pricing_mc_v1
11,short_emerging_no_break,short,emerging,False,none,expected_loss,ceded,success,99184569.19440475,86640847.87304908,12543721.32135567,12543721.32135567,14.477837681985084,14.477837681985084,0.008067164000749472,20260827,pricing_mc_v1
12,short_emerging_no_break,short,emerging,False,none,expected_loss,gross,success,221132089.2631492,126808863.19714352,94323226.06600568,94323226.06600568,74.38220301633488,74.38220301633488,0.007907313000032445,20260828,pricing_mc_v1
12,short_emerging_no_break,short,emerging,False,none,expected_loss,ceded,success,87467089.41255698,69825296.35659844,17641793.05595854,17641793.05595854,25.265618588801594,25.265618588801594,0.008531393999874126,20260828,pricing_mc_v1
13,short_emerging_no_break,short,emerging,False,none,expected_loss,gross,success,190587978.95451754,132458414.43206945,58129564.52244809,58129564.52244809,43.885142949721406,43.885142949721406,0.008229594001022633,20260829,pricing_mc_v1
13,short_emerging_no_break,short,emerging,False,none,expected_loss,ceded,success,112977461.54488546,71131128.73172837,41846332.81315708,41846332.81315708,58.829845047139436,58.829845047139436,0.007966833998580114,20260829,pricing_mc_v1
14,short_emerging_no_break,short,emerging,False,none,expected_loss,gross,success,258791197.30537236,127655754.61127774,131135442.69409461,131135442.69409461,102.7258372279517,102.7258372279517,0.008203154000511859,20260830,pricing_mc_v1
14,short_emerging_no_break,short,emerging,False,none,expected_loss,ceded,success,114546620.95273814,69250427.68212922,45296193.27060892,45296193.27060892,65.40926141066717,65.40926141066717,0.007899385998825892,20260830,pricing_mc_v1
15,short_emerging_no_break,short,emerging,False,none,expected_loss,gross,success,161196614.2599044,141931759.932108,19264854.3277964,19264854.3277964,13.5733216702249,13.5733216702249,0.008260743001301307,20260831,pricing_mc_v1
15,short_emerging_no_break,short,emerging,False,none,expected_loss,ceded,success,82698993.35925439,64784910.56973085,17914082.789523542,17914082.789523542,27.651628491856645,27.651628491856645,0.008227362000980065,20260831,pricing_mc_v1
16,short_emerging_no_break,short,emerging,False,none,expected_loss,gross,success,207798300.91195956,136717365.79140747,71080935.1205521,71080935.1205521,51.99115321531411,51.99115321531411,0.008059858999331482,20260832,pricing_mc_v1
16,short_emerging_no_break,short,emerging,False,none,expected_loss,ceded,success,99895559.34746608,71969747.70479468,27925811.642671406,27925811.642671406,38.802153034101806,38.802153034101806,0.007878960001107771,20260832,pricing_mc_v1
17,short_emerging_no_break,short,emerging,False,none,expected_loss,gross,success,263727764.36377943,141369076.47240236,122358687.89137706,122358687.89137706,86.55265419043998,86.55265419043998,0.009580179999829852,20260833,pricing_mc_v1
17,short_emerging_no_break,short,emerging,False,none,expected_loss,ceded,success,141657306.4091596,75324245.91706921,66333060.49209039,66333060.49209039,88.06335819826464,88.06335819826464,0.009797287000765209,20260833,pricing_mc_v1
18,short_emerging_no_break,short,emerging,False,none,expected_loss,gross,success,234398422.82821298,104232568.99276167,130165853.8354513,130165853.8354513,124.88021267564703,124.88021267564703,0.009283543999117683,20260834,pricing_mc_v1
18,short_emerging_no_break,short,emerging,False,none,expected_loss,ceded,success,94470937.45239371,60457798.2975311,34013139.15486261,34013139.15486261,56.25930833186097,56.25930833186097,0.009949031998985447,20260834,pricing_mc_v1
19,short_emerging_no_break,short,emerging,False,none,expected_loss,gross,success,198374480.69529766,115546911.83594021,82827568.85935745,82827568.85935745,71.6830658156927,71.6830658156927,0.009811331001401413,20260835,pricing_mc_v1
19,short_emerging_no_break,short,emerging,False,none,expected_loss,ceded,success,82994441.72739492,60771227.54762366,22223214.179771267,22223214.179771267,36.56864453224339,36.56864453224339,0.010637490999215515,20260835,pricing_mc_v1
20,short_emerging_no_break,short,emerging,False,none,expected_loss,gross,success,203583434.09781715,138247098.0627088,65336336.03510836,65336336.03510836,47.260547925188156,47.260547925188156,0.009140836000369745,20260836,pricing_mc_v1
20,short_emerging_no_break,short,emerging,False,none,expected_loss,ceded,success,91137673.36864194,68662957.49297115,22474715.87567079,22474715.87567079,32.731936835041616,32.731936835041616,0.009194211999783874,20260836,pricing_mc_v1
21,short_emerging_no_break,short,emerging,False,none,expected_loss,gross,success,207140819.88311428,111040279.69460358,96100540.1885107,96100540.1885107,86.54565753330057,86.54565753330057,0.008604005999586661,20260837,pricing_mc_v1
21,short_emerging_no_break,short,emerging,False,none,expected_loss,ceded,success,116089732.77315748,54484522.17886736,61605210.594290115,61605210.594290115,113.06919493952104,113.06919493952104,0.008391477000259329,20260837,pricing_mc_v1
22,short_emerging_no_break,short,emerging,False,none,expected_loss,gross,success,342353785.05560243,119820365.71170437,222533419.34389806,222533419.34389806,185.7225339132481,185.7225339132481,0.00791222499901778,20260838,pricing_mc_v1
22,short_emerging_no_break,short,emerging,False,none,expected_loss,ceded,success,142135176.4398064,70899698.54095288,71235477.89885353,71235477.89885353,100.47359772299552,100.47359772299552,0.009103728001718991,20260838,pricing_mc_v1
23,short_emerging_no_break,short,emerging,False,none,expected_loss,gross,success,207380425.91572204,146496238.93990734,60884186.9758147,60884186.9758147,41.56023896339711,41.56023896339711,0.008375086999876658,20260839,pricing_mc_v1
23,short_emerging_no_break,short,emerging,False,none,expected_loss,ceded,success,78731570.04697588,78387981.19540745,343588.85156843066,343588.85156843066,0.4383182808496166,0.4383182808496166,0.008348076999027398,20260839,pricing_mc_v1
24,short_emerging_no_break,short,emerging,False,none,expected_loss,gross,success,171737596.1366846,131514834.12503251,40222762.01165208,40222762.01165208,30.584201606802687,30.584201606802687,0.008115947999613127,20260840,pricing_mc_v1
24,short_emerging_no_break,short,emerging,False,none,expected_loss,ceded,success,105053630.75947031,63769885.24600458,41283745.51346573,41283745.51346573,64.73862286909527,64.73862286909527,0.0083081470002071,20260840,pricing_mc_v1
25,short_emerging_no_break,short,emerging,False,none,expected_loss,gross,success,213915157.31874323,174792250.52559975,39122906.79314348,39122906.79314348,22.382517917986082,22.382517917986082,0.009579835999829811,20260841,pricing_mc_v1
25,short_emerging_no_break,short,emerging,False,none,expected_loss,ceded,success,104439087.15191735,90963359.60613754,13475727.54577981,13475727.54577981,14.814456726453809,14.814456726453809,0.009240872001100797,20260841,pricing_mc_v1
26,short_emerging_no_break,short,emerging,False,none,expected_loss,gross,success,248035486.37753275,129397270.0917339,118638216.28579885,118638216.28579885,91.68525441200761,91.68525441200761,0.012250634999873,20260842,pricing_mc_v1
26,short_emerging_no_break,short,emerging,False,none,expected_loss,ceded,success,118968760.47654459,75377848.32444328,43590912.15210131,43590912.15210131,57.82987060664849,57.82987060664849,0.012170702999355854,20260842,pricing_mc_v1
27,short_emerging_no_break,short,emerging,False,none,expected_loss,gross,success,222021176.58064473,175476418.08967456,46544758.490970165,46544758.490970165,26.524794042230887,26.524794042230887,0.012520853999376413,20260843,pricing_mc_v1
27,short_emerging_no_break,short,emerging,False,none,expected_loss,ceded,success,95204886.10277024,87100520.20406541,8104365.898704827,8104365.898704827,9.304612509451529,9.304612509451529,0.013413581998975133,20260843,pricing_mc_v1
28,short_emerging_no_break,short,emerging,False,none,expected_loss,gross,success,290489880.96217656,144554464.3427375,145935416.61943907,145935416.61943907,100.95531624220705,100.95531624220705,0.01216396000017994,20260844,pricing_mc_v1
28,short_emerging_no_break,short,emerging,False,none,expected_loss,ceded,success,143713308.12335017,77732209.13579196,65981098.987558216,65981098.987558216,84.88257277275434,84.88257277275434,0.012408779000907089,20260844,pricing_mc_v1
29,short_emerging_no_break,short,emerging,False,none,expected_loss,gross,success,377544471.8845066,117659817.94940495,259884653.93510163,259884653.93510163,220.87800105797797,220.87800105797797,0.013578829000834958,20260845,pricing_mc_v1
29,short_emerging_no_break,short,emerging,False,none,expected_loss,ceded,success,132572869.16827242,71148516.3041015,61424352.864170924,61424352.864170924,86.3325843670896,86.3325843670896,0.015239519998431206,20260845,pricing_mc_v1
30,short_emerging_no_break,short,emerging,False,none,expected_loss,gross,success,322995115.5539059,133967662.78688279,189027452.76702312,189027452.76702312,141.09931369611937,141.09931369611937,0.008532367999578128,20260846,pricing_mc_v1
30,short_emerging_no_break,short,emerging,False,none,expected_loss,ceded,success,148838521.38945487,77296777.61764812,71541743.77180675,71541743.77180675,92.55462643694035,92.55462643694035,0.009371844000270357,20260846,pricing_mc_v1
31,short_emerging_no_break,short,emerging,False,none,expected_loss,gross,success,191525249.1858307,135553905.77080107,55971343.415029645,55971343.415029645,41.29083783809801,41.29083783809801,0.00884634899921366,20260847,pricing_mc_v1
31,short_emerging_no_break,short,emerging,False,none,expected_loss,ceded,success,74584607.42447579,73102486.68446147,1482120.7400143147,1482120.7400143147,2.027455983011521,2.027455983011521,0.008515691000866354,20260847,pricing_mc_v1
32,short_emerging_no_break,short,emerging,False,none,expected_loss,gross,success,219530673.55523238,122719052.61469321,96811620.94053917,96811620.94053917,78.88882685926787,78.88882685926787,0.008057013999859919,20260848,pricing_mc_v1
32,short_emerging_no_break,short,emerging,False,none,expected_loss,ceded,success,89631955.98906298,59611145.25632675,30020810.73273623,30020810.73273623,50.36107023887452,50.36107023887452,0.008003403001566767,20260848,pricing_mc_v1
33,short_emerging_no_break,short,emerging,False,none,expected_loss,gross,success,157255634.4107567,130967825.68861759,26287808.72213912,26287808.72213912,20.071959341097767,20.071959341097767,0.00827015299910272,20260849,pricing_mc_v1
33,short_emerging_no_break,short,emerging,False,none,expected_loss,ceded,success,82518166.48335823,64851470.02798017,17666696.455378063,17666696.455378063,27.24178256523062,27.24178256523062,0.00897067000005336,20260849,pricing_mc_v1
34,short_emerging_no_break,short,emerging,False,none,expected_loss,gross,success,170920400.63120598,124349171.90954629,46571228.72165969,46571228.72165969,37.45198138957966,37.45198138957966,0.008396899998842855,20260850,pricing_mc_v1
34,short_emerging_no_break,short,emerging,False,none,expected_loss,ceded,success,92928419.80117777,77147866.951554,15780552.84962377,15780552.84962377,20.454943828237496,20.454943828237496,0.008545168999262387,20260850,pricing_mc_v1
35,short_emerging_no_break,short,emerging,False,none,expected_loss,gross,success,249916608.88854307,123658034.22795688,126258574.6605862,126258574.6605862,102.10300968219772,102.10300968219772,0.016385585999159957,20260851,pricing_mc_v1
35,short_emerging_no_break,short,emerging,False,none,expected_loss,ceded,success,110097165.06009427,67301150.01232633,42796015.04776794,42796015.04776794,63.58883175091327,63.58883175091327,0.009126775999902748,20260851,pricing_mc_v1
36,short_emerging_no_break,short,emerging,False,none,expected_loss,gross,success,272438225.65948164,119940823.62801841,152497402.03146324,152497402.03146324,127.14386763293791,127.14386763293791,0.009313013000792125,20260852,pricing_mc_v1
36,short_emerging_no_break,short,emerging,False,none,expected_loss,ceded,success,131657508.405489,65429549.88102794,66227958.52446106,66227958.52446106,101.22025697087155,101.22025697087155,0.010774402999231825,20260852,pricing_mc_v1
37,short_emerging_no_break,short,emerging,False,none,expected_loss,gross,success,301218604.77762866,93165068.26747675,208053536.51015192,208053536.51015192,223.31710841753542,223.31710841753542,0.011819827999715926,20260853,pricing_mc_v1
37,short_emerging_no_break,short,emerging,False,none,expected_loss,ceded,success,109895938.12409072,55556780.25223562,54339157.871855095,54339157.871855095,97.808328029716,97.808328029716,0.008275718999357196,20260853,pricing_mc_v1
38,short_emerging_no_break,short,emerging,False,none,expected_loss,gross,success,219714704.2104746,112646768.9247545,107067935.28572011,107067935.28572011,95.04749786231247,95.04749786231247,0.009456300000238116,20260854,pricing_mc_v1
38,short_emerging_no_break,short,emerging,False,none,expected_loss,ceded,success,95063446.99181679,55946590.89043021,39116856.10138658,39116856.10138658,69.91821213556302,69.91821213556302,0.008429979001448373,20260854,pricing_mc_v1
39,short_emerging_no_break,short,emerging,False,none,expected_loss,gross,success,241610516.40446252,148125613.36085498,93484903.04360753,93484903.04360753,63.111909495264044,63.111909495264044,0.009329059999799938,20260855,pricing_mc_v1
39,short_emerging_no_break,short,emerging,False,none,expected_loss,ceded,success,118928930.78054622,77381440.70153117,41547490.07901505,41547490.07901505,53.69180219746533,53.69180219746533,0.008985191001556814,20260855,pricing_mc_v1
40,short_emerging_no_break,short,emerging,False,none,expected_loss,gross,success,264411921.51345456,97745686.8126559,166666234.70079866,166666234.70079866,170.51006559526172,170.51006559526172,0.009467545000006794,20260856,pricing_mc_v1
40,short_emerging_no_break,short,emerging,False,none,expected_loss,ceded,success,109410135.43238905,49403368.69014619,60006766.74224286,60006766.74224286,121.462904925776,121.462904925776,0.008813165999526973,20260856,pricing_mc_v1
41,short_emerging_no_break,short,emerging,False,none,expected_loss,gross,success,291044720.47931397,136938932.24920055,154105788.23011342,154105788.23011342,112.53613979527219,112.53613979527219,0.01942099500047334,20260857,pricing_mc_v1
41,short_emerging_no_break,short,emerging,False,none,expected_loss,ceded,success,138219072.65116414,74295111.45766601,63923961.193498135,63923961.193498135,86.04060205215865,86.04060205215865,0.015152033000049414,20260857,pricing_mc_v1
42,short_emerging_no_break,short,emerging,False,none,expected_loss,gross,success,192555843.80259347,138936170.3538267,53619673.44876677,53619673.44876677,38.593026792241595,38.593026792241595,0.008437197000603192,20260858,pricing_mc_v1
42,short_emerging_no_break,short,emerging,False,none,expected_loss,ceded,success,87710307.75817575,81418024.02154228,6292283.736633465,6292283.736633465,7.728367044339714,7.728367044339714,0.008637135999379097,20260858,pricing_mc_v1
43,short_emerging_no_break,short,emerging,False,none,expected_loss,gross,success,209452689.29673448,134334242.06847864,75118447.22825584,75118447.22825584,55.91906134398943,55.91906134398943,0.00949763999960851,20260859,pricing_mc_v1
43,short_emerging_no_break,short,emerging,False,none,expected_loss,ceded,success,85220120.6334436,80545010.80252193,4675109.830921665,4675109.830921665,5.804344408599028,5.804344408599028,0.009968964999643504,20260859,pricing_mc_v1
44,short_emerging_no_break,short,emerging,False,none,expected_loss,gross,success,156455225.6349192,163496631.05783105,-7041405.422911853,7041405.422911853,-4.306758724845657,4.306758724845657,0.00906155299890088,20260860,pricing_mc_v1
44,short_emerging_no_break,short,emerging,False,none,expected_loss,ceded,success,104478008.71918751,89425856.14450559,15052152.574681923,15052152.574681923,16.83199157787067,16.83199157787067,0.008795800998996128,20260860,pricing_mc_v1
45,short_emerging_no_break,short,emerging,False,none,expected_loss,gross,success,198935411.0701118,111359418.55829473,87575992.51181708,87575992.51181708,78.64264527025395,78.64264527025395,0.009743426000568434,20260861,pricing_mc_v1
45,short_emerging_no_break,short,emerging,False,none,expected_loss,ceded,success,90648264.61481425,69213083.93238875,21435180.6824255,21435180.6824255,30.969839031251077,30.969839031251077,0.008761343000514898,20260861,pricing_mc_v1
46,short_emerging_no_break,short,emerging,False,none,expected_loss,gross,success,179209674.93568224,141738776.99498373,37470897.940698504,37470897.940698504,26.436589009106967,26.436589009106967,0.00941977299953578,20260862,pricing_mc_v1
46,short_emerging_no_break,short,emerging,False,none,expected_loss,ceded,success,80694428.98028928,67227742.86518183,13466686.115107447,13466686.115107447,20.03144169530348,20.03144169530348,0.00855935099934868,20260862,pricing_mc_v1
47,short_emerging_no_break,short,emerging,False,none,expected_loss,gross,success,270847981.11171365,127136519.57788654,143711461.53382713,143711461.53382713,113.03712104985415,113.03712104985415,0.010111603000041214,20260863,pricing_mc_v1
47,short_emerging_no_break,short,emerging,False,none,expected_loss,ceded,success,114231289.9461903,60094204.61255132,54137085.33363898,54137085.33363898,90.08703199032253,90.08703199032253,0.012768816000971128,20260863,pricing_mc_v1
48,short_emerging_no_break,short,emerging,False,none,expected_loss,gross,success,289440813.73066586,128298342.85292622,161142470.87773964,161142470.87773964,125.59980689888101,125.59980689888101,0.009636220000174944,20260864,pricing_mc_v1
48,short_emerging_no_break,short,emerging,False,none,expected_loss,ceded,success,103358851.01953611,73634234.31973028,29724616.699805826,29724616.699805826,40.367930724637304,40.367930724637304,0.00870210299945029,20260864,pricing_mc_v1
49,short_emerging_no_break,short,emerging,False,none,expected_loss,gross,success,271059077.492956,107294776.465985,163764301.02697098,163764301.02697098,152.63026441821998,152.63026441821998,0.009414202000698424,20260865,pricing_mc_v1
49,short_emerging_no_break,short,emerging,False,none,expected_loss,ceded,success,106243013.26515508,57917615.23518233,48325398.02997275,48325398.02997275,83.43816960304893,83.43816960304893,0.009068334999028593,20260865,pricing_mc_v1
50,short_emerging_no_break,short,emerging,False,none,expected_loss,gross,success,209713604.92420667,130767234.30868511,78946370.61552157,78946370.61552157,60.37167569757053,60.37167569757053,0.011218370998903993,20260866,pricing_mc_v1
50,short_emerging_no_break,short,emerging,False,none,expected_loss,ceded,success,86558014.66246426,66213381.583072916,20344633.079391345,20344633.079391345,30.725863251473534,30.725863251473534,0.008900026999981492,20260866,pricing_mc_v1
1,short_shock_no_break,short,shock,False,none,expected_loss,gross,success,341585853.39932466,171459997.0574296,170125856.34189504,170125856.34189504,99.22189388870238,99.22189388870238,0.01579002900143678,20260817,pricing_mc_v1
1,short_shock_no_break,short,shock,False,none,expected_loss,ceded,success,155865887.55807382,92301960.7631166,63563926.79495722,63563926.79495722,68.86519665393396,68.86519665393396,0.01471529100126645,20260817,pricing_mc_v1
2,short_shock_no_break,short,shock,False,none,expected_loss,gross,success,247201361.81025064,133268769.08528441,113932592.72496623,113932592.72496623,85.4908419331583,85.4908419331583,0.00947661299869651,20260818,pricing_mc_v1
2,short_shock_no_break,short,shock,False,none,expected_loss,ceded,success,125842231.1981691,85850689.8971627,39991541.30100639,39991541.30100639,46.582667359937055,46.582667359937055,0.008942879998357967,20260818,pricing_mc_v1
3,short_shock_no_break,short,shock,False,none,expected_loss,gross,success,258446175.47410017,118658528.34133771,139787647.13276246,139787647.13276246,117.80665838922586,117.80665838922586,0.009845558000961319,20260819,pricing_mc_v1
3,short_shock_no_break,short,shock,False,none,expected_loss,ceded,success,125354635.46305354,84759556.8790487,40595078.584004834,40595078.584004834,47.894396901972634,47.894396901972634,0.009654385001340415,20260819,pricing_mc_v1
4,short_shock_no_break,short,shock,False,none,expected_loss,gross,success,309143665.0551708,133028685.9783042,176114979.07686657,176114979.07686657,132.3887233657178,132.3887233657178,0.020020572999783326,20260820,pricing_mc_v1
4,short_shock_no_break,short,shock,False,none,expected_loss,ceded,success,170702532.29190338,79910102.07945794,90792430.21244544,90792430.21244544,113.61821327942585,113.61821327942585,0.01609943800031033,20260820,pricing_mc_v1
5,short_shock_no_break,short,shock,False,none,expected_loss,gross,success,264272922.78945255,105741065.40832323,158531857.38112932,158531857.38112932,149.92458868175046,149.92458868175046,0.009291771999414777,20260821,pricing_mc_v1
5,short_shock_no_break,short,shock,False,none,expected_loss,ceded,success,118724724.14041753,78657318.52632639,40067405.61409114,40067405.61409114,50.939195951207886,50.939195951207886,0.011954863999562804,20260821,pricing_mc_v1
6,short_shock_no_break,short,shock,False,none,expected_loss,gross,success,282860396.5878906,118176535.80735251,164683860.7805381,164683860.7805381,139.35411091166213,139.35411091166213,0.008485750000545522,20260822,pricing_mc_v1
6,short_shock_no_break,short,shock,False,none,expected_loss,ceded,success,159145244.02267522,78884442.61154923,80260801.41112599,80260801.41112599,101.7447785063962,101.7447785063962,0.009202342998833046,20260822,pricing_mc_v1
7,short_shock_no_break,short,shock,False,none,expected_loss,gross,success,360242005.992661,130377849.90490693,229864156.08775407,229864156.08775407,176.30614115465855,176.30614115465855,0.009655899000790669,20260823,pricing_mc_v1
7,short_shock_no_break,short,shock,False,none,expected_loss,ceded,success,158970057.91393417,81826059.98624724,77143997.92768693,77143997.92768693,94.27803066731157,94.27803066731157,0.011437835999458912,20260823,pricing_mc_v1
8,short_shock_no_break,short,shock,False,none,expected_loss,gross,success,215663813.1343973,151172966.18677932,64490846.94761798,64490846.94761798,42.66030400431341,42.66030400431341,0.011897637001311523,20260824,pricing_mc_v1
8,short_shock_no_break,short,shock,False,none,expected_loss,ceded,success,103834311.57745782,89773714.06286423,14060597.514593586,14060597.514593586,15.662265576700575,15.662265576700575,0.015015732000392745,20260824,pricing_mc_v1
9,short_shock_no_break,short,shock,False,none,expected_loss,gross,success,258684476.49013966,132834845.06458175,125849631.42555791,125849631.42555791,94.74142975389645,94.74142975389645,0.0100511299988284,20260825,pricing_mc_v1
9,short_shock_no_break,short,shock,False,none,expected_loss,ceded,success,117343910.51162729,86967476.65782495,30376433.85380234,30376433.85380234,34.92849858495831,34.92849858495831,0.010243757000353071,20260825,pricing_mc_v1
10,short_shock_no_break,short,shock,False,none,expected_loss,gross,success,201995284.01722187,167693406.19511217,34301877.8221097,34301877.8221097,20.45511424712745,20.45511424712745,0.009680318000391708,20260826,pricing_mc_v1
10,short_shock_no_break,short,shock,False,none,expected_loss,ceded,success,109935992.22840843,100256663.52796091,9679328.700447515,9679328.700447515,9.654548994389799,9.654548994389799,0.009697538000182249,20260826,pricing_mc_v1
11,short_shock_no_break,short,shock,False,none,expected_loss,gross,success,249221310.6346379,149827812.85681683,99393497.77782106,99393497.77782106,66.33848274405942,66.33848274405942,0.03822440200019628,20260827,pricing_mc_v1
11,short_shock_no_break,short,shock,False,none,expected_loss,ceded,success,114790246.63599418,105213686.48668984,9576560.149304345,9576560.149304345,9.102009889669475,9.102009889669475,0.03621573399868794,20260827,pricing_mc_v1
12,short_shock_no_break,short,shock,False,none,expected_loss,gross,success,237442342.53102452,142154443.4199168,95287899.1111077,95287899.1111077,67.03124912503243,67.03124912503243,0.013467658000081428,20260828,pricing_mc_v1
12,short_shock_no_break,short,shock,False,none,expected_loss,ceded,success,106281205.95304403,86231211.40383303,20049994.549210995,20049994.549210995,23.25143555656898,23.25143555656898,0.009885464000035427,20260828,pricing_mc_v1
13,short_shock_no_break,short,shock,False,none,expected_loss,gross,success,208493271.43904227,148563830.71604544,59929440.72299683,59929440.72299683,40.339186485802045,40.339186485802045,0.009288336999816238,20260829,pricing_mc_v1
13,short_shock_no_break,short,shock,False,none,expected_loss,ceded,success,132440250.82266416,92709672.71563783,39730578.10702632,39730578.10702632,42.85483590141588,42.85483590141588,0.009641490001740749,20260829,pricing_mc_v1
14,short_shock_no_break,short,shock,False,none,expected_loss,gross,success,276778012.09785426,143151909.0512076,133626103.04664665,133626103.04664665,93.34566610554008,93.34566610554008,0.008755724998991354,20260830,pricing_mc_v1
14,short_shock_no_break,short,shock,False,none,expected_loss,ceded,success,135839315.83127877,89142238.07303554,46697077.75824323,46697077.75824323,52.3849061541215,52.3849061541215,0.008444331000646343,20260830,pricing_mc_v1
15,short_shock_no_break,short,shock,False,none,expected_loss,gross,success,175605056.36484078,159169676.1087862,16435380.25605458,16435380.25605458,10.325698121557807,10.325698121557807,0.009736494999742717,20260831,pricing_mc_v1
15,short_shock_no_break,short,shock,False,none,expected_loss,ceded,success,102336170.47013587,85237534.42865795,17098636.04147792,17098636.04147792,20.05998432039247,20.05998432039247,0.00916857400079607,20260831,pricing_mc_v1
16,short_shock_no_break,short,shock,False,none,expected_loss,gross,success,224608903.15932795,153320309.3764697,71288593.78285825,71288593.78285825,46.49651052282512,46.49651052282512,0.02414381400012644,20260832,pricing_mc_v1
16,short_shock_no_break,short,shock,False,none,expected_loss,ceded,success,119159785.23376113,88988006.79260848,30171778.441152647,30171778.441152647,33.90544358575158,33.90544358575158,0.07288573100049689,20260832,pricing_mc_v1
17,short_shock_no_break,short,shock,False,none,expected_loss,gross,success,277319078.1345111,158483762.03176558,118835316.10274553,118835316.10274553,74.98264464401524,74.98264464401524,0.013976893000290147,20260833,pricing_mc_v1
17,short_shock_no_break,short,shock,False,none,expected_loss,ceded,success,160691051.95635408,96654698.30503473,64036353.651319355,64036353.651319355,66.25270656706785,66.25270656706785,0.009599319999324507,20260833,pricing_mc_v1
18,short_shock_no_break,short,shock,False,none,expected_loss,gross,success,250586813.6326179,116856328.26867697,133730485.36394092,133730485.36394092,114.44008839338746,114.44008839338746,0.010352859000704484,20260834,pricing_mc_v1
18,short_shock_no_break,short,shock,False,none,expected_loss,ceded,success,113371970.27274665,75816256.45911388,37555713.81363277,37555713.81363277,49.535173019108086,49.535173019108086,0.010041719000582816,20260834,pricing_mc_v1
19,short_shock_no_break,short,shock,False,none,expected_loss,gross,success,215303653.8167473,129538837.58795127,85764816.22879604,85764816.22879604,66.20780132488484,66.20780132488484,0.010238966999168042,20260835,pricing_mc_v1
19,short_shock_no_break,short,shock,False,none,expected_loss,ceded,success,102419377.55628869,82000230.91981938,20419146.636469305,20419146.636469305,24.90132821264289,24.90132821264289,0.009887756999887642,20260835,pricing_mc_v1
20,short_shock_no_break,short,shock,False,none,expected_loss,gross,success,217339740.28237176,154993233.33428323,62346506.94808853,62346506.94808853,40.22530894211496,40.22530894211496,0.00813718199970026,20260836,pricing_mc_v1
20,short_shock_no_break,short,shock,False,none,expected_loss,ceded,success,109450803.7968291,88244351.52385226,21206452.272976846,21206452.272976846,24.031512393453067,24.031512393453067,0.00801695500013011,20260836,pricing_mc_v1
21,short_shock_no_break,short,shock,False,none,expected_loss,gross,success,224269506.08710244,124498306.61176643,99771199.47533602,99771199.47533602,80.13859962486154,80.13859962486154,0.008673717999045039,20260837,pricing_mc_v1
21,short_shock_no_break,short,shock,False,none,expected_loss,ceded,success,135243673.28483883,72928903.41659534,62314769.868243486,62314769.868243486,85.445916432172,85.445916432172,0.008094681999864406,20260837,pricing_mc_v1
22,short_shock_no_break,short,shock,False,none,expected_loss,gross,success,361185254.0241394,134325999.0140538,226859255.0100856,226859255.0100856,168.88707820914888,168.88707820914888,0.00865346000136924,20260838,pricing_mc_v1
22,short_shock_no_break,short,shock,False,none,expected_loss,ceded,success,160016055.4968973,86293025.80521232,73723029.69168499,73723029.69168499,85.43335803069259,85.43335803069259,0.008905392998713069,20260838,pricing_mc_v1
23,short_shock_no_break,short,shock,False,none,expected_loss,gross,success,221048500.28964782,164253491.3102482,56795008.97939962,56795008.97939962,34.577657087436314,34.577657087436314,0.00905253100063419,20260839,pricing_mc_v1
23,short_shock_no_break,short,shock,False,none,expected_loss,ceded,success,96245941.50598034,98920315.12066408,-2674373.6146837324,2674373.6146837324,-2.703563581880529,2.703563581880529,0.009816539000894409,20260839,pricing_mc_v1
24,short_shock_no_break,short,shock,False,none,expected_loss,gross,success,188080571.68631005,147479038.64580846,40601533.040501595,40601533.040501595,27.530375444073687,27.530375444073687,0.015318719000788406,20260840,pricing_mc_v1
24,short_shock_no_break,short,shock,False,none,expected_loss,ceded,success,126763650.75636736,87721052.42628112,39042598.33008623,39042598.33008623,44.50767204702291,44.50767204702291,0.010531973000979633,20260840,pricing_mc_v1
25,short_shock_no_break,short,shock,False,none,expected_loss,gross,success,226051424.38463527,196004988.7531731,30046435.631462157,30046435.631462157,15.32942392058158,15.32942392058158,0.008860436000759364,20260841,pricing_mc_v1
25,short_shock_no_break,short,shock,False,none,expected_loss,ceded,success,123926956.77089337,117526740.60372524,6400216.1671681255,6400216.1671681255,5.445753140341288,5.445753140341288,0.008092472000498674,20260841,pricing_mc_v1
26,short_shock_no_break,short,shock,False,none,expected_loss,gross,success,266800899.9768575,145067559.04803687,121733340.92882064,121733340.92882064,83.91493020745634,83.91493020745634,0.008595196000896976,20260842,pricing_mc_v1
26,short_shock_no_break,short,shock,False,none,expected_loss,ceded,success,139006456.42812407,95777834.72130537,43228621.7068187,43228621.7068187,45.134264971227914,45.134264971227914,0.008429495001109899,20260842,pricing_mc_v1
27,short_shock_no_break,short,shock,False,none,expected_loss,gross,success,235193486.0628541,196756902.11073998,38436583.952114135,38436583.952114135,19.53506257710899,19.53506257710899,0.007914187999631395,20260843,pricing_mc_v1
27,short_shock_no_break,short,shock,False,none,expected_loss,ceded,success,112464347.63520792,107600077.5615052,4864270.073702723,4864270.073702723,4.520693835859237,4.520693835859237,0.007976672999575385,20260843,pricing_mc_v1
28,short_shock_no_break,short,shock,False,none,expected_loss,gross,success,308025974.3714277,162097058.64125526,145928915.73017246,145928915.73017246,90.02564078175824,90.02564078175824,0.00835002500025439,20260844,pricing_mc_v1
28,short_shock_no_break,short,shock,False,none,expected_loss,ceded,success,163667699.10805833,97906415.33349863,65761283.77455971,65761283.77455971,67.16749208982583,67.16749208982583,0.008370326000658679,20260844,pricing_mc_v1
29,short_shock_no_break,short,shock,False,none,expected_loss,gross,success,399163206.4327117,131983367.53074291,267179838.9019688,267179838.9019688,202.4344763287954,202.4344763287954,0.00826356899960956,20260845,pricing_mc_v1
29,short_shock_no_break,short,shock,False,none,expected_loss,ceded,success,152890613.68351486,87437629.10602704,65452984.57748783,65452984.57748783,74.85676961588176,74.85676961588176,0.008014905999516486,20260845,pricing_mc_v1
30,short_shock_no_break,short,shock,False,none,expected_loss,gross,success,340483053.7695781,150188914.14911425,190294139.62046385,190294139.62046385,126.70318624950664,126.70318624950664,0.008827370000290102,20260846,pricing_mc_v1
30,short_shock_no_break,short,shock,False,none,expected_loss,ceded,success,168287331.30673927,96643206.08115312,71644125.22558615,71644125.22558615,74.13260396744829,74.13260396744829,0.008586789999753819,20260846,pricing_mc_v1
31,short_shock_no_break,short,shock,False,none,expected_loss,gross,success,203715471.08839557,151978119.49120846,51737351.5971871,51737351.5971871,34.04263177514837,34.04263177514837,0.008127091999995173,20260847,pricing_mc_v1
31,short_shock_no_break,short,shock,False,none,expected_loss,ceded,success,92252792.45182541,93300270.72113782,-1047478.2693124115,1047478.2693124115,-1.1226958520229653,1.1226958520229653,0.00827892300003441,20260847,pricing_mc_v1
32,short_shock_no_break,short,shock,False,none,expected_loss,gross,success,235131309.73611712,137564271.0944117,97567038.64170542,97567038.64170542,70.92469422873924,70.92469422873924,0.008323229998495663,20260848,pricing_mc_v1
32,short_shock_no_break,short,shock,False,none,expected_loss,ceded,success,109677073.8883667,76170535.19235645,33506538.696010247,33506538.696010247,43.988845045390406,43.988845045390406,0.009388622998812934,20260848,pricing_mc_v1
33,short_shock_no_break,short,shock,False,none,expected_loss,gross,success,169867753.38268113,146838308.770611,23029444.612070143,23029444.612070143,15.683539809796132,15.683539809796132,0.007978791998539236,20260849,pricing_mc_v1
33,short_shock_no_break,short,shock,False,none,expected_loss,ceded,success,101576473.88731667,83982657.97744578,17593815.909870893,17593815.909870893,20.949343987893133,20.949343987893133,0.008506514999680803,20260849,pricing_mc_v1
34,short_shock_no_break,short,shock,False,none,expected_loss,gross,success,183867304.20883286,139378193.6656845,44489110.54314837,44489110.54314837,31.919706643537722,31.919706643537722,0.009562790999552817,20260850,pricing_mc_v1
34,short_shock_no_break,short,shock,False,none,expected_loss,ceded,success,109737831.6378298,97630102.64478233,12107728.99304746,12107728.99304746,12.401635013229741,12.401635013229741,0.008662489000926143,20260850,pricing_mc_v1
35,short_shock_no_break,short,shock,False,none,expected_loss,gross,success,266735055.1793388,138655688.11791325,128079367.06142557,128079367.06142557,92.37224148533053,92.37224148533053,0.00811569200050144,20260851,pricing_mc_v1
35,short_shock_no_break,short,shock,False,none,expected_loss,ceded,success,129503251.90963428,85880883.24703081,43622368.66260347,43622368.66260347,50.79403822283306,50.79403822283306,0.008540187000107835,20260851,pricing_mc_v1
36,short_shock_no_break,short,shock,False,none,expected_loss,gross,success,289758397.15088093,134471661.35442173,155286735.7964592,155286735.7964592,115.47915317798892,115.47915317798892,0.008290977000797284,20260852,pricing_mc_v1
36,short_shock_no_break,short,shock,False,none,expected_loss,ceded,success,152691060.01257515,85841426.93886314,66849633.073712006,66849633.073712006,77.87572441138796,77.87572441138796,0.008699102998434682,20260852,pricing_mc_v1
37,short_shock_no_break,short,shock,False,none,expected_loss,gross,success,323083996.40065265,104432409.07019822,218651587.3304544,218651587.3304544,209.37139081363085,209.37139081363085,0.008155845000146655,20260853,pricing_mc_v1
37,short_shock_no_break,short,shock,False,none,expected_loss,ceded,success,130891879.92331326,70006630.76242268,60885249.16089058,60885249.16089058,86.97068905874532,86.97068905874532,0.007880981000198517,20260853,pricing_mc_v1
38,short_shock_no_break,short,shock,False,none,expected_loss,gross,success,237081197.18542647,126271075.07221937,110810122.1132071,110810122.1132071,87.75574457557319,87.75574457557319,0.007992419999936828,20260854,pricing_mc_v1
38,short_shock_no_break,short,shock,False,none,expected_loss,ceded,success,115472405.09736192,73199320.98395583,42273084.11340609,42273084.11340609,57.750650614193134,57.750650614193134,0.008338952999110916,20260854,pricing_mc_v1
39,short_shock_no_break,short,shock,False,none,expected_loss,gross,success,258476988.02213597,166188215.0004006,92288773.02173537,92288773.02173537,55.53268203856266,55.53268203856266,0.00847048099967651,20260855,pricing_mc_v1
39,short_shock_no_break,short,shock,False,none,expected_loss,ceded,success,137396251.464727,96892399.45970033,40503852.00502668,40503852.00502668,41.802919765521054,41.802919765521054,0.009403594000104931,20260855,pricing_mc_v1
40,short_shock_no_break,short,shock,False,none,expected_loss,gross,success,285963532.74165773,109610270.24552748,176353262.49613026,176353262.49613026,160.89118483249626,160.89118483249626,0.008652717000586563,20260856,pricing_mc_v1
40,short_shock_no_break,short,shock,False,none,expected_loss,ceded,success,131258996.08010416,62525344.66199358,68733651.41811058,68733651.41811058,109.9292643482072,109.9292643482072,0.008454482000161079,20260856,pricing_mc_v1
41,short_shock_no_break,short,shock,False,none,expected_loss,gross,success,307338757.1689385,153585392.93719518,153753364.23174334,153753364.23174334,100.1093667121175,100.1093667121175,0.0083066820006934,20260857,pricing_mc_v1
41,short_shock_no_break,short,shock,False,none,expected_loss,ceded,success,157741360.12495783,96702867.80750936,61038492.31744847,61038492.31744847,63.11962995652605,63.11962995652605,0.008737415999348741,20260857,pricing_mc_v1
42,short_shock_no_break,short,shock,False,none,expected_loss,gross,success,204802407.46457696,155759929.40357077,49042478.06100619,49042478.06100619,31.48594009306343,31.48594009306343,0.008909078000215231,20260858,pricing_mc_v1
42,short_shock_no_break,short,shock,False,none,expected_loss,ceded,success,102707370.97801642,100744920.0350441,1962450.9429723173,1962450.9429723173,1.947940345071175,1.947940345071175,0.009231644000465167,20260858,pricing_mc_v1
43,short_shock_no_break,short,shock,False,none,expected_loss,gross,success,221168116.61914366,150579036.84899837,70589079.7701453,70589079.7701453,46.87842427955791,46.87842427955791,0.013584739999714657,20260859,pricing_mc_v1
43,short_shock_no_break,short,shock,False,none,expected_loss,ceded,success,100185245.12307166,101253622.25781557,-1068377.134743914,1068377.134743914,-1.0551495451921455,1.0551495451921455,0.014912501999788219,20260859,pricing_mc_v1
44,short_shock_no_break,short,shock,False,none,expected_loss,gross,success,168235361.11127752,183360483.9781164,-15125122.866838872,15125122.866838872,-8.248845410248817,8.248845410248817,0.013481476999004371,20260860,pricing_mc_v1
44,short_shock_no_break,short,shock,False,none,expected_loss,ceded,success,120289360.6640863,109292278.76835859,10997081.895727709,10997081.895727709,10.062084915473,10.062084915473,0.011970927998845582,20260860,pricing_mc_v1
45,short_shock_no_break,short,shock,False,none,expected_loss,gross,success,217810518.80929095,124885211.7994707,92925307.00982025,92925307.00982025,74.40857541966719,74.40857541966719,0.008848469000440673,20260861,pricing_mc_v1
45,short_shock_no_break,short,shock,False,none,expected_loss,ceded,success,109394559.53804806,83758652.3862935,25635907.151754558,25635907.151754558,30.606876330247275,30.606876330247275,0.008649420000438113,20260861,pricing_mc_v1
46,short_shock_no_break,short,shock,False,none,expected_loss,gross,success,193645598.02841836,158972321.05648673,34673276.97193164,34673276.97193164,21.810889305447947,21.810889305447947,0.008192500999939512,20260862,pricing_mc_v1
46,short_shock_no_break,short,shock,False,none,expected_loss,ceded,success,99503432.55374795,86282794.7088791,13220637.844868854,13220637.844868854,15.322449729955673,15.322449729955673,0.008092091000435175,20260862,pricing_mc_v1
47,short_shock_no_break,short,shock,False,none,expected_loss,gross,success,289264474.76894546,142550111.19503152,146714363.57391393,146714363.57391393,102.92125508985752,102.92125508985752,0.008732230999157764,20260863,pricing_mc_v1
47,short_shock_no_break,short,shock,False,none,expected_loss,ceded,success,136047940.88011158,80327683.44530128,55720257.434810296,55720257.434810296,69.36619487197426,69.36619487197426,0.00878890300009516,20260863,pricing_mc_v1
48,short_shock_no_break,short,shock,False,none,expected_loss,gross,success,304702846.1773126,143826037.418006,160876808.7593066,160876808.7593066,111.8551353060958,111.8551353060958,0.00830142400081968,20260864,pricing_mc_v1
48,short_shock_no_break,short,shock,False,none,expected_loss,ceded,success,120095305.79127234,93913852.25459364,26181453.5366787,26181453.5366787,27.878159513361968,27.878159513361968,0.008311971001603524,20260864,pricing_mc_v1
49,short_shock_no_break,short,shock,False,none,expected_loss,gross,success,290681071.7238252,120284470.26459551,170396601.4592297,170396601.4592297,141.6613475408755,141.6613475408755,0.008436394999080221,20260865,pricing_mc_v1
49,short_shock_no_break,short,shock,False,none,expected_loss,ceded,success,126657897.69944043,72987549.70519732,53670347.994243115,53670347.994243115,73.53356594518111,73.53356594518111,0.008629862999441684,20260865,pricing_mc_v1
50,short_shock_no_break,short,shock,False,none,expected_loss,gross,success,224297376.71179187,146605046.77015415,77692329.94163772,77692329.94163772,52.99430794046466,52.99430794046466,0.008543190999262151,20260866,pricing_mc_v1
50,short_shock_no_break,short,shock,False,none,expected_loss,ceded,success,106241549.57932822,83518505.67483574,22723043.904492483,22723043.904492483,27.207196442140095,27.207196442140095,0.008885174000170082,20260866,pricing_mc_v1
1,long_stable_no_break,long,stable,False,none,expected_loss,gross,success,943814437.3327429,753698005.0920122,190116432.24073076,190116432.24073076,25.22448393869918,25.22448393869918,0.008341972999915015,20260817,pricing_mc_v1
1,long_stable_no_break,long,stable,False,none,expected_loss,ceded,success,379084574.31427246,301848095.26935834,77236479.04491413,77236479.04491413,25.587863649095116,25.587863649095116,0.008935650999774225,20260817,pricing_mc_v1
2,long_stable_no_break,long,stable,False,none,expected_loss,gross,success,849236495.5719979,749878049.581145,99358445.99085283,99358445.99085283,13.249947247602579,13.249947247602579,0.008626874001492979,20260818,pricing_mc_v1
2,long_stable_no_break,long,stable,False,none,expected_loss,ceded,success,348289740.1394736,326939886.65297246,21349853.486501157,21349853.486501157,6.530207649200899,6.530207649200899,0.008238287000494893,20260818,pricing_mc_v1
3,long_stable_no_break,long,stable,False,none,expected_loss,gross,success,754408350.6258394,703107364.89855,51300985.72728932,51300985.72728932,7.296323191649604,7.296323191649604,0.008132053999361233,20260819,pricing_mc_v1
3,long_stable_no_break,long,stable,False,none,expected_loss,ceded,success,308449890.5292014,321703342.23595023,-13253451.706748843,13253451.706748843,-4.119774328309037,4.119774328309037,0.008380442999623483,20260819,pricing_mc_v1
4,long_stable_no_break,long,stable,False,none,expected_loss,gross,success,869216291.0787947,714216930.0635245,154999361.01527023,154999361.01527023,21.702000399442248,21.702000399442248,0.015750593000120716,20260820,pricing_mc_v1
4,long_stable_no_break,long,stable,False,none,expected_loss,ceded,success,369760152.3404692,289366727.59882396,80393424.74164522,80393424.74164522,27.782539274211967,27.782539274211967,0.01478549999956158,20260820,pricing_mc_v1
5,long_stable_no_break,long,stable,False,none,expected_loss,gross,success,814653294.9721355,695347363.5357425,119305931.43639302,119305931.43639302,17.157745566149746,17.157745566149746,0.018483342999388697,20260821,pricing_mc_v1
5,long_stable_no_break,long,stable,False,none,expected_loss,ceded,success,319097705.8046725,289629750.5068464,29467955.29782605,29467955.29782605,10.174353721003351,10.174353721003351,0.014586182000130066,20260821,pricing_mc_v1
6,long_stable_no_break,long,stable,False,none,expected_loss,gross,success,829458702.4332324,714233224.4870623,115225477.94617009,115225477.94617009,16.13275243936195,16.13275243936195,0.012554245000501396,20260822,pricing_mc_v1
6,long_stable_no_break,long,stable,False,none,expected_loss,ceded,success,364693947.08734095,279835005.07589453,84858942.01144642,84858942.01144642,30.32463432815765,30.32463432815765,0.009809638000660925,20260822,pricing_mc_v1
7,long_stable_no_break,long,stable,False,none,expected_loss,gross,success,872197820.4391156,695792807.5049626,176405012.93415308,176405012.93415308,25.353095207569375,25.353095207569375,0.009002046999739832,20260823,pricing_mc_v1
7,long_stable_no_break,long,stable,False,none,expected_loss,ceded,success,355667644.10864586,287537090.6580973,68130553.45054853,68130553.45054853,23.69452695463235,23.69452695463235,0.00953755699993053,20260823,pricing_mc_v1
8,long_stable_no_break,long,stable,False,none,expected_loss,gross,success,748010846.9045466,812500155.5098317,-64489308.60528505,64489308.60528505,-7.937144155353297,7.937144155353297,0.010022270000263234,20260824,pricing_mc_v1
8,long_stable_no_break,long,stable,False,none,expected_loss,ceded,success,314633738.7781947,345598759.9966747,-30965021.21847999,30965021.21847999,-8.959818379781781,8.959818379781781,0.009480118998908438,20260824,pricing_mc_v1
9,long_stable_no_break,long,stable,False,none,expected_loss,gross,success,853840023.1476125,741596172.2498324,112243850.89778006,112243850.89778006,15.135440971500433,15.135440971500433,0.010605085999486619,20260825,pricing_mc_v1
9,long_stable_no_break,long,stable,False,none,expected_loss,ceded,success,344421236.74625486,318746390.8667276,25674845.87952727,25674845.87952727,8.054944813559409,8.054944813559409,0.009158462000414147,20260825,pricing_mc_v1
10,long_stable_no_break,long,stable,False,none,expected_loss,gross,success,751663312.9953669,836391165.1620659,-84727852.16669893,84727852.16669893,-10.130170630183711,10.130170630183711,0.008670502000313718,20260826,pricing_mc_v1
10,long_stable_no_break,long,stable,False,none,expected_loss,ceded,success,326637949.1617654,336912354.9061351,-10274405.744369686,10274405.744369686,-3.049578204762532,3.049578204762532,0.008308975999170798,20260826,pricing_mc_v1
11,long_stable_no_break,long,stable,False,none,expected_loss,gross,success,848161380.4463452,770407082.2857108,77754298.1606344,77754298.1606344,10.092625048298645,10.092625048298645,0.009259043999918504,20260827,pricing_mc_v1
11,long_stable_no_break,long,stable,False,none,expected_loss,ceded,success,342495167.7023038,335982274.18882424,6512893.51347959,6512893.51347959,1.9384634291210558,1.9384634291210558,0.009773905998372356,20260827,pricing_mc_v1
12,long_stable_no_break,long,stable,False,none,expected_loss,gross,success,811650030.879252,742690098.4351643,68959932.44408762,68959932.44408762,9.285155758691957,9.285155758691957,0.009356967000712757,20260828,pricing_mc_v1
12,long_stable_no_break,long,stable,False,none,expected_loss,ceded,success,336545107.53211844,326815514.82710785,9729592.705010593,9729592.705010593,2.977090212549349,2.977090212549349,0.008907134000764927,20260828,pricing_mc_v1
13,long_stable_no_break,long,stable,False,none,expected_loss,gross,success,724477805.2579595,775111178.433075,-50633373.175115466,50633373.175115466,-6.532401361759909,6.532401361759909,0.00887851700099418,20260829,pricing_mc_v1
13,long_stable_no_break,long,stable,False,none,expected_loss,ceded,success,338134493.68039423,343895833.6100101,-5761339.929615855,5761339.929615855,-1.675315420119168,1.675315420119168,0.008977114999652258,20260829,pricing_mc_v1
14,long_stable_no_break,long,stable,False,none,expected_loss,gross,success,803600075.6503378,714550779.4004691,89049296.24986875,89049296.24986875,12.462276834206795,12.462276834206795,0.008896897999875364,20260830,pricing_mc_v1
14,long_stable_no_break,long,stable,False,none,expected_loss,ceded,success,339520385.2505094,310778910.8105192,28741474.439990163,28741474.439990163,9.248206181375588,9.248206181375588,0.009619778998967377,20260830,pricing_mc_v1
15,long_stable_no_break,long,stable,False,none,expected_loss,gross,success,743139162.3867593,801427600.4875928,-58288438.100833535,58288438.100833535,-7.27307595413117,7.27307595413117,0.008962231000623433,20260831,pricing_mc_v1
15,long_stable_no_break,long,stable,False,none,expected_loss,ceded,success,304508404.59503883,330696194.215333,-26187789.620294154,26187789.620294154,-7.918987299636705,7.918987299636705,0.009376363001138088,20260831,pricing_mc_v1
16,long_stable_no_break,long,stable,False,none,expected_loss,gross,success,728975101.0905695,757710732.8203168,-28735631.729747295,28735631.729747295,-3.7924277016360612,3.7924277016360612,0.010665993999282364,20260832,pricing_mc_v1
16,long_stable_no_break,long,stable,False,none,expected_loss,ceded,success,313740782.9763169,308015453.66492426,5725329.311392665,5725329.311392665,1.8587798901872583,1.8587798901872583,0.009461240999371512,20260832,pricing_mc_v1
17,long_stable_no_break,long,stable,False,none,expected_loss,gross,success,887529814.1980699,758355721.4750607,129174092.72300923,129174092.72300923,17.033443417787577,17.033443417787577,0.00845813699925202,20260833,pricing_mc_v1
17,long_stable_no_break,long,stable,False,none,expected_loss,ceded,success,374820762.8445844,298375335.4047163,76445427.43986809,76445427.43986809,25.620558527794365,25.620558527794365,0.009040709999680985,20260833,pricing_mc_v1
18,long_stable_no_break,long,stable,False,none,expected_loss,gross,success,808836491.5383539,713298882.5965943,95537608.94175959,95537608.94175959,13.393769606644794,13.393769606644794,0.008524048998879152,20260834,pricing_mc_v1
18,long_stable_no_break,long,stable,False,none,expected_loss,ceded,success,320282357.0648748,301848369.40359706,18433987.66127777,18433987.66127777,6.107035694014287,6.107035694014287,0.008033198999328306,20260834,pricing_mc_v1
19,long_stable_no_break,long,stable,False,none,expected_loss,gross,success,741688667.5954155,788902838.609515,-47214171.01409948,47214171.01409948,-5.984789089784121,5.984789089784121,0.008781247999650077,20260835,pricing_mc_v1
19,long_stable_no_break,long,stable,False,none,expected_loss,ceded,success,321715846.9884543,359797520.68867296,-38081673.70021868,38081673.70021868,-10.584195696326141,10.584195696326141,0.008469123000395484,20260835,pricing_mc_v1
20,long_stable_no_break,long,stable,False,none,expected_loss,gross,success,815443009.4697611,817748469.2216032,-2305459.751842022,2305459.751842022,-0.28192773678152383,0.28192773678152383,0.008568115001253318,20260836,pricing_mc_v1
20,long_stable_no_break,long,stable,False,none,expected_loss,ceded,success,341224853.0786045,344832767.6794761,-3607914.600871563,3607914.600871563,-1.046279512573799,1.046279512573799,0.008235094999690773,20260836,pricing_mc_v1
21,long_stable_no_break,long,stable,False,none,expected_loss,gross,success,808420594.6123772,747867583.0741976,60553011.53817952,60553011.53817952,8.096755750432347,8.096755750432347,0.008025671000723378,20260837,pricing_mc_v1
21,long_stable_no_break,long,stable,False,none,expected_loss,ceded,success,345700023.9397211,293817676.39181364,51882347.54790747,51882347.54790747,17.65800757294159,17.65800757294159,0.008198408000680502,20260837,pricing_mc_v1
22,long_stable_no_break,long,stable,False,none,expected_loss,gross,success,864413404.6531835,719428049.2432202,144985355.40996325,144985355.40996325,20.15286387046989,20.15286387046989,0.008673897998960456,20260838,pricing_mc_v1
22,long_stable_no_break,long,stable,False,none,expected_loss,ceded,success,347568043.85776645,311236465.83629763,36331578.02146882,36331578.02146882,11.67330374474124,11.67330374474124,0.00836123699991731,20260838,pricing_mc_v1
23,long_stable_no_break,long,stable,False,none,expected_loss,gross,success,859605735.8749865,808953197.8976305,50652537.977356076,50652537.977356076,6.261491778386657,6.261491778386657,0.009160868999970262,20260839,pricing_mc_v1
23,long_stable_no_break,long,stable,False,none,expected_loss,ceded,success,359331944.83102554,361210837.2146398,-1878892.383614242,1878892.383614242,-0.5201650089190876,0.5201650089190876,0.008597949001341476,20260839,pricing_mc_v1
24,long_stable_no_break,long,stable,False,none,expected_loss,gross,success,673620816.1028974,786445084.3680733,-112824268.26517594,112824268.26517594,-14.346108902929036,14.346108902929036,0.008546586001102696,20260840,pricing_mc_v1
24,long_stable_no_break,long,stable,False,none,expected_loss,ceded,success,301431217.0005647,323707142.96329314,-22275925.96272844,22275925.96272844,-6.881505844699395,6.881505844699395,0.008347478000359843,20260840,pricing_mc_v1
25,long_stable_no_break,long,stable,False,none,expected_loss,gross,success,796484378.8824542,866259735.073673,-69775356.19121885,69775356.19121885,-8.054784652467387,8.054784652467387,0.008165764000295894,20260841,pricing_mc_v1
25,long_stable_no_break,long,stable,False,none,expected_loss,ceded,success,325880313.0404988,363276899.847718,-37396586.80721921,37396586.80721921,-10.294237487408498,10.294237487408498,0.008234576000177185,20260841,pricing_mc_v1
26,long_stable_no_break,long,stable,False,none,expected_loss,gross,success,804248343.5741343,693117276.2720695,111131067.3020649,111131067.3020649,16.033515698783795,16.033515698783795,0.008322235000377987,20260842,pricing_mc_v1
26,long_stable_no_break,long,stable,False,none,expected_loss,ceded,success,347717245.14081174,313802914.5115156,33914330.629296124,33914330.629296124,10.807525698761975,10.807525698761975,0.008064624000326148,20260842,pricing_mc_v1
27,long_stable_no_break,long,stable,False,none,expected_loss,gross,success,818922776.0103157,829310666.3580804,-10387890.34776473,10387890.34776473,-1.2525933608671855,1.2525933608671855,0.008317518999319873,20260843,pricing_mc_v1
27,long_stable_no_break,long,stable,False,none,expected_loss,ceded,success,325083526.2975978,344542605.07996076,-19459078.782362938,19459078.782362938,-5.64780044483814,5.64780044483814,0.008568286000809167,20260843,pricing_mc_v1
28,long_stable_no_break,long,stable,False,none,expected_loss,gross,success,856209832.8773679,715269395.3629525,140940437.51441538,140940437.51441538,19.704525096155876,19.704525096155876,0.011646968998320517,20260844,pricing_mc_v1
28,long_stable_no_break,long,stable,False,none,expected_loss,ceded,success,354787105.66148096,283540734.37113667,71246371.2903443,71246371.2903443,25.12738476478916,25.12738476478916,0.018969927999933134,20260844,pricing_mc_v1
29,long_stable_no_break,long,stable,False,none,expected_loss,gross,success,914220131.8459649,638435474.6701584,275784657.1758065,275784657.1758065,43.19695068922792,43.19695068922792,0.009365003999846522,20260845,pricing_mc_v1
29,long_stable_no_break,long,stable,False,none,expected_loss,ceded,success,361359423.7947,290019944.5808143,71339479.21388572,71339479.21388572,24.598128696630695,24.598128696630695,0.010441350999826682,20260845,pricing_mc_v1
30,long_stable_no_break,long,stable,False,none,expected_loss,gross,success,898813578.6428341,690814542.0379773,207999036.60485673,207999036.60485673,30.109244080363037,30.109244080363037,0.010820887999216211,20260846,pricing_mc_v1
30,long_stable_no_break,long,stable,False,none,expected_loss,ceded,success,367201011.5059461,281357250.1070676,85843761.39887851,85843761.39887851,30.51059155796112,30.51059155796112,0.009773408000910422,20260846,pricing_mc_v1
31,long_stable_no_break,long,stable,False,none,expected_loss,gross,success,774653327.6025782,812802346.8376273,-38149019.23504913,38149019.23504913,-4.693517357999228,4.693517357999228,0.011032029000489274,20260847,pricing_mc_v1
31,long_stable_no_break,long,stable,False,none,expected_loss,ceded,success,304281421.73400104,332551525.6775034,-28270103.943502367,28270103.943502367,-8.50096955228457,8.50096955228457,0.012033428998620366,20260847,pricing_mc_v1
32,long_stable_no_break,long,stable,False,none,expected_loss,gross,success,796847932.0628833,753704745.1874814,43143186.875401855,43143186.875401855,5.72414956266066,5.72414956266066,0.008481525001116097,20260848,pricing_mc_v1
32,long_stable_no_break,long,stable,False,none,expected_loss,ceded,success,324719931.1871857,293222850.623987,31497080.563198686,31497080.563198686,10.741686910202242,10.741686910202242,0.008958933000030811,20260848,pricing_mc_v1
33,long_stable_no_break,long,stable,False,none,expected_loss,gross,success,764476974.946185,789753133.156526,-25276158.210340977,25276158.210340977,-3.2005138250374427,3.2005138250374427,0.009461044001000118,20260849,pricing_mc_v1
33,long_stable_no_break,long,stable,False,none,expected_loss,ceded,success,333758197.13610834,335790889.91233647,-2032692.7762281299,2032692.7762281299,-0.6053448253938029,0.6053448253938029,0.008384269998714444,20260849,pricing_mc_v1
34,long_stable_no_break,long,stable,False,none,expected_loss,gross,success,816080933.2752335,792216396.3558958,23864536.91933775,23864536.91933775,3.012376041333135,3.012376041333135,0.008667056999911438,20260850,pricing_mc_v1
34,long_stable_no_break,long,stable,False,none,expected_loss,ceded,success,348694393.4751577,344455918.59654194,4238474.878615737,4238474.878615737,1.230483974810206,1.230483974810206,0.0085471359998337,20260850,pricing_mc_v1
35,long_stable_no_break,long,stable,False,none,expected_loss,gross,success,829557913.8804843,751712532.1194391,77845381.76104522,77845381.76104522,10.35573818911355,10.35573818911355,0.01141800999903353,20260851,pricing_mc_v1
35,long_stable_no_break,long,stable,False,none,expected_loss,ceded,success,333623393.8352583,318840831.4535011,14782562.3817572,14782562.3817572,4.636345449975107,4.636345449975107,0.01085047000015038,20260851,pricing_mc_v1
36,long_stable_no_break,long,stable,False,none,expected_loss,gross,success,848521488.7491604,687940031.2982723,160581457.45088816,160581457.45088816,23.342362727146543,23.342362727146543,0.008881811998435296,20260852,pricing_mc_v1
36,long_stable_no_break,long,stable,False,none,expected_loss,ceded,success,362991978.568094,285155330.521339,77836648.04675502,77836648.04675502,27.296227604951007,27.296227604951007,0.008471903998724883,20260852,pricing_mc_v1
37,long_stable_no_break,long,stable,False,none,expected_loss,gross,success,848147151.1113077,642954360.8421648,205192790.269143,205192790.269143,31.914052188770302,31.914052188770302,0.008652123000501888,20260853,pricing_mc_v1
37,long_stable_no_break,long,stable,False,none,expected_loss,ceded,success,333885476.48008746,275566464.44821846,58319012.031868994,58319012.031868994,21.163319763398743,21.163319763398743,0.009233680999386706,20260853,pricing_mc_v1
38,long_stable_no_break,long,stable,False,none,expected_loss,gross,success,804764338.2795206,756118517.7845571,48645820.49496353,48645820.49496353,6.433623744263901,6.433623744263901,0.008323169000505004,20260854,pricing_mc_v1
38,long_stable_no_break,long,stable,False,none,expected_loss,ceded,success,333857096.06998783,306004779.9733002,27852316.096687615,27852316.096687615,9.10192190433032,9.10192190433032,0.00895797299926926,20260854,pricing_mc_v1
39,long_stable_no_break,long,stable,False,none,expected_loss,gross,success,800663020.9666823,807488237.7061844,-6825216.739502072,6825216.739502072,-0.8452403912272863,0.8452403912272863,0.00828855600047973,20260855,pricing_mc_v1
39,long_stable_no_break,long,stable,False,none,expected_loss,ceded,success,350613384.2957404,329251731.71843934,21361652.577301085,21361652.577301085,6.487939324057548,6.487939324057548,0.008919792000597226,20260855,pricing_mc_v1
40,long_stable_no_break,long,stable,False,none,expected_loss,gross,success,748582758.2090068,692555761.5870862,56026996.621920586,56026996.621920586,8.089889613152168,8.089889613152168,0.009194133001074078,20260856,pricing_mc_v1
40,long_stable_no_break,long,stable,False,none,expected_loss,ceded,success,310056635.14785683,272935019.0575721,37121616.090284705,37121616.090284705,13.600898931351267,13.600898931351267,0.008329215999765438,20260856,pricing_mc_v1
41,long_stable_no_break,long,stable,False,none,expected_loss,gross,success,851611898.9905145,741840532.335838,109771366.65467656,109771366.65467656,14.797164871679195,14.797164871679195,0.009228981998603558,20260857,pricing_mc_v1
41,long_stable_no_break,long,stable,False,none,expected_loss,ceded,success,349847984.03403836,308169176.89685106,41678807.1371873,41678807.1371873,13.524651477762111,13.524651477762111,0.00895644199954404,20260857,pricing_mc_v1
42,long_stable_no_break,long,stable,False,none,expected_loss,gross,success,779313579.1671823,847163481.6272483,-67849902.46006596,67849902.46006596,-8.009068371282781,8.009068371282781,0.008361930000319262,20260858,pricing_mc_v1
42,long_stable_no_break,long,stable,False,none,expected_loss,ceded,success,318500598.2079924,360547450.5584931,-42046852.3505007,42046852.3505007,-11.661946932468815,11.661946932468815,0.008650579000459402,20260858,pricing_mc_v1
43,long_stable_no_break,long,stable,False,none,expected_loss,gross,success,840447991.6273057,788673834.2569517,51774157.37035406,51774157.37035406,6.564710926302384,6.564710926302384,0.008380743000088842,20260859,pricing_mc_v1
43,long_stable_no_break,long,stable,False,none,expected_loss,ceded,success,347839677.08113855,358094696.74800676,-10255019.66686821,10255019.66686821,-2.8637731192329623,2.8637731192329623,0.009227515000020503,20260859,pricing_mc_v1
44,long_stable_no_break,long,stable,False,none,expected_loss,gross,success,833461193.2213473,850786106.4820993,-17324913.260751963,17324913.260751963,-2.0363418171446694,2.0363418171446694,0.008396069999434985,20260860,pricing_mc_v1
44,long_stable_no_break,long,stable,False,none,expected_loss,ceded,success,373157676.3580409,370398801.88397217,2758874.474068761,2758874.474068761,0.7448389303734793,0.7448389303734793,0.008172137999281404,20260860,pricing_mc_v1
45,long_stable_no_break,long,stable,False,none,expected_loss,gross,success,715360117.8039156,767129379.2780486,-51769261.474133015,51769261.474133015,-6.748439425283577,6.748439425283577,0.008843817999149906,20260861,pricing_mc_v1
45,long_stable_no_break,long,stable,False,none,expected_loss,ceded,success,302860383.3916145,334276857.95551425,-31416474.563899755,31416474.563899755,-9.3983396744984,9.3983396744984,0.008287466000183485,20260861,pricing_mc_v1
46,long_stable_no_break,long,stable,False,none,expected_loss,gross,success,791276212.933558,780256848.3780754,11019364.555482626,11019364.555482626,1.4122739939275952,1.4122739939275952,0.008419408000918338,20260862,pricing_mc_v1
46,long_stable_no_break,long,stable,False,none,expected_loss,ceded,success,335249680.0368005,346477413.3494035,-11227733.312602997,11227733.312602997,-3.240538309283798,3.240538309283798,0.008623994001027313,20260862,pricing_mc_v1
47,long_stable_no_break,long,stable,False,none,expected_loss,gross,success,830590505.0224586,712355945.2466264,118234559.77583218,118234559.77583218,16.597679933014096,16.597679933014096,0.009216028000082588,20260863,pricing_mc_v1
47,long_stable_no_break,long,stable,False,none,expected_loss,ceded,success,339759611.59011227,292656654.2204359,47102957.36967635,47102957.36967635,16.094955194217892,16.094955194217892,0.008159159000570071,20260863,pricing_mc_v1
48,long_stable_no_break,long,stable,False,none,expected_loss,gross,success,896967137.8863274,724498962.0587697,172468175.82755768,172468175.82755768,23.805165343158553,23.805165343158553,0.00819292500091251,20260864,pricing_mc_v1
48,long_stable_no_break,long,stable,False,none,expected_loss,ceded,success,341525870.4401745,313950165.89818645,27575704.541988075,27575704.541988075,8.783465510552027,8.783465510552027,0.008726801999728195,20260864,pricing_mc_v1
49,long_stable_no_break,long,stable,False,none,expected_loss,gross,success,845460973.0462344,681615342.377451,163845630.66878343,163845630.66878343,24.037843704822645,24.037843704822645,0.00823547100117139,20260865,pricing_mc_v1
49,long_stable_no_break,long,stable,False,none,expected_loss,ceded,success,343911590.84432596,296424848.4121561,47486742.432169855,47486742.432169855,16.01982515519184,16.01982515519184,0.008497965000060503,20260865,pricing_mc_v1
50,long_stable_no_break,long,stable,False,none,expected_loss,gross,success,844210294.298135,777888626.3469107,66321667.95122433,66321667.95122433,8.525856492166684,8.525856492166684,0.008741943000131869,20260866,pricing_mc_v1
50,long_stable_no_break,long,stable,False,none,expected_loss,ceded,success,350376233.96982133,338468329.66566014,11907904.304161191,11907904.304161191,3.5181738616206273,3.5181738616206273,0.008591899000748526,20260866,pricing_mc_v1
1,long_emerging_no_break,long,emerging,False,none,expected_loss,gross,success,1073923349.0858712,880522805.4172087,193400543.66866255,193400543.66866255,21.96428559019839,21.96428559019839,0.00899182099965401,20260817,pricing_mc_v1
1,long_emerging_no_break,long,emerging,False,none,expected_loss,ceded,success,489638119.51757467,408650367.9529617,80987751.56461298,80987751.56461298,19.818347887535783,19.818347887535783,0.008038992000365397,20260817,pricing_mc_v1
2,long_emerging_no_break,long,emerging,False,none,expected_loss,gross,success,977112583.3264675,873630936.4761838,103481646.85028374,103481646.85028374,11.84500714542917,11.84500714542917,0.008468026000628015,20260818,pricing_mc_v1
2,long_emerging_no_break,long,emerging,False,none,expected_loss,ceded,success,458588320.3495691,435759123.7895667,22829196.560002387,22829196.560002387,5.238948610293901,5.238948610293901,0.008657264999783365,20260818,pricing_mc_v1
3,long_emerging_no_break,long,emerging,False,none,expected_loss,gross,success,881325915.620182,817379242.251468,63946673.368714094,63946673.368714094,7.823378679469916,7.823378679469916,0.008344851001311326,20260819,pricing_mc_v1
3,long_emerging_no_break,long,emerging,False,none,expected_loss,ceded,success,418024327.1678355,430686769.09559107,-12662441.927755594,12662441.927755594,-2.940058259589851,2.940058259589851,0.008306165998874349,20260819,pricing_mc_v1
4,long_emerging_no_break,long,emerging,False,none,expected_loss,gross,success,998084516.3726466,832237899.2516149,165846617.12103164,165846617.12103164,19.927789550339902,19.927789550339902,0.008562392000385444,20260820,pricing_mc_v1
4,long_emerging_no_break,long,emerging,False,none,expected_loss,ceded,success,480240568.8525937,394207720.42512184,86032848.42747188,86032848.42747188,21.82424239045655,21.82424239045655,0.008921385999201448,20260820,pricing_mc_v1
5,long_emerging_no_break,long,emerging,False,none,expected_loss,gross,success,940305025.6105044,808012959.1105716,132292066.49993277,132292066.49993277,16.372517916736705,16.372517916736705,0.008251576999100507,20260821,pricing_mc_v1
5,long_emerging_no_break,long,emerging,False,none,expected_loss,ceded,success,428039704.6773824,390448899.0550506,37590805.6223318,37590805.6223318,9.627586532657057,9.627586532657057,0.008710618998520658,20260821,pricing_mc_v1
6,long_emerging_no_break,long,emerging,False,none,expected_loss,gross,success,957502634.9320469,831330641.7837005,126171993.14834642,126171993.14834642,15.177113269592972,15.177113269592972,0.00860849499986216,20260822,pricing_mc_v1
6,long_emerging_no_break,long,emerging,False,none,expected_loss,ceded,success,477032912.8065542,383883858.86950636,93149053.93704784,93149053.93704784,24.26490507086207,24.26490507086207,0.008282304001113516,20260822,pricing_mc_v1
7,long_emerging_no_break,long,emerging,False,none,expected_loss,gross,success,999406868.6113914,810141677.1862512,189265191.42514026,189265191.42514026,23.361986767856198,23.361986767856198,0.008221838001190918,20260823,pricing_mc_v1
7,long_emerging_no_break,long,emerging,False,none,expected_loss,ceded,success,465896595.539969,390762234.94918907,75134360.59077996,75134360.59077996,19.227641228060257,19.227641228060257,0.008436572999926284,20260823,pricing_mc_v1
8,long_emerging_no_break,long,emerging,False,none,expected_loss,gross,success,871846543.362818,946527722.776804,-74681179.41398597,74681179.41398597,-7.890015011382416,7.890015011382416,0.008251160999861895,20260824,pricing_mc_v1
8,long_emerging_no_break,long,emerging,False,none,expected_loss,ceded,success,423475022.0294932,466654718.757437,-43179696.72794378,43179696.72794378,-9.253029058169282,9.253029058169282,0.008126467999318265,20260824,pricing_mc_v1
9,long_emerging_no_break,long,emerging,False,none,expected_loss,gross,success,982715855.8499368,864050659.6168107,118665196.23312616,118665196.23312616,13.733592459237498,13.733592459237498,0.008702791999894544,20260825,pricing_mc_v1
9,long_emerging_no_break,long,emerging,False,none,expected_loss,ceded,success,455218275.63860786,430188839.7616966,25029435.876911283,25029435.876911283,5.8182438881437175,5.8182438881437175,0.008819694001431344,20260825,pricing_mc_v1
10,long_emerging_no_break,long,emerging,False,none,expected_loss,gross,success,876490931.9541568,974852670.2191871,-98361738.26503038,98361738.26503038,-10.089908072254097,10.089908072254097,0.009843556999840075,20260826,pricing_mc_v1
10,long_emerging_no_break,long,emerging,False,none,expected_loss,ceded,success,436537530.3240623,448150465.0327139,-11612934.708651602,11612934.708651602,-2.591302612573187,2.591302612573187,0.008591171999796643,20260826,pricing_mc_v1
11,long_emerging_no_break,long,emerging,False,none,expected_loss,gross,success,975447695.7229209,898223559.7310824,77224135.99183846,77224135.99183846,8.59742935433117,8.59742935433117,0.03083695299937972,20260827,pricing_mc_v1
11,long_emerging_no_break,long,emerging,False,none,expected_loss,ceded,success,453241796.2155877,447353470.69370604,5888325.52188164,5888325.52188164,1.3162579274842061,1.3162579274842061,0.014454288999331766,20260827,pricing_mc_v1
12,long_emerging_no_break,long,emerging,False,none,expected_loss,gross,success,939171810.2047327,864654893.3003402,74516916.90439248,74516916.90439248,8.618110818752845,8.618110818752845,0.008836823999445187,20260828,pricing_mc_v1
12,long_emerging_no_break,long,emerging,False,none,expected_loss,ceded,success,445666154.50243443,429313850.2498671,16352304.25256735,16352304.25256735,3.80893936756293,3.80893936756293,0.010792581999339745,20260828,pricing_mc_v1
13,long_emerging_no_break,long,emerging,False,none,expected_loss,gross,success,847373589.03278,902828928.381405,-55455339.348624945,55455339.348624945,-6.142397258807987,6.142397258807987,0.014200253999661072,20260829,pricing_mc_v1
13,long_emerging_no_break,long,emerging,False,none,expected_loss,ceded,success,447369646.3411447,457401365.7527426,-10031719.411597908,10031719.411597908,-2.193198394825247,2.193198394825247,0.012090764999811654,20260829,pricing_mc_v1
14,long_emerging_no_break,long,emerging,False,none,expected_loss,gross,success,931432598.4834017,831336589.2148616,100096009.26854002,100096009.26854002,12.040370960103367,12.040370960103367,0.01736690399957297,20260830,pricing_mc_v1
14,long_emerging_no_break,long,emerging,False,none,expected_loss,ceded,success,448224602.2686557,413449654.86983955,34774947.39881617,34774947.39881617,8.410926696689073,8.410926696689073,0.028119313001297996,20260830,pricing_mc_v1
15,long_emerging_no_break,long,emerging,False,none,expected_loss,gross,success,864462352.0215888,933739326.0117816,-69276973.99019277,69276973.99019277,-7.419305587790855,7.419305587790855,0.010966447000100743,20260831,pricing_mc_v1
15,long_emerging_no_break,long,emerging,False,none,expected_loss,ceded,success,412977109.1740315,442539573.47243255,-29562464.298401058,29562464.298401058,-6.680185472778429,6.680185472778429,0.013700646999495802,20260831,pricing_mc_v1
16,long_emerging_no_break,long,emerging,False,none,expected_loss,gross,success,851985868.1486555,881699615.693645,-29713747.544989467,29713747.544989467,-3.370053362404299,3.370053362404299,0.009783948999029235,20260832,pricing_mc_v1
16,long_emerging_no_break,long,emerging,False,none,expected_loss,ceded,success,422882643.65423,410639150.634794,12243493.019436002,12243493.019436002,2.98156982852443,2.98156982852443,0.011427194000134477,20260832,pricing_mc_v1
17,long_emerging_no_break,long,emerging,False,none,expected_loss,gross,success,1017275693.6175463,884665963.6343496,132609729.98319674,132609729.98319674,14.989808067037496,14.989808067037496,0.010044394000942702,20260833,pricing_mc_v1
17,long_emerging_no_break,long,emerging,False,none,expected_loss,ceded,success,486017916.6188364,406853022.4221317,79164894.19670469,79164894.19670469,19.457860660690113,19.457860660690113,0.010725889998866478,20260833,pricing_mc_v1
18,long_emerging_no_break,long,emerging,False,none,expected_loss,gross,success,936362042.9782343,829111400.8503416,107250642.12789273,107250642.12789273,12.935612996986391,12.935612996986391,0.010163330000068527,20260834,pricing_mc_v1
18,long_emerging_no_break,long,emerging,False,none,expected_loss,ceded,success,430788575.5446918,407229929.28623265,23558646.25845915,23558646.25845915,5.785096959781733,5.785096959781733,0.008995279000373557,20260834,pricing_mc_v1
19,long_emerging_no_break,long,emerging,False,none,expected_loss,gross,success,865788027.7118547,918491321.1212709,-52703293.4094162,52703293.4094162,-5.738028460092291,5.738028460092291,0.00842765400011558,20260835,pricing_mc_v1
19,long_emerging_no_break,long,emerging,False,none,expected_loss,ceded,success,429455789.66720164,482874646.8153434,-53418857.14814174,53418857.14814174,-11.062675893308954,11.062675893308954,0.008675641998706851,20260835,pricing_mc_v1
20,long_emerging_no_break,long,emerging,False,none,expected_loss,gross,success,940839459.4238493,953814828.8638831,-12975369.440033793,12975369.440033793,-1.3603656650514793,1.3603656650514793,0.010252281999783008,20260836,pricing_mc_v1
20,long_emerging_no_break,long,emerging,False,none,expected_loss,ceded,success,449496599.16703975,456773414.90214616,-7276815.735106409,7276815.735106409,-1.5930909062790595,1.5930909062790595,0.00880665200020303,20260836,pricing_mc_v1
21,long_emerging_no_break,long,emerging,False,none,expected_loss,gross,success,934115875.9797215,870441471.9957026,63674403.98401892,63674403.98401892,7.315184998944223,7.315184998944223,0.008837260998916463,20260837,pricing_mc_v1
21,long_emerging_no_break,long,emerging,False,none,expected_loss,ceded,success,456719085.59314716,404544870.1766237,52174215.41652346,52174215.41652346,12.897015699085312,12.897015699085312,0.010008802999436739,20260837,pricing_mc_v1
22,long_emerging_no_break,long,emerging,False,none,expected_loss,gross,success,988477333.8932168,837855382.4450485,150621951.4481684,150621951.4481684,17.977082275060408,17.977082275060408,0.009949489998689387,20260838,pricing_mc_v1
22,long_emerging_no_break,long,emerging,False,none,expected_loss,ceded,success,457734407.786158,417744754.7690689,39989653.01708913,39989653.01708913,9.572748086135894,9.572748086135894,0.008407195999097894,20260838,pricing_mc_v1
23,long_emerging_no_break,long,emerging,False,none,expected_loss,gross,success,987024570.0588746,943927910.9992571,43096659.05961752,43096659.05961752,4.565672712653948,4.565672712653948,0.010605685998598346,20260839,pricing_mc_v1
23,long_emerging_no_break,long,emerging,False,none,expected_loss,ceded,success,469441108.494629,479069173.15681636,-9628064.662187338,9628064.662187338,-2.009744145870085,2.009744145870085,0.008141416999933426,20260839,pricing_mc_v1
24,long_emerging_no_break,long,emerging,False,none,expected_loss,gross,success,790561416.7878939,915663146.7850547,-125101729.99716079,125101729.99716079,-13.662418372564199,13.662418372564199,0.008331268998517771,20260840,pricing_mc_v1
24,long_emerging_no_break,long,emerging,False,none,expected_loss,ceded,success,409406901.24425733,436460586.6554656,-27053685.411208272,27053685.411208272,-6.1984257544344965,6.1984257544344965,0.009658648999902653,20260840,pricing_mc_v1
25,long_emerging_no_break,long,emerging,False,none,expected_loss,gross,success,920923166.1011491,1010446645.696698,-89523479.59554887,89523479.59554887,-8.859792842780221,8.859792842780221,0.008661654999741586,20260841,pricing_mc_v1
25,long_emerging_no_break,long,emerging,False,none,expected_loss,ceded,success,433047742.8982701,483451898.3606769,-50404155.462406814,50404155.462406814,-10.425888414818685,10.425888414818685,0.009591132000423386,20260841,pricing_mc_v1
26,long_emerging_no_break,long,emerging,False,none,expected_loss,gross,success,931335403.8450971,807357403.9386041,123977999.90649295,123977999.90649295,15.35602439535204,15.35602439535204,0.009972476000257302,20260842,pricing_mc_v1
26,long_emerging_no_break,long,emerging,False,none,expected_loss,ceded,success,456565375.128744,419609729.32777995,36955645.80096406,36955645.80096406,8.807147026873631,8.807147026873631,0.008957983000073,20260842,pricing_mc_v1
27,long_emerging_no_break,long,emerging,False,none,expected_loss,gross,success,946766271.910073,967739501.0456841,-20973229.135611057,20973229.135611057,-2.167239129223162,2.167239129223162,0.008284977999210241,20260843,pricing_mc_v1
27,long_emerging_no_break,long,emerging,False,none,expected_loss,ceded,success,434980506.6851241,459310590.3335314,-24330083.64840728,24330083.64840728,-5.297087452466496,5.297087452466496,0.008324854999955278,20260843,pricing_mc_v1
28,long_emerging_no_break,long,emerging,False,none,expected_loss,gross,success,985152592.673284,835693945.6206794,149458647.05260468,149458647.05260468,17.884375953160703,17.884375953160703,0.0083281530005479,20260844,pricing_mc_v1
28,long_emerging_no_break,long,emerging,False,none,expected_loss,ceded,success,465011147.13814104,390130644.5869427,74880502.55119836,74880502.55119836,19.19369923643895,19.19369923643895,0.00816674500129011,20260844,pricing_mc_v1
29,long_emerging_no_break,long,emerging,False,none,expected_loss,gross,success,1044225542.8538103,745015080.9615617,299210461.89224863,299210461.89224863,40.16166511771405,40.16166511771405,0.009010502000819542,20260845,pricing_mc_v1
29,long_emerging_no_break,long,emerging,False,none,expected_loss,ceded,success,471547673.0199863,381484844.30180925,90062828.71817702,90062828.71817702,23.608494561038025,23.608494561038025,0.009506016000159434,20260845,pricing_mc_v1
30,long_emerging_no_break,long,emerging,False,none,expected_loss,gross,success,1028532888.585921,805568290.9158988,222964597.67002225,222964597.67002225,27.67792627692935,27.67792627692935,0.01496899500125437,20260846,pricing_mc_v1
30,long_emerging_no_break,long,emerging,False,none,expected_loss,ceded,success,478226666.2673574,382295881.0432883,95930785.22406912,95930785.22406912,25.093334765280048,25.093334765280048,0.016136545998961083,20260846,pricing_mc_v1
31,long_emerging_no_break,long,emerging,False,none,expected_loss,gross,success,896545123.9117726,946591100.182494,-50045976.270721436,50045976.270721436,-5.286968814842336,5.286968814842336,0.008875822999470984,20260847,pricing_mc_v1
31,long_emerging_no_break,long,emerging,False,none,expected_loss,ceded,success,409755493.8859546,445372841.2537738,-35617347.36781919,35617347.36781919,-7.9971978685436715,7.9971978685436715,0.008764752999923076,20260847,pricing_mc_v1
32,long_emerging_no_break,long,emerging,False,none,expected_loss,gross,success,924705976.4304438,876628637.4508647,48077338.97957909,48077338.97957909,5.484345015168848,5.484345015168848,0.011469534998468589,20260848,pricing_mc_v1
32,long_emerging_no_break,long,emerging,False,none,expected_loss,ceded,success,435044703.4762025,390768912.1781554,44275791.298047066,44275791.298047066,11.330428270573707,11.330428270573707,0.013527926001188462,20260848,pricing_mc_v1
33,long_emerging_no_break,long,emerging,False,none,expected_loss,gross,success,888871573.0993022,918942030.0526403,-30070456.953338146,30070456.953338146,-3.2722909574193273,3.2722909574193273,0.013394893001532182,20260849,pricing_mc_v1
33,long_emerging_no_break,long,emerging,False,none,expected_loss,ceded,success,441604565.59189,445550729.2321248,-3946163.640234828,3946163.640234828,-0.8856822312996238,0.8856822312996238,0.014166573999318643,20260849,pricing_mc_v1
34,long_emerging_no_break,long,emerging,False,none,expected_loss,gross,success,942563066.6128806,922671088.9591588,19891977.65372181,19891977.65372181,2.155912100395541,2.155912100395541,0.01396715599912568,20260850,pricing_mc_v1
34,long_emerging_no_break,long,emerging,False,none,expected_loss,ceded,success,459139016.22079265,458783167.6076964,355848.6130962372,355848.6130962372,0.07756357212314334,0.07756357212314334,0.013506238999980269,20260850,pricing_mc_v1
35,long_emerging_no_break,long,emerging,False,none,expected_loss,gross,success,955545855.3060772,875873501.33177,79672353.9743073,79672353.9743073,9.096331131512153,9.096331131512153,0.014429422000830527,20260851,pricing_mc_v1
35,long_emerging_no_break,long,emerging,False,none,expected_loss,ceded,success,442178601.9000353,425364646.6460891,16813955.253946245,16813955.253946245,3.9528332658862815,3.9528332658862815,0.013299592999828747,20260851,pricing_mc_v1
36,long_emerging_no_break,long,emerging,False,none,expected_loss,gross,success,978149579.4313015,801034682.7797661,177114896.6515354,177114896.6515354,22.110765046640406,22.110765046640406,0.014013670999702299,20260852,pricing_mc_v1
36,long_emerging_no_break,long,emerging,False,none,expected_loss,ceded,success,474255203.5180797,386555486.37458676,87699717.14349294,87699717.14349294,22.687484781553096,22.687484781553096,0.014393729999937932,20260852,pricing_mc_v1
37,long_emerging_no_break,long,emerging,False,none,expected_loss,gross,success,977455104.2636447,747082931.3936037,230372172.870041,230372172.870041,30.836224894109982,30.836224894109982,0.014732092000485864,20260853,pricing_mc_v1
37,long_emerging_no_break,long,emerging,False,none,expected_loss,ceded,success,445468996.5944818,368065063.67763555,77403932.91684628,77403932.91684628,21.029959253247515,21.029959253247515,0.017387580001013703,20260853,pricing_mc_v1
38,long_emerging_no_break,long,emerging,False,none,expected_loss,gross,success,931519475.0442779,879407324.6027645,52112150.44151342,52112150.44151342,5.925826290456804,5.925826290456804,0.03690354200080037,20260854,pricing_mc_v1
38,long_emerging_no_break,long,emerging,False,none,expected_loss,ceded,success,443227615.2970691,406746810.9691389,36480804.32793015,36480804.32793015,8.96892202817985,8.96892202817985,0.014693432000058237,20260854,pricing_mc_v1
39,long_emerging_no_break,long,emerging,False,none,expected_loss,gross,success,919977812.5065848,942266835.8988371,-22289023.392252326,22289023.392252326,-2.3654683093022815,2.3654683093022815,0.009620738001103746,20260855,pricing_mc_v1
39,long_emerging_no_break,long,emerging,False,none,expected_loss,ceded,success,460115486.7205519,445548978.2166198,14566508.503932118,14566508.503932118,3.269339447761023,3.269339447761023,0.009364675001052092,20260855,pricing_mc_v1
40,long_emerging_no_break,long,emerging,False,none,expected_loss,gross,success,869302614.8191572,804105976.2744855,65196638.544671774,65196638.544671774,8.107965923439,8.107965923439,0.010190955999860307,20260856,pricing_mc_v1
40,long_emerging_no_break,long,emerging,False,none,expected_loss,ceded,success,419990362.39884925,366223212.8383131,53767149.560536146,53767149.560536146,14.68152418407029,14.68152418407029,0.01003593300083594,20260856,pricing_mc_v1
41,long_emerging_no_break,long,emerging,False,none,expected_loss,gross,success,979255477.3950222,865137455.8668487,114118021.52817345,114118021.52817345,13.190738738022814,13.190738738022814,0.011969166000199039,20260857,pricing_mc_v1
41,long_emerging_no_break,long,emerging,False,none,expected_loss,ceded,success,459411002.9662728,424695016.0459147,34715986.92035806,34715986.92035806,8.174333488435579,8.174333488435579,0.009587278000253718,20260857,pricing_mc_v1
42,long_emerging_no_break,long,emerging,False,none,expected_loss,gross,success,903692787.172001,986247475.7602298,-82554688.58822882,82554688.58822882,-8.370585539353916,8.370585539353916,0.009504112998911296,20260858,pricing_mc_v1
42,long_emerging_no_break,long,emerging,False,none,expected_loss,ceded,success,426672098.8844418,474560924.9910196,-47888826.10657781,47888826.10657781,-10.091186101654712,10.091186101654712,0.008800816000075429,20260858,pricing_mc_v1
43,long_emerging_no_break,long,emerging,False,none,expected_loss,gross,success,967939453.3259786,918916423.9708107,49023029.355167985,49023029.355167985,5.334873561550925,5.334873561550925,0.008739824001168017,20260859,pricing_mc_v1
43,long_emerging_no_break,long,emerging,False,none,expected_loss,ceded,success,458402563.94511175,474862628.7575,-16460064.812388241,16460064.812388241,-3.4662792596369947,3.4662792596369947,0.008648125000036089,20260859,pricing_mc_v1
44,long_emerging_no_break,long,emerging,False,none,expected_loss,gross,success,960441437.8490268,994076102.3980607,-33634664.54903388,33634664.54903388,-3.3835100218077123,3.3835100218077123,0.008546316999854753,20260860,pricing_mc_v1
44,long_emerging_no_break,long,emerging,False,none,expected_loss,ceded,success,483596938.90179473,493819589.16525805,-10222650.263463318,10222650.263463318,-2.0701184172834184,2.0701184172834184,0.00886638399970252,20260860,pricing_mc_v1
45,long_emerging_no_break,long,emerging,False,none,expected_loss,gross,success,840229649.3641486,892605780.5206447,-52376131.15649605,52376131.15649605,-5.867778620697008,5.867778620697008,0.008791960000962717,20260861,pricing_mc_v1
45,long_emerging_no_break,long,emerging,False,none,expected_loss,ceded,success,411314831.14706624,438947693.55025476,-27632862.403188527,27632862.403188527,-6.295251759883063,6.295251759883063,0.00904777899995679,20260861,pricing_mc_v1
46,long_emerging_no_break,long,emerging,False,none,expected_loss,gross,success,917485697.7413671,910365707.2006652,7119990.540701866,7119990.540701866,0.782102234781616,0.782102234781616,0.011842648000310874,20260862,pricing_mc_v1
46,long_emerging_no_break,long,emerging,False,none,expected_loss,ceded,success,443768154.1156789,453784607.42143095,-10016453.305752039,10016453.305752039,-2.2073144707726353,2.2073144707726353,0.009922794999511098,20260862,pricing_mc_v1
47,long_emerging_no_break,long,emerging,False,none,expected_loss,gross,success,958511742.30141,830501611.0156143,128010131.28579569,128010131.28579569,15.413592169827707,15.413592169827707,0.008467372001177864,20260863,pricing_mc_v1
47,long_emerging_no_break,long,emerging,False,none,expected_loss,ceded,success,449632573.8053162,399791703.5359767,49840870.2693395,49840870.2693395,12.466709496099984,12.466709496099984,0.009021366999149905,20260863,pricing_mc_v1
48,long_emerging_no_break,long,emerging,False,none,expected_loss,gross,success,1027126816.0215652,845387332.416242,181739483.6053232,181739483.6053232,21.49777701138304,21.49777701138304,0.00820618899888359,20260864,pricing_mc_v1
48,long_emerging_no_break,long,emerging,False,none,expected_loss,ceded,success,452523583.06657326,419090658.56936455,33432924.497208714,33432924.497208714,7.977492175878495,7.977492175878495,0.008997285000077682,20260864,pricing_mc_v1
49,long_emerging_no_break,long,emerging,False,none,expected_loss,gross,success,973585400.9899967,793650608.2937913,179934792.69620538,179934792.69620538,22.671789174714224,22.671789174714224,0.008715461000974756,20260865,pricing_mc_v1
49,long_emerging_no_break,long,emerging,False,none,expected_loss,ceded,success,453241839.4715142,393826467.8881044,59415371.583409846,59415371.583409846,15.08668828228457,15.08668828228457,0.008503977000145824,20260865,pricing_mc_v1
50,long_emerging_no_break,long,emerging,False,none,expected_loss,gross,success,972134303.4751054,908619372.1816502,63514931.29345524,63514931.29345524,6.9902682287030755,6.9902682287030755,0.008594603999881656,20260866,pricing_mc_v1
50,long_emerging_no_break,long,emerging,False,none,expected_loss,ceded,success,459674654.143592,438703459.59901375,20971194.544578254,20971194.544578254,4.780266507072104,4.780266507072104,0.008365235000383109,20260866,pricing_mc_v1
1,long_shock_no_break,long,shock,False,none,expected_loss,gross,success,1188807943.757733,991396478.4184726,197411465.33926046,197411465.33926046,19.91246384636967,19.91246384636967,0.008712312999705318,20260817,pricing_mc_v1
1,long_shock_no_break,long,shock,False,none,expected_loss,ceded,success,586950711.2477982,499766947.86483264,87183763.38296556,87183763.38296556,17.444883811433115,17.444883811433115,0.008829771999444347,20260817,pricing_mc_v1
2,long_shock_no_break,long,shock,False,none,expected_loss,gross,success,1090055487.770219,983498757.6015201,106556730.16869903,106556730.16869903,10.834454984830003,10.834454984830003,0.010296411001036176,20260818,pricing_mc_v1
2,long_shock_no_break,long,shock,False,none,expected_loss,ceded,success,556294434.3272609,534015095.1365743,22279339.190686524,22279339.190686524,4.172042961629874,4.172042961629874,0.008863480001309654,20260818,pricing_mc_v1
3,long_shock_no_break,long,shock,False,none,expected_loss,gross,success,994572212.724067,920138738.2321348,74433474.49193215,74433474.49193215,8.089375156070638,8.089375156070638,0.00847801500094647,20260819,pricing_mc_v1
3,long_shock_no_break,long,shock,False,none,expected_loss,ceded,success,515601122.8569152,524589288.66022575,-8988165.803310573,8988165.803310573,-1.7133719650025432,1.7133719650025432,0.00908075799998187,20260819,pricing_mc_v1
4,long_shock_no_break,long,shock,False,none,expected_loss,gross,success,1112600396.572268,936902234.9441161,175698161.6281519,175698161.6281519,18.753094514566065,18.753094514566065,0.008368279999558581,20260820,pricing_mc_v1
4,long_shock_no_break,long,shock,False,none,expected_loss,ceded,success,578205227.6454189,487715459.4872352,90489768.1581837,90489768.1581837,18.553803533995225,18.553803533995225,0.008922422000978258,20260820,pricing_mc_v1
5,long_shock_no_break,long,shock,False,none,expected_loss,gross,success,1050971952.5849948,909567870.6769035,141404081.9080913,141404081.9080913,15.546292527115972,15.546292527115972,0.008835468999677687,20260821,pricing_mc_v1
5,long_shock_no_break,long,shock,False,none,expected_loss,ceded,success,524095281.04974884,481486210.5349081,42609070.51484072,42609070.51484072,8.849489265228195,8.849489265228195,0.008529318000000785,20260821,pricing_mc_v1
6,long_shock_no_break,long,shock,False,none,expected_loss,gross,success,1070474737.5739383,935834774.1728761,134639963.40106213,134639963.40106213,14.387151142151316,14.387151142151316,0.008178460999261006,20260822,pricing_mc_v1
6,long_shock_no_break,long,shock,False,none,expected_loss,ceded,success,576154457.2778479,479886567.1275214,96267890.15032649,96267890.15032649,20.06055112702186,20.06055112702186,0.008368569000595016,20260822,pricing_mc_v1
7,long_shock_no_break,long,shock,False,none,expected_loss,gross,success,1111320642.4034493,912044125.4589986,199276516.94445074,199276516.94445074,21.84943813372649,21.84943813372649,0.008554385000024922,20260823,pricing_mc_v1
7,long_shock_no_break,long,shock,False,none,expected_loss,ceded,success,563135387.8762398,482278592.35778266,80856795.51845711,80856795.51845711,16.765578402135002,16.765578402135002,0.00853518400072062,20260823,pricing_mc_v1
8,long_shock_no_break,long,shock,False,none,expected_loss,gross,success,981288998.2669909,1065590001.3304901,-84301003.06349921,84301003.06349921,-7.911204399275652,7.911204399275652,0.00874639500034391,20260824,pricing_mc_v1
8,long_shock_no_break,long,shock,False,none,expected_loss,ceded,success,520142736.19481534,573114191.107759,-52971454.91294366,52971454.91294366,-9.24274005683865,9.24274005683865,0.008450358000118285,20260824,pricing_mc_v1
9,long_shock_no_break,long,shock,False,none,expected_loss,gross,success,1096312872.8711774,972722197.1362911,123590675.73488629,123590675.73488629,12.70564978353934,12.70564978353934,0.008412447999944561,20260825,pricing_mc_v1
9,long_shock_no_break,long,shock,False,none,expected_loss,ceded,success,553862603.9422165,530817477.7684608,23045126.173755705,23045126.173755705,4.341440728484799,4.341440728484799,0.008499408000716357,20260825,pricing_mc_v1
10,long_shock_no_break,long,shock,False,none,expected_loss,gross,success,986433154.2333707,1097410164.2289305,-110977009.99555981,110977009.99555981,-10.112628223517065,10.112628223517065,0.00853858099981153,20260826,pricing_mc_v1
10,long_shock_no_break,long,shock,False,none,expected_loss,ceded,success,533688217.9077146,546183119.412483,-12494901.504768372,12494901.504768372,-2.287676250084195,2.287676250084195,0.008185839998986921,20260826,pricing_mc_v1
11,long_shock_no_break,long,shock,False,none,expected_loss,gross,success,1088173823.8448005,1011272399.076081,76901424.76871943,76901424.76871943,7.604422392915908,7.604422392915908,0.008131937000143807,20260827,pricing_mc_v1
11,long_shock_no_break,long,shock,False,none,expected_loss,ceded,success,550941032.0671171,545814304.4819006,5126727.585216522,5126727.585216522,0.9392805470869675,0.9392805470869675,0.008019980999961263,20260827,pricing_mc_v1
12,long_shock_no_break,long,shock,False,none,expected_loss,gross,success,1052194067.6524386,973412493.2120446,78781574.44039404,78781574.44039404,8.093339153726328,8.093339153726328,0.008161281000866438,20260828,pricing_mc_v1
12,long_shock_no_break,long,shock,False,none,expected_loss,ceded,success,542232781.4275274,522943050.50506985,19289730.922457576,19289730.922457576,3.6886867324897294,3.6886867324897294,0.008282800999950268,20260828,pricing_mc_v1
13,long_shock_no_break,long,shock,False,none,expected_loss,gross,success,957555709.7171526,1016362258.6692474,-58806548.95209479,58806548.95209479,-5.785983142377986,5.785983142377986,0.008295480000015232,20260829,pricing_mc_v1
13,long_shock_no_break,long,shock,False,none,expected_loss,ceded,success,543733576.8807636,555662962.8926797,-11929386.011916041,11929386.011916041,-2.1468744200286163,2.1468744200286163,0.00849416100027156,20260829,pricing_mc_v1
14,long_shock_no_break,long,shock,False,none,expected_loss,gross,success,1045114655.6800165,935875536.3826001,109239119.29741645,109239119.29741645,11.67239820368142,11.67239820368142,0.008476237000650144,20260830,pricing_mc_v1
14,long_shock_no_break,long,shock,False,none,expected_loss,ceded,success,544408689.7420378,504572074.8683126,39836614.873725176,39836614.873725176,7.895128735398618,7.895128735398618,0.008284903000458144,20260830,pricing_mc_v1
15,long_shock_no_break,long,shock,False,none,expected_loss,gross,success,970887313.5270281,1051167030.903139,-80279717.37611091,80279717.37611091,-7.637198943267503,7.637198943267503,0.008244209000622504,20260831,pricing_mc_v1
15,long_shock_no_break,long,shock,False,none,expected_loss,ceded,success,509134762.42747796,541572070.8683144,-32437308.44083643,32437308.44083643,-5.989472165510489,5.989472165510489,0.008565109001210658,20260831,pricing_mc_v1
16,long_shock_no_break,long,shock,False,none,expected_loss,gross,success,960504648.6466229,992519822.6008084,-32015173.954185486,32015173.954185486,-3.2256457982161626,3.2256457982161626,0.008543580999685219,20260832,pricing_mc_v1
16,long_shock_no_break,long,shock,False,none,expected_loss,ceded,success,520190946.272747,500742547.0395919,19448399.23315507,19448399.23315507,3.8839118721056787,3.8839118721056787,0.00827813099931518,20260832,pricing_mc_v1
17,long_shock_no_break,long,shock,False,none,expected_loss,gross,success,1132202880.0201488,995988168.6338453,136214711.38630342,136214711.38630342,13.676338301602856,13.676338301602856,0.00843336000070849,20260833,pricing_mc_v1
17,long_shock_no_break,long,shock,False,none,expected_loss,ceded,success,584993541.1820587,503727820.5297222,81265720.65233648,81265720.65233648,16.13286329249735,16.13286329249735,0.008458817999780877,20260833,pricing_mc_v1
18,long_shock_no_break,long,shock,False,none,expected_loss,gross,success,1048875184.8137548,933277332.1962502,115597852.6175046,115597852.6175046,12.386227397752398,12.386227397752398,0.00843904300018039,20260834,pricing_mc_v1
18,long_shock_no_break,long,shock,False,none,expected_loss,ceded,success,528395093.1000746,501714174.7515366,26680918.34853798,26680918.34853798,5.3179518720496874,5.3179518720496874,0.007992660001036711,20260834,pricing_mc_v1
19,long_shock_no_break,long,shock,False,none,expected_loss,gross,success,975437526.2970793,1034021788.2337497,-58584261.93667042,58584261.93667042,-5.665669969753764,5.665669969753764,0.009145158001047093,20260835,pricing_mc_v1
19,long_shock_no_break,long,shock,False,none,expected_loss,ceded,success,525004302.7672877,588354389.333655,-63350086.56636733,63350086.56636733,-10.767334741585753,10.767334741585753,0.008692505998624256,20260835,pricing_mc_v1
20,long_shock_no_break,long,shock,False,none,expected_loss,gross,success,1051072636.6371273,1073805639.7808008,-22733003.14367354,22733003.14367354,-2.117050078849846,2.117050078849846,0.008340070000485866,20260836,pricing_mc_v1
20,long_shock_no_break,long,shock,False,none,expected_loss,ceded,success,544650841.9384573,556051434.6074005,-11400592.668943286,11400592.668943286,-2.05027663978471,2.05027663978471,0.008919144000174128,20260836,pricing_mc_v1
21,long_shock_no_break,long,shock,False,none,expected_loss,gross,success,1045152049.7963796,979935487.2974848,65216562.49889481,65216562.49889481,6.655189381777806,6.655189381777806,0.008618563999334583,20260837,pricing_mc_v1
21,long_shock_no_break,long,shock,False,none,expected_loss,ceded,success,555512988.1399873,506133519.18876314,49379468.95122421,49379468.95122421,9.756213939430491,9.756213939430491,0.008179460000974359,20260837,pricing_mc_v1
22,long_shock_no_break,long,shock,False,none,expected_loss,gross,success,1100254050.8466709,943285616.5844144,156968434.2622565,156968434.2622565,16.640605083180493,16.640605083180493,0.008681572999194032,20260838,pricing_mc_v1
22,long_shock_no_break,long,shock,False,none,expected_loss,ceded,success,555613123.6932323,515017898.02579206,40595225.667440236,40595225.667440236,7.8822941538639935,7.8822941538639935,0.00826907000009669,20260838,pricing_mc_v1
23,long_shock_no_break,long,shock,False,none,expected_loss,gross,success,1099249433.3047917,1062664920.798289,36584512.50650275,36584512.50650275,3.4427138593245314,3.4427138593245314,0.009482669998760684,20260839,pricing_mc_v1
23,long_shock_no_break,long,shock,False,none,expected_loss,ceded,success,566129539.7174618,578828338.7857236,-12698799.068261743,12698799.068261743,-2.193879984332058,2.193879984332058,0.010096072999658645,20260839,pricing_mc_v1
24,long_shock_no_break,long,shock,False,none,expected_loss,gross,success,899828032.6571344,1030849956.3198844,-131021923.66275,131021923.66275,-12.710086745358742,12.710086745358742,0.008830820001094253,20260840,pricing_mc_v1
24,long_shock_no_break,long,shock,False,none,expected_loss,ceded,success,505427738.5348701,537303375.7724771,-31875637.237607062,31875637.237607062,-5.932521304519944,5.932521304519944,0.008401717999731773,20260840,pricing_mc_v1
25,long_shock_no_break,long,shock,False,none,expected_loss,gross,success,1030839546.562777,1137589952.1263585,-106750405.56358147,106750405.56358147,-9.383908970367216,9.383908970367216,0.00852405300065584,20260841,pricing_mc_v1
25,long_shock_no_break,long,shock,False,none,expected_loss,ceded,success,527496394.37810796,588661721.2584822,-61165326.88037425,61165326.88037425,-10.390573171567999,10.390573171567999,0.008526026998879388,20260841,pricing_mc_v1
26,long_shock_no_break,long,shock,False,none,expected_loss,gross,success,1043661459.469995,908915820.6572937,134745638.81270134,134745638.81270134,14.824875500049979,14.824875500049979,0.008599303000664804,20260842,pricing_mc_v1
26,long_shock_no_break,long,shock,False,none,expected_loss,ceded,success,552502622.5479107,511129478.25110245,41373144.29680824,41373144.29680824,8.094454743321,8.094454743321,0.008287562999612419,20260842,pricing_mc_v1
27,long_shock_no_break,long,shock,False,none,expected_loss,gross,success,1060053235.2062209,1089558805.1140485,-29505569.907827616,29505569.907827616,-2.708029137054163,2.708029137054163,0.008548669999072445,20260843,pricing_mc_v1
27,long_shock_no_break,long,shock,False,none,expected_loss,ceded,success,532459202.80919194,561194884.76305,-28735681.953858018,28735681.953858018,-5.120446164791918,5.120446164791918,0.008814029999484774,20260843,pricing_mc_v1
28,long_shock_no_break,long,shock,False,none,expected_loss,gross,success,1099222284.1476808,940881857.9268727,158340426.22080803,158340426.22080803,16.828938180367654,16.828938180367654,0.017092852000132552,20260844,pricing_mc_v1
28,long_shock_no_break,long,shock,False,none,expected_loss,ceded,success,562444144.1293359,484014588.919872,78429555.2094639,78429555.2094639,16.203965129333696,16.203965129333696,0.008625983999081654,20260844,pricing_mc_v1
29,long_shock_no_break,long,shock,False,none,expected_loss,gross,success,1159904488.0728683,838779217.8170916,321125270.25577676,321125270.25577676,38.284838660106495,38.284838660106495,0.008752982001169585,20260845,pricing_mc_v1
29,long_shock_no_break,long,shock,False,none,expected_loss,ceded,success,569270428.7358892,461340465.36553705,107929963.37035215,107929963.37035215,23.394861598545287,23.394861598545287,0.011146378999910667,20260845,pricing_mc_v1
30,long_shock_no_break,long,shock,False,none,expected_loss,gross,success,1142853003.19175,906917778.9163955,235935224.2753545,235935224.2753545,26.015062198610206,26.015062198610206,0.008479000000079395,20260846,pricing_mc_v1
30,long_shock_no_break,long,shock,False,none,expected_loss,ceded,success,577050832.3554137,471111242.75754035,105939589.59787333,105939589.59787333,22.48717075351047,22.48717075351047,0.008639569001388736,20260846,pricing_mc_v1
31,long_shock_no_break,long,shock,False,none,expected_loss,gross,success,1002687156.0950518,1065642248.7398392,-62955092.64478743,62955092.64478743,-5.907713655237873,5.907713655237873,0.008563538998714648,20260847,pricing_mc_v1
31,long_shock_no_break,long,shock,False,none,expected_loss,ceded,success,503287944.63104075,545882603.4409287,-42594658.809887946,42594658.809887946,-7.802897278901327,7.802897278901327,0.00867923899932066,20260847,pricing_mc_v1
32,long_shock_no_break,long,shock,False,none,expected_loss,gross,success,1037941007.2241867,986844249.6948497,51096757.52933693,51096757.52933693,5.177793511502649,5.177793511502649,0.008609456999693066,20260848,pricing_mc_v1
32,long_shock_no_break,long,shock,False,none,expected_loss,ceded,success,532698549.15937454,478333467.9938602,54365081.16551435,54365081.16551435,11.365518995257128,11.365518995257128,0.008572087999709765,20260848,pricing_mc_v1
33,long_shock_no_break,long,shock,False,none,expected_loss,gross,success,998298025.5572556,1034476974.6133876,-36178949.05613196,36178949.05613196,-3.4973179629883036,3.4973179629883036,0.008837144001518027,20260849,pricing_mc_v1
33,long_shock_no_break,long,shock,False,none,expected_loss,ceded,success,536128179.2376141,542023894.6689991,-5895715.431384981,5895715.431384981,-1.0877224213492196,1.0877224213492196,0.008786939000856364,20260849,pricing_mc_v1
34,long_shock_no_break,long,shock,False,none,expected_loss,gross,success,1054199410.0043427,1038742826.1828674,15456583.821475267,15456583.821475267,1.4880087189891393,1.4880087189891393,0.008222573000239208,20260850,pricing_mc_v1
34,long_shock_no_break,long,shock,False,none,expected_loss,ceded,success,556771299.6018593,559154037.5305896,-2382737.9287302494,2382737.9287302494,-0.426132651970683,0.426132651970683,0.00892989000021771,20260850,pricing_mc_v1
35,long_shock_no_break,long,shock,False,none,expected_loss,gross,success,1067161184.5043776,986070074.1810882,81091110.3232894,81091110.3232894,8.223666090935167,8.223666090935167,0.008528315000148723,20260851,pricing_mc_v1
35,long_shock_no_break,long,shock,False,none,expected_loss,ceded,success,538222159.5928849,518507655.951628,19714503.64125687,19714503.64125687,3.8021624974995643,3.8021624974995643,0.009070341000551707,20260851,pricing_mc_v1
36,long_shock_no_break,long,shock,False,none,expected_loss,gross,success,1093039878.4195457,901751895.9175947,191287982.50195098,191287982.50195098,21.212928230919026,21.212928230919026,0.008282409999083029,20260852,pricing_mc_v1
36,long_shock_no_break,long,shock,False,none,expected_loss,ceded,success,572829629.5208137,475657647.85271573,97171981.66809797,97171981.66809797,20.428974937492573,20.428974937492573,0.008072841999819502,20260852,pricing_mc_v1
37,long_shock_no_break,long,shock,False,none,expected_loss,gross,success,1092074901.0986254,840927901.6283157,251146999.47030973,251146999.47030973,29.865461591178715,29.865461591178715,0.008727749998797663,20260853,pricing_mc_v1
37,long_shock_no_break,long,shock,False,none,expected_loss,ceded,success,544337273.1307397,451023852.19317865,93313420.93756104,93313420.93756104,20.689243037548675,20.689243037548675,0.008353076998901088,20260853,pricing_mc_v1
38,long_shock_no_break,long,shock,False,none,expected_loss,gross,success,1043856622.17544,989982657.6689515,53873964.50648844,53873964.50648844,5.441909925305358,5.441909925305358,0.008550761000151397,20260854,pricing_mc_v1
38,long_shock_no_break,long,shock,False,none,expected_loss,ceded,success,540212727.557413,498152941.3919744,42059786.16543859,42059786.16543859,8.443147208548472,8.443147208548472,0.008649907000290114,20260854,pricing_mc_v1
39,long_shock_no_break,long,shock,False,none,expected_loss,gross,success,1024520651.0743974,1060826218.4463428,-36305567.37194538,36305567.37194538,-3.42238594226277,3.42238594226277,0.00870341500012728,20260855,pricing_mc_v1
39,long_shock_no_break,long,shock,False,none,expected_loss,ceded,success,556821360.1219244,549188294.1231586,7633065.998765826,7633065.998765826,1.3898814086984286,1.3898814086984286,0.00888971499989566,20260855,pricing_mc_v1
40,long_shock_no_break,long,shock,False,none,expected_loss,gross,success,975411077.6909722,905146122.5079912,70264955.18298101,70264955.18298101,7.762830048731791,7.762830048731791,0.008542794001186849,20260856,pricing_mc_v1
40,long_shock_no_break,long,shock,False,none,expected_loss,ceded,success,517741330.2331586,452780648.94832695,64960681.28483164,64960681.28483164,14.347053354801211,14.347053354801211,0.008791932999884011,20260856,pricing_mc_v1
41,long_shock_no_break,long,shock,False,none,expected_loss,gross,success,1091867127.2857099,973940941.6181208,117926185.66758907,117926185.66758907,12.108145435560461,12.108145435560461,0.00826153600064572,20260857,pricing_mc_v1
41,long_shock_no_break,long,shock,False,none,expected_loss,ceded,success,556856242.7459278,527723637.37804776,29132605.367880046,29132605.367880046,5.520428365237351,5.520428365237351,0.00810490399999253,20260857,pricing_mc_v1
42,long_shock_no_break,long,shock,False,none,expected_loss,gross,success,1013544325.499374,1110285123.427882,-96740797.92850792,96740797.92850792,-8.713149071999762,8.713149071999762,0.008543069001461845,20260858,pricing_mc_v1
42,long_shock_no_break,long,shock,False,none,expected_loss,ceded,success,521914855.98554194,573216126.4132847,-51301270.42774272,51301270.42774272,-8.949725603280546,8.949725603280546,0.008963181000581244,20260858,pricing_mc_v1
43,long_shock_no_break,long,shock,False,none,expected_loss,gross,success,1080242676.57848,1034493764.3754232,45748912.20305681,45748912.20305681,4.422347797396127,4.422347797396127,0.008112815999993472,20260859,pricing_mc_v1
43,long_shock_no_break,long,shock,False,none,expected_loss,ceded,success,555811552.1375839,575741925.04194,-19930372.904356122,19930372.904356122,-3.4616851817599166,3.4616851817599166,0.008418040999458754,20260859,pricing_mc_v1
44,long_shock_no_break,long,shock,False,none,expected_loss,gross,success,1072411055.590682,1119251471.2466414,-46840415.65595937,46840415.65595937,-4.18497691173796,4.18497691173796,0.010544113001742517,20260860,pricing_mc_v1
44,long_shock_no_break,long,shock,False,none,expected_loss,ceded,success,580840781.7905113,602022957.4882785,-21182175.697767258,21182175.697767258,-3.518499657578204,3.518499657578204,0.008736912001040764,20260860,pricing_mc_v1
45,long_shock_no_break,long,shock,False,none,expected_loss,gross,success,951365753.0202403,1004854902.0327575,-53489149.012517214,53489149.012517214,-5.323071908622038,5.323071908622038,0.008632580000266898,20260861,pricing_mc_v1
45,long_shock_no_break,long,shock,False,none,expected_loss,ceded,success,507576985.06307226,530862191.2236451,-23285206.160572827,23285206.160572827,-4.386299598187636,4.386299598187636,0.008548039999368484,20260861,pricing_mc_v1
46,long_shock_no_break,long,shock,False,none,expected_loss,gross,success,1028721801.860942,1024945497.8013945,3776304.0595475435,3776304.0595475435,0.36843949923660085,0.36843949923660085,0.008792743999947561,20260862,pricing_mc_v1
46,long_shock_no_break,long,shock,False,none,expected_loss,ceded,success,540029533.8874744,548516975.5585554,-8487441.671080947,8487441.671080947,-1.5473434823850578,1.5473434823850578,0.008684902000823058,20260862,pricing_mc_v1
47,long_shock_no_break,long,shock,False,none,expected_loss,gross,success,1071563584.953087,935004338.9855454,136559245.96754158,136559245.96754158,14.605199171129483,14.605199171129483,0.008862020000378834,20260863,pricing_mc_v1
47,long_shock_no_break,long,shock,False,none,expected_loss,ceded,success,546566028.4022741,496091452.87260747,50474575.52966666,50474575.52966666,10.174449738529995,10.174449738529995,0.008637208000436658,20260863,pricing_mc_v1
48,long_shock_no_break,long,shock,False,none,expected_loss,gross,success,1142328856.391479,951791360.9105369,190537495.48094213,190537495.48094213,20.018830103549508,20.018830103549508,0.008255172999270144,20260864,pricing_mc_v1
48,long_shock_no_break,long,shock,False,none,expected_loss,ceded,success,550825278.7174321,510679603.9629408,40145674.75449133,40145674.75449133,7.861225402964132,7.861225402964132,0.008947570999225718,20260864,pricing_mc_v1
49,long_shock_no_break,long,shock,False,none,expected_loss,gross,success,1086852318.6285083,893481496.458144,193370822.17036438,193370822.17036438,21.642398072809225,21.642398072809225,0.008637818000352127,20260865,pricing_mc_v1
49,long_shock_no_break,long,shock,False,none,expected_loss,ceded,success,549161218.1533512,480424965.9308472,68736252.22250396,68736252.22250396,14.307385564221056,14.307385564221056,0.008272712999314535,20260865,pricing_mc_v1
50,long_shock_no_break,long,shock,False,none,expected_loss,gross,success,1085008258.3970454,1023033990.7949061,61974267.602139235,61974267.602139235,6.0578893917282945,6.0578893917282945,0.008691031000125804,20260866,pricing_mc_v1
50,long_shock_no_break,long,shock,False,none,expected_loss,ceded,success,556089650.9298314,525605218.508712,30484432.421119392,30484432.421119392,5.799872479883704,5.799872479883704,0.008582069000112824,20260866,pricing_mc_v1
1,long_stable_break,long,stable,True,none,expected_loss,gross,success,790326625.5704936,602481291.9983402,187845333.57215333,187845333.57215333,31.178616841213188,31.178616841213188,0.008442552998531028,20260817,pricing_mc_v1
1,long_stable_break,long,stable,True,none,expected_loss,ceded,success,308145179.0865918,231211775.9309288,76933403.15566298,76933403.15566298,33.27399863000306,33.27399863000306,0.008494255000186968,20260817,pricing_mc_v1
2,long_stable_break,long,stable,True,none,expected_loss,gross,success,683854112.7495894,584977012.7306271,98877100.01896238,98877100.01896238,16.902732563355233,16.902732563355233,0.008595003000664292,20260818,pricing_mc_v1
2,long_stable_break,long,stable,True,none,expected_loss,ceded,success,277882133.76149935,256776491.65195692,21105642.10954243,21105642.10954243,8.219460424028885,8.219460424028885,0.008448049999060459,20260818,pricing_mc_v1
3,long_stable_break,long,stable,True,none,expected_loss,gross,success,617371954.9683547,536672585.6318958,80699369.33645892,80699369.33645892,15.036983720985274,15.036983720985274,0.008900610000637244,20260819,pricing_mc_v1
3,long_stable_break,long,stable,True,none,expected_loss,ceded,success,246014683.79404324,243243518.2918455,2771165.5021977425,2771165.5021977425,1.1392556404618668,1.1392556404618668,0.008184577000065474,20260819,pricing_mc_v1
4,long_stable_break,long,stable,True,none,expected_loss,gross,success,709871643.838597,557952232.4100175,151919411.42857957,151919411.42857957,27.22803182852755,27.22803182852755,0.008858338000209187,20260820,pricing_mc_v1
4,long_stable_break,long,stable,True,none,expected_loss,ceded,success,296986652.99958134,217461486.31199482,79525166.68758652,79525166.68758652,36.56977059997223,36.56977059997223,0.009203169000102207,20260820,pricing_mc_v1
5,long_stable_break,long,stable,True,none,expected_loss,gross,success,648110453.5594345,531630045.52066636,116480408.03876817,116480408.03876817,21.910049858955944,21.910049858955944,0.00855916000000434,20260821,pricing_mc_v1
5,long_stable_break,long,stable,True,none,expected_loss,ceded,success,247720242.14326853,220374345.07132867,27345897.071939856,27345897.071939856,12.408838725346543,12.408838725346543,0.00818340099976922,20260821,pricing_mc_v1
6,long_stable_break,long,stable,True,none,expected_loss,gross,success,665681217.1299474,552707393.967971,112973823.16197646,112973823.16197646,20.44007813083883,20.44007813083883,0.008585763000155566,20260822,pricing_mc_v1
6,long_stable_break,long,stable,True,none,expected_loss,ceded,success,301509853.2994279,219523830.48473483,81986022.8146931,81986022.8146931,37.347208562122006,37.347208562122006,0.008473269999740296,20260822,pricing_mc_v1
7,long_stable_break,long,stable,True,none,expected_loss,gross,success,730937930.3692154,540879747.4364166,190058182.93279874,190058182.93279874,35.138713149014905,35.138713149014905,0.008494624999002554,20260823,pricing_mc_v1
7,long_stable_break,long,stable,True,none,expected_loss,ceded,success,290393007.50835526,225591484.27532622,64801523.23302904,64801523.23302904,28.72516373620785,28.72516373620785,0.0085473990002356,20260823,pricing_mc_v1
8,long_stable_break,long,stable,True,none,expected_loss,gross,success,579203480.5056051,626324172.9059651,-47120692.40035999,47120692.40035999,-7.523371193184746,7.523371193184746,0.00866123699961463,20260824,pricing_mc_v1
8,long_stable_break,long,stable,True,none,expected_loss,ceded,success,236904537.29907688,263026821.6359476,-26122284.3368707,26122284.3368707,-9.931414665013234,9.931414665013234,0.008332712999617797,20260824,pricing_mc_v1
9,long_stable_break,long,stable,True,none,expected_loss,gross,success,697622959.0749282,588289564.2147598,109333394.86016834,109333394.86016834,18.584962493105742,18.584962493105742,0.008534685000995523,20260825,pricing_mc_v1
9,long_stable_break,long,stable,True,none,expected_loss,ceded,success,279176929.5118171,254110422.9195186,25066506.592298508,25066506.592298508,9.86441496744017,9.86441496744017,0.008438668999588117,20260825,pricing_mc_v1
10,long_stable_break,long,stable,True,none,expected_loss,gross,success,583927774.1913421,659165908.9443653,-75238134.75302315,75238134.75302315,-11.414142286805275,11.414142286805275,0.008327856001415057,20260826,pricing_mc_v1
10,long_stable_break,long,stable,True,none,expected_loss,ceded,success,253375843.7196294,263302626.44822067,-9926782.728591263,9926782.728591263,-3.7701039531952403,3.7701039531952403,0.00857268700019631,20260826,pricing_mc_v1
11,long_stable_break,long,stable,True,none,expected_loss,gross,success,679563003.5442562,600482365.8872306,79080637.65702558,79080637.65702558,13.16951873185844,13.16951873185844,0.008343737999894074,20260827,pricing_mc_v1
11,long_stable_break,long,stable,True,none,expected_loss,ceded,success,276794466.83277327,269271119.8716827,7523346.961090565,7523346.961090565,2.793967271601837,2.793967271601837,0.008618322999609518,20260827,pricing_mc_v1
12,long_stable_break,long,stable,True,none,expected_loss,gross,success,650911981.03841,583792001.0262423,67119980.01216769,67119980.01216769,11.497242150316916,11.497242150316916,0.008155769999575568,20260828,pricing_mc_v1
12,long_stable_break,long,stable,True,none,expected_loss,ceded,success,263302918.40193754,256138382.5904678,7164535.811469734,7164535.811469734,2.7971347905811137,2.7971347905811137,0.008151613999871188,20260828,pricing_mc_v1
13,long_stable_break,long,stable,True,none,expected_loss,gross,success,564401885.7491684,590184965.3035393,-25783079.55437088,25783079.55437088,-4.368643911677813,4.368643911677813,0.008285157000500476,20260829,pricing_mc_v1
13,long_stable_break,long,stable,True,none,expected_loss,ceded,success,259340319.168029,259310089.688469,30229.479560017586,30229.479560017586,0.011657656513225074,0.011657656513225074,0.007969464999405318,20260829,pricing_mc_v1
14,long_stable_break,long,stable,True,none,expected_loss,gross,success,649688473.7828311,558426568.3072968,91261905.47553432,91261905.47553432,16.342686873256678,16.342686873256678,0.008210898999095662,20260830,pricing_mc_v1
14,long_stable_break,long,stable,True,none,expected_loss,ceded,success,264239984.32574445,236606391.00806683,27633593.317677617,27633593.317677617,11.679140702811988,11.679140702811988,0.008383903999856557,20260830,pricing_mc_v1
15,long_stable_break,long,stable,True,none,expected_loss,gross,success,573884889.0033995,630346883.8524225,-56461994.849022985,56461994.849022985,-8.957289437833078,8.957289437833078,0.008674710001287167,20260831,pricing_mc_v1
15,long_stable_break,long,stable,True,none,expected_loss,ceded,success,224463700.56234065,248017242.12603492,-23553541.56369427,23553541.56369427,-9.496735534106563,9.496735534106563,0.008306042000185698,20260831,pricing_mc_v1
16,long_stable_break,long,stable,True,none,expected_loss,gross,success,590078695.687041,588755800.4030962,1322895.2839448452,1322895.2839448452,0.22469337593601876,0.22469337593601876,0.008474501999444328,20260832,pricing_mc_v1
16,long_stable_break,long,stable,True,none,expected_loss,ceded,success,248278601.08125046,246078084.06827366,2200517.0129767954,2200517.0129767954,0.8942352673577662,0.8942352673577662,0.008536219000234269,20260832,pricing_mc_v1
17,long_stable_break,long,stable,True,none,expected_loss,gross,success,735052521.2599705,608541086.5662742,126511434.69369638,126511434.69369638,20.789300424650694,20.789300424650694,0.008761732999118976,20260833,pricing_mc_v1
17,long_stable_break,long,stable,True,none,expected_loss,ceded,success,312385931.4152111,238325391.9078823,74060539.50732878,74060539.50732878,31.07538769345849,31.07538769345849,0.008155471001373371,20260833,pricing_mc_v1
18,long_stable_break,long,stable,True,none,expected_loss,gross,success,647455669.7417719,555450199.1058099,92005470.63596201,92005470.63596201,16.56412596198125,16.56412596198125,0.008143233000737382,20260834,pricing_mc_v1
18,long_stable_break,long,stable,True,none,expected_loss,ceded,success,253644196.1006192,237985737.90646398,15658458.194155216,15658458.194155216,6.579578394865616,6.579578394865616,0.008332986999448622,20260834,pricing_mc_v1
19,long_stable_break,long,stable,True,none,expected_loss,gross,success,562633377.6917158,602987440.6868263,-40354062.99511051,40354062.99511051,-6.692355474128226,6.692355474128226,0.008269291000033263,20260835,pricing_mc_v1
19,long_stable_break,long,stable,True,none,expected_loss,ceded,success,235744371.79737598,267381657.62293702,-31637285.825561047,31637285.825561047,-11.832257345855828,11.832257345855828,0.008599217000664794,20260835,pricing_mc_v1
20,long_stable_break,long,stable,True,none,expected_loss,gross,success,642917766.9297092,641628083.1381425,1289683.7915667295,1289683.7915667295,0.2010017680739608,0.2010017680739608,0.00852021199898445,20260836,pricing_mc_v1
20,long_stable_break,long,stable,True,none,expected_loss,ceded,success,260787924.43216878,262013043.9007062,-1225119.46853742,1225119.46853742,-0.4675795717260922,0.4675795717260922,0.008497561999320169,20260836,pricing_mc_v1
21,long_stable_break,long,stable,True,none,expected_loss,gross,success,645691316.2299085,587112556.203232,58578760.02667642,58578760.02667642,9.977432675856292,9.977432675856292,0.00819600199974957,20260837,pricing_mc_v1
21,long_stable_break,long,stable,True,none,expected_loss,ceded,success,283215471.6614925,231881573.71837398,51333897.94311854,51333897.94311854,22.13798065967279,22.13798065967279,0.00808153400066658,20260837,pricing_mc_v1
22,long_stable_break,long,stable,True,none,expected_loss,gross,success,717922675.2168595,560863540.8955142,157059134.3213452,157059134.3213452,28.00309217293275,28.00309217293275,0.008386796000195318,20260838,pricing_mc_v1
22,long_stable_break,long,stable,True,none,expected_loss,ceded,success,289206854.9817337,242912960.27025184,46293894.71148184,46293894.71148184,19.05781176104303,19.05781176104303,0.008409291000134544,20260838,pricing_mc_v1
23,long_stable_break,long,stable,True,none,expected_loss,gross,success,695486169.3685474,643475755.4662353,52010413.90231216,52010413.90231216,8.082730928164903,8.082730928164903,0.008720207000806113,20260839,pricing_mc_v1
23,long_stable_break,long,stable,True,none,expected_loss,ceded,success,285277438.630225,284791008.68740845,486429.9428165555,486429.9428165555,0.17080242282173644,0.17080242282173644,0.008287874999950873,20260839,pricing_mc_v1
24,long_stable_break,long,stable,True,none,expected_loss,gross,success,540576849.9975381,608293069.2819996,-67716219.2844615,67716219.2844615,-11.132170117340072,11.132170117340072,0.00857383199945616,20260840,pricing_mc_v1
24,long_stable_break,long,stable,True,none,expected_loss,ceded,success,239331379.75957203,240195288.976933,-863909.2173609734,863909.2173609734,-0.35966950935658787,0.35966950935658787,0.00835668100080511,20260840,pricing_mc_v1
25,long_stable_break,long,stable,True,none,expected_loss,gross,success,638849292.5114719,681863916.6557088,-43014624.14423692,43014624.14423692,-6.30838838858167,6.30838838858167,0.00826601599874266,20260841,pricing_mc_v1
25,long_stable_break,long,stable,True,none,expected_loss,ceded,success,247244460.6758397,275809625.6100403,-28565164.934200615,28565164.934200615,-10.356841198351837,10.356841198351837,0.00810058100069,20260841,pricing_mc_v1
26,long_stable_break,long,stable,True,none,expected_loss,gross,success,646188728.4850698,539186259.8711406,107002468.61392915,107002468.61392915,19.845177182278633,19.845177182278633,0.008110020999083645,20260842,pricing_mc_v1
26,long_stable_break,long,stable,True,none,expected_loss,ceded,success,273818976.9606227,240337604.38350868,33481372.577114046,33481372.577114046,13.930975413937949,13.930975413937949,0.008308124999530264,20260842,pricing_mc_v1
27,long_stable_break,long,stable,True,none,expected_loss,gross,success,657238884.1073332,665893784.8470348,-8654900.739701629,8654900.739701629,-1.2997419313186385,1.2997419313186385,0.008834479000142892,20260843,pricing_mc_v1
27,long_stable_break,long,stable,True,none,expected_loss,ceded,success,255449093.65675062,273521756.59783304,-18072662.941082418,18072662.941082418,-6.607395026222787,6.607395026222787,0.008256953999079997,20260843,pricing_mc_v1
28,long_stable_break,long,stable,True,none,expected_loss,gross,success,703173359.8590496,566308382.5568337,136864977.3022158,136864977.3022158,24.1679236115634,24.1679236115634,0.008551561999411206,20260844,pricing_mc_v1
28,long_stable_break,long,stable,True,none,expected_loss,ceded,success,285445755.9207222,215862813.93406266,69582941.98665953,69582941.98665953,32.23479798049621,32.23479798049621,0.0085818619991187,20260844,pricing_mc_v1
29,long_stable_break,long,stable,True,none,expected_loss,gross,success,761493207.4024228,493079029.0703968,268414178.332026,268414178.332026,54.436340324200756,54.436340324200756,0.008267307999631157,20260845,pricing_mc_v1
29,long_stable_break,long,stable,True,none,expected_loss,ceded,success,291406417.2248437,225852297.40184218,65554119.823001504,65554119.823001504,29.025217178272015,29.025217178272015,0.0084418820006249,20260845,pricing_mc_v1
30,long_stable_break,long,stable,True,none,expected_loss,gross,success,749036520.8453579,547004785.4747375,202031735.37062037,202031735.37062037,36.93418060232873,36.93418060232873,0.008753039001021534,20260846,pricing_mc_v1
30,long_stable_break,long,stable,True,none,expected_loss,ceded,success,302804267.851233,219982674.7681759,82821593.0830571,82821593.0830571,37.64914358384673,37.64914358384673,0.008565739000914618,20260846,pricing_mc_v1
31,long_stable_break,long,stable,True,none,expected_loss,gross,success,609157500.4557374,646223455.3267366,-37065954.87099922,37065954.87099922,-5.73577987079691,5.73577987079691,0.00850895199982915,20260847,pricing_mc_v1
31,long_stable_break,long,stable,True,none,expected_loss,ceded,success,232569284.6933667,260791367.4203238,-28222082.726957083,28222082.726957083,-10.821708941565872,10.821708941565872,0.008345631000338471,20260847,pricing_mc_v1
32,long_stable_break,long,stable,True,none,expected_loss,gross,success,633872877.5198705,591356811.3197736,42516066.200096965,42516066.200096965,7.189579182357061,7.189579182357061,0.008352995999302948,20260848,pricing_mc_v1
32,long_stable_break,long,stable,True,none,expected_loss,ceded,success,254054473.3674929,226772033.53442088,27282439.833072037,27282439.833072037,12.030777961397492,12.030777961397492,0.008522112999344245,20260848,pricing_mc_v1
33,long_stable_break,long,stable,True,none,expected_loss,gross,success,589868694.2055281,612204993.7536974,-22336299.548169255,22336299.548169255,-3.648500057344453,3.648500057344453,0.008380138000575243,20260849,pricing_mc_v1
33,long_stable_break,long,stable,True,none,expected_loss,ceded,success,251261781.00019512,253005457.5214731,-1743676.521277994,1743676.521277994,-0.6891853394624914,0.6891853394624914,0.008430229001533007,20260849,pricing_mc_v1
34,long_stable_break,long,stable,True,none,expected_loss,gross,success,648821468.3728123,623567954.7445554,25253513.628256917,25253513.628256917,4.049841470542216,4.049841470542216,0.008644883999295416,20260850,pricing_mc_v1
34,long_stable_break,long,stable,True,none,expected_loss,ceded,success,279024069.18533814,273828789.94901365,5195279.236324489,5195279.236324489,1.8972728314257383,1.8972728314257383,0.008215638001274783,20260850,pricing_mc_v1
35,long_stable_break,long,stable,True,none,expected_loss,gross,success,671167159.5769068,578791421.0430834,92375738.53382337,92375738.53382337,15.960108456228692,15.960108456228692,0.008296436000819085,20260851,pricing_mc_v1
35,long_stable_break,long,stable,True,none,expected_loss,ceded,success,260501327.11809364,237624630.76057592,22876696.35751772,22876696.35751772,9.62724120150981,9.62724120150981,0.008296560999951907,20260851,pricing_mc_v1
36,long_stable_break,long,stable,True,none,expected_loss,gross,success,702127404.325833,548717274.3071092,153410130.01872373,153410130.01872373,27.957955253448475,27.957955253448475,0.008716882000953774,20260852,pricing_mc_v1
36,long_stable_break,long,stable,True,none,expected_loss,ceded,success,298848927.3994613,225883142.35749954,72965785.04196179,72965785.04196179,32.302448195306525,32.302448195306525,0.0095081420004135,20260852,pricing_mc_v1
37,long_stable_break,long,stable,True,none,expected_loss,gross,success,699098559.9759117,502639009.28330755,196459550.69260418,196459550.69260418,39.08561553404457,39.08561553404457,0.008486012000503251,20260853,pricing_mc_v1
37,long_stable_break,long,stable,True,none,expected_loss,ceded,success,269631820.166049,216265281.0484224,53366539.11762661,53366539.11762661,24.676424647966353,24.676424647966353,0.008763822001128574,20260853,pricing_mc_v1
38,long_stable_break,long,stable,True,none,expected_loss,gross,success,640062979.6324677,590713333.2441022,49349646.38836551,49349646.38836551,8.354246232659964,8.354246232659964,0.00829206799971871,20260854,pricing_mc_v1
38,long_stable_break,long,stable,True,none,expected_loss,ceded,success,266217218.11770517,240838392.9348655,25378825.18283966,25378825.18283966,10.53769910751038,10.53769910751038,0.008210714000597363,20260854,pricing_mc_v1
39,long_stable_break,long,stable,True,none,expected_loss,gross,success,661140548.8755717,616181844.9205705,44958703.955001235,44958703.955001235,7.296337002723066,7.296337002723066,0.008570211000915151,20260855,pricing_mc_v1
39,long_stable_break,long,stable,True,none,expected_loss,ceded,success,276846369.8562157,248628660.0713047,28217709.784911007,28217709.784911007,11.34933912157126,11.34933912157126,0.008355967000170494,20260855,pricing_mc_v1
40,long_stable_break,long,stable,True,none,expected_loss,gross,success,611726598.370697,511167251.494045,100559346.876652,100559346.876652,19.672493999319414,19.672493999319414,0.008698177000042051,20260856,pricing_mc_v1
40,long_stable_break,long,stable,True,none,expected_loss,ceded,success,248836713.89757842,202538327.5274703,46298386.37010813,46298386.37010813,22.85907409985336,22.85907409985336,0.008645719999549328,20260856,pricing_mc_v1
41,long_stable_break,long,stable,True,none,expected_loss,gross,success,688641182.3273485,580137284.556185,108503897.77116346,108503897.77116346,18.703141594178145,18.703141594178145,0.008271685999716283,20260857,pricing_mc_v1
41,long_stable_break,long,stable,True,none,expected_loss,ceded,success,279627157.0108171,237761727.8131146,41865429.1977025,41865429.1977025,17.608144751795187,17.608144751795187,0.008098091999272583,20260857,pricing_mc_v1
42,long_stable_break,long,stable,True,none,expected_loss,gross,success,626926806.9554844,666449220.282101,-39522413.326616645,39522413.326616645,-5.930296281221128,5.930296281221128,0.00831029400069383,20260858,pricing_mc_v1
42,long_stable_break,long,stable,True,none,expected_loss,ceded,success,246784094.6037761,286086171.4392781,-39302076.83550203,39302076.83550203,-13.737845711932255,13.737845711932255,0.00808530799986329,20260858,pricing_mc_v1
43,long_stable_break,long,stable,True,none,expected_loss,gross,success,673334643.5319682,620191074.6254302,53143568.90653801,53143568.90653801,8.568902565815629,8.568902565815629,0.008537907000572886,20260859,pricing_mc_v1
43,long_stable_break,long,stable,True,none,expected_loss,ceded,success,272221258.69879615,279696329.06412506,-7475070.365328908,7475070.365328908,-2.6725664903578776,2.6725664903578776,0.008603715999925043,20260859,pricing_mc_v1
44,long_stable_break,long,stable,True,none,expected_loss,gross,success,671249200.5002854,685998419.9205058,-14749219.420220375,14749219.420220375,-2.150036937684132,2.150036937684132,0.008217037999202148,20260860,pricing_mc_v1
44,long_stable_break,long,stable,True,none,expected_loss,ceded,success,304225109.8906024,299182246.83992195,5042863.050680459,5042863.050680459,1.6855488933401361,1.6855488933401361,0.008498748000420164,20260860,pricing_mc_v1
45,long_stable_break,long,stable,True,none,expected_loss,gross,success,565131316.5258465,590828088.6831055,-25696772.157258987,25696772.157258987,-4.349280721323597,4.349280721323597,0.008521210000253632,20260861,pricing_mc_v1
45,long_stable_break,long,stable,True,none,expected_loss,ceded,success,224414680.7338521,256522651.401729,-32107970.6678769,32107970.6678769,-12.51662201853434,12.51662201853434,0.007972040000822744,20260861,pricing_mc_v1
46,long_stable_break,long,stable,True,none,expected_loss,gross,success,631138677.167791,620386392.4287188,10752284.739072204,10752284.739072204,1.7331593455779448,1.7331593455779448,0.011613392000072054,20260862,pricing_mc_v1
46,long_stable_break,long,stable,True,none,expected_loss,ceded,success,261268133.35140362,271693077.3841916,-10424944.032787949,10424944.032787949,-3.837029685539762,3.837029685539762,0.008919367999624228,20260862,pricing_mc_v1
47,long_stable_break,long,stable,True,none,expected_loss,gross,success,675507582.8933524,561155380.2123573,114352202.6809951,114352202.6809951,20.37799274734227,20.37799274734227,0.008556299000701983,20260863,pricing_mc_v1
47,long_stable_break,long,stable,True,none,expected_loss,ceded,success,270353955.26119655,224925177.75972947,45428777.50146708,45428777.50146708,20.19728424978514,20.19728424978514,0.008472138999422896,20260863,pricing_mc_v1
48,long_stable_break,long,stable,True,none,expected_loss,gross,success,743188753.9643425,574089898.6171857,169098855.34715676,169098855.34715676,29.455117700984868,29.455117700984868,0.00859861400022055,20260864,pricing_mc_v1
48,long_stable_break,long,stable,True,none,expected_loss,ceded,success,275511931.21232975,247220420.8726511,28291510.339678645,28291510.339678645,11.443840375246449,11.443840375246449,0.008487789998980588,20260864,pricing_mc_v1
49,long_stable_break,long,stable,True,none,expected_loss,gross,success,688348406.4865521,529473273.1568675,158875133.32968462,158875133.32968462,30.006261200386323,30.006261200386323,0.008491848999256035,20260865,pricing_mc_v1
49,long_stable_break,long,stable,True,none,expected_loss,ceded,success,266407264.52309757,221377259.30378354,45030005.21931404,45030005.21931404,20.340845017654637,20.340845017654637,0.008119406000332674,20260865,pricing_mc_v1
50,long_stable_break,long,stable,True,none,expected_loss,gross,success,684986223.350452,619596704.155204,65389519.19524789,65389519.19524789,10.553561495199357,10.553561495199357,0.008821215000352822,20260866,pricing_mc_v1
50,long_stable_break,long,stable,True,none,expected_loss,ceded,success,275046975.9619174,265956734.7603047,9090241.201612711,9090241.201612711,3.4179398426610073,3.4179398426610073,0.008324872000230243,20260866,pricing_mc_v1
1,long_emerging_break,long,emerging,True,none,expected_loss,gross,success,880135812.0286863,690279196.5937967,189856615.43488955,189856615.43488955,27.504322362855884,27.504322362855884,0.008803047001492814,20260817,pricing_mc_v1
1,long_emerging_break,long,emerging,True,none,expected_loss,ceded,success,383401202.6608641,305729466.5237079,77671736.13715619,77671736.13715619,25.405381110405038,25.405381110405038,0.008306728999741608,20260817,pricing_mc_v1
2,long_emerging_break,long,emerging,True,none,expected_loss,gross,success,770841759.7181544,668155030.1461856,102686729.5719688,102686729.5719688,15.3686981222759,15.3686981222759,0.00817357699997956,20260818,pricing_mc_v1
2,long_emerging_break,long,emerging,True,none,expected_loss,ceded,success,354903916.5919313,332662627.84441507,22241288.747516215,22241288.747516215,6.685839311627866,6.685839311627866,0.008466519000648987,20260818,pricing_mc_v1
3,long_emerging_break,long,emerging,True,none,expected_loss,gross,success,702937181.4749204,612750479.1523004,90186702.32262003,90186702.32262003,14.718340562929848,14.718340562929848,0.00909399400006805,20260819,pricing_mc_v1
3,long_emerging_break,long,emerging,True,none,expected_loss,ceded,success,320334449.81625414,320146536.2610667,187913.55518746376,187913.55518746376,0.05869610753315406,0.05869610753315406,0.008374218001335976,20260819,pricing_mc_v1
4,long_emerging_break,long,emerging,True,none,expected_loss,gross,success,798482684.2883688,638032626.5490856,160450057.7392832,160450057.7392832,25.147625852161546,25.147625852161546,0.008260590000645607,20260820,pricing_mc_v1
4,long_emerging_break,long,emerging,True,none,expected_loss,ceded,success,374275893.9359931,291028961.26191354,83246932.67407954,83246932.67407954,28.60434656163339,28.60434656163339,0.008044591999350814,20260820,pricing_mc_v1
5,long_emerging_break,long,emerging,True,none,expected_loss,gross,success,732925807.5386541,605818407.3254896,127107400.21316445,127107400.21316445,20.98110567064251,20.98110567064251,0.008429974999671686,20260821,pricing_mc_v1
5,long_emerging_break,long,emerging,True,none,expected_loss,ceded,success,322873921.64867866,289187037.304331,33686884.344347656,33686884.344347656,11.648822387877876,11.648822387877876,0.008423863999269088,20260821,pricing_mc_v1
6,long_emerging_break,long,emerging,True,none,expected_loss,gross,success,752850169.5766652,630638873.3665173,122211296.21014786,122211296.21014786,19.37896653242316,19.37896653242316,0.00860539399945992,20260822,pricing_mc_v1
6,long_emerging_break,long,emerging,True,none,expected_loss,ceded,success,380306783.4068917,289354248.35185045,90952535.05504125,90952535.05504125,31.432935777892684,31.432935777892684,0.008140071000525495,20260822,pricing_mc_v1
7,long_emerging_break,long,emerging,True,none,expected_loss,gross,success,816081709.0202081,617962544.134271,198119164.8859371,198119164.8859371,32.06006039791462,32.06006039791462,0.008404195001276094,20260823,pricing_mc_v1
7,long_emerging_break,long,emerging,True,none,expected_loss,ceded,success,367762153.1555394,299182332.8180118,68579820.33752757,68579820.33752757,22.922416471444407,22.922416471444407,0.008356504999028402,20260823,pricing_mc_v1
8,long_emerging_break,long,emerging,True,none,expected_loss,gross,success,659611712.8773987,715750060.6047767,-56138347.72737801,56138347.72737801,-7.843289273345449,7.843289273345449,0.008273236000604811,20260824,pricing_mc_v1
8,long_emerging_break,long,emerging,True,none,expected_loss,ceded,success,312261095.13031375,346654795.58985984,-34393700.45954609,34393700.45954609,-9.921599498147014,9.921599498147014,0.008478335999825504,20260824,pricing_mc_v1
9,long_emerging_break,long,emerging,True,none,expected_loss,gross,success,785871566.3473449,671990795.7794588,113880770.56788611,113880770.56788611,16.946775355128636,16.946775355128636,0.008295960000396008,20260825,pricing_mc_v1
9,long_emerging_break,long,emerging,True,none,expected_loss,ceded,success,356752568.3308819,331981768.2247377,24770800.10614419,24770800.10614419,7.4614941171635065,7.4614941171635065,0.008244969001680147,20260825,pricing_mc_v1
10,long_emerging_break,long,emerging,True,none,expected_loss,gross,success,664849236.6878281,753339760.4341314,-88490523.74630332,88490523.74630332,-11.746429485589397,11.746429485589397,0.008596358000431792,20260826,pricing_mc_v1
10,long_emerging_break,long,emerging,True,none,expected_loss,ceded,success,330508437.5308608,341665288.94157326,-11156851.41071248,11156851.41071248,-3.265433092508372,3.265433092508372,0.00841064900123456,20260826,pricing_mc_v1
11,long_emerging_break,long,emerging,True,none,expected_loss,gross,success,765970168.2964468,686489796.4635129,79480371.8329339,79480371.8329339,11.577793616508371,11.577793616508371,0.008277483999336255,20260827,pricing_mc_v1
11,long_emerging_break,long,emerging,True,none,expected_loss,ceded,success,353869028.1470163,347078090.3447683,6790937.802248001,6790937.802248001,1.9566022722731524,1.9566022722731524,0.00841635500000848,20260827,pricing_mc_v1
12,long_emerging_break,long,emerging,True,none,expected_loss,gross,success,738002802.0667572,666743048.8152063,71259753.25155091,71259753.25155091,10.687738459092834,10.687738459092834,0.008452017000308842,20260828,pricing_mc_v1
12,long_emerging_break,long,emerging,True,none,expected_loss,ceded,success,338351712.5900265,325126140.5975814,13225571.992445111,13225571.992445111,4.067827941529564,4.067827941529564,0.008294462000776548,20260828,pricing_mc_v1
13,long_emerging_break,long,emerging,True,none,expected_loss,gross,success,642384398.8168743,674726389.3585835,-32341990.541709185,32341990.541709185,-4.793348985868852,4.793348985868852,0.008154993998687132,20260829,pricing_mc_v1
13,long_emerging_break,long,emerging,True,none,expected_loss,ceded,success,331571968.3441002,337192029.1110455,-5620060.7669453025,5620060.7669453025,-1.6667240864980473,1.6667240864980473,0.00812564000079874,20260829,pricing_mc_v1
14,long_emerging_break,long,emerging,True,none,expected_loss,gross,success,735747507.919782,637567991.0950687,98179516.82471335,98179516.82471335,15.399066169567734,15.399066169567734,0.008506706999469316,20260830,pricing_mc_v1
14,long_emerging_break,long,emerging,True,none,expected_loss,ceded,success,339924895.34776264,307592092.7292216,32332802.618541062,32332802.618541062,10.511584459683807,10.511584459683807,0.008097570998870651,20260830,pricing_mc_v1
15,long_emerging_break,long,emerging,True,none,expected_loss,gross,success,654441900.4832481,720691751.0748918,-66249850.59164369,66249850.59164369,-9.192536267111963,9.192536267111963,0.008308243001010851,20260831,pricing_mc_v1
15,long_emerging_break,long,emerging,True,none,expected_loss,ceded,success,298645630.34648794,323906786.8950166,-25261156.54852867,25261156.54852867,-7.798896957573235,7.798896957573235,0.008162051999534015,20260831,pricing_mc_v1
16,long_emerging_break,long,emerging,True,none,expected_loss,gross,success,671112201.9089231,672302290.0199585,-1190088.111035347,1190088.111035347,-0.17701681649783121,0.17701681649783121,0.008647165999718709,20260832,pricing_mc_v1
16,long_emerging_break,long,emerging,True,none,expected_loss,ceded,success,324036163.5498524,318161411.8648353,5874751.685017049,5874751.685017049,1.8464689512733314,1.8464689512733314,0.008162034000633867,20260832,pricing_mc_v1
17,long_emerging_break,long,emerging,True,none,expected_loss,gross,success,824445288.4383783,695951031.1028775,128494257.33550084,128494257.33550084,18.463117603529557,18.463117603529557,0.008345235999513534,20260833,pricing_mc_v1
17,long_emerging_break,long,emerging,True,none,expected_loss,ceded,success,390375516.97470134,315284076.6553456,75091440.31935573,75091440.31935573,23.817073515400626,23.817073515400626,0.009433635001187213,20260833,pricing_mc_v1
18,long_emerging_break,long,emerging,True,none,expected_loss,gross,success,734243170.706884,633155586.1706187,101087584.53626537,101087584.53626537,15.965678380514982,15.965678380514982,0.00864403700143157,20260834,pricing_mc_v1
18,long_emerging_break,long,emerging,True,none,expected_loss,ceded,success,330196388.1717415,309103360.71021956,21093027.461521924,21093027.461521924,6.823939866928968,6.823939866928968,0.008166470999640296,20260834,pricing_mc_v1
19,long_emerging_break,long,emerging,True,none,expected_loss,gross,success,642734829.6818082,688457630.0276934,-45722800.34588516,45722800.34588516,-6.641338312140713,6.641338312140713,0.007973064999532653,20260835,pricing_mc_v1
19,long_emerging_break,long,emerging,True,none,expected_loss,ceded,success,309006498.16996974,351360784.4941069,-42354286.32413715,42354286.32413715,-12.054357854738775,12.054357854738775,0.008529737000571913,20260835,pricing_mc_v1
20,long_emerging_break,long,emerging,True,none,expected_loss,gross,success,727075047.4287378,733795094.58424,-6720047.1555022,6720047.1555022,-0.915793414960031,0.915793414960031,0.008539427999494364,20260836,pricing_mc_v1
20,long_emerging_break,long,emerging,True,none,expected_loss,ceded,success,334762711.75475276,339177091.73262715,-4414379.977874398,4414379.977874398,-1.3014970897133136,1.3014970897133136,0.008566374999645632,20260836,pricing_mc_v1
21,long_emerging_break,long,emerging,True,none,expected_loss,gross,success,730844188.7001262,670714660.9840623,60129527.71606386,60129527.71606386,8.964993791524213,8.964993791524213,0.008460738999929163,20260837,pricing_mc_v1
21,long_emerging_break,long,emerging,True,none,expected_loss,ceded,success,360731578.8251996,308303999.9153445,52427578.90985513,52427578.90985513,17.0051568984674,17.0051568984674,0.00846930199986673,20260837,pricing_mc_v1
22,long_emerging_break,long,emerging,True,none,expected_loss,gross,success,799465896.2090583,641287802.3653271,158178093.84373116,158178093.84373116,24.66569506862703,24.66569506862703,0.008516301999407005,20260838,pricing_mc_v1
22,long_emerging_break,long,emerging,True,none,expected_loss,ceded,success,364024997.76143676,315854607.4999017,48170390.26153505,48170390.26153505,15.250811328294473,15.250811328294473,0.00832992799951171,20260838,pricing_mc_v1
23,long_emerging_break,long,emerging,True,none,expected_loss,gross,success,781860229.424083,736060139.9627335,45800089.46134949,45800089.46134949,6.222329803603865,6.222329803603865,0.00834637899970403,20260839,pricing_mc_v1
23,long_emerging_break,long,emerging,True,none,expected_loss,ceded,success,360651297.8240032,366872921.985839,-6221624.16183579,6221624.16183579,-1.6958526478756966,1.6958526478756966,0.008530705999874044,20260839,pricing_mc_v1
24,long_emerging_break,long,emerging,True,none,expected_loss,gross,success,621628233.1216927,695242579.8894112,-73614346.76771855,73614346.76771855,-10.588296645960323,10.588296645960323,0.008314225999129121,20260840,pricing_mc_v1
24,long_emerging_break,long,emerging,True,none,expected_loss,ceded,success,311666326.31658894,318321479.60916555,-6655153.292576611,6655153.292576611,-2.090701922078207,2.090701922078207,0.008287762000691146,20260840,pricing_mc_v1
25,long_emerging_break,long,emerging,True,none,expected_loss,gross,success,718601243.9013939,780262403.0145211,-61661159.11312723,61661159.11312723,-7.90261825699933,7.90261825699933,0.008541895998860127,20260841,pricing_mc_v1
25,long_emerging_break,long,emerging,True,none,expected_loss,ceded,success,317581716.6631725,359259980.0107991,-41678263.34762663,41678263.34762663,-11.601142812058779,11.601142812058779,0.008291541000289726,20260841,pricing_mc_v1
26,long_emerging_break,long,emerging,True,none,expected_loss,gross,success,732967032.656438,616133559.4522468,116833473.20419121,116833473.20419121,18.962361554864525,18.962361554864525,0.008431544998529716,20260842,pricing_mc_v1
26,long_emerging_break,long,emerging,True,none,expected_loss,ceded,success,349013028.3078169,314689582.873816,34323445.43400091,34323445.43400091,10.907080279096464,10.907080279096464,0.010101355999722728,20260842,pricing_mc_v1
27,long_emerging_break,long,emerging,True,none,expected_loss,gross,success,744313721.1679997,761865734.1144851,-17552012.9464854,17552012.9464854,-2.303819710028837,2.303819710028837,0.008244361000834033,20260843,pricing_mc_v1
27,long_emerging_break,long,emerging,True,none,expected_loss,ceded,success,331158245.2622112,353410428.2791988,-22252183.01698762,22252183.01698762,-6.296413811368381,6.296413811368381,0.008442054000624921,20260843,pricing_mc_v1
28,long_emerging_break,long,emerging,True,none,expected_loss,gross,success,791855820.4465234,649024592.3090057,142831228.1375177,142831228.1375177,22.007059490515363,22.007059490515363,0.008678674001203035,20260844,pricing_mc_v1
28,long_emerging_break,long,emerging,True,none,expected_loss,ceded,success,363218013.7185548,290834789.60206765,72383224.11648715,72383224.11648715,24.888089975592294,24.888089975592294,0.008446043000731152,20260844,pricing_mc_v1
29,long_emerging_break,long,emerging,True,none,expected_loss,gross,success,851571875.4629011,565019115.9561379,286552759.5067632,286552759.5067632,50.71558667919621,50.71558667919621,0.008500551999532036,20260845,pricing_mc_v1
29,long_emerging_break,long,emerging,True,none,expected_loss,ceded,success,367481329.483945,289092639.0409425,78388690.44300252,78388690.44300252,27.1154224829297,27.1154224829297,0.008330958000442479,20260845,pricing_mc_v1
30,long_emerging_break,long,emerging,True,none,expected_loss,gross,success,838515045.4145094,625499222.5128746,213015822.9016348,213015822.9016348,34.055329764578616,34.055329764578616,0.00881387099980202,20260846,pricing_mc_v1
30,long_emerging_break,long,emerging,True,none,expected_loss,ceded,success,381294326.0047182,291157767.08729905,90136558.91741914,90136558.91741914,30.95797849362992,30.95797849362992,0.008582130998547655,20260846,pricing_mc_v1
31,long_emerging_break,long,emerging,True,none,expected_loss,gross,success,690007317.017854,738012142.2479068,-48004825.23005283,48004825.23005283,-6.504611846064649,6.504611846064649,0.008171363999281311,20260847,pricing_mc_v1
31,long_emerging_break,long,emerging,True,none,expected_loss,ceded,success,305734744.5672859,340746313.9475435,-35011569.38025761,35011569.38025761,-10.274966433135795,10.274966433135795,0.008487887000228511,20260847,pricing_mc_v1
32,long_emerging_break,long,emerging,True,none,expected_loss,gross,success,721312889.7091663,674588726.370204,46724163.33896232,46724163.33896232,6.926318438550485,6.926318438550485,0.008543308000298566,20260848,pricing_mc_v1
32,long_emerging_break,long,emerging,True,none,expected_loss,ceded,success,331247964.66183066,294051928.4134518,37196036.24837887,37196036.24837887,12.649478766920167,12.649478766920167,0.008445691999440896,20260848,pricing_mc_v1
33,long_emerging_break,long,emerging,True,none,expected_loss,gross,success,673163292.5126581,698547627.2716047,-25384334.758946538,25384334.758946538,-3.6338731631074266,3.6338731631074266,0.008543489000658155,20260849,pricing_mc_v1
33,long_emerging_break,long,emerging,True,none,expected_loss,ceded,success,323803695.02655697,325296152.4202118,-1492457.3936548233,1492457.3936548233,-0.458799583871774,0.458799583871774,0.0085949830008758,20260849,pricing_mc_v1
34,long_emerging_break,long,emerging,True,none,expected_loss,gross,success,734276969.9821317,711979917.6094035,22297052.37272823,22297052.37272823,3.131696810718266,3.131696810718266,0.0085564830005751,20260850,pricing_mc_v1
34,long_emerging_break,long,emerging,True,none,expected_loss,ceded,success,355461166.5025044,353659686.90908873,1801479.5934156775,1801479.5934156775,0.5093822281980257,0.5093822281980257,0.0085006829995109,20260850,pricing_mc_v1
35,long_emerging_break,long,emerging,True,none,expected_loss,gross,success,755577593.7273264,661633631.7672038,93943961.96012259,93943961.96012259,14.198788793308625,14.198788793308625,0.008652300999528961,20260851,pricing_mc_v1
35,long_emerging_break,long,emerging,True,none,expected_loss,ceded,success,334576044.2162822,310671306.8566615,23904737.35962069,23904737.35962069,7.694543020881531,7.694543020881531,0.00886138400164782,20260851,pricing_mc_v1
36,long_emerging_break,long,emerging,True,none,expected_loss,gross,success,791780069.7478507,626685541.6008736,165094528.14697707,165094528.14697707,26.344078040358436,26.344078040358436,0.008422072000030312,20260852,pricing_mc_v1
36,long_emerging_break,long,emerging,True,none,expected_loss,ceded,success,377483102.8232837,298373766.60150135,79109336.22178233,79109336.22178233,26.513502551797146,26.513502551797146,0.008203173998481361,20260852,pricing_mc_v1
37,long_emerging_break,long,emerging,True,none,expected_loss,gross,success,788466069.9203256,573192608.4815664,215273461.4387592,215273461.4387592,37.55691511951559,37.55691511951559,0.0085889469992253,20260853,pricing_mc_v1
37,long_emerging_break,long,emerging,True,none,expected_loss,ceded,success,347315100.169861,280012844.6247065,67302255.54515451,67302255.54515451,24.035417245004552,24.035417245004552,0.008409054000367178,20260853,pricing_mc_v1
38,long_emerging_break,long,emerging,True,none,expected_loss,gross,success,725049252.2825671,673701907.4173647,51347344.86520243,51347344.86520243,7.621671291097037,7.621671291097037,0.008239057000537287,20260854,pricing_mc_v1
38,long_emerging_break,long,emerging,True,none,expected_loss,ceded,success,342596216.71546686,312303097.24901414,30293119.466452718,30293119.466452718,9.699910033968882,9.699910033968882,0.008663175000037882,20260854,pricing_mc_v1
39,long_emerging_break,long,emerging,True,none,expected_loss,gross,success,744243513.3168117,705695914.6879461,38547598.6288656,38547598.6288656,5.462352526996147,5.462352526996147,0.00852730699989479,20260855,pricing_mc_v1
39,long_emerging_break,long,emerging,True,none,expected_loss,ceded,success,350765047.7416849,329071260.7806257,21693786.961059213,21693786.961059213,6.592428311605524,6.592428311605524,0.008267581000836799,20260855,pricing_mc_v1
40,long_emerging_break,long,emerging,True,none,expected_loss,gross,success,695859161.8887963,582855653.1355705,113003508.7532258,113003508.7532258,19.38790644738613,19.38790644738613,0.008640456999273738,20260856,pricing_mc_v1
40,long_emerging_break,long,emerging,True,none,expected_loss,ceded,success,324180488.45458394,264420912.58280376,59759575.87178019,59759575.87178019,22.600170042551532,22.600170042551532,0.008312833999298164,20260856,pricing_mc_v1
41,long_emerging_break,long,emerging,True,none,expected_loss,gross,success,775441431.5423241,663356288.9427022,112085142.59962189,112085142.59962189,16.896672944530312,16.896672944530312,0.00855422200038447,20260857,pricing_mc_v1
41,long_emerging_break,long,emerging,True,none,expected_loss,ceded,success,356786794.50134337,319130515.04039764,37656279.460945725,37656279.460945725,11.799648634722049,11.799648634722049,0.008531405999747221,20260857,pricing_mc_v1
42,long_emerging_break,long,emerging,True,none,expected_loss,gross,success,708308691.0403228,760742684.7051454,-52433993.66482258,52433993.66482258,-6.8924742516775375,6.8924742516775375,0.008564972999010934,20260858,pricing_mc_v1
42,long_emerging_break,long,emerging,True,none,expected_loss,ceded,success,318503796.68592393,365620897.7543769,-47117101.068452954,47117101.068452954,-12.886873085713521,12.886873085713521,0.00821148999966681,20260858,pricing_mc_v1
43,long_emerging_break,long,emerging,True,none,expected_loss,gross,success,759716702.0167297,708200244.9624375,51516457.0542922,51516457.0542922,7.274278344400263,7.274278344400263,0.00833264299944858,20260859,pricing_mc_v1
43,long_emerging_break,long,emerging,True,none,expected_loss,ceded,success,347810168.71223176,361095337.33123547,-13285168.619003713,13285168.619003713,-3.6791304803853304,3.6791304803853304,0.008486527998684323,20260859,pricing_mc_v1
44,long_emerging_break,long,emerging,True,none,expected_loss,gross,success,757270721.5260454,785838536.0565786,-28567814.530533195,28567814.530533195,-3.635328788263493,3.635328788263493,0.008269707999716047,20260860,pricing_mc_v1
44,long_emerging_break,long,emerging,True,none,expected_loss,ceded,success,380116680.86220706,385637467.7939311,-5520786.9317240715,5520786.9317240715,-1.431600244474729,1.431600244474729,0.008476942999550374,20260860,pricing_mc_v1
45,long_emerging_break,long,emerging,True,none,expected_loss,gross,success,646878807.6803575,674736006.6359785,-27857198.955621004,27857198.955621004,-4.128607141407532,4.128607141407532,0.008323562000441598,20260861,pricing_mc_v1
45,long_emerging_break,long,emerging,True,none,expected_loss,ceded,success,298511477.35316837,326853781.3478096,-28342303.994641244,28342303.994641244,-8.671248616971578,8.671248616971578,0.008253378000517841,20260861,pricing_mc_v1
46,long_emerging_break,long,emerging,True,none,expected_loss,gross,success,716858335.6324799,709992671.0915889,6865664.540891051,6865664.540891051,0.9670049875775947,0.9670049875775947,0.00816976499845623,20260862,pricing_mc_v1
46,long_emerging_break,long,emerging,True,none,expected_loss,ceded,success,334737690.9384386,344662403.1959149,-9924712.25747633,9924712.25747633,-2.879545945669876,2.879545945669876,0.008315593000588706,20260862,pricing_mc_v1
47,long_emerging_break,long,emerging,True,none,expected_loss,gross,success,763301534.9636183,641971582.1862807,121329952.77733755,121329952.77733755,18.899583119262008,18.899583119262008,0.008507257000019308,20260863,pricing_mc_v1
47,long_emerging_break,long,emerging,True,none,expected_loss,ceded,success,346184289.4455456,298208536.8960704,47975752.54947519,47975752.54947519,16.087987637387915,16.087987637387915,0.008634163999886368,20260863,pricing_mc_v1
48,long_emerging_break,long,emerging,True,none,expected_loss,gross,success,833126949.901202,657056027.2257503,176070922.67545164,176070922.67545164,26.796942023173532,26.796942023173532,0.008476790999338846,20260864,pricing_mc_v1
48,long_emerging_break,long,emerging,True,none,expected_loss,ceded,success,351783446.40805185,322795334.1595725,28988112.248479366,28988112.248479366,8.980338059703557,8.980338059703557,0.008494207000694587,20260864,pricing_mc_v1
49,long_emerging_break,long,emerging,True,none,expected_loss,gross,success,776150361.6315944,604805252.3114972,171345109.3200972,171345109.3200972,28.330625216172574,28.330625216172574,0.008604897000623168,20260865,pricing_mc_v1
49,long_emerging_break,long,emerging,True,none,expected_loss,ceded,success,342094512.6583478,287480166.4890658,54614346.16928196,54614346.16928196,18.99760489089573,18.99760489089573,0.008504084000378498,20260865,pricing_mc_v1
50,long_emerging_break,long,emerging,True,none,expected_loss,gross,success,772153236.1854806,709759978.3841977,62393257.80128288,62393257.80128288,8.790754579220442,8.790754579220442,0.008689434000189067,20260866,pricing_mc_v1
50,long_emerging_break,long,emerging,True,none,expected_loss,ceded,success,350250704.511656,335576286.10000974,14674418.411646247,14674418.411646247,4.3729008930246405,4.3729008930246405,0.00854172599974845,20260866,pricing_mc_v1
1,long_shock_break,long,shock,True,none,expected_loss,gross,success,968789040.6434988,776649688.4045899,192139352.2389089,192139352.2389089,24.73951320750615,24.73951320750615,0.008554099998946185,20260817,pricing_mc_v1
1,long_shock_break,long,shock,True,none,expected_loss,ceded,success,459921415.86688125,379285494.58321106,80635921.28367019,80635921.28367019,21.25995389628051,21.25995389628051,0.008429328001511749,20260817,pricing_mc_v1
2,long_shock_break,long,shock,True,none,expected_loss,gross,success,857063422.3094896,751561324.2684755,105502098.04101408,105502098.04101408,14.037723155020444,14.037723155020444,0.008283484999992652,20260818,pricing_mc_v1
2,long_shock_break,long,shock,True,none,expected_loss,ceded,success,432697483.73856103,410910544.1490245,21786939.589536548,21786939.589536548,5.3021125643432265,5.3021125643432265,0.008080773999608937,20260818,pricing_mc_v1
3,long_shock_break,long,shock,True,none,expected_loss,gross,success,788543759.5732871,689230652.0957657,99313107.47752142,99313107.47752142,14.409270274840052,14.409270274840052,0.008107026000288897,20260819,pricing_mc_v1
3,long_shock_break,long,shock,True,none,expected_loss,ceded,success,395534304.2745048,394227884.4940707,1306419.780434072,1306419.780434072,0.3313869545556514,0.3313869545556514,0.00825331499981985,20260819,pricing_mc_v1
4,long_shock_break,long,shock,True,none,expected_loss,gross,success,886988792.4060652,717712792.2217093,169276000.18435597,169276000.18435597,23.58547904104582,23.58547904104582,0.008250511000369443,20260820,pricing_mc_v1
4,long_shock_break,long,shock,True,none,expected_loss,ceded,success,452145127.0680007,363312484.70784414,88832642.36015654,88832642.36015654,24.450754130178282,24.450754130178282,0.008298482000100194,20260820,pricing_mc_v1
5,long_shock_break,long,shock,True,none,expected_loss,gross,success,817046741.84354,681358143.68807,135688598.1554699,135688598.1554699,19.914431112690856,19.914431112690856,0.00838831900000514,20260821,pricing_mc_v1
5,long_shock_break,long,shock,True,none,expected_loss,ceded,success,398128381.6026614,359919568.68550766,38208812.917153716,38208812.917153716,10.61593095832475,10.61593095832475,0.008514117000231636,20260821,pricing_mc_v1
6,long_shock_break,long,shock,True,none,expected_loss,gross,success,839094898.3778394,709299075.0873535,129795823.29048598,129795823.29048598,18.299167142506285,18.299167142506285,0.008564079998905072,20260822,pricing_mc_v1
6,long_shock_break,long,shock,True,none,expected_loss,ceded,success,459418280.1000744,363923938.1663605,95494341.93371391,95494341.93371391,26.24019250145084,26.24019250145084,0.00822623800013389,20260822,pricing_mc_v1
7,long_shock_break,long,shock,True,none,expected_loss,gross,success,899682076.8393514,695144327.9768064,204537748.862545,204537748.862545,29.42378159911699,29.42378159911699,0.008237078000092879,20260823,pricing_mc_v1
7,long_shock_break,long,shock,True,none,expected_loss,ceded,success,445392146.29414403,373454165.2832909,71937981.01085311,71937981.01085311,19.262867494404073,19.262867494404073,0.008208077999370289,20260823,pricing_mc_v1
8,long_shock_break,long,shock,True,none,expected_loss,gross,success,739269389.8659883,805124636.3642868,-65855246.498298526,65855246.498298526,-8.179509547202784,8.179509547202784,0.008794373999990057,20260824,pricing_mc_v1
8,long_shock_break,long,shock,True,none,expected_loss,ceded,success,388045720.2488166,430098532.3937574,-42052812.14494079,42052812.14494079,-9.777483292233425,9.777483292233425,0.008647574000860914,20260824,pricing_mc_v1
9,long_shock_break,long,shock,True,none,expected_loss,gross,success,872836196.2021797,755907880.0472257,116928316.15495396,116928316.15495396,15.46859336188542,15.46859336188542,0.008328054000230622,20260825,pricing_mc_v1
9,long_shock_break,long,shock,True,none,expected_loss,ceded,success,434699825.48696744,411775479.8543498,22924345.632617652,22924345.632617652,5.567195414531795,5.567195414531795,0.008361121999769239,20260825,pricing_mc_v1
10,long_shock_break,long,shock,True,none,expected_loss,gross,success,744553442.1958079,847363480.4536366,-102810038.25782871,102810038.25782871,-12.132932399067904,12.132932399067904,0.008665216999361292,20260826,pricing_mc_v1
10,long_shock_break,long,shock,True,none,expected_loss,ceded,success,407857487.20980823,419800063.420129,-11942576.21032077,11942576.21032077,-2.8448247751617983,2.8448247751617983,0.008397652998610283,20260826,pricing_mc_v1
11,long_shock_break,long,shock,True,none,expected_loss,gross,success,852162566.1057802,772277757.1219689,79884808.98381138,79884808.98381138,10.344051508296237,10.344051508296237,0.008482943998387782,20260827,pricing_mc_v1
11,long_shock_break,long,shock,True,none,expected_loss,ceded,success,431373281.31118405,424758999.50439,6614281.806794047,6614281.806794047,1.5571846186923903,1.5571846186923903,0.008388040001591435,20260827,pricing_mc_v1
12,long_shock_break,long,shock,True,none,expected_loss,gross,success,824845579.8028433,750017185.8934898,74828393.9093535,74828393.9093535,9.976890572208822,9.976890572208822,0.008207053999285563,20260828,pricing_mc_v1
12,long_shock_break,long,shock,True,none,expected_loss,ceded,success,414174613.82999253,396764543.5095545,17410070.320438027,17410070.320438027,4.388010623741326,4.388010623741326,0.00827432299956854,20260828,pricing_mc_v1
13,long_shock_break,long,shock,True,none,expected_loss,gross,success,720891857.2380453,758960478.834156,-38068621.5961107,38068621.5961107,-5.015889846410468,5.015889846410468,0.008495681000567856,20260829,pricing_mc_v1
13,long_shock_break,long,shock,True,none,expected_loss,ceded,success,406409080.1700293,413741968.298162,-7332888.128132701,7332888.128132701,-1.7723336499545717,1.7723336499545717,0.008546107999791275,20260829,pricing_mc_v1
14,long_shock_break,long,shock,True,none,expected_loss,gross,success,821427780.1694977,717178006.5086137,104249773.66088402,104249773.66088402,14.536108569251269,14.536108569251269,0.00805491999926744,20260830,pricing_mc_v1
14,long_shock_break,long,shock,True,none,expected_loss,ceded,success,416063336.65285563,379043855.0887311,37019481.564124525,37019481.564124525,9.7665431234754,9.7665431234754,0.008000161000381922,20260830,pricing_mc_v1
15,long_shock_break,long,shock,True,none,expected_loss,gross,success,734322551.0866253,810702410.0336542,-76379858.94702888,76379858.94702888,-9.421442196509341,9.421442196509341,0.0100730680005654,20260831,pricing_mc_v1
15,long_shock_break,long,shock,True,none,expected_loss,ceded,success,374081026.7875614,401332616.19657946,-27251589.40901804,27251589.40901804,-6.790275275227009,6.790275275227009,0.01132906400016509,20260831,pricing_mc_v1
16,long_shock_break,long,shock,True,none,expected_loss,gross,success,750885371.2468477,756180251.1935749,-5294879.946727157,5294879.946727157,-0.700213995058662,0.700213995058662,0.008471479999570874,20260832,pricing_mc_v1
16,long_shock_break,long,shock,True,none,expected_loss,ceded,success,401187611.7221283,390841016.9025936,10346594.81953466,10346594.81953466,2.6472643279692583,2.6472643279692583,0.008165376000761171,20260832,pricing_mc_v1
17,long_shock_break,long,shock,True,none,expected_loss,gross,success,913138639.7050425,782936779.6048996,130201860.10014284,130201860.10014284,16.62993277258577,16.62993277258577,0.008545923999918159,20260833,pricing_mc_v1
17,long_shock_break,long,shock,True,none,expected_loss,ceded,success,468858297.7536479,393029957.3509383,75828340.4027096,75828340.4027096,19.29327242986776,19.29327242986776,0.008167400999809615,20260833,pricing_mc_v1
18,long_shock_break,long,shock,True,none,expected_loss,gross,success,820094111.7319208,712088571.4194571,108005540.31246376,108005540.31246376,15.167430660650625,15.167430660650625,0.008127703998979996,20260834,pricing_mc_v1
18,long_shock_break,long,shock,True,none,expected_loss,ceded,success,407390152.86968017,384461423.09931284,22928729.770367324,22928729.770367324,5.963857071934224,5.963857071934224,0.008001598998816917,20260834,pricing_mc_v1
19,long_shock_break,long,shock,True,none,expected_loss,gross,success,725337300.0673126,774398830.4839265,-49061530.41661394,49061530.41661394,-6.335434466753403,6.335434466753403,0.008600955001384136,20260835,pricing_mc_v1
19,long_shock_break,long,shock,True,none,expected_loss,ceded,success,382516749.105875,434770527.391416,-52253778.285541,52253778.285541,-12.018702969370754,12.018702969370754,0.008190851000108523,20260835,pricing_mc_v1
20,long_shock_break,long,shock,True,none,expected_loss,gross,success,810251701.3770614,825456703.9981307,-15205002.621069312,15205002.621069312,-1.8420109192188165,1.8420109192188165,0.008311437000884325,20260836,pricing_mc_v1
20,long_shock_break,long,shock,True,none,expected_loss,ceded,success,409486574.85606194,416751535.2918438,-7264960.4357818365,7264960.4357818365,-1.7432354342004552,1.7432354342004552,0.008427308999671368,20260836,pricing_mc_v1
21,long_shock_break,long,shock,True,none,expected_loss,gross,success,815614086.8942475,754509359.2499065,61104727.64434099,61104727.64434099,8.098604330778361,8.098604330778361,0.008278909999717143,20260837,pricing_mc_v1
21,long_shock_break,long,shock,True,none,expected_loss,ceded,success,438657841.61217916,386948735.9032155,51709105.70896363,51709105.70896363,13.363296196914629,13.363296196914629,0.008335096999871894,20260837,pricing_mc_v1
22,long_shock_break,long,shock,True,none,expected_loss,gross,success,882260134.5199955,721453584.8393507,160806549.68064475,160806549.68064475,22.289243973533278,22.289243973533278,0.008749204000196187,20260838,pricing_mc_v1
22,long_shock_break,long,shock,True,none,expected_loss,ceded,success,439156782.7085749,391323534.8021614,47833247.906413496,47833247.906413496,12.223452885499515,12.223452885499515,0.008089291000942467,20260838,pricing_mc_v1
23,long_shock_break,long,shock,True,none,expected_loss,gross,success,867112349.7891794,827996734.5778254,39115615.21135402,39115615.21135402,4.724126748072029,4.724126748072029,0.008518955999534228,20260839,pricing_mc_v1
23,long_shock_break,long,shock,True,none,expected_loss,ceded,success,436382983.51644886,447552612.8081651,-11169629.291716218,11169629.291716218,-2.4957131233426333,2.4957131233426333,0.008046704999287613,20260839,pricing_mc_v1
24,long_shock_break,long,shock,True,none,expected_loss,gross,success,702305065.3483677,782093251.8954546,-79788186.54708695,79788186.54708695,-10.201876356011898,10.201876356011898,0.008463283000310184,20260840,pricing_mc_v1
24,long_shock_break,long,shock,True,none,expected_loss,ceded,success,384638344.93548954,397126306.2678751,-12487961.33238554,12487961.33238554,-3.144581745224903,3.144581745224903,0.008131353999488056,20260840,pricing_mc_v1
25,long_shock_break,long,shock,True,none,expected_loss,gross,success,798089735.4671879,877767581.9124196,-79677846.44523168,79677846.44523168,-9.077328450845162,9.077328450845162,0.008199187999707647,20260841,pricing_mc_v1
25,long_shock_break,long,shock,True,none,expected_loss,ceded,success,391040127.60472584,441627230.37880164,-50587102.774075806,50587102.774075806,-11.454706434357588,11.454706434357588,0.008789781999439583,20260841,pricing_mc_v1
26,long_shock_break,long,shock,True,none,expected_loss,gross,success,819245685.0591766,693091337.2512838,126154347.8078928,126154347.8078928,18.20169161372088,18.20169161372088,0.008232639000198105,20260842,pricing_mc_v1
26,long_shock_break,long,shock,True,none,expected_loss,ceded,success,424665973.57280433,387317049.10468125,37348924.46812308,37348924.46812308,9.642984876203753,9.642984876203753,0.008670225000969367,20260842,pricing_mc_v1
27,long_shock_break,long,shock,True,none,expected_loss,gross,success,830975994.6127158,857139762.9814484,-26163768.36873257,26163768.36873257,-3.0524506619230136,3.0524506619230136,0.008384312000998762,20260843,pricing_mc_v1
27,long_shock_break,long,shock,True,none,expected_loss,ceded,success,407758666.1783211,435090220.70363057,-27331554.525309443,27331554.525309443,-6.2818131101886605,6.2818131101886605,0.008410944999923231,20260843,pricing_mc_v1
28,long_shock_break,long,shock,True,none,expected_loss,gross,success,879842006.7859654,730183841.8742095,149658164.91175592,149658164.91175592,20.49595681652154,20.49595681652154,0.008449779999864404,20260844,pricing_mc_v1
28,long_shock_break,long,shock,True,none,expected_loss,ceded,success,442107841.9348426,365739264.7311368,76368577.20370579,76368577.20370579,20.8806066419601,20.8806066419601,0.008531380000931676,20260844,pricing_mc_v1
29,long_shock_break,long,shock,True,none,expected_loss,gross,success,941612520.8399377,635669401.7649539,305943119.07498384,305943119.07498384,48.129282017590306,48.129282017590306,0.008701593998921453,20260845,pricing_mc_v1
29,long_shock_break,long,shock,True,none,expected_loss,ceded,success,444439917.57297826,351201311.80938095,93238605.76359731,93238605.76359731,26.548478786492623,26.548478786492623,0.008595029999924009,20260845,pricing_mc_v1
30,long_shock_break,long,shock,True,none,expected_loss,gross,success,926657562.1964253,703654415.0465567,223003147.1498686,223003147.1498686,31.692140684587873,31.692140684587873,0.008580028001233586,20260846,pricing_mc_v1
30,long_shock_break,long,shock,True,none,expected_loss,ceded,success,460785267.29482436,362164258.8152297,98621008.47959465,98621008.47959465,27.23101633557647,27.23101633557647,0.008507336000548094,20260846,pricing_mc_v1
31,long_shock_break,long,shock,True,none,expected_loss,gross,success,769186879.2521129,830176970.9717033,-60990091.719590425,60990091.719590425,-7.346637386026609,7.346637386026609,0.00878470400130027,20260847,pricing_mc_v1
31,long_shock_break,long,shock,True,none,expected_loss,ceded,success,379584569.24791145,420737137.6768234,-41152568.428911924,41152568.428911924,-9.781063933681565,9.781063933681565,0.008483773000989459,20260847,pricing_mc_v1
32,long_shock_break,long,shock,True,none,expected_loss,gross,success,808230567.9866754,758782001.7761803,49448566.210495114,49448566.210495114,6.51683436016463,6.51683436016463,0.00854749400059518,20260848,pricing_mc_v1
32,long_shock_break,long,shock,True,none,expected_loss,ceded,success,408835610.63337755,362645239.55470467,46190371.078672886,46190371.078672886,12.73706808764137,12.73706808764137,0.008695221000380116,20260848,pricing_mc_v1
33,long_shock_break,long,shock,True,none,expected_loss,gross,success,755729893.7176973,785707528.2337258,-29977634.516028523,29977634.516028523,-3.815368115845649,3.815368115845649,0.00829635199988843,20260849,pricing_mc_v1
33,long_shock_break,long,shock,True,none,expected_loss,ceded,success,396646398.79336596,400625885.16308933,-3979486.3697233796,3979486.3697233796,-0.9933173359737814,0.9933173359737814,0.008740586001295014,20260849,pricing_mc_v1
34,long_shock_break,long,shock,True,none,expected_loss,gross,success,819008443.096323,800906081.456087,18102361.64023602,18102361.64023602,2.2602352584618948,2.2602352584618948,0.00847452700145368,20260850,pricing_mc_v1
34,long_shock_break,long,shock,True,none,expected_loss,ceded,success,432618354.9402716,434190328.6126816,-1571973.6724100113,1571973.6724100113,-0.36204714126930415,0.36204714126930415,0.008657914999275818,20260850,pricing_mc_v1
35,long_shock_break,long,shock,True,none,expected_loss,gross,success,839584308.5561061,744276179.3819773,95308129.17412877,95308129.17412877,12.805478908819778,12.805478908819778,0.008486106000418658,20260851,pricing_mc_v1
35,long_shock_break,long,shock,True,none,expected_loss,ceded,success,409128643.5630293,383540663.9225669,25587979.6404624,25587979.6404624,6.67151675099263,6.67151675099263,0.008473388001220883,20260851,pricing_mc_v1
36,long_shock_break,long,shock,True,none,expected_loss,gross,success,880796583.683629,704931598.8429883,175864984.84064078,175864984.84064078,24.947808429823528,24.947808429823528,0.008942711001509451,20260852,pricing_mc_v1
36,long_shock_break,long,shock,True,none,expected_loss,ceded,success,456372761.5850167,369844933.2565078,86527828.32850891,86527828.32850891,23.39570467185422,23.39570467185422,0.008535943999959272,20260852,pricing_mc_v1
37,long_shock_break,long,shock,True,none,expected_loss,gross,success,877260590.1589351,644659046.3804226,232601543.77851248,232601543.77851248,36.081327809561365,36.081327809561365,0.009011371999804396,20260853,pricing_mc_v1
37,long_shock_break,long,shock,True,none,expected_loss,ceded,success,425330097.6090771,344271507.54818845,81058590.06088865,81058590.06088865,23.544960382625536,23.544960382625536,0.008810358000118867,20260853,pricing_mc_v1
38,long_shock_break,long,shock,True,none,expected_loss,gross,success,811020001.3610401,757774575.3067439,53245426.054296255,53245426.054296255,7.02655219499054,7.02655219499054,0.008312699999805773,20260854,pricing_mc_v1
38,long_shock_break,long,shock,True,none,expected_loss,ceded,success,419497581.06937325,384335613.89886,35161967.17051327,35161967.17051327,9.148766312290366,9.148766312290366,0.008441257999947993,20260854,pricing_mc_v1
39,long_shock_break,long,shock,True,none,expected_loss,gross,success,826320126.6534139,793850831.1601005,32469295.49331343,32469295.49331343,4.0901003335682296,4.0901003335682296,0.008618603000286384,20260855,pricing_mc_v1
39,long_shock_break,long,shock,True,none,expected_loss,ceded,success,426675038.7303449,411609718.6487835,15065320.081561387,15065320.081561387,3.6600982433109785,3.6600982433109785,0.008785932999671786,20260855,pricing_mc_v1
40,long_shock_break,long,shock,True,none,expected_loss,gross,success,779686655.6634076,655514909.562981,124171746.10042655,124171746.10042655,18.94262728260589,18.94262728260589,0.00857869399987976,20260856,pricing_mc_v1
40,long_shock_break,long,shock,True,none,expected_loss,ceded,success,400081719.14732254,329379459.9084445,70702259.23887801,70702259.23887801,21.465290901421316,21.465290901421316,0.00840125400100078,20260856,pricing_mc_v1
41,long_shock_break,long,shock,True,none,expected_loss,gross,success,861403398.6791974,746170673.8772634,115232724.801934,115232724.801934,15.443212771035341,15.443212771035341,0.008574893001423334,20260857,pricing_mc_v1
41,long_shock_break,long,shock,True,none,expected_loss,ceded,success,434477897.722988,402235467.7553806,32242429.96760744,32242429.96760744,8.015809781154275,8.015809781154275,0.00857383199945616,20260857,pricing_mc_v1
42,long_shock_break,long,shock,True,none,expected_loss,gross,success,788470252.4359033,855730060.6889951,-67259808.25309181,67259808.25309181,-7.859932862348818,7.859932862348818,0.008428891000221483,20260858,pricing_mc_v1
42,long_shock_break,long,shock,True,none,expected_loss,ceded,success,392484136.30193394,444967640.80671847,-52483504.504784524,52483504.504784524,-11.794903649540192,11.794903649540192,0.008455749999484397,20260858,pricing_mc_v1
43,long_shock_break,long,shock,True,none,expected_loss,gross,success,845012408.468665,796623825.1628985,48388583.30576646,48388583.30576646,6.074207395927641,6.074207395927641,0.008101502999124932,20260859,pricing_mc_v1
43,long_shock_break,long,shock,True,none,expected_loss,ceded,success,423529697.5152507,441745711.4342898,-18216013.91903913,18216013.91903913,-4.123642504619716,4.123642504619716,0.008559521000279346,20260859,pricing_mc_v1
44,long_shock_break,long,shock,True,none,expected_loss,gross,success,842393399.0348886,884160408.2422583,-41767009.207369685,41767009.207369685,-4.723917607937676,4.723917607937676,0.008182180999938282,20260860,pricing_mc_v1
44,long_shock_break,long,shock,True,none,expected_loss,ceded,success,455761025.3763324,471451543.6070763,-15690518.230743885,15690518.230743885,-3.3281295699438616,3.3281295699438616,0.009133606999967014,20260860,pricing_mc_v1
45,long_shock_break,long,shock,True,none,expected_loss,gross,success,728664648.3977269,758982085.7695277,-30317437.37180078,30317437.37180078,-3.9944865551157376,3.9944865551157376,0.008404514999710955,20260861,pricing_mc_v1
45,long_shock_break,long,shock,True,none,expected_loss,ceded,success,373957180.78606284,398276787.67611235,-24319606.890049517,24319606.890049517,-6.106207452347629,6.106207452347629,0.008149069999490166,20260861,pricing_mc_v1
46,long_shock_break,long,shock,True,none,expected_loss,gross,success,801740212.4986029,798768522.9955536,2971689.5030492544,2971689.5030492544,0.37203387683640565,0.37203387683640565,0.008494312000038917,20260862,pricing_mc_v1
46,long_shock_break,long,shock,True,none,expected_loss,ceded,success,409104355.25974953,417206528.94205534,-8102173.682305813,8102173.682305813,-1.9420054865515064,1.9420054865515064,0.008512382999469992,20260862,pricing_mc_v1
47,long_shock_break,long,shock,True,none,expected_loss,gross,success,850427432.2242398,722215878.1384668,128211554.08577299,128211554.08577299,17.752524967498932,17.752524967498932,0.008664252000016859,20260863,pricing_mc_v1
47,long_shock_break,long,shock,True,none,expected_loss,ceded,success,422875160.99725735,374346090.2077977,48529070.789459646,48529070.789459646,12.963691102669562,12.963691102669562,0.008535544000551454,20260863,pricing_mc_v1
48,long_shock_break,long,shock,True,none,expected_loss,gross,success,922254412.1743398,739204803.5749645,183049608.59937525,183049608.59937525,24.763043707793184,24.763043707793184,0.008692409001014312,20260864,pricing_mc_v1
48,long_shock_break,long,shock,True,none,expected_loss,ceded,success,428206856.3671529,396701492.4502405,31505363.916912436,31505363.916912436,7.941831456775841,7.941831456775841,0.008073124001384713,20260864,pricing_mc_v1
49,long_shock_break,long,shock,True,none,expected_loss,gross,success,863291556.457148,680344587.2157975,182946969.2413504,182946969.2413504,26.890339495465362,26.890339495465362,0.009360812000522856,20260865,pricing_mc_v1
49,long_shock_break,long,shock,True,none,expected_loss,ceded,success,418231397.2348063,354884987.05735826,63346410.177448034,63346410.177448034,17.84984219893463,17.84984219893463,0.008633336999992025,20260865,pricing_mc_v1
50,long_shock_break,long,shock,True,none,expected_loss,gross,success,858421857.3545026,798575480.5610548,59846376.79344773,59846376.79344773,7.49414153705314,7.49414153705314,0.008487398999932338,20260866,pricing_mc_v1
50,long_shock_break,long,shock,True,none,expected_loss,ceded,success,425659779.56515193,404040428.71112746,21619350.85402447,21619350.85402447,5.350789009651662,5.350789009651662,0.00848053400113713,20260866,pricing_mc_v1
