simulation_id,seed,scenario_id,frequency_scenario,tail_type,inflation_scenario,structural_break,clause_type,model,basis,observed_paid,true_reserve,true_ultimate,estimated_reserve,selected_alpha,runtime_seconds,success_or_failure,failure_category,failure_reason,pipeline_reconciliation_passed,model_reconciliation_passed,signed_error,absolute_error,percentage_error,absolute_percentage_error,normalised_error
1,20260817,short_stable_no_break,constant,short,stable,False,none,regularized_poisson,gross,1424198583.2769885,137675538.21388325,1561874121.490872,116609091.53771064,0.001,3.924847285001306,success,,,True,True,-21066446.676172614,21066446.676172614,-15.301517574926947,15.301517574926947,-0.15301517574926948
1,20260817,short_stable_no_break,constant,short,stable,False,none,regularized_poisson,ceded,244792131.89672413,55892585.70819511,300684717.60491925,63264224.9837437,0.001,2.9859674449980957,success,,,True,True,7371639.275548585,7371639.275548585,13.18893943113413,13.18893943113413,0.1318893943113413
1,20260817,short_stable_no_break,constant,short,stable,False,none,regularized_poisson_break_interaction,gross,1424198583.2769885,137675538.21388325,1561874121.490872,116609091.54312667,0.001,2.1780647829982627,success,,,True,True,-21066446.67075658,21066446.67075658,-15.301517570993036,15.301517570993036,-0.15301517570993037
1,20260817,short_stable_no_break,constant,short,stable,False,none,regularized_poisson_break_interaction,ceded,244792131.89672413,55892585.70819511,300684717.60491925,63264224.98375762,0.001,2.0643621330018505,success,,,True,True,7371639.27556251,7371639.27556251,13.188939431159044,13.188939431159044,0.13188939431159044
1,20260817,short_emerging_no_break,constant,short,emerging,False,none,regularized_poisson,gross,1451586318.1868544,152925951.09167618,1604512269.2785308,145493476.92597675,0.0001,2.3098657179980364,success,,,True,True,-7432474.165699422,7432474.165699422,-4.860178480265783,4.860178480265783,-0.04860178480265783
1,20260817,short_emerging_no_break,constant,short,emerging,False,none,regularized_poisson,ceded,257694822.27722293,70592445.43832305,328287267.71554595,66137701.4596811,0.01,1.9922509149982943,success,,,True,True,-4454743.97864195,4454743.97864195,-6.310510920795457,6.310510920795457,-0.06310510920795456
1,20260817,short_emerging_no_break,constant,short,emerging,False,none,regularized_poisson_break_interaction,gross,1451586318.1868544,152925951.09167618,1604512269.2785308,145493476.86039543,0.0001,2.39057479999974,success,,,True,True,-7432474.231280744,7432474.231280744,-4.8601785231501475,4.8601785231501475,-0.04860178523150147
1,20260817,short_emerging_no_break,constant,short,emerging,False,none,regularized_poisson_break_interaction,ceded,257694822.27722293,70592445.43832305,328287267.71554595,66137701.45968111,0.01,2.0733100449979247,success,,,True,True,-4454743.978641942,4454743.978641942,-6.310510920795445,6.310510920795445,-0.06310510920795445
1,20260817,short_shock_no_break,constant,short,shock,False,none,regularized_poisson,gross,1476117978.9648635,171459997.0574296,1647577976.022293,164444620.40815592,0.0001,2.2781413339980645,success,,,True,True,-7015376.649273694,7015376.649273694,-4.091552997591578,4.091552997591578,-0.040915529975915785
1,20260817,short_shock_no_break,constant,short,shock,False,none,regularized_poisson,ceded,268823078.6466661,92301960.7631166,361125039.40978265,91348062.84542653,0.1,2.330269178997696,success,,,True,True,-953897.9176900685,953897.9176900685,-1.0334535797545499,1.0334535797545499,-0.010334535797545499
1,20260817,short_shock_no_break,constant,short,shock,False,none,regularized_poisson_break_interaction,gross,1476117978.9648635,171459997.0574296,1647577976.022293,164444568.97721142,0.0001,2.3210996399975556,success,,,True,True,-7015428.080218196,7015428.080218196,-4.09158299347714,4.09158299347714,-0.04091582993477141
1,20260817,short_shock_no_break,constant,short,shock,False,none,regularized_poisson_break_interaction,ceded,268823078.6466661,92301960.7631166,361125039.40978265,91348062.8454265,0.1,2.1867840939994494,success,,,True,True,-953897.9176900983,953897.9176900983,-1.033453579754582,1.033453579754582,-0.010334535797545822
1,20260817,long_stable_no_break,constant,long,stable,False,none,regularized_poisson,gross,1067805689.3061192,753698005.0920122,1821503694.3981314,699251110.9202068,0.001,2.4765072939990205,success,,,True,True,-54446894.17180538,54446894.17180538,-7.223966867891399,7.223966867891399,-0.07223966867891399
1,20260817,long_stable_no_break,constant,long,stable,False,none,regularized_poisson,ceded,139213657.60900772,301848095.26935834,441061752.87836605,420603929.46004033,0.1,2.1087137009999424,success,,,True,True,118755834.190682,118755834.190682,39.34291322418602,39.34291322418602,0.3934291322418602
1,20260817,long_stable_no_break,constant,long,stable,False,none,regularized_poisson_break_interaction,gross,1067805689.3061192,753698005.0920122,1821503694.3981314,699251071.4475393,0.001,2.4706195699982345,success,,,True,True,-54446933.64447284,54446933.64447284,-7.223972105090805,7.223972105090805,-0.07223972105090805
1,20260817,long_stable_no_break,constant,long,stable,False,none,regularized_poisson_break_interaction,ceded,139213657.60900772,301848095.26935834,441061752.87836605,420603929.4598582,0.1,2.320358834000217,success,,,True,True,118755834.19049984,118755834.19049984,39.342913224125674,39.342913224125674,0.39342913224125675
1,20260817,long_emerging_no_break,constant,long,emerging,False,none,regularized_poisson,gross,1091821203.1428115,880522805.4172087,1972344008.5600202,745013662.5872685,0.001,3.12895899599971,success,,,True,True,-135509142.8299402,135509142.8299402,-15.389623300640503,15.389623300640503,-0.15389623300640504
1,20260817,long_emerging_no_break,constant,long,emerging,False,none,regularized_poisson,ceded,147306215.29539862,408650367.9529617,555956583.2483603,615682500.2633258,0.1,2.4297258850019716,success,,,True,True,207032132.31036413,207032132.31036413,50.66241181855362,50.66241181855362,0.5066241181855362
1,20260817,long_emerging_no_break,constant,long,emerging,False,none,regularized_poisson_break_interaction,gross,1091821203.1428115,880522805.4172087,1972344008.5600202,745013771.459854,0.001,2.769545676001144,success,,,True,True,-135509033.95735466,135509033.95735466,-15.389610936101523,15.389610936101523,-0.15389610936101522
1,20260817,long_emerging_no_break,constant,long,emerging,False,none,regularized_poisson_break_interaction,ceded,147306215.29539862,408650367.9529617,555956583.2483603,615682500.2633954,0.1,2.2804220160032855,success,,,True,True,207032132.31043375,207032132.31043375,50.66241181857066,50.66241181857066,0.5066241181857066
1,20260817,long_shock_no_break,constant,long,shock,False,none,regularized_poisson,gross,1112765702.8961644,991396478.4184726,2104162181.3146372,904661017.8009014,0.0001,2.872693712997716,success,,,True,True,-86735460.61757123,86735460.61757123,-8.748816695005429,8.748816695005429,-0.08748816695005429
1,20260817,long_shock_no_break,constant,long,shock,False,none,regularized_poisson,ceded,154504925.8004606,499766947.86483264,654271873.6652933,681827143.240942,0.1,2.341753181997774,success,,,True,True,182060195.37610936,182060195.37610936,36.429018796447,36.429018796447,0.36429018796447
1,20260817,long_shock_no_break,constant,long,shock,False,none,regularized_poisson_break_interaction,gross,1112765702.8961644,991396478.4184726,2104162181.3146372,904662233.6160084,0.0001,2.6599842369978433,success,,,True,True,-86734244.80246425,86734244.80246425,-8.748694058387946,8.748694058387946,-0.08748694058387946
1,20260817,long_shock_no_break,constant,long,shock,False,none,regularized_poisson_break_interaction,ceded,154504925.8004606,499766947.86483264,654271873.6652933,681827143.2409735,0.1,2.381941267998627,success,,,True,True,182060195.37614083,182060195.37614083,36.4290187964533,36.4290187964533,0.364290187964533
1,20260817,long_stable_break,constant,long,stable,True,none,regularized_poisson,gross,1168823294.6507585,602481291.9983402,1771304586.6490989,813981113.618146,0.001,2.71603148199938,success,,,True,True,211499821.6198057,211499821.6198057,35.10479485898931,35.10479485898931,0.3510479485898931
1,20260817,long_stable_break,constant,long,stable,True,none,regularized_poisson,ceded,174053013.37012684,231211775.9309288,405264789.30105567,588266143.9924498,0.1,2.20250484799908,success,,,True,True,357054368.06152093,357054368.06152093,154.42741470407884,154.42741470407884,1.5442741470407884
1,20260817,long_stable_break,constant,long,stable,True,none,regularized_poisson_break_interaction,gross,1168823294.6507585,602481291.9983402,1771304586.6490989,800648924.7968311,0.1,2.791669460002595,success,,,True,True,198167632.79849088,198167632.79849088,32.89191472505287,32.89191472505287,0.32891914725052873
1,20260817,long_stable_break,constant,long,stable,True,none,regularized_poisson_break_interaction,ceded,174053013.37012684,231211775.9309288,405264789.30105567,421690931.1680058,0.1,3.117278460002126,success,,,True,True,190479155.23707703,190479155.23707703,82.38298177943149,82.38298177943149,0.8238298177943149
1,20260817,long_emerging_break,constant,long,emerging,True,none,regularized_poisson,gross,1196839392.5865352,690279196.5937967,1887118589.180332,851544516.2944146,0.01,3.12001266599691,success,,,True,True,161265319.7006179,161265319.7006179,23.36233229921841,23.36233229921841,0.23362332299218408
1,20260817,long_emerging_break,constant,long,emerging,True,none,regularized_poisson,ceded,185149937.4141995,305729466.5237079,490879403.93790746,841573976.0413417,0.1,2.4337905930005945,success,,,True,True,535844509.51763374,535844509.51763374,175.26753819657793,175.26753819657793,1.7526753819657794
1,20260817,long_emerging_break,constant,long,emerging,True,none,regularized_poisson_break_interaction,gross,1196839392.5865352,690279196.5937967,1887118589.180332,911081548.4180418,0.1,2.9666635130015493,success,,,True,True,220802351.8242451,220802351.8242451,31.98739769557027,31.98739769557027,0.3198739769557027
1,20260817,long_emerging_break,constant,long,emerging,True,none,regularized_poisson_break_interaction,ceded,185149937.4141995,305729466.5237079,490879403.93790746,630041172.7120423,0.1,3.2915211110012024,success,,,True,True,324311706.1883344,324311706.1883344,106.07800087963896,106.07800087963896,1.0607800087963897
1,20260817,long_shock_break,constant,long,shock,True,none,regularized_poisson,gross,1221321986.2212884,776649688.4045899,1997971674.6258786,1049641524.2683017,0.001,3.0418861100006325,success,,,True,True,272991835.86371183,272991835.86371183,35.14993180831597,35.14993180831597,0.3514993180831597
1,20260817,long_shock_break,constant,long,shock,True,none,regularized_poisson,ceded,195081558.08736962,379285494.58321106,574367052.6705806,939547915.5077072,0.1,2.3201848639982927,success,,,True,True,560262420.9244962,560262420.9244962,147.71522479132952,147.71522479132952,1.4771522479132952
1,20260817,long_shock_break,constant,long,shock,True,none,regularized_poisson_break_interaction,gross,1221321986.2212884,776649688.4045899,1997971674.6258786,1036300515.372192,0.1,2.9421948400013207,success,,,True,True,259650826.96760213,259650826.96760213,33.432167789957184,33.432167789957184,0.33432167789957185
1,20260817,long_shock_break,constant,long,shock,True,none,regularized_poisson_break_interaction,ceded,195081558.08736962,379285494.58321106,574367052.6705806,690598699.3486876,0.1,3.1514928579999832,success,,,True,True,311313204.7654766,311313204.7654766,82.07885859372823,82.07885859372823,0.8207885859372823
2,20260818,short_stable_no_break,constant,short,stable,False,none,regularized_poisson,gross,1560263867.5302718,107139513.3591665,1667403380.8894386,121798197.35791665,0.001,2.392671664001682,success,,,True,True,14658683.99875015,14658683.99875015,13.681865391351437,13.681865391351437,0.13681865391351436
2,20260818,short_stable_no_break,constant,short,stable,False,none,regularized_poisson,ceded,283940336.7788383,53582073.925859615,337522410.70469785,75673824.1319769,0.01,2.0050969910007552,success,,,True,True,22091750.206117287,22091750.206117287,41.22974082094167,41.22974082094167,0.41229740820941674
2,20260818,short_stable_no_break,constant,short,stable,False,none,regularized_poisson_break_interaction,gross,1560263867.5302718,107139513.3591665,1667403380.8894386,121798197.44805747,0.001,2.22018484200089,success,,,True,True,14658684.08889097,14658684.08889097,13.681865475485495,13.681865475485495,0.13681865475485494
2,20260818,short_stable_no_break,constant,short,stable,False,none,regularized_poisson_break_interaction,ceded,283940336.7788383,53582073.925859615,337522410.70469785,75673824.13197693,0.01,2.018791038000927,success,,,True,True,22091750.206117317,22091750.206117317,41.22974082094173,41.22974082094173,0.4122974082094173
2,20260818,short_emerging_no_break,constant,short,emerging,False,none,regularized_poisson,gross,1587794059.9479802,118893676.42537048,1706687736.3733506,143990957.31260926,0.001,2.546527212998626,success,,,True,True,25097280.88723877,25097280.88723877,21.10901238973153,21.10901238973153,0.2110901238973153
2,20260818,short_emerging_no_break,constant,short,emerging,False,none,regularized_poisson,ceded,297659277.6447887,67858248.2673998,365517525.91218853,73563484.95638582,0.01,1.9859798260004027,success,,,True,True,5705236.688986018,5705236.688986018,8.407580264235772,8.407580264235772,0.08407580264235771
2,20260818,short_emerging_no_break,constant,short,emerging,False,none,regularized_poisson_break_interaction,gross,1587794059.9479802,118893676.42537048,1706687736.3733506,143990957.30374366,0.001,2.2947216579996166,success,,,True,True,25097280.878373176,25097280.878373176,21.109012382274788,21.109012382274788,0.2110901238227479
2,20260818,short_emerging_no_break,constant,short,emerging,False,none,regularized_poisson_break_interaction,ceded,297659277.6447887,67858248.2673998,365517525.91218853,73563484.95565064,0.01,2.1029300699992746,success,,,True,True,5705236.68825084,5705236.68825084,8.407580263152369,8.407580263152369,0.08407580263152369
2,20260818,short_shock_no_break,constant,short,shock,False,none,regularized_poisson,gross,1610540784.9827437,133268769.08528441,1743809554.068028,151142804.02201968,0.01,2.5245680900006846,success,,,True,True,17874034.936735272,17874034.936735272,13.412020730300966,13.412020730300966,0.13412020730300966
2,20260818,short_shock_no_break,constant,short,shock,False,none,regularized_poisson,ceded,309343730.8364114,85850689.8971627,395194420.73357415,95720077.6376793,0.1,2.071354057999997,success,,,True,True,9869387.740516588,9869387.740516588,11.49599118229423,11.49599118229423,0.1149599118229423
2,20260818,short_shock_no_break,constant,short,shock,False,none,regularized_poisson_break_interaction,gross,1610540784.9827437,133268769.08528441,1743809554.068028,151142840.8497192,0.01,2.3212837610008137,success,,,True,True,17874071.764434785,17874071.764434785,13.412048364456941,13.412048364456941,0.1341204836445694
2,20260818,short_shock_no_break,constant,short,shock,False,none,regularized_poisson_break_interaction,ceded,309343730.8364114,85850689.8971627,395194420.73357415,95720077.63805841,0.1,2.091004085003078,success,,,True,True,9869387.740895703,9869387.740895703,11.495991182735828,11.495991182735828,0.11495991182735829
2,20260818,long_stable_no_break,constant,long,stable,False,none,regularized_poisson,gross,1196936352.7115633,749878049.581145,1946814402.2927084,744314930.036871,0.0001,2.4544744660015567,success,,,True,True,-5563119.544274092,5563119.544274092,-0.7418699010301009,0.7418699010301009,-0.007418699010301009
2,20260818,long_stable_no_break,constant,long,stable,False,none,regularized_poisson,ceded,171928813.22165173,326939886.65297246,498868699.8746242,505731086.2626562,0.1,2.3707169170011184,success,,,True,True,178791199.60968375,178791199.60968375,54.686260963765534,54.686260963765534,0.5468626096376553
2,20260818,long_stable_no_break,constant,long,stable,False,none,regularized_poisson_break_interaction,gross,1196936352.7115633,749878049.581145,1946814402.2927084,744314834.4738318,0.0001,2.4105854249974072,success,,,True,True,-5563215.107313275,5563215.107313275,-0.7418826448408095,0.7418826448408095,-0.007418826448408094
2,20260818,long_stable_no_break,constant,long,stable,False,none,regularized_poisson_break_interaction,ceded,171928813.22165173,326939886.65297246,498868699.8746242,505731086.7757192,0.1,2.2517897809993883,success,,,True,True,178791200.12274677,178791200.12274677,54.68626112069438,54.68626112069438,0.5468626112069438
2,20260818,long_emerging_no_break,constant,long,emerging,False,none,regularized_poisson,gross,1223254240.621545,873630936.4761838,2096885177.0977292,857315379.6995354,0.001,3.026405862001411,success,,,True,True,-16315556.776648402,16315556.776648402,-1.867557122285262,1.867557122285262,-0.01867557122285262
2,20260818,long_emerging_no_break,constant,long,emerging,False,none,regularized_poisson,ceded,180225149.73210642,435759123.7895667,615984273.5216732,729620233.6271731,0.1,2.455779738000274,success,,,True,True,293861109.8376064,293861109.8376064,67.43659370389119,67.43659370389119,0.6743659370389119
2,20260818,long_emerging_no_break,constant,long,emerging,False,none,regularized_poisson_break_interaction,gross,1223254240.621545,873630936.4761838,2096885177.0977292,857315767.3989347,0.001,2.4801520250002795,success,,,True,True,-16315169.07724905,16315169.07724905,-1.8675127443468025,1.8675127443468025,-0.018675127443468026
2,20260818,long_emerging_no_break,constant,long,emerging,False,none,regularized_poisson_break_interaction,ceded,180225149.73210642,435759123.7895667,615984273.5216732,729620233.6272182,0.1,2.348074474000896,success,,,True,True,293861109.83765155,293861109.83765155,67.43659370390156,67.43659370390156,0.6743659370390156
2,20260818,long_shock_no_break,constant,long,shock,False,none,regularized_poisson,gross,1245938880.1247735,983498757.6015201,2229437637.726294,986711476.4127642,0.001,2.6322604339984537,success,,,True,True,3212718.81124413,3212718.81124413,0.3266622134916629,0.3266622134916629,0.0032666221349166294
2,20260818,long_shock_no_break,constant,long,shock,False,none,regularized_poisson,ceded,186952060.84313503,534015095.1365743,720967155.9797094,730911852.9155844,0.1,2.379614138000761,success,,,True,True,196896757.77901012,196896757.77901012,36.87100974714091,36.87100974714091,0.3687100974714091
2,20260818,long_shock_no_break,constant,long,shock,False,none,regularized_poisson_break_interaction,gross,1245938880.1247735,983498757.6015201,2229437637.726294,986711329.7770944,0.001,2.4380833379982505,success,,,True,True,3212572.1755743027,3212572.1755743027,0.3266473038978588,0.3266473038978588,0.003266473038978588
2,20260818,long_shock_no_break,constant,long,shock,False,none,regularized_poisson_break_interaction,ceded,186952060.84313503,534015095.1365743,720967155.9797094,730911852.6144098,0.1,2.3367976019981143,success,,,True,True,196896757.47783548,196896757.47783548,36.87100969074276,36.87100969074276,0.36871009690742756
2,20260818,long_stable_break,constant,long,stable,True,none,regularized_poisson,gross,1309848529.1163619,584977012.7306271,1894825541.8469892,965537659.0015087,0.0001,2.696977992000029,success,,,True,True,380560646.27088165,380560646.27088165,65.05565825474991,65.05565825474991,0.6505565825474992
2,20260818,long_stable_break,constant,long,stable,True,none,regularized_poisson,ceded,203926973.7624354,256776491.65195692,460703465.41439235,582077166.785614,0.1,2.4382883480029705,success,,,True,True,325300675.1336571,325300675.1336571,126.6863150286281,126.6863150286281,1.266863150286281
2,20260818,long_stable_break,constant,long,stable,True,none,regularized_poisson_break_interaction,gross,1309848529.1163619,584977012.7306271,1894825541.8469892,874953160.3484868,1.0,2.632427213000483,success,,,True,True,289976147.6178597,289976147.6178597,49.57052009005853,49.57052009005853,0.4957052009005853
2,20260818,long_stable_break,constant,long,stable,True,none,regularized_poisson_break_interaction,ceded,203926973.7624354,256776491.65195692,460703465.41439235,439456326.7711877,0.1,3.445948673001112,success,,,True,True,182679835.1192308,182679835.1192308,71.14352016571708,71.14352016571708,0.7114352016571708
2,20260818,long_emerging_break,constant,long,emerging,True,none,regularized_poisson,gross,1340755716.6163971,668155030.1461856,2008910746.7625828,1025771505.4753975,0.01,2.8505320259973814,success,,,True,True,357616475.32921183,357616475.32921183,53.52297882887582,53.52297882887582,0.5352297882887582
2,20260818,long_emerging_break,constant,long,emerging,True,none,regularized_poisson,ceded,215045826.75886703,332662627.84441507,547708454.603282,784820736.218461,0.1,2.4553372349982965,success,,,True,True,452158108.37404597,452158108.37404597,135.92092123600926,135.92092123600926,1.3592092123600925
2,20260818,long_emerging_break,constant,long,emerging,True,none,regularized_poisson_break_interaction,gross,1340755716.6163971,668155030.1461856,2008910746.7625828,1001763173.7964258,1.0,2.9215273249974416,success,,,True,True,333608143.6502402,333608143.6502402,49.92975112037248,49.92975112037248,0.4992975112037248
2,20260818,long_emerging_break,constant,long,emerging,True,none,regularized_poisson_break_interaction,ceded,215045826.75886703,332662627.84441507,547708454.603282,629616134.8563311,0.1,3.8808472900018387,success,,,True,True,296953507.01191604,296953507.01191604,89.26566501807349,89.26566501807349,0.8926566501807349
2,20260818,long_shock_break,constant,long,shock,True,none,regularized_poisson,gross,1367468325.7963927,751561324.2684755,2119029650.064868,1229675289.0736113,0.01,2.907087565999973,success,,,True,True,478113964.8051357,478113964.8051357,63.61609483703848,63.61609483703848,0.6361609483703848
2,20260818,long_shock_break,constant,long,shock,True,none,regularized_poisson,ceded,224096348.3378269,410910544.1490245,635006892.4868512,794323372.4721595,0.1,2.4815588319979724,success,,,True,True,383412828.323135,383412828.323135,93.30810167384828,93.30810167384828,0.9330810167384829
2,20260818,long_shock_break,constant,long,shock,True,none,regularized_poisson_break_interaction,gross,1367468325.7963927,751561324.2684755,2119029650.064868,1121553900.2062523,1.0,2.81846632000088,success,,,True,True,369992575.9377768,369992575.9377768,49.229858428107015,49.229858428107015,0.49229858428107015
2,20260818,long_shock_break,constant,long,shock,True,none,regularized_poisson_break_interaction,ceded,224096348.3378269,410910544.1490245,635006892.4868512,447176173.4717066,1.0,3.4624207080014457,success,,,True,True,36265629.32268214,36265629.32268214,8.825675037808162,8.825675037808162,0.08825675037808162
3,20260819,short_stable_no_break,constant,short,stable,False,none,regularized_poisson,gross,1614789199.669657,95306481.37821576,1710095681.047873,111859876.81032096,0.001,2.3841952580005454,success,,,True,True,16553395.432105199,16553395.432105199,17.368593607411064,17.368593607411064,0.17368593607411065
3,20260819,short_stable_no_break,constant,short,stable,False,none,regularized_poisson,ceded,322348181.7723197,52023753.56578843,374371935.33810806,51487791.75215777,0.001,1.9664600579999387,success,,,True,True,-535961.8136306629,535961.8136306629,-1.030225189254931,1.030225189254931,-0.01030225189254931
3,20260819,short_stable_no_break,constant,short,stable,False,none,regularized_poisson_break_interaction,gross,1614789199.669657,95306481.37821576,1710095681.047873,111859876.817159,0.001,2.1605791059992043,success,,,True,True,16553395.438943237,16553395.438943237,17.368593614585855,17.368593614585855,0.17368593614585853
3,20260819,short_stable_no_break,constant,short,stable,False,none,regularized_poisson_break_interaction,ceded,322348181.7723197,52023753.56578843,374371935.33810806,51487791.696756795,0.001,2.039169358999061,success,,,True,True,-535961.8690316379,535961.8690316379,-1.0302252957466225,1.0302252957466225,-0.010302252957466224
3,20260819,short_emerging_no_break,constant,short,emerging,False,none,regularized_poisson,gross,1638532719.1878507,105837545.20554811,1744370264.3933988,95895275.86754054,0.0001,2.327558348999446,success,,,True,True,-9942269.33800757,9942269.33800757,-9.393896389696673,9.393896389696673,-0.09393896389696674
3,20260819,short_emerging_no_break,constant,short,emerging,False,none,regularized_poisson,ceded,336020443.13455486,66381607.12761541,402402050.2621702,47841358.85604146,0.001,2.0305675820018223,success,,,True,True,-18540248.271573946,18540248.271573946,-27.92979723424174,27.92979723424174,-0.2792979723424174
3,20260819,short_emerging_no_break,constant,short,emerging,False,none,regularized_poisson_break_interaction,gross,1638532719.1878507,105837545.20554811,1744370264.3933988,95895275.38199964,0.0001,2.2700131189994863,success,,,True,True,-9942269.823548466,9942269.823548466,-9.393896848457217,9.393896848457217,-0.09393896848457217
3,20260819,short_emerging_no_break,constant,short,emerging,False,none,regularized_poisson_break_interaction,ceded,336020443.13455486,66381607.12761541,402402050.2621702,47841358.856187575,0.001,2.097626078997564,success,,,True,True,-18540248.271427833,18540248.271427833,-27.92979723402163,27.92979723402163,-0.2792979723402163
3,20260819,short_shock_no_break,constant,short,shock,False,none,regularized_poisson,gross,1658190995.046609,118658528.34133771,1776849523.387947,110416011.57829939,0.0001,2.473392039999453,success,,,True,True,-8242516.763038322,8242516.763038322,-6.946417487437212,6.946417487437212,-0.06946417487437212
3,20260819,short_shock_no_break,constant,short,shock,False,none,regularized_poisson,ceded,347759166.8937111,84759556.8790487,432518723.7727598,63968038.01136983,0.01,2.00968454300164,success,,,True,True,-20791518.867678873,20791518.867678873,-24.529999487076395,24.529999487076395,-0.24529999487076395
3,20260819,short_shock_no_break,constant,short,shock,False,none,regularized_poisson_break_interaction,gross,1658190995.046609,118658528.34133771,1776849523.387947,110416011.22371727,0.0001,2.239810426999611,success,,,True,True,-8242517.117620438,8242517.117620438,-6.9464177862628596,6.9464177862628596,-0.0694641778626286
3,20260819,short_shock_no_break,constant,short,shock,False,none,regularized_poisson_break_interaction,ceded,347759166.8937111,84759556.8790487,432518723.7727598,63968037.996583566,0.01,2.060398339999665,success,,,True,True,-20791518.88246514,20791518.88246514,-24.52999950452135,24.52999950452135,-0.2452999950452135
3,20260819,long_stable_no_break,constant,long,stable,False,none,regularized_poisson,gross,1292275447.4992423,703107364.89855,1995382812.3977923,799871427.354521,0.001,2.570225663999736,success,,,True,True,96764062.455971,96764062.455971,13.76234516757379,13.76234516757379,0.1376234516757379
3,20260819,long_stable_no_break,constant,long,stable,False,none,regularized_poisson,ceded,231826059.89145637,321703342.23595023,553529402.1274066,401821815.533455,0.1,2.268032334999589,success,,,True,True,80118473.29750478,80118473.29750478,24.90445785880044,24.90445785880044,0.2490445785880044
3,20260819,long_stable_no_break,constant,long,stable,False,none,regularized_poisson_break_interaction,gross,1292275447.4992423,703107364.89855,1995382812.3977923,799871264.3170528,0.001,2.3715963659997215,success,,,True,True,96763899.41850281,96763899.41850281,13.762321979441175,13.762321979441175,0.13762321979441175
3,20260819,long_stable_no_break,constant,long,stable,False,none,regularized_poisson_break_interaction,ceded,231826059.89145637,321703342.23595023,553529402.1274066,401821815.5334585,0.1,2.2556124219991034,success,,,True,True,80118473.29750824,80118473.29750824,24.904457858801514,24.904457858801514,0.24904457858801515
3,20260819,long_emerging_no_break,constant,long,emerging,False,none,regularized_poisson,gross,1319510517.7260647,817379242.251468,2136889759.9775324,746846941.2416286,0.01,2.8167863989983744,success,,,True,True,-70532301.0098393,70532301.0098393,-8.62907905705537,8.62907905705537,-0.0862907905705537
3,20260819,long_emerging_no_break,constant,long,emerging,False,none,regularized_poisson,ceded,240855488.69553253,430686769.09559107,671542257.7911236,526628884.060454,0.1,2.4716950119982357,success,,,True,True,95942114.96486294,95942114.96486294,22.276541061694086,22.276541061694086,0.22276541061694086
3,20260819,long_emerging_no_break,constant,long,emerging,False,none,regularized_poisson_break_interaction,gross,1319510517.7260647,817379242.251468,2136889759.9775324,746846906.5228809,0.01,2.53341397999975,success,,,True,True,-70532335.72858703,70532335.72858703,-8.629083304624423,8.629083304624423,-0.08629083304624423
3,20260819,long_emerging_no_break,constant,long,emerging,False,none,regularized_poisson_break_interaction,ceded,240855488.69553253,430686769.09559107,671542257.7911236,526628884.1847427,0.1,2.358550015000219,success,,,True,True,95942115.08915162,95942115.08915162,22.27654109055234,22.27654109055234,0.2227654109055234
3,20260819,long_shock_no_break,constant,long,shock,False,none,regularized_poisson,gross,1341860727.4127877,920138738.2321348,2261999465.6449227,857059626.916905,0.01,3.1093875030019262,success,,,True,True,-63079111.31522977,63079111.31522977,-6.855391333313913,6.855391333313913,-0.06855391333313914
3,20260819,long_shock_no_break,constant,long,shock,False,none,regularized_poisson,ceded,247726362.68586397,524589288.66022575,772315651.3460897,547717302.2212964,0.1,2.4135740399979113,success,,,True,True,23128013.56107068,23128013.56107068,4.408784941099054,4.408784941099054,0.04408784941099054
3,20260819,long_shock_no_break,constant,long,shock,False,none,regularized_poisson_break_interaction,gross,1341860727.4127877,920138738.2321348,2261999465.6449227,857059602.6220328,0.01,2.5102510069991695,success,,,True,True,-63079135.61010206,63079135.61010206,-6.855393973662731,6.855393973662731,-0.06855393973662731
3,20260819,long_shock_no_break,constant,long,shock,False,none,regularized_poisson_break_interaction,ceded,247726362.68586397,524589288.66022575,772315651.3460897,547717302.2216878,0.1,2.3471083670010557,success,,,True,True,23128013.561462045,23128013.561462045,4.408784941173658,4.408784941173658,0.04408784941173658
3,20260819,long_stable_break,constant,long,stable,True,none,regularized_poisson,gross,1407994663.1739702,536672585.6318958,1944667248.8058665,836142903.914075,0.001,2.838836327999161,success,,,True,True,299470318.28217924,299470318.28217924,55.80130722152933,55.80130722152933,0.5580130722152933
3,20260819,long_stable_break,constant,long,stable,True,none,regularized_poisson,ceded,268698734.1295515,243243518.2918455,511942252.4213971,458014866.3852506,0.1,2.4289894819994515,success,,,True,True,214771348.09340513,214771348.09340513,88.2947877097061,88.2947877097061,0.882947877097061
3,20260819,long_stable_break,constant,long,stable,True,none,regularized_poisson_break_interaction,gross,1407994663.1739702,536672585.6318958,1944667248.8058665,808237350.6276861,1.0,2.6642221250003786,success,,,True,True,271564764.99579036,271564764.99579036,50.6015720322366,50.6015720322366,0.506015720322366
3,20260819,long_stable_break,constant,long,stable,True,none,regularized_poisson_break_interaction,ceded,268698734.1295515,243243518.2918455,511942252.4213971,304786051.23879886,1.0,3.6255368679994717,success,,,True,True,61542532.946953356,61542532.946953356,25.300790491409575,25.300790491409575,0.25300790491409575
3,20260819,long_emerging_break,constant,long,emerging,True,none,regularized_poisson,gross,1439102644.9118516,612750479.1523004,2051853124.0641522,823302459.5397241,0.01,3.0387915360006446,success,,,True,True,210551980.38742375,210551980.38742375,34.36178143486864,34.36178143486864,0.3436178143486864
3,20260819,long_emerging_break,constant,long,emerging,True,none,regularized_poisson,ceded,281108201.8171541,320146536.2610667,601254738.0782208,573475154.9403493,0.1,2.544934118002857,success,,,True,True,253328618.67928267,253328618.67928267,79.12895814456145,79.12895814456145,0.7912895814456145
3,20260819,long_emerging_break,constant,long,emerging,True,none,regularized_poisson_break_interaction,gross,1439102644.9118516,612750479.1523004,2051853124.0641522,887678633.6477046,1.0,2.9783197840006324,success,,,True,True,274928154.49540424,274928154.49540424,44.86788078497288,44.86788078497288,0.44867880784972886
3,20260819,long_emerging_break,constant,long,emerging,True,none,regularized_poisson_break_interaction,ceded,281108201.8171541,320146536.2610667,601254738.0782208,378706881.43029046,1.0,3.761202301000594,success,,,True,True,58560345.169223785,58560345.169223785,18.291731609262257,18.291731609262257,0.18291731609262257
3,20260819,long_shock_break,constant,long,shock,True,none,regularized_poisson,gross,1464515358.546771,689230652.0957657,2153746010.6425366,966347781.5676471,0.01,2.9332969810020586,success,,,True,True,277117129.4718814,277117129.4718814,40.20673320741648,40.20673320741648,0.4020673320741648
3,20260819,long_shock_break,constant,long,shock,True,none,regularized_poisson,ceded,290985232.5057772,394227884.4940707,685213116.9998479,615232830.9699596,0.1,2.556350631002715,success,,,True,True,221004946.4758889,221004946.4758889,56.06020151504856,56.06020151504856,0.5606020151504856
3,20260819,long_shock_break,constant,long,shock,True,none,regularized_poisson_break_interaction,gross,1464515358.546771,689230652.0957657,2153746010.6425366,966788238.3977468,1.0,2.9252099680015817,success,,,True,True,277557586.3019811,277557586.3019811,40.2706387851444,40.2706387851444,0.402706387851444
3,20260819,long_shock_break,constant,long,shock,True,none,regularized_poisson_break_interaction,ceded,290985232.5057772,394227884.4940707,685213116.9998479,424112025.5566191,1.0,3.5245543169985467,success,,,True,True,29884141.0625484,29884141.0625484,7.5804229578787865,7.5804229578787865,0.07580422957878787
4,20260820,short_stable_no_break,constant,short,stable,False,none,regularized_poisson,gross,1484003230.0490456,106710580.614353,1590713810.6633985,116367126.61106439,0.001,2.373765772998013,success,,,True,True,9656545.996711388,9656545.996711388,9.049286341726216,9.049286341726216,0.09049286341726215
4,20260820,short_stable_no_break,constant,short,stable,False,none,regularized_poisson,ceded,237549666.90347612,45183225.50441329,282732892.4078894,64514092.90825792,0.01,1.9334090130032564,success,,,True,True,19330867.403844625,19330867.403844625,42.78328337129555,42.78328337129555,0.42783283371295555
4,20260820,short_stable_no_break,constant,short,stable,False,none,regularized_poisson_break_interaction,gross,1484003230.0490456,106710580.614353,1590713810.6633985,116367126.65404016,0.001,2.319502977999946,success,,,True,True,9656546.039687157,9656546.039687157,9.049286381999417,9.049286381999417,0.09049286381999418
4,20260820,short_stable_no_break,constant,short,stable,False,none,regularized_poisson_break_interaction,ceded,237549666.90347612,45183225.50441329,282732892.4078894,64514092.908257864,0.01,1.9853425239998614,success,,,True,True,19330867.403844573,19330867.403844573,42.78328337129544,42.78328337129544,0.4278328337129544
4,20260820,short_emerging_no_break,constant,short,emerging,False,none,regularized_poisson,gross,1508403310.555117,118619275.39226888,1627022585.9473853,104792550.11158898,0.001,2.4520974260012736,success,,,True,True,-13826725.280679896,13826725.280679896,-11.656389937432602,11.656389937432602,-0.11656389937432601
4,20260820,short_emerging_no_break,constant,short,emerging,False,none,regularized_poisson,ceded,248963115.61138302,60023663.95776619,308986779.5691492,53907666.10447223,0.01,1.980264019999595,success,,,True,True,-6115997.853293963,6115997.853293963,-10.189311098364968,10.189311098364968,-0.10189311098364967
4,20260820,short_emerging_no_break,constant,short,emerging,False,none,regularized_poisson_break_interaction,gross,1508403310.555117,118619275.39226888,1627022585.9473853,104792550.10978478,0.001,2.3283017109970388,success,,,True,True,-13826725.2824841,13826725.2824841,-11.656389938953605,11.656389938953605,-0.11656389938953605
4,20260820,short_emerging_no_break,constant,short,emerging,False,none,regularized_poisson_break_interaction,ceded,248963115.61138302,60023663.95776619,308986779.5691492,53907666.10447219,0.01,2.12835072499729,success,,,True,True,-6115997.853294,6115997.853294,-10.189311098365028,10.189311098365028,-0.10189311098365028
4,20260820,short_shock_no_break,constant,short,shock,False,none,regularized_poisson,gross,1529412112.7561936,133028685.9783042,1662440798.7344978,123934310.82379581,0.0001,2.423617528998875,success,,,True,True,-9094375.154508397,9094375.154508397,-6.836401553264691,6.836401553264691,-0.06836401553264691
4,20260820,short_shock_no_break,constant,short,shock,False,none,regularized_poisson,ceded,258776765.27259502,79910102.07945794,338686867.3520529,66747466.36007007,0.01,1.9938590919991839,success,,,True,True,-13162635.719387867,13162635.719387867,-16.471804411286712,16.471804411286712,-0.1647180441128671
4,20260820,short_shock_no_break,constant,short,shock,False,none,regularized_poisson_break_interaction,gross,1529412112.7561936,133028685.9783042,1662440798.7344978,123934307.99349514,0.0001,2.282158623002033,success,,,True,True,-9094377.98480907,9094377.98480907,-6.836403680851425,6.836403680851425,-0.06836403680851424
4,20260820,short_shock_no_break,constant,short,shock,False,none,regularized_poisson_break_interaction,ceded,258776765.27259502,79910102.07945794,338686867.3520529,66747466.360070094,0.01,2.1403723650000757,success,,,True,True,-13162635.719387844,13162635.719387844,-16.471804411286683,16.471804411286683,-0.16471804411286683
4,20260820,long_stable_no_break,constant,long,stable,False,none,regularized_poisson,gross,1142403835.5600672,714216930.0635245,1856620765.6235917,748636877.9322791,0.0001,2.685290495999652,success,,,True,True,34419947.868754625,34419947.868754625,4.819256785987027,4.819256785987027,0.04819256785987027
4,20260820,long_stable_no_break,constant,long,stable,False,none,regularized_poisson,ceded,148538079.5828109,289366727.59882396,437904807.1816349,501254645.3865998,0.01,2.1196817330019257,success,,,True,True,211887917.7877758,211887917.7877758,73.22469986305259,73.22469986305259,0.7322469986305259
4,20260820,long_stable_no_break,constant,long,stable,False,none,regularized_poisson_break_interaction,gross,1142403835.5600672,714216930.0635245,1856620765.6235917,748636820.0454415,0.0001,2.3752283079993504,success,,,True,True,34419889.98191702,34419889.98191702,4.819248681049275,4.819248681049275,0.04819248681049275
4,20260820,long_stable_no_break,constant,long,stable,False,none,regularized_poisson_break_interaction,ceded,148538079.5828109,289366727.59882396,437904807.1816349,501254645.3887465,0.01,2.1922553119984514,success,,,True,True,211887917.78992254,211887917.78992254,73.22469986379446,73.22469986379446,0.7322469986379446
4,20260820,long_emerging_no_break,constant,long,emerging,False,none,regularized_poisson,gross,1167660035.8560357,832237899.2516149,1999897935.107651,723975125.8322352,0.001,2.9636432170009357,success,,,True,True,-108262773.41937971,108262773.41937971,-13.008632930167488,13.008632930167488,-0.13008632930167488
4,20260820,long_emerging_no_break,constant,long,emerging,False,none,regularized_poisson,ceded,156703765.96037957,394207720.42512184,550911486.3855014,693752055.6897527,0.1,2.267158095997729,success,,,True,True,299544335.26463085,299544335.26463085,75.98642029171727,75.98642029171727,0.7598642029171727
4,20260820,long_emerging_no_break,constant,long,emerging,False,none,regularized_poisson_break_interaction,gross,1167660035.8560357,832237899.2516149,1999897935.107651,723975210.0246665,0.001,2.724043097001413,success,,,True,True,-108262689.22694838,108262689.22694838,-13.008622813777523,13.008622813777523,-0.13008622813777523
4,20260820,long_emerging_no_break,constant,long,emerging,False,none,regularized_poisson_break_interaction,ceded,156703765.96037957,394207720.42512184,550911486.3855014,693752055.6897557,0.1,2.3026807889982592,success,,,True,True,299544335.26463383,299544335.26463383,75.98642029171802,75.98642029171802,0.7598642029171803
4,20260820,long_shock_no_break,constant,long,shock,False,none,regularized_poisson,gross,1188973250.0816293,936902234.9441161,2125875485.0257459,871869140.3414115,0.0001,2.886109330000181,success,,,True,True,-65033094.602704644,65033094.602704644,-6.941289301821732,6.941289301821732,-0.06941289301821732
4,20260820,long_shock_no_break,constant,long,shock,False,none,regularized_poisson,ceded,163250409.40283996,487715459.4872352,650965868.8900752,634644446.2172735,0.001,2.266076060001069,success,,,True,True,146928986.7300383,146928986.7300383,30.125964611520338,30.125964611520338,0.3012596461152034
4,20260820,long_shock_no_break,constant,long,shock,False,none,regularized_poisson_break_interaction,gross,1188973250.0816293,936902234.9441161,2125875485.0257459,871868309.0614711,0.0001,2.5204877890028,success,,,True,True,-65033925.88264501,65033925.88264501,-6.941378028255437,6.941378028255437,-0.06941378028255438
4,20260820,long_shock_no_break,constant,long,shock,False,none,regularized_poisson_break_interaction,ceded,163250409.40283996,487715459.4872352,650965868.8900752,634644600.5641725,0.001,2.363033492001705,success,,,True,True,146929141.07693732,146929141.07693732,30.125996258435773,30.125996258435773,0.3012599625843577
4,20260820,long_stable_break,constant,long,stable,True,none,regularized_poisson,gross,1249278276.3826551,557952232.4100175,1807230508.7926729,825624162.59716,0.0001,2.844732101999398,success,,,True,True,267671930.1871425,267671930.1871425,47.97398677498986,47.97398677498986,0.47973986774989863
4,20260820,long_stable_break,constant,long,stable,True,none,regularized_poisson,ceded,182902133.0865082,217461486.31199482,400363619.3985031,504143218.0314871,0.01,2.211416479000036,success,,,True,True,286681731.7194923,286681731.7194923,131.8310366499502,131.8310366499502,1.318310366499502
4,20260820,long_stable_break,constant,long,stable,True,none,regularized_poisson_break_interaction,gross,1249278276.3826551,557952232.4100175,1807230508.7926729,819926293.987748,0.1,2.738605906997691,success,,,True,True,261974061.57773054,261974061.57773054,46.95277594753236,46.95277594753236,0.4695277594753236
4,20260820,long_stable_break,constant,long,stable,True,none,regularized_poisson_break_interaction,ceded,182902133.0865082,217461486.31199482,400363619.3985031,390905911.0297451,0.1,3.277154198996868,success,,,True,True,173444424.71775028,173444424.71775028,79.7586863123465,79.7586863123465,0.797586863123465
4,20260820,long_emerging_break,constant,long,emerging,True,none,regularized_poisson,gross,1278492520.3268526,638032626.5490856,1916525146.8759384,830312442.1905893,0.01,3.0504225340009725,success,,,True,True,192279815.6415037,192279815.6415037,30.136361001079788,30.136361001079788,0.30136361001079787
4,20260820,long_emerging_break,constant,long,emerging,True,none,regularized_poisson,ceded,193804714.14610302,291028961.26191354,484833675.40801656,673311117.2745029,0.01,2.325163239998801,success,,,True,True,382282156.01258934,382282156.01258934,131.3553655811429,131.3553655811429,1.3135536558114291
4,20260820,long_emerging_break,constant,long,emerging,True,none,regularized_poisson_break_interaction,gross,1278492520.3268526,638032626.5490856,1916525146.8759384,893008057.7514718,1.0,3.179191588998947,success,,,True,True,254975431.20238614,254975431.20238614,39.96275748177122,39.96275748177122,0.3996275748177122
4,20260820,long_emerging_break,constant,long,emerging,True,none,regularized_poisson_break_interaction,ceded,193804714.14610302,291028961.26191354,484833675.40801656,559785778.4305091,0.1,3.265722961001302,success,,,True,True,268756817.16859555,268756817.16859555,92.34710387696639,92.34710387696639,0.9234710387696639
4,20260820,long_shock_break,constant,long,shock,True,none,regularized_poisson,gross,1303122234.458722,717712792.2217093,2020835026.6804311,996470640.9686096,0.001,2.9739069560018834,success,,,True,True,278757848.7469003,278757848.7469003,38.83974923785238,38.83974923785238,0.3883974923785238
4,20260820,long_shock_break,constant,long,shock,True,none,regularized_poisson,ceded,202857846.8862502,363312484.70784414,566170331.5940944,744642735.8688663,0.01,2.341178359998594,success,,,True,True,381330251.1610222,381330251.1610222,104.95930286229138,104.95930286229138,1.0495930286229138
4,20260820,long_shock_break,constant,long,shock,True,none,regularized_poisson_break_interaction,gross,1303122234.458722,717712792.2217093,2020835026.6804311,1010188808.2459041,0.1,3.0736965800024336,success,,,True,True,292476016.02419484,292476016.02419484,40.75112206357969,40.75112206357969,0.4075112206357969
4,20260820,long_shock_break,constant,long,shock,True,none,regularized_poisson_break_interaction,ceded,202857846.8862502,363312484.70784414,566170331.5940944,606146931.0067811,0.1,3.258810422001261,success,,,True,True,242834446.29893696,242834446.29893696,66.83900403098204,66.83900403098204,0.6683900403098204
5,20260821,short_stable_no_break,constant,short,stable,False,none,regularized_poisson,gross,1616543164.6011698,85060362.03905159,1701603526.6402218,111165918.88885128,0.0001,2.3108074409974506,success,,,True,True,26105556.849799693,26105556.849799693,30.690625132555294,30.690625132555294,0.30690625132555294
5,20260821,short_stable_no_break,constant,short,stable,False,none,regularized_poisson,ceded,299717399.941975,49839749.2811976,349557149.2231726,47820260.61368484,0.001,1.9822995530012122,success,,,True,True,-2019488.6675127596,2019488.6675127596,-4.051963937697066,4.051963937697066,-0.040519639376970666
5,20260821,short_stable_no_break,constant,short,stable,False,none,regularized_poisson_break_interaction,gross,1616543164.6011698,85060362.03905159,1701603526.6402218,111165918.88893257,0.0001,2.292887964002148,success,,,True,True,26105556.84988098,26105556.84988098,30.690625132650855,30.690625132650855,0.30690625132650856
5,20260821,short_stable_no_break,constant,short,stable,False,none,regularized_poisson_break_interaction,ceded,299717399.941975,49839749.2811976,349557149.2231726,47820260.613687366,0.001,2.009343475998321,success,,,True,True,-2019488.6675102338,2019488.6675102338,-4.0519639376919985,4.0519639376919985,-0.040519639376919984
5,20260821,short_emerging_no_break,constant,short,emerging,False,none,regularized_poisson,gross,1642727876.122526,94343144.76947823,1737071020.8920043,121306249.1492399,0.001,2.359413065998524,success,,,True,True,26963104.379761666,26963104.379761666,28.579823627508265,28.579823627508265,0.28579823627508266
5,20260821,short_emerging_no_break,constant,short,emerging,False,none,regularized_poisson,ceded,313755731.5433513,62322952.05797233,376078683.60132366,55983637.72913936,0.001,2.000833643000078,success,,,True,True,-6339314.328832969,6339314.328832969,-10.171717031208964,10.171717031208964,-0.10171717031208964
5,20260821,short_emerging_no_break,constant,short,emerging,False,none,regularized_poisson_break_interaction,gross,1642727876.122526,94343144.76947823,1737071020.8920043,121306249.21813563,0.001,2.351188854998327,success,,,True,True,26963104.448657393,26963104.448657393,28.579823700535005,28.579823700535005,0.28579823700535006
5,20260821,short_emerging_no_break,constant,short,emerging,False,none,regularized_poisson_break_interaction,ceded,313755731.5433513,62322952.05797233,376078683.60132366,55983637.7288167,0.001,2.080559247002384,success,,,True,True,-6339314.329155624,6339314.329155624,-10.17171703172668,10.17171703172668,-0.10171717031726679
5,20260821,short_shock_no_break,constant,short,shock,False,none,regularized_poisson,gross,1664137367.5435357,105741065.40832323,1769878432.9518592,130730012.55958095,0.001,2.405655623999337,success,,,True,True,24988947.151257724,24988947.151257724,23.632206706790722,23.632206706790722,0.2363220670679072
5,20260821,short_shock_no_break,constant,short,shock,False,none,regularized_poisson,ceded,325962890.97668356,78657318.52632639,404620209.50301,70473690.86206612,0.001,1.987467030998232,success,,,True,True,-8183627.664260268,8183627.664260268,-10.404152871701609,10.404152871701609,-0.10404152871701608
5,20260821,short_shock_no_break,constant,short,shock,False,none,regularized_poisson_break_interaction,gross,1664137367.5435357,105741065.40832323,1769878432.9518592,130730012.58378264,0.001,2.2547574279997207,success,,,True,True,24988947.175459415,24988947.175459415,23.632206729678412,23.632206729678412,0.23632206729678412
5,20260821,short_shock_no_break,constant,short,shock,False,none,regularized_poisson_break_interaction,ceded,325962890.97668356,78657318.52632639,404620209.50301,70473690.861435,0.001,2.1404867420023947,success,,,True,True,-8183627.664891392,8183627.664891392,-10.40415287250398,10.40415287250398,-0.1040415287250398
5,20260821,long_stable_no_break,constant,long,stable,False,none,regularized_poisson,gross,1289376321.716268,695347363.5357425,1984723685.2520103,806578501.583736,0.0001,2.561114803000237,success,,,True,True,111231138.04799342,111231138.04799342,15.996485193011864,15.996485193011864,0.15996485193011864
5,20260821,long_stable_no_break,constant,long,stable,False,none,regularized_poisson,ceded,219490319.69678208,289629750.5068464,509120070.2036285,398323252.6278915,0.1,2.1804255559982266,success,,,True,True,108693502.12104505,108693502.12104505,37.52843136136172,37.52843136136172,0.3752843136136172
5,20260821,long_stable_no_break,constant,long,stable,False,none,regularized_poisson_break_interaction,gross,1289376321.716268,695347363.5357425,1984723685.2520103,806578497.8147852,0.0001,2.3393971149998833,success,,,True,True,111231134.27904272,111231134.27904272,15.996484650987702,15.996484650987702,0.15996484650987702
5,20260821,long_stable_no_break,constant,long,stable,False,none,regularized_poisson_break_interaction,ceded,219490319.69678208,289629750.5068464,509120070.2036285,398323252.5965672,0.1,2.251417643001332,success,,,True,True,108693502.08972079,108693502.08972079,37.528431350546434,37.528431350546434,0.3752843135054644
5,20260821,long_emerging_no_break,constant,long,emerging,False,none,regularized_poisson,gross,1317442311.2635758,808012959.1105716,2125455270.3741477,881771241.9251777,0.001,2.727269184000761,success,,,True,True,73758282.81460607,73758282.81460607,9.128353943208564,9.128353943208564,0.09128353943208564
5,20260821,long_emerging_no_break,constant,long,emerging,False,none,regularized_poisson,ceded,228370316.6136209,390448899.0550506,618819215.6686715,546732351.0406785,0.1,2.3389505539998936,success,,,True,True,156283451.9856279,156283451.9856279,40.026608440658705,40.026608440658705,0.40026608440658706
5,20260821,long_emerging_no_break,constant,long,emerging,False,none,regularized_poisson_break_interaction,gross,1317442311.2635758,808012959.1105716,2125455270.3741477,881772001.4444674,0.001,2.576498704002006,success,,,True,True,73759042.3338958,73759042.3338958,9.128447941613066,9.128447941613066,0.09128447941613066
5,20260821,long_emerging_no_break,constant,long,emerging,False,none,regularized_poisson_break_interaction,ceded,228370316.6136209,390448899.0550506,618819215.6686715,546732351.0406785,0.1,2.4085263580018363,success,,,True,True,156283451.9856279,156283451.9856279,40.026608440658705,40.026608440658705,0.40026608440658706
5,20260821,long_shock_no_break,constant,long,shock,False,none,regularized_poisson,gross,1341523314.7961895,909567870.6769035,2251091185.473093,1042512852.0079277,0.0001,2.77403318800134,success,,,True,True,132944981.33102417,132944981.33102417,14.616279402227134,14.616279402227134,0.14616279402227134
5,20260821,long_shock_no_break,constant,long,shock,False,none,regularized_poisson,ceded,235705651.40177104,481486210.5349081,717191861.9366791,611992083.6115416,0.1,2.3230608029989526,success,,,True,True,130505873.07663351,130505873.07663351,27.104799726589828,27.104799726589828,0.2710479972658983
5,20260821,long_shock_no_break,constant,long,shock,False,none,regularized_poisson_break_interaction,gross,1341523314.7961895,909567870.6769035,2251091185.473093,1042512367.0617309,0.0001,2.5096151899997494,success,,,True,True,132944496.38482738,132944496.38482738,14.616226086118195,14.616226086118195,0.14616226086118195
5,20260821,long_shock_no_break,constant,long,shock,False,none,regularized_poisson_break_interaction,ceded,235705651.40177104,481486210.5349081,717191861.9366791,611992083.6169443,0.1,2.3400101589977567,success,,,True,True,130505873.0820362,130505873.0820362,27.104799727711914,27.104799727711914,0.27104799727711915
5,20260821,long_stable_break,constant,long,stable,True,none,regularized_poisson,gross,1403448956.711359,531630045.52066636,1935079002.2320256,1064349243.5113764,0.0001,2.6643543989994214,success,,,True,True,532719197.99071,532719197.99071,100.2048703754087,100.2048703754087,1.002048703754087
5,20260821,long_stable_break,constant,long,stable,True,none,regularized_poisson,ceded,252458337.52099547,220374345.07132867,472832682.59232414,612904353.9531587,0.1,2.3134133580024354,success,,,True,True,392530008.8818301,392530008.8818301,178.11964852568465,178.11964852568465,1.7811964852568465
5,20260821,long_stable_break,constant,long,stable,True,none,regularized_poisson_break_interaction,gross,1403448956.711359,531630045.52066636,1935079002.2320256,1039614612.5431446,0.1,2.6618045729992446,success,,,True,True,507984567.0224782,507984567.0224782,95.55226821782988,95.55226821782988,0.9555226821782988
5,20260821,long_stable_break,constant,long,stable,True,none,regularized_poisson_break_interaction,ceded,252458337.52099547,220374345.07132867,472832682.59232414,497322967.0619593,0.1,3.363390918002551,success,,,True,True,276948621.9906306,276948621.9906306,125.6718979248653,125.6718979248653,1.256718979248653
5,20260821,long_emerging_break,constant,long,emerging,True,none,regularized_poisson,gross,1436052181.721965,605818407.3254896,2041870589.047455,1073364413.7833258,0.0001,2.9122785289982858,success,,,True,True,467546006.45783615,467546006.45783615,77.1759327224662,77.1759327224662,0.771759327224662
5,20260821,long_emerging_break,constant,long,emerging,True,none,regularized_poisson,ceded,264672372.9114475,289187037.304331,553859410.2157785,834241261.9743737,0.1,2.3736255900003016,success,,,True,True,545054224.6700428,545054224.6700428,188.47809699590562,188.47809699590562,1.884780969959056
5,20260821,long_emerging_break,constant,long,emerging,True,none,regularized_poisson_break_interaction,gross,1436052181.721965,605818407.3254896,2041870589.047455,1172269677.084073,0.1,2.9753089049991104,success,,,True,True,566451269.7585834,566451269.7585834,93.50182544952693,93.50182544952693,0.9350182544952693
5,20260821,long_emerging_break,constant,long,emerging,True,none,regularized_poisson_break_interaction,ceded,264672372.9114475,289187037.304331,553859410.2157785,716117339.3583827,0.1,3.3698817110016535,success,,,True,True,426930302.0540517,426930302.0540517,147.63120298672453,147.63120298672453,1.4763120298672454
5,20260821,long_shock_break,constant,long,shock,True,none,regularized_poisson,gross,1463985905.7485342,681358143.68807,2145344049.4366038,1300164482.0934353,0.0001,2.9506285389979894,success,,,True,True,618806338.4053652,618806338.4053652,90.81954096209623,90.81954096209623,0.9081954096209622
5,20260821,long_shock_break,constant,long,shock,True,none,regularized_poisson,ceded,275219887.75485057,359919568.68550766,635139456.4403583,899455232.0874393,0.1,2.405158310997649,success,,,True,True,539535663.4019316,539535663.4019316,149.9045093247958,149.9045093247958,1.499045093247958
5,20260821,long_shock_break,constant,long,shock,True,none,regularized_poisson_break_interaction,gross,1463985905.7485342,681358143.68807,2145344049.4366038,1300859502.325625,0.1,2.9278845449989603,success,,,True,True,619501358.6375549,619501358.6375549,90.92154608798019,90.92154608798019,0.9092154608798019
5,20260821,long_shock_break,constant,long,shock,True,none,regularized_poisson_break_interaction,ceded,275219887.75485057,359919568.68550766,635139456.4403583,755041139.6383544,0.1,3.323013445999095,success,,,True,True,395121570.95284677,395121570.95284677,109.78051912984428,109.78051912984428,1.0978051912984428
6,20260822,short_stable_no_break,constant,short,stable,False,none,regularized_poisson,gross,1578170888.574566,94964480.43920985,1673135369.0137756,107094246.63244772,0.0001,2.3298359000000346,success,,,True,True,12129766.193237871,12129766.193237871,12.77295062020854,12.77295062020854,0.1277295062020854
6,20260822,short_stable_no_break,constant,short,stable,False,none,regularized_poisson,ceded,246814327.04198837,50537310.763940305,297351637.8059287,40488822.43765502,0.001,2.0133591199992225,success,,,True,True,-10048488.326285288,10048488.326285288,-19.883306361950602,19.883306361950602,-0.198833063619506
6,20260822,short_stable_no_break,constant,short,stable,False,none,regularized_poisson_break_interaction,gross,1578170888.574566,94964480.43920985,1673135369.0137756,107094246.62990159,0.0001,2.243510996999248,success,,,True,True,12129766.19069174,12129766.19069174,12.772950617527398,12.772950617527398,0.12772950617527398
6,20260822,short_stable_no_break,constant,short,stable,False,none,regularized_poisson_break_interaction,ceded,246814327.04198837,50537310.763940305,297351637.8059287,40488822.437655,0.001,2.5470344739987922,success,,,True,True,-10048488.326285303,10048488.326285303,-19.883306361950627,19.883306361950627,-0.19883306361950628
6,20260822,short_emerging_no_break,constant,short,emerging,False,none,regularized_poisson,gross,1605258393.0013084,105414835.86606228,1710673228.8673708,132403516.7346229,0.01,3.6541878190000716,success,,,True,True,26988680.868560612,26988680.868560612,25.602355348588524,25.602355348588524,0.25602355348588524
6,20260822,short_emerging_no_break,constant,short,emerging,False,none,regularized_poisson,ceded,259781265.7535584,62762448.953828216,322543714.7073866,75849365.44480371,0.001,2.088398887000949,success,,,True,True,13086916.4909755,13086916.4909755,20.851507086033262,20.851507086033262,0.2085150708603326
6,20260822,short_emerging_no_break,constant,short,emerging,False,none,regularized_poisson_break_interaction,gross,1605258393.0013084,105414835.86606228,1710673228.8673708,132403516.73849696,0.01,2.2695057579985587,success,,,True,True,26988680.872434676,26988680.872434676,25.60235535226359,25.60235535226359,0.2560235535226359
6,20260822,short_emerging_no_break,constant,short,emerging,False,none,regularized_poisson_break_interaction,ceded,259781265.7535584,62762448.953828216,322543714.7073866,75849365.44631864,0.001,2.0849201179989905,success,,,True,True,13086916.492490426,13086916.492490426,20.851507088447008,20.851507088447008,0.20851507088447008
6,20260822,short_shock_no_break,constant,short,shock,False,none,regularized_poisson,gross,1627709032.6018078,118176535.80735251,1745885568.4091604,145462565.89413446,0.01,2.4477290409995476,success,,,True,True,27286030.08678195,27286030.08678195,23.089211323018247,23.089211323018247,0.23089211323018247
6,20260822,short_shock_no_break,constant,short,shock,False,none,regularized_poisson,ceded,271266549.9526807,78884442.61154923,350150992.5642299,83740108.43733367,0.01,2.0281635530009225,success,,,True,True,4855665.825784445,4855665.825784445,6.155416283658372,6.155416283658372,0.06155416283658372
6,20260822,short_shock_no_break,constant,short,shock,False,none,regularized_poisson_break_interaction,gross,1627709032.6018078,118176535.80735251,1745885568.4091604,145462565.88426134,0.01,2.5989281099973596,success,,,True,True,27286030.076908827,27286030.076908827,23.089211314663693,23.089211314663693,0.23089211314663693
6,20260822,short_shock_no_break,constant,short,shock,False,none,regularized_poisson_break_interaction,ceded,271266549.9526807,78884442.61154923,350150992.5642299,83740108.4373343,0.01,2.6558384700001625,success,,,True,True,4855665.825785071,4855665.825785071,6.155416283659165,6.155416283659165,0.06155416283659165
6,20260822,long_stable_no_break,constant,long,stable,False,none,regularized_poisson,gross,1236234026.3526273,714233224.4870623,1950467250.8396897,678914345.4073259,0.001,3.0155892930015398,success,,,True,True,-35318879.07973647,35318879.07973647,-4.945006458513782,4.945006458513782,-0.04945006458513782
6,20260822,long_stable_no_break,constant,long,stable,False,none,regularized_poisson,ceded,167269908.2674762,279835005.07589453,447104913.3433707,158517401.59474206,1.0,2.5925397659993905,success,,,True,True,-121317603.48115247,121317603.48115247,-43.35326220114947,43.35326220114947,-0.4335326220114947
6,20260822,long_stable_no_break,constant,long,stable,False,none,regularized_poisson_break_interaction,gross,1236234026.3526273,714233224.4870623,1950467250.8396897,678914287.1360327,0.001,2.625291530999675,success,,,True,True,-35318937.351029634,35318937.351029634,-4.9450146170943645,4.9450146170943645,-0.04945014617094364
6,20260822,long_stable_no_break,constant,long,stable,False,none,regularized_poisson_break_interaction,ceded,167269908.2674762,279835005.07589453,447104913.3433707,158517401.59474203,1.0,2.5050960859989573,success,,,True,True,-121317603.4811525,121317603.4811525,-43.35326220114948,43.35326220114948,-0.4335326220114948
6,20260822,long_emerging_no_break,constant,long,emerging,False,none,regularized_poisson,gross,1262478749.5724726,831330641.7837005,2093809391.356173,736205847.7245736,0.01,3.293193882000196,success,,,True,True,-95124794.05912685,95124794.05912685,-11.44247418271837,11.44247418271837,-0.11442474182718369
6,20260822,long_emerging_no_break,constant,long,emerging,False,none,regularized_poisson,ceded,173575248.58413133,383883858.86950636,557459107.4536377,191927014.99457467,1.0,2.738695842999732,success,,,True,True,-191956843.8749317,191956843.8749317,-50.003885143861595,50.003885143861595,-0.5000388514386159
6,20260822,long_emerging_no_break,constant,long,emerging,False,none,regularized_poisson_break_interaction,gross,1262478749.5724726,831330641.7837005,2093809391.356173,736205787.3224111,0.01,2.845522861000063,success,,,True,True,-95124854.4612894,95124854.4612894,-11.442481448439072,11.442481448439072,-0.11442481448439072
6,20260822,long_emerging_no_break,constant,long,emerging,False,none,regularized_poisson_break_interaction,ceded,173575248.58413133,383883858.86950636,557459107.4536377,191927014.99457467,1.0,2.5883249050020822,success,,,True,True,-191956843.8749317,191956843.8749317,-50.003885143861595,50.003885143861595,-0.5000388514386159
6,20260822,long_shock_no_break,constant,long,shock,False,none,regularized_poisson,gross,1285220331.9829,935834774.1728761,2221055106.155776,907706974.271637,0.01,3.1169868819997646,success,,,True,True,-28127799.901239157,28127799.901239157,-3.0056373921453714,3.0056373921453714,-0.030056373921453713
6,20260822,long_shock_no_break,constant,long,shock,False,none,regularized_poisson,ceded,178910596.59008753,479886567.1275214,658797163.7176089,216873497.3312246,1.0,2.440403251999669,success,,,True,True,-263013069.7962968,263013069.7962968,-54.80734152877543,54.80734152877543,-0.5480734152877543
6,20260822,long_shock_no_break,constant,long,shock,False,none,regularized_poisson_break_interaction,gross,1285220331.9829,935834774.1728761,2221055106.155776,907706798.6149967,0.01,2.7063217779978004,success,,,True,True,-28127975.557879448,28127975.557879448,-3.0056561621937963,3.0056561621937963,-0.030056561621937962
6,20260822,long_shock_no_break,constant,long,shock,False,none,regularized_poisson_break_interaction,ceded,178910596.59008753,479886567.1275214,658797163.7176089,216873497.3312246,1.0,2.5584098549988994,success,,,True,True,-263013069.7962968,263013069.7962968,-54.80734152877543,54.80734152877543,-0.5480734152877543
6,20260822,long_stable_break,constant,long,stable,True,none,regularized_poisson,gross,1347541305.238303,552707393.967971,1900248699.206274,943987058.9057814,0.001,3.028735438001604,success,,,True,True,391279664.9378104,391279664.9378104,70.79327492414275,70.79327492414275,0.7079327492414275
6,20260822,long_stable_break,constant,long,stable,True,none,regularized_poisson,ceded,192044556.2181986,219523830.48473483,411568386.70293343,228798134.4765302,1.0,2.541720966997673,success,,,True,True,9274303.991795361,9274303.991795361,4.224736772912804,4.224736772912804,0.042247367729128044
6,20260822,long_stable_break,constant,long,stable,True,none,regularized_poisson_break_interaction,gross,1347541305.238303,552707393.967971,1900248699.206274,851499492.0701524,1.0,2.925314313000854,success,,,True,True,298792098.10218143,298792098.10218143,54.05972515712287,54.05972515712287,0.5405972515712287
6,20260822,long_stable_break,constant,long,stable,True,none,regularized_poisson_break_interaction,ceded,192044556.2181986,219523830.48473483,411568386.70293343,199577052.80290917,1.0,3.6349353050027275,success,,,True,True,-19946777.681825668,19946777.681825668,-9.086383759695154,9.086383759695154,-0.09086383759695155
6,20260822,long_emerging_break,constant,long,emerging,True,none,regularized_poisson,gross,1378361867.3143935,630638873.3665173,2009000740.6809106,1026716481.7179388,0.01,3.2073723869980313,success,,,True,True,396077608.3514215,396077608.3514215,62.80577127081531,62.80577127081531,0.6280577127081531
6,20260822,long_emerging_break,constant,long,emerging,True,none,regularized_poisson,ceded,201437651.2529166,289354248.35185045,490791899.6047671,294525970.56216586,1.0,2.7624327919984353,success,,,True,True,5171722.210315406,5171722.210315406,1.787332392654788,1.787332392654788,0.01787332392654788
6,20260822,long_emerging_break,constant,long,emerging,True,none,regularized_poisson_break_interaction,gross,1378361867.3143935,630638873.3665173,2009000740.6809106,977600383.1785018,1.0,3.1752625959998113,success,,,True,True,346961509.81198454,346961509.81198454,55.01746315760906,55.01746315760906,0.5501746315760906
6,20260822,long_emerging_break,constant,long,emerging,True,none,regularized_poisson_break_interaction,ceded,201437651.2529166,289354248.35185045,490791899.6047671,255127210.0240647,1.0,3.9557877389997884,success,,,True,True,-34227038.32778576,34227038.32778576,-11.828766476642912,11.828766476642912,-0.11828766476642912
6,20260822,long_shock_break,constant,long,shock,True,none,regularized_poisson,gross,1405137551.3898885,709299075.0873535,2114436626.477242,1233214360.6581087,0.01,3.151947370999551,success,,,True,True,523915285.57075524,523915285.57075524,73.86380498328334,73.86380498328334,0.7386380498328334
6,20260822,long_shock_break,constant,long,shock,True,none,regularized_poisson,ceded,209194110.6738532,363923938.1663605,573118048.8402137,572907438.7507083,0.1,3.0366674790020625,success,,,True,True,208983500.58434784,208983500.58434784,57.42504921146882,57.42504921146882,0.5742504921146881
6,20260822,long_shock_break,constant,long,shock,True,none,regularized_poisson_break_interaction,gross,1405137551.3898885,709299075.0873535,2114436626.477242,1104532988.894649,1.0,3.4306547880005382,success,,,True,True,395233913.80729556,395233913.80729556,55.721757956419246,55.721757956419246,0.5572175795641925
6,20260822,long_shock_break,constant,long,shock,True,none,regularized_poisson_break_interaction,ceded,209194110.6738532,363923938.1663605,573118048.8402137,300266514.2210185,1.0,3.55353216200092,success,,,True,True,-63657423.945342004,63657423.945342004,-17.491958420235136,17.491958420235136,-0.17491958420235135
7,20260823,short_stable_no_break,constant,short,stable,False,none,regularized_poisson,gross,1480285980.948452,104740484.08948034,1585026465.0379324,115072368.58203538,0.001,2.5501779449987225,success,,,True,True,10331884.492555037,10331884.492555037,9.864270327153019,9.864270327153019,0.09864270327153019
7,20260823,short_stable_no_break,constant,short,stable,False,none,regularized_poisson,ceded,247642009.5847546,46350552.50131959,293992562.0860742,56614754.98028426,0.001,2.252658684999915,success,,,True,True,10264202.478964671,10264202.478964671,22.144725197552827,22.144725197552827,0.22144725197552828
7,20260823,short_stable_no_break,constant,short,stable,False,none,regularized_poisson_break_interaction,gross,1480285980.948452,104740484.08948034,1585026465.0379324,115072368.6920752,0.001,2.511216961000173,success,,,True,True,10331884.602594852,10331884.602594852,9.864270432212505,9.864270432212505,0.09864270432212505
7,20260823,short_stable_no_break,constant,short,stable,False,none,regularized_poisson_break_interaction,ceded,247642009.5847546,46350552.50131959,293992562.0860742,56614754.9578873,0.001,2.29460900399863,success,,,True,True,10264202.456567712,10264202.456567712,22.144725149232023,22.144725149232023,0.22144725149232025
7,20260823,short_emerging_no_break,constant,short,emerging,False,none,regularized_poisson,gross,1504598738.773335,116296811.42343572,1620895550.196771,103989060.67401046,0.01,3.9189024010011053,success,,,True,True,-12307750.749425262,12307750.749425262,-10.583050901209015,10.583050901209015,-0.10583050901209015
7,20260823,short_emerging_no_break,constant,short,emerging,False,none,regularized_poisson,ceded,259580518.7014804,61732257.43945293,321312776.14093333,60461716.728726186,0.01,2.28393477300051,success,,,True,True,-1270540.7107267454,1270540.7107267454,-2.0581471720403117,2.0581471720403117,-0.020581471720403116
7,20260823,short_emerging_no_break,constant,short,emerging,False,none,regularized_poisson_break_interaction,gross,1504598738.773335,116296811.42343572,1620895550.196771,103989060.67930718,0.01,2.5582949300005566,success,,,True,True,-12307750.74412854,12307750.74412854,-10.583050896654528,10.583050896654528,-0.10583050896654529
7,20260823,short_emerging_no_break,constant,short,emerging,False,none,regularized_poisson_break_interaction,ceded,259580518.7014804,61732257.43945293,321312776.14093333,60461716.7146905,0.01,2.325200020997727,success,,,True,True,-1270540.7247624323,1270540.7247624323,-2.058147194776702,2.058147194776702,-0.020581471947767018
7,20260823,short_shock_no_break,constant,short,shock,False,none,regularized_poisson,gross,1524583495.9970806,130377849.90490693,1654961345.9019876,117620560.33576378,0.01,2.7042874749968178,success,,,True,True,-12757289.569143146,12757289.569143146,-9.7848596049466,9.7848596049466,-0.097848596049466
7,20260823,short_shock_no_break,constant,short,shock,False,none,regularized_poisson,ceded,269433000.3932839,81826059.98624724,351259060.3795312,70611337.07270724,0.01,2.280368460000318,success,,,True,True,-11214722.913540006,11214722.913540006,-13.705563869780482,13.705563869780482,-0.13705563869780482
7,20260823,short_shock_no_break,constant,short,shock,False,none,regularized_poisson_break_interaction,gross,1524583495.9970806,130377849.90490693,1654961345.9019876,117620560.33500144,0.01,2.617374789999303,success,,,True,True,-12757289.56990549,12757289.56990549,-9.784859605531318,9.784859605531318,-0.09784859605531318
7,20260823,short_shock_no_break,constant,short,shock,False,none,regularized_poisson_break_interaction,ceded,269433000.3932839,81826059.98624724,351259060.3795312,70611337.07479255,0.01,2.307413282997004,success,,,True,True,-11214722.911454692,11214722.911454692,-13.70556386723201,13.70556386723201,-0.1370556386723201
7,20260823,long_stable_no_break,constant,long,stable,False,none,regularized_poisson,gross,1154232328.9734724,695792807.5049626,1850025136.478435,795994439.8465511,0.0001,3.0039437689993065,success,,,True,True,100201632.3415885,100201632.3415885,14.401073316768057,14.401073316768057,0.14401073316768057
7,20260823,long_stable_no_break,constant,long,stable,False,none,regularized_poisson,ceded,163701799.03226408,287537090.6580973,451238889.69036144,393082454.24984133,0.1,2.3766171610004676,success,,,True,True,105545363.591744,105545363.591744,36.70669524762118,36.70669524762118,0.36706695247621174
7,20260823,long_stable_no_break,constant,long,stable,False,none,regularized_poisson_break_interaction,gross,1154232328.9734724,695792807.5049626,1850025136.478435,795994147.2036482,0.0001,2.6824125690000074,success,,,True,True,100201339.69868565,100201339.69868565,14.401031257853436,14.401031257853436,0.14401031257853436
7,20260823,long_stable_no_break,constant,long,stable,False,none,regularized_poisson_break_interaction,ceded,163701799.03226408,287537090.6580973,451238889.69036144,393082454.2498409,0.1,2.4894895849975,success,,,True,True,105545363.59174359,105545363.59174359,36.70669524762103,36.70669524762103,0.3670669524762103
7,20260823,long_emerging_no_break,constant,long,emerging,False,none,regularized_poisson,gross,1180092761.1677804,810141677.1862512,1990234438.3540316,770891444.8615997,0.0001,3.130190952000703,success,,,True,True,-39250232.32465148,39250232.32465148,-4.844860279374057,4.844860279374057,-0.048448602793740574
7,20260823,long_emerging_no_break,constant,long,emerging,False,none,regularized_poisson,ceded,171730270.80550924,390762234.94918907,562492505.7546983,554551359.6357385,0.1,2.5438348229981784,success,,,True,True,163789124.68654943,163789124.68654943,41.915290178398884,41.915290178398884,0.41915290178398884
7,20260823,long_emerging_no_break,constant,long,emerging,False,none,regularized_poisson_break_interaction,gross,1180092761.1677804,810141677.1862512,1990234438.3540316,770892818.7475526,0.0001,2.909535450002295,success,,,True,True,-39248858.43869853,39248858.43869853,-4.844690693486596,4.844690693486596,-0.04844690693486596
7,20260823,long_emerging_no_break,constant,long,emerging,False,none,regularized_poisson_break_interaction,ceded,171730270.80550924,390762234.94918907,562492505.7546983,554551359.6357384,0.1,2.5319582339980116,success,,,True,True,163789124.6865493,163789124.6865493,41.915290178398855,41.915290178398855,0.41915290178398856
7,20260823,long_shock_no_break,constant,long,shock,False,none,regularized_poisson,gross,1202598949.9645138,912044125.4589986,2114643075.4235122,922401879.682676,0.01,3.1083879439975135,success,,,True,True,10357754.223677397,10357754.223677397,1.1356637178562734,1.1356637178562734,0.011356637178562733
7,20260823,long_shock_no_break,constant,long,shock,False,none,regularized_poisson,ceded,178400014.6053087,482278592.35778266,660678606.9630914,589435256.3916571,0.1,2.568979263000074,success,,,True,True,107156664.03387445,107156664.03387445,22.218830719813358,22.218830719813358,0.22218830719813357
7,20260823,long_shock_no_break,constant,long,shock,False,none,regularized_poisson_break_interaction,gross,1202598949.9645138,912044125.4589986,2114643075.4235122,922402067.6152619,0.01,2.7502872250006476,success,,,True,True,10357942.156263351,10357942.156263351,1.1356843235025034,1.1356843235025034,0.011356843235025034
7,20260823,long_shock_no_break,constant,long,shock,False,none,regularized_poisson_break_interaction,ceded,178400014.6053087,482278592.35778266,660678606.9630914,589435256.3892944,0.1,2.572969175002072,success,,,True,True,107156664.03151172,107156664.03151172,22.21883071932345,22.21883071932345,0.22218830719323449
7,20260823,long_stable_break,constant,long,stable,True,none,regularized_poisson,gross,1260322543.9086986,540879747.4364166,1801202291.3451152,901187775.8966922,0.0001,3.0286752869978955,success,,,True,True,360308028.46027553,360308028.46027553,66.61518205627245,66.61518205627245,0.6661518205627245
7,20260823,long_stable_break,constant,long,stable,True,none,regularized_poisson,ceded,190566989.79536405,225591484.27532622,416158474.0706903,459886530.1604326,0.1,2.384515759000351,success,,,True,True,234295045.88510635,234295045.88510635,103.85810733846574,103.85810733846574,1.0385810733846574
7,20260823,long_stable_break,constant,long,stable,True,none,regularized_poisson_break_interaction,gross,1260322543.9086986,540879747.4364166,1801202291.3451152,869752522.5636277,1.0,3.1374028919999546,success,,,True,True,328872775.1272111,328872775.1272111,60.803307331427106,60.803307331427106,0.608033073314271
7,20260823,long_stable_break,constant,long,stable,True,none,regularized_poisson_break_interaction,ceded,190566989.79536405,225591484.27532622,416158474.0706903,369796896.1154577,0.1,3.6279517539987864,success,,,True,True,144205411.8401315,144205411.8401315,63.92325149301027,63.92325149301027,0.6392325149301027
7,20260823,long_emerging_break,constant,long,emerging,True,none,regularized_poisson,gross,1290121564.7800667,617962544.134271,1908084108.914338,876115845.2413461,0.001,3.617438436001976,success,,,True,True,258153301.1070751,258153301.1070751,41.774910721932606,41.774910721932606,0.41774910721932607
7,20260823,long_emerging_break,constant,long,emerging,True,none,regularized_poisson,ceded,201000986.45906168,299182332.8180118,500183319.27707356,630872699.8231618,0.1,2.5994516139980988,success,,,True,True,331690367.00515,331690367.00515,110.86562628245578,110.86562628245578,1.1086562628245578
7,20260823,long_emerging_break,constant,long,emerging,True,none,regularized_poisson_break_interaction,gross,1290121564.7800667,617962544.134271,1908084108.914338,965686526.7164075,1.0,3.495655713002634,success,,,True,True,347723982.5821365,347723982.5821365,56.26942698756561,56.26942698756561,0.5626942698756561
7,20260823,long_emerging_break,constant,long,emerging,True,none,regularized_poisson_break_interaction,ceded,201000986.45906168,299182332.8180118,500183319.27707356,532573678.33465046,0.1,3.907618582001305,success,,,True,True,233391345.51663864,233391345.51663864,78.0097351733022,78.0097351733022,0.7800973517330221
7,20260823,long_shock_break,constant,long,shock,True,none,regularized_poisson,gross,1316046341.0010757,695144327.9768064,2011190668.9778824,1111163351.260562,0.01,3.4429661719987052,success,,,True,True,416019023.28375554,416019023.28375554,59.84642419432012,59.84642419432012,0.5984642419432012
7,20260823,long_shock_break,constant,long,shock,True,none,regularized_poisson,ceded,209690593.09339648,373454165.2832909,583144758.3766874,696625449.0056105,0.1,2.517176322002342,success,,,True,True,323171283.72231954,323171283.72231954,86.53572881619131,86.53572881619131,0.8653572881619132
7,20260823,long_shock_break,constant,long,shock,True,none,regularized_poisson_break_interaction,gross,1316046341.0010757,695144327.9768064,2011190668.9778824,1077417828.361308,1.0,3.4043426850003016,success,,,True,True,382273500.3845017,382273500.3845017,54.991961381184765,54.991961381184765,0.5499196138118476
7,20260823,long_shock_break,constant,long,shock,True,none,regularized_poisson_break_interaction,ceded,209690593.09339648,373454165.2832909,583144758.3766874,580044852.709745,0.1,3.5802412489974813,success,,,True,True,206590687.42645413,206590687.42645413,55.318886929468505,55.318886929468505,0.553188869294685
8,20260824,short_stable_no_break,constant,short,stable,False,none,regularized_poisson,gross,1691209534.5795524,121245396.88591947,1812454931.465472,131445370.4159509,0.001,2.689858996000112,success,,,True,True,10199973.530031428,10199973.530031428,8.412668680221028,8.412668680221028,0.08412668680221028
8,20260824,short_stable_no_break,constant,short,stable,False,none,regularized_poisson,ceded,319187961.955014,55435028.83808475,374622990.79309875,70763876.90477955,0.001,2.1949492220010143,success,,,True,True,15328848.066694804,15328848.066694804,27.65191682585297,27.65191682585297,0.27651916825852974
8,20260824,short_stable_no_break,constant,short,stable,False,none,regularized_poisson_break_interaction,gross,1691209534.5795524,121245396.88591947,1812454931.465472,131445370.47269446,0.001,2.4203650100025698,success,,,True,True,10199973.58677499,10199973.58677499,8.412668727021618,8.412668727021618,0.08412668727021619
8,20260824,short_stable_no_break,constant,short,stable,False,none,regularized_poisson_break_interaction,ceded,319187961.955014,55435028.83808475,374622990.79309875,70763876.90415278,0.001,2.2805352410032356,success,,,True,True,15328848.06606803,15328848.06606803,27.651916824722328,27.651916824722328,0.2765191682472233
8,20260824,short_emerging_no_break,constant,short,emerging,False,none,regularized_poisson,gross,1720843875.0993834,134796993.40754396,1855640868.5069275,136508984.32071686,0.0001,2.7550361849971523,success,,,True,True,1711990.9131729007,1711990.9131729007,1.2700512599690437,1.2700512599690437,0.012700512599690437
8,20260824,short_emerging_no_break,constant,short,emerging,False,none,regularized_poisson,ceded,334255913.9038356,70156507.17509204,404412421.07892764,71743265.78257391,0.01,2.2349003720009932,success,,,True,True,1586758.607481867,1586758.607481867,2.261741171808537,2.261741171808537,0.02261741171808537
8,20260824,short_emerging_no_break,constant,short,emerging,False,none,regularized_poisson_break_interaction,gross,1720843875.0993834,134796993.40754396,1855640868.5069275,136508984.28402048,0.0001,2.559496424997633,success,,,True,True,1711990.8764765263,1711990.8764765263,1.2700512327456068,1.2700512327456068,0.012700512327456068
8,20260824,short_emerging_no_break,constant,short,emerging,False,none,regularized_poisson_break_interaction,ceded,334255913.9038356,70156507.17509204,404412421.07892764,71743265.78259963,0.01,2.3167677170022216,success,,,True,True,1586758.6075075865,1586758.6075075865,2.2617411718451974,2.2617411718451974,0.022617411718451972
8,20260824,short_shock_no_break,constant,short,shock,False,none,regularized_poisson,gross,1745196047.6094851,151172966.18677932,1896369013.7962642,147105903.44268245,0.001,2.6644381580008485,success,,,True,True,-4067062.744096875,4067062.744096875,-2.6903373312605914,2.6903373312605914,-0.026903373312605915
8,20260824,short_shock_no_break,constant,short,shock,False,none,regularized_poisson,ceded,346762405.1094845,89773714.06286423,436536119.17234874,88596501.38092607,0.001,2.203006302999711,success,,,True,True,-1177212.6819381565,1177212.6819381565,-1.311311105067805,1.311311105067805,-0.01311311105067805
8,20260824,short_shock_no_break,constant,short,shock,False,none,regularized_poisson_break_interaction,gross,1745196047.6094851,151172966.18677932,1896369013.7962642,147105903.2580935,0.001,2.5632481059983547,success,,,True,True,-4067062.928685814,4067062.928685814,-2.690337453365055,2.690337453365055,-0.026903374533650548
8,20260824,short_shock_no_break,constant,short,shock,False,none,regularized_poisson_break_interaction,ceded,346762405.1094845,89773714.06286423,436536119.17234874,88596501.38096476,0.001,2.5218355500001053,success,,,True,True,-1177212.681899473,1177212.681899473,-1.3113111050247153,1.3113111050247153,-0.013113111050247152
8,20260824,long_stable_no_break,constant,long,stable,False,none,regularized_poisson,gross,1300476940.1755803,812500155.5098317,2112977095.685412,878290810.7542347,0.0001,2.9446156949998112,success,,,True,True,65790655.244403005,65790655.244403005,8.097309864897237,8.097309864897237,0.08097309864897238
8,20260824,long_stable_no_break,constant,long,stable,False,none,regularized_poisson,ceded,212141975.34772316,345598759.9966747,557740735.3443979,575818703.1853478,0.1,2.3933542640006635,success,,,True,True,230219943.18867308,230219943.18867308,66.61480590696802,66.61480590696802,0.6661480590696801
8,20260824,long_stable_no_break,constant,long,stable,False,none,regularized_poisson_break_interaction,gross,1300476940.1755803,812500155.5098317,2112977095.685412,878290756.042871,0.0001,2.642395431001205,success,,,True,True,65790600.53303933,65790600.53303933,8.097303131192229,8.097303131192229,0.0809730313119223
8,20260824,long_stable_no_break,constant,long,stable,False,none,regularized_poisson_break_interaction,ceded,212141975.34772316,345598759.9966747,557740735.3443979,575818703.185323,0.1,2.4062977920002595,success,,,True,True,230219943.18864828,230219943.18864828,66.61480590696084,66.61480590696084,0.6661480590696084
8,20260824,long_emerging_no_break,constant,long,emerging,False,none,regularized_poisson,gross,1330449917.4255285,946527722.776804,2276977640.2023325,904856969.1751822,0.01,3.2254773679997015,success,,,True,True,-41670753.60162175,41670753.60162175,-4.402486329652695,4.402486329652695,-0.044024863296526946
8,20260824,long_emerging_no_break,constant,long,emerging,False,none,regularized_poisson,ceded,221726506.80431733,466654718.757437,688381225.5617543,798612077.2536956,0.1,2.4709773030008364,success,,,True,True,331957358.4962586,331957358.4962586,71.13554093702568,71.13554093702568,0.7113554093702568
8,20260824,long_emerging_no_break,constant,long,emerging,False,none,regularized_poisson_break_interaction,gross,1330449917.4255285,946527722.776804,2276977640.2023325,904857013.3247411,0.01,2.786704402999021,success,,,True,True,-41670709.452062845,41670709.452062845,-4.402481665282297,4.402481665282297,-0.04402481665282297
8,20260824,long_emerging_no_break,constant,long,emerging,False,none,regularized_poisson_break_interaction,ceded,221726506.80431733,466654718.757437,688381225.5617543,798612077.2536956,0.1,2.5080260110007657,success,,,True,True,331957358.4962586,331957358.4962586,71.13554093702568,71.13554093702568,0.7113554093702568
8,20260824,long_shock_no_break,constant,long,shock,False,none,regularized_poisson,gross,1356229946.7409036,1065590001.3304901,2421819948.071394,1087054009.0379307,0.01,3.3005034920024627,success,,,True,True,21464007.707440615,21464007.707440615,2.0142838878593796,2.0142838878593796,0.020142838878593798
8,20260824,long_shock_no_break,constant,long,shock,False,none,regularized_poisson,ceded,229201685.01902938,573114191.107759,802315876.1267884,821416434.2558312,0.1,2.482187282999803,success,,,True,True,248302243.14807224,248302243.14807224,43.3250907062927,43.3250907062927,0.43325090706292696
8,20260824,long_shock_no_break,constant,long,shock,False,none,regularized_poisson_break_interaction,gross,1356229946.7409036,1065590001.3304901,2421819948.071394,1087053860.8849273,0.01,2.8333003699990513,success,,,True,True,21463859.55443716,21463859.55443716,2.0142699844816017,2.0142699844816017,0.020142699844816016
8,20260824,long_shock_no_break,constant,long,shock,False,none,regularized_poisson_break_interaction,ceded,229201685.01902938,573114191.107759,802315876.1267884,821416434.2552768,0.1,2.537946105003357,success,,,True,True,248302243.1475178,248302243.1475178,43.32509070619595,43.32509070619595,0.4332509070619595
8,20260824,long_stable_break,constant,long,stable,True,none,regularized_poisson,gross,1429176564.5327249,626324172.9059651,2055500737.4386902,1090376019.2566566,0.001,3.072180405000836,success,,,True,True,464051846.35069156,464051846.35069156,74.09131986677501,74.09131986677501,0.7409131986677501
8,20260824,long_stable_break,constant,long,stable,True,none,regularized_poisson,ceded,251461730.9896504,263026821.6359476,514488552.62559795,675493928.9721782,0.1,2.5192807290004566,success,,,True,True,412467107.33623064,412467107.33623064,156.81560715778318,156.81560715778318,1.5681560715778318
8,20260824,long_stable_break,constant,long,stable,True,none,regularized_poisson_break_interaction,gross,1429176564.5327249,626324172.9059651,2055500737.4386902,1010405593.1840369,1.0,3.072218099001475,success,,,True,True,384081420.27807176,384081420.27807176,61.323103417203875,61.323103417203875,0.6132310341720387
8,20260824,long_stable_break,constant,long,stable,True,none,regularized_poisson_break_interaction,ceded,251461730.9896504,263026821.6359476,514488552.62559795,513804782.5616885,0.1,3.7954979819987784,success,,,True,True,250777960.9257409,250777960.9257409,95.3431134383853,95.3431134383853,0.9534311343838531
8,20260824,long_emerging_break,constant,long,emerging,True,none,regularized_poisson,gross,1464198393.0959365,715750060.6047767,2179948453.700713,1143214162.2108145,0.01,3.3928838920001,success,,,True,True,427464101.60603774,427464101.60603774,59.722537954778474,59.722537954778474,0.5972253795477848
8,20260824,long_emerging_break,constant,long,emerging,True,none,regularized_poisson,ceded,264076706.97261956,346654795.58985984,610731502.5624794,874319819.268828,0.1,2.7030670280000777,success,,,True,True,527665023.6789682,527665023.6789682,152.21627693945658,152.21627693945658,1.5221627693945659
8,20260824,long_emerging_break,constant,long,emerging,True,none,regularized_poisson_break_interaction,gross,1464198393.0959365,715750060.6047767,2179948453.700713,1153331302.7854872,1.0,3.2604793009995774,success,,,True,True,437581242.18071043,437581242.18071043,61.13603983644429,61.13603983644429,0.6113603983644429
8,20260824,long_emerging_break,constant,long,emerging,True,none,regularized_poisson_break_interaction,ceded,264076706.97261956,346654795.58985984,610731502.5624794,720661717.7821667,0.1,3.9259563029991114,success,,,True,True,374006922.1923069,374006922.1923069,107.89030671158184,107.89030671158184,1.0789030671158184
8,20260824,long_shock_break,constant,long,shock,True,none,regularized_poisson,gross,1494260026.0835493,805124636.3642868,2299384662.4478354,1369400346.4565208,0.01,3.276923117999104,success,,,True,True,564275710.092234,564275710.092234,70.08551031804743,70.08551031804743,0.7008551031804743
8,20260824,long_shock_break,constant,long,shock,True,none,regularized_poisson,ceded,274846037.87102014,430098532.3937574,704944570.2647775,921125008.9304049,0.1,2.668290622001223,success,,,True,True,491026476.5366475,491026476.5366475,114.16604325613235,114.16604325613235,1.1416604325613235
8,20260824,long_shock_break,constant,long,shock,True,none,regularized_poisson_break_interaction,gross,1494260026.0835493,805124636.3642868,2299384662.4478354,1282679383.7785292,1.0,3.3060028450017853,success,,,True,True,477554747.4142424,477554747.4142424,59.31438759230414,59.31438759230414,0.5931438759230414
8,20260824,long_shock_break,constant,long,shock,True,none,regularized_poisson_break_interaction,ceded,274846037.87102014,430098532.3937574,704944570.2647775,740132745.59867,0.1,3.8842827019980177,success,,,True,True,310034213.2049126,310034213.2049126,72.0844620137124,72.0844620137124,0.720844620137124
9,20260825,short_stable_no_break,constant,short,stable,False,none,regularized_poisson,gross,1544482552.08471,106743155.20665479,1651225707.2913642,120129259.4738083,0.001,2.7383717609991436,success,,,True,True,13386104.267153516,13386104.267153516,12.540480222116363,12.540480222116363,0.12540480222116362
9,20260825,short_stable_no_break,constant,short,stable,False,none,regularized_poisson,ceded,285869496.8203483,55145937.14233,341015433.96267825,60468510.54252237,0.01,2.2167546009986836,success,,,True,True,5322573.4001923725,5322573.4001923725,9.651796081468289,9.651796081468289,0.09651796081468289
9,20260825,short_stable_no_break,constant,short,stable,False,none,regularized_poisson_break_interaction,gross,1544482552.08471,106743155.20665479,1651225707.2913642,120129259.47344168,0.001,2.464032589999988,success,,,True,True,13386104.266786888,13386104.266786888,12.540480221772896,12.540480221772896,0.12540480221772896
9,20260825,short_stable_no_break,constant,short,stable,False,none,regularized_poisson_break_interaction,ceded,285869496.8203483,55145937.14233,341015433.96267825,60468510.542546615,0.01,2.2905671049993543,success,,,True,True,5322573.400216617,5322573.400216617,9.651796081512252,9.651796081512252,0.09651796081512252
9,20260825,short_emerging_no_break,constant,short,emerging,False,none,regularized_poisson,gross,1572853848.2749624,118490387.03138334,1691344235.3063457,153989724.0300399,0.01,3.617675686000439,success,,,True,True,35499336.99865657,35499336.99865657,29.959676804207103,29.959676804207103,0.299596768042071
9,20260825,short_emerging_no_break,constant,short,emerging,False,none,regularized_poisson,ceded,302198086.85440415,68771597.47423375,370969684.3286379,102368350.2321255,0.0001,2.346901335000439,success,,,True,True,33596752.75789176,33596752.75789176,48.852657189589436,48.852657189589436,0.4885265718958944
9,20260825,short_emerging_no_break,constant,short,emerging,False,none,regularized_poisson_break_interaction,gross,1572853848.2749624,118490387.03138334,1691344235.3063457,153989724.03304678,0.01,2.2289230360001966,success,,,True,True,35499337.00166345,35499337.00166345,29.959676806744756,29.959676806744756,0.29959676806744756
9,20260825,short_emerging_no_break,constant,short,emerging,False,none,regularized_poisson_break_interaction,ceded,302198086.85440415,68771597.47423375,370969684.3286379,102368350.31514312,0.0001,1.9631203669996466,success,,,True,True,33596752.84090938,33596752.84090938,48.85265731030441,48.85265731030441,0.4885265731030441
9,20260825,short_shock_no_break,constant,short,shock,False,none,regularized_poisson,gross,1596972005.5782967,132834845.06458175,1729806850.6428785,170574321.808171,0.01,2.1059280739973474,success,,,True,True,37739476.74358925,37739476.74358925,28.410826033817436,28.410826033817436,0.2841082603381744
9,20260825,short_shock_no_break,constant,short,shock,False,none,regularized_poisson,ceded,316560923.29771554,86967476.65782495,403528399.9555405,119918227.2148991,0.001,1.9192835930007277,success,,,True,True,32950750.557074144,32950750.557074144,37.88858987678744,37.88858987678744,0.37888589876787443
9,20260825,short_shock_no_break,constant,short,shock,False,none,regularized_poisson_break_interaction,gross,1596972005.5782967,132834845.06458175,1729806850.6428785,170574321.83142394,0.01,2.162560674998531,success,,,True,True,37739476.76684219,37739476.76684219,28.410826051322584,28.410826051322584,0.28410826051322585
9,20260825,short_shock_no_break,constant,short,shock,False,none,regularized_poisson_break_interaction,ceded,316560923.29771554,86967476.65782495,403528399.9555405,119918227.21551616,0.001,4.31875131400011,success,,,True,True,32950750.557691216,32950750.557691216,37.88858987749698,37.88858987749698,0.37888589877496986
9,20260825,long_stable_no_break,constant,long,stable,False,none,regularized_poisson,gross,1181951906.730035,741596172.2498324,1923548078.9798672,674811417.1074398,0.0001,7.148358069000096,success,,,True,True,-66784755.142392635,66784755.142392635,-9.00554205124644,9.00554205124644,-0.0900554205124644
9,20260825,long_stable_no_break,constant,long,stable,False,none,regularized_poisson,ceded,185429562.34373805,318746390.8667276,504175953.21046567,275555394.9981861,0.1,2.502169240000512,success,,,True,True,-43190995.86854148,43190995.86854148,-13.55026977751734,13.55026977751734,-0.1355026977751734
9,20260825,long_stable_no_break,constant,long,stable,False,none,regularized_poisson_break_interaction,gross,1181951906.730035,741596172.2498324,1923548078.9798672,674810779.1344727,0.0001,2.4814542010026344,success,,,True,True,-66785393.115359664,66785393.115359664,-9.005628078250204,9.005628078250204,-0.09005628078250205
9,20260825,long_stable_no_break,constant,long,stable,False,none,regularized_poisson_break_interaction,ceded,185429562.34373805,318746390.8667276,504175953.21046567,275555394.99820334,0.1,6.430353241001285,success,,,True,True,-43190995.86852425,43190995.86852425,-13.550269777511936,13.550269777511936,-0.13550269777511936
9,20260825,long_emerging_no_break,constant,long,emerging,False,none,regularized_poisson,gross,1207142992.058788,864050659.6168107,2071193651.6755993,819670760.7554545,0.0001,5.421922499001084,success,,,True,True,-44379898.86135614,44379898.86135614,-5.136261209619092,5.136261209619092,-0.05136261209619092
9,20260825,long_emerging_no_break,constant,long,emerging,False,none,regularized_poisson,ceded,192893124.2887881,430188839.7616966,623081964.0504847,363620204.1388154,0.1,2.292985607000446,success,,,True,True,-66568635.622881174,66568635.622881174,-15.474282331395885,15.474282331395885,-0.15474282331395886
9,20260825,long_emerging_no_break,constant,long,emerging,False,none,regularized_poisson_break_interaction,gross,1207142992.058788,864050659.6168107,2071193651.6755993,819676842.3581423,0.0001,2.452576970001246,success,,,True,True,-44373817.25866842,44373817.25866842,-5.135557361688415,5.135557361688415,-0.05135557361688414
9,20260825,long_emerging_no_break,constant,long,emerging,False,none,regularized_poisson_break_interaction,ceded,192893124.2887881,430188839.7616966,623081964.0504847,363620204.1238664,0.1,2.244511016000615,success,,,True,True,-66568635.6378302,66568635.6378302,-15.474282334870878,15.474282334870878,-0.15474282334870879
9,20260825,long_shock_no_break,constant,long,shock,False,none,regularized_poisson,gross,1229137425.733108,972722197.1362911,2201859622.869399,934950195.7627847,0.0001,2.4614410660033172,success,,,True,True,-37772001.37350643,37772001.37350643,-3.883123206677895,3.883123206677895,-0.03883123206677895
9,20260825,long_shock_no_break,constant,long,shock,False,none,regularized_poisson,ceded,198688171.76852772,530817477.7684608,729505649.5369886,402911861.66543865,0.1,2.1678174670014414,success,,,True,True,-127905616.10302216,127905616.10302216,-24.09596922858176,24.09596922858176,-0.24095969228581762
9,20260825,long_shock_no_break,constant,long,shock,False,none,regularized_poisson_break_interaction,gross,1229137425.733108,972722197.1362911,2201859622.869399,934949508.6497941,0.0001,2.39345325999966,success,,,True,True,-37772688.486497045,37772688.486497045,-3.8831938448305605,3.8831938448305605,-0.038831938448305604
9,20260825,long_shock_no_break,constant,long,shock,False,none,regularized_poisson_break_interaction,ceded,198688171.76852772,530817477.7684608,729505649.5369886,402911860.7225162,0.1,2.262963793000381,success,,,True,True,-127905617.04594463,127905617.04594463,-24.095969406217677,24.095969406217677,-0.24095969406217677
9,20260825,long_stable_break,constant,long,stable,True,none,regularized_poisson,gross,1285698764.3851094,588289564.2147598,1873988328.5998693,838263331.8688102,0.0001,2.4436592839992954,success,,,True,True,249973767.65405035,249973767.65405035,42.49162025978,42.49162025978,0.4249162025978
9,20260825,long_stable_break,constant,long,stable,True,none,regularized_poisson,ceded,212264423.74098513,254110422.9195186,466374846.6605038,394660097.39664984,0.1,2.1761540139996214,success,,,True,True,140549674.47713125,140549674.47713125,55.31047206262999,55.31047206262999,0.5531047206262999
9,20260825,long_stable_break,constant,long,stable,True,none,regularized_poisson_break_interaction,gross,1285698764.3851094,588289564.2147598,1873988328.5998693,785985271.4556205,1.0,2.4187285830012115,success,,,True,True,197695707.2408607,197695707.2408607,33.60516984603356,33.60516984603356,0.3360516984603356
9,20260825,long_stable_break,constant,long,stable,True,none,regularized_poisson_break_interaction,ceded,212264423.74098513,254110422.9195186,466374846.6605038,312690411.2604334,0.1,3.3749829359985597,success,,,True,True,58579988.340914786,58579988.340914786,23.052965583969037,23.052965583969037,0.23052965583969037
9,20260825,long_emerging_break,constant,long,emerging,True,none,regularized_poisson,gross,1315217933.9479194,671990795.7794588,1987208729.7273784,962095820.665208,0.001,8.603901290000067,success,,,True,True,290105024.8857492,290105024.8857492,43.170981910436616,43.170981910436616,0.4317098191043662
9,20260825,long_emerging_break,constant,long,emerging,True,none,regularized_poisson,ceded,222495104.86563683,331981768.2247377,554476873.0903745,516028848.3416005,0.1,8.013920563000283,success,,,True,True,184047080.11686277,184047080.11686277,55.43891193213678,55.43891193213678,0.5543891193213678
9,20260825,long_emerging_break,constant,long,emerging,True,none,regularized_poisson_break_interaction,gross,1315217933.9479194,671990795.7794588,1987208729.7273784,892501143.3866446,1.0,2.9995207529973413,success,,,True,True,220510347.60718584,220510347.60718584,32.81448927457562,32.81448927457562,0.3281448927457562
9,20260825,long_emerging_break,constant,long,emerging,True,none,regularized_poisson_break_interaction,ceded,222495104.86563683,331981768.2247377,554476873.0903745,440500215.86095434,0.1,4.299525268997968,success,,,True,True,108518447.63621664,108518447.63621664,32.688074473642246,32.688074473642246,0.3268807447364224
9,20260825,long_shock_break,constant,long,shock,True,none,regularized_poisson,gross,1341151482.6129951,755907880.0472257,2097059362.6602209,1126393880.0348556,0.0001,3.4172598559998733,success,,,True,True,370485999.9876299,370485999.9876299,49.01205686127834,49.01205686127834,0.49012056861278336
9,20260825,long_shock_break,constant,long,shock,True,none,regularized_poisson,ceded,231398287.12976885,411775479.8543498,643173766.9841187,579143086.7093573,0.1,2.785851422999258,success,,,True,True,167367606.85500747,167367606.85500747,40.64535530726781,40.64535530726781,0.4064535530726781
9,20260825,long_shock_break,constant,long,shock,True,none,regularized_poisson_break_interaction,gross,1341151482.6129951,755907880.0472257,2097059362.6602209,1016114486.2661707,1.0,3.0018187950008723,success,,,True,True,260206606.21894503,260206606.21894503,34.423057767659266,34.423057767659266,0.34423057767659265
9,20260825,long_shock_break,constant,long,shock,True,none,regularized_poisson_break_interaction,ceded,231398287.12976885,411775479.8543498,643173766.9841187,485899990.2354096,0.1,4.0306707870004175,success,,,True,True,74124510.38105983,74124510.38105983,18.001195799050155,18.001195799050155,0.18001195799050154
10,20260826,short_stable_no_break,constant,short,stable,False,none,regularized_poisson,gross,1713963141.1631925,134674853.39260998,1848637994.5558026,131666265.80422932,0.001,2.3839092559974233,success,,,True,True,-3008587.5883806646,3008587.5883806646,-2.2339638860492386,2.2339638860492386,-0.022339638860492384
10,20260826,short_stable_no_break,constant,short,stable,False,none,regularized_poisson,ceded,303040738.64082664,66326260.11826292,369366998.7590896,56705344.74749154,0.001,2.0460743920011737,success,,,True,True,-9620915.370771378,9620915.370771378,-14.505439253799057,14.505439253799057,-0.14505439253799057
10,20260826,short_stable_no_break,constant,short,stable,False,none,regularized_poisson_break_interaction,gross,1713963141.1631925,134674853.39260998,1848637994.5558026,131666265.8071804,0.001,2.236162584998965,success,,,True,True,-3008587.585429579,3008587.585429579,-2.2339638838579714,2.2339638838579714,-0.022339638838579715
10,20260826,short_stable_no_break,constant,short,stable,False,none,regularized_poisson_break_interaction,ceded,303040738.64082664,66326260.11826292,369366998.7590896,56705344.74749376,0.001,2.2644718480005395,success,,,True,True,-9620915.370769158,9620915.370769158,-14.50543925379571,14.50543925379571,-0.1450543925379571
10,20260826,short_emerging_no_break,constant,short,emerging,False,none,regularized_poisson,gross,1743918059.1039383,149574476.9510759,1893492536.0550141,150340024.63996837,0.001,3.2256199729999935,success,,,True,True,765547.6888924539,765547.6888924539,0.5118170589644487,0.5118170589644487,0.005118170589644487
10,20260826,short_emerging_no_break,constant,short,emerging,False,none,regularized_poisson,ceded,316826404.3446696,80456561.16601817,397282965.5106877,73191928.18833467,0.001,2.7345190240012016,success,,,True,True,-7264632.977683499,7264632.977683499,-9.029261097417878,9.029261097417878,-0.09029261097417879
10,20260826,short_emerging_no_break,constant,short,emerging,False,none,regularized_poisson_break_interaction,gross,1743918059.1039383,149574476.9510759,1893492536.0550141,150340024.5335728,0.001,2.274685431999387,success,,,True,True,765547.5824968815,765547.5824968815,0.5118169878322779,0.5118169878322779,0.005118169878322779
10,20260826,short_emerging_no_break,constant,short,emerging,False,none,regularized_poisson_break_interaction,ceded,316826404.3446696,80456561.16601817,397282965.5106877,73191928.1876836,0.001,2.298076166000101,success,,,True,True,-7264632.978334576,7264632.978334576,-9.029261098227106,9.029261098227106,-0.09029261098227107
10,20260826,short_shock_no_break,constant,short,shock,False,none,regularized_poisson,gross,1768861985.3114147,167693406.19511217,1936555391.506527,160475911.08357698,0.01,5.120697721999022,success,,,True,True,-7217495.111535192,7217495.111535192,-4.303982652208518,4.303982652208518,-0.04303982652208518
10,20260826,short_shock_no_break,constant,short,shock,False,none,regularized_poisson,ceded,328517289.34363997,100256663.52796091,428773952.87160087,88668255.10028157,0.001,2.503628356000263,success,,,True,True,-11588408.427679345,11588408.427679345,-11.55874135433144,11.55874135433144,-0.11558741354331441
10,20260826,short_shock_no_break,constant,short,shock,False,none,regularized_poisson_break_interaction,gross,1768861985.3114147,167693406.19511217,1936555391.506527,160475911.0363608,0.01,3.2509122299998126,success,,,True,True,-7217495.1587513685,7217495.1587513685,-4.303982680364769,4.303982680364769,-0.04303982680364769
10,20260826,short_shock_no_break,constant,short,shock,False,none,regularized_poisson_break_interaction,ceded,328517289.34363997,100256663.52796091,428773952.87160087,88668255.1002518,0.001,2.949278857999161,success,,,True,True,-11588408.427709118,11588408.427709118,-11.558741354361137,11.558741354361137,-0.11558741354361138
10,20260826,long_stable_no_break,constant,long,stable,False,none,regularized_poisson,gross,1319029041.6793027,836391165.1620659,2155420206.8413687,805387945.775789,0.0001,3.4339717299990298,success,,,True,True,-31003219.38627684,31003219.38627684,-3.706784657423947,3.706784657423947,-0.03706784657423947
10,20260826,long_stable_no_break,constant,long,stable,False,none,regularized_poisson,ceded,194996650.73548338,336912354.9061351,531909005.6416184,278161820.2227024,0.01,2.935438721000537,success,,,True,True,-58750534.6834327,58750534.6834327,-17.437928240951802,17.437928240951802,-0.17437928240951803
10,20260826,long_stable_no_break,constant,long,stable,False,none,regularized_poisson_break_interaction,gross,1319029041.6793027,836391165.1620659,2155420206.8413687,805388296.5258466,0.0001,3.000002744000085,success,,,True,True,-31002868.636219263,31002868.636219263,-3.7067427212973847,3.7067427212973847,-0.03706742721297385
10,20260826,long_stable_no_break,constant,long,stable,False,none,regularized_poisson_break_interaction,ceded,194996650.73548338,336912354.9061351,531909005.6416184,278161820.2773493,0.01,2.7463055410007655,success,,,True,True,-58750534.62878579,58750534.62878579,-17.437928224731884,17.437928224731884,-0.17437928224731886
10,20260826,long_emerging_no_break,constant,long,emerging,False,none,regularized_poisson,gross,1348178441.7107253,974852670.2191871,2323031111.9299126,834107031.5928241,0.01,5.803122203000385,success,,,True,True,-140745638.62636304,140745638.62636304,-14.437631749494784,14.437631749494784,-0.14437631749494784
10,20260826,long_emerging_no_break,constant,long,emerging,False,none,regularized_poisson,ceded,203745982.37755242,448150465.0327139,651896447.4102662,396743602.51736,0.01,3.362918375998561,success,,,True,True,-51406862.51535392,51406862.51535392,-11.470893489221604,11.470893489221604,-0.11470893489221604
10,20260826,long_emerging_no_break,constant,long,emerging,False,none,regularized_poisson_break_interaction,gross,1348178441.7107253,974852670.2191871,2323031111.9299126,834108160.4787306,0.01,4.303705826001533,success,,,True,True,-140744509.74045658,140744509.74045658,-14.437515948826546,14.437515948826546,-0.14437515948826546
10,20260826,long_emerging_no_break,constant,long,emerging,False,none,regularized_poisson_break_interaction,ceded,203745982.37755242,448150465.0327139,651896447.4102662,396743602.4969924,0.01,2.6942380690015852,success,,,True,True,-51406862.53572148,51406862.53572148,-11.470893493766408,11.470893493766408,-0.11470893493766408
10,20260826,long_shock_no_break,constant,long,shock,False,none,regularized_poisson,gross,1373435238.7250652,1097410164.2289305,2470845402.953996,1088411536.6128128,0.001,5.495603520997975,success,,,True,True,-8998627.616117716,8998627.616117716,-0.8199876317384385,0.8199876317384385,-0.008199876317384384
10,20260826,long_shock_no_break,constant,long,shock,False,none,regularized_poisson,ceded,211107900.8900945,546183119.412483,757291020.3025775,494406367.10456157,0.01,9.083412577998388,success,,,True,True,-51776752.30792141,51776752.30792141,-9.479742318586577,9.479742318586577,-0.09479742318586577
10,20260826,long_shock_no_break,constant,long,shock,False,none,regularized_poisson_break_interaction,gross,1373435238.7250652,1097410164.2289305,2470845402.953996,1088411199.4772546,0.001,6.496216366998851,success,,,True,True,-8998964.751675844,8998964.751675844,-0.8200183527549844,0.8200183527549844,-0.008200183527549844
10,20260826,long_shock_no_break,constant,long,shock,False,none,regularized_poisson_break_interaction,ceded,211107900.8900945,546183119.412483,757291020.3025775,494406367.10255164,0.01,3.512726916997053,success,,,True,True,-51776752.30993134,51776752.30993134,-9.479742318954573,9.479742318954573,-0.09479742318954573
10,20260826,long_stable_break,constant,long,stable,True,none,regularized_poisson,gross,1439874066.4914694,659165908.9443653,2099039975.4358344,1075816582.4812455,0.0001,4.152871432997927,success,,,True,True,416650673.53688025,416650673.53688025,63.20877155254191,63.20877155254191,0.6320877155254191
10,20260826,long_stable_break,constant,long,stable,True,none,regularized_poisson,ceded,229849310.34042877,263302626.44822067,493151936.78864944,502221927.0543095,0.01,3.105085221999616,success,,,True,True,238919300.60608882,238919300.60608882,90.73942931331644,90.73942931331644,0.9073942931331643
10,20260826,long_stable_break,constant,long,stable,True,none,regularized_poisson_break_interaction,gross,1439874066.4914694,659165908.9443653,2099039975.4358344,1074988440.9252138,0.1,2.702522453997517,success,,,True,True,415822531.98084855,415822531.98084855,63.08313678521027,63.08313678521027,0.6308313678521027
10,20260826,long_stable_break,constant,long,stable,True,none,regularized_poisson_break_interaction,ceded,229849310.34042877,263302626.44822067,493151936.78864944,396404025.7197796,0.1,3.5530469250006718,success,,,True,True,133101399.27155894,133101399.27155894,50.55072980737386,50.55072980737386,0.5055072980737386
10,20260826,long_emerging_break,constant,long,emerging,True,none,regularized_poisson,gross,1474075680.2267265,753339760.4341314,2227415440.660858,1134431002.7264516,0.01,3.149289492997923,success,,,True,True,381091242.29232025,381091242.29232025,50.58690146298751,50.58690146298751,0.5058690146298751
10,20260826,long_emerging_break,constant,long,emerging,True,none,regularized_poisson,ceded,240911348.43987674,341665288.94157326,582576637.3814499,705434063.991801,0.01,3.549994496999716,success,,,True,True,363768775.05022776,363768775.05022776,106.4693390941549,106.4693390941549,1.064693390941549
10,20260826,long_emerging_break,constant,long,emerging,True,none,regularized_poisson_break_interaction,gross,1474075680.2267265,753339760.4341314,2227415440.660858,1221838971.5788357,0.1,6.077947822999704,success,,,True,True,468499211.14470434,468499211.14470434,62.18963019749809,62.18963019749809,0.6218963019749809
10,20260826,long_emerging_break,constant,long,emerging,True,none,regularized_poisson_break_interaction,ceded,240911348.43987674,341665288.94157326,582576637.3814499,573083127.0800301,0.1,8.715180297000188,success,,,True,True,231417838.13845682,231417838.13845682,67.73232330839163,67.73232330839163,0.6773232330839163
10,20260826,long_shock_break,constant,long,shock,True,none,regularized_poisson,gross,1503852330.9735177,847363480.4536366,2351215811.4271545,1378875803.7265897,0.001,8.494704546999856,success,,,True,True,531512323.27295303,531512323.27295303,62.72542250562976,62.72542250562976,0.6272542250562976
10,20260826,long_shock_break,constant,long,shock,True,none,regularized_poisson,ceded,250485968.49399287,419800063.420129,670286031.9141219,799407362.8514266,0.01,2.907704228997318,success,,,True,True,379607299.4312976,379607299.4312976,90.42573656102402,90.42573656102402,0.9042573656102402
10,20260826,long_shock_break,constant,long,shock,True,none,regularized_poisson_break_interaction,gross,1503852330.9735177,847363480.4536366,2351215811.4271545,1377966926.844424,0.1,3.1786804840012337,success,,,True,True,530603446.39078736,530603446.39078736,62.6181631177601,62.6181631177601,0.626181631177601
10,20260826,long_shock_break,constant,long,shock,True,none,regularized_poisson_break_interaction,ceded,250485968.49399287,419800063.420129,670286031.9141219,644078302.6084535,0.1,4.025084224998864,success,,,True,True,224278239.1883245,224278239.1883245,53.42501317439549,53.42501317439549,0.5342501317439549
11,20260827,short_stable_no_break,constant,short,stable,False,none,regularized_poisson,gross,1550407836.0612643,120416969.18187675,1670824805.2431414,120221850.3300792,0.001,2.2873660330005805,success,,,True,True,-195118.85179755092,195118.85179755092,-0.16203600964482429,0.16203600964482429,-0.001620360096448243
11,20260827,short_stable_no_break,constant,short,stable,False,none,regularized_poisson,ceded,285394641.7580995,71395569.41409275,356790211.1721922,57566178.29735149,0.001,1.9559070879986393,success,,,True,True,-13829391.116741262,13829391.116741262,-19.370097094584533,19.370097094584533,-0.19370097094584532
11,20260827,short_stable_no_break,constant,short,stable,False,none,regularized_poisson_break_interaction,gross,1550407836.0612643,120416969.18187675,1670824805.2431414,120221850.33007433,0.001,2.418608692998532,success,,,True,True,-195118.8518024236,195118.8518024236,-0.1620360096488708,0.1620360096488708,-0.001620360096488708
11,20260827,short_stable_no_break,constant,short,stable,False,none,regularized_poisson_break_interaction,ceded,285394641.7580995,71395569.41409275,356790211.1721922,57566178.29735072,0.001,2.4177336399989144,success,,,True,True,-13829391.11674203,13829391.11674203,-19.370097094585606,19.370097094585606,-0.19370097094585606
11,20260827,short_emerging_no_break,constant,short,emerging,False,none,regularized_poisson,gross,1578889658.4517157,133653943.32290919,1712543601.7746248,140159113.6107711,0.001,2.527580284000578,success,,,True,True,6505170.287861899,6505170.287861899,4.8671742308009165,4.8671742308009165,0.048671742308009164
11,20260827,short_emerging_no_break,constant,short,emerging,False,none,regularized_poisson,ceded,301935122.2565943,86640847.87304908,388575970.12964344,94492520.21854821,0.0001,2.4902922680012125,success,,,True,True,7851672.345499128,7851672.345499128,9.062321685729378,9.062321685729378,0.09062321685729378
11,20260827,short_emerging_no_break,constant,short,emerging,False,none,regularized_poisson_break_interaction,gross,1578889658.4517157,133653943.32290919,1712543601.7746248,140159113.70241982,0.001,2.7812216489983257,success,,,True,True,6505170.379510626,6505170.379510626,4.867174299372577,4.867174299372577,0.048671742993725765
11,20260827,short_emerging_no_break,constant,short,emerging,False,none,regularized_poisson_break_interaction,ceded,301935122.2565943,86640847.87304908,388575970.12964344,94492520.25381115,0.0001,4.04850990200066,success,,,True,True,7851672.38076207,7851672.38076207,9.062321726429515,9.062321726429515,0.09062321726429515
11,20260827,short_shock_no_break,constant,short,shock,False,none,regularized_poisson,gross,1603906143.3665695,149827812.85681683,1753733956.2233865,158843304.01565117,0.001,2.3634357590017316,success,,,True,True,9015491.158834338,9015491.158834338,6.017234708918835,6.017234708918835,0.060172347089188345
11,20260827,short_shock_no_break,constant,short,shock,False,none,regularized_poisson,ceded,317505779.00982475,105213686.48668984,422719465.4965146,117874434.82051028,0.0001,1.9079852719987684,success,,,True,True,12660748.333820447,12660748.333820447,12.033366339104665,12.033366339104665,0.12033366339104665
11,20260827,short_shock_no_break,constant,short,shock,False,none,regularized_poisson_break_interaction,gross,1603906143.3665695,149827812.85681683,1753733956.2233865,158843304.0109259,0.001,2.1792374670003483,success,,,True,True,9015491.15410906,9015491.15410906,6.01723470576503,6.01723470576503,0.060172347057650295
11,20260827,short_shock_no_break,constant,short,shock,False,none,regularized_poisson_break_interaction,ceded,317505779.00982475,105213686.48668984,422719465.4965146,117874434.80855544,0.0001,2.2144072099981713,success,,,True,True,12660748.321865603,12660748.321865603,12.033366327742222,12.033366327742222,0.12033366327742222
11,20260827,long_stable_no_break,constant,long,stable,False,none,regularized_poisson,gross,1175442255.1126645,770407082.2857108,1945849337.3983753,727261969.7021182,0.0001,3.367838733996905,success,,,True,True,-43145112.58359265,43145112.58359265,-5.600300617121272,5.600300617121272,-0.056003006171212726
11,20260827,long_stable_no_break,constant,long,stable,False,none,regularized_poisson,ceded,182235148.97744095,335982274.18882424,518217423.16626513,288350335.75370306,0.01,2.7134947430022294,success,,,True,True,-47631938.43512118,47631938.43512118,-14.176920062262486,14.176920062262486,-0.14176920062262485
11,20260827,long_stable_no_break,constant,long,stable,False,none,regularized_poisson_break_interaction,gross,1175442255.1126645,770407082.2857108,1945849337.3983753,727261992.373092,0.0001,5.149807699999656,success,,,True,True,-43145089.91261876,43145089.91261876,-5.600297674394704,5.600297674394704,-0.05600297674394704
11,20260827,long_stable_no_break,constant,long,stable,False,none,regularized_poisson_break_interaction,ceded,182235148.97744095,335982274.18882424,518217423.16626513,288350335.7536802,0.01,4.388278701000672,success,,,True,True,-47631938.43514401,47631938.43514401,-14.17692006226928,14.17692006226928,-0.1417692006226928
11,20260827,long_emerging_no_break,constant,long,emerging,False,none,regularized_poisson,gross,1202126109.5398824,898223559.7310824,2100349669.2709646,781370803.5395604,0.01,3.57336412800214,success,,,True,True,-116852756.191522,116852756.191522,-13.009317661018194,13.009317661018194,-0.13009317661018194
11,20260827,long_emerging_no_break,constant,long,emerging,False,none,regularized_poisson,ceded,189278522.0340096,447353470.69370604,636631992.7277157,388789944.00967354,0.01,2.8916025809994608,success,,,True,True,-58563526.6840325,58563526.6840325,-13.091108155083427,13.091108155083427,-0.13091108155083428
11,20260827,long_emerging_no_break,constant,long,emerging,False,none,regularized_poisson_break_interaction,gross,1202126109.5398824,898223559.7310824,2100349669.2709646,781370787.4006716,0.01,3.1188259449991165,success,,,True,True,-116852772.33041084,116852772.33041084,-13.00931945777454,13.00931945777454,-0.1300931945777454
11,20260827,long_emerging_no_break,constant,long,emerging,False,none,regularized_poisson_break_interaction,ceded,189278522.0340096,447353470.69370604,636631992.7277157,388789943.9599267,0.01,2.3296819839997625,success,,,True,True,-58563526.73377931,58563526.73377931,-13.091108166203675,13.091108166203675,-0.13091108166203674
11,20260827,long_shock_no_break,constant,long,shock,False,none,regularized_poisson,gross,1225097905.3079803,1011272399.076081,2236370304.3840613,949539971.3905828,0.01,2.963406416998623,success,,,True,True,-61732427.68549824,61732427.68549824,-6.104431184110061,6.104431184110061,-0.06104431184110061
11,20260827,long_shock_no_break,constant,long,shock,False,none,regularized_poisson,ceded,195090088.16757417,545814304.4819006,740904392.6494749,426254120.03963614,0.01,3.2779987629983225,success,,,True,True,-119560184.44226444,119560184.44226444,-21.904919578052045,21.904919578052045,-0.21904919578052046
11,20260827,long_shock_no_break,constant,long,shock,False,none,regularized_poisson_break_interaction,gross,1225097905.3079803,1011272399.076081,2236370304.3840613,949540326.9780105,0.01,2.899644446999446,success,,,True,True,-61732072.0980705,61732072.0980705,-6.10439602173165,6.10439602173165,-0.0610439602173165
11,20260827,long_shock_no_break,constant,long,shock,False,none,regularized_poisson_break_interaction,ceded,195090088.16757417,545814304.4819006,740904392.6494749,426254120.1125667,0.01,3.310673437001242,success,,,True,True,-119560184.36933386,119560184.36933386,-21.904919564690253,21.904919564690253,-0.21904919564690253
11,20260827,long_stable_break,constant,long,stable,True,none,regularized_poisson,gross,1291570425.597144,600482365.8872306,1892052791.4843743,940192136.1500361,0.001,4.543467964998854,success,,,True,True,339709770.26280546,339709770.26280546,56.572813717997214,56.572813717997214,0.5657281371799722
11,20260827,long_stable_break,constant,long,stable,True,none,regularized_poisson,ceded,209526404.00978088,269271119.8716827,478797523.8814635,470432255.04569674,0.01,3.749941204998322,success,,,True,True,201161135.17401403,201161135.17401403,74.7057966223316,74.7057966223316,0.7470579662233161
11,20260827,long_stable_break,constant,long,stable,True,none,regularized_poisson_break_interaction,gross,1291570425.597144,600482365.8872306,1892052791.4843743,912930581.1198918,0.1,3.0172513449979306,success,,,True,True,312448215.2326611,312448215.2326611,52.032871068746466,52.032871068746466,0.5203287106874647
11,20260827,long_stable_break,constant,long,stable,True,none,regularized_poisson_break_interaction,ceded,209526404.00978088,269271119.8716827,478797523.8814635,352026697.1891875,0.1,4.270497723999142,success,,,True,True,82755577.31750482,82755577.31750482,30.733179762070588,30.733179762070588,0.3073317976207059
11,20260827,long_emerging_break,constant,long,emerging,True,none,regularized_poisson,gross,1322834289.3528955,686489796.4635129,2009324085.8164082,1018693249.4730079,0.01,3.933966202999727,success,,,True,True,332203453.009495,332203453.009495,48.391608254173335,48.391608254173335,0.48391608254173335
11,20260827,long_emerging_break,constant,long,emerging,True,none,regularized_poisson,ceded,219787563.37170377,347078090.3447683,566865653.7164721,649497348.8274221,0.01,3.361939763002738,success,,,True,True,302419258.48265386,302419258.48265386,87.13291529933429,87.13291529933429,0.8713291529933428
11,20260827,long_emerging_break,constant,long,emerging,True,none,regularized_poisson_break_interaction,gross,1322834289.3528955,686489796.4635129,2009324085.8164082,1003159290.248266,1.0,6.197740834999422,success,,,True,True,316669493.7847531,316669493.7847531,46.128798332632485,46.128798332632485,0.46128798332632487
11,20260827,long_emerging_break,constant,long,emerging,True,none,regularized_poisson_break_interaction,ceded,219787563.37170377,347078090.3447683,566865653.7164721,512976955.7814238,0.1,7.602135477001866,success,,,True,True,165898865.43665552,165898865.43665552,47.798714482916715,47.798714482916715,0.47798714482916715
11,20260827,long_shock_break,constant,long,shock,True,none,regularized_poisson,gross,1349646543.25789,772277757.1219689,2121924300.379859,1216400440.877673,0.01,3.83882551699935,success,,,True,True,444122683.75570405,444122683.75570405,57.50815424372788,57.50815424372788,0.5750815424372788
11,20260827,long_shock_break,constant,long,shock,True,none,regularized_poisson,ceded,228205175.82949933,424758999.50439,652964175.3338894,690351087.4622263,0.01,3.589689575997909,success,,,True,True,265592087.95783627,265592087.95783627,62.52771295434114,62.52771295434114,0.6252771295434114
11,20260827,long_shock_break,constant,long,shock,True,none,regularized_poisson_break_interaction,gross,1349646543.25789,772277757.1219689,2121924300.379859,1124289710.103434,1.0,3.589077319000353,success,,,True,True,352011952.9814652,352011952.9814652,45.581003691379216,45.581003691379216,0.4558100369137921
11,20260827,long_shock_break,constant,long,shock,True,none,regularized_poisson_break_interaction,ceded,228205175.82949933,424758999.50439,652964175.3338894,548180620.5109197,0.1,4.08588601700103,success,,,True,True,123421621.00652969,123421621.00652969,29.056858395122504,29.056858395122504,0.29056858395122503
12,20260828,short_stable_no_break,constant,short,stable,False,none,regularized_poisson,gross,1572378916.505736,114242903.11648484,1686621819.622221,115017904.36586794,0.001,2.581306444000802,success,,,True,True,775001.2493831068,775001.2493831068,0.6783802128985611,0.6783802128985611,0.0067838021289856115
12,20260828,short_stable_no_break,constant,short,stable,False,none,regularized_poisson,ceded,302293011.2415928,57506650.49990024,359799661.7414931,61028710.16538809,0.01,2.3099731050024275,success,,,True,True,3522059.6654878557,3522059.6654878557,6.1246127793410015,6.1246127793410015,0.061246127793410016
12,20260828,short_stable_no_break,constant,short,stable,False,none,regularized_poisson_break_interaction,gross,1572378916.505736,114242903.11648484,1686621819.622221,115017904.36586805,0.001,2.864024637001421,success,,,True,True,775001.2493832111,775001.2493832111,0.6783802128986525,0.6783802128986525,0.006783802128986525
12,20260828,short_stable_no_break,constant,short,stable,False,none,regularized_poisson_break_interaction,ceded,302293011.2415928,57506650.49990024,359799661.7414931,61028710.16539073,0.01,2.3600880160011,success,,,True,True,3522059.665490493,3522059.665490493,6.124612779345587,6.124612779345587,0.061246127793455875
12,20260828,short_emerging_no_break,constant,short,emerging,False,none,regularized_poisson,gross,1599049350.6427135,126808863.19714352,1725858213.839857,123374756.66912273,0.001,2.631205685000168,success,,,True,True,-3434106.528020799,3434106.528020799,-2.7080966120498706,2.7080966120498706,-0.027080966120498706
12,20260828,short_emerging_no_break,constant,short,emerging,False,none,regularized_poisson,ceded,316380904.83648264,69825296.35659844,386206201.193081,80024616.38049084,0.001,2.292586030998791,success,,,True,True,10199320.023892403,10199320.023892403,14.606912617748705,14.606912617748705,0.14606912617748705
12,20260828,short_emerging_no_break,constant,short,emerging,False,none,regularized_poisson_break_interaction,gross,1599049350.6427135,126808863.19714352,1725858213.839857,123374756.68026903,0.001,2.7039913359985803,success,,,True,True,-3434106.516874492,3434106.516874492,-2.708096603260022,2.708096603260022,-0.027080966032600223
12,20260828,short_emerging_no_break,constant,short,emerging,False,none,regularized_poisson_break_interaction,ceded,316380904.83648264,69825296.35659844,386206201.193081,80024627.3793585,0.001,2.4005053380024037,success,,,True,True,10199331.022760063,10199331.022760063,14.606928369730054,14.606928369730054,0.14606928369730054
12,20260828,short_shock_no_break,constant,short,shock,False,none,regularized_poisson,gross,1622257544.8983705,142154443.4199168,1764411988.3182874,142200126.4522855,0.001,2.6580015049985377,success,,,True,True,45683.032368689775,45683.032368689775,0.032136197272247397,0.032136197272247397,0.00032136197272247395
12,20260828,short_shock_no_break,constant,short,shock,False,none,regularized_poisson,ceded,328792285.2192689,86231211.40383303,415023496.623102,93030767.83955574,0.01,2.5688976689998526,success,,,True,True,6799556.435722709,6799556.435722709,7.885261409444219,7.885261409444219,0.07885261409444219
12,20260828,short_shock_no_break,constant,short,shock,False,none,regularized_poisson_break_interaction,gross,1622257544.8983705,142154443.4199168,1764411988.3182874,142200126.4533466,0.001,2.863431756999489,success,,,True,True,45683.033429801464,45683.033429801464,0.032136198018697285,0.032136198018697285,0.00032136198018697286
12,20260828,short_shock_no_break,constant,short,shock,False,none,regularized_poisson_break_interaction,ceded,328792285.2192689,86231211.40383303,415023496.623102,93030767.83952233,0.01,2.6811867260003055,success,,,True,True,6799556.4356893,6799556.4356893,7.8852614094054765,7.8852614094054765,0.07885261409405477
12,20260828,long_stable_no_break,constant,long,stable,False,none,regularized_poisson,gross,1220393739.5586832,742690098.4351643,1963083837.9938474,723371836.2094077,0.001,3.8114409949994297,success,,,True,True,-19318262.225756645,19318262.225756645,-2.6011202069961485,2.6011202069961485,-0.026011202069961485
12,20260828,long_stable_no_break,constant,long,stable,False,none,regularized_poisson,ceded,191242772.04165268,326815514.82710785,518058286.86876047,310564081.95422244,0.1,3.581063229001302,success,,,True,True,-16251432.872885406,16251432.872885406,-4.972662598800656,4.972662598800656,-0.04972662598800656
12,20260828,long_stable_no_break,constant,long,stable,False,none,regularized_poisson_break_interaction,gross,1220393739.5586832,742690098.4351643,1963083837.9938474,723371943.4166849,0.001,2.7259702470000775,success,,,True,True,-19318155.018479466,19318155.018479466,-2.6011057720013366,2.6011057720013366,-0.026011057720013366
12,20260828,long_stable_no_break,constant,long,stable,False,none,regularized_poisson_break_interaction,ceded,191242772.04165268,326815514.82710785,518058286.86876047,310564081.95422006,0.1,2.761242325999774,success,,,True,True,-16251432.87288779,16251432.87288779,-4.972662598801386,4.972662598801386,-0.04972662598801386
12,20260828,long_emerging_no_break,constant,long,emerging,False,none,regularized_poisson,gross,1246684253.286441,864654893.3003402,2111339146.5867815,706240308.2708107,0.01,3.109301496999251,success,,,True,True,-158414585.02952945,158414585.02952945,-18.321134392112175,18.321134392112175,-0.18321134392112176
12,20260828,long_emerging_no_break,constant,long,emerging,False,none,regularized_poisson,ceded,200528808.49111456,429313850.2498671,629842658.7409816,437652793.8118941,0.1,2.6849056079990987,success,,,True,True,8338943.562027037,8338943.562027037,1.9423886644173365,1.9423886644173365,0.019423886644173365
12,20260828,long_emerging_no_break,constant,long,emerging,False,none,regularized_poisson_break_interaction,gross,1246684253.286441,864654893.3003402,2111339146.5867815,706240594.850699,0.01,3.045678061000217,success,,,True,True,-158414298.44964123,158414298.44964123,-18.321101248265947,18.321101248265947,-0.18321101248265947
12,20260828,long_emerging_no_break,constant,long,emerging,False,none,regularized_poisson_break_interaction,ceded,200528808.49111456,429313850.2498671,629842658.7409816,437652792.92785454,0.1,2.7012703559994407,success,,,True,True,8338942.677987456,8338942.677987456,1.9423884584981517,1.9423884584981517,0.019423884584981517
12,20260828,long_shock_no_break,constant,long,shock,False,none,regularized_poisson,gross,1269029023.4964345,973412493.2120446,2242441516.7084794,900149102.7859318,0.001,3.627165033998608,success,,,True,True,-73263390.42611277,73263390.42611277,-7.526448544374019,7.526448544374019,-0.07526448544374019
12,20260828,long_shock_no_break,constant,long,shock,False,none,regularized_poisson,ceded,208184818.920301,522943050.50506985,731127869.4253708,514288283.65915054,0.1,2.84587758500129,success,,,True,True,-8654766.845919311,8654766.845919311,-1.6550113511519748,1.6550113511519748,-0.01655011351151975
12,20260828,long_shock_no_break,constant,long,shock,False,none,regularized_poisson_break_interaction,gross,1269029023.4964345,973412493.2120446,2242441516.7084794,900149317.1502336,0.001,2.6741096039986587,success,,,True,True,-73263176.06181097,73263176.06181097,-7.526426522435396,7.526426522435396,-0.07526426522435396
12,20260828,long_shock_no_break,constant,long,shock,False,none,regularized_poisson_break_interaction,ceded,208184818.920301,522943050.50506985,731127869.4253708,514288283.7487692,0.1,2.6996865250002884,success,,,True,True,-8654766.756300628,8654766.756300628,-1.6550113340146055,1.6550113340146055,-0.016550113340146055
12,20260828,long_stable_break,constant,long,stable,True,none,regularized_poisson,gross,1328661582.9819155,583792001.0262423,1912453584.0081575,818833927.06153,0.001,3.0640311560018745,success,,,True,True,235041926.03528774,235041926.03528774,40.26124469367683,40.26124469367683,0.4026124469367683
12,20260828,long_stable_break,constant,long,stable,True,none,regularized_poisson,ceded,226075515.33464292,256138382.5904678,482213897.92511076,559377076.4960582,0.01,2.2804376509993745,success,,,True,True,303238693.9055904,303238693.9055904,118.38861901085318,118.38861901085318,1.1838861901085318
12,20260828,long_stable_break,constant,long,stable,True,none,regularized_poisson_break_interaction,gross,1328661582.9819155,583792001.0262423,1912453584.0081575,812183389.6353972,0.1,2.6677215570016415,success,,,True,True,228391388.60915494,228391388.60915494,39.12204829933742,39.12204829933742,0.39122048299337425
12,20260828,long_stable_break,constant,long,stable,True,none,regularized_poisson_break_interaction,ceded,226075515.33464292,256138382.5904678,482213897.92511076,416288434.44616926,0.1,3.3307179270013876,success,,,True,True,160150051.85570145,160150051.85570145,62.52481577966419,62.52481577966419,0.6252481577966419
12,20260828,long_emerging_break,constant,long,emerging,True,none,regularized_poisson,gross,1359083913.8109555,666743048.8152063,2025826962.6261618,846268801.537833,0.01,2.8235022549997666,success,,,True,True,179525752.7226267,179525752.7226267,26.92577793523931,26.92577793523931,0.2692577793523931
12,20260828,long_emerging_break,constant,long,emerging,True,none,regularized_poisson,ceded,238979523.67264527,325126140.5975814,564105664.2702267,798625168.9054482,0.01,2.462015433997294,success,,,True,True,473499028.3078668,473499028.3078668,145.63548395019123,145.63548395019123,1.4563548395019124
12,20260828,long_emerging_break,constant,long,emerging,True,none,regularized_poisson_break_interaction,gross,1359083913.8109555,666743048.8152063,2025826962.6261618,897303352.1431208,1.0,2.991801218002365,success,,,True,True,230560303.32791448,230560303.32791448,34.580083547570105,34.580083547570105,0.34580083547570106
12,20260828,long_emerging_break,constant,long,emerging,True,none,regularized_poisson_break_interaction,ceded,238979523.67264527,325126140.5975814,564105664.2702267,630567164.9722738,0.1,3.5314861420010857,success,,,True,True,305441024.37469244,305441024.37469244,93.9453911067539,93.9453911067539,0.9394539110675391
12,20260828,long_shock_break,constant,long,shock,True,none,regularized_poisson,gross,1384914891.5569196,750017185.8934898,2134932077.450409,1025415936.8259546,0.01,2.7821961830013606,success,,,True,True,275398750.9324647,275398750.9324647,36.71899205941318,36.71899205941318,0.3671899205941318
12,20260828,long_shock_break,constant,long,shock,True,none,regularized_poisson,ceded,249790323.42382798,396764543.5095545,646554866.9333824,898824781.8446661,0.01,2.5637390010015224,success,,,True,True,502060238.3351116,502060238.3351116,126.53858479746476,126.53858479746476,1.2653858479746476
12,20260828,long_shock_break,constant,long,shock,True,none,regularized_poisson_break_interaction,gross,1384914891.5569196,750017185.8934898,2134932077.450409,1000831744.4805671,1.0,2.9990540649996547,success,,,True,True,250814558.58707726,250814558.58707726,33.441174856317964,33.441174856317964,0.3344117485631796
12,20260828,long_shock_break,constant,long,shock,True,none,regularized_poisson_break_interaction,ceded,249790323.42382798,396764543.5095545,646554866.9333824,698591819.4398394,0.1,3.2957173689974297,success,,,True,True,301827275.93028486,301827275.93028486,76.0721392240576,76.0721392240576,0.7607213922405759
13,20260829,short_stable_no_break,constant,short,stable,False,none,regularized_poisson,gross,1681276185.8743365,119092300.91678554,1800368486.791122,119809811.07861173,0.0001,2.3843847479984106,success,,,True,True,717510.1618261933,717510.1618261933,0.602482407597067,0.602482407597067,0.00602482407597067
13,20260829,short_stable_no_break,constant,short,stable,False,none,regularized_poisson,ceded,307315345.19271266,55324389.44217354,362639734.63488626,69744435.40424582,0.001,2.0188620150001952,success,,,True,True,14420045.962072283,14420045.962072283,26.064537010651478,26.064537010651478,0.2606453701065148
13,20260829,short_stable_no_break,constant,short,stable,False,none,regularized_poisson_break_interaction,gross,1681276185.8743365,119092300.91678554,1800368486.791122,119809828.8139192,0.0001,2.366201437002019,success,,,True,True,717527.8971336633,717527.8971336633,0.6024972996659358,0.6024972996659358,0.0060249729966593574
13,20260829,short_stable_no_break,constant,short,stable,False,none,regularized_poisson_break_interaction,ceded,307315345.19271266,55324389.44217354,362639734.63488626,69744424.36974783,0.001,2.2627687139975023,success,,,True,True,14420034.927574292,14420034.927574292,26.064517065563784,26.064517065563784,0.26064517065563786
13,20260829,short_emerging_no_break,constant,short,emerging,False,none,regularized_poisson,gross,1707445991.1112978,132458414.43206945,1839904405.5433671,100390581.85395226,0.01,2.224305772997468,success,,,True,True,-32067832.57811719,32067832.57811719,-24.209736101410904,24.209736101410904,-0.24209736101410906
13,20260829,short_emerging_no_break,constant,short,emerging,False,none,regularized_poisson,ceded,321191332.4107942,71131128.73172837,392322461.1425226,51054505.16960956,0.001,1.945165471999644,success,,,True,True,-20076623.562118813,20076623.562118813,-28.224806663532586,28.224806663532586,-0.28224806663532587
13,20260829,short_emerging_no_break,constant,short,emerging,False,none,regularized_poisson_break_interaction,gross,1707445991.1112978,132458414.43206945,1839904405.5433671,100390582.08551368,0.01,2.2783696170008625,success,,,True,True,-32067832.34655577,32067832.34655577,-24.2097359265927,24.2097359265927,-0.24209735926592701
13,20260829,short_emerging_no_break,constant,short,emerging,False,none,regularized_poisson_break_interaction,ceded,321191332.4107942,71131128.73172837,392322461.1425226,51054505.16933368,0.001,2.119037495998782,success,,,True,True,-20076623.562394693,20076623.562394693,-28.224806663920436,28.224806663920436,-0.2822480666392044
13,20260829,short_shock_no_break,constant,short,shock,False,none,regularized_poisson,gross,1728485884.8121176,148563830.71604544,1877049715.5281632,113171013.68784046,0.001,2.2773420849989634,success,,,True,True,-35392817.02820498,35392817.02820498,-23.823306694246693,23.823306694246693,-0.23823306694246693
13,20260829,short_shock_no_break,constant,short,shock,False,none,regularized_poisson,ceded,332337485.473507,92709672.71563783,425047158.1891448,60994537.186609745,0.001,2.1101461270009167,success,,,True,True,-31715135.529028088,31715135.529028088,-34.20909016290651,34.20909016290651,-0.34209090162906514
13,20260829,short_shock_no_break,constant,short,shock,False,none,regularized_poisson_break_interaction,gross,1728485884.8121176,148563830.71604544,1877049715.5281632,113171013.68527004,0.001,5.88957888799996,success,,,True,True,-35392817.0307754,35392817.0307754,-23.82330669597687,23.82330669597687,-0.23823306695976873
13,20260829,short_shock_no_break,constant,short,shock,False,none,regularized_poisson_break_interaction,ceded,332337485.473507,92709672.71563783,425047158.1891448,60994537.186562434,0.001,4.2781035199986945,success,,,True,True,-31715135.5290754,31715135.5290754,-34.209090162957544,34.209090162957544,-0.34209090162957545
13,20260829,long_stable_no_break,constant,long,stable,False,none,regularized_poisson,gross,1324845650.2232878,775111178.433075,2099956828.6563625,875636472.0617256,0.001,2.515504987000895,success,,,True,True,100525293.62865067,100525293.62865067,12.969145127266446,12.969145127266446,0.12969145127266446
13,20260829,long_stable_no_break,constant,long,stable,False,none,regularized_poisson,ceded,189876295.52771914,343895833.6100101,533772129.1377293,530083606.5067379,0.1,2.392874502998893,success,,,True,True,186187772.8967278,186187772.8967278,54.14074690648077,54.14074690648077,0.5414074690648077
13,20260829,long_stable_no_break,constant,long,stable,False,none,regularized_poisson_break_interaction,gross,1324845650.2232878,775111178.433075,2099956828.6563625,875636740.8500457,0.001,2.64797624700077,success,,,True,True,100525562.41697073,100525562.41697073,12.969179804655646,12.969179804655646,0.12969179804655645
13,20260829,long_stable_no_break,constant,long,stable,False,none,regularized_poisson_break_interaction,ceded,189876295.52771914,343895833.6100101,533772129.1377293,530083606.50673777,0.1,2.1567569880025985,success,,,True,True,186187772.89672768,186187772.89672768,54.14074690648074,54.14074690648074,0.5414074690648074
13,20260829,long_emerging_no_break,constant,long,emerging,False,none,regularized_poisson,gross,1354634574.9158595,902828928.381405,2257463503.2972646,877019533.5766149,0.01,2.7032849520001037,success,,,True,True,-25809394.80479014,25809394.80479014,-2.8587248362833604,2.8587248362833604,-0.028587248362833606
13,20260829,long_emerging_no_break,constant,long,emerging,False,none,regularized_poisson,ceded,199303107.1747045,457401365.7527426,656704472.9274471,739849264.0646944,0.1,2.72737336299906,success,,,True,True,282447898.3119518,282447898.3119518,61.750558581548844,61.750558581548844,0.6175055858154884
13,20260829,long_emerging_no_break,constant,long,emerging,False,none,regularized_poisson_break_interaction,gross,1354634574.9158595,902828928.381405,2257463503.2972646,877019532.89632,0.01,2.4377830649973475,success,,,True,True,-25809395.48508501,25809395.48508501,-2.858724911634831,2.858724911634831,-0.028587249116348308
13,20260829,long_emerging_no_break,constant,long,emerging,False,none,regularized_poisson_break_interaction,ceded,199303107.1747045,457401365.7527426,656704472.9274471,739849264.0646721,0.1,2.4799038669989386,success,,,True,True,282447898.3119295,282447898.3119295,61.75055858154397,61.75055858154397,0.6175055858154397
13,20260829,long_shock_no_break,constant,long,shock,False,none,regularized_poisson,gross,1380171993.0273166,1016362258.6692474,2396534251.696564,1094760970.0585,0.001,3.42166637000264,success,,,True,True,78398711.38925266,78398711.38925266,7.713658267073235,7.713658267073235,0.07713658267073235
13,20260829,long_shock_no_break,constant,long,shock,False,none,regularized_poisson,ceded,207377177.23473245,555662962.8926797,763040140.1274122,780461983.134748,0.1,4.73276495400205,success,,,True,True,224799020.2420683,224799020.2420683,40.45600215494042,40.45600215494042,0.40456002154940424
13,20260829,long_shock_no_break,constant,long,shock,False,none,regularized_poisson_break_interaction,gross,1380171993.0273166,1016362258.6692474,2396534251.696564,1094759779.341814,0.001,7.143726393998804,success,,,True,True,78397520.67256665,78397520.67256665,7.7135411123209945,7.7135411123209945,0.07713541112320994
13,20260829,long_shock_no_break,constant,long,shock,False,none,regularized_poisson_break_interaction,ceded,207377177.23473245,555662962.8926797,763040140.1274122,780461983.1347511,0.1,2.480192185001215,success,,,True,True,224799020.2420714,224799020.2420714,40.456002154940975,40.456002154940975,0.4045600215494098
13,20260829,long_stable_break,constant,long,stable,True,none,regularized_poisson,gross,1453568206.1983473,590184965.3035393,2043753171.5018861,1023354220.0650561,0.001,3.8001725430003717,success,,,True,True,433169254.7615168,433169254.7615168,73.39550822660021,73.39550822660021,0.7339550822660021
13,20260829,long_stable_break,constant,long,stable,True,none,regularized_poisson,ceded,232812707.7705757,259310089.688469,492122797.45904464,676886833.2155339,0.1,2.5859275619986875,success,,,True,True,417576743.52706486,417576743.52706486,161.03374304823038,161.03374304823038,1.6103374304823037
13,20260829,long_stable_break,constant,long,stable,True,none,regularized_poisson_break_interaction,gross,1453568206.1983473,590184965.3035393,2043753171.5018861,964737244.0014673,1.0,3.0433830299989495,success,,,True,True,374552278.6979281,374552278.6979281,63.46354121462435,63.46354121462435,0.6346354121462435
13,20260829,long_stable_break,constant,long,stable,True,none,regularized_poisson_break_interaction,ceded,232812707.7705757,259310089.688469,492122797.45904464,522063097.51850855,0.1,3.773697923999862,success,,,True,True,262753007.83003956,262753007.83003956,101.32772239819391,101.32772239819391,1.0132772239819392
13,20260829,long_emerging_break,constant,long,emerging,True,none,regularized_poisson,gross,1488176245.789681,674726389.3585835,2162902635.1482644,1057980678.5785668,0.01,3.8973635229995125,success,,,True,True,383254289.21998334,383254289.21998334,56.80143762930589,56.80143762930589,0.5680143762930588
13,20260829,long_emerging_break,constant,long,emerging,True,none,regularized_poisson,ceded,246268453.35277498,337192029.1110455,583460482.4638203,918752021.4341372,0.1,3.838276995000342,success,,,True,True,581559992.3230917,581559992.3230917,172.47145309344486,172.47145309344486,1.7247145309344487
13,20260829,long_emerging_break,constant,long,emerging,True,none,regularized_poisson_break_interaction,gross,1488176245.789681,674726389.3585835,2162902635.1482644,1088509446.1095693,1.0,4.6307847290008795,success,,,True,True,413783056.75098586,413783056.75098586,61.326052052646304,61.326052052646304,0.6132605205264631
13,20260829,long_emerging_break,constant,long,emerging,True,none,regularized_poisson_break_interaction,ceded,246268453.35277498,337192029.1110455,583460482.4638203,744320392.295659,0.1,4.16183718100001,success,,,True,True,407128363.18461347,407128363.18461347,120.74080287661137,120.74080287661137,1.2074080287661138
13,20260829,long_shock_break,constant,long,shock,True,none,regularized_poisson,gross,1517758096.7024777,758960478.834156,2276718575.5366335,1271839416.1924243,0.01,3.7418748720010626,success,,,True,True,512878937.35826826,512878937.35826826,67.57650123575668,67.57650123575668,0.6757650123575668
13,20260829,long_shock_break,constant,long,shock,True,none,regularized_poisson,ceded,258249010.85145894,413741968.298162,671990979.1496209,1000203823.1026919,0.1,4.045703509000305,success,,,True,True,586461854.8045299,586461854.8045299,141.74579804335872,141.74579804335872,1.4174579804335872
13,20260829,long_shock_break,constant,long,shock,True,none,regularized_poisson_break_interaction,gross,1517758096.7024777,758960478.834156,2276718575.5366335,1210935250.8495424,1.0,8.70171644599759,success,,,True,True,451974772.01538634,451974772.01538634,59.55181918163481,59.55181918163481,0.5955181918163481
13,20260829,long_shock_break,constant,long,shock,True,none,regularized_poisson_break_interaction,ceded,258249010.85145894,413741968.298162,671990979.1496209,554515031.9334385,1.0,3.76873383000202,success,,,True,True,140773063.63527656,140773063.63527656,34.02436166055768,34.02436166055768,0.34024361660557684
14,20260830,short_stable_no_break,constant,short,stable,False,none,regularized_poisson,gross,1539365772.9965062,114866079.21356876,1654231852.2100744,111945413.53388059,0.001,4.158356302003085,success,,,True,True,-2920665.6796881706,2920665.6796881706,-2.542670298912024,2.542670298912024,-0.025426702989120236
14,20260830,short_stable_no_break,constant,short,stable,False,none,regularized_poisson,ceded,277889383.3174321,55065670.70444464,332955054.0218768,58080299.8806718,0.001,5.876712266999675,success,,,True,True,3014629.17622716,3014629.17622716,5.474607205653872,5.474607205653872,0.054746072056538725
14,20260830,short_stable_no_break,constant,short,stable,False,none,regularized_poisson_break_interaction,gross,1539365772.9965062,114866079.21356876,1654231852.2100744,111945413.53376387,0.001,3.9034009859969956,success,,,True,True,-2920665.6798048913,2920665.6798048913,-2.542670299013638,2.542670299013638,-0.02542670299013638
14,20260830,short_stable_no_break,constant,short,stable,False,none,regularized_poisson_break_interaction,ceded,277889383.3174321,55065670.70444464,332955054.0218768,58080299.880671814,0.001,3.1264212319983926,success,,,True,True,3014629.1762271747,3014629.1762271747,5.4746072056539,5.4746072056539,0.054746072056538995
14,20260830,short_emerging_no_break,constant,short,emerging,False,none,regularized_poisson,gross,1563705506.8826013,127655754.61127774,1691361261.4938788,103688270.96288627,0.0001,3.330406649998622,success,,,True,True,-23967483.64839147,23967483.64839147,-18.775090650142978,18.775090650142978,-0.18775090650142978
14,20260830,short_emerging_no_break,constant,short,emerging,False,none,regularized_poisson,ceded,289739034.7339919,69250427.68212922,358989462.4161212,55209753.812648036,0.01,2.8255663979980454,success,,,True,True,-14040673.869481184,14040673.869481184,-20.275216109754833,20.275216109754833,-0.20275216109754832
14,20260830,short_emerging_no_break,constant,short,emerging,False,none,regularized_poisson_break_interaction,gross,1563705506.8826013,127655754.61127774,1691361261.4938788,103688270.79840267,0.0001,3.4219517359997553,success,,,True,True,-23967483.812875077,23967483.812875077,-18.775090778992325,18.775090778992325,-0.18775090778992326
14,20260830,short_emerging_no_break,constant,short,emerging,False,none,regularized_poisson_break_interaction,ceded,289739034.7339919,69250427.68212922,358989462.4161212,55209753.81264656,0.01,2.9617087630031165,success,,,True,True,-14040673.869482659,14040673.869482659,-20.275216109756965,20.275216109756965,-0.20275216109756963
14,20260830,short_shock_no_break,constant,short,shock,False,none,regularized_poisson,gross,1585207015.102358,143151909.0512076,1728358924.153566,125797796.30993733,0.0001,3.2738588549982524,success,,,True,True,-17354112.741270274,17354112.741270274,-12.12286504335925,12.12286504335925,-0.1212286504335925
14,20260830,short_shock_no_break,constant,short,shock,False,none,regularized_poisson,ceded,299701395.8390414,89142238.07303554,388843633.91207695,69669457.74537826,0.01,3.034462619001715,success,,,True,True,-19472780.327657282,19472780.327657282,-21.844616815322663,21.844616815322663,-0.21844616815322662
14,20260830,short_shock_no_break,constant,short,shock,False,none,regularized_poisson_break_interaction,gross,1585207015.102358,143151909.0512076,1728358924.153566,125797796.7253044,0.0001,3.2433296960007283,success,,,True,True,-17354112.325903207,17354112.325903207,-12.122864753201005,12.122864753201005,-0.12122864753201006
14,20260830,short_shock_no_break,constant,short,shock,False,none,regularized_poisson_break_interaction,ceded,299701395.8390414,89142238.07303554,388843633.91207695,69669457.74536005,0.01,3.0123766899996554,success,,,True,True,-19472780.32767549,19472780.32767549,-21.84461681534309,21.84461681534309,-0.2184461681534309
14,20260830,long_stable_no_break,constant,long,stable,False,none,regularized_poisson,gross,1213748351.5780506,714550779.4004691,1928299130.9785197,774914527.5236288,0.0001,4.9442109129995515,success,,,True,True,60363748.123159766,60363748.123159766,8.44778983710673,8.44778983710673,0.08447789837106731
14,20260830,long_stable_no_break,constant,long,stable,False,none,regularized_poisson,ceded,180622667.17708868,310778910.8105192,491401577.98760784,392890385.8519078,0.01,3.30478710099851,success,,,True,True,82111475.04138857,82111475.04138857,26.42118631127182,26.42118631127182,0.2642118631127182
14,20260830,long_stable_no_break,constant,long,stable,False,none,regularized_poisson_break_interaction,gross,1213748351.5780506,714550779.4004691,1928299130.9785197,774914469.9058142,0.0001,3.5467203900007007,success,,,True,True,60363690.505345106,60363690.505345106,8.447781773604973,8.447781773604973,0.08447781773604973
14,20260830,long_stable_no_break,constant,long,stable,False,none,regularized_poisson_break_interaction,ceded,180622667.17708868,310778910.8105192,491401577.98760784,392890385.85198575,0.01,3.168100738999783,success,,,True,True,82111475.04146653,82111475.04146653,26.421186311296907,26.421186311296907,0.26421186311296907
14,20260830,long_emerging_no_break,constant,long,emerging,False,none,regularized_poisson,gross,1239981457.0006087,831336589.2148616,2071318046.2154703,730886053.8200979,0.0001,4.294368578001013,success,,,True,True,-100450535.39476371,100450535.39476371,-12.083016277393986,12.083016277393986,-0.12083016277393986
14,20260830,long_emerging_no_break,constant,long,emerging,False,none,regularized_poisson,ceded,190492980.456642,413449654.86983955,603942635.3264816,585783094.2664298,0.01,3.6552784539999266,success,,,True,True,172333439.39659023,172333439.39659023,41.68184381502108,41.68184381502108,0.41681843815021086
14,20260830,long_emerging_no_break,constant,long,emerging,False,none,regularized_poisson_break_interaction,gross,1239981457.0006087,831336589.2148616,2071318046.2154703,730883411.674592,0.0001,4.430267059000471,success,,,True,True,-100453177.54026961,100453177.54026961,-12.08333409637852,12.08333409637852,-0.1208333409637852
14,20260830,long_emerging_no_break,constant,long,emerging,False,none,regularized_poisson_break_interaction,ceded,190492980.456642,413449654.86983955,603942635.3264816,585783094.1915443,0.01,3.3221301389967266,success,,,True,True,172333439.32170475,172333439.32170475,41.68184379690872,41.68184379690872,0.41681843796908724
14,20260830,long_shock_no_break,constant,long,shock,False,none,regularized_poisson,gross,1262058775.7210307,935875536.3826001,2197934312.1036305,883806357.1308786,0.0001,5.953770222000458,success,,,True,True,-52069179.2517215,52069179.2517215,-5.5636863266008945,5.5636863266008945,-0.055636863266008946
14,20260830,long_shock_no_break,constant,long,shock,False,none,regularized_poisson,ceded,198801316.46989247,504572074.8683126,703373391.3382051,670587001.1843703,0.01,5.850213970999903,success,,,True,True,166014926.31605768,166014926.31605768,32.90212332091221,32.90212332091221,0.3290212332091221
14,20260830,long_shock_no_break,constant,long,shock,False,none,regularized_poisson_break_interaction,gross,1262058775.7210307,935875536.3826001,2197934312.1036305,883806201.7724373,0.0001,3.771955745000014,success,,,True,True,-52069334.610162735,52069334.610162735,-5.56370292693237,5.56370292693237,-0.0556370292693237
14,20260830,long_shock_no_break,constant,long,shock,False,none,regularized_poisson_break_interaction,ceded,198801316.46989247,504572074.8683126,703373391.3382051,670587001.1418031,0.01,3.6727352529997006,success,,,True,True,166014926.27349055,166014926.27349055,32.90212331247592,32.90212331247592,0.3290212331247592
14,20260830,long_stable_break,constant,long,stable,True,none,regularized_poisson,gross,1320833523.4365091,558426568.3072968,1879260091.7438064,835275458.0879288,0.0001,5.085976021000533,success,,,True,True,276848889.780632,276848889.780632,49.576597084163936,49.576597084163936,0.49576597084163937
14,20260830,long_stable_break,constant,long,stable,True,none,regularized_poisson,ceded,217493622.26466292,236606391.00806683,454100013.2727298,634025109.015188,0.01,3.41169472600086,success,,,True,True,397418718.00712115,397418718.00712115,167.96618058959007,167.96618058959007,1.6796618058959008
14,20260830,long_stable_break,constant,long,stable,True,none,regularized_poisson_break_interaction,gross,1320833523.4365091,558426568.3072968,1879260091.7438064,842492035.9150205,0.1,3.951067948997661,success,,,True,True,284065467.6077237,284065467.6077237,50.868902686486294,50.868902686486294,0.508689026864863
14,20260830,long_stable_break,constant,long,stable,True,none,regularized_poisson_break_interaction,ceded,217493622.26466292,236606391.00806683,454100013.2727298,462212287.94994545,0.1,4.852391684002214,success,,,True,True,225605896.94187862,225605896.94187862,95.35071980967193,95.35071980967193,0.9535071980967194
14,20260830,long_emerging_break,constant,long,emerging,True,none,regularized_poisson,gross,1351042197.1330185,637567991.0950687,1988610188.228087,830082668.1150082,0.01,4.548483703001693,success,,,True,True,192514677.01993954,192514677.01993954,30.195160313691687,30.195160313691687,0.3019516031369169
14,20260830,long_emerging_break,constant,long,emerging,True,none,regularized_poisson,ceded,229928960.64665794,307592092.7292216,537521053.3758795,894205269.325342,0.01,3.548630683999363,success,,,True,True,586613176.5961205,586613176.5961205,190.7113968344192,190.7113968344192,1.907113968344192
14,20260830,long_emerging_break,constant,long,emerging,True,none,regularized_poisson_break_interaction,gross,1351042197.1330185,637567991.0950687,1988610188.228087,920304722.0902027,0.1,4.170333646001382,success,,,True,True,282736730.995134,282736730.995134,44.3461301295119,44.3461301295119,0.44346130129511896
14,20260830,long_emerging_break,constant,long,emerging,True,none,regularized_poisson_break_interaction,ceded,229928960.64665794,307592092.7292216,537521053.3758795,695439414.8438066,0.1,4.84828767900035,success,,,True,True,387847322.11458504,387847322.11458504,126.09144749894902,126.09144749894902,1.2609144749894903
14,20260830,long_shock_break,constant,long,shock,True,none,regularized_poisson,gross,1376434027.7032547,717178006.5086137,2093612034.2118683,1003091661.4028192,0.001,4.47466153699861,success,,,True,True,285913654.89420545,285913654.89420545,39.86648395509204,39.86648395509204,0.3986648395509204
14,20260830,long_shock_break,constant,long,shock,True,none,regularized_poisson,ceded,240694006.4650667,379043855.0887311,619737861.5537978,975292740.1791582,0.01,3.689998862999346,success,,,True,True,596248885.0904272,596248885.0904272,157.30340357340714,157.30340357340714,1.5730340357340713
14,20260830,long_shock_break,constant,long,shock,True,none,regularized_poisson_break_interaction,gross,1376434027.7032547,717178006.5086137,2093612034.2118683,1025882199.1978574,0.1,4.180288750998443,success,,,True,True,308704192.6892437,308704192.6892437,43.044291638569085,43.044291638569085,0.4304429163856909
14,20260830,long_shock_break,constant,long,shock,True,none,regularized_poisson_break_interaction,ceded,240694006.4650667,379043855.0887311,619737861.5537978,753450481.9850441,0.1,6.7821487430010166,success,,,True,True,374406626.896313,374406626.896313,98.77659850432543,98.77659850432543,0.9877659850432543
15,20260831,short_stable_no_break,constant,short,stable,False,none,regularized_poisson,gross,1683593750.827911,127696575.13080329,1811290325.9587145,128681083.57349041,0.001,4.836600062000798,success,,,True,True,984508.442687124,984508.442687124,0.7709748219000107,0.7709748219000107,0.007709748219000107
15,20260831,short_stable_no_break,constant,short,stable,False,none,regularized_poisson,ceded,351724586.4429856,50351765.20084126,402076351.6438269,56787225.690717004,0.001,4.734304188001261,success,,,True,True,6435460.489875741,6435460.489875741,12.781002739836852,12.781002739836852,0.12781002739836853
15,20260831,short_stable_no_break,constant,short,stable,False,none,regularized_poisson_break_interaction,gross,1683593750.827911,127696575.13080329,1811290325.9587145,128681083.57349533,0.001,6.491074196997943,success,,,True,True,984508.4426920414,984508.4426920414,0.7709748219038615,0.7709748219038615,0.007709748219038615
15,20260831,short_stable_no_break,constant,short,stable,False,none,regularized_poisson_break_interaction,ceded,351724586.4429856,50351765.20084126,402076351.6438269,56787225.69065297,0.001,2.7374458449994563,success,,,True,True,6435460.489811704,6435460.489811704,12.781002739709674,12.781002739709674,0.12781002739709674
15,20260831,short_emerging_no_break,constant,short,emerging,False,none,regularized_poisson,gross,1711832083.5669985,141931759.932108,1853763843.4991064,127038296.3694064,0.0001,2.7822053139971104,success,,,True,True,-14893463.562701613,14893463.562701613,-10.493397369148235,10.493397369148235,-0.10493397369148236
15,20260831,short_emerging_no_break,constant,short,emerging,False,none,regularized_poisson,ceded,366018258.5919321,64784910.56973085,430803169.16166294,61696945.87133774,0.0001,2.1271536390013353,success,,,True,True,-3087964.6983931065,3087964.6983931065,-4.766487552791161,4.766487552791161,-0.04766487552791161
15,20260831,short_emerging_no_break,constant,short,emerging,False,none,regularized_poisson_break_interaction,gross,1711832083.5669985,141931759.932108,1853763843.4991064,127038295.51037695,0.0001,2.2784736579997116,success,,,True,True,-14893464.42173107,14893464.42173107,-10.493397974389415,10.493397974389415,-0.10493397974389415
15,20260831,short_emerging_no_break,constant,short,emerging,False,none,regularized_poisson_break_interaction,ceded,366018258.5919321,64784910.56973085,430803169.16166294,61696945.837862715,0.0001,2.5602993199972843,success,,,True,True,-3087964.731868133,3087964.731868133,-4.766487604462185,4.766487604462185,-0.04766487604462185
15,20260831,short_shock_no_break,constant,short,shock,False,none,regularized_poisson,gross,1736869674.954896,159169676.1087862,1896039351.0636823,151504157.31411543,0.0001,2.2983605730005365,success,,,True,True,-7665518.794670761,7665518.794670761,-4.815941693210258,4.815941693210258,-0.04815941693210257
15,20260831,short_shock_no_break,constant,short,shock,False,none,regularized_poisson,ceded,377575077.440326,85237534.42865795,462812611.868984,80669354.76616666,0.0001,1.9610438390009222,success,,,True,True,-4568179.662491292,4568179.662491292,-5.359352183414883,5.359352183414883,-0.053593521834148825
15,20260831,short_shock_no_break,constant,short,shock,False,none,regularized_poisson_break_interaction,gross,1736869674.954896,159169676.1087862,1896039351.0636823,151504156.75626945,0.0001,2.2744444599993585,success,,,True,True,-7665519.352516741,7665519.352516741,-4.815942043682781,4.815942043682781,-0.048159420436827804
15,20260831,short_shock_no_break,constant,short,shock,False,none,regularized_poisson_break_interaction,ceded,377575077.440326,85237534.42865795,462812611.868984,80669354.80313149,0.0001,2.148762529002852,success,,,True,True,-4568179.625526458,4568179.625526458,-5.359352140048032,5.359352140048032,-0.05359352140048032
15,20260831,long_stable_no_break,constant,long,stable,False,none,regularized_poisson,gross,1311151575.878732,801427600.4875928,2112579176.366325,894301851.5698615,0.0001,2.6441319799996563,success,,,True,True,92874251.08226871,92874251.08226871,11.588601518810124,11.588601518810124,0.11588601518810124
15,20260831,long_stable_no_break,constant,long,stable,False,none,regularized_poisson,ceded,244870895.71628976,330696194.215333,575567089.9316227,409350015.6460583,0.1,2.2127404140010185,success,,,True,True,78653821.43072534,78653821.43072534,23.784314064258588,23.784314064258588,0.23784314064258588
15,20260831,long_stable_no_break,constant,long,stable,False,none,regularized_poisson_break_interaction,gross,1311151575.878732,801427600.4875928,2112579176.366325,894302077.3426807,0.0001,2.4002324280008906,success,,,True,True,92874476.85508788,92874476.85508788,11.588629690140763,11.588629690140763,0.11588629690140763
15,20260831,long_stable_no_break,constant,long,stable,False,none,regularized_poisson_break_interaction,ceded,244870895.71628976,330696194.215333,575567089.9316227,409350015.64633393,0.1,2.3048854440021387,success,,,True,True,78653821.43100095,78653821.43100095,23.78431406434193,23.78431406434193,0.2378431406434193
15,20260831,long_emerging_no_break,constant,long,emerging,False,none,regularized_poisson,gross,1340089763.712333,933739326.0117816,2273829089.724114,834727361.2245227,0.0001,2.806348584999796,success,,,True,True,-99011964.78725886,99011964.78725886,-10.603812223499471,10.603812223499471,-0.1060381222349947
15,20260831,long_emerging_no_break,constant,long,emerging,False,none,regularized_poisson,ceded,254957474.65789375,442539573.47243255,697497048.1303263,539898282.1736271,0.1,2.4005906189995585,success,,,True,True,97358708.70119458,97358708.70119458,22.000000573340685,22.000000573340685,0.22000000573340686
15,20260831,long_emerging_no_break,constant,long,emerging,False,none,regularized_poisson_break_interaction,gross,1340089763.712333,933739326.0117816,2273829089.724114,834728251.7164739,0.0001,2.447009159001027,success,,,True,True,-99011074.29530764,99011074.29530764,-10.603716855132046,10.603716855132046,-0.10603716855132045
15,20260831,long_emerging_no_break,constant,long,emerging,False,none,regularized_poisson_break_interaction,ceded,254957474.65789375,442539573.47243255,697497048.1303263,539898282.1700617,0.1,2.5899860649988113,success,,,True,True,97358708.69762915,97358708.69762915,22.00000057253501,22.00000057253501,0.2200000057253501
15,20260831,long_shock_no_break,constant,long,shock,False,none,regularized_poisson,gross,1364645227.8035493,1051167030.903139,2415812258.7066884,1025015466.6284807,0.0001,3.102466426000319,success,,,True,True,-26151564.274658322,26151564.274658322,-2.4878600170887673,2.4878600170887673,-0.024878600170887673
15,20260831,long_shock_no_break,constant,long,shock,False,none,regularized_poisson,ceded,263017927.3539383,541572070.8683144,804589998.2222526,602962954.7918102,0.1,2.3402951749994827,success,,,True,True,61390883.92349577,61390883.92349577,11.335681292623976,11.335681292623976,0.11335681292623975
15,20260831,long_shock_no_break,constant,long,shock,False,none,regularized_poisson_break_interaction,gross,1364645227.8035493,1051167030.903139,2415812258.7066884,1025016767.1882253,0.0001,2.4808590700013156,success,,,True,True,-26150263.714913726,26150263.714913726,-2.487736291771443,2.487736291771443,-0.02487736291771443
15,20260831,long_shock_no_break,constant,long,shock,False,none,regularized_poisson_break_interaction,ceded,263017927.3539383,541572070.8683144,804589998.2222526,602962954.830499,0.1,2.3419736370015016,success,,,True,True,61390883.96218467,61390883.96218467,11.335681299767788,11.335681299767788,0.11335681299767789
15,20260831,long_stable_break,constant,long,stable,True,none,regularized_poisson,gross,1427935642.8444822,630346883.8524225,2058282526.6969047,1016397172.6773531,0.0001,2.643865008998546,success,,,True,True,386050288.82493067,386050288.82493067,61.244102051484596,61.244102051484596,0.612441020514846
15,20260831,long_stable_break,constant,long,stable,True,none,regularized_poisson,ceded,286506153.9117973,248017242.12603492,534523396.03783226,590063570.4544752,0.1,2.3411994779999077,success,,,True,True,342046328.32844025,342046328.32844025,137.91231827125253,137.91231827125253,1.3791231827125252
15,20260831,long_stable_break,constant,long,stable,True,none,regularized_poisson_break_interaction,gross,1427935642.8444822,630346883.8524225,2058282526.6969047,995837466.5199758,0.1,2.7170936000002257,success,,,True,True,365490582.6675533,365490582.6675533,57.98245252420766,57.98245252420766,0.5798245252420766
15,20260831,long_stable_break,constant,long,stable,True,none,regularized_poisson_break_interaction,ceded,286506153.9117973,248017242.12603492,534523396.03783226,478926380.59189945,0.1,4.176887748999434,success,,,True,True,230909138.46586454,230909138.46586454,93.10205068263902,93.10205068263902,0.9310205068263901
15,20260831,long_emerging_break,constant,long,emerging,True,none,regularized_poisson,gross,1461340867.6372125,720691751.0748918,2182032618.7121043,963124794.4341698,0.0001,3.11398419300167,success,,,True,True,242433043.35927796,242433043.35927796,33.63893689607183,33.63893689607183,0.33638936896071836
15,20260831,long_emerging_break,constant,long,emerging,True,none,regularized_poisson,ceded,300425226.7545602,323906786.8950166,624332013.6495768,777339119.8140506,0.1,2.5318131349995383,success,,,True,True,453432332.91903394,453432332.91903394,139.98852486718613,139.98852486718613,1.3998852486718614
15,20260831,long_emerging_break,constant,long,emerging,True,none,regularized_poisson_break_interaction,gross,1461340867.6372125,720691751.0748918,2182032618.7121043,968273533.4462756,0.0001,3.108478499998455,success,,,True,True,247581782.3713838,247581782.3713838,34.35335315023689,34.35335315023689,0.3435335315023689
15,20260831,long_emerging_break,constant,long,emerging,True,none,regularized_poisson_break_interaction,ceded,300425226.7545602,323906786.8950166,624332013.6495768,678796915.327621,0.1,3.72410389200013,success,,,True,True,354890128.4326044,354890128.4326044,109.56551168149187,109.56551168149187,1.0956551168149187
15,20260831,long_shock_break,constant,long,shock,True,none,regularized_poisson,gross,1489747370.4548416,810702410.0336542,2300449780.4884953,1211594922.0190442,0.0001,2.961230204000458,success,,,True,True,400892511.98538995,400892511.98538995,49.45002099706943,49.45002099706943,0.4945002099706943
15,20260831,long_shock_break,constant,long,shock,True,none,regularized_poisson,ceded,311618999.89984685,401332616.19657946,712951616.0964264,854363563.8606708,0.1,2.5166103829978965,success,,,True,True,453030947.66409135,453030947.66409135,112.88166707143215,112.88166707143215,1.1288166707143215
15,20260831,long_shock_break,constant,long,shock,True,none,regularized_poisson_break_interaction,gross,1489747370.4548416,810702410.0336542,2300449780.4884953,1195100134.1206062,0.0001,2.984793282001192,success,,,True,True,384397724.086952,384397724.086952,47.41539180461974,47.41539180461974,0.4741539180461974
15,20260831,long_shock_break,constant,long,shock,True,none,regularized_poisson_break_interaction,ceded,311618999.89984685,401332616.19657946,712951616.0964264,723757648.3618978,0.1,3.5745903740025824,success,,,True,True,322425032.16531837,322425032.16531837,80.33860672001529,80.33860672001529,0.8033860672001529
16,20260832,short_stable_no_break,constant,short,stable,False,none,regularized_poisson,gross,1687236195.0187352,123002524.48652636,1810238719.5052614,108476056.63079098,0.001,2.8223012529997504,success,,,True,True,-14526467.855735376,14526467.855735376,-11.809894078496413,11.809894078496413,-0.11809894078496413
16,20260832,short_stable_no_break,constant,short,stable,False,none,regularized_poisson,ceded,308621461.89055383,56998013.749120295,365619475.639674,45524568.93779863,0.001,1.9673318259992811,success,,,True,True,-11473444.811321668,11473444.811321668,-20.129551990745902,20.129551990745902,-0.20129551990745903
16,20260832,short_stable_no_break,constant,short,stable,False,none,regularized_poisson_break_interaction,gross,1687236195.0187352,123002524.48652636,1810238719.5052614,108475986.54999813,0.001,2.2516092260011646,success,,,True,True,-14526537.93652822,14526537.93652822,-11.809951053581386,11.809951053581386,-0.11809951053581386
16,20260832,short_stable_no_break,constant,short,stable,False,none,regularized_poisson_break_interaction,ceded,308621461.89055383,56998013.749120295,365619475.639674,45524568.937801585,0.001,2.0429416690021753,success,,,True,True,-11473444.81131871,11473444.81131871,-20.129551990740715,20.129551990740715,-0.20129551990740716
16,20260832,short_emerging_no_break,constant,short,emerging,False,none,regularized_poisson,gross,1712604401.846468,136717365.79140747,1849321767.6378756,102517485.41240823,0.0001,2.7000821809997433,success,,,True,True,-34199880.37899923,34199880.37899923,-25.01502291316723,25.01502291316723,-0.2501502291316723
16,20260832,short_emerging_no_break,constant,short,emerging,False,none,regularized_poisson,ceded,321074012.4576857,71969747.70479468,393043760.16248035,56721315.344619974,0.001,2.1379823079987545,success,,,True,True,-15248432.3601747,15248432.3601747,-21.187280553935913,21.187280553935913,-0.21187280553935914
16,20260832,short_emerging_no_break,constant,short,emerging,False,none,regularized_poisson_break_interaction,gross,1712604401.846468,136717365.79140747,1849321767.6378756,102517462.20805126,0.0001,2.2983053579991974,success,,,True,True,-34199903.5833562,34199903.5833562,-25.015039885668738,25.015039885668738,-0.2501503988566874
16,20260832,short_emerging_no_break,constant,short,emerging,False,none,regularized_poisson_break_interaction,ceded,321074012.4576857,71969747.70479468,393043760.16248035,56721315.344621696,0.001,2.1295077330032655,success,,,True,True,-15248432.36017298,15248432.36017298,-21.187280553933522,21.187280553933522,-0.2118728055393352
16,20260832,short_shock_no_break,constant,short,shock,False,none,regularized_poisson,gross,1735235634.4717076,153320309.3764697,1888555943.848177,125672524.45444483,0.0001,2.257438656000886,success,,,True,True,-27647784.922024876,27647784.922024876,-18.032695756005317,18.032695756005317,-0.18032695756005318
16,20260832,short_shock_no_break,constant,short,shock,False,none,regularized_poisson,ceded,332997724.19822955,88988006.79260848,421985730.99083805,78574589.26102257,0.001,2.12546974399811,success,,,True,True,-10413417.531585917,10413417.531585917,-11.702046047457797,11.702046047457797,-0.11702046047457797
16,20260832,short_shock_no_break,constant,short,shock,False,none,regularized_poisson_break_interaction,gross,1735235634.4717076,153320309.3764697,1888555943.848177,125672525.06060214,0.0001,2.2510133030009456,success,,,True,True,-27647784.315867558,27647784.315867558,-18.032695360651747,18.032695360651747,-0.1803269536065175
16,20260832,short_shock_no_break,constant,short,shock,False,none,regularized_poisson_break_interaction,ceded,332997724.19822955,88988006.79260848,421985730.99083805,78574589.26089758,0.001,2.209922602000006,success,,,True,True,-10413417.531710908,10413417.531710908,-11.702046047598255,11.702046047598255,-0.11702046047598255
16,20260832,long_stable_no_break,constant,long,stable,False,none,regularized_poisson,gross,1352264400.9846022,757710732.8203168,2109975133.8049192,785996146.6683831,0.0001,2.5098914789996343,success,,,True,True,28285413.84806633,28285413.84806633,3.733009527631163,3.733009527631163,0.03733009527631163
16,20260832,long_stable_no_break,constant,long,stable,False,none,regularized_poisson,ceded,228433801.9395387,308015453.66492426,536449255.604463,346850796.97002256,0.01,2.697378974997264,success,,,True,True,38835343.305098295,38835343.305098295,12.608245087386253,12.608245087386253,0.12608245087386252
16,20260832,long_stable_no_break,constant,long,stable,False,none,regularized_poisson_break_interaction,gross,1352264400.9846022,757710732.8203168,2109975133.8049192,785996085.8273861,0.0001,2.3710357720010506,success,,,True,True,28285353.00706935,28285353.00706935,3.7330014980501702,3.7330014980501702,0.0373300149805017
16,20260832,long_stable_no_break,constant,long,stable,False,none,regularized_poisson_break_interaction,ceded,228433801.9395387,308015453.66492426,536449255.604463,346850796.9743374,0.01,2.1959869249985786,success,,,True,True,38835343.309413135,38835343.309413135,12.608245088787104,12.608245088787104,0.12608245088787104
16,20260832,long_emerging_no_break,constant,long,emerging,False,none,regularized_poisson,gross,1380367170.5201597,881699615.693645,2262066786.2138057,740783713.0042535,0.01,2.8065728709989344,success,,,True,True,-140915902.6893915,140915902.6893915,-15.982302836610748,15.982302836610748,-0.15982302836610748
16,20260832,long_emerging_no_break,constant,long,emerging,False,none,regularized_poisson,ceded,237102319.33635494,410639150.634794,647741469.971149,426322555.3963627,0.01,2.415963262999867,success,,,True,True,15683404.761568725,15683404.761568725,3.819266803305103,3.819266803305103,0.03819266803305103
16,20260832,long_emerging_no_break,constant,long,emerging,False,none,regularized_poisson_break_interaction,gross,1380367170.5201597,881699615.693645,2262066786.2138057,740783026.5978266,0.01,2.5138232620010967,success,,,True,True,-140916589.0958184,140916589.0958184,-15.982380686982314,15.982380686982314,-0.15982380686982314
16,20260832,long_emerging_no_break,constant,long,emerging,False,none,regularized_poisson_break_interaction,ceded,237102319.33635494,410639150.634794,647741469.971149,426322555.40214556,0.01,2.375021806001314,success,,,True,True,15683404.767351568,15683404.767351568,3.8192668047133576,3.8192668047133576,0.038192668047133574
16,20260832,long_shock_no_break,constant,long,shock,False,none,regularized_poisson,gross,1403695593.2468648,992519822.6008084,2396215415.8476734,874227770.7473224,0.01,2.711406985999929,success,,,True,True,-118292051.85348594,118292051.85348594,-11.918356607076353,11.918356607076353,-0.11918356607076352
16,20260832,long_shock_no_break,constant,long,shock,False,none,regularized_poisson,ceded,244038281.67086256,500742547.0395919,744780828.7104545,461953657.9936787,0.01,2.405234121997637,success,,,True,True,-38788889.04591322,38788889.04591322,-7.74627386373188,7.74627386373188,-0.0774627386373188
16,20260832,long_shock_no_break,constant,long,shock,False,none,regularized_poisson_break_interaction,gross,1403695593.2468648,992519822.6008084,2396215415.8476734,874228147.7849759,0.01,2.560660758001177,success,,,True,True,-118291674.8158325,118291674.8158325,-11.918318619154615,11.918318619154615,-0.11918318619154615
16,20260832,long_shock_no_break,constant,long,shock,False,none,regularized_poisson_break_interaction,ceded,244038281.67086256,500742547.0395919,744780828.7104545,461953657.99405,0.01,2.362511989998893,success,,,True,True,-38788889.04554188,38788889.04554188,-7.746273863657723,7.746273863657723,-0.07746273863657722
16,20260832,long_stable_break,constant,long,stable,True,none,regularized_poisson,gross,1468310723.0786102,588755800.4030962,2057066523.481706,911262267.1078538,0.0001,2.732157025999186,success,,,True,True,322506466.7047576,322506466.7047576,54.77762876967853,54.77762876967853,0.5477762876967853
16,20260832,long_stable_break,constant,long,stable,True,none,regularized_poisson,ceded,255486537.99741462,246078084.06827366,501564622.06568825,405770889.02179337,0.01,2.5983453200024087,success,,,True,True,159692804.9535197,159692804.9535197,64.89517567489406,64.89517567489406,0.6489517567489407
16,20260832,long_stable_break,constant,long,stable,True,none,regularized_poisson_break_interaction,gross,1468310723.0786102,588755800.4030962,2057066523.481706,912935098.321472,0.1,2.705495564998273,success,,,True,True,324179297.91837585,324179297.91837585,55.06175866062364,55.06175866062364,0.5506175866062364
16,20260832,long_stable_break,constant,long,stable,True,none,regularized_poisson_break_interaction,ceded,255486537.99741462,246078084.06827366,501564622.06568825,341277275.40363884,0.1,3.5426797489999444,success,,,True,True,95199191.33536518,95199191.33536518,38.68657856948871,38.68657856948871,0.3868657856948871
16,20260832,long_emerging_break,constant,long,emerging,True,none,regularized_poisson,gross,1500585275.2087324,672302290.0199585,2172887565.2286906,892892906.4791088,0.01,2.9737727850006195,success,,,True,True,220590616.4591503,220590616.4591503,32.81122491083612,32.81122491083612,0.3281122491083612
16,20260832,long_emerging_break,constant,long,emerging,True,none,regularized_poisson,ceded,267085072.70985538,318161411.8648353,585246484.5746907,498578131.9959215,0.01,2.4515911980015517,success,,,True,True,180416720.13108617,180416720.13108617,56.70603454819112,56.70603454819112,0.5670603454819112
16,20260832,long_emerging_break,constant,long,emerging,True,none,regularized_poisson_break_interaction,gross,1500585275.2087324,672302290.0199585,2172887565.2286906,991717229.0894005,0.1,2.87817356099913,success,,,True,True,319414939.06944203,319414939.06944203,47.51061298035436,47.51061298035436,0.4751061298035436
16,20260832,long_emerging_break,constant,long,emerging,True,none,regularized_poisson_break_interaction,ceded,267085072.70985538,318161411.8648353,585246484.5746907,457274909.8407264,0.1,3.7049537310012965,success,,,True,True,139113497.97589105,139113497.97589105,43.724189291374756,43.724189291374756,0.43724189291374754
16,20260832,long_shock_break,constant,long,shock,True,none,regularized_poisson,gross,1527362099.0880826,756180251.1935749,2283542350.2816577,1066432851.3695105,0.01,3.4825078079993546,success,,,True,True,310252600.1759356,310252600.1759356,41.02892130364747,41.02892130364747,0.41028921303647475
16,20260832,long_shock_break,constant,long,shock,True,none,regularized_poisson,ceded,276588953.1274733,390841016.9025936,667429970.0300668,581756338.3231752,0.01,2.514660270000604,success,,,True,True,190915321.42058158,190915321.42058158,48.84730956171931,48.84730956171931,0.48847309561719304
16,20260832,long_shock_break,constant,long,shock,True,none,regularized_poisson_break_interaction,gross,1527362099.0880826,756180251.1935749,2283542350.2816577,1095378859.1284652,0.1,2.8709445600034087,success,,,True,True,339198607.9348903,339198607.9348903,44.85684562635565,44.85684562635565,0.4485684562635565
16,20260832,long_shock_break,constant,long,shock,True,none,regularized_poisson_break_interaction,ceded,276588953.1274733,390841016.9025936,667429970.0300668,511546704.3028021,0.1,3.654294438998477,success,,,True,True,120705687.40020847,120705687.40020847,30.88357725522218,30.88357725522218,0.3088357725522218
17,20260833,short_stable_no_break,constant,short,stable,False,none,regularized_poisson,gross,1497839398.6947765,127354373.57373068,1625193772.2685075,113405898.86046386,0.0001,2.1537243720013066,success,,,True,True,-13948474.71326682,13948474.71326682,-10.9524897511207,10.9524897511207,-0.10952489751120699
17,20260833,short_stable_no_break,constant,short,stable,False,none,regularized_poisson,ceded,229849410.98236105,59361349.67702557,289210760.65938663,62725885.74407499,0.0001,1.8985729420019197,success,,,True,True,3364536.0670494214,3364536.0670494214,5.667890109229755,5.667890109229755,0.05667890109229755
17,20260833,short_stable_no_break,constant,short,stable,False,none,regularized_poisson_break_interaction,gross,1497839398.6947765,127354373.57373068,1625193772.2685075,113405903.53324154,0.0001,2.162984542999766,success,,,True,True,-13948470.040489137,13948470.040489137,-10.952486082006281,10.952486082006281,-0.10952486082006281
17,20260833,short_stable_no_break,constant,short,stable,False,none,regularized_poisson_break_interaction,ceded,229849410.98236105,59361349.67702557,289210760.65938663,62725885.74414641,0.0001,2.076624489000096,success,,,True,True,3364536.067120835,3364536.067120835,5.667890109350059,5.667890109350059,0.056678901093500586
17,20260833,short_emerging_no_break,constant,short,emerging,False,none,regularized_poisson,gross,1526132785.166074,141369076.47240236,1667501861.6384766,146411956.04062003,0.0001,2.390389435000543,success,,,True,True,5042879.568217665,5042879.568217665,3.5671730296704034,3.5671730296704034,0.035671730296704035
17,20260833,short_emerging_no_break,constant,short,emerging,False,none,regularized_poisson,ceded,242977851.4637997,75324245.91706921,318302097.38086885,72926692.95009229,0.001,2.3299908750013856,success,,,True,True,-2397552.9669769257,2397552.9669769257,-3.1829763946347276,3.1829763946347276,-0.031829763946347275
17,20260833,short_emerging_no_break,constant,short,emerging,False,none,regularized_poisson_break_interaction,gross,1526132785.166074,141369076.47240236,1667501861.6384766,146411953.57563397,0.0001,2.256844376999652,success,,,True,True,5042877.103231609,5042877.103231609,3.567171286017465,3.567171286017465,0.03567171286017465
17,20260833,short_emerging_no_break,constant,short,emerging,False,none,regularized_poisson_break_interaction,ceded,242977851.4637997,75324245.91706921,318302097.38086885,72926692.95009226,0.001,2.1477887960027147,success,,,True,True,-2397552.9669769555,2397552.9669769555,-3.182976394634767,3.182976394634767,-0.03182976394634767
17,20260833,short_shock_no_break,constant,short,shock,False,none,regularized_poisson,gross,1552042419.3948052,158483762.03176558,1710526181.426571,169038205.09437296,0.0001,2.4370057039996027,success,,,True,True,10554443.062607378,10554443.062607378,6.659636878440521,6.659636878440521,0.06659636878440521
17,20260833,short_shock_no_break,constant,short,shock,False,none,regularized_poisson,ceded,255169602.83987865,96654698.30503473,351824301.1449133,95143398.97759373,0.001,1.9428123520010558,success,,,True,True,-1511299.327440992,1511299.327440992,-1.563606688493764,1.563606688493764,-0.01563606688493764
17,20260833,short_shock_no_break,constant,short,shock,False,none,regularized_poisson_break_interaction,gross,1552042419.3948052,158483762.03176558,1710526181.426571,169038205.24729148,0.0001,2.2665486840014637,success,,,True,True,10554443.215525895,10554443.215525895,6.659636974928966,6.659636974928966,0.06659636974928966
17,20260833,short_shock_no_break,constant,short,shock,False,none,regularized_poisson_break_interaction,ceded,255169602.83987865,96654698.30503473,351824301.1449133,95143399.00000313,0.001,2.0518366800024523,success,,,True,True,-1511299.3050315976,1511299.3050315976,-1.5636066653087615,1.5636066653087615,-0.015636066653087616
17,20260833,long_stable_no_break,constant,long,stable,False,none,regularized_poisson,gross,1135416125.6091468,758355721.4750607,1893771847.0842078,708517590.8955886,0.0001,2.7875565640024433,success,,,True,True,-49838130.579472065,49838130.579472065,-6.57186715523594,6.57186715523594,-0.0657186715523594
17,20260833,long_stable_no_break,constant,long,stable,False,none,regularized_poisson,ceded,145783366.49694255,298375335.4047163,444158701.9016589,692398800.1230829,0.1,2.2585163570001896,success,,,True,True,394023464.71836656,394023464.71836656,132.05631228999312,132.05631228999312,1.320563122899931
17,20260833,long_stable_no_break,constant,long,stable,False,none,regularized_poisson_break_interaction,gross,1135416125.6091468,758355721.4750607,1893771847.0842078,708517451.8932755,0.0001,2.4682553880011255,success,,,True,True,-49838269.5817852,49838269.5817852,-6.5718854846701635,6.5718854846701635,-0.06571885484670163
17,20260833,long_stable_no_break,constant,long,stable,False,none,regularized_poisson_break_interaction,ceded,145783366.49694255,298375335.4047163,444158701.9016589,692398800.1263045,0.1,2.0816604550018383,success,,,True,True,394023464.7215882,394023464.7215882,132.05631229107283,132.05631229107283,1.3205631229107284
17,20260833,long_emerging_no_break,constant,long,emerging,False,none,regularized_poisson,gross,1159954172.9466534,884665963.6343496,2044620136.5810034,721426838.488169,0.0001,2.789688187000138,success,,,True,True,-163239125.14618063,163239125.14618063,-18.452063474395256,18.452063474395256,-0.18452063474395256
17,20260833,long_emerging_no_break,constant,long,emerging,False,none,regularized_poisson,ceded,153436291.80198082,406853022.4221317,560289314.2241125,1036558184.3666426,0.1,2.145650033999118,success,,,True,True,629705161.9445109,629705161.9445109,154.77460587503225,154.77460587503225,1.5477460587503225
17,20260833,long_emerging_no_break,constant,long,emerging,False,none,regularized_poisson_break_interaction,gross,1159954172.9466534,884665963.6343496,2044620136.5810034,721424731.70156,0.0001,2.5677214989991626,success,,,True,True,-163241231.93278956,163241231.93278956,-18.452301619265242,18.452301619265242,-0.18452301619265243
17,20260833,long_emerging_no_break,constant,long,emerging,False,none,regularized_poisson_break_interaction,ceded,153436291.80198082,406853022.4221317,560289314.2241125,1036558184.3666416,0.1,2.0735230680002132,success,,,True,True,629705161.94451,629705161.94451,154.774605875032,154.774605875032,1.54774605875032
17,20260833,long_shock_no_break,constant,long,shock,False,none,regularized_poisson,gross,1180974133.6079051,995988168.6338453,2176962302.2417502,864836425.8778949,0.0001,2.6237508629965305,success,,,True,True,-131151742.75595045,131151742.75595045,-13.168002079366639,13.168002079366639,-0.1316800207936664
17,20260833,long_shock_no_break,constant,long,shock,False,none,regularized_poisson,ceded,159137137.4439868,503727820.5297222,662864957.973709,959126609.4626737,0.1,2.0708940919976158,success,,,True,True,455398788.93295145,455398788.93295145,90.40572515015197,90.40572515015197,0.9040572515015197
17,20260833,long_shock_no_break,constant,long,shock,False,none,regularized_poisson_break_interaction,gross,1180974133.6079051,995988168.6338453,2176962302.2417502,864836281.2303116,0.0001,2.949770303999685,success,,,True,True,-131151887.4035337,131151887.4035337,-13.16801660238888,13.16801660238888,-0.1316801660238888
17,20260833,long_shock_no_break,constant,long,shock,False,none,regularized_poisson_break_interaction,ceded,159137137.4439868,503727820.5297222,662864957.973709,959126609.4677284,0.1,2.4820517230000405,success,,,True,True,455398788.93800616,455398788.93800616,90.40572515115542,90.40572515115542,0.9040572515115542
17,20260833,long_stable_break,constant,long,stable,True,none,regularized_poisson,gross,1235423212.1296368,608541086.5662742,1843964298.695911,827682744.8297458,0.0001,2.6679960770015896,success,,,True,True,219141658.2634716,219141658.2634716,36.01098809942155,36.01098809942155,0.36010988099421554
17,20260833,long_stable_break,constant,long,stable,True,none,regularized_poisson,ceded,169808752.08912534,238325391.9078823,408134143.9970076,651492691.6985996,0.1,2.043841290000273,success,,,True,True,413167299.79071724,413167299.79071724,173.3626855632802,173.3626855632802,1.733626855632802
17,20260833,long_stable_break,constant,long,stable,True,none,regularized_poisson_break_interaction,gross,1235423212.1296368,608541086.5662742,1843964298.695911,809374941.403314,0.1,2.6580946760004736,success,,,True,True,200833854.83703983,200833854.83703983,33.00251359694637,33.00251359694637,0.3300251359694637
17,20260833,long_stable_break,constant,long,stable,True,none,regularized_poisson_break_interaction,ceded,169808752.08912534,238325391.9078823,408134143.9970076,509309170.2552155,0.1,3.4631275610008743,success,,,True,True,270983778.3473332,270983778.3473332,113.70327608737303,113.70327608737303,1.1370327608737303
17,20260833,long_emerging_break,constant,long,emerging,True,none,regularized_poisson,gross,1264015230.5123606,695951031.1028775,1959966261.6152382,851330196.3856757,0.001,8.101457693999691,success,,,True,True,155379165.28279817,155379165.28279817,22.3261635285701,22.3261635285701,0.22326163528570098
17,20260833,long_emerging_break,constant,long,emerging,True,none,regularized_poisson,ceded,180214964.71523866,315284076.6553456,495499041.37058437,917492611.5283755,0.1,4.0212554849968,success,,,True,True,602208534.87303,602208534.87303,191.0050584417358,191.0050584417358,1.9100505844173579
17,20260833,long_emerging_break,constant,long,emerging,True,none,regularized_poisson_break_interaction,gross,1264015230.5123606,695951031.1028775,1959966261.6152382,907585521.9857738,0.1,4.461755935000838,success,,,True,True,211634490.8828963,211634490.8828963,30.40939396950356,30.40939396950356,0.3040939396950356
17,20260833,long_emerging_break,constant,long,emerging,True,none,regularized_poisson_break_interaction,ceded,180214964.71523866,315284076.6553456,495499041.37058437,738607299.4395702,0.1,4.860330717001489,success,,,True,True,423323222.78422457,423323222.78422457,134.26723838228673,134.26723838228673,1.3426723838228674
17,20260833,long_shock_break,constant,long,shock,True,none,regularized_poisson,gross,1288575754.133901,782936779.6048996,2071512533.7388003,1032055465.1701984,0.0001,5.282880643000681,success,,,True,True,249118685.5652988,249118685.5652988,31.818493147175147,31.818493147175147,0.3181849314717515
17,20260833,long_shock_break,constant,long,shock,True,none,regularized_poisson,ceded,188819717.7783895,393029957.3509383,581849675.1293278,916398593.8425889,0.1,3.1773548090022814,success,,,True,True,523368636.4916506,523368636.4916506,133.1625304135105,133.1625304135105,1.331625304135105
17,20260833,long_shock_break,constant,long,shock,True,none,regularized_poisson_break_interaction,gross,1288575754.133901,782936779.6048996,2071512533.7388003,1023337754.7790334,0.1,4.538794121002866,success,,,True,True,240400975.17413378,240400975.17413378,30.70503027018982,30.70503027018982,0.3070503027018982
17,20260833,long_shock_break,constant,long,shock,True,none,regularized_poisson_break_interaction,ceded,188819717.7783895,393029957.3509383,581849675.1293278,751836242.2362345,0.1,5.266590824001469,success,,,True,True,358806284.8852962,358806284.8852962,91.29235015663613,91.29235015663613,0.9129235015663613
18,20260834,short_stable_no_break,constant,short,stable,False,none,regularized_poisson,gross,1558508506.8093915,93885351.4018268,1652393858.2112186,117024480.45319982,0.01,3.7167725620020065,success,,,True,True,23139129.05137302,23139129.05137302,24.646154811029213,24.646154811029213,0.24646154811029214
18,20260834,short_stable_no_break,constant,short,stable,False,none,regularized_poisson,ceded,301861452.45906824,48910691.05964558,350772143.51871383,58379274.35167752,0.01,3.556890953997936,success,,,True,True,9468583.292031944,9468583.292031944,19.35892355412685,19.35892355412685,0.1935892355412685
18,20260834,short_stable_no_break,constant,short,stable,False,none,regularized_poisson_break_interaction,gross,1558508506.8093915,93885351.4018268,1652393858.2112186,117024480.45315811,0.01,3.3446122010027466,success,,,True,True,23139129.05133131,23139129.05133131,24.64615481098479,24.64615481098479,0.2464615481098479
18,20260834,short_stable_no_break,constant,short,stable,False,none,regularized_poisson_break_interaction,ceded,301861452.45906824,48910691.05964558,350772143.51871383,58379274.35167748,0.01,3.3365190559998155,success,,,True,True,9468583.2920319,9468583.2920319,19.358923554126758,19.358923554126758,0.19358923554126758
18,20260834,short_emerging_no_break,constant,short,emerging,False,none,regularized_poisson,gross,1585018804.062756,104232568.99276167,1689251373.055518,121661985.6765742,0.01,3.4199111870002525,success,,,True,True,17429416.68381253,17429416.68381253,16.721660851535663,16.721660851535663,0.16721660851535664
18,20260834,short_emerging_no_break,constant,short,emerging,False,none,regularized_poisson,ceded,316238922.60034245,60457798.2975311,376696720.8978735,63971082.39923416,0.01,3.0400656610036094,success,,,True,True,3513284.1017030627,3513284.1017030627,5.811134709889913,5.811134709889913,0.05811134709889913
18,20260834,short_emerging_no_break,constant,short,emerging,False,none,regularized_poisson_break_interaction,gross,1585018804.062756,104232568.99276167,1689251373.055518,121661988.0635751,0.01,4.006368155001837,success,,,True,True,17429419.070813432,17429419.070813432,16.72166314160769,16.72166314160769,0.16721663141607687
18,20260834,short_emerging_no_break,constant,short,emerging,False,none,regularized_poisson_break_interaction,ceded,316238922.60034245,60457798.2975311,376696720.8978735,63971082.37207658,0.01,5.084599084999354,success,,,True,True,3513284.0745454803,3513284.0745454803,5.811134664970013,5.811134664970013,0.058111346649700135
18,20260834,short_shock_no_break,constant,short,shock,False,none,regularized_poisson,gross,1607570997.630127,116856328.26867697,1724427325.8988035,141639861.21684736,0.0001,8.316858404999948,success,,,True,True,24783532.948170394,24783532.948170394,21.20855011907263,21.20855011907263,0.2120855011907263
18,20260834,short_shock_no_break,constant,short,shock,False,none,regularized_poisson,ceded,328879163.760746,75816256.45911388,404695420.2198599,86322866.8249647,0.01,5.114717800999642,success,,,True,True,10506610.365850821,10506610.365850821,13.857991486979863,13.857991486979863,0.13857991486979862
18,20260834,short_shock_no_break,constant,short,shock,False,none,regularized_poisson_break_interaction,gross,1607570997.630127,116856328.26867697,1724427325.8988035,141639861.21826136,0.0001,5.014039587000298,success,,,True,True,24783532.949584395,24783532.949584395,21.208550120282666,21.208550120282666,0.21208550120282665
18,20260834,short_shock_no_break,constant,short,shock,False,none,regularized_poisson_break_interaction,ceded,328879163.760746,75816256.45911388,404695420.2198599,86322866.82497597,0.01,5.052327661000163,success,,,True,True,10506610.365862086,10506610.365862086,13.85799148699472,13.85799148699472,0.1385799148699472
18,20260834,long_stable_no_break,constant,long,stable,False,none,regularized_poisson,gross,1213244433.9925115,713298882.5965943,1926543316.5891056,769350160.4966936,0.001,5.552257969000493,success,,,True,True,56051277.90009928,56051277.90009928,7.858035287544259,7.858035287544259,0.07858035287544259
18,20260834,long_stable_no_break,constant,long,stable,False,none,regularized_poisson,ceded,210806498.76129815,301848369.40359706,512654868.1648952,429653329.6690367,0.1,4.9215023040014785,success,,,True,True,127804960.26543963,127804960.26543963,42.340782068149416,42.340782068149416,0.42340782068149413
18,20260834,long_stable_no_break,constant,long,stable,False,none,regularized_poisson_break_interaction,gross,1213244433.9925115,713298882.5965943,1926543316.5891056,769350163.3479742,0.001,5.999947790001897,success,,,True,True,56051280.75137985,56051280.75137985,7.858035687275794,7.858035687275794,0.07858035687275794
18,20260834,long_stable_no_break,constant,long,stable,False,none,regularized_poisson_break_interaction,ceded,210806498.76129815,301848369.40359706,512654868.1648952,429653329.6922725,0.1,4.771349481998186,success,,,True,True,127804960.28867543,127804960.28867543,42.34078207584726,42.34078207584726,0.42340782075847255
18,20260834,long_emerging_no_break,constant,long,emerging,False,none,regularized_poisson,gross,1239888443.2530491,829111400.8503416,2068999844.1033902,833351993.2085407,0.0001,5.565286599001411,success,,,True,True,4240592.35819912,4240592.35819912,0.5114623142137404,0.5114623142137404,0.005114623142137405
18,20260834,long_emerging_no_break,constant,long,emerging,False,none,regularized_poisson,ceded,218781350.38432556,407229929.28623265,626011279.6705582,552652475.0332099,0.1,6.450835662999452,success,,,True,True,145422545.74697727,145422545.74697727,35.710181224121925,35.710181224121925,0.3571018122412193
18,20260834,long_emerging_no_break,constant,long,emerging,False,none,regularized_poisson_break_interaction,gross,1239888443.2530491,829111400.8503416,2068999844.1033902,833354194.3011211,0.0001,7.219919249000668,success,,,True,True,4242793.450779557,4242793.450779557,0.5117277903099781,0.5117277903099781,0.005117277903099781
18,20260834,long_emerging_no_break,constant,long,emerging,False,none,regularized_poisson_break_interaction,ceded,218781350.38432556,407229929.28623265,626011279.6705582,552652475.03321,0.1,5.825813581999682,success,,,True,True,145422545.7469774,145422545.7469774,35.71018122412196,35.71018122412196,0.3571018122412196
18,20260834,long_shock_no_break,constant,long,shock,False,none,regularized_poisson,gross,1263176029.5923707,933277332.1962502,2196453361.7886214,996346556.0482099,0.0001,8.751731660002406,success,,,True,True,63069223.851959705,63069223.851959705,6.757822318853606,6.757822318853606,0.06757822318853605
18,20260834,long_shock_no_break,constant,long,shock,False,none,regularized_poisson,ceded,225339634.69486734,501714174.7515366,727053809.446404,566991907.8584166,0.1,9.487176563001412,success,,,True,True,65277733.10687995,65277733.10687995,13.01094056973921,13.01094056973921,0.1301094056973921
18,20260834,long_shock_no_break,constant,long,shock,False,none,regularized_poisson_break_interaction,gross,1263176029.5923707,933277332.1962502,2196453361.7886214,996346187.4181675,0.0001,7.164406478001183,success,,,True,True,63068855.22191727,63068855.22191727,6.757782820407677,6.757782820407677,0.06757782820407676
18,20260834,long_shock_no_break,constant,long,shock,False,none,regularized_poisson_break_interaction,ceded,225339634.69486734,501714174.7515366,727053809.446404,566991907.8852633,0.1,6.9630889630025194,success,,,True,True,65277733.133726716,65277733.133726716,13.010940575090219,13.010940575090219,0.13010940575090219
18,20260834,long_stable_break,constant,long,stable,True,none,regularized_poisson,gross,1322155049.3714833,555450199.1058099,1877605248.4772935,922176985.3246499,0.001,6.930088250999688,success,,,True,True,366726786.21884,366726786.21884,66.02334229229086,66.02334229229086,0.6602334229229087
18,20260834,long_stable_break,constant,long,stable,True,none,regularized_poisson,ceded,239035213.88836318,237985737.90646398,477020951.7948272,490169028.7041322,0.1,6.071756237000955,success,,,True,True,252183290.79766822,252183290.79766822,105.96571585175593,105.96571585175593,1.0596571585175594
18,20260834,long_stable_break,constant,long,stable,True,none,regularized_poisson_break_interaction,gross,1322155049.3714833,555450199.1058099,1877605248.4772935,872380412.8690021,1.0,7.910089405999315,success,,,True,True,316930213.7631922,316930213.7631922,57.05825909746751,57.05825909746751,0.5705825909746751
18,20260834,long_stable_break,constant,long,stable,True,none,regularized_poisson_break_interaction,ceded,239035213.88836318,237985737.90646398,477020951.7948272,387384557.166535,0.1,11.379204967000987,success,,,True,True,149398819.26007104,149398819.26007104,62.776374993861836,62.776374993861836,0.6277637499386184
18,20260834,long_emerging_break,constant,long,emerging,True,none,regularized_poisson,gross,1353237967.9109383,633155586.1706187,1986393554.0815568,978133255.232599,0.001,9.39693770300073,success,,,True,True,344977669.06198037,344977669.06198037,54.48544980048838,54.48544980048838,0.5448544980048838
18,20260834,long_emerging_break,constant,long,emerging,True,none,regularized_poisson,ceded,250509811.02639866,309103360.71021956,559613171.7366183,615736318.7193345,0.1,8.045445277002727,success,,,True,True,306632958.0091149,306632958.0091149,99.20078426341647,99.20078426341647,0.9920078426341646
18,20260834,long_emerging_break,constant,long,emerging,True,none,regularized_poisson_break_interaction,gross,1353237967.9109383,633155586.1706187,1986393554.0815568,984683117.7779737,1.0,10.040892976998293,success,,,True,True,351527531.607355,351527531.607355,55.519928953549126,55.519928953549126,0.5551992895354912
18,20260834,long_emerging_break,constant,long,emerging,True,none,regularized_poisson_break_interaction,ceded,250509811.02639866,309103360.71021956,559613171.7366183,528651943.2326845,0.1,12.44385815699934,success,,,True,True,219548582.52246493,219548582.52246493,71.0275624367245,71.0275624367245,0.7102756243672449
18,20260834,long_shock_break,constant,long,shock,True,none,regularized_poisson,gross,1380494482.8850937,712088571.4194571,2092583054.3045511,1188313116.69663,0.0001,9.273149541000748,success,,,True,True,476224545.2771729,476224545.2771729,66.87715045445547,66.87715045445547,0.6687715045445547
18,20260834,long_shock_break,constant,long,shock,True,none,regularized_poisson,ceded,259891911.83125377,384461423.09931284,644353334.9305665,668941028.7784784,0.1,7.643032934000075,success,,,True,True,284479605.67916554,284479605.67916554,73.99431739752981,73.99431739752981,0.7399431739752981
18,20260834,long_shock_break,constant,long,shock,True,none,regularized_poisson_break_interaction,gross,1380494482.8850937,712088571.4194571,2092583054.3045511,1111423137.0933647,1.0,9.099633720001293,success,,,True,True,399334565.67390764,399334565.67390764,56.0793392425728,56.0793392425728,0.560793392425728
18,20260834,long_shock_break,constant,long,shock,True,none,regularized_poisson_break_interaction,ceded,259891911.83125377,384461423.09931284,644353334.9305665,565123773.5710838,0.1,12.139823451998382,success,,,True,True,180662350.47177094,180662350.47177094,46.99102162588178,46.99102162588178,0.4699102162588178
19,20260835,short_stable_no_break,constant,short,stable,False,none,regularized_poisson,gross,1724136833.0844514,104078477.64588737,1828215310.7303386,130128426.39682332,0.001,6.559138156997506,success,,,True,True,26049948.750935942,26049948.750935942,25.02914083694353,25.02914083694353,0.2502914083694353
19,20260835,short_stable_no_break,constant,short,stable,False,none,regularized_poisson,ceded,339292221.20416504,45623545.43055571,384915766.63472074,77947966.70273453,0.001,4.882751291999739,success,,,True,True,32324421.27217882,32324421.27217882,70.85030540070656,70.85030540070656,0.7085030540070656
19,20260835,short_stable_no_break,constant,short,stable,False,none,regularized_poisson_break_interaction,gross,1724136833.0844514,104078477.64588737,1828215310.7303386,130128426.39695093,0.001,5.586294962999091,success,,,True,True,26049948.751063555,26049948.751063555,25.029140837066144,25.029140837066144,0.25029140837066144
19,20260835,short_stable_no_break,constant,short,stable,False,none,regularized_poisson_break_interaction,ceded,339292221.20416504,45623545.43055571,384915766.63472074,77947966.7027345,0.001,4.869575733002421,success,,,True,True,32324421.27217879,32324421.27217879,70.85030540070649,70.85030540070649,0.7085030540070649
19,20260835,short_emerging_no_break,constant,short,emerging,False,none,regularized_poisson,gross,1753393981.1191564,115546911.83594021,1868940892.9550965,138371391.58028844,0.01,6.043227232999925,success,,,True,True,22824479.744348228,22824479.744348228,19.753431209616114,19.753431209616114,0.19753431209616112
19,20260835,short_emerging_no_break,constant,short,emerging,False,none,regularized_poisson,ceded,355534353.87866634,60771227.54762366,416305581.42629004,82286336.14934368,0.01,4.5651053940018755,success,,,True,True,21515108.601720028,21515108.601720028,35.40344579161185,35.40344579161185,0.3540344579161185
19,20260835,short_emerging_no_break,constant,short,emerging,False,none,regularized_poisson_break_interaction,gross,1753393981.1191564,115546911.83594021,1868940892.9550965,138371391.57656097,0.01,5.791690165999171,success,,,True,True,22824479.740620762,22824479.740620762,19.75343120639018,19.75343120639018,0.1975343120639018
19,20260835,short_emerging_no_break,constant,short,emerging,False,none,regularized_poisson_break_interaction,ceded,355534353.87866634,60771227.54762366,416305581.42629004,82286336.11090416,0.01,5.134866958000202,success,,,True,True,21515108.5632805,21515108.5632805,35.403445728359,35.403445728359,0.35403445728359006
19,20260835,short_shock_no_break,constant,short,shock,False,none,regularized_poisson,gross,1777077761.5700445,129538837.58795127,1906616599.1579957,150361844.97708377,0.01,5.647755515998142,success,,,True,True,20823007.3891325,20823007.3891325,16.07472150967433,16.07472150967433,0.1607472150967433
19,20260835,short_shock_no_break,constant,short,shock,False,none,regularized_poisson,ceded,367854962.73650557,82000230.91981938,449855193.6563249,92217790.37443703,0.01,5.037055533997773,success,,,True,True,10217559.45461765,10217559.45461765,12.460403269606006,12.460403269606006,0.12460403269606006
19,20260835,short_shock_no_break,constant,short,shock,False,none,regularized_poisson_break_interaction,gross,1777077761.5700445,129538837.58795127,1906616599.1579957,150361844.97692418,0.01,6.371534703997895,success,,,True,True,20823007.38897291,20823007.38897291,16.074721509551132,16.074721509551132,0.16074721509551132
19,20260835,short_shock_no_break,constant,short,shock,False,none,regularized_poisson_break_interaction,ceded,367854962.73650557,82000230.91981938,449855193.6563249,92217790.37443769,0.01,3.393291798998689,success,,,True,True,10217559.454618305,10217559.454618305,12.460403269606806,12.460403269606806,0.12460403269606805
19,20260835,long_stable_no_break,constant,long,stable,False,none,regularized_poisson,gross,1344090998.1207616,788902838.609515,2132993836.7302766,838682878.7915214,0.0001,3.224648404000618,success,,,True,True,49780040.18200648,49780040.18200648,6.31003435983911,6.31003435983911,0.0631003435983911
19,20260835,long_stable_no_break,constant,long,stable,False,none,regularized_poisson,ceded,212866821.6643813,359797520.68867296,572664342.3530542,492363134.19483536,0.1,3.6405820789987047,success,,,True,True,132565613.5061624,132565613.5061624,36.84450444584061,36.84450444584061,0.36844504445840615
19,20260835,long_stable_no_break,constant,long,stable,False,none,regularized_poisson_break_interaction,gross,1344090998.1207616,788902838.609515,2132993836.7302766,838683028.7346448,0.0001,6.999744896002085,success,,,True,True,49780190.12512982,49780190.12512982,6.310053366377813,6.310053366377813,0.06310053366377813
19,20260835,long_stable_no_break,constant,long,stable,False,none,regularized_poisson_break_interaction,ceded,212866821.6643813,359797520.68867296,572664342.3530542,492363134.1938512,0.1,5.477973745997588,success,,,True,True,132565613.50517821,132565613.50517821,36.844504445567075,36.844504445567075,0.3684450444556707
19,20260835,long_emerging_no_break,constant,long,emerging,False,none,regularized_poisson,gross,1374233954.197801,918491321.1212709,2292725275.3190722,901984880.4039747,0.01,7.468791470000724,success,,,True,True,-16506440.717296243,16506440.717296243,-1.7971253878747162,1.7971253878747162,-0.01797125387874716
19,20260835,long_emerging_no_break,constant,long,emerging,False,none,regularized_poisson,ceded,224013654.87706542,482874646.8153434,706888301.6924088,728523705.0696054,0.1,8.533373600999766,success,,,True,True,245649058.25426197,245649058.25426197,50.87222116016393,50.87222116016393,0.5087222116016393
19,20260835,long_emerging_no_break,constant,long,emerging,False,none,regularized_poisson_break_interaction,gross,1374233954.197801,918491321.1212709,2292725275.3190722,901984203.3669695,0.01,8.559849630000826,success,,,True,True,-16507117.754301429,16507117.754301429,-1.797199099731281,1.797199099731281,-0.01797199099731281
19,20260835,long_emerging_no_break,constant,long,emerging,False,none,regularized_poisson_break_interaction,ceded,224013654.87706542,482874646.8153434,706888301.6924088,728523705.0696254,0.1,6.391395278998971,success,,,True,True,245649058.254282,245649058.254282,50.87222116016809,50.87222116016809,0.5087222116016809
19,20260835,long_shock_no_break,constant,long,shock,False,none,regularized_poisson,gross,1400276041.039289,1034021788.2337497,2434297829.2730384,1098157620.689241,0.01,6.910252887002571,success,,,True,True,64135832.455491185,64135832.455491185,6.202561027755898,6.202561027755898,0.062025610277558985
19,20260835,long_shock_no_break,constant,long,shock,False,none,regularized_poisson,ceded,233042006.98546776,588354389.333655,821396396.3191228,802777733.8670175,0.1,7.114334134999808,success,,,True,True,214423344.5333625,214423344.5333625,36.444589930944375,36.444589930944375,0.36444589930944377
19,20260835,long_shock_no_break,constant,long,shock,False,none,regularized_poisson_break_interaction,gross,1400276041.039289,1034021788.2337497,2434297829.2730384,1098157623.341312,0.01,6.16743408000184,success,,,True,True,64135835.107562184,64135835.107562184,6.202561284237051,6.202561284237051,0.06202561284237051
19,20260835,long_shock_no_break,constant,long,shock,False,none,regularized_poisson_break_interaction,ceded,233042006.98546776,588354389.333655,821396396.3191228,802777733.8928021,0.1,6.200352871001087,success,,,True,True,214423344.55914712,214423344.55914712,36.444589935326874,36.444589935326874,0.3644458993532687
19,20260835,long_stable_break,constant,long,stable,True,none,regularized_poisson,gross,1473240535.3996458,602987440.6868263,2076227976.086472,1136619540.1168804,0.0001,13.314236724003422,success,,,True,True,533632099.43005407,533632099.43005407,88.49804546877895,88.49804546877895,0.8849804546877895
19,20260835,long_stable_break,constant,long,stable,True,none,regularized_poisson,ceded,260428851.01826903,267381657.62293702,527810508.641206,818571976.0232378,0.1,14.632626073998836,success,,,True,True,551190318.4003007,551190318.4003007,206.14365371972977,206.14365371972977,2.061436537197298
19,20260835,long_stable_break,constant,long,stable,True,none,regularized_poisson_break_interaction,gross,1473240535.3996458,602987440.6868263,2076227976.086472,1037590252.1536559,1.0,12.314661635002267,success,,,True,True,434602811.46682954,434602811.46682954,72.07493591770334,72.07493591770334,0.7207493591770334
19,20260835,long_stable_break,constant,long,stable,True,none,regularized_poisson_break_interaction,ceded,260428851.01826903,267381657.62293702,527810508.641206,637031151.7963872,0.1,10.748891483002808,success,,,True,True,369649494.1734502,369649494.1734502,138.2478878542715,138.2478878542715,1.3824788785427151
19,20260835,long_emerging_break,constant,long,emerging,True,none,regularized_poisson,gross,1508517804.6143866,688457630.0276934,2196975434.6420803,1212649434.1364741,0.01,2.9878752900003747,success,,,True,True,524191804.10878074,524191804.10878074,76.14002390934283,76.14002390934283,0.7614002390934282
19,20260835,long_emerging_break,constant,long,emerging,True,none,regularized_poisson,ceded,275599219.6434201,351360784.4941069,626960004.1375271,1166188423.1729035,0.1,2.5211476199983736,success,,,True,True,814827638.6787966,814827638.6787966,231.90625551795554,231.90625551795554,2.3190625551795554
19,20260835,long_emerging_break,constant,long,emerging,True,none,regularized_poisson_break_interaction,gross,1508517804.6143866,688457630.0276934,2196975434.6420803,1192483412.835929,1.0,2.9059276020016114,success,,,True,True,504025782.8082355,504025782.8082355,73.21086452160621,73.21086452160621,0.7321086452160621
19,20260835,long_emerging_break,constant,long,emerging,True,none,regularized_poisson_break_interaction,ceded,275599219.6434201,351360784.4941069,626960004.1375271,955085385.9161824,0.1,4.519467146998068,success,,,True,True,603724601.4220755,603724601.4220755,171.8246964559021,171.8246964559021,1.718246964559021
19,20260835,long_shock_break,constant,long,shock,True,none,regularized_poisson,gross,1538913647.4799447,774398830.4839265,2313312477.9638715,1449968686.9470367,0.01,11.775086697998631,success,,,True,True,675569856.4631102,675569856.4631102,87.23797478373547,87.23797478373547,0.8723797478373547
19,20260835,long_shock_break,constant,long,shock,True,none,regularized_poisson,ceded,289076897.55287236,434770527.391416,723847424.9442884,1241856572.4945931,0.1,2.5418212229997152,success,,,True,True,807086045.1031771,807086045.1031771,185.63494861200013,185.63494861200013,1.8563494861200014
19,20260835,long_shock_break,constant,long,shock,True,none,regularized_poisson_break_interaction,gross,1538913647.4799447,774398830.4839265,2313312477.9638715,1332606375.941504,1.0,3.3793556870004977,success,,,True,True,558207545.4575775,558207545.4575775,72.08269479290796,72.08269479290796,0.7208269479290796
19,20260835,long_shock_break,constant,long,shock,True,none,regularized_poisson_break_interaction,ceded,289076897.55287236,434770527.391416,723847424.9442884,991583559.4780722,0.1,3.5545829650000087,success,,,True,True,556813032.0866561,556813032.0866561,128.07055607643971,128.07055607643971,1.2807055607643971
20,20260836,short_stable_no_break,constant,short,stable,False,none,regularized_poisson,gross,1631772115.8520877,124506894.50862205,1756279010.3607101,128632106.99994889,0.01,2.30999109899858,success,,,True,True,4125212.4913268387,4125212.4913268387,3.313240208590352,3.313240208590352,0.03313240208590352
20,20260836,short_stable_no_break,constant,short,stable,False,none,regularized_poisson,ceded,302224892.1625747,54266755.164201364,356491647.3267761,78312695.20187928,0.001,1.9929754350014264,success,,,True,True,24045940.037677914,24045940.037677914,44.310628053804315,44.310628053804315,0.4431062805380432
20,20260836,short_stable_no_break,constant,short,stable,False,none,regularized_poisson_break_interaction,gross,1631772115.8520877,124506894.50862205,1756279010.3607101,128632106.99908297,0.01,2.3315847430021677,success,,,True,True,4125212.4904609174,4125212.4904609174,3.3132402078948715,3.3132402078948715,0.033132402078948714
20,20260836,short_stable_no_break,constant,short,stable,False,none,regularized_poisson_break_interaction,ceded,302224892.1625747,54266755.164201364,356491647.3267761,78312695.20187333,0.001,2.073093967999739,success,,,True,True,24045940.03767197,24045940.03767197,44.310628053793366,44.310628053793366,0.44310628053793366
20,20260836,short_emerging_no_break,constant,short,emerging,False,none,regularized_poisson,gross,1661704167.0304685,138247098.0627088,1799951265.0931773,145680973.95680362,0.01,2.3845297819971165,success,,,True,True,7433875.894094825,7433875.894094825,5.37723829162969,5.37723829162969,0.0537723829162969
20,20260836,short_emerging_no_break,constant,short,emerging,False,none,regularized_poisson,ceded,316913386.84080374,68662957.49297115,385576344.3337749,82404855.56596047,0.01,2.0389350010009366,success,,,True,True,13741898.072989315,13741898.072989315,20.01355399582961,20.01355399582961,0.2001355399582961
20,20260836,short_emerging_no_break,constant,short,emerging,False,none,regularized_poisson_break_interaction,gross,1661704167.0304685,138247098.0627088,1799951265.0931773,145680973.38721544,0.01,2.3922811420015933,success,,,True,True,7433875.32450664,7433875.32450664,5.3772378796223546,5.3772378796223546,0.05377237879622355
20,20260836,short_emerging_no_break,constant,short,emerging,False,none,regularized_poisson_break_interaction,ceded,316913386.84080374,68662957.49297115,385576344.3337749,82404855.57237458,0.01,2.0996110749983927,success,,,True,True,13741898.07940343,13741898.07940343,20.01355400517106,20.01355400517106,0.2001355400517106
20,20260836,short_shock_no_break,constant,short,shock,False,none,regularized_poisson,gross,1687392389.3129208,154993233.33428323,1842385622.647204,165446244.22015098,0.01,2.2865787139999156,success,,,True,True,10453010.885867745,10453010.885867745,6.74417241385184,6.74417241385184,0.0674417241385184
20,20260836,short_shock_no_break,constant,short,shock,False,none,regularized_poisson,ceded,329040562.10316396,88244351.52385226,417284913.62701625,101482478.03474844,0.001,2.056295474001672,success,,,True,True,13238126.510896176,13238126.510896176,15.001670115189118,15.001670115189118,0.15001670115189117
20,20260836,short_shock_no_break,constant,short,shock,False,none,regularized_poisson_break_interaction,gross,1687392389.3129208,154993233.33428323,1842385622.647204,165446244.22016764,0.01,2.4143302489974303,success,,,True,True,10453010.885884404,10453010.885884404,6.7441724138625885,6.7441724138625885,0.06744172413862588
20,20260836,short_shock_no_break,constant,short,shock,False,none,regularized_poisson_break_interaction,ceded,329040562.10316396,88244351.52385226,417284913.62701625,101482477.92208612,0.001,2.184242450999591,success,,,True,True,13238126.39823386,13238126.39823386,15.001669987518266,15.001669987518266,0.15001669987518265
20,20260836,long_stable_no_break,constant,long,stable,False,none,regularized_poisson,gross,1229928373.649594,817748469.2216032,2047676842.8711972,728764793.7668831,0.0001,2.615561317998072,success,,,True,True,-88983675.45472002,88983675.45472002,-10.881545952561872,10.881545952561872,-0.10881545952561872
20,20260836,long_stable_no_break,constant,long,stable,False,none,regularized_poisson,ceded,183049449.39301714,344832767.6794761,527882217.07249326,523847955.3900447,0.1,2.2377457180009515,success,,,True,True,179015187.7105686,179015187.7105686,51.91362436790351,51.91362436790351,0.5191362436790351
20,20260836,long_stable_no_break,constant,long,stable,False,none,regularized_poisson_break_interaction,gross,1229928373.649594,817748469.2216032,2047676842.8711972,728764703.9974424,0.0001,2.420627149997017,success,,,True,True,-88983765.22416079,88983765.22416079,-10.881556930196702,10.881556930196702,-0.10881556930196701
20,20260836,long_stable_no_break,constant,long,stable,False,none,regularized_poisson_break_interaction,ceded,183049449.39301714,344832767.6794761,527882217.07249326,523847955.39004457,0.1,2.3188233250002668,success,,,True,True,179015187.7105685,179015187.7105685,51.91362436790348,51.91362436790348,0.5191362436790348
20,20260836,long_emerging_no_break,constant,long,emerging,False,none,regularized_poisson,gross,1257647532.1896665,953814828.8638831,2211462361.05355,796779458.5918721,0.01,2.9248973860012484,success,,,True,True,-157035370.27201104,157035370.27201104,-16.463926280016057,16.463926280016057,-0.16463926280016059
20,20260836,long_emerging_no_break,constant,long,emerging,False,none,regularized_poisson,ceded,192984474.10506436,456773414.90214616,649757889.0072106,778502002.3706808,0.1,2.3504477479982597,success,,,True,True,321728587.46853465,321728587.46853465,70.43505094040073,70.43505094040073,0.7043505094040073
20,20260836,long_emerging_no_break,constant,long,emerging,False,none,regularized_poisson_break_interaction,gross,1257647532.1896665,953814828.8638831,2211462361.05355,796780127.0303035,0.01,2.6685159420012496,success,,,True,True,-157034701.83357966,157034701.83357966,-16.463856199491918,16.463856199491918,-0.1646385619949192
20,20260836,long_emerging_no_break,constant,long,emerging,False,none,regularized_poisson_break_interaction,ceded,192984474.10506436,456773414.90214616,649757889.0072106,778502001.9019319,0.1,2.389728169000591,success,,,True,True,321728586.9997857,321728586.9997857,70.43505083777897,70.43505083777897,0.7043505083777897
20,20260836,long_shock_no_break,constant,long,shock,False,none,regularized_poisson,gross,1282085813.9936757,1073805639.7808008,2355891453.7744765,1000625935.0805173,0.01,2.811718174998532,success,,,True,True,-73179704.70028353,73179704.70028353,-6.814986063513498,6.814986063513498,-0.06814986063513498
20,20260836,long_shock_no_break,constant,long,shock,False,none,regularized_poisson,ceded,201764256.6242766,556051434.6074005,757815691.231677,865475588.0482641,0.1,2.3323067189994617,success,,,True,True,309424153.4408636,309424153.4408636,55.64667837955174,55.64667837955174,0.5564667837955174
20,20260836,long_shock_no_break,constant,long,shock,False,none,regularized_poisson_break_interaction,gross,1282085813.9936757,1073805639.7808008,2355891453.7744765,1000625779.2426199,0.01,2.8666250409987697,success,,,True,True,-73179860.53818095,73179860.53818095,-6.815000576186151,6.815000576186151,-0.0681500057618615
20,20260836,long_shock_no_break,constant,long,shock,False,none,regularized_poisson_break_interaction,ceded,201764256.6242766,556051434.6074005,757815691.231677,865475588.0482626,0.1,2.3761009900008503,success,,,True,True,309424153.44086206,309424153.44086206,55.64667837955146,55.64667837955146,0.5564667837955146
20,20260836,long_stable_break,constant,long,stable,True,none,regularized_poisson,gross,1349983409.7720363,641628083.1381425,1991611492.9101791,906907779.5239592,0.0001,2.69951061699976,success,,,True,True,265279696.3858167,265279696.3858167,41.34477641445473,41.34477641445473,0.41344776414454726
20,20260836,long_stable_break,constant,long,stable,True,none,regularized_poisson,ceded,225076932.20226234,262013043.9007062,487089976.1029686,901200178.3800653,0.01,2.3156322379982157,success,,,True,True,639187134.4793591,639187134.4793591,243.95240975925944,243.95240975925944,2.4395240975925945
20,20260836,long_stable_break,constant,long,stable,True,none,regularized_poisson_break_interaction,gross,1349983409.7720363,641628083.1381425,1991611492.9101791,862908659.7010974,1.0,2.691374091999023,success,,,True,True,221280576.5629549,221280576.5629549,34.48735839003375,34.48735839003375,0.3448735839003375
20,20260836,long_stable_break,constant,long,stable,True,none,regularized_poisson_break_interaction,ceded,225076932.20226234,262013043.9007062,487089976.1029686,614449178.7654272,0.1,3.45763298699967,success,,,True,True,352436134.86472106,352436134.86472106,134.51091198279502,134.51091198279502,1.3451091198279503
20,20260836,long_emerging_break,constant,long,emerging,True,none,regularized_poisson,gross,1382642596.5713172,733795094.58424,2116437691.1555576,1025374175.95804,0.01,2.8475180080022255,success,,,True,True,291579081.37380004,291579081.37380004,39.73576322951647,39.73576322951647,0.39735763229516474
20,20260836,long_emerging_break,constant,long,emerging,True,none,regularized_poisson,ceded,238854634.78647414,339177091.73262715,578031726.5191014,1269698669.6081018,0.01,2.4550479209974583,success,,,True,True,930521577.8754747,930521577.8754747,274.34682369675005,274.34682369675005,2.7434682369675003
20,20260836,long_emerging_break,constant,long,emerging,True,none,regularized_poisson_break_interaction,gross,1382642596.5713172,733795094.58424,2116437691.1555576,995390079.2662205,1.0,2.9646263380018354,success,,,True,True,261594984.6819805,261594984.6819805,35.64959572674675,35.64959572674675,0.3564959572674675
20,20260836,long_emerging_break,constant,long,emerging,True,none,regularized_poisson_break_interaction,ceded,238854634.78647414,339177091.73262715,578031726.5191014,952366042.4980056,0.1,3.4172702689975267,success,,,True,True,613188950.7653785,613188950.7653785,180.78725412527405,180.78725412527405,1.8078725412527403
20,20260836,long_shock_break,constant,long,shock,True,none,regularized_poisson,gross,1411444129.464631,825456703.9981307,2236900833.462762,1256431260.66858,0.01,2.850826196001435,success,,,True,True,430974556.6704494,430974556.6704494,52.21043751695369,52.21043751695369,0.5221043751695369
20,20260836,long_shock_break,constant,long,shock,True,none,regularized_poisson,ceded,250475860.6126639,416751535.2918438,667227395.9045078,1315851317.6270447,0.1,2.495306618999166,success,,,True,True,899099782.3352009,899099782.3352009,215.74000482219634,215.74000482219634,2.1574000482219633
20,20260836,long_shock_break,constant,long,shock,True,none,regularized_poisson_break_interaction,gross,1411444129.464631,825456703.9981307,2236900833.462762,1142621280.6815765,1.0,2.883742236001126,success,,,True,True,317164576.6834458,317164576.6834458,38.422920929377305,38.422920929377305,0.384229209293773
20,20260836,long_shock_break,constant,long,shock,True,none,regularized_poisson_break_interaction,ceded,250475860.6126639,416751535.2918438,667227395.9045078,982622180.7249932,0.1,3.4694798150012502,success,,,True,True,565870645.4331495,565870645.4331495,135.781298330882,135.781298330882,1.3578129833088202
21,20260837,short_stable_no_break,constant,short,stable,False,none,regularized_poisson,gross,1587712873.6898978,99984220.00134787,1687697093.6912453,134614076.22400367,0.0001,2.2094333419991017,success,,,True,True,34629856.2226558,34629856.2226558,34.63532167594943,34.63532167594943,0.34635321675949426
21,20260837,short_stable_no_break,constant,short,stable,False,none,regularized_poisson,ceded,270864421.3374974,41005306.84397526,311869728.18147266,57735934.64451508,0.001,2.033521498000482,success,,,True,True,16730627.800539821,16730627.800539821,40.80112816665334,40.80112816665334,0.40801128166653344
21,20260837,short_stable_no_break,constant,short,stable,False,none,regularized_poisson_break_interaction,gross,1587712873.6898978,99984220.00134787,1687697093.6912453,134614076.22409126,0.0001,2.1905251250027504,success,,,True,True,34629856.22274339,34629856.22274339,34.63532167603704,34.63532167603704,0.34635321676037034
21,20260837,short_stable_no_break,constant,short,stable,False,none,regularized_poisson_break_interaction,ceded,270864421.3374974,41005306.84397526,311869728.18147266,57735934.64290239,0.001,2.0682988869994006,success,,,True,True,16730627.798927128,16730627.798927128,40.80112816272046,40.80112816272046,0.40801128162720457
21,20260837,short_emerging_no_break,constant,short,emerging,False,none,regularized_poisson,gross,1614256477.255598,111040279.69460358,1725296756.9502015,127836406.16839424,0.0001,2.2400936470003217,success,,,True,True,16796126.47379066,16796126.47379066,15.12615649022625,15.12615649022625,0.1512615649022625
21,20260837,short_emerging_no_break,constant,short,emerging,False,none,regularized_poisson,ceded,284948051.53827566,54484522.17886736,339432573.71714306,63768987.36406265,0.01,2.070199371999479,success,,,True,True,9284465.18519529,9284465.18519529,17.04055539794457,17.04055539794457,0.1704055539794457
21,20260837,short_emerging_no_break,constant,short,emerging,False,none,regularized_poisson_break_interaction,gross,1614256477.255598,111040279.69460358,1725296756.9502015,127836414.07859704,0.0001,2.2946223270009796,success,,,True,True,16796134.38399346,16796134.38399346,15.126163613950022,15.126163613950022,0.15126163613950022
21,20260837,short_emerging_no_break,constant,short,emerging,False,none,regularized_poisson_break_interaction,ceded,284948051.53827566,54484522.17886736,339432573.71714306,63768987.36424568,0.01,2.1119452959974296,success,,,True,True,9284465.18537832,9284465.18537832,17.040555398280503,17.040555398280503,0.17040555398280505
21,20260837,short_shock_no_break,constant,short,shock,False,none,regularized_poisson,gross,1636492808.3668318,124498306.61176643,1760991114.9785984,144219332.99561447,0.0001,2.3041129269986413,success,,,True,True,19721026.38384804,19721026.38384804,15.840397287768566,15.840397287768566,0.15840397287768565
21,20260837,short_shock_no_break,constant,short,shock,False,none,regularized_poisson,ceded,296840378.52952754,72928903.41659534,369769281.9461229,87398106.65813994,0.01,2.3219044390025374,success,,,True,True,14469203.241544604,14469203.241544604,19.84014919145495,19.84014919145495,0.19840149191454953
21,20260837,short_shock_no_break,constant,short,shock,False,none,regularized_poisson_break_interaction,gross,1636492808.3668318,124498306.61176643,1760991114.9785984,144219332.95512107,0.0001,2.2993395869998494,success,,,True,True,19721026.343354642,19721026.343354642,15.840397255243305,15.840397255243305,0.15840397255243305
21,20260837,short_shock_no_break,constant,short,shock,False,none,regularized_poisson_break_interaction,ceded,296840378.52952754,72928903.41659534,369769281.9461229,87398106.65813327,0.01,2.1089457599991874,success,,,True,True,14469203.241537929,14469203.241537929,19.8401491914458,19.8401491914458,0.198401491914458
21,20260837,long_stable_no_break,constant,long,stable,False,none,regularized_poisson,gross,1224850837.7671535,747867583.0741976,1972718420.8413513,870591598.0753782,0.0001,2.5046887210010027,success,,,True,True,122724015.00118053,122724015.00118053,16.40985888126198,16.40985888126198,0.1640985888126198
21,20260837,long_stable_no_break,constant,long,stable,False,none,regularized_poisson,ceded,177589830.29012975,293817676.39181364,471407506.6819433,352013021.17662954,0.1,2.205421672999364,success,,,True,True,58195344.78481591,58195344.78481591,19.806618001842367,19.806618001842367,0.19806618001842366
21,20260837,long_stable_no_break,constant,long,stable,False,none,regularized_poisson_break_interaction,gross,1224850837.7671535,747867583.0741976,1972718420.8413513,870591644.9949684,0.0001,2.5394490340004268,success,,,True,True,122724061.92077076,122724061.92077076,16.409865155045107,16.409865155045107,0.16409865155045106
21,20260837,long_stable_no_break,constant,long,stable,False,none,regularized_poisson_break_interaction,ceded,177589830.29012975,293817676.39181364,471407506.6819433,352013021.1766294,0.1,2.353488851000293,success,,,True,True,58195344.78481579,58195344.78481579,19.806618001842324,19.806618001842324,0.19806618001842324
21,20260837,long_emerging_no_break,constant,long,emerging,False,none,regularized_poisson,gross,1252645037.2247272,870441471.9957026,2123086509.22043,885462574.5741631,0.0001,2.789191102001496,success,,,True,True,15021102.578460455,15021102.578460455,1.7256878333267895,1.7256878333267895,0.017256878333267896
21,20260837,long_emerging_no_break,constant,long,emerging,False,none,regularized_poisson,ceded,185364292.5687822,404544870.1766237,589909162.7454059,486507054.8492935,0.1,2.299837883001601,success,,,True,True,81962184.67266977,81962184.67266977,20.260344578559405,20.260344578559405,0.20260344578559406
21,20260837,long_emerging_no_break,constant,long,emerging,False,none,regularized_poisson_break_interaction,gross,1252645037.2247272,870441471.9957026,2123086509.22043,885460407.0032072,0.0001,2.6350884179992136,success,,,True,True,15018935.007504582,15018935.007504582,1.7254388136022467,1.7254388136022467,0.017254388136022467
21,20260837,long_emerging_no_break,constant,long,emerging,False,none,regularized_poisson_break_interaction,ceded,185364292.5687822,404544870.1766237,589909162.7454059,486507054.87004846,0.1,2.288203609001357,success,,,True,True,81962184.69342476,81962184.69342476,20.260344583689864,20.260344583689864,0.20260344583689863
21,20260837,long_shock_no_break,constant,long,shock,False,none,regularized_poisson,gross,1276422845.404154,979935487.2974848,2256358332.701639,1051318867.5041155,0.0001,2.663035942001443,success,,,True,True,71383380.2066307,71383380.2066307,7.284497921745377,7.284497921745377,0.07284497921745377
21,20260837,long_shock_no_break,constant,long,shock,False,none,regularized_poisson,ceded,191235353.63243318,506133519.18876314,697368872.8211962,516656040.5922097,0.1,2.2987969260029786,success,,,True,True,10522521.403446555,10522521.403446555,2.079001094476449,2.079001094476449,0.020790010944764493
21,20260837,long_shock_no_break,constant,long,shock,False,none,regularized_poisson_break_interaction,gross,1276422845.404154,979935487.2974848,2256358332.701639,1051318126.8299918,0.0001,2.573039530998358,success,,,True,True,71382639.53250706,71382639.53250706,7.28442233777753,7.28442233777753,0.0728442233777753
21,20260837,long_shock_no_break,constant,long,shock,False,none,regularized_poisson_break_interaction,ceded,191235353.63243318,506133519.18876314,697368872.8211962,516656040.591846,0.1,2.298301413000445,success,,,True,True,10522521.403082848,10522521.403082848,2.079001094404589,2.079001094404589,0.02079001094404589
21,20260837,long_stable_break,constant,long,stable,True,none,regularized_poisson,gross,1335109909.7320125,587112556.203232,1922222465.9352448,950665433.4188322,0.0001,2.590657024000393,success,,,True,True,363552877.21560013,363552877.21560013,61.92217716593246,61.92217716593246,0.6192217716593246
21,20260837,long_stable_break,constant,long,stable,True,none,regularized_poisson,ceded,201664936.7311677,231881573.71837398,433546510.4495417,337708185.4121167,0.1,2.315525613998034,success,,,True,True,105826611.69374272,105826611.69374272,45.63821523062104,45.63821523062104,0.45638215230621043
21,20260837,long_stable_break,constant,long,stable,True,none,regularized_poisson_break_interaction,gross,1335109909.7320125,587112556.203232,1922222465.9352448,906070801.9503677,1.0,2.7307389970010263,success,,,True,True,318958245.74713564,318958245.74713564,54.32659246972851,54.32659246972851,0.5432659246972851
21,20260837,long_stable_break,constant,long,stable,True,none,regularized_poisson_break_interaction,ceded,201664936.7311677,231881573.71837398,433546510.4495417,237691296.2887449,1.0,3.409682605000853,success,,,True,True,5809722.570370913,5809722.570370913,2.505469700419994,2.505469700419994,0.02505469700419994
21,20260837,long_emerging_break,constant,long,emerging,True,none,regularized_poisson,gross,1367147376.8908615,670714660.9840623,2037862037.8749237,987366207.4428178,0.01,2.8319354170016595,success,,,True,True,316651546.4587555,316651546.4587555,47.21106677378562,47.21106677378562,0.4721106677378562
21,20260837,long_emerging_break,constant,long,emerging,True,none,regularized_poisson,ceded,212488072.6058526,308303999.9153445,520792072.5211971,459798681.020754,0.1,2.5863886199986155,success,,,True,True,151494681.1054095,151494681.1054095,49.138084860075644,49.138084860075644,0.4913808486007564
21,20260837,long_emerging_break,constant,long,emerging,True,none,regularized_poisson_break_interaction,gross,1367147376.8908615,670714660.9840623,2037862037.8749237,1022621371.7945163,1.0,2.9412918470006844,success,,,True,True,351906710.810454,351906710.810454,52.467424865015154,52.467424865015154,0.5246742486501516
21,20260837,long_emerging_break,constant,long,emerging,True,none,regularized_poisson_break_interaction,ceded,212488072.6058526,308303999.9153445,520792072.5211971,302845001.1937633,1.0,3.5804418820007413,success,,,True,True,-5458998.721581161,5458998.721581161,-1.7706545238077087,1.7706545238077087,-0.017706545238077086
21,20260837,long_shock_break,constant,long,shock,True,none,regularized_poisson,gross,1394498188.5171752,754509359.2499065,2149007547.7670817,1187581599.0500917,0.01,3.2113772539996717,success,,,True,True,433072239.8001852,433072239.8001852,57.39786186757482,57.39786186757482,0.5739786186757482
21,20260837,long_shock_break,constant,long,shock,True,none,regularized_poisson,ceded,221637837.06623343,386948735.9032155,608586572.969449,538278044.4070399,0.1,2.458857558998716,success,,,True,True,151329308.50382435,151329308.50382435,39.10836099531158,39.10836099531158,0.3910836099531158
21,20260837,long_shock_break,constant,long,shock,True,none,regularized_poisson_break_interaction,gross,1394498188.5171752,754509359.2499065,2149007547.7670817,1136538584.2662199,1.0,2.864161626999703,success,,,True,True,382029225.0163133,382029225.0163133,50.632801347369195,50.632801347369195,0.5063280134736919
21,20260837,long_shock_break,constant,long,shock,True,none,regularized_poisson_break_interaction,ceded,221637837.06623343,386948735.9032155,608586572.969449,355153465.179987,1.0,3.51818778100278,success,,,True,True,-31795270.723228514,31795270.723228514,-8.216920685633463,8.216920685633463,-0.08216920685633462
22,20260838,short_stable_no_break,constant,short,stable,False,none,regularized_poisson,gross,1511269745.686391,107923515.78230163,1619193261.4686928,121263227.3921887,0.01,2.2785687479990884,success,,,True,True,13339711.609887064,13339711.609887064,12.360338257322267,12.360338257322267,0.12360338257322268
22,20260838,short_stable_no_break,constant,short,stable,False,none,regularized_poisson,ceded,276917502.78690517,57648324.65838912,334565827.44529426,59612313.958710924,0.01,1.9791998059990874,success,,,True,True,1963989.3003218025,1963989.3003218025,3.406845406106694,3.406845406106694,0.03406845406106694
22,20260838,short_stable_no_break,constant,short,stable,False,none,regularized_poisson_break_interaction,gross,1511269745.686391,107923515.78230163,1619193261.4686928,121263227.39212924,0.01,2.244834051001817,success,,,True,True,13339711.609827608,13339711.609827608,12.360338257267177,12.360338257267177,0.12360338257267177
22,20260838,short_stable_no_break,constant,short,stable,False,none,regularized_poisson_break_interaction,ceded,276917502.78690517,57648324.65838912,334565827.44529426,59612313.959089346,0.01,2.0785380310007895,success,,,True,True,1963989.300700225,1963989.300700225,3.4068454067631273,3.4068454067631273,0.034068454067631274
22,20260838,short_emerging_no_break,constant,short,emerging,False,none,regularized_poisson,gross,1535777651.0700061,119820365.71170437,1655598016.7817104,100420006.7944169,0.001,2.336249460000545,success,,,True,True,-19400358.91728747,19400358.91728747,-16.19120322497262,16.19120322497262,-0.16191203224972622
22,20260838,short_emerging_no_break,constant,short,emerging,False,none,regularized_poisson,ceded,291521781.68603647,70899698.54095288,362421480.2269894,52252724.480219305,0.01,2.149617015998956,success,,,True,True,-18646974.06073357,18646974.06073357,-26.300498372306564,26.300498372306564,-0.26300498372306563
22,20260838,short_emerging_no_break,constant,short,emerging,False,none,regularized_poisson_break_interaction,gross,1535777651.0700061,119820365.71170437,1655598016.7817104,100420006.82793376,0.001,2.345409717003349,success,,,True,True,-19400358.883770615,19400358.883770615,-16.191203197000036,16.191203197000036,-0.16191203197000037
22,20260838,short_emerging_no_break,constant,short,emerging,False,none,regularized_poisson_break_interaction,ceded,291521781.68603647,70899698.54095288,362421480.2269894,52252724.48012771,0.01,2.1457997350007645,success,,,True,True,-18646974.06082517,18646974.06082517,-26.300498372435754,26.300498372435754,-0.26300498372435754
22,20260838,short_shock_no_break,constant,short,shock,False,none,regularized_poisson,gross,1556472885.781347,134325999.0140538,1690798884.7954013,117727691.77231726,0.0001,2.322021023999696,success,,,True,True,-16598307.241736531,16598307.241736531,-12.356734633330321,12.356734633330321,-0.12356734633330321
22,20260838,short_shock_no_break,constant,short,shock,False,none,regularized_poisson,ceded,304869032.99658775,86293025.80521232,391162058.8018001,79138063.5302788,0.1,2.140930442001263,success,,,True,True,-7154962.274933517,7154962.274933517,-8.291472234481942,8.291472234481942,-0.08291472234481942
22,20260838,short_shock_no_break,constant,short,shock,False,none,regularized_poisson_break_interaction,gross,1556472885.781347,134325999.0140538,1690798884.7954013,117727691.77258427,0.0001,2.3413569160002226,success,,,True,True,-16598307.241469517,16598307.241469517,-12.356734633131541,12.356734633131541,-0.12356734633131541
22,20260838,short_shock_no_break,constant,short,shock,False,none,regularized_poisson_break_interaction,ceded,304869032.99658775,86293025.80521232,391162058.8018001,79138063.53028186,0.1,2.145608020000509,success,,,True,True,-7154962.274930462,7154962.274930462,-8.291472234478402,8.291472234478402,-0.08291472234478402
22,20260838,long_stable_no_break,constant,long,stable,False,none,regularized_poisson,gross,1169558104.8044868,719428049.2432202,1888986154.047707,806008650.3507075,0.001,2.5486046989972237,success,,,True,True,86580601.10748732,86580601.10748732,12.034643519746426,12.034643519746426,0.12034643519746425
22,20260838,long_stable_no_break,constant,long,stable,False,none,regularized_poisson,ceded,181223263.94614393,311236465.83629763,492459729.7824416,462554242.13757724,0.1,2.3419637369988777,success,,,True,True,151317776.3012796,151317776.3012796,48.61826710912109,48.61826710912109,0.48618267109121094
22,20260838,long_stable_no_break,constant,long,stable,False,none,regularized_poisson_break_interaction,gross,1169558104.8044868,719428049.2432202,1888986154.047707,806008525.3141189,0.001,2.475756658001046,success,,,True,True,86580476.07089865,86580476.07089865,12.0346261397473,12.0346261397473,0.120346261397473
22,20260838,long_stable_no_break,constant,long,stable,False,none,regularized_poisson_break_interaction,ceded,181223263.94614393,311236465.83629763,492459729.7824416,462554242.13821524,0.1,2.39778636399933,success,,,True,True,151317776.3019176,151317776.3019176,48.618267109326084,48.618267109326084,0.48618267109326085
22,20260838,long_emerging_no_break,constant,long,emerging,False,none,regularized_poisson,gross,1196217281.4984682,837855382.4450485,2034072663.9435167,769492123.3021522,0.01,2.796255700999609,success,,,True,True,-68363259.1428963,68363259.1428963,-8.159314909859157,8.159314909859157,-0.08159314909859157
22,20260838,long_emerging_no_break,constant,long,emerging,False,none,regularized_poisson,ceded,189300911.39478776,417744754.7690689,607045666.1638566,607830331.3090582,0.1,2.4607204950007144,success,,,True,True,190085576.5399893,190085576.5399893,45.50280389398771,45.50280389398771,0.4550280389398771
22,20260838,long_emerging_no_break,constant,long,emerging,False,none,regularized_poisson_break_interaction,gross,1196217281.4984682,837855382.4450485,2034072663.9435167,769491360.633471,0.01,2.692539209001552,success,,,True,True,-68364021.81157744,68364021.81157744,-8.159405936150462,8.159405936150462,-0.08159405936150461
22,20260838,long_emerging_no_break,constant,long,emerging,False,none,regularized_poisson_break_interaction,ceded,189300911.39478776,417744754.7690689,607045666.1638566,607830331.2069339,0.1,2.4107158009974228,success,,,True,True,190085576.43786496,190085576.43786496,45.502803869541125,45.502803869541125,0.45502803869541125
22,20260838,long_shock_no_break,constant,long,shock,False,none,regularized_poisson,gross,1218520289.8157299,943285616.5844144,2161805906.400144,897471151.9074239,0.01,5.953185850001319,success,,,True,True,-45814464.67699051,45814464.67699051,-4.856902710218585,4.856902710218585,-0.04856902710218585
22,20260838,long_shock_no_break,constant,long,shock,False,none,regularized_poisson,ceded,195419396.2859807,515017898.02579206,710437294.3117728,598847240.5926328,0.1,4.606245457001933,success,,,True,True,83829342.56684071,83829342.56684071,16.276976564927566,16.276976564927566,0.16276976564927564
22,20260838,long_shock_no_break,constant,long,shock,False,none,regularized_poisson_break_interaction,gross,1218520289.8157299,943285616.5844144,2161805906.400144,897470527.9340968,0.01,3.3436205409998365,success,,,True,True,-45815088.65031755,45815088.65031755,-4.856968859146976,4.856968859146976,-0.04856968859146976
22,20260838,long_shock_no_break,constant,long,shock,False,none,regularized_poisson_break_interaction,ceded,195419396.2859807,515017898.02579206,710437294.3117728,598847240.5926328,0.1,2.3823228669971286,success,,,True,True,83829342.56684071,83829342.56684071,16.276976564927566,16.276976564927566,0.16276976564927564
22,20260838,long_stable_break,constant,long,stable,True,none,regularized_poisson,gross,1278812339.4125516,560863540.8955142,1839675880.3080654,878642341.3701458,0.001,2.693783161997999,success,,,True,True,317778800.47463155,317778800.47463155,56.65884431839579,56.65884431839579,0.566588443183958
22,20260838,long_stable_break,constant,long,stable,True,none,regularized_poisson,ceded,212846586.0791038,242912960.27025184,455759546.34935564,457089541.70075536,0.1,2.3616995709999173,success,,,True,True,214176581.43050352,214176581.43050352,88.17009236239277,88.17009236239277,0.8817009236239277
22,20260838,long_stable_break,constant,long,stable,True,none,regularized_poisson_break_interaction,gross,1278812339.4125516,560863540.8955142,1839675880.3080654,873665196.9240861,0.1,3.0780951070009905,success,,,True,True,312801656.02857184,312801656.02857184,55.77143693974664,55.77143693974664,0.5577143693974664
22,20260838,long_stable_break,constant,long,stable,True,none,regularized_poisson_break_interaction,ceded,212846586.0791038,242912960.27025184,455759546.34935564,348482395.50668085,0.1,3.613971622999088,success,,,True,True,105569435.236429,105569435.236429,43.459778810886895,43.459778810886895,0.43459778810886895
22,20260838,long_emerging_break,constant,long,emerging,True,none,regularized_poisson,gross,1309553898.3863566,641287802.3653271,1950841700.7516837,890250589.7485886,0.01,2.8971466990005865,success,,,True,True,248962787.38326144,248962787.38326144,38.822317602952474,38.822317602952474,0.3882231760295247
22,20260838,long_emerging_break,constant,long,emerging,True,none,regularized_poisson,ceded,223923880.55819482,315854607.4999017,539778488.0580965,567196860.6628753,0.1,2.5296006170028704,success,,,True,True,251342253.16297358,251342253.16297358,79.57530053223991,79.57530053223991,0.7957530053223991
22,20260838,long_emerging_break,constant,long,emerging,True,none,regularized_poisson_break_interaction,gross,1309553898.3863566,641287802.3653271,1950841700.7516837,974976651.0328834,0.1,3.291611216001911,success,,,True,True,333688848.6675563,333688848.6675563,52.03417988565785,52.03417988565785,0.5203417988565785
22,20260838,long_emerging_break,constant,long,emerging,True,none,regularized_poisson_break_interaction,ceded,223923880.55819482,315854607.4999017,539778488.0580965,467978139.8890085,0.1,3.6031126550005865,success,,,True,True,152123532.3891068,152123532.3891068,48.16251806273054,48.16251806273054,0.4816251806273054
22,20260838,long_shock_break,constant,long,shock,True,none,regularized_poisson,gross,1335204107.0044487,721453584.8393507,2056657691.8437996,1057075303.9224856,0.01,2.8988810749979166,success,,,True,True,335621719.0831349,335621719.0831349,46.5202094959261,46.5202094959261,0.465202094959261
22,20260838,long_shock_break,constant,long,shock,True,none,regularized_poisson,ceded,232654925.20378172,391323534.8021614,623978460.0059432,592744407.728158,0.1,2.554965899002127,success,,,True,True,201420872.9259966,201420872.9259966,51.47169924952954,51.47169924952954,0.5147169924952955
22,20260838,long_shock_break,constant,long,shock,True,none,regularized_poisson_break_interaction,gross,1335204107.0044487,721453584.8393507,2056657691.8437996,1071244170.0022196,0.1,4.45132565500171,success,,,True,True,349790585.16286886,349790585.16286886,48.48414264110397,48.48414264110397,0.4848414264110397
22,20260838,long_shock_break,constant,long,shock,True,none,regularized_poisson_break_interaction,ceded,232654925.20378172,391323534.8021614,623978460.0059432,489758143.7042698,0.1,6.461322105998988,success,,,True,True,98434608.90210843,98434608.90210843,25.15427776452886,25.15427776452886,0.2515427776452886
23,20260839,short_stable_no_break,constant,short,stable,False,none,regularized_poisson,gross,1557185964.5102024,131889539.48261106,1689075503.9928136,132287537.31466833,0.01,3.281792537000001,success,,,True,True,397997.8320572674,397997.8320572674,0.3017660336206886,0.3017660336206886,0.003017660336206886
23,20260839,short_stable_no_break,constant,short,stable,False,none,regularized_poisson,ceded,296917041.09315604,62637929.17204631,359554970.26520234,73785340.0096417,0.01,2.328197637001722,success,,,True,True,11147410.837595396,11147410.837595396,17.796582653582036,17.796582653582036,0.17796582653582035
23,20260839,short_stable_no_break,constant,short,stable,False,none,regularized_poisson_break_interaction,gross,1557185964.5102024,131889539.48261106,1689075503.9928136,132287537.31467055,0.01,2.406978290000552,success,,,True,True,397997.8320594877,397997.8320594877,0.301766033622372,0.301766033622372,0.00301766033622372
23,20260839,short_stable_no_break,constant,short,stable,False,none,regularized_poisson_break_interaction,ceded,296917041.09315604,62637929.17204631,359554970.26520234,73785340.00964165,0.01,2.3624016139983723,success,,,True,True,11147410.837595336,11147410.837595336,17.79658265358194,17.79658265358194,0.1779658265358194
23,20260839,short_emerging_no_break,constant,short,emerging,False,none,regularized_poisson,gross,1586684230.5785196,146496238.93990734,1733180469.518427,165032712.7512194,0.01,2.436437770997145,success,,,True,True,18536473.81131205,18536473.81131205,12.653207990490253,12.653207990490253,0.12653207990490253
23,20260839,short_emerging_no_break,constant,short,emerging,False,none,regularized_poisson,ceded,312003252.43256915,78387981.19540745,390391233.6279765,123213291.75808463,0.001,2.005227986999671,success,,,True,True,44825310.562677175,44825310.562677175,57.18390737852472,57.18390737852472,0.5718390737852472
23,20260839,short_emerging_no_break,constant,short,emerging,False,none,regularized_poisson_break_interaction,gross,1586684230.5785196,146496238.93990734,1733180469.518427,165032712.75111616,0.01,2.4241923859990493,success,,,True,True,18536473.811208814,18536473.811208814,12.653207990419785,12.653207990419785,0.12653207990419785
23,20260839,short_emerging_no_break,constant,short,emerging,False,none,regularized_poisson_break_interaction,ceded,312003252.43256915,78387981.19540745,390391233.6279765,123213291.7582145,0.001,1.9715799580008024,success,,,True,True,44825310.56280705,44825310.56280705,57.183907378690414,57.183907378690414,0.5718390737869041
23,20260839,short_shock_no_break,constant,short,shock,False,none,regularized_poisson,gross,1612261328.051496,164253491.3102482,1776514819.3617442,185844253.3247755,0.01,2.2048819729971,success,,,True,True,21590762.01452729,21590762.01452729,13.144781180782235,13.144781180782235,0.13144781180782236
23,20260839,short_shock_no_break,constant,short,shock,False,none,regularized_poisson,ceded,324860699.57547736,98920315.12066408,423781014.6961415,126392940.39734182,0.01,1.8669044189991837,success,,,True,True,27472625.276677743,27472625.276677743,27.77248054979034,27.77248054979034,0.2777248054979034
23,20260839,short_shock_no_break,constant,short,shock,False,none,regularized_poisson_break_interaction,gross,1612261328.051496,164253491.3102482,1776514819.3617442,185844253.32477647,0.01,2.094444469999871,success,,,True,True,21590762.014528275,21590762.014528275,13.144781180782836,13.144781180782836,0.13144781180782836
23,20260839,short_shock_no_break,constant,short,shock,False,none,regularized_poisson_break_interaction,ceded,324860699.57547736,98920315.12066408,423781014.6961415,126392940.43666157,0.01,1.9527915010003198,success,,,True,True,27472625.315997496,27472625.315997496,27.772480589539256,27.772480589539256,0.27772480589539256
23,20260839,long_stable_no_break,constant,long,stable,False,none,regularized_poisson,gross,1167612271.0072868,808953197.8976305,1976565468.9049172,776540127.1527379,0.01,2.3109640699985903,success,,,True,True,-32413070.744892597,32413070.744892597,-4.006791842733321,4.006791842733321,-0.04006791842733321
23,20260839,long_stable_no_break,constant,long,stable,False,none,regularized_poisson,ceded,167935786.40313372,361210837.2146398,529146623.61777353,259553592.0743295,0.1,2.0487636649995693,success,,,True,True,-101657245.14031029,101657245.14031029,-28.14346488721301,28.14346488721301,-0.2814346488721301
23,20260839,long_stable_no_break,constant,long,stable,False,none,regularized_poisson_break_interaction,gross,1167612271.0072868,808953197.8976305,1976565468.9049172,776540134.2614897,0.01,2.158932736998395,success,,,True,True,-32413063.636140704,32413063.636140704,-4.006790963973968,4.006790963973968,-0.04006790963973968
23,20260839,long_stable_no_break,constant,long,stable,False,none,regularized_poisson_break_interaction,ceded,167935786.40313372,361210837.2146398,529146623.61777353,259553592.0743295,0.1,2.109760004997952,success,,,True,True,-101657245.14031029,101657245.14031029,-28.14346488721301,28.14346488721301,-0.2814346488721301
23,20260839,long_emerging_no_break,constant,long,emerging,False,none,regularized_poisson,gross,1194298371.9517908,943927910.9992571,2138226282.9510477,859341386.2183554,0.01,2.626016083999275,success,,,True,True,-84586524.78090167,84586524.78090167,-8.961121267338841,8.961121267338841,-0.08961121267338841
23,20260839,long_emerging_no_break,constant,long,emerging,False,none,regularized_poisson,ceded,176205207.33352515,479069173.15681636,655274380.4903417,373221268.7420085,0.1,2.2773354509990895,success,,,True,True,-105847904.41480786,105847904.41480786,-22.09449289281656,22.09449289281656,-0.2209449289281656
23,20260839,long_emerging_no_break,constant,long,emerging,False,none,regularized_poisson_break_interaction,gross,1194298371.9517908,943927910.9992571,2138226282.9510477,859341701.2721515,0.01,2.418706985998142,success,,,True,True,-84586209.72710562,84586209.72710562,-8.961087890447196,8.961087890447196,-0.08961087890447196
23,20260839,long_emerging_no_break,constant,long,emerging,False,none,regularized_poisson_break_interaction,ceded,176205207.33352515,479069173.15681636,655274380.4903417,373221268.74200857,0.1,2.149229118000221,success,,,True,True,-105847904.4148078,105847904.4148078,-22.094492892816547,22.094492892816547,-0.22094492892816547
23,20260839,long_shock_no_break,constant,long,shock,False,none,regularized_poisson,gross,1217754443.895353,1062664920.798289,2280419364.693642,1052260142.3198776,0.01,2.557507280998834,success,,,True,True,-10404778.478411317,10404778.478411317,-0.9791212897660252,0.9791212897660252,-0.009791212897660252
23,20260839,long_shock_no_break,constant,long,shock,False,none,regularized_poisson,ceded,183821446.7320588,578828338.7857236,762649785.5177824,444760353.112056,0.1,2.3033282620017417,success,,,True,True,-134067985.67366755,134067985.67366755,-23.161959546576067,23.161959546576067,-0.23161959546576066
23,20260839,long_shock_no_break,constant,long,shock,False,none,regularized_poisson_break_interaction,gross,1217754443.895353,1062664920.798289,2280419364.693642,1052260850.2547319,0.01,2.450544760999037,success,,,True,True,-10404070.543557048,10404070.543557048,-0.9790546709438156,0.9790546709438156,-0.009790546709438156
23,20260839,long_shock_no_break,constant,long,shock,False,none,regularized_poisson_break_interaction,ceded,183821446.7320588,578828338.7857236,762649785.5177824,444760353.11205405,0.1,2.195119837000675,success,,,True,True,-134067985.67366952,134067985.67366952,-23.161959546576405,23.161959546576405,-0.23161959546576405
23,20260839,long_stable_break,constant,long,stable,True,none,regularized_poisson,gross,1279261631.096116,643475755.4662353,1922737386.5623517,1066567820.9284236,0.01,2.480894874999649,success,,,True,True,423092065.46218836,423092065.46218836,65.75104996079205,65.75104996079205,0.6575104996079204
23,20260839,long_stable_break,constant,long,stable,True,none,regularized_poisson,ceded,203580846.7667437,284791008.68740845,488371855.4541522,569530467.9574312,0.1,2.3159161639996455,success,,,True,True,284739459.27002275,284739459.27002275,99.98189921176821,99.98189921176821,0.9998189921176821
23,20260839,long_stable_break,constant,long,stable,True,none,regularized_poisson_break_interaction,gross,1279261631.096116,643475755.4662353,1922737386.5623517,946583810.6769582,1.0,2.54617684600089,success,,,True,True,303108055.2107229,303108055.2107229,47.10481360577504,47.10481360577504,0.4710481360577504
23,20260839,long_stable_break,constant,long,stable,True,none,regularized_poisson_break_interaction,ceded,203580846.7667437,284791008.68740845,488371855.4541522,439478464.9959979,0.1,3.277542240000912,success,,,True,True,154687456.30858946,154687456.30858946,54.31613063261316,54.31613063261316,0.5431613063261316
23,20260839,long_emerging_break,constant,long,emerging,True,none,regularized_poisson,gross,1310693364.9731216,736060139.9627335,2046753504.9358554,1184859397.6836982,0.01,2.8749916050001048,success,,,True,True,448799257.72096467,448799257.72096467,60.97317778187082,60.97317778187082,0.6097317778187081
23,20260839,long_emerging_break,constant,long,emerging,True,none,regularized_poisson,ceded,216131291.27327377,366872921.985839,583004213.2591128,873218303.2927046,0.1,2.4034429829989676,success,,,True,True,506345381.3068656,506345381.3068656,138.01655858548483,138.01655858548483,1.3801655858548483
23,20260839,long_emerging_break,constant,long,emerging,True,none,regularized_poisson_break_interaction,gross,1310693364.9731216,736060139.9627335,2046753504.9358554,1107545021.246309,1.0,2.7657012160016166,success,,,True,True,371484881.28357553,371484881.28357553,50.469365356801376,50.469365356801376,0.5046936535680138
23,20260839,long_emerging_break,constant,long,emerging,True,none,regularized_poisson_break_interaction,ceded,216131291.27327377,366872921.985839,583004213.2591128,705010959.562377,0.1,3.3719766410031298,success,,,True,True,338138037.57653797,338138037.57653797,92.1676191707574,92.1676191707574,0.921676191707574
23,20260839,long_shock_break,constant,long,shock,True,none,regularized_poisson,gross,1338428907.6218548,827996734.5778254,2166425642.19968,1417585887.5975397,0.01,2.6021781260024,success,,,True,True,589589153.0197142,589589153.0197142,71.2067002680066,71.2067002680066,0.712067002680066
23,20260839,long_shock_break,constant,long,shock,True,none,regularized_poisson,ceded,227115339.83906373,447552612.8081651,674667952.647229,995420056.5359236,0.1,2.3361093290004646,success,,,True,True,547867443.7277585,547867443.7277585,122.41408675734655,122.41408675734655,1.2241408675734655
23,20260839,long_shock_break,constant,long,shock,True,none,regularized_poisson_break_interaction,gross,1338428907.6218548,827996734.5778254,2166425642.19968,1256294920.2001872,1.0,2.7191183520008053,success,,,True,True,428298185.6223618,428298185.6223618,51.72703801069217,51.72703801069217,0.5172703801069217
23,20260839,long_shock_break,constant,long,shock,True,none,regularized_poisson_break_interaction,ceded,227115339.83906373,447552612.8081651,674667952.647229,773128740.0594459,0.1,3.427046861997951,success,,,True,True,325576127.2512808,325576127.2512808,72.74588907177998,72.74588907177998,0.7274588907177999
24,20260840,short_stable_no_break,constant,short,stable,False,none,regularized_poisson,gross,1770376690.7547855,118342118.97838429,1888718809.7331698,119613401.79429719,0.0001,2.1189409279977554,success,,,True,True,1271282.8159129024,1271282.8159129024,1.0742437492986818,1.0742437492986818,0.010742437492986819
24,20260840,short_stable_no_break,constant,short,stable,False,none,regularized_poisson,ceded,334979144.4189991,46324811.78115249,381303956.20015156,62022959.98378884,0.001,1.8979303480009548,success,,,True,True,15698148.202636354,15698148.202636354,33.8871278674536,33.8871278674536,0.33887127867453604
24,20260840,short_stable_no_break,constant,short,stable,False,none,regularized_poisson_break_interaction,gross,1770376690.7547855,118342118.97838429,1888718809.7331698,119613401.79056351,0.0001,2.0576369209993572,success,,,True,True,1271282.8121792227,1271282.8121792227,1.074243746143694,1.074243746143694,0.01074243746143694
24,20260840,short_stable_no_break,constant,short,stable,False,none,regularized_poisson_break_interaction,ceded,334979144.4189991,46324811.78115249,381303956.20015156,62022959.98378818,0.001,1.993414667002071,success,,,True,True,15698148.20263569,15698148.20263569,33.88712786745217,33.88712786745217,0.3388712786745217
24,20260840,short_emerging_no_break,constant,short,emerging,False,none,regularized_poisson,gross,1797074959.8277657,131514834.12503251,1928589793.9527986,106339113.35480571,0.001,2.2709319419991516,success,,,True,True,-25175720.770226806,25175720.770226806,-19.142875355256113,19.142875355256113,-0.19142875355256114
24,20260840,short_emerging_no_break,constant,short,emerging,False,none,regularized_poisson,ceded,346371794.7601698,63769885.24600458,410141680.0061744,36252040.267486624,0.001,1.9758300309986225,success,,,True,True,-27517844.978517957,27517844.978517957,-43.151786885553555,43.151786885553555,-0.43151786885553556
24,20260840,short_emerging_no_break,constant,short,emerging,False,none,regularized_poisson_break_interaction,gross,1797074959.8277657,131514834.12503251,1928589793.9527986,106339113.91765404,0.001,2.2491862649985706,success,,,True,True,-25175720.207378477,25175720.207378477,-19.14287492728285,19.14287492728285,-0.1914287492728285
24,20260840,short_emerging_no_break,constant,short,emerging,False,none,regularized_poisson_break_interaction,ceded,346371794.7601698,63769885.24600458,410141680.0061744,36252040.267333776,0.001,7.178095276998647,success,,,True,True,-27517844.978670806,27517844.978670806,-43.15178688579324,43.15178688579324,-0.4315178688579324
24,20260840,short_shock_no_break,constant,short,shock,False,none,regularized_poisson,gross,1819817530.4824805,147479038.64580846,1967296569.128289,125391041.35422386,0.0001,2.1699434769980144,success,,,True,True,-22087997.291584596,22087997.291584596,-14.977041818554305,14.977041818554305,-0.14977041818554304
24,20260840,short_shock_no_break,constant,short,shock,False,none,regularized_poisson,ceded,355504223.49531287,87721052.42628112,443225275.921594,45887267.23646858,0.01,1.8690740069978347,success,,,True,True,-41833785.18981254,41833785.18981254,-47.689561436769985,47.689561436769985,-0.47689561436769984
24,20260840,short_shock_no_break,constant,short,shock,False,none,regularized_poisson_break_interaction,gross,1819817530.4824805,147479038.64580846,1967296569.128289,125391041.74062756,0.0001,2.54072010100208,success,,,True,True,-22087996.9051809,22087996.9051809,-14.977041556548464,14.977041556548464,-0.14977041556548465
24,20260840,short_shock_no_break,constant,short,shock,False,none,regularized_poisson_break_interaction,ceded,355504223.49531287,87721052.42628112,443225275.921594,45887267.2365198,0.01,2.1380917110000155,success,,,True,True,-41833785.189761326,41833785.189761326,-47.6895614367116,47.6895614367116,-0.47689561436711597
24,20260840,long_stable_no_break,constant,long,stable,False,none,regularized_poisson,gross,1413500510.0509386,786445084.3680733,2199945594.4190116,838389882.9152,0.0001,2.3284684770005697,success,,,True,True,51944798.54712665,51944798.54712665,6.605012807584078,6.605012807584078,0.06605012807584078
24,20260840,long_stable_no_break,constant,long,stable,False,none,regularized_poisson,ceded,227254251.19372967,323707142.96329314,550961394.1570227,558362598.8523095,0.1,2.1254243000003044,success,,,True,True,234655455.88901633,234655455.88901633,72.49004570641345,72.49004570641345,0.7249004570641345
24,20260840,long_stable_no_break,constant,long,stable,False,none,regularized_poisson_break_interaction,gross,1413500510.0509386,786445084.3680733,2199945594.4190116,838389625.2400079,0.0001,2.243575486001646,success,,,True,True,51944540.87193453,51944540.87193453,6.604980043034176,6.604980043034176,0.06604980043034175
24,20260840,long_stable_no_break,constant,long,stable,False,none,regularized_poisson_break_interaction,ceded,227254251.19372967,323707142.96329314,550961394.1570227,558362598.962682,0.1,2.206435504998808,success,,,True,True,234655455.99938887,234655455.99938887,72.49004574050987,72.49004574050987,0.7249004574050987
24,20260840,long_emerging_no_break,constant,long,emerging,False,none,regularized_poisson,gross,1443518391.3387692,915663146.7850547,2359181538.123824,805047101.653211,0.01,2.706228570001258,success,,,True,True,-110616045.13184369,110616045.13184369,-12.08042996163195,12.08042996163195,-0.1208042996163195
24,20260840,long_emerging_no_break,constant,long,emerging,False,none,regularized_poisson,ceded,237867390.95279905,436460586.6554656,674327977.6082646,750447838.3644149,0.1,2.3514272040010837,success,,,True,True,313987251.7089493,313987251.7089493,71.93942850945334,71.93942850945334,0.7193942850945334
24,20260840,long_emerging_no_break,constant,long,emerging,False,none,regularized_poisson_break_interaction,gross,1443518391.3387692,915663146.7850547,2359181538.123824,805049052.7542285,0.01,7.820781710001029,success,,,True,True,-110614094.03082621,110614094.03082621,-12.080216880978401,12.080216880978401,-0.120802168809784
24,20260840,long_emerging_no_break,constant,long,emerging,False,none,regularized_poisson_break_interaction,ceded,237867390.95279905,436460586.6554656,674327977.6082646,750447838.3644215,0.1,2.2917487810009334,success,,,True,True,313987251.7089559,313987251.7089559,71.93942850945484,71.93942850945484,0.7193942850945484
24,20260840,long_shock_no_break,constant,long,shock,False,none,regularized_poisson,gross,1468650356.4990034,1030849956.3198844,2499500312.8188877,957155931.2301035,0.01,2.505897756000195,success,,,True,True,-73694025.08978093,73694025.08978093,-7.1488604755698155,7.1488604755698155,-0.07148860475569815
24,20260840,long_shock_no_break,constant,long,shock,False,none,regularized_poisson,ceded,246215867.66052395,537303375.7724771,783519243.4330012,746213229.8631258,0.01,2.77529151699855,success,,,True,True,208909854.09064865,208909854.09064865,38.88117281792628,38.88117281792628,0.38881172817926274
24,20260840,long_shock_no_break,constant,long,shock,False,none,regularized_poisson_break_interaction,gross,1468650356.4990034,1030849956.3198844,2499500312.8188877,957155093.4326086,0.01,2.5824731760003488,success,,,True,True,-73694862.88727582,73694862.88727582,-7.148941748066337,7.148941748066337,-0.07148941748066337
24,20260840,long_shock_no_break,constant,long,shock,False,none,regularized_poisson_break_interaction,ceded,246215867.66052395,537303375.7724771,783519243.4330012,746213229.8787776,0.01,2.337151883999468,success,,,True,True,208909854.10630047,208909854.10630047,38.8811728208393,38.8811728208393,0.38881172820839305
24,20260840,long_stable_break,constant,long,stable,True,none,regularized_poisson,gross,1536520537.4136438,608293069.2819996,2144813606.6956434,939081215.3157163,0.0001,9.791855970001052,success,,,True,True,330788146.0337167,330788146.0337167,54.37973285215355,54.37973285215355,0.5437973285215355
24,20260840,long_stable_break,constant,long,stable,True,none,regularized_poisson,ceded,270139356.8978752,240195288.976933,510334645.8748082,596361761.7270083,0.01,2.53777966099733,success,,,True,True,356166472.75007534,356166472.75007534,148.28203928024567,148.28203928024567,1.4828203928024566
24,20260840,long_stable_break,constant,long,stable,True,none,regularized_poisson_break_interaction,gross,1536520537.4136438,608293069.2819996,2144813606.6956434,923282960.0468097,1.0,3.094086254001013,success,,,True,True,314989890.7648101,314989890.7648101,51.78258748478086,51.78258748478086,0.5178258748478086
24,20260840,long_stable_break,constant,long,stable,True,none,regularized_poisson_break_interaction,ceded,270139356.8978752,240195288.976933,510334645.8748082,513037524.7326017,0.1,3.2415778060021694,success,,,True,True,272842235.7556687,272842235.7556687,113.59183475986947,113.59183475986947,1.1359183475986947
24,20260840,long_emerging_break,constant,long,emerging,True,none,regularized_poisson,gross,1571005312.7491932,695242579.8894112,2266247892.638604,944833092.2012761,0.01,2.875397856998461,success,,,True,True,249590512.31186485,249590512.31186485,35.899773623123885,35.899773623123885,0.3589977362312389
24,20260840,long_emerging_break,constant,long,emerging,True,none,regularized_poisson,ceded,283822256.21533984,318321479.60916555,602143735.8245053,760154016.7745826,0.01,4.943067582000367,success,,,True,True,441832537.1654171,441832537.1654171,138.80072991238234,138.80072991238234,1.3880072991238233
24,20260840,long_emerging_break,constant,long,emerging,True,none,regularized_poisson_break_interaction,gross,1571005312.7491932,695242579.8894112,2266247892.638604,1019097651.1453122,1.0,4.934278289001668,success,,,True,True,323855071.255901,323855071.255901,46.58159333500762,46.58159333500762,0.46581593335007615
24,20260840,long_emerging_break,constant,long,emerging,True,none,regularized_poisson_break_interaction,ceded,283822256.21533984,318321479.60916555,602143735.8245053,687564286.7524334,0.1,3.39411908799957,success,,,True,True,369242807.14326787,369242807.14326787,115.99682421576559,115.99682421576559,1.1599682421576558
24,20260840,long_shock_break,constant,long,shock,True,none,regularized_poisson,gross,1599740355.8564835,782093251.8954546,2381833607.751938,1129797484.2162142,0.01,3.3935901379991265,success,,,True,True,347704232.32075953,347704232.32075953,44.458155274716326,44.458155274716326,0.44458155274716327
24,20260840,long_shock_break,constant,long,shock,True,none,regularized_poisson,ceded,294791294.6471456,397126306.2678751,691917600.9150207,837671095.1257308,0.01,5.138963863002573,success,,,True,True,440544788.8578557,440544788.8578557,110.93316708178314,110.93316708178314,1.1093316708178314
24,20260840,long_shock_break,constant,long,shock,True,none,regularized_poisson_break_interaction,gross,1599740355.8564835,782093251.8954546,2381833607.751938,1123852427.368342,1.0,4.829634489000455,success,,,True,True,341759175.4728873,341759175.4728873,43.69800847208582,43.69800847208582,0.4369800847208582
24,20260840,long_shock_break,constant,long,shock,True,none,regularized_poisson_break_interaction,ceded,294791294.6471456,397126306.2678751,691917600.9150207,736053930.3845414,0.1,3.2005191479984205,success,,,True,True,338927624.1166663,338927624.1166663,85.34504483015743,85.34504483015743,0.8534504483015743
25,20260841,short_stable_no_break,constant,short,stable,False,none,regularized_poisson,gross,1663070440.3984003,157284835.93575907,1820355276.3341599,132562102.43540995,0.01,2.500059968999267,success,,,True,True,-24722733.50034912,24722733.50034912,-15.718446952156784,15.718446952156784,-0.15718446952156784
25,20260841,short_stable_no_break,constant,short,stable,False,none,regularized_poisson,ceded,329426897.7036132,70838895.44249286,400265793.14610606,64435891.58610237,0.01,2.0004341670028225,success,,,True,True,-6403003.856390491,6403003.856390491,-9.038825092337106,9.038825092337106,-0.09038825092337106
25,20260841,short_stable_no_break,constant,short,stable,False,none,regularized_poisson_break_interaction,gross,1663070440.3984003,157284835.93575907,1820355276.3341599,132562102.43249124,0.01,2.1132947269979923,success,,,True,True,-24722733.503267825,24722733.503267825,-15.718446954012466,15.718446954012466,-0.15718446954012466
25,20260841,short_stable_no_break,constant,short,stable,False,none,regularized_poisson_break_interaction,ceded,329426897.7036132,70838895.44249286,400265793.14610606,64435891.585855275,0.01,1.993137379999098,success,,,True,True,-6403003.856637582,6403003.856637582,-9.038825092685913,9.038825092685913,-0.09038825092685913
25,20260841,short_emerging_no_break,constant,short,emerging,False,none,regularized_poisson,gross,1692811565.8038533,174792250.52559975,1867603816.329453,141054423.4531315,0.001,2.1140399940013594,success,,,True,True,-33737827.07246825,33737827.07246825,-19.30167211133143,19.30167211133143,-0.1930167211133143
25,20260841,short_emerging_no_break,constant,short,emerging,False,none,regularized_poisson,ceded,343099626.4513144,90963359.60613754,434062986.0574519,58590513.69503524,0.01,2.0442188889974204,success,,,True,True,-32372845.911102302,32372845.911102302,-35.5888855153037,35.5888855153037,-0.35588885515303703
25,20260841,short_emerging_no_break,constant,short,emerging,False,none,regularized_poisson_break_interaction,gross,1692811565.8038533,174792250.52559975,1867603816.329453,141054409.9092559,0.001,2.303914871001325,success,,,True,True,-33737840.616343856,33737840.616343856,-19.30167985988754,19.30167985988754,-0.19301679859887538
25,20260841,short_emerging_no_break,constant,short,emerging,False,none,regularized_poisson_break_interaction,ceded,343099626.4513144,90963359.60613754,434062986.0574519,58590513.685440145,0.01,1.9712141810014145,success,,,True,True,-32372845.9206974,32372845.9206974,-35.58888552585201,35.58888552585201,-0.3558888552585201
25,20260841,short_shock_no_break,constant,short,shock,False,none,regularized_poisson,gross,1720029611.0854402,196004988.7531731,1916034599.8386135,171071199.5023486,0.0001,7.367014281000593,success,,,True,True,-24933789.25082451,24933789.25082451,-12.720997261056121,12.720997261056121,-0.12720997261056122
25,20260841,short_shock_no_break,constant,short,shock,False,none,regularized_poisson,ceded,354821697.0009514,117526740.60372524,472348437.6046766,74645051.1969353,0.01,1.9506200729992997,success,,,True,True,-42881689.40678994,42881689.40678994,-36.48675117382667,36.48675117382667,-0.3648675117382667
25,20260841,short_shock_no_break,constant,short,shock,False,none,regularized_poisson_break_interaction,gross,1720029611.0854402,196004988.7531731,1916034599.8386135,171071321.7189858,0.0001,2.1443810380005743,success,,,True,True,-24933667.034187317,24933667.034187317,-12.720934907216064,12.720934907216064,-0.12720934907216064
25,20260841,short_shock_no_break,constant,short,shock,False,none,regularized_poisson_break_interaction,ceded,354821697.0009514,117526740.60372524,472348437.6046766,74645051.19739622,0.01,2.1217459559993586,success,,,True,True,-42881689.40632902,42881689.40632902,-36.486751173434484,36.486751173434484,-0.36486751173434484
25,20260841,long_stable_no_break,constant,long,stable,False,none,regularized_poisson,gross,1256096345.09212,866259735.073673,2122356080.165793,791656482.0850317,0.001,3.0991122129998985,success,,,True,True,-74603252.98864126,74603252.98864126,-8.612111352756857,8.612111352756857,-0.08612111352756857
25,20260841,long_stable_no_break,constant,long,stable,False,none,regularized_poisson,ceded,216288335.10296252,363276899.847718,579565234.9506805,408282788.2905703,0.1,2.0679105290000734,success,,,True,True,45005888.44285232,45005888.44285232,12.388866030765604,12.388866030765604,0.12388866030765604
25,20260841,long_stable_no_break,constant,long,stable,False,none,regularized_poisson_break_interaction,gross,1256096345.09212,866259735.073673,2122356080.165793,791655497.1406116,0.001,2.2987819039990427,success,,,True,True,-74604237.93306136,74604237.93306136,-8.612225053576624,8.612225053576624,-0.08612225053576625
25,20260841,long_stable_no_break,constant,long,stable,False,none,regularized_poisson_break_interaction,ceded,216288335.10296252,363276899.847718,579565234.9506805,408282788.190103,0.1,2.061883239999588,success,,,True,True,45005888.342384994,45005888.342384994,12.38886600310975,12.38886600310975,0.12388866003109751
25,20260841,long_emerging_no_break,constant,long,emerging,False,none,regularized_poisson,gross,1283758157.0839994,1010446645.696698,2294204802.7806973,768929515.7992378,0.01,2.8428899760001514,success,,,True,True,-241517129.8974601,241517129.8974601,-23.90201708581409,23.90201708581409,-0.2390201708581409
25,20260841,long_emerging_no_break,constant,long,emerging,False,none,regularized_poisson,ceded,226057121.13184682,483451898.3606769,709509019.4925238,538404100.3115852,0.1,2.333484610000596,success,,,True,True,54952201.9509083,54952201.9509083,11.366632779237012,11.366632779237012,0.11366632779237013
25,20260841,long_emerging_no_break,constant,long,emerging,False,none,regularized_poisson_break_interaction,gross,1283758157.0839994,1010446645.696698,2294204802.7806973,768929646.627762,0.01,7.410093111000606,success,,,True,True,-241516999.068936,241516999.068936,-23.9020041382206,23.9020041382206,-0.239020041382206
25,20260841,long_emerging_no_break,constant,long,emerging,False,none,regularized_poisson_break_interaction,ceded,226057121.13184682,483451898.3606769,709509019.4925238,538404100.3115549,0.1,2.2227549179988273,success,,,True,True,54952201.950878024,54952201.950878024,11.36663277923075,11.36663277923075,0.1136663277923075
25,20260841,long_shock_no_break,constant,long,shock,False,none,regularized_poisson,gross,1306922533.5946443,1137589952.1263585,2444512485.721002,908104524.8053282,0.01,2.7977525200003583,success,,,True,True,-229485427.32103026,229485427.32103026,-20.17294780883754,20.17294780883754,-0.2017294780883754
25,20260841,long_shock_no_break,constant,long,shock,False,none,regularized_poisson,ceded,233968647.78719184,588661721.2584822,822630369.0456741,578179474.9961526,0.1,2.5459974779987533,success,,,True,True,-10482246.262329578,10482246.262329578,-1.7806909951474166,1.7806909951474166,-0.017806909951474166
25,20260841,long_shock_no_break,constant,long,shock,False,none,regularized_poisson_break_interaction,gross,1306922533.5946443,1137589952.1263585,2444512485.721002,908104402.7176926,0.01,2.703900816002715,success,,,True,True,-229485549.4086659,229485549.4086659,-20.172958540967816,20.172958540967816,-0.20172958540967814
25,20260841,long_shock_no_break,constant,long,shock,False,none,regularized_poisson_break_interaction,ceded,233968647.78719184,588661721.2584822,822630369.0456741,578179474.9958926,0.1,2.194763162002346,success,,,True,True,-10482246.262589574,10482246.262589574,-1.7806909951915837,1.7806909951915837,-0.017806909951915837
25,20260841,long_stable_break,constant,long,stable,True,none,regularized_poisson,gross,1380758159.0409737,681863916.6557088,2062622075.6966825,906454243.6782875,0.001,2.6259130939979514,success,,,True,True,224590327.02257872,224590327.02257872,32.93770524243481,32.93770524243481,0.3293770524243481
25,20260841,long_stable_break,constant,long,stable,True,none,regularized_poisson,ceded,260199576.61630076,275809625.6100403,536009202.226341,566986620.6416537,0.1,2.159925091000332,success,,,True,True,291176995.03161335,291176995.03161335,105.5717306412288,105.5717306412288,1.055717306412288
25,20260841,long_stable_break,constant,long,stable,True,none,regularized_poisson_break_interaction,gross,1380758159.0409737,681863916.6557088,2062622075.6966825,879761494.9481628,1.0,2.789102553997509,success,,,True,True,197897578.292454,197897578.292454,29.02303134957906,29.02303134957906,0.2902303134957906
25,20260841,long_stable_break,constant,long,stable,True,none,regularized_poisson_break_interaction,ceded,260199576.61630076,275809625.6100403,536009202.226341,332755923.78635955,1.0,3.1793639729985443,success,,,True,True,56946298.17631924,56946298.17631924,20.646958223580658,20.646958223580658,0.20646958223580658
25,20260841,long_emerging_break,constant,long,emerging,True,none,regularized_poisson,gross,1412944883.3239694,780262403.0145211,2193207286.3384905,917204987.212481,0.01,2.822264632999577,success,,,True,True,136942584.1979599,136942584.1979599,17.550837214363554,17.550837214363554,0.17550837214363554
25,20260841,long_emerging_break,constant,long,emerging,True,none,regularized_poisson,ceded,273473281.13834596,359259980.0107991,632733261.1491451,720699914.8541812,0.1,2.4187565819993324,success,,,True,True,361439934.84338206,361439934.84338206,100.60679033398527,100.60679033398527,1.0060679033398527
25,20260841,long_emerging_break,constant,long,emerging,True,none,regularized_poisson_break_interaction,gross,1412944883.3239694,780262403.0145211,2193207286.3384905,980125593.5757588,1.0,2.948347838999325,success,,,True,True,199863190.5612377,199863190.5612377,25.61486876582443,25.61486876582443,0.2561486876582443
25,20260841,long_emerging_break,constant,long,emerging,True,none,regularized_poisson_break_interaction,ceded,273473281.13834596,359259980.0107991,632733261.1491451,422788483.30471474,1.0,3.3267946670021047,success,,,True,True,63528503.29391563,63528503.29391563,17.683156162288384,17.683156162288384,0.17683156162288383
25,20260841,long_shock_break,constant,long,shock,True,none,regularized_poisson,gross,1439921128.2816482,877767581.9124196,2317688710.194068,1097601976.5457957,0.01,2.9558549220018904,success,,,True,True,219834394.63337612,219834394.63337612,25.04471561303461,25.04471561303461,0.2504471561303461
25,20260841,long_shock_break,constant,long,shock,True,none,regularized_poisson,ceded,283972251.46656597,441627230.37880164,725599481.8453676,769233652.4506229,0.1,2.4597444430000905,success,,,True,True,327606422.0718213,327606422.0718213,74.18166261867954,74.18166261867954,0.7418166261867954
25,20260841,long_shock_break,constant,long,shock,True,none,regularized_poisson_break_interaction,gross,1439921128.2816482,877767581.9124196,2317688710.194068,1080733972.3632667,1.0,7.987150458000542,success,,,True,True,202966390.45084715,202966390.45084715,23.12302192895276,23.12302192895276,0.23123021928952758
25,20260841,long_shock_break,constant,long,shock,True,none,regularized_poisson_break_interaction,ceded,283972251.46656597,441627230.37880164,725599481.8453676,479018127.3660557,1.0,3.753978888002166,success,,,True,True,37390896.98725408,37390896.98725408,8.466619450793917,8.466619450793917,0.08466619450793918
26,20260842,short_stable_no_break,constant,short,stable,False,none,regularized_poisson,gross,1558550185.960247,116528553.07240757,1675078739.0326545,96807539.5855384,0.001,3.2524762979992374,success,,,True,True,-19721013.48686917,19721013.48686917,-16.923760715208648,16.923760715208648,-0.16923760715208647
26,20260842,short_stable_no_break,constant,short,stable,False,none,regularized_poisson,ceded,274792317.51809984,59500057.73544208,334292375.2535419,46556349.187513135,0.001,5.477938415999233,success,,,True,True,-12943708.547928944,12943708.547928944,-21.754110904364442,21.754110904364442,-0.21754110904364443
26,20260842,short_stable_no_break,constant,short,stable,False,none,regularized_poisson_break_interaction,gross,1558550185.960247,116528553.07240757,1675078739.0326545,96807539.58329305,0.001,8.778104401000746,success,,,True,True,-19721013.489114523,19721013.489114523,-16.923760717135515,16.923760717135515,-0.16923760717135514
26,20260842,short_stable_no_break,constant,short,stable,False,none,regularized_poisson_break_interaction,ceded,274792317.51809984,59500057.73544208,334292375.2535419,46556349.18750651,0.001,2.615437642998586,success,,,True,True,-12943708.547935568,12943708.547935568,-21.754110904375572,21.754110904375572,-0.21754110904375573
26,20260842,short_emerging_no_break,constant,short,emerging,False,none,regularized_poisson,gross,1582270393.5851297,129397270.0917339,1711667663.6768637,103704196.27379943,0.001,3.663872207998793,success,,,True,True,-25693073.81793447,25693073.81793447,-19.855962803326392,19.855962803326392,-0.1985596280332639
26,20260842,short_emerging_no_break,constant,short,emerging,False,none,regularized_poisson,ceded,287215540.2427672,75377848.32444328,362593388.56721044,51043362.11484876,0.01,3.1186043130001053,success,,,True,True,-24334486.209594518,24334486.209594518,-32.2833388727858,32.2833388727858,-0.322833388727858
26,20260842,short_emerging_no_break,constant,short,emerging,False,none,regularized_poisson_break_interaction,gross,1582270393.5851297,129397270.0917339,1711667663.6768637,103704195.26336333,0.001,3.0270091880011023,success,,,True,True,-25693074.82837057,25693074.82837057,-19.855963584205387,19.855963584205387,-0.19855963584205386
26,20260842,short_emerging_no_break,constant,short,emerging,False,none,regularized_poisson_break_interaction,ceded,287215540.2427672,75377848.32444328,362593388.56721044,51043362.11484942,0.01,2.2923817970004166,success,,,True,True,-24334486.209593862,24334486.209593862,-32.28333887278493,32.28333887278493,-0.32283338872784934
26,20260842,short_shock_no_break,constant,short,shock,False,none,regularized_poisson,gross,1602989738.4515946,145067559.04803687,1748057297.4996314,121997261.92006864,0.0001,2.619454212999699,success,,,True,True,-23070297.127968237,23070297.127968237,-15.903140081325052,15.903140081325052,-0.1590314008132505
26,20260842,short_shock_no_break,constant,short,shock,False,none,regularized_poisson,ceded,298038272.8795752,95777834.72130537,393816107.60088056,70865332.65663594,0.001,2.5332638369982305,success,,,True,True,-24912502.06466943,24912502.06466943,-26.010717549796258,26.010717549796258,-0.2601071754979626
26,20260842,short_shock_no_break,constant,short,shock,False,none,regularized_poisson_break_interaction,gross,1602989738.4515946,145067559.04803687,1748057297.4996314,121997261.9206323,0.0001,2.427737404999789,success,,,True,True,-23070297.12740457,23070297.12740457,-15.903140080936495,15.903140080936495,-0.15903140080936495
26,20260842,short_shock_no_break,constant,short,shock,False,none,regularized_poisson_break_interaction,ceded,298038272.8795752,95777834.72130537,393816107.60088056,70865332.65663807,0.001,2.3014450580012635,success,,,True,True,-24912502.0646673,24912502.0646673,-26.010717549794034,26.010717549794034,-0.2601071754979403
26,20260842,long_stable_no_break,constant,long,stable,False,none,regularized_poisson,gross,1259507214.06652,693117276.2720695,1952624490.3385892,686515189.1266322,0.0001,2.7754168169994955,success,,,True,True,-6602087.145437241,6602087.145437241,-0.9525209328133558,0.9525209328133558,-0.009525209328133558
26,20260842,long_stable_no_break,constant,long,stable,False,none,regularized_poisson,ceded,189185173.08683583,313802914.5115156,502988087.59835136,234217890.5604411,1.0,2.406924506998621,success,,,True,True,-79585023.95107451,79585023.95107451,-25.361467427720143,25.361467427720143,-0.2536146742772014
26,20260842,long_stable_no_break,constant,long,stable,False,none,regularized_poisson_break_interaction,gross,1259507214.06652,693117276.2720695,1952624490.3385892,686515090.507037,0.0001,2.544288504999713,success,,,True,True,-6602185.765032411,6602185.765032411,-0.9525351612272976,0.9525351612272976,-0.009525351612272977
26,20260842,long_stable_no_break,constant,long,stable,False,none,regularized_poisson_break_interaction,ceded,189185173.08683583,313802914.5115156,502988087.59835136,234217890.56044114,1.0,2.3828242189993034,success,,,True,True,-79585023.95107448,79585023.95107448,-25.36146742772013,25.36146742772013,-0.2536146742772013
26,20260842,long_emerging_no_break,constant,long,emerging,False,none,regularized_poisson,gross,1285472744.2686315,807357403.9386041,2092830148.2072358,754718279.9269621,0.001,3.050420290001057,success,,,True,True,-52639124.01164198,52639124.01164198,-6.519928318591966,6.519928318591966,-0.06519928318591967
26,20260842,long_emerging_no_break,constant,long,emerging,False,none,regularized_poisson,ceded,198198159.6040766,419609729.32777995,617807888.9318565,302733241.1207747,1.0,2.6439030350011308,success,,,True,True,-116876488.20700526,116876488.20700526,-27.853617311076857,27.853617311076857,-0.27853617311076856
26,20260842,long_emerging_no_break,constant,long,emerging,False,none,regularized_poisson_break_interaction,gross,1285472744.2686315,807357403.9386041,2092830148.2072358,754721136.38559,0.001,2.7905149670004903,success,,,True,True,-52636267.55301416,52636267.55301416,-6.5195745151074265,6.5195745151074265,-0.06519574515107426
26,20260842,long_emerging_no_break,constant,long,emerging,False,none,regularized_poisson_break_interaction,ceded,198198159.6040766,419609729.32777995,617807888.9318565,302733241.12077475,1.0,2.5256743150021066,success,,,True,True,-116876488.2070052,116876488.2070052,-27.853617311076846,27.853617311076846,-0.27853617311076845
26,20260842,long_shock_no_break,constant,long,shock,False,none,regularized_poisson,gross,1307504685.5009503,908915820.6572937,2216420506.1582437,881922523.3014178,0.001,3.0898144300008425,success,,,True,True,-26993297.35587585,26993297.35587585,-2.9698346912209446,2.9698346912209446,-0.029698346912209444
26,20260842,long_shock_no_break,constant,long,shock,False,none,regularized_poisson,ceded,205743769.48685873,511129478.25110245,716873247.7379612,352036196.96889967,1.0,2.4823050949999015,success,,,True,True,-159093281.28220278,159093281.28220278,-31.125827809141747,31.125827809141747,-0.3112582780914175
26,20260842,long_shock_no_break,constant,long,shock,False,none,regularized_poisson_break_interaction,gross,1307504685.5009503,908915820.6572937,2216420506.1582437,881921432.909479,0.001,2.7599160470017523,success,,,True,True,-26994387.747814655,26994387.747814655,-2.96995465743938,2.96995465743938,-0.0296995465743938
26,20260842,long_shock_no_break,constant,long,shock,False,none,regularized_poisson_break_interaction,ceded,205743769.48685873,511129478.25110245,716873247.7379612,352036196.9688997,1.0,2.4818346070023836,success,,,True,True,-159093281.28220272,159093281.28220272,-31.125827809141736,31.125827809141736,-0.3112582780914174
26,20260842,long_stable_break,constant,long,stable,True,none,regularized_poisson,gross,1365096622.7379746,539186259.8711406,1904282882.6091151,837010770.7437108,0.0001,2.9421293349987536,success,,,True,True,297824510.87257016,297824510.87257016,55.23592365720648,55.23592365720648,0.5523592365720648
26,20260842,long_stable_break,constant,long,stable,True,none,regularized_poisson,ceded,224673995.42983425,240337604.38350868,465011599.8133429,346185391.66679096,1.0,2.4136980379989836,success,,,True,True,105847787.28328228,105847787.28328228,44.04129247888321,44.04129247888321,0.44041292478883204
26,20260842,long_stable_break,constant,long,stable,True,none,regularized_poisson_break_interaction,gross,1365096622.7379746,539186259.8711406,1904282882.6091151,808190135.2212523,1.0,2.805577078997885,success,,,True,True,269003875.3501117,269003875.3501117,49.89071409468049,49.89071409468049,0.4989071409468049
26,20260842,long_stable_break,constant,long,stable,True,none,regularized_poisson_break_interaction,ceded,224673995.42983425,240337604.38350868,465011599.8133429,292416468.3542133,1.0,3.5220569009979954,success,,,True,True,52078863.970704615,52078863.970704615,21.669045135193223,21.669045135193223,0.2166904513519322
26,20260842,long_emerging_break,constant,long,emerging,True,none,regularized_poisson,gross,1395071767.8438296,616133559.4522468,2011205327.2960763,860124073.7705867,0.01,3.0655442000024777,success,,,True,True,243990514.31833994,243990514.31833994,39.600263705040135,39.600263705040135,0.39600263705040134
26,20260842,long_emerging_break,constant,long,emerging,True,none,regularized_poisson,ceded,236886779.6941265,314689582.873816,551576362.5679425,463042264.309404,1.0,2.6623909789996105,success,,,True,True,148352681.435588,148352681.435588,47.14254602290866,47.14254602290866,0.4714254602290866
26,20260842,long_emerging_break,constant,long,emerging,True,none,regularized_poisson_break_interaction,gross,1395071767.8438296,616133559.4522468,2011205327.2960763,899747615.6878928,1.0,3.1291891490000125,success,,,True,True,283614056.235646,283614056.235646,46.03126252168178,46.03126252168178,0.4603126252168178
26,20260842,long_emerging_break,constant,long,emerging,True,none,regularized_poisson_break_interaction,ceded,236886779.6941265,314689582.873816,551576362.5679425,385446555.7153136,1.0,3.6326407189990277,success,,,True,True,70756972.8414976,70756972.8414976,22.484688624049458,22.484688624049458,0.22484688624049456
26,20260842,long_shock_break,constant,long,shock,True,none,regularized_poisson,gross,1420457840.1226585,693091337.2512838,2113549177.3739424,1046464772.293046,0.001,2.9584000499999092,success,,,True,True,353373435.04176223,353373435.04176223,50.98511784077383,50.98511784077383,0.5098511784077383
26,20260842,long_shock_break,constant,long,shock,True,none,regularized_poisson,ceded,247127755.36795723,387317049.10468125,634444804.4726384,554345233.5954725,1.0,2.6005385469979956,success,,,True,True,167028184.4907912,167028184.4907912,43.12440799517917,43.12440799517917,0.4312440799517917
26,20260842,long_shock_break,constant,long,shock,True,none,regularized_poisson_break_interaction,gross,1420457840.1226585,693091337.2512838,2113549177.3739424,1001577587.2396182,1.0,3.249472933999641,success,,,True,True,308486249.9883344,308486249.9883344,44.508744145000215,44.508744145000215,0.4450874414500021
26,20260842,long_shock_break,constant,long,shock,True,none,regularized_poisson_break_interaction,ceded,247127755.36795723,387317049.10468125,634444804.4726384,464552380.6840944,1.0,3.4723970019986155,success,,,True,True,77235331.57941318,77235331.57941318,19.941113296703488,19.941113296703488,0.1994111329670349
27,20260843,short_stable_no_break,constant,short,stable,False,none,regularized_poisson,gross,1605785552.5739386,157932124.15747845,1763717676.731417,114026956.19836488,0.0001,2.3251499939979112,success,,,True,True,-43905167.95911357,43905167.95911357,-27.80002370849804,27.80002370849804,-0.2780002370849804
27,20260843,short_stable_no_break,constant,short,stable,False,none,regularized_poisson,ceded,321030820.7384137,71206593.66970244,392237414.40811604,45546329.69186451,0.0001,2.1656037059983646,success,,,True,True,-25660263.977837928,25660263.977837928,-36.036359352990736,36.036359352990736,-0.3603635935299074
27,20260843,short_stable_no_break,constant,short,stable,False,none,regularized_poisson_break_interaction,gross,1605785552.5739386,157932124.15747845,1763717676.731417,114026956.19098115,0.0001,2.4530040780009585,success,,,True,True,-43905167.9664973,43905167.9664973,-27.800023713173296,27.800023713173296,-0.27800023713173294
27,20260843,short_stable_no_break,constant,short,stable,False,none,regularized_poisson_break_interaction,ceded,321030820.7384137,71206593.66970244,392237414.40811604,45546329.69186467,0.0001,2.292784503002622,success,,,True,True,-25660263.97783777,25660263.97783777,-36.03635935299052,36.03635935299052,-0.3603635935299052
27,20260843,short_emerging_no_break,constant,short,emerging,False,none,regularized_poisson,gross,1634527820.7725604,175476418.08967456,1810004238.8622348,145803206.5295844,0.0001,2.3580575119995046,success,,,True,True,-29673211.560090154,29673211.560090154,-16.91008506050432,16.91008506050432,-0.16910085060504318
27,20260843,short_emerging_no_break,constant,short,emerging,False,none,regularized_poisson,ceded,336111474.0826874,87100520.20406541,423211994.2867527,80974270.6256018,0.0001,2.2988181530017755,success,,,True,True,-6126249.578463614,6126249.578463614,-7.033539597823976,7.033539597823976,-0.07033539597823976
27,20260843,short_emerging_no_break,constant,short,emerging,False,none,regularized_poisson_break_interaction,gross,1634527820.7725604,175476418.08967456,1810004238.8622348,145803224.11458698,0.0001,2.486259865003376,success,,,True,True,-29673193.975087583,29673193.975087583,-16.910075039213275,16.910075039213275,-0.16910075039213274
27,20260843,short_emerging_no_break,constant,short,emerging,False,none,regularized_poisson_break_interaction,ceded,336111474.0826874,87100520.20406541,423211994.2867527,80974270.65161684,0.0001,2.2445245390008495,success,,,True,True,-6126249.552448571,6126249.552448571,-7.033539567956137,7.033539567956137,-0.07033539567956137
27,20260843,short_shock_no_break,constant,short,shock,False,none,regularized_poisson,gross,1660432195.3676727,196756902.11073998,1857189097.4784126,167104130.48090112,0.0001,2.5015662099976907,success,,,True,True,-29652771.629838854,29652771.629838854,-15.070765656367923,15.070765656367923,-0.15070765656367924
27,20260843,short_shock_no_break,constant,short,shock,False,none,regularized_poisson,ceded,349537667.3068145,107600077.5615052,457137744.8683197,99911083.91368482,0.0001,2.207575648000784,success,,,True,True,-7688993.647820383,7688993.647820383,-7.145899726164494,7.145899726164494,-0.07145899726164494
27,20260843,short_shock_no_break,constant,short,shock,False,none,regularized_poisson_break_interaction,gross,1660432195.3676727,196756902.11073998,1857189097.4784126,167104133.78478086,0.0001,2.390245567999955,success,,,True,True,-29652768.325959116,29652768.325959116,-15.070763977199517,15.070763977199517,-0.15070763977199517
27,20260843,short_shock_no_break,constant,short,shock,False,none,regularized_poisson_break_interaction,ceded,349537667.3068145,107600077.5615052,457137744.8683197,99911084.9060776,0.0001,2.1899653429973114,success,,,True,True,-7688992.655427605,7688992.655427605,-7.145898803867038,7.145898803867038,-0.07145898803867037
27,20260843,long_stable_no_break,constant,long,stable,False,none,regularized_poisson,gross,1229155946.008617,829310666.3580804,2058466612.3666973,713566465.0525177,0.0001,2.6800155800010543,success,,,True,True,-115744201.30556273,115744201.30556273,-13.956675827389711,13.956675827389711,-0.1395667582738971
27,20260843,long_stable_no_break,constant,long,stable,False,none,regularized_poisson,ceded,219245414.0576838,344542605.07996076,563788019.1376445,221768846.78529382,0.1,2.3916060560004553,success,,,True,True,-122773758.29466695,122773758.29466695,-35.63383932334692,35.63383932334692,-0.3563383932334692
27,20260843,long_stable_no_break,constant,long,stable,False,none,regularized_poisson_break_interaction,gross,1229155946.008617,829310666.3580804,2058466612.3666973,713566465.4340702,0.0001,2.533057443997677,success,,,True,True,-115744200.92401016,115744200.92401016,-13.956675781381309,13.956675781381309,-0.13956675781381309
27,20260843,long_stable_no_break,constant,long,stable,False,none,regularized_poisson_break_interaction,ceded,219245414.0576838,344542605.07996076,563788019.1376445,221768846.7990607,0.1,2.408017503999872,success,,,True,True,-122773758.28090006,122773758.28090006,-35.633839319351225,35.633839319351225,-0.35633839319351224
27,20260843,long_emerging_no_break,constant,long,emerging,False,none,regularized_poisson,gross,1255548782.6577399,967739501.0456841,2223288283.703424,739190587.9238478,0.01,2.8659542610002973,success,,,True,True,-228548913.1218363,228548913.1218363,-23.61678043263496,23.61678043263496,-0.2361678043263496
27,20260843,long_emerging_no_break,constant,long,emerging,False,none,regularized_poisson,ceded,227849020.79334182,459310590.3335314,687159611.1268731,292329168.29212785,0.1,2.7026445519986737,success,,,True,True,-166981422.04140353,166981422.04140353,-36.35479467611423,36.35479467611423,-0.3635479467611423
27,20260843,long_emerging_no_break,constant,long,emerging,False,none,regularized_poisson_break_interaction,gross,1255548782.6577399,967739501.0456841,2223288283.703424,739191396.9791446,0.01,2.7227179930014245,success,,,True,True,-228548104.06653953,228548104.06653953,-23.61669683004398,23.61669683004398,-0.23616696830043982
27,20260843,long_emerging_no_break,constant,long,emerging,False,none,regularized_poisson_break_interaction,ceded,227849020.79334182,459310590.3335314,687159611.1268731,292329168.3336146,0.1,2.6163916340010474,success,,,True,True,-166981421.9999168,166981421.9999168,-36.35479466708184,36.35479466708184,-0.3635479466708184
27,20260843,long_shock_no_break,constant,long,shock,False,none,regularized_poisson,gross,1278092929.1599915,1089558805.1140485,2367651734.2740397,895117385.5170186,0.01,2.8085141539995675,success,,,True,True,-194441419.59702992,194441419.59702992,-17.84588575526008,17.84588575526008,-0.1784588575526008
27,20260843,long_shock_no_break,constant,long,shock,False,none,regularized_poisson,ceded,234723857.59745318,561194884.76305,795918742.360503,344606294.3129512,0.1,2.721034600999701,success,,,True,True,-216588590.45009875,216588590.45009875,-38.59418471740841,38.59418471740841,-0.3859418471740841
27,20260843,long_shock_no_break,constant,long,shock,False,none,regularized_poisson_break_interaction,gross,1278092929.1599915,1089558805.1140485,2367651734.2740397,895117383.3726776,0.01,3.133125853997626,success,,,True,True,-194441421.74137092,194441421.74137092,-17.845885952068276,17.845885952068276,-0.17845885952068274
27,20260843,long_shock_no_break,constant,long,shock,False,none,regularized_poisson_break_interaction,ceded,234723857.59745318,561194884.76305,795918742.360503,344606294.3129512,0.1,2.5406879580004897,success,,,True,True,-216588590.45009875,216588590.45009875,-38.59418471740841,38.59418471740841,-0.3859418471740841
27,20260843,long_stable_break,constant,long,stable,True,none,regularized_poisson,gross,1338369631.4939897,665893784.8470348,2004263416.3410242,863286859.1493584,0.0001,2.761117041001853,success,,,True,True,197393074.30232358,197393074.30232358,29.643327328496927,29.643327328496927,0.29643327328496927
27,20260843,long_stable_break,constant,long,stable,True,none,regularized_poisson,ceded,250470400.86134043,273521756.59783304,523992157.45917344,369774407.4617992,0.1,2.5959385140013183,success,,,True,True,96252650.86396617,96252650.86396617,35.19012602916602,35.19012602916602,0.3519012602916602
27,20260843,long_stable_break,constant,long,stable,True,none,regularized_poisson_break_interaction,gross,1338369631.4939897,665893784.8470348,2004263416.3410242,813243894.3912978,1.0,2.8661033950011188,success,,,True,True,147350109.544263,147350109.544263,22.12817012222323,22.12817012222323,0.2212817012222323
27,20260843,long_stable_break,constant,long,stable,True,none,regularized_poisson_break_interaction,ceded,250470400.86134043,273521756.59783304,523992157.45917344,244597945.7351351,1.0,4.332081505999668,success,,,True,True,-28923810.86269793,28923810.86269793,-10.574592391648554,10.574592391648554,-0.10574592391648555
27,20260843,long_emerging_break,constant,long,emerging,True,none,regularized_poisson,gross,1369231985.7863526,761865734.1144851,2131097719.9008374,933645034.3744496,0.01,2.7514806560029683,success,,,True,True,171779300.25996447,171779300.25996447,22.547188115714796,22.547188115714796,0.22547188115714795
27,20260843,long_emerging_break,constant,long,emerging,True,none,regularized_poisson,ceded,262807555.48537755,353410428.2791988,616217983.7645763,522314087.1899953,0.1,2.434279154000251,success,,,True,True,168903658.91079646,168903658.91079646,47.792494333913766,47.792494333913766,0.47792494333913765
27,20260843,long_emerging_break,constant,long,emerging,True,none,regularized_poisson_break_interaction,gross,1369231985.7863526,761865734.1144851,2131097719.9008374,926597564.472306,1.0,2.8250005430018064,success,,,True,True,164731830.35782087,164731830.35782087,21.622160307457364,21.622160307457364,0.21622160307457364
27,20260843,long_emerging_break,constant,long,emerging,True,none,regularized_poisson_break_interaction,ceded,262807555.48537755,353410428.2791988,616217983.7645763,314625027.40335953,1.0,3.425707224996586,success,,,True,True,-38785400.87583929,38785400.87583929,-10.974605663078602,10.974605663078602,-0.10974605663078602
27,20260843,long_shock_break,constant,long,shock,True,none,regularized_poisson,gross,1395707549.964386,857139762.9814484,2252847312.9458346,1125603531.519171,0.01,2.6977785149974807,success,,,True,True,268463768.5377226,268463768.5377226,31.320886059924057,31.320886059924057,0.3132088605992406
27,20260843,long_shock_break,constant,long,shock,True,none,regularized_poisson,ceded,272971731.1343161,435090220.70363057,708061951.8379467,624496891.901956,0.1,2.675259970998013,success,,,True,True,189406671.1983254,189406671.1983254,43.53273463421351,43.53273463421351,0.4353273463421351
27,20260843,long_shock_break,constant,long,shock,True,none,regularized_poisson_break_interaction,gross,1395707549.964386,857139762.9814484,2252847312.9458346,1044198361.5842037,1.0,2.6414993170001253,success,,,True,True,187058598.6027553,187058598.6027553,21.82358195028737,21.82358195028737,0.21823581950287368
27,20260843,long_shock_break,constant,long,shock,True,none,regularized_poisson_break_interaction,ceded,272971731.1343161,435090220.70363057,708061951.8379467,377210329.7292368,1.0,3.4863894090012764,success,,,True,True,-57879890.974393785,57879890.974393785,-13.302962976458094,13.302962976458094,-0.13302962976458094
28,20260844,short_stable_no_break,constant,short,stable,False,none,regularized_poisson,gross,1525661596.900667,130071257.585858,1655732854.4865248,101914954.43910795,0.01,2.0599281400027394,success,,,True,True,-28156303.146750048,28156303.146750048,-21.646829337499497,21.646829337499497,-0.21646829337499496
28,20260844,short_stable_no_break,constant,short,stable,False,none,regularized_poisson,ceded,248521845.7878559,62314503.85059279,310836349.6384487,41212452.45996363,0.001,1.8425677129998803,success,,,True,True,-21102051.390629165,21102051.390629165,-33.86378786104773,33.86378786104773,-0.33863787861047734
28,20260844,short_stable_no_break,constant,short,stable,False,none,regularized_poisson_break_interaction,gross,1525661596.900667,130071257.585858,1655732854.4865248,101914954.43914784,0.01,2.0897075300017605,success,,,True,True,-28156303.146710157,28156303.146710157,-21.646829337468827,21.646829337468827,-0.21646829337468826
28,20260844,short_stable_no_break,constant,short,stable,False,none,regularized_poisson_break_interaction,ceded,248521845.7878559,62314503.85059279,310836349.6384487,41212452.45996362,0.001,2.138657019000675,success,,,True,True,-21102051.390629172,21102051.390629172,-33.86378786104775,33.86378786104775,-0.33863787861047745
28,20260844,short_emerging_no_break,constant,short,emerging,False,none,regularized_poisson,gross,1550672221.3982053,144554464.3427375,1695226685.7409427,122097205.65030582,0.001,2.4671118200021738,success,,,True,True,-22457258.692431673,22457258.692431673,-15.535499920075585,15.535499920075585,-0.15535499920075585
28,20260844,short_emerging_no_break,constant,short,emerging,False,none,regularized_poisson,ceded,260609447.24578175,77732209.13579196,338341656.38157374,50774606.032480285,0.001,1.872133799999574,success,,,True,True,-26957603.103311673,26957603.103311673,-34.68009388002712,34.68009388002712,-0.34680093880027124
28,20260844,short_emerging_no_break,constant,short,emerging,False,none,regularized_poisson_break_interaction,gross,1550672221.3982053,144554464.3427375,1695226685.7409427,122097205.77003692,0.001,2.0930116190029366,success,,,True,True,-22457258.572700575,22457258.572700575,-15.535499837247912,15.535499837247912,-0.15535499837247913
28,20260844,short_emerging_no_break,constant,short,emerging,False,none,regularized_poisson_break_interaction,ceded,260609447.24578175,77732209.13579196,338341656.38157374,50774606.03387555,0.001,1.9073565190010413,success,,,True,True,-26957603.10191641,26957603.10191641,-34.680093878232164,34.680093878232164,-0.34680093878232165
28,20260844,short_shock_no_break,constant,short,shock,False,none,regularized_poisson,gross,1572514754.793467,162097058.64125526,1734611813.4347224,138567225.68539277,0.001,2.1847592729973258,success,,,True,True,-23529832.955862492,23529832.955862492,-14.515891375880848,14.515891375880848,-0.1451589137588085
28,20260844,short_shock_no_break,constant,short,shock,False,none,regularized_poisson,ceded,271889938.0403861,97906415.33349863,369796353.3738847,68527430.17728128,0.001,2.176666652001586,success,,,True,True,-29378985.15621735,29378985.15621735,-30.00721153577497,30.00721153577497,-0.3000721153577497
28,20260844,short_shock_no_break,constant,short,shock,False,none,regularized_poisson_break_interaction,gross,1572514754.793467,162097058.64125526,1734611813.4347224,138567225.685,0.001,2.3045417360008287,success,,,True,True,-23529832.956255257,23529832.956255257,-14.51589137612315,14.51589137612315,-0.1451589137612315
28,20260844,short_shock_no_break,constant,short,shock,False,none,regularized_poisson_break_interaction,ceded,271889938.0403861,97906415.33349863,369796353.3738847,68527430.16418234,0.001,2.3323321949974343,success,,,True,True,-29378985.16931629,29378985.16931629,-30.00721154915401,30.00721154915401,-0.3000721154915401
28,20260844,long_stable_no_break,constant,long,stable,False,none,regularized_poisson,gross,1216435364.9789364,715269395.3629525,1931704760.3418887,686907170.2582853,0.001,2.9616990700014867,success,,,True,True,-28362225.104667187,28362225.104667187,-3.9652507556646137,3.9652507556646137,-0.039652507556646135
28,20260844,long_stable_no_break,constant,long,stable,False,none,regularized_poisson,ceded,184604096.52921712,283540734.37113667,468144830.9003537,342218240.4595176,0.1,2.1945381270015787,success,,,True,True,58677506.08838093,58677506.08838093,20.694559537810832,20.694559537810832,0.2069455953781083
28,20260844,long_stable_no_break,constant,long,stable,False,none,regularized_poisson_break_interaction,gross,1216435364.9789364,715269395.3629525,1931704760.3418887,686906867.1452556,0.001,2.2795551249982964,success,,,True,True,-28362528.217696905,28362528.217696905,-3.9652931331285015,3.9652931331285015,-0.039652931331285016
28,20260844,long_stable_no_break,constant,long,stable,False,none,regularized_poisson_break_interaction,ceded,184604096.52921712,283540734.37113667,468144830.9003537,342218240.45951766,0.1,2.13589002399749,success,,,True,True,58677506.08838099,58677506.08838099,20.69455953781085,20.69455953781085,0.2069455953781085
28,20260844,long_emerging_no_break,constant,long,emerging,False,none,regularized_poisson,gross,1241845435.1575487,835693945.6206794,2077539380.778228,694867542.4871066,0.01,2.581622110999888,success,,,True,True,-140826403.13357282,140826403.13357282,-16.85143273701468,16.85143273701468,-0.1685143273701468
28,20260844,long_emerging_no_break,constant,long,emerging,False,none,regularized_poisson,ceded,192912848.0718561,390130644.5869427,583043492.6587988,477768398.85797054,0.1,2.2438940860010916,success,,,True,True,87637754.27102786,87637754.27102786,22.463694018145077,22.463694018145077,0.22463694018145075
28,20260844,long_emerging_no_break,constant,long,emerging,False,none,regularized_poisson_break_interaction,gross,1241845435.1575487,835693945.6206794,2077539380.778228,694867692.8468068,0.01,2.378510692000418,success,,,True,True,-140826252.7738726,140826252.7738726,-16.851414744817777,16.851414744817777,-0.16851414744817778
28,20260844,long_emerging_no_break,constant,long,emerging,False,none,regularized_poisson_break_interaction,ceded,192912848.0718561,390130644.5869427,583043492.6587988,477768399.30634606,0.1,2.164492285999586,success,,,True,True,87637754.71940339,87637754.71940339,22.463694133074657,22.463694133074657,0.22463694133074658
28,20260844,long_shock_no_break,constant,long,shock,False,none,regularized_poisson,gross,1263602272.5236697,940881857.9268727,2204484130.4505424,901056426.0809431,0.001,2.513157665001927,success,,,True,True,-39825431.84592962,39825431.84592962,-4.232777102715157,4.232777102715157,-0.042327771027151566
28,20260844,long_shock_no_break,constant,long,shock,False,none,regularized_poisson,ceded,199699076.63201603,484014588.919872,683713665.551888,521355421.4240811,0.1,2.4008521280011337,success,,,True,True,37340832.5042091,37340832.5042091,7.714815495032698,7.714815495032698,0.07714815495032698
28,20260844,long_shock_no_break,constant,long,shock,False,none,regularized_poisson_break_interaction,gross,1263602272.5236697,940881857.9268727,2204484130.4505424,901056079.621916,0.001,2.3637250720021257,success,,,True,True,-39825778.304956675,39825778.304956675,-4.232813925513272,4.232813925513272,-0.04232813925513273
28,20260844,long_shock_no_break,constant,long,shock,False,none,regularized_poisson_break_interaction,ceded,199699076.63201603,484014588.919872,683713665.551888,521355421.42408013,0.1,2.24794337899948,success,,,True,True,37340832.50420815,37340832.50420815,7.714815495032501,7.714815495032501,0.07714815495032501
28,20260844,long_stable_break,constant,long,stable,True,none,regularized_poisson,gross,1317001631.5796447,566308382.5568337,1883310014.136478,888484411.6686468,0.001,2.5393455429984897,success,,,True,True,322176029.11181307,322176029.11181307,56.89056334593106,56.89056334593106,0.5689056334593106
28,20260844,long_stable_break,constant,long,stable,True,none,regularized_poisson,ceded,215536000.43278524,215862813.93406266,431398814.36684793,478848566.4002178,0.1,2.2557604430003266,success,,,True,True,262985752.4661551,262985752.4661551,121.83003995606516,121.83003995606516,1.2183003995606516
28,20260844,long_stable_break,constant,long,stable,True,none,regularized_poisson_break_interaction,gross,1317001631.5796447,566308382.5568337,1883310014.136478,867054543.0164855,0.1,2.651628375002474,success,,,True,True,300746160.4596517,300746160.4596517,53.10642923945582,53.10642923945582,0.5310642923945582
28,20260844,long_stable_break,constant,long,stable,True,none,regularized_poisson_break_interaction,ceded,215536000.43278524,215862813.93406266,431398814.36684793,392836671.4654887,0.1,3.2422510579999653,success,,,True,True,176973857.531426,176973857.531426,81.98441144452252,81.98441144452252,0.8198441144452252
28,20260844,long_emerging_break,constant,long,emerging,True,none,regularized_poisson,gross,1346372859.7708485,649024592.3090057,1995397452.0798538,914329923.2084101,0.01,2.838691357999778,success,,,True,True,265305330.8994044,265305330.8994044,40.877546712912604,40.877546712912604,0.40877546712912605
28,20260844,long_emerging_break,constant,long,emerging,True,none,regularized_poisson,ceded,225842254.76056522,290834789.60206765,516677044.3626329,628320899.1923826,0.1,2.3712439260016254,success,,,True,True,337486109.5903149,337486109.5903149,116.04048815895705,116.04048815895705,1.1604048815895704
28,20260844,long_emerging_break,constant,long,emerging,True,none,regularized_poisson_break_interaction,gross,1346372859.7708485,649024592.3090057,1995397452.0798538,979942520.5428191,0.1,2.7161360979989695,success,,,True,True,330917928.2338134,330917928.2338134,50.986962921777966,50.986962921777966,0.5098696292177797
28,20260844,long_emerging_break,constant,long,emerging,True,none,regularized_poisson_break_interaction,ceded,225842254.76056522,290834789.60206765,516677044.3626329,542876025.7815259,0.1,3.3750707609979145,success,,,True,True,252041236.1794582,252041236.1794582,86.66130916604288,86.66130916604288,0.8666130916604289
28,20260844,long_shock_break,constant,long,shock,True,none,regularized_poisson,gross,1371519930.0962746,730183841.8742095,2101703771.9704843,1109339825.2707021,0.001,2.740313177000644,success,,,True,True,379155983.3964926,379155983.3964926,51.926098833314185,51.926098833314185,0.5192609883331418
28,20260844,long_shock_break,constant,long,shock,True,none,regularized_poisson,ceded,233582715.7325012,365739264.7311368,599321980.4636381,648236845.5651112,0.1,2.324178923998261,success,,,True,True,282497580.83397436,282497580.83397436,77.24015660217525,77.24015660217525,0.7724015660217525
28,20260844,long_shock_break,constant,long,shock,True,none,regularized_poisson_break_interaction,gross,1371519930.0962746,730183841.8742095,2101703771.9704843,1101390596.458499,0.1,2.935043482997571,success,,,True,True,371206754.58428943,371206754.58428943,50.83743754606913,50.83743754606913,0.5083743754606913
28,20260844,long_shock_break,constant,long,shock,True,none,regularized_poisson_break_interaction,ceded,233582715.7325012,365739264.7311368,599321980.4636381,561478961.2253159,0.1,3.3687725300005695,success,,,True,True,195739696.49417913,195739696.49417913,53.518917811045476,53.518917811045476,0.5351891781104547
29,20260845,short_stable_no_break,constant,short,stable,False,none,regularized_poisson,gross,1381273425.9603493,105743776.3705659,1487017202.330915,104641716.08685338,0.01,2.177238051997847,success,,,True,True,-1102060.2837125212,1102060.2837125212,-1.0421987199043166,1.0421987199043166,-0.010421987199043166
29,20260845,short_stable_no_break,constant,short,stable,False,none,regularized_poisson,ceded,244453200.0670494,56963023.1644543,301416223.23150367,63714776.08195171,0.001,1.8427861439995468,success,,,True,True,6751752.917497404,6751752.917497404,11.852869708134783,11.852869708134783,0.11852869708134783
29,20260845,short_stable_no_break,constant,short,stable,False,none,regularized_poisson_break_interaction,gross,1381273425.9603493,105743776.3705659,1487017202.330915,104641716.08688758,0.01,2.1212174979991687,success,,,True,True,-1102060.283678323,1102060.283678323,-1.0421987198719762,1.0421987198719762,-0.010421987198719762
29,20260845,short_stable_no_break,constant,short,stable,False,none,regularized_poisson_break_interaction,ceded,244453200.0670494,56963023.1644543,301416223.23150367,63714776.08195171,0.001,1.8239470539992908,success,,,True,True,6751752.917497404,6751752.917497404,11.852869708134783,11.852869708134783,0.11852869708134783
29,20260845,short_emerging_no_break,constant,short,emerging,False,none,regularized_poisson,gross,1402434780.9813876,117659817.94940495,1520094598.930792,89665129.17240828,0.001,2.2311565569980303,success,,,True,True,-27994688.776996672,27994688.776996672,-23.79290505874716,23.79290505874716,-0.2379290505874716
29,20260845,short_emerging_no_break,constant,short,emerging,False,none,regularized_poisson,ceded,256594382.939571,71148516.3041015,327742899.24367243,57718423.60001807,0.001,1.8344644179996976,success,,,True,True,-13430092.704083428,13430092.704083428,-18.876138817401063,18.876138817401063,-0.18876138817401064
29,20260845,short_emerging_no_break,constant,short,emerging,False,none,regularized_poisson_break_interaction,gross,1402434780.9813876,117659817.94940495,1520094598.930792,89665129.17241244,0.001,2.1436978620004083,success,,,True,True,-27994688.776992515,27994688.776992515,-23.792905058743628,23.792905058743628,-0.23792905058743627
29,20260845,short_emerging_no_break,constant,short,emerging,False,none,regularized_poisson_break_interaction,ceded,256594382.939571,71148516.3041015,327742899.24367243,57718423.60001889,0.001,1.930686412997602,success,,,True,True,-13430092.704082608,13430092.704082608,-18.876138817399912,18.876138817399912,-0.18876138817399912
29,20260845,short_shock_no_break,constant,short,shock,False,none,regularized_poisson,gross,1420292530.8191154,131983367.53074291,1552275898.3498583,104979807.71692087,0.0001,2.2030738739995286,success,,,True,True,-27003559.813822046,27003559.813822046,-20.459820293289685,20.459820293289685,-0.20459820293289685
29,20260845,short_shock_no_break,constant,short,shock,False,none,regularized_poisson,ceded,267488881.94015187,87437629.10602704,354926511.0461789,74229408.45251796,0.01,1.8833130080020055,success,,,True,True,-13208220.65350908,13208220.65350908,-15.10587694171438,15.10587694171438,-0.1510587694171438
29,20260845,short_shock_no_break,constant,short,shock,False,none,regularized_poisson_break_interaction,gross,1420292530.8191154,131983367.53074291,1552275898.3498583,104979839.9700391,0.0001,2.1727311390022805,success,,,True,True,-27003527.560703814,27003527.560703814,-20.459795856030023,20.459795856030023,-0.20459795856030025
29,20260845,short_shock_no_break,constant,short,shock,False,none,regularized_poisson_break_interaction,ceded,267488881.94015187,87437629.10602704,354926511.0461789,74229408.4525195,0.01,1.955630327000108,success,,,True,True,-13208220.65350753,13208220.65350753,-15.105876941712609,15.105876941712609,-0.1510587694171261
29,20260845,long_stable_no_break,constant,long,stable,False,none,regularized_poisson,gross,1097399994.792897,638435474.6701584,1735835469.4630554,717600043.5875843,0.001,2.4618324219991337,success,,,True,True,79164568.91742587,79164568.91742587,12.399776024088494,12.399776024088494,0.12399776024088494
29,20260845,long_stable_no_break,constant,long,stable,False,none,regularized_poisson,ceded,160487973.66532907,290019944.5808143,450507918.2461434,657152066.3550072,0.1,2.01081767299911,success,,,True,True,367132121.77419287,367132121.77419287,126.58857731485816,126.58857731485816,1.2658857731485815
29,20260845,long_stable_no_break,constant,long,stable,False,none,regularized_poisson_break_interaction,gross,1097399994.792897,638435474.6701584,1735835469.4630554,717599788.8601347,0.001,2.343159130999993,success,,,True,True,79164314.18997633,79164314.18997633,12.399736125389307,12.399736125389307,0.12399736125389307
29,20260845,long_stable_no_break,constant,long,stable,False,none,regularized_poisson_break_interaction,ceded,160487973.66532907,290019944.5808143,450507918.2461434,657152066.3550072,0.1,2.0219337069975154,success,,,True,True,367132121.77419287,367132121.77419287,126.58857731485816,126.58857731485816,1.2658857731485815
29,20260845,long_emerging_no_break,constant,long,emerging,False,none,regularized_poisson,gross,1121519009.374872,745015080.9615617,1866534090.336434,691967683.8939275,0.01,2.5792286079995392,success,,,True,True,-53047397.067634225,53047397.067634225,-7.1203118464619575,7.1203118464619575,-0.07120311846461957
29,20260845,long_emerging_no_break,constant,long,emerging,False,none,regularized_poisson,ceded,169030917.95902392,381484844.30180925,550515762.2608331,1010217315.4846836,0.1,2.1538191420004296,success,,,True,True,628732471.1828744,628732471.1828744,164.81191338900396,164.81191338900396,1.6481191338900396
29,20260845,long_emerging_no_break,constant,long,emerging,False,none,regularized_poisson_break_interaction,gross,1121519009.374872,745015080.9615617,1866534090.336434,691967320.9198266,0.01,2.3415357599988056,success,,,True,True,-53047760.04173505,53047760.04173505,-7.120360566831533,7.120360566831533,-0.07120360566831532
29,20260845,long_emerging_no_break,constant,long,emerging,False,none,regularized_poisson_break_interaction,ceded,169030917.95902392,381484844.30180925,550515762.2608331,1010217316.9173648,0.1,2.1449455859983573,success,,,True,True,628732472.6155555,628732472.6155555,164.81191376455783,164.81191376455783,1.6481191376455782
29,20260845,long_shock_no_break,constant,long,shock,False,none,regularized_poisson,gross,1141669158.5810294,838779217.8170916,1980448376.3981209,808351659.054936,0.01,2.5881346510032017,success,,,True,True,-30427558.762155533,30427558.762155533,-3.6276004597899703,3.6276004597899703,-0.0362760045978997
29,20260845,long_shock_no_break,constant,long,shock,False,none,regularized_poisson,ceded,175869762.3696588,461340465.36553705,637210227.735196,959487327.8116395,0.1,2.12877901200045,success,,,True,True,498146862.4461025,498146862.4461025,107.9781419241866,107.9781419241866,1.079781419241866
29,20260845,long_shock_no_break,constant,long,shock,False,none,regularized_poisson_break_interaction,gross,1141669158.5810294,838779217.8170916,1980448376.3981209,808351636.8527875,0.01,2.4858570260003034,success,,,True,True,-30427580.96430409,30427580.96430409,-3.6276031067497527,3.6276031067497527,-0.03627603106749753
29,20260845,long_shock_no_break,constant,long,shock,False,none,regularized_poisson_break_interaction,ceded,175869762.3696588,461340465.36553705,637210227.735196,959487327.8116313,0.1,2.1439879419995123,success,,,True,True,498146862.4460943,498146862.4460943,107.97814192418483,107.97814192418483,1.0797814192418482
29,20260845,long_stable_break,constant,long,stable,True,none,regularized_poisson,gross,1197656712.8188295,493079029.0703968,1690735741.8892262,839418412.114601,0.01,2.3997283940007037,success,,,True,True,346339383.04420424,346339383.04420424,70.24013649437876,70.24013649437876,0.7024013649437876
29,20260845,long_stable_break,constant,long,stable,True,none,regularized_poisson,ceded,192031534.39799485,225852297.40184218,417883831.79983705,843960864.1215487,0.1,2.0761093709988927,success,,,True,True,618108566.7197065,618108566.7197065,273.67822857252236,273.67822857252236,2.7367822857252233
29,20260845,long_stable_break,constant,long,stable,True,none,regularized_poisson_break_interaction,gross,1197656712.8188295,493079029.0703968,1690735741.8892262,785199974.7097542,1.0,2.644818602999294,success,,,True,True,292120945.63935745,292120945.63935745,59.24424451595394,59.24424451595394,0.5924424451595394
29,20260845,long_stable_break,constant,long,stable,True,none,regularized_poisson_break_interaction,ceded,192031534.39799485,225852297.40184218,417883831.79983705,649052059.4848683,0.1,3.1878428050004004,success,,,True,True,423199762.0830261,423199762.0830261,187.3789936836721,187.3789936836721,1.8737899368367208
29,20260845,long_emerging_break,constant,long,emerging,True,none,regularized_poisson,gross,1225403329.15232,565019115.9561379,1790422445.108458,826882265.6406286,0.01,2.794692136998492,success,,,True,True,261863149.68449068,261863149.68449068,46.345892075060156,46.345892075060156,0.4634589207506016
29,20260845,long_emerging_break,constant,long,emerging,True,none,regularized_poisson,ceded,204233534.7641881,289092639.0409425,493326173.80513054,1225389612.981331,0.1,2.25541254899872,success,,,True,True,936296973.9403887,936296973.9403887,323.8743736424871,323.8743736424871,3.2387437364248712
29,20260845,long_emerging_break,constant,long,emerging,True,none,regularized_poisson_break_interaction,gross,1225403329.15232,565019115.9561379,1790422445.108458,871775153.4154878,1.0,2.9716832070007513,success,,,True,True,306756037.4593499,306756037.4593499,54.291267108768615,54.291267108768615,0.5429126710876861
29,20260845,long_emerging_break,constant,long,emerging,True,none,regularized_poisson_break_interaction,ceded,204233534.7641881,289092639.0409425,493326173.80513054,974255730.503552,0.1,3.2781201480029267,success,,,True,True,685163091.4626095,685163091.4626095,237.00468255975687,237.00468255975687,2.370046825597569
29,20260845,long_shock_break,constant,long,shock,True,none,regularized_poisson,gross,1248498506.0248497,635669401.7649539,1884167907.7898035,979124001.5726007,0.01,2.815145088999998,success,,,True,True,343454599.8076469,343454599.8076469,54.03038102102061,54.03038102102061,0.5403038102102061
29,20260845,long_shock_break,constant,long,shock,True,none,regularized_poisson,ceded,214247610.43856177,351201311.80938095,565448922.2479427,1185480516.0724416,0.1,2.2236857539974153,success,,,True,True,834279204.2630606,834279204.2630606,237.55013896869394,237.55013896869394,2.3755013896869395
29,20260845,long_shock_break,constant,long,shock,True,none,regularized_poisson_break_interaction,gross,1248498506.0248497,635669401.7649539,1884167907.7898035,953425385.7293372,1.0,2.9068440070004726,success,,,True,True,317755983.96438336,317755983.96438336,49.98761668913511,49.98761668913511,0.49987616689135106
29,20260845,long_shock_break,constant,long,shock,True,none,regularized_poisson_break_interaction,ceded,214247610.43856177,351201311.80938095,565448922.2479427,951292792.88784,0.1,3.2214756139983365,success,,,True,True,600091481.078459,600091481.078459,170.86823451393212,170.86823451393212,1.7086823451393212
30,20260846,short_stable_no_break,constant,short,stable,False,none,regularized_poisson,gross,1453473522.7651565,120655934.49988824,1574129457.2650447,98954836.77313909,0.001,2.078214544999355,success,,,True,True,-21701097.726749152,21701097.726749152,-17.985934812654616,17.985934812654616,-0.17985934812654616
30,20260846,short_stable_no_break,constant,short,stable,False,none,regularized_poisson,ceded,228030114.94224325,62387330.11787935,290417445.0601226,40938572.29613238,0.001,1.8342705550021492,success,,,True,True,-21448757.821746975,21448757.821746975,-34.37998994542652,34.37998994542652,-0.34379989945426526
30,20260846,short_stable_no_break,constant,short,stable,False,none,regularized_poisson_break_interaction,gross,1453473522.7651565,120655934.49988824,1574129457.2650447,98954836.77329111,0.001,2.1797713539999677,success,,,True,True,-21701097.72659713,21701097.72659713,-17.98593481252862,17.98593481252862,-0.1798593481252862
30,20260846,short_stable_no_break,constant,short,stable,False,none,regularized_poisson_break_interaction,ceded,228030114.94224325,62387330.11787935,290417445.0601226,40938572.29614043,0.001,1.9070441740004753,success,,,True,True,-21448757.82173892,21448757.82173892,-34.37998994541361,34.37998994541361,-0.34379989945413614
30,20260846,short_emerging_no_break,constant,short,emerging,False,none,regularized_poisson,gross,1478472527.2836914,133967662.78688279,1612440190.070574,130116411.36565594,0.001,2.109628882000834,success,,,True,True,-3851251.421226844,3851251.421226844,-2.874761969501145,2.874761969501145,-0.02874761969501145
30,20260846,short_emerging_no_break,constant,short,emerging,False,none,regularized_poisson,ceded,240371256.82662126,77296777.61764812,317668034.4442694,69489141.49736303,0.001,1.8563858150009764,success,,,True,True,-7807636.120285094,7807636.120285094,-10.100855897131838,10.100855897131838,-0.10100855897131839
30,20260846,short_emerging_no_break,constant,short,emerging,False,none,regularized_poisson_break_interaction,gross,1478472527.2836914,133967662.78688279,1612440190.070574,130116411.34205432,0.001,2.1716697459996794,success,,,True,True,-3851251.4448284656,3851251.4448284656,-2.874761987118547,2.874761987118547,-0.02874761987118547
30,20260846,short_emerging_no_break,constant,short,emerging,False,none,regularized_poisson_break_interaction,ceded,240371256.82662126,77296777.61764812,317668034.4442694,69489141.49933559,0.001,2.095300139997562,success,,,True,True,-7807636.118312538,7807636.118312538,-10.100855894579913,10.100855894579913,-0.10100855894579913
30,20260846,short_shock_no_break,constant,short,shock,False,none,regularized_poisson,gross,1500545301.095295,150188914.14911425,1650734215.2444093,146167947.645123,0.001,2.058043662000273,success,,,True,True,-4020966.503991246,4020966.503991246,-2.6772725049460386,2.6772725049460386,-0.026772725049460384
30,20260846,short_shock_no_break,constant,short,shock,False,none,regularized_poisson,ceded,252161589.74753386,96643206.08115312,348804795.82868695,88973309.37558103,0.001,1.9038101869991806,success,,,True,True,-7669896.7055720985,7669896.7055720985,-7.936302008784292,7.936302008784292,-0.07936302008784292
30,20260846,short_shock_no_break,constant,short,shock,False,none,regularized_poisson_break_interaction,gross,1500545301.095295,150188914.14911425,1650734215.2444093,146167944.25574434,0.001,2.24973038600001,success,,,True,True,-4020969.893369913,4020969.893369913,-2.677274761689611,2.677274761689611,-0.02677274761689611
30,20260846,short_shock_no_break,constant,short,shock,False,none,regularized_poisson_break_interaction,ceded,252161589.74753386,96643206.08115312,348804795.82868695,88973309.37441525,0.001,2.0133653470002173,success,,,True,True,-7669896.706737876,7669896.706737876,-7.936302009990562,7.936302009990562,-0.07936302009990562
30,20260846,long_stable_no_break,constant,long,stable,False,none,regularized_poisson,gross,1142921950.832036,690814542.0379773,1833736492.8700135,623626781.0299536,0.001,2.51299242299865,success,,,True,True,-67187761.00802374,67187761.00802374,-9.725875313772725,9.725875313772725,-0.09725875313772725
30,20260846,long_stable_no_break,constant,long,stable,False,none,regularized_poisson,ceded,156192251.24879923,281357250.1070676,437549501.35586685,164895632.56512383,1.0,2.4132883479978773,success,,,True,True,-116461617.54194376,116461617.54194376,-41.39279065942871,41.39279065942871,-0.41392790659428713
30,20260846,long_stable_no_break,constant,long,stable,False,none,regularized_poisson_break_interaction,gross,1142921950.832036,690814542.0379773,1833736492.8700135,623626435.4545662,0.001,2.2605851529988286,success,,,True,True,-67188106.5834111,67188106.5834111,-9.725925338108683,9.725925338108683,-0.09725925338108683
30,20260846,long_stable_no_break,constant,long,stable,False,none,regularized_poisson_break_interaction,ceded,156192251.24879923,281357250.1070676,437549501.35586685,164895632.56512386,1.0,2.153339036998659,success,,,True,True,-116461617.54194373,116461617.54194373,-41.392790659428705,41.392790659428705,-0.413927906594287
30,20260846,long_emerging_no_break,constant,long,emerging,False,none,regularized_poisson,gross,1166920127.5973678,805568290.9158988,1972488418.5132658,740337266.3204364,0.001,2.572142494998843,success,,,True,True,-65231024.59546244,65231024.59546244,-8.097516415560174,8.097516415560174,-0.08097516415560174
30,20260846,long_emerging_no_break,constant,long,emerging,False,none,regularized_poisson,ceded,162936602.0709188,382295881.0432883,545232483.1142071,201272063.3291722,1.0,2.154560021001089,success,,,True,True,-181023817.7141161,181023817.7141161,-47.35175728812478,47.35175728812478,-0.4735175728812478
30,20260846,long_emerging_no_break,constant,long,emerging,False,none,regularized_poisson_break_interaction,gross,1166920127.5973678,805568290.9158988,1972488418.5132658,740340463.7966055,0.001,2.5132998320004845,success,,,True,True,-65227827.11929333,65227827.11929333,-8.09711949375911,8.09711949375911,-0.08097119493759108
30,20260846,long_emerging_no_break,constant,long,emerging,False,none,regularized_poisson_break_interaction,ceded,162936602.0709188,382295881.0432883,545232483.1142071,201272063.3291722,1.0,2.11185841599945,success,,,True,True,-181023817.7141161,181023817.7141161,-47.35175728812478,47.35175728812478,-0.4735175728812478
30,20260846,long_shock_no_break,constant,long,shock,False,none,regularized_poisson,gross,1187855556.1525638,906917778.9163955,2094773335.0689595,870045130.2801442,0.001,2.630346083002223,success,,,True,True,-36872648.63625133,36872648.63625133,-4.065710199253955,4.065710199253955,-0.04065710199253955
30,20260846,long_shock_no_break,constant,long,shock,False,none,regularized_poisson,ceded,168550492.33794647,471111242.75754035,639661735.0954868,231110674.74819332,1.0,2.189535588000581,success,,,True,True,-240000568.00934702,240000568.00934702,-50.943502558877476,50.943502558877476,-0.5094350255887747
30,20260846,long_shock_no_break,constant,long,shock,False,none,regularized_poisson_break_interaction,gross,1187855556.1525638,906917778.9163955,2094773335.0689595,870044150.4168226,0.001,2.3765370699984487,success,,,True,True,-36873628.49957299,36873628.49957299,-4.065818242490558,4.065818242490558,-0.04065818242490558
30,20260846,long_shock_no_break,constant,long,shock,False,none,regularized_poisson_break_interaction,ceded,168550492.33794647,471111242.75754035,639661735.0954868,231110674.74819332,1.0,2.097858659999474,success,,,True,True,-240000568.00934702,240000568.00934702,-50.943502558877476,50.943502558877476,-0.5094350255887747
30,20260846,long_stable_break,constant,long,stable,True,none,regularized_poisson,gross,1240228802.2119026,547004785.4747375,1787233587.6866405,775546125.9165912,0.001,2.57139783599996,success,,,True,True,228541340.44185364,228541340.44185364,41.78050110539818,41.78050110539818,0.41780501105398177
30,20260846,long_stable_break,constant,long,stable,True,none,regularized_poisson,ceded,182179549.06632173,219982674.7681759,402162223.83449763,234130770.31895483,1.0,2.094601908000186,success,,,True,True,14148095.550778925,14148095.550778925,6.431459007255275,6.431459007255275,0.06431459007255275
30,20260846,long_stable_break,constant,long,stable,True,none,regularized_poisson_break_interaction,gross,1240228802.2119026,547004785.4747375,1787233587.6866405,760121002.9755231,0.1,2.5221393649990205,success,,,True,True,213116217.5007856,213116217.5007856,38.96057642636986,38.96057642636986,0.3896057642636986
30,20260846,long_stable_break,constant,long,stable,True,none,regularized_poisson_break_interaction,ceded,182179549.06632173,219982674.7681759,402162223.83449763,200810625.7623398,1.0,3.1021964640021906,success,,,True,True,-19172049.0058361,19172049.0058361,-8.71525406536681,8.71525406536681,-0.0871525406536681
30,20260846,long_emerging_break,constant,long,emerging,True,none,regularized_poisson,gross,1268168623.1553185,625499222.5128746,1893667845.6681926,829303878.5661439,0.01,2.811189332998765,success,,,True,True,203804656.05326927,203804656.05326927,32.582719325294505,32.582719325294505,0.32582719325294507
30,20260846,long_emerging_break,constant,long,emerging,True,none,regularized_poisson,ceded,191005215.60268074,291157767.08729905,482162982.68997973,292419150.5836115,1.0,2.27106452299995,success,,,True,True,1261383.4963124394,1261383.4963124394,0.433230241092704,0.433230241092704,0.00433230241092704
30,20260846,long_emerging_break,constant,long,emerging,True,none,regularized_poisson_break_interaction,gross,1268168623.1553185,625499222.5128746,1893667845.6681926,878350187.7523077,0.1,2.9241294490020664,success,,,True,True,252850965.23943305,252850965.23943305,40.42386563225962,40.42386563225962,0.4042386563225962
30,20260846,long_emerging_break,constant,long,emerging,True,none,regularized_poisson_break_interaction,ceded,191005215.60268074,291157767.08729905,482162982.68997973,249336715.07880816,1.0,3.241384035001829,success,,,True,True,-41821052.00849089,41821052.00849089,-14.363708180229143,14.363708180229143,-0.14363708180229143
30,20260846,long_shock_break,constant,long,shock,True,none,regularized_poisson,gross,1292588377.358778,703654415.0465567,1996242792.4053347,1040154562.6411822,0.001,2.7836771069996757,success,,,True,True,336500147.5946255,336500147.5946255,47.82179154981373,47.82179154981373,0.4782179154981373
30,20260846,long_shock_break,constant,long,shock,True,none,regularized_poisson,ceded,198363394.30452785,362164258.8152297,560527653.1197577,341331072.230078,1.0,2.2281336859996372,success,,,True,True,-20833186.585151732,20833186.585151732,-5.752413739915866,5.752413739915866,-0.05752413739915866
30,20260846,long_shock_break,constant,long,shock,True,none,regularized_poisson_break_interaction,gross,1292588377.358778,703654415.0465567,1996242792.4053347,1009965643.0081908,0.1,2.703993773997354,success,,,True,True,306311227.96163404,306311227.96163404,43.53148668034254,43.53148668034254,0.4353148668034254
30,20260846,long_shock_break,constant,long,shock,True,none,regularized_poisson_break_interaction,ceded,198363394.30452785,362164258.8152297,560527653.1197577,293032324.01398903,1.0,3.2302067000018724,success,,,True,True,-69131934.80124068,69131934.80124068,-19.088558055782823,19.088558055782823,-0.19088558055782823
31,20260847,short_stable_no_break,constant,short,stable,False,none,regularized_poisson,gross,1677936473.6025279,122081952.54001437,1800018426.142542,132173121.6179857,0.0001,1.9942683610024687,success,,,True,True,10091169.077971324,10091169.077971324,8.265897512299189,8.265897512299189,0.08265897512299189
31,20260847,short_stable_no_break,constant,short,stable,False,none,regularized_poisson,ceded,333827622.47373134,57760920.24673401,391588542.7204653,61299067.46475671,0.001,1.8434971099995892,success,,,True,True,3538147.218022704,3538147.218022704,6.125503546184866,6.125503546184866,0.06125503546184866
31,20260847,short_stable_no_break,constant,short,stable,False,none,regularized_poisson_break_interaction,gross,1677936473.6025279,122081952.54001437,1800018426.142542,132173121.60241508,0.0001,2.048079518001032,success,,,True,True,10091169.062400714,10091169.062400714,8.26589749954496,8.26589749954496,0.08265897499544961
31,20260847,short_stable_no_break,constant,short,stable,False,none,regularized_poisson_break_interaction,ceded,333827622.47373134,57760920.24673401,391588542.7204653,61299067.464690484,0.001,2.013592740000604,success,,,True,True,3538147.217956476,3538147.217956476,6.125503546070207,6.125503546070207,0.06125503546070207
31,20260847,short_emerging_no_break,constant,short,emerging,False,none,regularized_poisson,gross,1708242367.4399233,135553905.77080107,1843796273.2107246,156172764.62066832,0.0001,2.0835378219999257,success,,,True,True,20618858.849867254,20618858.849867254,15.21081870169812,15.21081870169812,0.1521081870169812
31,20260847,short_emerging_no_break,constant,short,emerging,False,none,regularized_poisson,ceded,348627481.4404566,73102486.68446147,421729968.1249181,63050999.660538,0.01,1.9304059740024968,success,,,True,True,-10051487.023923472,10051487.023923472,-13.749856509409272,13.749856509409272,-0.13749856509409272
31,20260847,short_emerging_no_break,constant,short,emerging,False,none,regularized_poisson_break_interaction,gross,1708242367.4399233,135553905.77080107,1843796273.2107246,156172764.63909,0.0001,2.1717155939986696,success,,,True,True,20618858.868288934,20618858.868288934,15.210818715288049,15.210818715288049,0.1521081871528805
31,20260847,short_emerging_no_break,constant,short,emerging,False,none,regularized_poisson_break_interaction,ceded,348627481.4404566,73102486.68446147,421729968.1249181,63050999.66055648,0.01,1.9333732320010313,success,,,True,True,-10051487.023904994,10051487.023904994,-13.749856509383996,13.749856509383996,-0.13749856509383995
31,20260847,short_shock_no_break,constant,short,shock,False,none,regularized_poisson,gross,1735115822.1452506,151978119.49120846,1887093941.636459,178114068.88733998,0.0001,2.2198206009998103,success,,,True,True,26135949.396131516,26135949.396131516,17.197179096326042,17.197179096326042,0.17197179096326043
31,20260847,short_shock_no_break,constant,short,shock,False,none,regularized_poisson,ceded,362170816.40541357,93300270.72113782,455471087.1265514,86176509.65033945,0.1,1.9070718430011766,success,,,True,True,-7123761.070798367,7123761.070798367,-7.635305895403399,7.635305895403399,-0.07635305895403399
31,20260847,short_shock_no_break,constant,short,shock,False,none,regularized_poisson_break_interaction,gross,1735115822.1452506,151978119.49120846,1887093941.636459,178114107.93873984,0.0001,2.1037033009997685,success,,,True,True,26135988.447531372,26135988.447531372,17.197204791735345,17.197204791735345,0.17197204791735346
31,20260847,short_shock_no_break,constant,short,shock,False,none,regularized_poisson_break_interaction,ceded,362170816.40541357,93300270.72113782,455471087.1265514,86176509.65033945,0.1,1.9413926870001887,success,,,True,True,-7123761.070798367,7123761.070798367,-7.635305895403399,7.635305895403399,-0.07635305895403399
31,20260847,long_stable_no_break,constant,long,stable,False,none,regularized_poisson,gross,1285749764.9783924,812802346.8376273,2098552111.8160193,843075324.959145,0.0001,2.2838023440017423,success,,,True,True,30272978.12151766,30272978.12151766,3.724519034584586,3.724519034584586,0.03724519034584586
31,20260847,long_stable_no_break,constant,long,stable,False,none,regularized_poisson,ceded,225935057.11198,332551525.6775034,558486582.7894834,433463715.44596124,0.1,2.1125884959983523,success,,,True,True,100912189.76845783,100912189.76845783,30.344828387983057,30.344828387983057,0.3034482838798306
31,20260847,long_stable_no_break,constant,long,stable,False,none,regularized_poisson_break_interaction,gross,1285749764.9783924,812802346.8376273,2098552111.8160193,843075215.5029587,0.0001,2.2699331429976155,success,,,True,True,30272868.665331364,30272868.665331364,3.724505568065116,3.724505568065116,0.03724505568065116
31,20260847,long_stable_no_break,constant,long,stable,False,none,regularized_poisson_break_interaction,ceded,225935057.11198,332551525.6775034,558486582.7894834,433463715.4456732,0.1,2.0721085160002986,success,,,True,True,100912189.76816982,100912189.76816982,30.344828387896456,30.344828387896456,0.30344828387896455
31,20260847,long_emerging_no_break,constant,long,emerging,False,none,regularized_poisson,gross,1314290812.1582818,946591100.182494,2260881912.3407764,910348030.1641673,0.0001,2.5868905300012557,success,,,True,True,-36243070.01832676,36243070.01832676,-3.828798940887933,3.828798940887933,-0.03828798940887933
31,20260847,long_emerging_no_break,constant,long,emerging,False,none,regularized_poisson,ceded,235475170.76702946,445372841.2537738,680848012.0208032,549129547.0900766,0.1,2.283908817000338,success,,,True,True,103756705.83630276,103756705.83630276,23.296594723696256,23.296594723696256,0.23296594723696254
31,20260847,long_emerging_no_break,constant,long,emerging,False,none,regularized_poisson_break_interaction,gross,1314290812.1582818,946591100.182494,2260881912.3407764,910348452.8747311,0.0001,2.3304316569992807,success,,,True,True,-36242647.30776298,36242647.30776298,-3.828754284798973,3.828754284798973,-0.03828754284798973
31,20260847,long_emerging_no_break,constant,long,emerging,False,none,regularized_poisson_break_interaction,ceded,235475170.76702946,445372841.2537738,680848012.0208032,549129547.2822263,0.1,2.1915401619990007,success,,,True,True,103756706.02845252,103756706.02845252,23.296594766839824,23.296594766839824,0.23296594766839826
31,20260847,long_shock_no_break,constant,long,shock,False,none,regularized_poisson,gross,1339241057.1612883,1065642248.7398392,2404883305.9011273,1087432646.3532655,0.0001,2.593860297998617,success,,,True,True,21790397.613426328,21790397.613426328,2.0448135984843194,2.0448135984843194,0.020448135984843192
31,20260847,long_shock_no_break,constant,long,shock,False,none,regularized_poisson,ceded,243476673.5463041,545882603.4409287,789359276.9872327,587884118.8633728,0.1,2.0918411959974037,success,,,True,True,42001515.422444105,42001515.422444105,7.694239596149577,7.694239596149577,0.07694239596149577
31,20260847,long_shock_no_break,constant,long,shock,False,none,regularized_poisson_break_interaction,gross,1339241057.1612883,1065642248.7398392,2404883305.9011273,1087433315.5583272,0.0001,2.3916620449999755,success,,,True,True,21791066.818488,21791066.818488,2.0448763967698103,2.0448763967698103,0.0204487639676981
31,20260847,long_shock_no_break,constant,long,shock,False,none,regularized_poisson_break_interaction,ceded,243476673.5463041,545882603.4409287,789359276.9872327,587884118.8599536,0.1,2.085027454999363,success,,,True,True,42001515.419024944,42001515.419024944,7.694239595523222,7.694239595523222,0.07694239595523222
31,20260847,long_stable_break,constant,long,stable,True,none,regularized_poisson,gross,1398775385.707623,646223455.3267366,2044998841.0343597,1010712777.721665,0.0001,2.492016121999768,success,,,True,True,364489322.39492846,364489322.39492846,56.402985591205336,56.402985591205336,0.5640298559120533
31,20260847,long_stable_break,constant,long,stable,True,none,regularized_poisson,ceded,259237748.31542376,260791367.4203238,520029115.7357475,485832199.77908295,0.1,2.23691665199658,success,,,True,True,225040832.35875916,225040832.35875916,86.29151899650704,86.29151899650704,0.8629151899650703
31,20260847,long_stable_break,constant,long,stable,True,none,regularized_poisson_break_interaction,gross,1398775385.707623,646223455.3267366,2044998841.0343597,942646432.0223601,1.0,2.5042288500008,success,,,True,True,296422976.6956235,296422976.6956235,45.87004297851574,45.87004297851574,0.4587004297851574
31,20260847,long_stable_break,constant,long,stable,True,none,regularized_poisson_break_interaction,ceded,259237748.31542376,260791367.4203238,520029115.7357475,375201281.52419406,0.1,3.104757242999767,success,,,True,True,114409914.10387027,114409914.10387027,43.87028421821687,43.87028421821687,0.43870284218216865
31,20260847,long_emerging_break,constant,long,emerging,True,none,regularized_poisson,gross,1432059271.4387395,738012142.2479068,2170071413.6866465,1101892857.3441389,0.0001,2.70986295900002,success,,,True,True,363880715.09623206,363880715.09623206,49.30551873955487,49.30551873955487,0.4930551873955487
31,20260847,long_emerging_break,constant,long,emerging,True,none,regularized_poisson,ceded,270632193.354821,340746313.9475435,611378507.3023645,583149294.4333082,0.1,2.274821453996992,success,,,True,True,242402980.48576474,242402980.48576474,71.13884158496919,71.13884158496919,0.7113884158496919
31,20260847,long_emerging_break,constant,long,emerging,True,none,regularized_poisson_break_interaction,gross,1432059271.4387395,738012142.2479068,2170071413.6866465,1071407428.3317783,1.0,2.729485701998783,success,,,True,True,333395286.0838715,333395286.0838715,45.1747697630536,45.1747697630536,0.45174769763053596
31,20260847,long_emerging_break,constant,long,emerging,True,none,regularized_poisson_break_interaction,ceded,270632193.354821,340746313.9475435,611378507.3023645,497646603.46340674,0.1,3.104491007001343,success,,,True,True,156900289.51586324,156900289.51586324,46.04607096058489,46.04607096058489,0.4604607096058489
31,20260847,long_shock_break,constant,long,shock,True,none,regularized_poisson,gross,1461278714.2151167,830176970.9717033,2291455685.18682,1305995851.7889416,0.0001,2.6496907679975266,success,,,True,True,475818880.81723833,475818880.81723833,57.31535533445394,57.31535533445394,0.5731535533445394
31,20260847,long_shock_break,constant,long,shock,True,none,regularized_poisson,ceded,280727385.8354254,420737137.6768234,701464523.5122488,658590719.1551225,0.1,2.242325087001518,success,,,True,True,237853581.47829914,237853581.47829914,56.53258535522938,56.53258535522938,0.5653258535522938
31,20260847,long_shock_break,constant,long,shock,True,none,regularized_poisson_break_interaction,gross,1461278714.2151167,830176970.9717033,2291455685.18682,1209888263.3454306,1.0,2.6825649709971913,success,,,True,True,379711292.3737273,379711292.3737273,45.73859618501388,45.73859618501388,0.45738596185013886
31,20260847,long_shock_break,constant,long,shock,True,none,regularized_poisson_break_interaction,ceded,280727385.8354254,420737137.6768234,701464523.5122488,441028675.73600805,1.0,3.128037349000806,success,,,True,True,20291538.05918467,20291538.05918467,4.822854044030458,4.822854044030458,0.04822854044030458
32,20260848,short_stable_no_break,constant,short,stable,False,none,regularized_poisson,gross,1626457376.0486395,110584025.71817082,1737041401.7668102,119059981.62805781,0.01,2.1508589779987233,success,,,True,True,8475955.909886986,8475955.909886986,7.664719976362955,7.664719976362955,0.07664719976362955
32,20260848,short_stable_no_break,constant,short,stable,False,none,regularized_poisson,ceded,303273594.5465333,46887955.63871187,350161550.18524516,51199304.86941618,0.001,1.8727399579984194,success,,,True,True,4311349.230704308,4311349.230704308,9.195003646404984,9.195003646404984,0.09195003646404984
32,20260848,short_stable_no_break,constant,short,stable,False,none,regularized_poisson_break_interaction,gross,1626457376.0486395,110584025.71817082,1737041401.7668102,119059981.62771735,0.01,2.0722725880004873,success,,,True,True,8475955.909546524,8475955.909546524,7.664719976055078,7.664719976055078,0.07664719976055079
32,20260848,short_stable_no_break,constant,short,stable,False,none,regularized_poisson_break_interaction,ceded,303273594.5465333,46887955.63871187,350161550.18524516,51199304.86941621,0.001,1.8929525929997908,success,,,True,True,4311349.230704337,4311349.230704337,9.195003646405048,9.195003646405048,0.09195003646405048
32,20260848,short_emerging_no_break,constant,short,emerging,False,none,regularized_poisson,gross,1654011954.9313507,122719052.61469321,1776731007.5460436,137972356.64515644,0.001,2.1604652189998887,success,,,True,True,15253304.030463234,15253304.030463234,12.429450607278358,12.429450607278358,0.12429450607278358
32,20260848,short_emerging_no_break,constant,short,emerging,False,none,regularized_poisson,ceded,315480822.43127525,59611145.25632675,375091967.6876019,68324055.33956054,0.001,1.910510104997229,success,,,True,True,8712910.083233789,8712910.083233789,14.616243398392106,14.616243398392106,0.14616243398392106
32,20260848,short_emerging_no_break,constant,short,emerging,False,none,regularized_poisson_break_interaction,gross,1654011954.9313507,122719052.61469321,1776731007.5460436,137972356.6372834,0.001,2.1513101140008075,success,,,True,True,15253304.022590205,15253304.022590205,12.429450600862868,12.429450600862868,0.12429450600862868
32,20260848,short_emerging_no_break,constant,short,emerging,False,none,regularized_poisson_break_interaction,ceded,315480822.43127525,59611145.25632675,375091967.6876019,68324055.33955982,0.001,2.0007517759986513,success,,,True,True,8712910.083233073,8712910.083233073,14.616243398390907,14.616243398390907,0.14616243398390907
32,20260848,short_shock_no_break,constant,short,shock,False,none,regularized_poisson,gross,1678097977.1704264,137564271.0944117,1815662248.2648382,157268132.41249382,0.001,2.1229505369992694,success,,,True,True,19703861.318082124,19703861.318082124,14.32338583363639,14.32338583363639,0.1432338583363639
32,20260848,short_shock_no_break,constant,short,shock,False,none,regularized_poisson,ceded,326703813.45461977,76170535.19235645,402874348.64697623,87258344.9722639,0.001,1.897103696999693,success,,,True,True,11087809.77990745,11087809.77990745,14.556560160575172,14.556560160575172,0.14556560160575172
32,20260848,short_shock_no_break,constant,short,shock,False,none,regularized_poisson_break_interaction,gross,1678097977.1704264,137564271.0944117,1815662248.2648382,157268132.5103887,0.001,2.1418733969985624,success,,,True,True,19703861.415977,19703861.415977,14.323385904799398,14.323385904799398,0.143233859047994
32,20260848,short_shock_no_break,constant,short,shock,False,none,regularized_poisson_break_interaction,ceded,326703813.45461977,76170535.19235645,402874348.64697623,87258344.97226882,0.001,1.9995441139981267,success,,,True,True,11087809.779912367,11087809.779912367,14.556560160581627,14.556560160581627,0.14556560160581627
32,20260848,long_stable_no_break,constant,long,stable,False,none,regularized_poisson,gross,1270098468.1734135,753704745.1874814,2023803213.3608952,744790760.4000375,0.0001,2.3342917539994232,success,,,True,True,-8913984.787443876,8913984.787443876,-1.1826892220542613,1.1826892220542613,-0.011826892220542612
32,20260848,long_stable_no_break,constant,long,stable,False,none,regularized_poisson,ceded,211020629.8660634,293222850.623987,504243480.4900504,267622464.83965516,1.0,2.035200951999286,success,,,True,True,-25600385.78433186,25600385.78433186,-8.730692621619859,8.730692621619859,-0.0873069262161986
32,20260848,long_stable_no_break,constant,long,stable,False,none,regularized_poisson_break_interaction,gross,1270098468.1734135,753704745.1874814,2023803213.3608952,744790648.677172,0.0001,2.2809347359980165,success,,,True,True,-8914096.510309458,8914096.510309458,-1.182704045214961,1.182704045214961,-0.011827040452149612
32,20260848,long_stable_no_break,constant,long,stable,False,none,regularized_poisson_break_interaction,ceded,211020629.8660634,293222850.623987,504243480.4900504,267622464.83965516,1.0,2.0692069249998895,success,,,True,True,-25600385.78433186,25600385.78433186,-8.730692621619859,8.730692621619859,-0.0873069262161986
32,20260848,long_emerging_no_break,constant,long,emerging,False,none,regularized_poisson,gross,1296407242.6530855,876628637.4508647,2173035880.10395,722785024.9047316,0.0001,2.588586840000062,success,,,True,True,-153843612.54613304,153843612.54613304,-17.54946233487108,17.54946233487108,-0.1754946233487108
32,20260848,long_emerging_no_break,constant,long,emerging,False,none,regularized_poisson,ceded,219614189.69984436,390768912.1781554,610383101.8779998,327727441.7574782,1.0,2.12456497599851,success,,,True,True,-63041470.420677245,63041470.420677245,-16.132672906164043,16.132672906164043,-0.16132672906164044
32,20260848,long_emerging_no_break,constant,long,emerging,False,none,regularized_poisson_break_interaction,gross,1296407242.6530855,876628637.4508647,2173035880.10395,722782615.9521081,0.0001,2.359941570997762,success,,,True,True,-153846021.49875653,153846021.49875653,-17.549737132261967,17.549737132261967,-0.17549737132261967
32,20260848,long_emerging_no_break,constant,long,emerging,False,none,regularized_poisson_break_interaction,ceded,219614189.69984436,390768912.1781554,610383101.8779998,327727441.7574782,1.0,2.1540917060010543,success,,,True,True,-63041470.420677245,63041470.420677245,-16.132672906164043,16.132672906164043,-0.16132672906164044
32,20260848,long_shock_no_break,constant,long,shock,False,none,regularized_poisson,gross,1318633383.012058,986844249.6948497,2305477632.7069077,877298652.383919,0.0001,2.625588754999626,success,,,True,True,-109545597.31093073,109545597.31093073,-11.100596405643975,11.100596405643975,-0.11100596405643974
32,20260848,long_shock_no_break,constant,long,shock,False,none,regularized_poisson,ceded,226586283.80233014,478333467.9938602,704919751.7961903,365140097.8423983,1.0,2.1281254070017894,success,,,True,True,-113193370.1514619,113193370.1514619,-23.66411253350034,23.66411253350034,-0.2366411253350034
32,20260848,long_shock_no_break,constant,long,shock,False,none,regularized_poisson_break_interaction,gross,1318633383.012058,986844249.6948497,2305477632.7069077,877296966.7796532,0.0001,2.385124858999916,success,,,True,True,-109547282.91519654,109547282.91519654,-11.100767213171741,11.100767213171741,-0.1110076721317174
32,20260848,long_shock_no_break,constant,long,shock,False,none,regularized_poisson_break_interaction,ceded,226586283.80233014,478333467.9938602,704919751.7961903,365140097.8423983,1.0,2.116028316999291,success,,,True,True,-113193370.1514619,113193370.1514619,-23.66411253350034,23.66411253350034,-0.2366411253350034
32,20260848,long_stable_break,constant,long,stable,True,none,regularized_poisson,gross,1380603316.2988164,591356811.3197736,1971960127.61859,867139405.0751967,0.0001,2.6719455139973434,success,,,True,True,275782593.7554232,275782593.7554232,46.63556561392086,46.63556561392086,0.4663556561392086
32,20260848,long_stable_break,constant,long,stable,True,none,regularized_poisson,ceded,243276641.84856558,226772033.53442088,470048675.3829865,446405279.1789528,0.1,2.0646486280020326,success,,,True,True,219633245.64453194,219633245.64453194,96.8519981151885,96.8519981151885,0.968519981151885
32,20260848,long_stable_break,constant,long,stable,True,none,regularized_poisson_break_interaction,gross,1380603316.2988164,591356811.3197736,1971960127.61859,832608227.0510818,1.0,2.5697191819999716,success,,,True,True,241251415.73130822,241251415.73130822,40.79625212955442,40.79625212955442,0.40796252129554417
32,20260848,long_stable_break,constant,long,stable,True,none,regularized_poisson_break_interaction,ceded,243276641.84856558,226772033.53442088,470048675.3829865,284537630.5295127,1.0,3.100238638002338,success,,,True,True,57765596.995091826,57765596.995091826,25.47298099098441,25.47298099098441,0.2547298099098441
32,20260848,long_emerging_break,constant,long,emerging,True,none,regularized_poisson,gross,1411030981.7609017,674588726.370204,2085619708.131106,837705108.0781429,0.0001,2.866459903001669,success,,,True,True,163116381.7079389,163116381.7079389,24.180122692774315,24.180122692774315,0.24180122692774314
32,20260848,long_emerging_break,constant,long,emerging,True,none,regularized_poisson,ceded,254547201.783339,294051928.4134518,548599130.1967907,570905893.271119,0.1,2.2547181919981085,success,,,True,True,276853964.8576672,276853964.8576672,94.15138555677031,94.15138555677031,0.9415138555677031
32,20260848,long_emerging_break,constant,long,emerging,True,none,regularized_poisson_break_interaction,gross,1411030981.7609017,674588726.370204,2085619708.131106,917544360.7455705,1.0,2.8039716390012472,success,,,True,True,242955634.37536657,242955634.37536657,36.01537127408741,36.01537127408741,0.3601537127408741
32,20260848,long_emerging_break,constant,long,emerging,True,none,regularized_poisson_break_interaction,ceded,254547201.783339,294051928.4134518,548599130.1967907,354297603.3758658,1.0,3.0679151229996933,success,,,True,True,60245674.962414026,60245674.962414026,20.48810741948462,20.48810741948462,0.20488107419484622
32,20260848,long_shock_break,constant,long,shock,True,none,regularized_poisson,gross,1436881202.4604588,758782001.7761803,2195663204.236639,1042209860.6832039,0.0001,2.6601961169981223,success,,,True,True,283427858.90702367,283427858.90702367,37.35300234369912,37.35300234369912,0.37353002343699115
32,20260848,long_shock_break,constant,long,shock,True,none,regularized_poisson,ceded,263996559.23431912,362645239.55470467,626641798.7890239,645669183.0567858,0.1,2.1546033949998673,success,,,True,True,283023943.50208116,283023943.50208116,78.04430132589326,78.04430132589326,0.7804430132589326
32,20260848,long_shock_break,constant,long,shock,True,none,regularized_poisson_break_interaction,gross,1436881202.4604588,758782001.7761803,2195663204.236639,1016562770.5602357,1.0,2.7531931630001054,success,,,True,True,257780768.78405547,257780768.78405547,33.97296828082826,33.97296828082826,0.33972968280828264
32,20260848,long_shock_break,constant,long,shock,True,none,regularized_poisson_break_interaction,ceded,263996559.23431912,362645239.55470467,626641798.7890239,410025802.1324241,1.0,3.1860545550007373,success,,,True,True,47380562.57771945,47380562.57771945,13.065265281270054,13.065265281270054,0.13065265281270055
33,20260849,short_stable_no_break,constant,short,stable,False,none,regularized_poisson,gross,1663532972.6883743,117942981.21017799,1781475953.898553,129461188.27117606,0.001,2.051847650000127,success,,,True,True,11518207.060998067,11518207.060998067,9.765911411440644,9.765911411440644,0.09765911411440645
33,20260849,short_stable_no_break,constant,short,stable,False,none,regularized_poisson,ceded,317229108.8172032,50303056.34022082,367532165.157424,73799597.5529805,0.001,1.8697574159996293,success,,,True,True,23496541.21275968,23496541.21275968,46.709967390137585,46.709967390137585,0.46709967390137586
33,20260849,short_stable_no_break,constant,short,stable,False,none,regularized_poisson_break_interaction,gross,1663532972.6883743,117942981.21017799,1781475953.898553,129461188.27134654,0.001,2.07145265500003,success,,,True,True,11518207.061168551,11518207.061168551,9.765911411585193,9.765911411585193,0.09765911411585193
33,20260849,short_stable_no_break,constant,short,stable,False,none,regularized_poisson_break_interaction,ceded,317229108.8172032,50303056.34022082,367532165.157424,73799597.55298047,0.001,1.8849877930006187,success,,,True,True,23496541.21275965,23496541.21275965,46.70996739013752,46.70996739013752,0.46709967390137525
33,20260849,short_emerging_no_break,constant,short,emerging,False,none,regularized_poisson,gross,1692958228.6207385,130967825.68861759,1823926054.3093562,143619370.0310642,0.0001,2.231407549999858,success,,,True,True,12651544.342446625,12651544.342446625,9.660039995262876,9.660039995262876,0.09660039995262876
33,20260849,short_emerging_no_break,constant,short,emerging,False,none,regularized_poisson,ceded,330188174.6209585,64851470.02798017,395039644.64893866,72921340.53878292,0.01,1.8420925599966722,success,,,True,True,8069870.510802753,8069870.510802753,12.443620024836765,12.443620024836765,0.12443620024836764
33,20260849,short_emerging_no_break,constant,short,emerging,False,none,regularized_poisson_break_interaction,gross,1692958228.6207385,130967825.68861759,1823926054.3093562,143619361.02879357,0.0001,2.1256996179981797,success,,,True,True,12651535.340175986,12651535.340175986,9.660033121612349,9.660033121612349,0.09660033121612349
33,20260849,short_emerging_no_break,constant,short,emerging,False,none,regularized_poisson_break_interaction,ceded,330188174.6209585,64851470.02798017,395039644.64893866,72921340.52241755,0.01,1.9487030290001712,success,,,True,True,8069870.494437374,8069870.494437374,12.443619999601594,12.443619999601594,0.12443619999601595
33,20260849,short_shock_no_break,constant,short,shock,False,none,regularized_poisson,gross,1718752830.2189686,146838308.770611,1865591138.9895797,164194317.2623883,0.0001,2.135041376001027,success,,,True,True,17356008.4917773,17356008.4917773,11.819809583131773,11.819809583131773,0.11819809583131774
33,20260849,short_shock_no_break,constant,short,shock,False,none,regularized_poisson,ceded,341202872.3530997,83982657.97744578,425185530.3305454,87927573.62520903,0.001,1.9482288289982534,success,,,True,True,3944915.6477632523,3944915.6477632523,4.697297921700324,4.697297921700324,0.04697297921700324
33,20260849,short_shock_no_break,constant,short,shock,False,none,regularized_poisson_break_interaction,gross,1718752830.2189686,146838308.770611,1865591138.9895797,164194317.3386685,0.0001,2.107522787002381,success,,,True,True,17356008.568057507,17356008.568057507,11.81980963508021,11.81980963508021,0.1181980963508021
33,20260849,short_shock_no_break,constant,short,shock,False,none,regularized_poisson_break_interaction,ceded,341202872.3530997,83982657.97744578,425185530.3305454,87927573.63016626,0.001,1.9137040079986036,success,,,True,True,3944915.652720481,3944915.652720481,4.697297927603006,4.697297927603006,0.04697297927603006
33,20260849,long_stable_no_break,constant,long,stable,False,none,regularized_poisson,gross,1285213903.8034298,789753133.156526,2074967036.9599557,881594743.5073669,0.01,2.3640941300000122,success,,,True,True,91841610.35084093,91841610.35084093,11.62915428822215,11.62915428822215,0.1162915428822215
33,20260849,long_stable_no_break,constant,long,stable,False,none,regularized_poisson,ceded,194763619.0988664,335790889.91233647,530554509.0112029,568282392.7896824,0.1,2.0879098330005945,success,,,True,True,232491502.87734592,232491502.87734592,69.23698940672318,69.23698940672318,0.6923698940672318
33,20260849,long_stable_no_break,constant,long,stable,False,none,regularized_poisson_break_interaction,gross,1285213903.8034298,789753133.156526,2074967036.9599557,881594743.5954783,0.01,2.1951826049989904,success,,,True,True,91841610.43895233,91841610.43895233,11.629154299378978,11.629154299378978,0.11629154299378978
33,20260849,long_stable_no_break,constant,long,stable,False,none,regularized_poisson_break_interaction,ceded,194763619.0988664,335790889.91233647,530554509.0112029,568282392.7896818,0.1,2.0714808340017044,success,,,True,True,232491502.87734532,232491502.87734532,69.236989406723,69.236989406723,0.69236989406723
33,20260849,long_emerging_no_break,constant,long,emerging,False,none,regularized_poisson,gross,1314230120.470196,918942030.0526403,2233172150.522836,878046608.777943,0.01,2.553085330997419,success,,,True,True,-40895421.274697304,40895421.274697304,-4.450272153985019,4.450272153985019,-0.044502721539850194
33,20260849,long_emerging_no_break,constant,long,emerging,False,none,regularized_poisson,ceded,205030820.99653944,445550729.2321248,650581550.2286643,817521666.8320754,0.1,2.1856843620007567,success,,,True,True,371970937.59995055,371970937.59995055,83.48565341617018,83.48565341617018,0.8348565341617018
33,20260849,long_emerging_no_break,constant,long,emerging,False,none,regularized_poisson_break_interaction,gross,1314230120.470196,918942030.0526403,2233172150.522836,878046496.3525922,0.01,2.4520453500008443,success,,,True,True,-40895533.70004809,40895533.70004809,-4.450284388200792,4.450284388200792,-0.044502843882007925
33,20260849,long_emerging_no_break,constant,long,emerging,False,none,regularized_poisson_break_interaction,ceded,205030820.99653944,445550729.2321248,650581550.2286643,817521666.8320713,0.1,2.1709211529996537,success,,,True,True,371970937.5999465,371970937.5999465,83.48565341616927,83.48565341616927,0.8348565341616927
33,20260849,long_shock_no_break,constant,long,shock,False,none,regularized_poisson,gross,1339468456.1822488,1034476974.6133876,2373945430.7956367,1122476839.4934015,0.0001,2.626492347000749,success,,,True,True,87999864.88001394,87999864.88001394,8.50670116779563,8.50670116779563,0.0850670116779563
33,20260849,long_shock_no_break,constant,long,shock,False,none,regularized_poisson,ceded,214246782.2784268,542023894.6689991,756270676.947426,882963170.4492395,0.1,2.143827419000445,success,,,True,True,340939275.7802404,340939275.7802404,62.901152353890936,62.901152353890936,0.6290115235389093
33,20260849,long_shock_no_break,constant,long,shock,False,none,regularized_poisson_break_interaction,gross,1339468456.1822488,1034476974.6133876,2373945430.7956367,1122475302.3161683,0.0001,2.4229067800006305,success,,,True,True,87998327.70278072,87998327.70278072,8.506552573165594,8.506552573165594,0.08506552573165595
33,20260849,long_shock_no_break,constant,long,shock,False,none,regularized_poisson_break_interaction,ceded,214246782.2784268,542023894.6689991,756270676.947426,882963170.4622315,0.1,2.173169397003221,success,,,True,True,340939275.79323244,340939275.79323244,62.90115235628788,62.90115235628788,0.6290115235628788
33,20260849,long_stable_break,constant,long,stable,True,none,regularized_poisson,gross,1407351978.1264768,612204993.7536974,2019556971.8801746,1088474508.099729,0.01,2.540262353999424,success,,,True,True,476269514.34603167,476269514.34603167,77.79575782709878,77.79575782709878,0.7779575782709879
33,20260849,long_stable_break,constant,long,stable,True,none,regularized_poisson,ceded,238850589.3975889,253005457.5214731,491856046.9190621,787656697.5434339,0.1,2.1802249180000217,success,,,True,True,534651240.0219608,534651240.0219608,211.32004236572004,211.32004236572004,2.1132004236572004
33,20260849,long_stable_break,constant,long,stable,True,none,regularized_poisson_break_interaction,gross,1407351978.1264768,612204993.7536974,2019556971.8801746,1001977690.4478837,1.0,2.654317247997824,success,,,True,True,389772696.69418633,389772696.69418633,63.66702341062573,63.66702341062573,0.6366702341062573
33,20260849,long_stable_break,constant,long,stable,True,none,regularized_poisson_break_interaction,ceded,238850589.3975889,253005457.5214731,491856046.9190621,585105131.39492,0.1,3.28798644500057,success,,,True,True,332099673.8734469,332099673.8734469,131.26186175065448,131.26186175065448,1.3126186175065448
33,20260849,long_emerging_break,constant,long,emerging,True,none,regularized_poisson,gross,1441169053.4433792,698547627.2716047,2139716680.7149837,1111616078.5270853,0.01,2.7004770429994096,success,,,True,True,413068451.25548065,413068451.25548065,59.13246787035097,59.13246787035097,0.5913246787035097
33,20260849,long_emerging_break,constant,long,emerging,True,none,regularized_poisson,ceded,253967964.83099526,325296152.4202118,579264117.2512071,1120512398.544265,0.1,2.3122916079992137,success,,,True,True,795216246.1240532,795216246.1240532,244.45916135423792,244.45916135423792,2.444591613542379
33,20260849,long_emerging_break,constant,long,emerging,True,none,regularized_poisson_break_interaction,gross,1441169053.4433792,698547627.2716047,2139716680.7149837,1134732546.0954962,1.0,2.875099326000054,success,,,True,True,436184918.8238915,436184918.8238915,62.44168640691653,62.44168640691653,0.6244168640691653
33,20260849,long_emerging_break,constant,long,emerging,True,none,regularized_poisson_break_interaction,ceded,253967964.83099526,325296152.4202118,579264117.2512071,885314091.3026376,0.1,3.304830798999319,success,,,True,True,560017938.8824258,560017938.8824258,172.15633653084362,172.15633653084362,1.7215633653084361
33,20260849,long_shock_break,constant,long,shock,True,none,regularized_poisson,gross,1470573968.2326965,785707528.2337258,2256281496.4664226,1351754326.4019358,0.01,2.6557623759981652,success,,,True,True,566046798.16821,566046798.16821,72.04293936710596,72.04293936710596,0.7204293936710596
33,20260849,long_shock_break,constant,long,shock,True,none,regularized_poisson,ceded,267275899.62866688,400625885.16308933,667901784.7917563,1253276064.149963,0.1,2.3029891090009187,success,,,True,True,852650178.9868736,852650178.9868736,212.8295276376791,212.8295276376791,2.128295276376791
33,20260849,long_shock_break,constant,long,shock,True,none,regularized_poisson_break_interaction,gross,1470573968.2326965,785707528.2337258,2256281496.4664226,1269331111.6865163,1.0,2.7966617079982825,success,,,True,True,483623583.4527905,483623583.4527905,61.55262181844924,61.55262181844924,0.6155262181844924
33,20260849,long_shock_break,constant,long,shock,True,none,regularized_poisson_break_interaction,ceded,267275899.62866688,400625885.16308933,667901784.7917563,952662841.5700188,0.1,3.219208709997474,success,,,True,True,552036956.4069295,552036956.4069295,137.7936316277224,137.7936316277224,1.377936316277224
34,20260850,short_stable_no_break,constant,short,stable,False,none,regularized_poisson,gross,1592647130.5661001,112093368.49628347,1704740499.0623837,134693048.92304444,0.0001,2.0651742680020106,success,,,True,True,22599680.42676097,22599680.42676097,20.1614785334159,20.1614785334159,0.201614785334159
34,20260850,short_stable_no_break,constant,short,stable,False,none,regularized_poisson,ceded,294881088.6034311,61527410.56761405,356408499.1710451,69512471.8587169,0.0001,2.031639916000131,success,,,True,True,7985061.291102856,7985061.291102856,12.978055174819794,12.978055174819794,0.12978055174819794
34,20260850,short_stable_no_break,constant,short,stable,False,none,regularized_poisson_break_interaction,gross,1592647130.5661001,112093368.49628347,1704740499.0623837,134693048.92374837,0.0001,2.3718041950014594,success,,,True,True,22599680.427464902,22599680.427464902,20.161478534043884,20.161478534043884,0.20161478534043883
34,20260850,short_stable_no_break,constant,short,stable,False,none,regularized_poisson_break_interaction,ceded,294881088.6034311,61527410.56761405,356408499.1710451,69512471.85871655,0.0001,1.9033451010000135,success,,,True,True,7985061.291102499,7985061.291102499,12.978055174819215,12.978055174819215,0.12978055174819214
34,20260850,short_emerging_no_break,constant,short,emerging,False,none,regularized_poisson,gross,1623162667.3351495,124349171.90954629,1747511839.2446961,164021080.00409412,0.0001,2.1436272030005057,success,,,True,True,39671908.09454784,39671908.09454784,31.90363673945964,31.90363673945964,0.3190363673945964
34,20260850,short_emerging_no_break,constant,short,emerging,False,none,regularized_poisson,ceded,310858626.7304884,77147866.951554,388006493.6820425,94557014.7822108,0.001,1.9219117120010196,success,,,True,True,17409147.830656797,17409147.830656797,22.56594837753466,22.56594837753466,0.2256594837753466
34,20260850,short_emerging_no_break,constant,short,emerging,False,none,regularized_poisson_break_interaction,gross,1623162667.3351495,124349171.90954629,1747511839.2446961,164021034.12643993,0.0001,2.200312340999517,success,,,True,True,39671862.21689364,39671862.21689364,31.903599845241942,31.903599845241942,0.3190359984524194
34,20260850,short_emerging_no_break,constant,short,emerging,False,none,regularized_poisson_break_interaction,ceded,310858626.7304884,77147866.951554,388006493.6820425,94557014.78221434,0.001,2.079089828999713,success,,,True,True,17409147.830660343,17409147.830660343,22.565948377539254,22.565948377539254,0.22565948377539255
34,20260850,short_shock_no_break,constant,short,shock,False,none,regularized_poisson,gross,1649466317.5851545,139378193.6656845,1788844511.2508385,178569161.79221213,0.001,2.1071242390025873,success,,,True,True,39190968.12652764,39190968.12652764,28.118435958878855,28.118435958878855,0.28118435958878857
34,20260850,short_shock_no_break,constant,short,shock,False,none,regularized_poisson,ceded,324932812.6905299,97630102.64478233,422562915.3353122,113855248.28026247,0.001,1.8343560620014614,success,,,True,True,16225145.635480136,16225145.635480136,16.618998849682416,16.618998849682416,0.16618998849682415
34,20260850,short_shock_no_break,constant,short,shock,False,none,regularized_poisson_break_interaction,gross,1649466317.5851545,139378193.6656845,1788844511.2508385,178569161.79353476,0.001,2.318964493999374,success,,,True,True,39190968.127850264,39190968.127850264,28.118435959827803,28.118435959827803,0.28118435959827803
34,20260850,short_shock_no_break,constant,short,shock,False,none,regularized_poisson_break_interaction,ceded,324932812.6905299,97630102.64478233,422562915.3353122,113855248.28025612,0.001,2.0652559690024646,success,,,True,True,16225145.635473788,16225145.635473788,16.61899884967591,16.61899884967591,0.16618998849675912
34,20260850,long_stable_no_break,constant,long,stable,False,none,regularized_poisson,gross,1195652379.18135,792216396.3558958,1987868775.537246,826361207.6856803,0.0001,2.420156848998886,success,,,True,True,34144811.32978451,34144811.32978451,4.310035930441066,4.310035930441066,0.043100359304410654
34,20260850,long_stable_no_break,constant,long,stable,False,none,regularized_poisson,ceded,180068883.1566266,344455918.59654194,524524801.7531685,399921732.1304402,0.1,2.1453213400018285,success,,,True,True,55465813.533898234,55465813.533898234,16.102441717328954,16.102441717328954,0.16102441717328955
34,20260850,long_stable_no_break,constant,long,stable,False,none,regularized_poisson_break_interaction,gross,1195652379.18135,792216396.3558958,1987868775.537246,826361330.8052275,0.0001,2.2309984319981595,success,,,True,True,34144934.44933176,34144934.44933176,4.310051471592172,4.310051471592172,0.043100514715921724
34,20260850,long_stable_no_break,constant,long,stable,False,none,regularized_poisson_break_interaction,ceded,180068883.1566266,344455918.59654194,524524801.7531685,399921732.1656293,0.1,2.1086154530021304,success,,,True,True,55465813.569087386,55465813.569087386,16.102441727544818,16.102441727544818,0.1610244172754482
34,20260850,long_emerging_no_break,constant,long,emerging,False,none,regularized_poisson,gross,1223217367.7331333,922671088.9591588,2145888456.6922925,955996230.4485631,0.0001,2.606194869000319,success,,,True,True,33325141.48940432,33325141.48940432,3.611811607427468,3.611811607427468,0.03611811607427468
34,20260850,long_emerging_no_break,constant,long,emerging,False,none,regularized_poisson,ceded,188378700.43732032,458783167.6076964,647161868.0450168,555240771.8271905,0.1,2.0888104820005537,success,,,True,True,96457604.2194941,96457604.2194941,21.024660674119282,21.024660674119282,0.21024660674119283
34,20260850,long_emerging_no_break,constant,long,emerging,False,none,regularized_poisson_break_interaction,gross,1223217367.7331333,922671088.9591588,2145888456.6922925,955990785.532546,0.0001,2.3866082610002195,success,,,True,True,33319696.573387265,33319696.573387265,3.611221482074869,3.611221482074869,0.03611221482074869
34,20260850,long_emerging_no_break,constant,long,emerging,False,none,regularized_poisson_break_interaction,ceded,188378700.43732032,458783167.6076964,647161868.0450168,555240768.5328295,0.1,2.1745112710013927,success,,,True,True,96457600.92513311,96457600.92513311,21.02465995605436,21.02465995605436,0.21024659956054362
34,20260850,long_shock_no_break,constant,long,shock,False,none,regularized_poisson,gross,1247374236.6495545,1038742826.1828674,2286117062.8324223,1099936596.6766963,0.0001,2.4976323949995276,success,,,True,True,61193770.49382889,61193770.49382889,5.891137724503132,5.891137724503132,0.058911377245031316
34,20260850,long_shock_no_break,constant,long,shock,False,none,regularized_poisson,ceded,195323114.81527704,559154037.5305896,754477152.3458664,597087251.6137248,0.1,2.1333284370011825,success,,,True,True,37933214.08313525,37933214.08313525,6.784036515351111,6.784036515351111,0.0678403651535111
34,20260850,long_shock_no_break,constant,long,shock,False,none,regularized_poisson_break_interaction,gross,1247374236.6495545,1038742826.1828674,2286117062.8324223,1099935443.0991726,0.0001,2.3973098599999503,success,,,True,True,61192616.916305184,61192616.916305184,5.891026669341581,5.891026669341581,0.058910266693415814
34,20260850,long_shock_no_break,constant,long,shock,False,none,regularized_poisson_break_interaction,ceded,195323114.81527704,559154037.5305896,754477152.3458664,597087251.6145076,0.1,2.139666795002995,success,,,True,True,37933214.083917975,37933214.083917975,6.784036515491095,6.784036515491095,0.06784036515491094
34,20260850,long_stable_break,constant,long,stable,True,none,regularized_poisson,gross,1310441637.6661615,623567954.7445554,1934009592.410717,1050413273.7929554,0.0001,2.4136609570014116,success,,,True,True,426845319.04840004,426845319.04840004,68.45209344076336,68.45209344076336,0.6845209344076336
34,20260850,long_stable_break,constant,long,stable,True,none,regularized_poisson,ceded,211329761.60925564,273828789.94901365,485158551.55826926,510142166.00104016,0.1,2.175692673001322,success,,,True,True,236313376.0520265,236313376.0520265,86.29968240228779,86.29968240228779,0.8629968240228778
34,20260850,long_stable_break,constant,long,stable,True,none,regularized_poisson_break_interaction,gross,1310441637.6661615,623567954.7445554,1934009592.410717,1016018515.4331369,0.1,2.5465575999987777,success,,,True,True,392450560.6885816,392450560.6885816,62.93629390390162,62.93629390390162,0.6293629390390162
34,20260850,long_stable_break,constant,long,stable,True,none,regularized_poisson_break_interaction,ceded,211329761.60925564,273828789.94901365,485158551.55826926,397603902.0648706,0.1,3.139185889998771,success,,,True,True,123775112.11585695,123775112.11585695,45.20164301894757,45.20164301894757,0.45201643018947574
34,20260850,long_emerging_break,constant,long,emerging,True,none,regularized_poisson,gross,1342734116.7504215,711979917.6094035,2054714034.3598251,1124521009.5073779,0.001,2.6846156110004813,success,,,True,True,412541091.8979744,412541091.8979744,57.942798904097316,57.942798904097316,0.5794279890409731
34,20260850,long_emerging_break,constant,long,emerging,True,none,regularized_poisson,ceded,223192823.42473143,353659686.90908873,576852510.3338202,706020511.5741597,0.1,2.249718638999184,success,,,True,True,352360824.665071,352360824.665071,99.6327366979908,99.6327366979908,0.996327366979908
34,20260850,long_emerging_break,constant,long,emerging,True,none,regularized_poisson_break_interaction,gross,1342734116.7504215,711979917.6094035,2054714034.3598251,1103841928.2228308,1.0,2.6624181480001425,success,,,True,True,391862010.6134273,391862010.6134273,55.03835163345228,55.03835163345228,0.5503835163345228
34,20260850,long_emerging_break,constant,long,emerging,True,none,regularized_poisson_break_interaction,ceded,223192823.42473143,353659686.90908873,576852510.3338202,586521837.6449387,0.1,3.1874410300006275,success,,,True,True,232862150.73584998,232862150.73584998,65.84356638751116,65.84356638751116,0.6584356638751117
34,20260850,long_shock_break,constant,long,shock,True,none,regularized_poisson,gross,1371102583.768464,800906081.456087,2172008665.224551,1345422863.3398542,0.0001,2.6578095559998474,success,,,True,True,544516781.8837672,544516781.8837672,67.98759486178562,67.98759486178562,0.6798759486178563
34,20260850,long_shock_break,constant,long,shock,True,none,regularized_poisson,ceded,233023396.38285688,434190328.6126816,667213724.9955386,780337653.2669039,0.1,2.267527446998429,success,,,True,True,346147324.65422225,346147324.65422225,79.7224861641269,79.7224861641269,0.797224861641269
34,20260850,long_shock_break,constant,long,shock,True,none,regularized_poisson_break_interaction,gross,1371102583.768464,800906081.456087,2172008665.224551,1240788933.7675729,1.0,2.65070542200192,success,,,True,True,439882852.3114859,439882852.3114859,54.92315047873741,54.92315047873741,0.5492315047873741
34,20260850,long_shock_break,constant,long,shock,True,none,regularized_poisson_break_interaction,ceded,233023396.38285688,434190328.6126816,667213724.9955386,632467727.9579926,0.1,3.1754829670026083,success,,,True,True,198277399.34531093,198277399.34531093,45.666010106407455,45.666010106407455,0.45666010106407456
35,20260851,short_stable_no_break,constant,short,stable,False,none,regularized_poisson,gross,1555067765.6398463,111310007.17121792,1666377772.811064,126306832.16214842,0.001,2.127163115001167,success,,,True,True,14996824.990930498,14996824.990930498,13.473024907690704,13.473024907690704,0.13473024907690703
35,20260851,short_stable_no_break,constant,short,stable,False,none,regularized_poisson,ceded,286689518.89968246,52999778.68140803,339689297.5810905,62698879.58629384,0.001,1.8466405200015288,success,,,True,True,9699100.904885806,9699100.904885806,18.30026680524269,18.30026680524269,0.1830026680524269
35,20260851,short_stable_no_break,constant,short,stable,False,none,regularized_poisson_break_interaction,gross,1555067765.6398463,111310007.17121792,1666377772.811064,126306832.1414338,0.001,2.0233066270011477,success,,,True,True,14996824.970215887,14996824.970215887,13.473024889080865,13.473024889080865,0.13473024889080865
35,20260851,short_stable_no_break,constant,short,stable,False,none,regularized_poisson_break_interaction,ceded,286689518.89968246,52999778.68140803,339689297.5810905,62698879.58629384,0.001,1.9915607689981698,success,,,True,True,9699100.904885806,9699100.904885806,18.30026680524269,18.30026680524269,0.1830026680524269
35,20260851,short_emerging_no_break,constant,short,emerging,False,none,regularized_poisson,gross,1581799969.3812752,123658034.22795688,1705458003.609232,122698537.5318708,0.0001,2.194938775999617,success,,,True,True,-959496.6960860789,959496.6960860789,-0.7759275020637145,0.7759275020637145,-0.007759275020637145
35,20260851,short_emerging_no_break,constant,short,emerging,False,none,regularized_poisson,ceded,300293113.96154636,67301150.01232633,367594263.97387266,55782489.87595393,0.01,1.9569782430007763,success,,,True,True,-11518660.136372402,11518660.136372402,-17.11510150162774,17.11510150162774,-0.1711510150162774
35,20260851,short_emerging_no_break,constant,short,emerging,False,none,regularized_poisson_break_interaction,gross,1581799969.3812752,123658034.22795688,1705458003.609232,122698537.27669668,0.0001,2.1902747329986596,success,,,True,True,-959496.9512601942,959496.9512601942,-0.7759277084183738,0.7759277084183738,-0.007759277084183738
35,20260851,short_emerging_no_break,constant,short,emerging,False,none,regularized_poisson_break_interaction,ceded,300293113.96154636,67301150.01232633,367594263.97387266,55782489.876234725,0.01,1.9914702590031084,success,,,True,True,-11518660.136091605,11518660.136091605,-17.115101501210518,17.115101501210518,-0.17115101501210517
35,20260851,short_shock_no_break,constant,short,shock,False,none,regularized_poisson,gross,1604493447.947481,138655688.11791325,1743149136.065394,139467302.72163135,0.0001,2.186319620002905,success,,,True,True,811614.603718102,811614.603718102,0.5853453361595251,0.5853453361595251,0.005853453361595251
35,20260851,short_shock_no_break,constant,short,shock,False,none,regularized_poisson,ceded,312100775.099193,85880883.24703081,397981658.34622383,71861369.94254774,0.01,1.9534594309989188,success,,,True,True,-14019513.304483071,14019513.304483071,-16.324370190926945,16.324370190926945,-0.16324370190926946
35,20260851,short_shock_no_break,constant,short,shock,False,none,regularized_poisson_break_interaction,gross,1604493447.947481,138655688.11791325,1743149136.065394,139467334.22220245,0.0001,2.2245279109993135,success,,,True,True,811646.1042892039,811646.1042892039,0.5853680547162099,0.5853680547162099,0.0058536805471620995
35,20260851,short_shock_no_break,constant,short,shock,False,none,regularized_poisson_break_interaction,ceded,312100775.099193,85880883.24703081,397981658.34622383,71861369.9694019,0.01,2.0310322909972456,success,,,True,True,-14019513.277628914,14019513.277628914,-16.32437015965787,16.32437015965787,-0.16324370159657872
35,20260851,long_stable_no_break,constant,long,stable,False,none,regularized_poisson,gross,1192532604.6545396,751712532.1194391,1944245136.7739787,812564028.6006992,0.0001,2.3231632060014817,success,,,True,True,60851496.48126006,60851496.48126006,8.095048822678322,8.095048822678322,0.08095048822678322
35,20260851,long_stable_no_break,constant,long,stable,False,none,regularized_poisson,ceded,187259581.46333602,318840831.4535011,506100412.91683716,562918797.8472981,0.01,2.2148344710003585,success,,,True,True,244077966.39379704,244077966.39379704,76.55166538147505,76.55166538147505,0.7655166538147505
35,20260851,long_stable_no_break,constant,long,stable,False,none,regularized_poisson_break_interaction,gross,1192532604.6545396,751712532.1194391,1944245136.7739787,812563979.1483727,0.0001,2.22127953999734,success,,,True,True,60851447.028933525,60851447.028933525,8.095042244056252,8.095042244056252,0.08095042244056253
35,20260851,long_stable_no_break,constant,long,stable,False,none,regularized_poisson_break_interaction,ceded,187259581.46333602,318840831.4535011,506100412.91683716,562918797.8471123,0.01,2.0973059919997468,success,,,True,True,244077966.3936112,244077966.3936112,76.55166538141677,76.55166538141677,0.7655166538141677
35,20260851,long_emerging_no_break,constant,long,emerging,False,none,regularized_poisson,gross,1219872055.1369421,875873501.33177,2095745556.468712,814107880.4194643,0.01,2.6097478689989657,success,,,True,True,-61765620.91230559,61765620.91230559,-7.0518882941875365,7.0518882941875365,-0.07051888294187536
35,20260851,long_emerging_no_break,constant,long,emerging,False,none,regularized_poisson,ceded,197039142.75728858,425364646.6460891,622403789.4033775,824249557.188034,0.01,2.2372076229985396,success,,,True,True,398884910.541945,398884910.541945,93.77481501743709,93.77481501743709,0.937748150174371
35,20260851,long_emerging_no_break,constant,long,emerging,False,none,regularized_poisson_break_interaction,gross,1219872055.1369421,875873501.33177,2095745556.468712,814108982.6762005,0.01,2.392864257999463,success,,,True,True,-61764518.655569434,61764518.655569434,-7.05176244762014,7.05176244762014,-0.0705176244762014
35,20260851,long_emerging_no_break,constant,long,emerging,False,none,regularized_poisson_break_interaction,ceded,197039142.75728858,425364646.6460891,622403789.4033775,824249557.1870499,0.01,2.1889258670016716,success,,,True,True,398884910.5409608,398884910.5409608,93.77481501720573,93.77481501720573,0.9377481501720573
35,20260851,long_shock_no_break,constant,long,shock,False,none,regularized_poisson,gross,1243075196.8891487,986070074.1810882,2229145271.0702367,964668893.2858047,0.01,2.567822139000782,success,,,True,True,-21401180.89528346,21401180.89528346,-2.1703509168003827,2.1703509168003827,-0.021703509168003825
35,20260851,long_shock_no_break,constant,long,shock,False,none,regularized_poisson,ceded,205179855.45514166,518507655.951628,723687511.4067698,882023131.0295837,0.01,2.2312611769993964,success,,,True,True,363515475.07795566,363515475.07795566,70.10802461745489,70.10802461745489,0.7010802461745489
35,20260851,long_shock_no_break,constant,long,shock,False,none,regularized_poisson_break_interaction,gross,1243075196.8891487,986070074.1810882,2229145271.0702367,964669167.4284124,0.01,2.315976972000499,success,,,True,True,-21400906.75267577,21400906.75267577,-2.170323115266306,2.170323115266306,-0.021703231152663063
35,20260851,long_shock_no_break,constant,long,shock,False,none,regularized_poisson_break_interaction,ceded,205179855.45514166,518507655.951628,723687511.4067698,882023131.0322595,0.01,2.167474678000872,success,,,True,True,363515475.08063143,363515475.08063143,70.10802461797094,70.10802461797094,0.7010802461797094
35,20260851,long_stable_break,constant,long,stable,True,none,regularized_poisson,gross,1311691639.5764148,578791421.0430834,1890483060.619498,996161703.2250824,0.0001,2.4717591289991105,success,,,True,True,417370282.18199897,417370282.18199897,72.1106545480278,72.1106545480278,0.721106545480278
35,20260851,long_stable_break,constant,long,stable,True,none,regularized_poisson,ceded,229063806.4408265,237624630.76057592,466688437.20140254,924534329.9657602,0.01,2.1932218779984396,success,,,True,True,686909699.2051843,686909699.2051843,289.07344201085607,289.07344201085607,2.890734420108561
35,20260851,long_stable_break,constant,long,stable,True,none,regularized_poisson_break_interaction,gross,1311691639.5764148,578791421.0430834,1890483060.619498,986041284.5717607,0.1,2.659502798000176,success,,,True,True,407249863.5286772,407249863.5286772,70.362111241169,70.362111241169,0.70362111241169
35,20260851,long_stable_break,constant,long,stable,True,none,regularized_poisson_break_interaction,ceded,229063806.4408265,237624630.76057592,466688437.20140254,651183031.0244689,0.1,3.1199504110009,success,,,True,True,413558400.263893,413558400.263893,174.03852409583885,174.03852409583885,1.7403852409583884
35,20260851,long_emerging_break,constant,long,emerging,True,none,regularized_poisson,gross,1343469777.0458,661633631.7672038,2005103408.8130038,1015216123.8413619,0.01,2.706503133998922,success,,,True,True,353582492.0741581,353582492.0741581,53.44082814075664,53.44082814075664,0.5344082814075665
35,20260851,long_emerging_break,constant,long,emerging,True,none,regularized_poisson,ceded,241745290.35351175,310671306.8566615,552416597.2101731,1222394910.4051332,0.01,2.4013774129998637,success,,,True,True,911723603.5484717,911723603.5484717,293.4688796249618,293.4688796249618,2.934688796249618
35,20260851,long_emerging_break,constant,long,emerging,True,none,regularized_poisson_break_interaction,gross,1343469777.0458,661633631.7672038,2005103408.8130038,1062270507.4887173,1.0,2.7777910940021684,success,,,True,True,400636875.7215135,400636875.7215135,60.55267696284186,60.55267696284186,0.6055267696284186
35,20260851,long_emerging_break,constant,long,emerging,True,none,regularized_poisson_break_interaction,ceded,241745290.35351175,310671306.8566615,552416597.2101731,950863768.2129602,0.1,3.0618172779977613,success,,,True,True,640192461.3562987,640192461.3562987,206.0674568996076,206.0674568996076,2.060674568996076
35,20260851,long_shock_break,constant,long,shock,True,none,regularized_poisson,gross,1370304652.9629524,744276179.3819773,2114580832.3449297,1207431947.2036815,0.01,2.759244621000107,success,,,True,True,463155767.82170415,463155767.82170415,62.2290193683605,62.2290193683605,0.6222901936836049
35,20260851,long_shock_break,constant,long,shock,True,none,regularized_poisson,ceded,252258460.98175123,383540663.9225669,635799124.9043181,1230353718.6099083,0.01,2.3364360760024283,success,,,True,True,846813054.6873415,846813054.6873415,220.7883372852232,220.7883372852232,2.207883372852232
35,20260851,long_shock_break,constant,long,shock,True,none,regularized_poisson_break_interaction,gross,1370304652.9629524,744276179.3819773,2114580832.3449297,1166709805.41928,1.0,2.734543427999597,success,,,True,True,422433626.03730273,422433626.03730273,56.75764423739557,56.75764423739557,0.5675764423739557
35,20260851,long_shock_break,constant,long,shock,True,none,regularized_poisson_break_interaction,ceded,252258460.98175123,383540663.9225669,635799124.9043181,944018215.3347132,0.1,3.1672179400011373,success,,,True,True,560477551.4121463,560477551.4121463,146.13249757665884,146.13249757665884,1.4613249757665885
36,20260852,short_stable_no_break,constant,short,stable,False,none,regularized_poisson,gross,1484137853.2969055,108015276.40986973,1592153129.7067754,104264280.42575555,0.0001,2.077373002997774,success,,,True,True,-3750995.984114185,3750995.984114185,-3.4726532290495937,3.4726532290495937,-0.03472653229049594
36,20260852,short_stable_no_break,constant,short,stable,False,none,regularized_poisson,ceded,239321306.30568445,49542202.26595014,288863508.5716346,48610329.73013848,0.001,1.8332358000006934,success,,,True,True,-931872.5358116627,931872.5358116627,-1.8809671213427854,1.8809671213427854,-0.018809671213427855
36,20260852,short_stable_no_break,constant,short,stable,False,none,regularized_poisson_break_interaction,gross,1484137853.2969055,108015276.40986973,1592153129.7067754,104264280.42443705,0.0001,2.0318016440032807,success,,,True,True,-3750995.9854326844,3750995.9854326844,-3.4726532302702533,3.4726532302702533,-0.034726532302702534
36,20260852,short_stable_no_break,constant,short,stable,False,none,regularized_poisson_break_interaction,ceded,239321306.30568445,49542202.26595014,288863508.5716346,48610329.730138466,0.001,1.9330912490004266,success,,,True,True,-931872.5358116776,931872.5358116776,-1.8809671213428156,1.8809671213428156,-0.018809671213428157
36,20260852,short_emerging_no_break,constant,short,emerging,False,none,regularized_poisson,gross,1508736142.4964054,119940823.62801841,1628676966.1244237,123709527.83134776,0.0001,2.1736335630012036,success,,,True,True,3768704.2033293545,3768704.2033293545,3.1421363380140885,3.1421363380140885,0.031421363380140885
36,20260852,short_emerging_no_break,constant,short,emerging,False,none,regularized_poisson,ceded,250191363.42502883,65429549.88102794,315620913.3060568,56462114.94692497,0.001,1.913245157997153,success,,,True,True,-8967434.934102967,8967434.934102967,-13.705481621696409,13.705481621696409,-0.13705481621696408
36,20260852,short_emerging_no_break,constant,short,emerging,False,none,regularized_poisson_break_interaction,gross,1508736142.4964054,119940823.62801841,1628676966.1244237,123709639.83391267,0.0001,2.0888748460019997,success,,,True,True,3768816.2058942616,3768816.2058942616,3.142229719534675,3.142229719534675,0.03142229719534675
36,20260852,short_emerging_no_break,constant,short,emerging,False,none,regularized_poisson_break_interaction,ceded,250191363.42502883,65429549.88102794,315620913.3060568,56462114.93832128,0.001,1.9147087880010076,success,,,True,True,-8967434.94270666,8967434.94270666,-13.70548163484596,13.70548163484596,-0.1370548163484596
36,20260852,short_shock_no_break,constant,short,shock,False,none,regularized_poisson,gross,1530916919.0044687,134471661.35442173,1665388580.3588903,145461498.01918668,0.0001,2.1924984300021606,success,,,True,True,10989836.66476494,10989836.66476494,8.172604215693784,8.172604215693784,0.08172604215693785
36,20260852,short_shock_no_break,constant,short,shock,False,none,regularized_poisson,ceded,260383308.7412161,85841426.93886314,346224735.6800793,73028487.6558193,0.001,1.8211457170000358,success,,,True,True,-12812939.283043846,12812939.283043846,-14.926288786146705,14.926288786146705,-0.14926288786146705
36,20260852,short_shock_no_break,constant,short,shock,False,none,regularized_poisson_break_interaction,gross,1530916919.0044687,134471661.35442173,1665388580.3588903,145461499.81520075,0.0001,2.169747253999958,success,,,True,True,10989838.460779011,10989838.460779011,8.172605551301638,8.172605551301638,0.08172605551301639
36,20260852,short_shock_no_break,constant,short,shock,False,none,regularized_poisson_break_interaction,ceded,260383308.7412161,85841426.93886314,346224735.6800793,73028487.85608837,0.001,1.910678131000168,success,,,True,True,-12812939.082774773,12812939.082774773,-14.926288552845513,14.926288552845513,-0.14926288552845512
36,20260852,long_stable_no_break,constant,long,stable,False,none,regularized_poisson,gross,1170008567.7079782,687940031.2982723,1857948599.0062504,693976275.5428436,0.001,2.4372394339989114,success,,,True,True,6036244.244571328,6036244.244571328,0.8774375628613731,0.8774375628613731,0.008774375628613731
36,20260852,long_stable_no_break,constant,long,stable,False,none,regularized_poisson,ceded,156980143.97418287,285155330.521339,442135474.4955219,315254186.4760928,0.1,2.0828845690011804,success,,,True,True,30098855.954753816,30098855.954753816,10.555249274044847,10.555249274044847,0.10555249274044846
36,20260852,long_stable_no_break,constant,long,stable,False,none,regularized_poisson_break_interaction,gross,1170008567.7079782,687940031.2982723,1857948599.0062504,693976427.0871077,0.001,2.2570788900011394,success,,,True,True,6036395.788835406,6036395.788835406,0.8774595915640483,0.8774595915640483,0.008774595915640483
36,20260852,long_stable_no_break,constant,long,stable,False,none,regularized_poisson_break_interaction,ceded,156980143.97418287,285155330.521339,442135474.4955219,315254186.4760928,0.1,2.174971802996879,success,,,True,True,30098855.954753816,30098855.954753816,10.555249274044847,10.555249274044847,0.10555249274044846
36,20260852,long_emerging_no_break,constant,long,emerging,False,none,regularized_poisson,gross,1194187658.329935,801034682.7797661,1995222341.1097014,674745420.7221053,0.0001,2.501252581998415,success,,,True,True,-126289262.05766082,126289262.05766082,-15.765767047615139,15.765767047615139,-0.1576576704761514
36,20260852,long_emerging_no_break,constant,long,emerging,False,none,regularized_poisson,ceded,164392376.64610615,386555486.37458676,550947863.0206928,436150092.01702565,0.1,2.178448198999831,success,,,True,True,49594605.64243889,49594605.64243889,12.829880157070091,12.829880157070091,0.12829880157070092
36,20260852,long_emerging_no_break,constant,long,emerging,False,none,regularized_poisson_break_interaction,gross,1194187658.329935,801034682.7797661,1995222341.1097014,674748397.3618162,0.0001,2.323688381999091,success,,,True,True,-126286285.41794991,126286285.41794991,-15.765395448260591,15.765395448260591,-0.1576539544826059
36,20260852,long_emerging_no_break,constant,long,emerging,False,none,regularized_poisson_break_interaction,ceded,164392376.64610615,386555486.37458676,550947863.0206928,436150092.0173385,0.1,2.232758840000315,success,,,True,True,49594605.64275175,49594605.64275175,12.829880157151027,12.829880157151027,0.12829880157151027
36,20260852,long_shock_no_break,constant,long,shock,False,none,regularized_poisson,gross,1214660502.1741142,901751895.9175947,2116412398.0917087,820545614.4527483,0.0001,2.5718330749987217,success,,,True,True,-81206281.46484637,81206281.46484637,-9.005390710292147,9.005390710292147,-0.09005390710292147
36,20260852,long_shock_no_break,constant,long,shock,False,none,regularized_poisson,ceded,170390306.01313472,475657647.85271573,646047953.8658504,479953230.5924499,0.1,2.156558362999931,success,,,True,True,4295582.739734173,4295582.739734173,0.90308287044809,0.90308287044809,0.0090308287044809
36,20260852,long_shock_no_break,constant,long,shock,False,none,regularized_poisson_break_interaction,gross,1214660502.1741142,901751895.9175947,2116412398.0917087,820547262.7767053,0.0001,2.344278063999809,success,,,True,True,-81204633.1408894,81204633.1408894,-9.005207918998396,9.005207918998396,-0.09005207918998395
36,20260852,long_shock_no_break,constant,long,shock,False,none,regularized_poisson_break_interaction,ceded,170390306.01313472,475657647.85271573,646047953.8658504,479953230.5924496,0.1,2.2148382369996398,success,,,True,True,4295582.739733875,4295582.739733875,0.9030828704480274,0.9030828704480274,0.009030828704480274
36,20260852,long_stable_break,constant,long,stable,True,none,regularized_poisson,gross,1263932445.713696,548717274.3071092,1812649720.020805,791762517.3394465,0.001,2.4377928339999926,success,,,True,True,243045243.0323373,243045243.0323373,44.29334639395886,44.29334639395886,0.4429334639395886
36,20260852,long_stable_break,constant,long,stable,True,none,regularized_poisson,ceded,182713749.30562484,225883142.35749954,408596891.6631244,369095358.92928725,0.1,2.1966333119999035,success,,,True,True,143212216.57178771,143212216.57178771,63.401020136832244,63.401020136832244,0.6340102013683224
36,20260852,long_stable_break,constant,long,stable,True,none,regularized_poisson_break_interaction,gross,1263932445.713696,548717274.3071092,1812649720.020805,784358817.151953,0.1,2.5295343610014243,success,,,True,True,235641542.84484375,235641542.84484375,42.944072271535326,42.944072271535326,0.4294407227153533
36,20260852,long_stable_break,constant,long,stable,True,none,regularized_poisson_break_interaction,ceded,182713749.30562484,225883142.35749954,408596891.6631244,287386654.5593251,0.1,3.1710229109994543,success,,,True,True,61503512.20182556,61503512.20182556,27.228022224201887,27.228022224201887,0.27228022224201887
36,20260852,long_emerging_break,constant,long,emerging,True,none,regularized_poisson,gross,1291787820.3999248,626685541.6008736,1918473362.000799,792262375.3941854,0.001,2.7161361609978485,success,,,True,True,165576833.79331183,165576833.79331183,26.421039389283564,26.421039389283564,0.2642103938928356
36,20260852,long_emerging_break,constant,long,emerging,True,none,regularized_poisson,ceded,192300750.61002493,298373766.60150135,490674517.2115263,491249489.2178184,0.1,2.358237389998976,success,,,True,True,192875722.61631703,192875722.61631703,64.64231920023848,64.64231920023848,0.6464231920023847
36,20260852,long_emerging_break,constant,long,emerging,True,none,regularized_poisson_break_interaction,gross,1291787820.3999248,626685541.6008736,1918473362.000799,799552495.4687222,0.0001,2.910549922999053,success,,,True,True,172866953.86784863,172866953.86784863,27.58432138489401,27.58432138489401,0.2758432138489401
36,20260852,long_emerging_break,constant,long,emerging,True,none,regularized_poisson_break_interaction,ceded,192300750.61002493,298373766.60150135,490674517.2115263,409298656.5982609,0.1,3.231133780001983,success,,,True,True,110924889.99675953,110924889.99675953,37.17648882480588,37.17648882480588,0.3717648882480588
36,20260852,long_shock_break,constant,long,shock,True,none,regularized_poisson,gross,1315441177.1209202,704931598.8429883,2020372775.9639087,968203273.823607,0.0001,2.6258695050019014,success,,,True,True,263271674.98061872,263271674.98061872,37.347123524144656,37.347123524144656,0.3734712352414466
36,20260852,long_shock_break,constant,long,shock,True,none,regularized_poisson,ceded,200394510.8549237,369844933.2565078,570239444.1114315,554240892.9710156,0.1,2.348014120998414,success,,,True,True,184395959.71450776,184395959.71450776,49.85764117163639,49.85764117163639,0.49857641171636385
36,20260852,long_shock_break,constant,long,shock,True,none,regularized_poisson_break_interaction,gross,1315441177.1209202,704931598.8429883,2020372775.9639087,958845276.7575357,0.0001,2.7241989110007125,success,,,True,True,253913677.91454744,253913677.91454744,36.019619255442464,36.019619255442464,0.36019619255442464
36,20260852,long_shock_break,constant,long,shock,True,none,regularized_poisson_break_interaction,ceded,200394510.8549237,369844933.2565078,570239444.1114315,454865819.00358975,0.1,3.259165899002255,success,,,True,True,85020885.74708194,85020885.74708194,22.988252130012356,22.988252130012356,0.22988252130012357
37,20260853,short_stable_no_break,constant,short,stable,False,none,regularized_poisson,gross,1543569586.0997567,83948525.57900588,1627518111.6787627,102379679.93876632,0.01,2.051730877999944,success,,,True,True,18431154.359760433,18431154.359760433,21.95530443523329,21.95530443523329,0.21955304435233292
37,20260853,short_stable_no_break,constant,short,stable,False,none,regularized_poisson,ceded,293223819.3186947,44777687.51000127,338001506.828696,40865762.58980049,0.001,1.8492587900000217,success,,,True,True,-3911924.92020078,3911924.92020078,-8.736326366400759,8.736326366400759,-0.08736326366400758
37,20260853,short_stable_no_break,constant,short,stable,False,none,regularized_poisson_break_interaction,gross,1543569586.0997567,83948525.57900588,1627518111.6787627,102379679.9412016,0.01,2.12075632199776,success,,,True,True,18431154.362195715,18431154.362195715,21.955304438134217,21.955304438134217,0.21955304438134216
37,20260853,short_stable_no_break,constant,short,stable,False,none,regularized_poisson_break_interaction,ceded,293223819.3186947,44777687.51000127,338001506.828696,40865762.57543451,0.001,1.9750410599990573,success,,,True,True,-3911924.9345667586,3911924.9345667586,-8.736326398483653,8.736326398483653,-0.08736326398483653
37,20260853,short_emerging_no_break,constant,short,emerging,False,none,regularized_poisson,gross,1565009275.9365628,93165068.26747675,1658174344.2040393,97976116.17933373,0.0001,2.1095851399986714,success,,,True,True,4811047.911856979,4811047.911856979,5.164004064317829,5.164004064317829,0.05164004064317829
37,20260853,short_emerging_no_break,constant,short,emerging,False,none,regularized_poisson,ceded,304732750.9802174,55556780.25223562,360289531.23245305,55399568.704409994,0.0001,2.0084379539985093,success,,,True,True,-157211.54782562703,157211.54782562703,-0.2829745480423171,0.2829745480423171,-0.002829745480423171
37,20260853,short_emerging_no_break,constant,short,emerging,False,none,regularized_poisson_break_interaction,gross,1565009275.9365628,93165068.26747675,1658174344.2040393,97976116.20081809,0.0001,2.121068109998305,success,,,True,True,4811047.933341339,4811047.933341339,5.164004087378361,5.164004087378361,0.051640040873783606
37,20260853,short_emerging_no_break,constant,short,emerging,False,none,regularized_poisson_break_interaction,ceded,304732750.9802174,55556780.25223562,360289531.23245305,55399568.70775235,0.0001,1.9430187820034917,success,,,True,True,-157211.54448327422,157211.54448327422,-0.28297454202621464,0.28297454202621464,-0.0028297454202621465
37,20260853,short_shock_no_break,constant,short,shock,False,none,regularized_poisson,gross,1582675758.605577,104432409.07019822,1687108167.675775,110744232.84051871,0.0001,2.2718397839998943,success,,,True,True,6311823.77032049,6311823.77032049,6.043931980998119,6.043931980998119,0.060439319809981185
37,20260853,short_shock_no_break,constant,short,shock,False,none,regularized_poisson,ceded,314922397.1159244,70006630.76242268,384929027.87834716,70872231.94938874,0.0001,2.3499593349988572,success,,,True,True,865601.1869660616,865601.1869660616,1.2364560007231322,1.2364560007231322,0.012364560007231323
37,20260853,short_shock_no_break,constant,short,shock,False,none,regularized_poisson_break_interaction,gross,1582675758.605577,104432409.07019822,1687108167.675775,110744232.66585878,0.0001,2.843550530000357,success,,,True,True,6311823.595660552,6311823.595660552,6.043931813751246,6.043931813751246,0.06043931813751246
37,20260853,short_shock_no_break,constant,short,shock,False,none,regularized_poisson_break_interaction,ceded,314922397.1159244,70006630.76242268,384929027.87834716,70872231.95172788,0.0001,2.115070387000742,success,,,True,True,865601.1893052012,865601.1893052012,1.2364560040644437,1.2364560040644437,0.012364560040644438
37,20260853,long_stable_no_break,constant,long,stable,False,none,regularized_poisson,gross,1260414374.5680401,642954360.8421648,1903368735.4102051,698431244.0286936,0.001,2.704351382999448,success,,,True,True,55476883.1865288,55476883.1865288,8.628432524178416,8.628432524178416,0.08628432524178417
37,20260853,long_stable_no_break,constant,long,stable,False,none,regularized_poisson,ceded,220316378.33218807,275566464.44821846,495882842.7804066,249326464.77791607,0.1,2.0545079609983077,success,,,True,True,-26239999.67030239,26239999.67030239,-9.522203553630575,9.522203553630575,-0.09522203553630575
37,20260853,long_stable_no_break,constant,long,stable,False,none,regularized_poisson_break_interaction,gross,1260414374.5680401,642954360.8421648,1903368735.4102051,698431305.8062512,0.001,2.214992610999616,success,,,True,True,55476944.96408641,55476944.96408641,8.628442132567654,8.628442132567654,0.08628442132567654
37,20260853,long_stable_no_break,constant,long,stable,False,none,regularized_poisson_break_interaction,ceded,220316378.33218807,275566464.44821846,495882842.7804066,249326464.77791613,0.1,2.1212058040000557,success,,,True,True,-26239999.67030233,26239999.67030233,-9.522203553630552,9.522203553630552,-0.09522203553630552
37,20260853,long_emerging_no_break,constant,long,emerging,False,none,regularized_poisson,gross,1285683099.4879563,747082931.3936037,2032766030.8815596,669501037.7730447,0.01,2.6405432569990808,success,,,True,True,-77581893.62055898,77581893.62055898,-10.38464276995838,10.38464276995838,-0.10384642769958378
37,20260853,long_emerging_no_break,constant,long,emerging,False,none,regularized_poisson,ceded,227453620.20548162,368065063.67763555,595518683.8831171,304710360.01659685,0.1,2.316479890003393,success,,,True,True,-63354703.6610387,63354703.6610387,-17.21290877977134,17.21290877977134,-0.17212908779771338
37,20260853,long_emerging_no_break,constant,long,emerging,False,none,regularized_poisson_break_interaction,gross,1285683099.4879563,747082931.3936037,2032766030.8815596,669501242.729328,0.01,2.4613778720013215,success,,,True,True,-77581688.66427565,77581688.66427565,-10.384615335750647,10.384615335750647,-0.10384615335750647
37,20260853,long_emerging_no_break,constant,long,emerging,False,none,regularized_poisson_break_interaction,ceded,227453620.20548162,368065063.67763555,595518683.8831171,304710360.0171198,0.1,2.422213282003213,success,,,True,True,-63354703.660515726,63354703.660515726,-17.212908779629252,17.212908779629252,-0.17212908779629252
37,20260853,long_shock_no_break,constant,long,shock,False,none,regularized_poisson,gross,1306943996.9756277,840927901.6283157,2147871898.6039433,836363835.3780751,0.001,2.533099346997915,success,,,True,True,-4564066.250240564,4564066.250240564,-0.5427416834907032,0.5427416834907032,-0.0054274168349070315
37,20260853,long_shock_no_break,constant,long,shock,False,none,regularized_poisson,ceded,232917061.2284178,451023852.19317865,683940913.4215964,324019253.87991315,0.1,2.2635219849980786,success,,,True,True,-127004598.3132655,127004598.3132655,-28.159175550402594,28.159175550402594,-0.28159175550402593
37,20260853,long_shock_no_break,constant,long,shock,False,none,regularized_poisson_break_interaction,gross,1306943996.9756277,840927901.6283157,2147871898.6039433,836363807.091932,0.001,2.434720562003349,success,,,True,True,-4564094.536383629,4564094.536383629,-0.5427450471730129,0.5427450471730129,-0.005427450471730128
37,20260853,long_shock_no_break,constant,long,shock,False,none,regularized_poisson_break_interaction,ceded,232917061.2284178,451023852.19317865,683940913.4215964,324019253.7355047,0.1,2.19880555599957,success,,,True,True,-127004598.45767397,127004598.45767397,-28.159175582420517,28.159175582420517,-0.28159175582420515
37,20260853,long_stable_break,constant,long,stable,True,none,regularized_poisson,gross,1356992759.2858267,502639009.28330755,1859631768.569134,833923921.5436298,0.01,2.430982812998991,success,,,True,True,331284912.2603222,331284912.2603222,65.90911293030915,65.90911293030915,0.6590911293030914
37,20260853,long_stable_break,constant,long,stable,True,none,regularized_poisson,ceded,246160588.80903593,216265281.0484224,462425869.85745835,293238128.67028505,0.1,2.3280186369993316,success,,,True,True,76972847.62186265,76972847.62186265,35.591865346443754,35.591865346443754,0.3559186534644376
37,20260853,long_stable_break,constant,long,stable,True,none,regularized_poisson_break_interaction,gross,1356992759.2858267,502639009.28330755,1859631768.569134,802389255.6051264,1.0,2.536219361998519,success,,,True,True,299750246.3218188,299750246.3218188,59.635293080260624,59.635293080260624,0.5963529308026062
37,20260853,long_stable_break,constant,long,stable,True,none,regularized_poisson_break_interaction,ceded,246160588.80903593,216265281.0484224,462425869.85745835,249031955.64155596,0.1,3.2952633280001464,success,,,True,True,32766674.59313357,32766674.59313357,15.151148827165198,15.151148827165198,0.15151148827165198
37,20260853,long_emerging_break,constant,long,emerging,True,none,regularized_poisson,gross,1385902786.217814,573192608.4815664,1959095394.6993804,823981652.4933717,0.01,2.7546783729994786,success,,,True,True,250789044.0118053,250789044.0118053,43.75301430982611,43.75301430982611,0.4375301430982611
37,20260853,long_emerging_break,constant,long,emerging,True,none,regularized_poisson,ceded,256743789.89922518,280012844.6247065,536756634.5239317,358663389.9382984,0.1,2.438560663998942,success,,,True,True,78650545.3135919,78650545.3135919,28.088191960981305,28.088191960981305,0.28088191960981307
37,20260853,long_emerging_break,constant,long,emerging,True,none,regularized_poisson_break_interaction,gross,1385902786.217814,573192608.4815664,1959095394.6993804,882835264.903328,1.0,2.7848835540025902,success,,,True,True,309642656.4217615,309642656.4217615,54.02069947168893,54.02069947168893,0.5402069947168893
37,20260853,long_emerging_break,constant,long,emerging,True,none,regularized_poisson_break_interaction,ceded,256743789.89922518,280012844.6247065,536756634.5239317,332999692.2564711,0.1,3.393474011998478,success,,,True,True,52986847.63176459,52986847.63176459,18.92300608666056,18.92300608666056,0.1892300608666056
37,20260853,long_shock_break,constant,long,shock,True,none,regularized_poisson,gross,1410295688.1262074,644659046.3804226,2054954734.5066304,993352517.3125116,0.01,2.686218089002068,success,,,True,True,348693470.932089,348693470.932089,54.089595560615145,54.089595560615145,0.5408959556061514
37,20260853,long_shock_break,constant,long,shock,True,none,regularized_poisson,ceded,265471573.6560725,344271507.54818845,609743081.204261,411218615.53035927,0.1,2.4330738019998535,success,,,True,True,66947107.98217082,66947107.98217082,19.44602051414321,19.44602051414321,0.1944602051414321
37,20260853,long_shock_break,constant,long,shock,True,none,regularized_poisson_break_interaction,gross,1410295688.1262074,644659046.3804226,2054954734.5066304,1015229756.5701864,0.1,2.730085646999214,success,,,True,True,370570710.1897638,370570710.1897638,57.4832094997213,57.4832094997213,0.574832094997213
37,20260853,long_shock_break,constant,long,shock,True,none,regularized_poisson_break_interaction,ceded,265471573.6560725,344271507.54818845,609743081.204261,376067015.8911185,0.1,3.361523371997464,success,,,True,True,31795508.34293008,31795508.34293008,9.2355909931,9.2355909931,0.092355909931
38,20260854,short_stable_no_break,constant,short,stable,False,none,regularized_poisson,gross,1581800976.291488,101511072.491788,1683312048.783276,126776570.1283172,0.001,2.1383010579993424,success,,,True,True,25265497.636529207,25265497.636529207,24.889400748448526,24.889400748448526,0.24889400748448526
38,20260854,short_stable_no_break,constant,short,stable,False,none,regularized_poisson,ceded,293240790.72001183,42850688.332212985,336091479.0522248,66874449.85746895,0.001,1.823990558998048,success,,,True,True,24023761.525255963,24023761.525255963,56.06388709325846,56.06388709325846,0.5606388709325846
38,20260854,short_stable_no_break,constant,short,stable,False,none,regularized_poisson_break_interaction,gross,1581800976.291488,101511072.491788,1683312048.783276,126776570.12806542,0.001,2.078359103001276,success,,,True,True,25265497.636277422,25265497.636277422,24.889400748200487,24.889400748200487,0.24889400748200488
38,20260854,short_stable_no_break,constant,short,stable,False,none,regularized_poisson_break_interaction,ceded,293240790.72001183,42850688.332212985,336091479.0522248,66874449.828495316,0.001,1.9112527930010401,success,,,True,True,24023761.49628233,24023761.49628233,56.06388702564313,56.06388702564313,0.5606388702564313
38,20260854,short_emerging_no_break,constant,short,emerging,False,none,regularized_poisson,gross,1608362458.8552413,112646768.9247545,1721009227.779996,113765506.7255391,0.001,2.257676602999709,success,,,True,True,1118737.8007846028,1118737.8007846028,0.9931379403628473,0.9931379403628473,0.009931379403628473
38,20260854,short_emerging_no_break,constant,short,emerging,False,none,regularized_poisson,ceded,306331363.52348995,55946590.89043021,362277954.4139202,67687445.25089394,0.01,1.8339049280002655,success,,,True,True,11740854.360463724,11740854.360463724,20.98582625607671,20.98582625607671,0.2098582625607671
38,20260854,short_emerging_no_break,constant,short,emerging,False,none,regularized_poisson_break_interaction,gross,1608362458.8552413,112646768.9247545,1721009227.779996,113765506.77752978,0.001,2.1584044029987126,success,,,True,True,1118737.8527752757,1118737.8527752757,0.993137986516566,0.993137986516566,0.00993137986516566
38,20260854,short_emerging_no_break,constant,short,emerging,False,none,regularized_poisson_break_interaction,ceded,306331363.52348995,55946590.89043021,362277954.4139202,67687445.2508967,0.01,1.940254412998911,success,,,True,True,11740854.360466495,11740854.360466495,20.985826256081662,20.985826256081662,0.20985826256081663
38,20260854,short_shock_no_break,constant,short,shock,False,none,regularized_poisson,gross,1630738379.6482232,126271075.07221937,1757009454.7204423,130905745.3736476,0.0001,2.257742555997538,success,,,True,True,4634670.301428229,4634670.301428229,3.670413274597907,3.670413274597907,0.03670413274597907
38,20260854,short_shock_no_break,constant,short,shock,False,none,regularized_poisson,ceded,317155417.78367734,73199320.98395583,390354738.76763314,83667488.50001392,0.01,1.9067980410000018,success,,,True,True,10468167.516058087,10468167.516058087,14.300907952892828,14.300907952892828,0.14300907952892827
38,20260854,short_shock_no_break,constant,short,shock,False,none,regularized_poisson_break_interaction,gross,1630738379.6482232,126271075.07221937,1757009454.7204423,130905744.58278188,0.0001,2.1784497920016292,success,,,True,True,4634669.510562509,4634669.510562509,3.6704126482741675,3.6704126482741675,0.03670412648274168
38,20260854,short_shock_no_break,constant,short,shock,False,none,regularized_poisson_break_interaction,ceded,317155417.78367734,73199320.98395583,390354738.76763314,83667488.50969997,0.01,1.9995582070005185,success,,,True,True,10468167.52574414,10468167.52574414,14.300907966125262,14.300907966125262,0.14300907966125262
38,20260854,long_stable_no_break,constant,long,stable,False,none,regularized_poisson,gross,1206855788.3593411,756118517.7845571,1962974306.143898,806943017.6975448,0.0001,2.4289359699978377,success,,,True,True,50824499.91298771,50824499.91298771,6.721763680898141,6.721763680898141,0.0672176368089814
38,20260854,long_stable_no_break,constant,long,stable,False,none,regularized_poisson,ceded,188181054.6006414,306004779.9733002,494185834.5739415,487177855.763979,0.1,2.078517052999814,success,,,True,True,181173075.7906788,181173075.7906788,59.20596266714744,59.20596266714744,0.5920596266714744
38,20260854,long_stable_no_break,constant,long,stable,False,none,regularized_poisson_break_interaction,gross,1206855788.3593411,756118517.7845571,1962974306.143898,806943101.9829898,0.0001,2.3433370940001623,success,,,True,True,50824584.198432684,50824584.198432684,6.721774828018995,6.721774828018995,0.06721774828018995
38,20260854,long_stable_no_break,constant,long,stable,False,none,regularized_poisson_break_interaction,ceded,188181054.6006414,306004779.9733002,494185834.5739415,487177855.7640315,0.1,2.07075781399908,success,,,True,True,181173075.7907313,181173075.7907313,59.2059626671646,59.2059626671646,0.592059626671646
38,20260854,long_emerging_no_break,constant,long,emerging,False,none,regularized_poisson,gross,1234225077.1844044,879407324.6027645,2113632401.7871685,832824237.3140464,0.001,2.5656265519974113,success,,,True,True,-46583087.288718104,46583087.288718104,-5.297100215734509,5.297100215734509,-0.052971002157345085
38,20260854,long_emerging_no_break,constant,long,emerging,False,none,regularized_poisson,ceded,197414845.3863646,406746810.9691389,604161656.3555036,692200411.2381666,0.1,2.350553932999901,success,,,True,True,285453600.26902765,285453600.26902765,70.1796775219673,70.1796775219673,0.7017967752196731
38,20260854,long_emerging_no_break,constant,long,emerging,False,none,regularized_poisson_break_interaction,gross,1234225077.1844044,879407324.6027645,2113632401.7871685,832821727.175437,0.001,2.3922460290013987,success,,,True,True,-46585597.42732751,46585597.42732751,-5.2973856509974615,5.2973856509974615,-0.05297385650997461
38,20260854,long_emerging_no_break,constant,long,emerging,False,none,regularized_poisson_break_interaction,ceded,197414845.3863646,406746810.9691389,604161656.3555036,692200411.2381669,0.1,2.217274793998513,success,,,True,True,285453600.269028,285453600.269028,70.17967752196739,70.17967752196739,0.701796775219674
38,20260854,long_shock_no_break,constant,long,shock,False,none,regularized_poisson,gross,1257717024.478458,989982657.6689515,2247699682.1474094,999551635.714657,0.0001,2.7067846299978555,success,,,True,True,9568978.045705438,9568978.045705438,0.9665803710377002,0.9665803710377002,0.009665803710377003
38,20260854,long_shock_no_break,constant,long,shock,False,none,regularized_poisson,ceded,204917072.06193167,498152941.3919744,703070013.453906,730978412.4084116,0.1,2.1976623500013375,success,,,True,True,232825471.01643723,232825471.01643723,46.737748926235334,46.737748926235334,0.46737748926235334
38,20260854,long_shock_no_break,constant,long,shock,False,none,regularized_poisson_break_interaction,gross,1257717024.478458,989982657.6689515,2247699682.1474094,999553519.1384248,0.0001,2.405427937999775,success,,,True,True,9570861.469473243,9570861.469473243,0.9667706191954043,0.9667706191954043,0.009667706191954043
38,20260854,long_shock_no_break,constant,long,shock,False,none,regularized_poisson_break_interaction,ceded,204917072.06193167,498152941.3919744,703070013.453906,730978412.4083905,0.1,2.1197652840019146,success,,,True,True,232825471.01641613,232825471.01641613,46.7377489262311,46.7377489262311,0.467377489262311
38,20260854,long_stable_break,constant,long,stable,True,none,regularized_poisson,gross,1320125183.519459,590713333.2441022,1910838516.7635617,949028547.2867627,0.0001,2.6229516089988465,success,,,True,True,358315214.0426605,358315214.0426605,60.658054233320115,60.658054233320115,0.6065805423332011
38,20260854,long_stable_break,constant,long,stable,True,none,regularized_poisson,ceded,217411486.7157335,240838392.9348655,458249879.650599,552054835.3322289,0.1,2.1961555870002485,success,,,True,True,311216442.3973634,311216442.3973634,129.22210558078734,129.22210558078734,1.2922210558078735
38,20260854,long_stable_break,constant,long,stable,True,none,regularized_poisson_break_interaction,gross,1320125183.519459,590713333.2441022,1910838516.7635617,963697872.5920546,0.1,2.6946447619993705,success,,,True,True,372984539.34795237,372984539.34795237,63.141378119837164,63.141378119837164,0.6314137811983717
38,20260854,long_stable_break,constant,long,stable,True,none,regularized_poisson_break_interaction,ceded,217411486.7157335,240838392.9348655,458249879.650599,425943008.40024775,0.1,3.1543477099985466,success,,,True,True,185104615.46538225,185104615.46538225,76.85843324633194,76.85843324633194,0.7685843324633195
38,20260854,long_emerging_break,constant,long,emerging,True,none,regularized_poisson,gross,1351925952.3326542,673701907.4173647,2025627859.7500188,981423795.6046748,0.001,2.9025656029989477,success,,,True,True,307721888.1873101,307721888.1873101,45.67626791602261,45.67626791602261,0.4567626791602261
38,20260854,long_emerging_break,constant,long,emerging,True,none,regularized_poisson,ceded,229182517.23708963,312303097.24901414,541485614.4861038,753915817.8988904,0.1,2.3406115190009587,success,,,True,True,441612720.64987624,441612720.64987624,141.40516842129088,141.40516842129088,1.4140516842129087
38,20260854,long_emerging_break,constant,long,emerging,True,none,regularized_poisson_break_interaction,gross,1351925952.3326542,673701907.4173647,2025627859.7500188,999440977.6723365,0.0001,3.0681750170006126,success,,,True,True,325739070.25497174,325739070.25497174,48.35062312702839,48.35062312702839,0.4835062312702839
38,20260854,long_emerging_break,constant,long,emerging,True,none,regularized_poisson_break_interaction,ceded,229182517.23708963,312303097.24901414,541485614.4861038,614351508.9467196,0.1,3.3237909149975167,success,,,True,True,302048411.6977055,302048411.6977055,96.7164316839509,96.7164316839509,0.967164316839509
38,20260854,long_shock_break,constant,long,shock,True,none,regularized_poisson,gross,1379091025.5037467,757774575.3067439,2136865600.8104906,1171499998.20004,0.001,2.9134525720000966,success,,,True,True,413725422.89329624,413725422.89329624,54.59742730558386,54.59742730558386,0.5459742730558386
38,20260854,long_shock_break,constant,long,shock,True,none,regularized_poisson,ceded,239179555.45596355,384335613.89886,623515169.3548235,811888439.7768276,0.1,2.342785682001704,success,,,True,True,427552825.8779676,427552825.8779676,111.24465451970332,111.24465451970332,1.1124465451970331
38,20260854,long_shock_break,constant,long,shock,True,none,regularized_poisson_break_interaction,gross,1379091025.5037467,757774575.3067439,2136865600.8104906,1181330733.0798569,0.0001,3.182816840999294,success,,,True,True,423556157.773113,423556157.773113,55.89474384273968,55.89474384273968,0.5589474384273968
38,20260854,long_shock_break,constant,long,shock,True,none,regularized_poisson_break_interaction,ceded,239179555.45596355,384335613.89886,623515169.3548235,655331464.2516717,0.1,3.2770777069999895,success,,,True,True,270995850.3528117,270995850.3528117,70.51021049122076,70.51021049122076,0.7051021049122076
39,20260855,short_stable_no_break,constant,short,stable,False,none,regularized_poisson,gross,1617444367.4433131,133031161.75087953,1750475529.1941926,133072663.27687892,0.001,2.163329557999532,success,,,True,True,41501.52599939704,41501.52599939704,0.031196845500841952,0.031196845500841952,0.00031196845500841954
39,20260855,short_stable_no_break,constant,short,stable,False,none,regularized_poisson,ceded,272375560.54572684,62043310.71688711,334418871.262614,64603571.29864201,0.001,1.8307142489975377,success,,,True,True,2560260.5817549005,2560260.5817549005,4.1265698947590845,4.1265698947590845,0.04126569894759085
39,20260855,short_stable_no_break,constant,short,stable,False,none,regularized_poisson_break_interaction,gross,1617444367.4433131,133031161.75087953,1750475529.1941926,133072663.1999966,0.001,2.035350415000721,success,,,True,True,41501.44911707938,41501.44911707938,0.031196787708128837,0.031196787708128837,0.00031196787708128837
39,20260855,short_stable_no_break,constant,short,stable,False,none,regularized_poisson_break_interaction,ceded,272375560.54572684,62043310.71688711,334418871.262614,64603571.29991913,0.001,1.8992445450021478,success,,,True,True,2560260.5830320194,2560260.5830320194,4.126569896817516,4.126569896817516,0.04126569896817516
39,20260855,short_emerging_no_break,constant,short,emerging,False,none,regularized_poisson,gross,1645203594.0650148,148125613.36085498,1793329207.4258695,119495406.23545408,0.01,2.1402911549994315,success,,,True,True,-28630207.1254009,28630207.1254009,-19.32832983830667,19.32832983830667,-0.19328329838306668
39,20260855,short_emerging_no_break,constant,short,emerging,False,none,regularized_poisson,ceded,286572289.4827907,77381440.70153117,363953730.18432176,63962492.50200425,0.01,1.9239260219983407,success,,,True,True,-13418948.19952692,13418948.19952692,-17.341300546839516,17.341300546839516,-0.17341300546839516
39,20260855,short_emerging_no_break,constant,short,emerging,False,none,regularized_poisson_break_interaction,gross,1645203594.0650148,148125613.36085498,1793329207.4258695,119495406.28868479,0.01,2.118510337997577,success,,,True,True,-28630207.072170198,28630207.072170198,-19.328329802370476,19.328329802370476,-0.19328329802370475
39,20260855,short_emerging_no_break,constant,short,emerging,False,none,regularized_poisson_break_interaction,ceded,286572289.4827907,77381440.70153117,363953730.18432176,63962492.50201155,0.01,1.9350791460019536,success,,,True,True,-13418948.19951962,13418948.19951962,-17.34130054683008,17.34130054683008,-0.1734130054683008
39,20260855,short_shock_no_break,constant,short,shock,False,none,regularized_poisson,gross,1667852609.888075,166188215.0004006,1834040824.8884761,134215343.65000626,0.001,2.082812319000368,success,,,True,True,-31972871.35039434,31972871.35039434,-19.23895226284082,19.23895226284082,-0.1923895226284082
39,20260855,short_shock_no_break,constant,short,shock,False,none,regularized_poisson,ceded,299170940.7609899,96892399.45970033,396063340.22069025,78223193.87371047,0.01,1.899313230002008,success,,,True,True,-18669205.585989863,18669205.585989863,-19.26797735435873,19.26797735435873,-0.1926797735435873
39,20260855,short_shock_no_break,constant,short,shock,False,none,regularized_poisson_break_interaction,gross,1667852609.888075,166188215.0004006,1834040824.8884761,134215343.70431888,0.001,2.151344711001002,success,,,True,True,-31972871.29608172,31972871.29608172,-19.23895223015943,19.23895223015943,-0.1923895223015943
39,20260855,short_shock_no_break,constant,short,shock,False,none,regularized_poisson_break_interaction,ceded,299170940.7609899,96892399.45970033,396063340.22069025,78223193.87367544,0.01,2.0345457940020424,success,,,True,True,-18669205.586024895,18669205.586024895,-19.267977354394887,19.267977354394887,-0.19267977354394888
39,20260855,long_stable_no_break,constant,long,stable,False,none,regularized_poisson,gross,1234900191.2718046,807488237.7061844,2042388428.977989,872738156.2677327,0.001,2.313007471999299,success,,,True,True,65249918.56154835,65249918.56154835,8.080602975332802,8.080602975332802,0.08080602975332803
39,20260855,long_stable_no_break,constant,long,stable,False,none,regularized_poisson,ceded,169240373.1389302,329251731.71843934,498492104.85736954,430638975.77990925,0.01,2.080435109000973,success,,,True,True,101387244.06146991,101387244.06146991,30.793230314175396,30.793230314175396,0.30793230314175396
39,20260855,long_stable_no_break,constant,long,stable,False,none,regularized_poisson_break_interaction,gross,1234900191.2718046,807488237.7061844,2042388428.977989,872738075.4296669,0.001,2.255663784002536,success,,,True,True,65249837.72348249,65249837.72348249,8.08059296428099,8.08059296428099,0.0808059296428099
39,20260855,long_stable_no_break,constant,long,stable,False,none,regularized_poisson_break_interaction,ceded,169240373.1389302,329251731.71843934,498492104.85736954,430638976.0713194,0.01,2.0509025440005644,success,,,True,True,101387244.35288006,101387244.35288006,30.793230402682187,30.793230402682187,0.30793230402682187
39,20260855,long_emerging_no_break,constant,long,emerging,False,none,regularized_poisson,gross,1264180447.4162803,942266835.8988371,2206447283.315118,927572690.7006311,0.01,2.6565077009981906,success,,,True,True,-14694145.198205948,14694145.198205948,-1.5594462882893534,1.5594462882893534,-0.015594462882893534
39,20260855,long_emerging_no_break,constant,long,emerging,False,none,regularized_poisson,ceded,178442540.3238128,445548978.2166198,623991518.5404326,626591364.6867224,0.01,2.125769169000705,success,,,True,True,181042386.4701026,181042386.4701026,40.633554406241345,40.633554406241345,0.40633554406241346
39,20260855,long_emerging_no_break,constant,long,emerging,False,none,regularized_poisson_break_interaction,gross,1264180447.4162803,942266835.8988371,2206447283.315118,927571611.2262291,0.01,2.410499982001056,success,,,True,True,-14695224.672608018,14695224.672608018,-1.5595608497236462,1.5595608497236462,-0.01559560849723646
39,20260855,long_emerging_no_break,constant,long,emerging,False,none,regularized_poisson_break_interaction,ceded,178442540.3238128,445548978.2166198,623991518.5404326,626591364.6772052,0.01,2.208444533000147,success,,,True,True,181042386.46058542,181042386.46058542,40.63355440410529,40.63355440410529,0.4063355440410529
39,20260855,long_shock_no_break,constant,long,shock,False,none,regularized_poisson,gross,1289291116.8916402,1060826218.4463428,2350117335.337983,1100324183.1757119,0.01,2.551811434997944,success,,,True,True,39497964.729369044,39497964.729369044,3.723320940089196,3.723320940089196,0.03723320940089196
39,20260855,long_shock_no_break,constant,long,shock,False,none,regularized_poisson,ceded,186260815.41373765,549188294.1231586,735449109.5368961,683830625.5459048,0.01,2.175579971000843,success,,,True,True,134642331.42274618,134642331.42274618,24.516606210210277,24.516606210210277,0.2451660621021028
39,20260855,long_shock_no_break,constant,long,shock,False,none,regularized_poisson_break_interaction,gross,1289291116.8916402,1060826218.4463428,2350117335.337983,1100324202.7364,0.01,2.402247535999777,success,,,True,True,39497984.29005706,39497984.29005706,3.723322783999884,3.723322783999884,0.03723322783999884
39,20260855,long_shock_no_break,constant,long,shock,False,none,regularized_poisson_break_interaction,ceded,186260815.41373765,549188294.1231586,735449109.5368961,683830626.4787278,0.01,2.2153112749983848,success,,,True,True,134642332.35556924,134642332.35556924,24.51660638006515,24.51660638006515,0.24516606380065148
39,20260855,long_stable_break,constant,long,stable,True,none,regularized_poisson,gross,1367613255.9517994,616181844.9205705,1983795100.8723698,1050962508.3989909,0.001,2.4597250299993902,success,,,True,True,434780663.4784204,434780663.4784204,70.56044689769563,70.56044689769563,0.7056044689769563
39,20260855,long_stable_break,constant,long,stable,True,none,regularized_poisson,ceded,208418399.99882382,248628660.0713047,457047060.07012844,607464405.9192228,0.1,2.195718049999414,success,,,True,True,358835745.84791815,358835745.84791815,144.32597824603442,144.32597824603442,1.4432597824603444
39,20260855,long_stable_break,constant,long,stable,True,none,regularized_poisson_break_interaction,gross,1367613255.9517994,616181844.9205705,1983795100.8723698,974566139.9563198,1.0,2.505770276002295,success,,,True,True,358384295.0357493,358384295.0357493,58.16209906053743,58.16209906053743,0.5816209906053743
39,20260855,long_stable_break,constant,long,stable,True,none,regularized_poisson_break_interaction,ceded,208418399.99882382,248628660.0713047,457047060.07012844,311059345.3506342,1.0,3.1016975979982817,success,,,True,True,62430685.27932951,62430685.27932951,25.110011557567375,25.110011557567375,0.25110011557567374
39,20260855,long_emerging_break,constant,long,emerging,True,none,regularized_poisson,gross,1401885533.9993968,705695914.6879461,2107581448.687343,1129464977.2785625,0.01,2.8547338800017314,success,,,True,True,423769062.59061646,423769062.59061646,60.04981094130384,60.04981094130384,0.6004981094130384
39,20260855,long_emerging_break,constant,long,emerging,True,none,regularized_poisson,ceded,220314862.68303683,329071260.7806257,549386123.4636625,849741268.3424076,0.1,2.1930213650011865,success,,,True,True,520670007.5617819,520670007.5617819,158.22408992102316,158.22408992102316,1.5822408992102317
39,20260855,long_emerging_break,constant,long,emerging,True,none,regularized_poisson_break_interaction,gross,1401885533.9993968,705695914.6879461,2107581448.687343,1119880054.128541,1.0,2.821744367000065,success,,,True,True,414184139.4405949,414184139.4405949,58.69158809339917,58.69158809339917,0.5869158809339917
39,20260855,long_emerging_break,constant,long,emerging,True,none,regularized_poisson_break_interaction,ceded,220314862.68303683,329071260.7806257,549386123.4636625,674409414.0313957,0.1,3.050532678000309,success,,,True,True,345338153.25077,345338153.25077,104.9432735121128,104.9432735121128,1.049432735121128
39,20260855,long_shock_break,constant,long,shock,True,none,regularized_poisson,gross,1431099139.042084,793850831.1601005,2224949970.202185,1335100005.4109993,0.01,2.6207136689990875,success,,,True,True,541249174.2508988,541249174.2508988,68.1802113200461,68.1802113200461,0.6818021132004609
39,20260855,long_shock_break,constant,long,shock,True,none,regularized_poisson,ceded,229954473.71130925,411609718.6487835,641564192.3600928,900092488.1481595,0.1,2.2677921290014638,success,,,True,True,488482769.499376,488482769.499376,118.67619916821897,118.67619916821897,1.1867619916821897
39,20260855,long_shock_break,constant,long,shock,True,none,regularized_poisson_break_interaction,gross,1431099139.042084,793850831.1601005,2224949970.202185,1244973095.7121277,1.0,2.903808222999942,success,,,True,True,451122264.5520272,451122264.5520272,56.827082223089185,56.827082223089185,0.5682708222308919
39,20260855,long_shock_break,constant,long,shock,True,none,regularized_poisson_break_interaction,ceded,229954473.71130925,411609718.6487835,641564192.3600928,476960245.14319384,1.0,3.083270461000211,success,,,True,True,65350526.494410336,65350526.494410336,15.876818144367563,15.876818144367563,0.15876818144367563
40,20260856,short_stable_no_break,constant,short,stable,False,none,regularized_poisson,gross,1683538178.4583576,87949018.04320787,1771487196.5015655,110296895.06389323,0.0001,2.13534159199844,success,,,True,True,22347877.02068536,22347877.02068536,25.410035857030515,25.410035857030515,0.25410035857030516
40,20260856,short_stable_no_break,constant,short,stable,False,none,regularized_poisson,ceded,306146751.496003,38742016.33400515,344888767.8300081,45354951.88449914,0.001,1.8668582450009126,success,,,True,True,6612935.550493993,6612935.550493993,17.069156890240638,17.069156890240638,0.1706915689024064
40,20260856,short_stable_no_break,constant,short,stable,False,none,regularized_poisson_break_interaction,gross,1683538178.4583576,87949018.04320787,1771487196.5015655,110296895.06422703,0.0001,2.1127737189999607,success,,,True,True,22347877.02101916,22347877.02101916,25.410035857410058,25.410035857410058,0.25410035857410057
40,20260856,short_stable_no_break,constant,short,stable,False,none,regularized_poisson_break_interaction,ceded,306146751.496003,38742016.33400515,344888767.8300081,45354951.88449913,0.001,1.9525948709997465,success,,,True,True,6612935.550493985,6612935.550493985,17.06915689024062,17.06915689024062,0.1706915689024062
40,20260856,short_emerging_no_break,constant,short,emerging,False,none,regularized_poisson,gross,1706443695.2058828,97745686.8126559,1804189382.0185387,77381214.42673226,0.0001,2.183714909999253,success,,,True,True,-20364472.38592364,20364472.38592364,-20.83413913184238,20.83413913184238,-0.2083413913184238
40,20260856,short_emerging_no_break,constant,short,emerging,False,none,regularized_poisson,ceded,317834875.061412,49403368.69014619,367238243.7515581,40726657.168314405,0.01,1.9327146299983724,success,,,True,True,-8676711.521831788,8676711.521831788,-17.562995706328042,17.562995706328042,-0.1756299570632804
40,20260856,short_emerging_no_break,constant,short,emerging,False,none,regularized_poisson_break_interaction,gross,1706443695.2058828,97745686.8126559,1804189382.0185387,77381102.03440785,0.0001,2.1714169980004954,success,,,True,True,-20364584.778248042,20364584.778248042,-20.834254116276036,20.834254116276036,-0.20834254116276035
40,20260856,short_emerging_no_break,constant,short,emerging,False,none,regularized_poisson_break_interaction,ceded,317834875.061412,49403368.69014619,367238243.7515581,40726657.16831473,0.01,2.080366049998702,success,,,True,True,-8676711.52183146,8676711.52183146,-17.562995706327378,17.562995706327378,-0.17562995706327378
40,20260856,short_shock_no_break,constant,short,shock,False,none,regularized_poisson,gross,1724492257.7325313,109610270.24552748,1834102527.9780588,87719858.26866801,0.0001,2.0822251929967024,success,,,True,True,-21890411.976859465,21890411.976859465,-19.97113220122973,19.97113220122973,-0.19971132201229727
40,20260856,short_shock_no_break,constant,short,shock,False,none,regularized_poisson,ceded,326893997.8924973,62525344.66199358,389419342.55449086,53091965.45442949,0.1,1.965768398000364,success,,,True,True,-9433379.207564086,9433379.207564086,-15.087288616416414,15.087288616416414,-0.15087288616416414
40,20260856,short_shock_no_break,constant,short,shock,False,none,regularized_poisson_break_interaction,gross,1724492257.7325313,109610270.24552748,1834102527.9780588,87719858.17999619,0.0001,2.1277874059996975,success,,,True,True,-21890412.065531284,21890412.065531284,-19.97113228212709,19.97113228212709,-0.1997113228212709
40,20260856,short_shock_no_break,constant,short,shock,False,none,regularized_poisson_break_interaction,ceded,326893997.8924973,62525344.66199358,389419342.55449086,53091965.45064357,0.1,1.9846014110007673,success,,,True,True,-9433379.211350009,9433379.211350009,-15.087288622471437,15.087288622471437,-0.15087288622471437
40,20260856,long_stable_no_break,constant,long,stable,False,none,regularized_poisson,gross,1370002793.9745126,692555761.5870862,2062558555.5615983,864754694.1751719,0.0001,2.4598586940010136,success,,,True,True,172198932.58808565,172198932.58808565,24.864269729482615,24.864269729482615,0.24864269729482613
40,20260856,long_stable_no_break,constant,long,stable,False,none,regularized_poisson,ceded,221953904.2836685,272935019.0575721,494888923.3412406,351464734.5183504,0.1,2.1096396059983817,success,,,True,True,78529715.4607783,78529715.4607783,28.772312080705724,28.772312080705724,0.28772312080705725
40,20260856,long_stable_no_break,constant,long,stable,False,none,regularized_poisson_break_interaction,gross,1370002793.9745126,692555761.5870862,2062558555.5615983,864754650.7238382,0.0001,2.2990323129997705,success,,,True,True,172198889.136752,172198889.136752,24.864263455427,24.864263455427,0.24864263455427
40,20260856,long_stable_no_break,constant,long,stable,False,none,regularized_poisson_break_interaction,ceded,221953904.2836685,272935019.0575721,494888923.3412406,351464734.52660376,0.1,2.1092409849989053,success,,,True,True,78529715.46903163,78529715.46903163,28.772312083729645,28.772312083729645,0.28772312083729645
40,20260856,long_emerging_no_break,constant,long,emerging,False,none,regularized_poisson,gross,1399201904.4186425,804105976.2744855,2203307880.6931276,787806903.6770597,0.001,2.6398292950034374,success,,,True,True,-16299072.597425818,16299072.597425818,-2.0269806565723183,2.0269806565723183,-0.020269806565723185
40,20260856,long_emerging_no_break,constant,long,emerging,False,none,regularized_poisson,ceded,230683937.73755652,366223212.8383131,596907150.5758696,425402674.32446516,0.1,2.2511453879997134,success,,,True,True,59179461.48615205,59179461.48615205,16.159396622485446,16.159396622485446,0.16159396622485445
40,20260856,long_emerging_no_break,constant,long,emerging,False,none,regularized_poisson_break_interaction,gross,1399201904.4186425,804105976.2744855,2203307880.6931276,787806744.0902606,0.001,2.36734609099949,success,,,True,True,-16299232.184224844,16299232.184224844,-2.027000503060684,2.027000503060684,-0.02027000503060684
40,20260856,long_emerging_no_break,constant,long,emerging,False,none,regularized_poisson_break_interaction,ceded,230683937.73755652,366223212.8383131,596907150.5758696,425402674.33012897,0.1,2.162555610000709,success,,,True,True,59179461.491815865,59179461.491815865,16.15939662403199,16.15939662403199,0.1615939662403199
40,20260856,long_shock_no_break,constant,long,shock,False,none,regularized_poisson,gross,1423442126.9173675,905146122.5079912,2328588249.4253583,946473630.4886421,0.001,2.859737275997759,success,,,True,True,41327507.9806509,41327507.9806509,4.565838261135128,4.565838261135128,0.04565838261135128
40,20260856,long_shock_no_break,constant,long,shock,False,none,regularized_poisson,ceded,237466720.15813327,452780648.94832695,690247369.1064601,457067357.07198524,0.1,2.243051777997607,success,,,True,True,4286708.123658299,4286708.123658299,0.94675161882802,0.94675161882802,0.0094675161882802
40,20260856,long_shock_no_break,constant,long,shock,False,none,regularized_poisson_break_interaction,gross,1423442126.9173675,905146122.5079912,2328588249.4253583,946471465.628215,0.001,2.346575882998877,success,,,True,True,41325343.12022376,41325343.12022376,4.565599088655315,4.565599088655315,0.045655990886553144
40,20260856,long_shock_no_break,constant,long,shock,False,none,regularized_poisson_break_interaction,ceded,237466720.15813327,452780648.94832695,690247369.1064601,457067357.07669264,0.1,2.1801107630017214,success,,,True,True,4286708.1283656955,4286708.1283656955,0.9467516198676836,0.9467516198676836,0.009467516198676836
40,20260856,long_stable_break,constant,long,stable,True,none,regularized_poisson,gross,1498111917.3405318,511167251.494045,2009279168.8345766,947770048.7266667,0.0001,2.5860936569988553,success,,,True,True,436602797.23262167,436602797.23262167,85.41290467190815,85.41290467190815,0.8541290467190815
40,20260856,long_stable_break,constant,long,stable,True,none,regularized_poisson,ceded,257464926.7408313,202538327.5274703,460003254.26830167,384704120.73913187,0.1,2.1390700049996667,success,,,True,True,182165793.21166158,182165793.21166158,89.941393036809,89.941393036809,0.89941393036809
40,20260856,long_stable_break,constant,long,stable,True,none,regularized_poisson_break_interaction,gross,1498111917.3405318,511167251.494045,2009279168.8345766,917620921.5938566,1.0,2.57119571200019,success,,,True,True,406453670.09981155,406453670.09981155,79.51481025277431,79.51481025277431,0.7951481025277432
40,20260856,long_stable_break,constant,long,stable,True,none,regularized_poisson_break_interaction,ceded,257464926.7408313,202538327.5274703,460003254.26830167,296514273.9617621,0.1,3.2451281149988063,success,,,True,True,93975946.43429178,93975946.43429178,46.39909274532042,46.39909274532042,0.4639909274532042
40,20260856,long_emerging_break,constant,long,emerging,True,none,regularized_poisson,gross,1531507199.8343709,582855653.1355705,2114362852.9699416,862826516.8045256,0.001,2.7667325789989263,success,,,True,True,279970863.6689551,279970863.6689551,48.03433957666954,48.03433957666954,0.4803433957666954
40,20260856,long_emerging_break,constant,long,emerging,True,none,regularized_poisson,ceded,268855700.24092674,264420912.58280376,533276612.82373047,450091503.582987,0.1,2.3862831859987637,success,,,True,True,185670591.00018325,185670591.00018325,70.21781643009808,70.21781643009808,0.7021781643009808
40,20260856,long_emerging_break,constant,long,emerging,True,none,regularized_poisson_break_interaction,gross,1531507199.8343709,582855653.1355705,2114362852.9699416,999848852.904962,1.0,2.72259478399792,success,,,True,True,416993199.7693914,416993199.7693914,71.5431337975545,71.5431337975545,0.715431337975545
40,20260856,long_emerging_break,constant,long,emerging,True,none,regularized_poisson_break_interaction,ceded,268855700.24092674,264420912.58280376,533276612.82373047,384868186.04448247,0.1,3.239785378002125,success,,,True,True,120447273.46167871,120447273.46167871,45.551341716953075,45.551341716953075,0.45551341716953075
40,20260856,long_shock_break,constant,long,shock,True,none,regularized_poisson,gross,1558999080.059336,655514909.562981,2214513989.6223173,1070867971.3257387,0.01,2.699939850001101,success,,,True,True,415353061.76275766,415353061.76275766,63.362870272419194,63.362870272419194,0.6336287027241919
40,20260856,long_shock_break,constant,long,shock,True,none,regularized_poisson,ceded,278120789.22321624,329379459.9084445,607500249.1316608,506383314.58792937,0.1,2.353715288998501,success,,,True,True,177003854.67948484,177003854.67948484,53.73858307032425,53.73858307032425,0.5373858307032425
40,20260856,long_shock_break,constant,long,shock,True,none,regularized_poisson_break_interaction,gross,1558999080.059336,655514909.562981,2214513989.6223173,1097994976.2220235,0.1,2.776269059999322,success,,,True,True,442480066.6590425,442480066.6590425,67.50114455124069,67.50114455124069,0.6750114455124069
40,20260856,long_shock_break,constant,long,shock,True,none,regularized_poisson_break_interaction,ceded,278120789.22321624,329379459.9084445,607500249.1316608,425307103.5346602,0.1,3.312978000998555,success,,,True,True,95927643.6262157,95927643.6262157,29.123747926746884,29.123747926746884,0.29123747926746885
41,20260857,short_stable_no_break,constant,short,stable,False,none,regularized_poisson,gross,1528950933.795194,123158929.7502143,1652109863.5454082,114243426.2153745,0.001,2.135224048000964,success,,,True,True,-8915503.534839794,8915503.534839794,-7.239023230326732,7.239023230326732,-0.07239023230326733
41,20260857,short_stable_no_break,constant,short,stable,False,none,regularized_poisson,ceded,278664020.88495904,57088104.59741693,335752125.482376,45459880.863177,0.001,1.8303499479989114,success,,,True,True,-11628223.734239928,11628223.734239928,-20.36890840262031,20.36890840262031,-0.2036890840262031
41,20260857,short_stable_no_break,constant,short,stable,False,none,regularized_poisson_break_interaction,gross,1528950933.795194,123158929.7502143,1652109863.5454082,114243426.21539083,0.001,2.0501776080018317,success,,,True,True,-8915503.534823462,8915503.534823462,-7.239023230313473,7.239023230313473,-0.07239023230313472
41,20260857,short_stable_no_break,constant,short,stable,False,none,regularized_poisson_break_interaction,ceded,278664020.88495904,57088104.59741693,335752125.482376,45459880.86318167,0.001,1.9675233180023497,success,,,True,True,-11628223.734235257,11628223.734235257,-20.368908402612128,20.368908402612128,-0.20368908402612126
41,20260857,short_emerging_no_break,constant,short,emerging,False,none,regularized_poisson,gross,1556865851.8625774,136938932.24920055,1693804784.1117778,140719141.5262803,0.01,2.2181030300016573,success,,,True,True,3780209.277079761,3780209.277079761,2.7605073407470138,2.7605073407470138,0.02760507340747014
41,20260857,short_emerging_no_break,constant,short,emerging,False,none,regularized_poisson,ceded,292474400.28289527,74295111.45766601,366769511.7405613,66807204.82486284,0.01,1.9089108789994498,success,,,True,True,-7487906.632803172,7487906.632803172,-10.078599366621646,10.078599366621646,-0.10078599366621645
41,20260857,short_emerging_no_break,constant,short,emerging,False,none,regularized_poisson_break_interaction,gross,1556865851.8625774,136938932.24920055,1693804784.1117778,140719135.7270045,0.01,2.128798875000939,success,,,True,True,3780203.4778039455,3780203.4778039455,2.760503105811251,2.760503105811251,0.027605031058112506
41,20260857,short_emerging_no_break,constant,short,emerging,False,none,regularized_poisson_break_interaction,ceded,292474400.28289527,74295111.45766601,366769511.7405613,66807204.894339755,0.01,1.9580087319991435,success,,,True,True,-7487906.5633262545,7487906.5633262545,-10.078599273106855,10.078599273106855,-0.10078599273106856
41,20260857,short_shock_no_break,constant,short,shock,False,none,regularized_poisson,gross,1580846418.1082785,153585392.93719518,1734431811.0454736,158926595.08908302,0.01,2.0873457939997024,success,,,True,True,5341202.151887834,5341202.151887834,3.4776758712151636,3.4776758712151636,0.034776758712151634
41,20260857,short_shock_no_break,constant,short,shock,False,none,regularized_poisson,ceded,304872886.2215009,96702867.80750936,401575754.0290103,89324923.14637482,0.01,1.9573536360003345,success,,,True,True,-7377944.661134541,7377944.661134541,-7.629499339999526,7.629499339999526,-0.07629499339999526
41,20260857,short_shock_no_break,constant,short,shock,False,none,regularized_poisson_break_interaction,gross,1580846418.1082785,153585392.93719518,1734431811.0454736,158926595.09826392,0.01,2.133542198000214,success,,,True,True,5341202.1610687375,5341202.1610687375,3.4776758771928824,3.4776758771928824,0.034776758771928824
41,20260857,short_shock_no_break,constant,short,shock,False,none,regularized_poisson_break_interaction,ceded,304872886.2215009,96702867.80750936,401575754.0290103,89324923.14674851,0.01,1.9530667069993797,success,,,True,True,-7377944.66076085,7377944.66076085,-7.629499339613094,7.629499339613094,-0.07629499339613094
41,20260857,long_stable_no_break,constant,long,stable,False,none,regularized_poisson,gross,1182671069.1401386,741840532.335838,1924511601.475977,745326162.8478545,0.01,2.2274089659986203,success,,,True,True,3485630.512016535,3485630.512016535,0.46986250549579817,0.46986250549579817,0.004698625054957981
41,20260857,long_stable_no_break,constant,long,stable,False,none,regularized_poisson,ceded,192780710.6364094,308169176.89685106,500949887.53326046,211014901.29288682,1.0,2.135374937999586,success,,,True,True,-97154275.60396424,97154275.60396424,-31.52627935806937,31.52627935806937,-0.3152627935806937
41,20260857,long_stable_no_break,constant,long,stable,False,none,regularized_poisson_break_interaction,gross,1182671069.1401386,741840532.335838,1924511601.475977,745326164.0545397,0.01,2.255207832000451,success,,,True,True,3485631.7187017202,3485631.7187017202,0.46986266815679234,0.46986266815679234,0.004698626681567924
41,20260857,long_stable_no_break,constant,long,stable,False,none,regularized_poisson_break_interaction,ceded,192780710.6364094,308169176.89685106,500949887.53326046,211014901.29288682,1.0,2.135247043999698,success,,,True,True,-97154275.60396424,97154275.60396424,-31.52627935806937,31.52627935806937,-0.3152627935806937
41,20260857,long_emerging_no_break,constant,long,emerging,False,none,regularized_poisson,gross,1208817978.4345126,865137455.8668487,2073955434.3013616,768382012.360765,0.01,2.622621585000161,success,,,True,True,-96755443.50608373,96755443.50608373,-11.183823200573013,11.183823200573013,-0.11183823200573012
41,20260857,long_emerging_no_break,constant,long,emerging,False,none,regularized_poisson,ceded,201639275.29950824,424695016.0459147,626334291.345423,269639796.5350958,1.0,2.287950678000925,success,,,True,True,-155055219.5108189,155055219.5108189,-36.50978081976256,36.50978081976256,-0.3650978081976256
41,20260857,long_emerging_no_break,constant,long,emerging,False,none,regularized_poisson_break_interaction,gross,1208817978.4345126,865137455.8668487,2073955434.3013616,768382174.8478347,0.01,2.4428078119999554,success,,,True,True,-96755281.019014,96755281.019014,-11.183804418925238,11.183804418925238,-0.11183804418925238
41,20260857,long_emerging_no_break,constant,long,emerging,False,none,regularized_poisson_break_interaction,ceded,201639275.29950824,424695016.0459147,626334291.345423,269639796.5350959,1.0,2.147353197000484,success,,,True,True,-155055219.51081884,155055219.51081884,-36.50978081976255,36.50978081976255,-0.3650978081976255
41,20260857,long_shock_no_break,constant,long,shock,False,none,regularized_poisson,gross,1231486246.5866163,973940941.6181208,2205427188.204737,993652244.1957912,0.001,2.5371498109998356,success,,,True,True,19711302.577670455,19711302.577670455,2.0238704150707316,2.0238704150707316,0.020238704150707318
41,20260857,long_shock_no_break,constant,long,shock,False,none,regularized_poisson,ceded,208471969.16565883,527723637.37804776,736195606.5437067,312253120.85446566,1.0,2.2010773030015116,success,,,True,True,-215470516.5235821,215470516.5235821,-40.83018103834233,40.83018103834233,-0.40830181038342334
41,20260857,long_shock_no_break,constant,long,shock,False,none,regularized_poisson_break_interaction,gross,1231486246.5866163,973940941.6181208,2205427188.204737,993652660.6080801,0.001,2.66110183300043,success,,,True,True,19711718.98995936,19711718.98995936,2.023913170464936,2.023913170464936,0.02023913170464936
41,20260857,long_shock_no_break,constant,long,shock,False,none,regularized_poisson_break_interaction,ceded,208471969.16565883,527723637.37804776,736195606.5437067,312253120.85446566,1.0,2.1870150760005345,success,,,True,True,-215470516.5235821,215470516.5235821,-40.83018103834233,40.83018103834233,-0.40830181038342334
41,20260857,long_stable_break,constant,long,stable,True,none,regularized_poisson,gross,1293171579.385695,580137284.556185,1873308863.94188,988764228.4426504,0.01,2.6112134579998383,success,,,True,True,408626943.88646543,408626943.88646543,70.43624927487157,70.43624927487157,0.7043624927487157
41,20260857,long_stable_break,constant,long,stable,True,none,regularized_poisson,ceded,224592091.82244006,237761727.8131146,462353819.6355547,307547152.7206449,1.0,2.1851014849999046,success,,,True,True,69785424.90753028,69785424.90753028,29.350991662704857,29.350991662704857,0.29350991662704856
41,20260857,long_stable_break,constant,long,stable,True,none,regularized_poisson_break_interaction,gross,1293171579.385695,580137284.556185,1873308863.94188,893392427.0571804,1.0,2.651771307002491,success,,,True,True,313255142.5009954,313255142.5009954,53.99672643702619,53.99672643702619,0.5399672643702619
41,20260857,long_stable_break,constant,long,stable,True,none,regularized_poisson_break_interaction,ceded,224592091.82244006,237761727.8131146,462353819.6355547,256134687.2673275,1.0,3.172781416997168,success,,,True,True,18372959.454212874,18372959.454212874,7.727467167741303,7.727467167741303,0.07727467167741303
41,20260857,long_emerging_break,constant,long,emerging,True,none,regularized_poisson,gross,1323862676.6737494,663356288.9427022,1987218965.616452,1036362018.3287536,0.01,2.6862164180020045,success,,,True,True,373005729.3860514,373005729.3860514,56.23007358241387,56.23007358241387,0.5623007358241388
41,20260857,long_emerging_break,constant,long,emerging,True,none,regularized_poisson,ceded,235399757.03356037,319130515.04039764,554530272.073958,398248474.27987057,1.0,2.3917955389988492,success,,,True,True,79117959.23947293,79117959.23947293,24.791724861991856,24.791724861991856,0.24791724861991857
41,20260857,long_emerging_break,constant,long,emerging,True,none,regularized_poisson_break_interaction,gross,1323862676.6737494,663356288.9427022,1987218965.616452,1019128964.6971245,1.0,2.8654007359982643,success,,,True,True,355772675.7544223,355772675.7544223,53.6322157013804,53.6322157013804,0.536322157013804
41,20260857,long_emerging_break,constant,long,emerging,True,none,regularized_poisson_break_interaction,ceded,235399757.03356037,319130515.04039764,554530272.073958,329423693.5070781,1.0,3.044741965000867,success,,,True,True,10293178.466680467,10293178.466680467,3.225382087130555,3.225382087130555,0.03225382087130555
41,20260857,long_shock_break,constant,long,shock,True,none,regularized_poisson,gross,1350487355.4040182,746170673.8772634,2096658029.2812815,1247631980.4277046,0.01,2.5920640180011105,success,,,True,True,501461306.55044115,501461306.55044115,67.20463884552582,67.20463884552582,0.6720463884552582
41,20260857,long_shock_break,constant,long,shock,True,none,regularized_poisson,ceded,244397651.09459057,402235467.7553806,646633118.8499712,461482571.76300824,1.0,2.3986754870020377,success,,,True,True,59247104.007627666,59247104.007627666,14.729457931258011,14.729457931258011,0.1472945793125801
41,20260857,long_shock_break,constant,long,shock,True,none,regularized_poisson_break_interaction,gross,1350487355.4040182,746170673.8772634,2096658029.2812815,1143168464.0460799,1.0,2.8855367729993304,success,,,True,True,396997790.16881645,396997790.16881645,53.20468949897622,53.20468949897622,0.5320468949897622
41,20260857,long_shock_break,constant,long,shock,True,none,regularized_poisson_break_interaction,ceded,244397651.09459057,402235467.7553806,646633118.8499712,384948666.72472644,1.0,3.392350799000269,success,,,True,True,-17286801.030654132,17286801.030654132,-4.2976819341965875,4.2976819341965875,-0.04297681934196588
42,20260858,short_stable_no_break,constant,short,stable,False,none,regularized_poisson,gross,1677917474.3280518,125158875.48925014,1803076349.817302,138807455.32059544,0.001,2.128417089999857,success,,,True,True,13648579.831345305,13648579.831345305,10.905003562865645,10.905003562865645,0.10905003562865645
42,20260858,short_stable_no_break,constant,short,stable,False,none,regularized_poisson,ceded,341417783.63064206,67141295.93403162,408559079.5646737,63826547.19267606,0.001,1.8838256140006706,success,,,True,True,-3314748.7413555607,3314748.7413555607,-4.93697462231352,4.93697462231352,-0.049369746223135204
42,20260858,short_stable_no_break,constant,short,stable,False,none,regularized_poisson_break_interaction,gross,1677917474.3280518,125158875.48925014,1803076349.817302,138807455.3206847,0.001,2.1226682960004837,success,,,True,True,13648579.831434563,13648579.831434563,10.905003562936962,10.905003562936962,0.10905003562936962
42,20260858,short_stable_no_break,constant,short,stable,False,none,regularized_poisson_break_interaction,ceded,341417783.63064206,67141295.93403162,408559079.5646737,63826547.19305611,0.001,2.141640494999592,success,,,True,True,-3314748.740975514,3314748.740975514,-4.93697462174748,4.93697462174748,-0.0493697462174748
42,20260858,short_emerging_no_break,constant,short,emerging,False,none,regularized_poisson,gross,1708997909.287126,138936170.3538267,1847934079.6409526,151155784.8417793,0.001,2.1801130370004103,success,,,True,True,12219614.48795259,12219614.48795259,8.79512833615111,8.79512833615111,0.0879512833615111
42,20260858,short_emerging_no_break,constant,short,emerging,False,none,regularized_poisson,ceded,358055028.32080686,81418024.02154228,439473052.3423492,86149097.95616755,0.0001,1.8691407440019248,success,,,True,True,4731073.934625268,4731073.934625268,5.810843472906539,5.810843472906539,0.05810843472906539
42,20260858,short_emerging_no_break,constant,short,emerging,False,none,regularized_poisson_break_interaction,gross,1708997909.287126,138936170.3538267,1847934079.6409526,151155784.89383465,0.001,2.1484745429988834,success,,,True,True,12219614.540007949,12219614.540007949,8.795128373618214,8.795128373618214,0.08795128373618213
42,20260858,short_emerging_no_break,constant,short,emerging,False,none,regularized_poisson_break_interaction,ceded,358055028.32080686,81418024.02154228,439473052.3423492,86149098.02663255,0.0001,1.9651248619993567,success,,,True,True,4731074.0050902665,4731074.0050902665,5.810843559453713,5.810843559453713,0.05810843559453713
42,20260858,short_shock_no_break,constant,short,shock,False,none,regularized_poisson,gross,1736542830.5098472,155759929.40357077,1892302759.913418,175204971.8430069,0.0001,2.186582667000039,success,,,True,True,19445042.439436138,19445042.439436138,12.48398257105936,12.48398257105936,0.1248398257105936
42,20260858,short_shock_no_break,constant,short,shock,False,none,regularized_poisson,ceded,372734281.528491,100744920.0350441,473479201.5635351,105970866.57941364,0.0001,2.0126638330002606,success,,,True,True,5225946.544369534,5225946.544369534,5.187305268148199,5.187305268148199,0.05187305268148199
42,20260858,short_shock_no_break,constant,short,shock,False,none,regularized_poisson_break_interaction,gross,1736542830.5098472,155759929.40357077,1892302759.913418,175204972.70772287,0.0001,2.1552180699982273,success,,,True,True,19445043.3041521,19445043.3041521,12.483983126218808,12.483983126218808,0.12483983126218808
42,20260858,short_shock_no_break,constant,short,shock,False,none,regularized_poisson_break_interaction,ceded,372734281.528491,100744920.0350441,473479201.5635351,105970867.20116259,0.0001,2.011096362999524,success,,,True,True,5225947.166118488,5225947.166118488,5.1873058852998675,5.1873058852998675,0.05187305885299867
42,20260858,long_stable_no_break,constant,long,stable,False,none,regularized_poisson,gross,1257733965.6131942,847163481.6272483,2104897447.2404423,885402403.0656931,0.001,2.329478024999844,success,,,True,True,38238921.43844485,38238921.43844485,4.513759418075337,4.513759418075337,0.045137594180753374
42,20260858,long_stable_no_break,constant,long,stable,False,none,regularized_poisson,ceded,218132371.98481292,360547450.5584931,578679822.543306,367661010.638126,0.01,2.150003326998558,success,,,True,True,7113560.079632938,7113560.079632938,1.9729885951527137,1.9729885951527137,0.019729885951527137
42,20260858,long_stable_no_break,constant,long,stable,False,none,regularized_poisson_break_interaction,gross,1257733965.6131942,847163481.6272483,2104897447.2404423,885402568.2737685,0.001,2.32042365199959,success,,,True,True,38239086.64652026,38239086.64652026,4.513778919396982,4.513778919396982,0.04513778919396982
42,20260858,long_stable_no_break,constant,long,stable,False,none,regularized_poisson_break_interaction,ceded,218132371.98481292,360547450.5584931,578679822.543306,367661010.638128,0.01,2.1853565480014367,success,,,True,True,7113560.079634905,7113560.079634905,1.9729885951532595,1.9729885951532595,0.019729885951532595
42,20260858,long_emerging_no_break,constant,long,emerging,False,none,regularized_poisson,gross,1287209943.176227,986247475.7602298,2273457418.9364567,916745829.0708201,0.01,2.607714374000352,success,,,True,True,-69501646.68940973,69501646.68940973,-7.047079804775747,7.047079804775747,-0.07047079804775747
42,20260858,long_emerging_no_break,constant,long,emerging,False,none,regularized_poisson,ceded,227824699.73086935,474560924.9910196,702385624.721889,501153626.545673,0.01,2.30779789799999,success,,,True,True,26592701.554653406,26592701.554653406,5.603643316220491,5.603643316220491,0.056036433162204906
42,20260858,long_emerging_no_break,constant,long,emerging,False,none,regularized_poisson_break_interaction,gross,1287209943.176227,986247475.7602298,2273457418.9364567,916745612.4092786,0.01,2.3982100210014323,success,,,True,True,-69501863.3509512,69501863.3509512,-7.047101773049105,7.047101773049105,-0.07047101773049105
42,20260858,long_emerging_no_break,constant,long,emerging,False,none,regularized_poisson_break_interaction,ceded,227824699.73086935,474560924.9910196,702385624.721889,501153626.5489257,0.01,2.2578998070021044,success,,,True,True,26592701.55790609,26592701.55790609,5.6036433169059,5.6036433169059,0.056036433169059
42,20260858,long_shock_no_break,constant,long,shock,False,none,regularized_poisson,gross,1312792686.7634604,1110285123.427882,2423077810.1913424,1109090951.6354694,0.01,2.607709537001938,success,,,True,True,-1194171.7924125195,1194171.7924125195,-0.10755541682173014,0.10755541682173014,-0.0010755541682173015
42,20260858,long_shock_no_break,constant,long,shock,False,none,regularized_poisson,ceded,236032390.53896677,573216126.4132847,809248516.9522514,585066535.6002917,0.01,2.215020578001713,success,,,True,True,11850409.18700707,11850409.18700707,2.0673544656109364,2.0673544656109364,0.020673544656109363
42,20260858,long_shock_no_break,constant,long,shock,False,none,regularized_poisson_break_interaction,gross,1312792686.7634604,1110285123.427882,2423077810.1913424,1109091435.2076783,0.01,2.4059853610015125,success,,,True,True,-1193688.220203638,1193688.220203638,-0.107511862945462,0.107511862945462,-0.00107511862945462
42,20260858,long_shock_no_break,constant,long,shock,False,none,regularized_poisson_break_interaction,ceded,236032390.53896677,573216126.4132847,809248516.9522514,585066535.6206063,0.01,2.195072304999485,success,,,True,True,11850409.207321644,11850409.207321644,2.0673544691549006,2.0673544691549006,0.020673544691549004
42,20260858,long_stable_break,constant,long,stable,True,none,regularized_poisson,gross,1381351907.1989136,666449220.282101,2047801127.4810143,1093726699.2338428,0.001,2.4739514739994775,success,,,True,True,427277478.9517418,427277478.9517418,64.11253340065124,64.11253340065124,0.6411253340065124
42,20260858,long_stable_break,constant,long,stable,True,none,regularized_poisson,ceded,253616705.3399506,286086171.4392781,539702876.7792288,510684054.99064827,0.01,2.1959140219987603,success,,,True,True,224597883.55137014,224597883.55137014,78.50707443195698,78.50707443195698,0.7850707443195698
42,20260858,long_stable_break,constant,long,stable,True,none,regularized_poisson_break_interaction,gross,1381351907.1989136,666449220.282101,2047801127.4810143,1084386476.453648,0.1,2.7764974360034103,success,,,True,True,417937256.17154706,417937256.17154706,62.71104286004544,62.71104286004544,0.6271104286004544
42,20260858,long_stable_break,constant,long,stable,True,none,regularized_poisson_break_interaction,ceded,253616705.3399506,286086171.4392781,539702876.7792288,313192379.4895122,1.0,3.0101884770010656,success,,,True,True,27106208.05023408,27106208.05023408,9.474840365007779,9.474840365007779,0.09474840365007779
42,20260858,long_emerging_break,constant,long,emerging,True,none,regularized_poisson,gross,1415955653.359601,760742684.7051454,2176698338.0647464,1170660838.1004448,0.01,2.7262804549973225,success,,,True,True,409918153.39529943,409918153.39529943,53.88394284122215,53.88394284122215,0.5388394284122215
42,20260858,long_emerging_break,constant,long,emerging,True,none,regularized_poisson,ceded,267155652.3591238,365620897.7543769,632776550.1135006,728490646.5065863,0.01,2.443128576000163,success,,,True,True,362869748.7522094,362869748.7522094,99.24754054840277,99.24754054840277,0.9924754054840277
42,20260858,long_emerging_break,constant,long,emerging,True,none,regularized_poisson_break_interaction,gross,1415955653.359601,760742684.7051454,2176698338.0647464,1252623412.8947778,0.1,3.0543183730005694,success,,,True,True,491880728.1896324,491880728.1896324,64.657963603065,64.657963603065,0.64657963603065
42,20260858,long_emerging_break,constant,long,emerging,True,none,regularized_poisson_break_interaction,ceded,267155652.3591238,365620897.7543769,632776550.1135006,598809759.6551387,0.1,3.164871007000329,success,,,True,True,233188861.90076184,233188861.90076184,63.77886585066521,63.77886585066521,0.6377886585066521
42,20260858,long_shock_break,constant,long,shock,True,none,regularized_poisson,gross,1446060482.054326,855730060.6889951,2301790542.7433214,1412445177.9275894,0.01,2.7860104989995307,success,,,True,True,556715117.2385943,556715117.2385943,65.0573285681179,65.0573285681179,0.650573285681179
42,20260858,long_shock_break,constant,long,shock,True,none,regularized_poisson,ceded,279010447.12856674,444967640.80671847,723978087.9352853,860507012.1812925,0.01,2.373017780999362,success,,,True,True,415539371.37457407,415539371.37457407,93.38642482433296,93.38642482433296,0.9338642482433296
42,20260858,long_shock_break,constant,long,shock,True,none,regularized_poisson_break_interaction,gross,1446060482.054326,855730060.6889951,2301790542.7433214,1402975500.0613983,0.1,2.907298095000442,success,,,True,True,547245439.3724031,547245439.3724031,63.95070881719241,63.95070881719241,0.639507088171924
42,20260858,long_shock_break,constant,long,shock,True,none,regularized_poisson_break_interaction,ceded,279010447.12856674,444967640.80671847,723978087.9352853,682799674.4539453,0.1,3.0514947960000427,success,,,True,True,237832033.6472268,237832033.6472268,53.44928750684916,53.44928750684916,0.5344928750684916
43,20260859,short_stable_no_break,constant,short,stable,False,none,regularized_poisson,gross,1583334694.3387604,121067304.32348245,1704401998.662243,119533178.798751,0.0001,2.079610656001023,success,,,True,True,-1534125.5247314572,1534125.5247314572,-1.2671674927463428,1.2671674927463428,-0.012671674927463428
43,20260859,short_stable_no_break,constant,short,stable,False,none,regularized_poisson,ceded,308225846.9115249,65576553.60604401,373802400.5175688,63957589.08546371,0.0001,1.8000870040013979,success,,,True,True,-1618964.5205802992,1618964.5205802992,-2.4688161111764857,2.4688161111764857,-0.024688161111764858
43,20260859,short_stable_no_break,constant,short,stable,False,none,regularized_poisson_break_interaction,gross,1583334694.3387604,121067304.32348245,1704401998.662243,119533178.63274056,0.0001,2.0680708840009174,success,,,True,True,-1534125.6907418966,1534125.6907418966,-1.2671676298687808,1.2671676298687808,-0.012671676298687809
43,20260859,short_stable_no_break,constant,short,stable,False,none,regularized_poisson_break_interaction,ceded,308225846.9115249,65576553.60604401,373802400.5175688,63957589.161640555,0.0001,1.9528160150002805,success,,,True,True,-1618964.4444034547,1618964.4444034547,-2.4688159950117283,2.4688159950117283,-0.02468815995011728
43,20260859,short_emerging_no_break,constant,short,emerging,False,none,regularized_poisson,gross,1614511360.4007688,134334242.06847864,1748845602.469247,175812746.44400543,0.001,2.0416234280019125,success,,,True,True,41478504.375526786,41478504.375526786,30.87708966592641,30.87708966592641,0.3087708966592641
43,20260859,short_emerging_no_break,constant,short,emerging,False,none,regularized_poisson,ceded,326653921.35270166,80545010.80252193,407198932.15522355,115123539.59750102,0.001,1.903039852000802,success,,,True,True,34578528.794979095,34578528.794979095,42.93068987197456,42.93068987197456,0.4293068987197456
43,20260859,short_emerging_no_break,constant,short,emerging,False,none,regularized_poisson_break_interaction,gross,1614511360.4007688,134334242.06847864,1748845602.469247,175812746.4553171,0.001,2.117716034001205,success,,,True,True,41478504.386838466,41478504.386838466,30.87708967434696,30.87708967434696,0.3087708967434696
43,20260859,short_emerging_no_break,constant,short,emerging,False,none,regularized_poisson_break_interaction,ceded,326653921.35270166,80545010.80252193,407198932.15522355,115123539.59750238,0.001,1.9397177829996508,success,,,True,True,34578528.79498045,34578528.79498045,42.93068987197624,42.93068987197624,0.4293068987197624
43,20260859,short_shock_no_break,constant,short,shock,False,none,regularized_poisson,gross,1641676617.1504252,150579036.84899837,1792255653.9994235,184051990.09593713,0.01,2.174615580999671,success,,,True,True,33472953.246938765,33472953.246938765,22.229490868975113,22.229490868975113,0.22229490868975113
43,20260859,short_shock_no_break,constant,short,shock,False,none,regularized_poisson,ceded,342603546.7615547,101253622.25781557,443857169.0193703,123574679.75714236,0.01,1.878541927999322,success,,,True,True,22321057.499326795,22321057.499326795,22.044700230567678,22.044700230567678,0.2204470023056768
43,20260859,short_shock_no_break,constant,short,shock,False,none,regularized_poisson_break_interaction,gross,1641676617.1504252,150579036.84899837,1792255653.9994235,184051990.11180627,0.01,2.1499268379993737,success,,,True,True,33472953.262807906,33472953.262807906,22.22949087951386,22.22949087951386,0.2222949087951386
43,20260859,short_shock_no_break,constant,short,shock,False,none,regularized_poisson_break_interaction,ceded,342603546.7615547,101253622.25781557,443857169.0193703,123574679.75702134,0.01,1.945944398001302,success,,,True,True,22321057.499205768,22321057.499205768,22.04470023044815,22.04470023044815,0.2204470023044815
43,20260859,long_stable_no_break,constant,long,stable,False,none,regularized_poisson,gross,1195869880.7007205,788673834.2569517,1984543714.9576724,724073248.1786371,0.0001,2.342813335999381,success,,,True,True,-64600586.07831454,64600586.07831454,-8.191039599935241,8.191039599935241,-0.08191039599935242
43,20260859,long_stable_no_break,constant,long,stable,False,none,regularized_poisson,ceded,184496272.54669386,358094696.74800676,542590969.2947006,262761476.99798176,0.1,2.0363238559984893,success,,,True,True,-95333219.750025,95333219.750025,-26.62234895288369,26.62234895288369,-0.2662234895288369
43,20260859,long_stable_no_break,constant,long,stable,False,none,regularized_poisson_break_interaction,gross,1195869880.7007205,788673834.2569517,1984543714.9576724,724073309.0496023,0.0001,2.2765780439985974,success,,,True,True,-64600525.20734942,64600525.20734942,-8.191031881793409,8.191031881793409,-0.08191031881793409
43,20260859,long_stable_no_break,constant,long,stable,False,none,regularized_poisson_break_interaction,ceded,184496272.54669386,358094696.74800676,542590969.2947006,262761476.99798185,0.1,2.120164518997626,success,,,True,True,-95333219.75002491,95333219.75002491,-26.62234895288367,26.62234895288367,-0.2662234895288367
43,20260859,long_emerging_no_break,constant,long,emerging,False,none,regularized_poisson,gross,1222513440.4183822,918916423.9708107,2141429864.389193,785047963.2720983,0.01,2.511246359001234,success,,,True,True,-133868460.69871235,133868460.69871235,-14.568077923805253,14.568077923805253,-0.14568077923805253
43,20260859,long_emerging_no_break,constant,long,emerging,False,none,regularized_poisson,ceded,192569591.94516844,474862628.7575,667432220.7026684,361484488.50952536,0.1,2.257301715999347,success,,,True,True,-113378140.24797463,113378140.24797463,-23.875987155408243,23.875987155408243,-0.23875987155408243
43,20260859,long_emerging_no_break,constant,long,emerging,False,none,regularized_poisson_break_interaction,gross,1222513440.4183822,918916423.9708107,2141429864.389193,785047962.9514458,0.01,2.4298346689975006,success,,,True,True,-133868461.01936483,133868461.01936483,-14.568077958699883,14.568077958699883,-0.14568077958699882
43,20260859,long_emerging_no_break,constant,long,emerging,False,none,regularized_poisson_break_interaction,ceded,192569591.94516844,474862628.7575,667432220.7026684,361484488.5143167,0.1,2.1645798870013095,success,,,True,True,-113378140.24318331,113378140.24318331,-23.875987154399255,23.875987154399255,-0.23875987154399253
43,20260859,long_shock_no_break,constant,long,shock,False,none,regularized_poisson,gross,1246044137.3971674,1034493764.3754232,2280537901.772591,1052873507.5508264,0.001,2.4795586349973746,success,,,True,True,18379743.175403237,18379743.175403237,1.7766896049392844,1.7766896049392844,0.017766896049392845
43,20260859,long_shock_no_break,constant,long,shock,False,none,regularized_poisson,ceded,199661404.0200672,575741925.04194,775403329.0620071,426011310.5345315,0.1,2.293479253999976,success,,,True,True,-149730614.5074085,149730614.5074085,-26.006550503769787,26.006550503769787,-0.2600655050376979
43,20260859,long_shock_no_break,constant,long,shock,False,none,regularized_poisson_break_interaction,gross,1246044137.3971674,1034493764.3754232,2280537901.772591,1052873542.9950036,0.001,2.324530797999614,success,,,True,True,18379778.619580388,18379778.619580388,1.7766930311732911,1.7766930311732911,0.01776693031173291
43,20260859,long_shock_no_break,constant,long,shock,False,none,regularized_poisson_break_interaction,ceded,199661404.0200672,575741925.04194,775403329.0620071,426011310.53452575,0.1,2.1957829059974756,success,,,True,True,-149730614.50741422,149730614.50741422,-26.006550503770782,26.006550503770782,-0.2600655050377078
43,20260859,long_stable_break,constant,long,stable,True,none,regularized_poisson,gross,1310513022.3784487,620191074.6254302,1930704097.0038788,945074680.5921273,0.0001,2.5175568149970786,success,,,True,True,324883605.9666971,324883605.9666971,52.384437515956414,52.384437515956414,0.5238443751595642
43,20260859,long_stable_break,constant,long,stable,True,none,regularized_poisson,ceded,221705245.09184566,279696329.06412506,501401574.15597075,471502514.93519497,0.1,2.1301663069971255,success,,,True,True,191806185.8710699,191806185.8710699,68.57658322254746,68.57658322254746,0.6857658322254746
43,20260859,long_stable_break,constant,long,stable,True,none,regularized_poisson_break_interaction,gross,1310513022.3784487,620191074.6254302,1930704097.0038788,857258637.9297868,1.0,2.4509322550002253,success,,,True,True,237067563.30435658,237067563.30435658,38.22492341534189,38.22492341534189,0.3822492341534189
43,20260859,long_stable_break,constant,long,stable,True,none,regularized_poisson_break_interaction,ceded,221705245.09184566,279696329.06412506,501401574.15597075,363242533.81207156,0.1,2.8991486390004866,success,,,True,True,83546204.7479465,83546204.7479465,29.870325802092363,29.870325802092363,0.2987032580209236
43,20260859,long_emerging_break,constant,long,emerging,True,none,regularized_poisson,gross,1341966844.1141706,708200244.9624375,2050167089.0766077,1047986876.167423,0.01,2.6223398319998523,success,,,True,True,339786631.2049855,339786631.2049855,47.97889207493956,47.97889207493956,0.4797889207493956
43,20260859,long_emerging_break,constant,long,emerging,True,none,regularized_poisson,ceded,234298260.44717127,361095337.33123547,595393597.7784066,690677954.7300364,0.1,2.296862315997714,success,,,True,True,329582617.3988009,329582617.3988009,91.2730194287921,91.2730194287921,0.912730194287921
43,20260859,long_emerging_break,constant,long,emerging,True,none,regularized_poisson_break_interaction,gross,1341966844.1141706,708200244.9624375,2050167089.0766077,993099589.0426273,1.0,2.759792331002245,success,,,True,True,284899344.0801898,284899344.0801898,40.22864240823592,40.22864240823592,0.4022864240823592
43,20260859,long_emerging_break,constant,long,emerging,True,none,regularized_poisson_break_interaction,ceded,234298260.44717127,361095337.33123547,595393597.7784066,566789459.4024599,0.1,3.156852718999289,success,,,True,True,205694122.0712244,205694122.0712244,56.9639374441824,56.9639374441824,0.569639374441824
43,20260859,long_shock_break,constant,long,shock,True,none,regularized_poisson,gross,1369811785.7178724,796623825.1628985,2166435610.880771,1280293025.1907597,0.01,2.694365982999443,success,,,True,True,483669200.0278611,483669200.0278611,60.71488006637982,60.71488006637982,0.6071488006637982
43,20260859,long_shock_break,constant,long,shock,True,none,regularized_poisson,ceded,245490595.54839242,441745711.4342898,687236306.9826822,805744595.9345114,0.1,2.1927966690018366,success,,,True,True,363998884.5002216,363998884.5002216,82.40009468758971,82.40009468758971,0.8240009468758971
43,20260859,long_shock_break,constant,long,shock,True,none,regularized_poisson_break_interaction,gross,1369811785.7178724,796623825.1628985,2166435610.880771,1135454143.0075123,1.0,2.7018452779993822,success,,,True,True,338830317.8446138,338830317.8446138,42.53328950779594,42.53328950779594,0.4253328950779594
43,20260859,long_shock_break,constant,long,shock,True,none,regularized_poisson_break_interaction,ceded,245490595.54839242,441745711.4342898,687236306.9826822,635751006.2158911,0.1,3.0608268109972414,success,,,True,True,194005294.7816013,194005294.7816013,43.917867171068124,43.917867171068124,0.43917867171068126
44,20260860,short_stable_no_break,constant,short,stable,False,none,regularized_poisson,gross,1611442961.9395523,147069367.4822454,1758512329.4217978,128401872.7492205,0.001,2.0630796660007036,success,,,True,True,-18667494.73302488,18667494.73302488,-12.69298634556137,12.69298634556137,-0.1269298634556137
44,20260860,short_stable_no_break,constant,short,stable,False,none,regularized_poisson,ceded,285377332.4028701,73696631.7427887,359073964.1456589,63489213.87060521,0.001,1.8186097249999875,success,,,True,True,-10207417.872183494,10207417.872183494,-13.850589410665028,13.850589410665028,-0.1385058941066503
44,20260860,short_stable_no_break,constant,short,stable,False,none,regularized_poisson_break_interaction,gross,1611442961.9395523,147069367.4822454,1758512329.4217978,128401872.74932688,0.001,2.1653821770014474,success,,,True,True,-18667494.7329185,18667494.7329185,-12.692986345489038,12.692986345489038,-0.12692986345489038
44,20260860,short_stable_no_break,constant,short,stable,False,none,regularized_poisson_break_interaction,ceded,285377332.4028701,73696631.7427887,359073964.1456589,63489213.870604664,0.001,2.0879975329989975,success,,,True,True,-10207417.872184038,10207417.872184038,-13.850589410665767,13.850589410665767,-0.13850589410665767
44,20260860,short_emerging_no_break,constant,short,emerging,False,none,regularized_poisson,gross,1642004736.933618,163496631.05783105,1805501367.9914489,172975636.8134687,0.001,2.1632238480015076,success,,,True,True,9479005.755637646,9479005.755637646,5.797676499086265,5.797676499086265,0.05797676499086265
44,20260860,short_emerging_no_break,constant,short,emerging,False,none,regularized_poisson,ceded,302423050.478,89425856.14450559,391848906.62250555,143034139.42083544,0.0001,2.017618677000428,success,,,True,True,53608283.276329845,53608283.276329845,59.94718483846866,59.94718483846866,0.5994718483846866
44,20260860,short_emerging_no_break,constant,short,emerging,False,none,regularized_poisson_break_interaction,gross,1642004736.933618,163496631.05783105,1805501367.9914489,172975636.8020259,0.001,2.2421796419985185,success,,,True,True,9479005.744194865,9479005.744194865,5.7976764920874775,5.7976764920874775,0.05797676492087478
44,20260860,short_emerging_no_break,constant,short,emerging,False,none,regularized_poisson_break_interaction,ceded,302423050.478,89425856.14450559,391848906.62250555,143034139.4535268,0.0001,2.011365893002221,success,,,True,True,53608283.309021205,53608283.309021205,59.94718487502559,59.94718487502559,0.5994718487502559
44,20260860,short_shock_no_break,constant,short,shock,False,none,regularized_poisson,gross,1669438090.0119236,183360483.9781164,1852798573.9900403,194090022.50955862,0.001,2.17377427899919,success,,,True,True,10729538.531442225,10729538.531442225,5.8516089719324516,5.8516089719324516,0.05851608971932452
44,20260860,short_shock_no_break,constant,short,shock,False,none,regularized_poisson,ceded,317520267.0277474,109292278.76835859,426812545.796106,153913846.70103055,0.001,1.850319307999598,success,,,True,True,44621567.932671964,44621567.932671964,40.82774047309044,40.82774047309044,0.40827740473090435
44,20260860,short_shock_no_break,constant,short,shock,False,none,regularized_poisson_break_interaction,gross,1669438090.0119236,183360483.9781164,1852798573.9900403,194090022.50728488,0.001,2.1704449110002315,success,,,True,True,10729538.529168487,10729538.529168487,5.851608970692414,5.851608970692414,0.058516089706924145
44,20260860,short_shock_no_break,constant,short,shock,False,none,regularized_poisson_break_interaction,ceded,317520267.0277474,109292278.76835859,426812545.796106,153913846.70122835,0.001,1.9463996330014197,success,,,True,True,44621567.93286976,44621567.93286976,40.82774047327142,40.82774047327142,0.4082774047327142
44,20260860,long_stable_no_break,constant,long,stable,False,none,regularized_poisson,gross,1207151285.8533332,850786106.4820993,2057937392.3354328,742957909.3029459,0.0001,2.319987922001019,success,,,True,True,-107828197.17915344,107828197.17915344,-12.673948993479733,12.673948993479733,-0.12673948993479733
44,20260860,long_stable_no_break,constant,long,stable,False,none,regularized_poisson,ceded,169861485.031722,370398801.88397217,540260286.9156942,208581984.78324693,0.1,2.1650081039988436,success,,,True,True,-161816817.10072523,161816817.10072523,-43.68718696649957,43.68718696649957,-0.43687186966499564
44,20260860,long_stable_no_break,constant,long,stable,False,none,regularized_poisson_break_interaction,gross,1207151285.8533332,850786106.4820993,2057937392.3354328,742957955.7766881,0.0001,2.3414381709990266,success,,,True,True,-107828150.7054112,107828150.7054112,-12.673943531032489,12.673943531032489,-0.1267394353103249
44,20260860,long_stable_no_break,constant,long,stable,False,none,regularized_poisson_break_interaction,ceded,169861485.031722,370398801.88397217,540260286.9156942,208581984.7832469,0.1,2.4251682380017883,success,,,True,True,-161816817.10072526,161816817.10072526,-43.687186966499574,43.687186966499574,-0.43687186966499575
44,20260860,long_emerging_no_break,constant,long,emerging,False,none,regularized_poisson,gross,1234275159.5544894,994076102.3980607,2228351261.9525504,808316798.7554283,0.01,2.496227628998895,success,,,True,True,-185759303.64263237,185759303.64263237,-18.686628035269703,18.686628035269703,-0.18686628035269703
44,20260860,long_emerging_no_break,constant,long,emerging,False,none,regularized_poisson,ceded,177872215.04596287,493819589.16525805,671691804.2112209,297032275.11149997,0.1,2.443892852999852,success,,,True,True,-196787314.05375808,196787314.05375808,-39.850042074354135,39.850042074354135,-0.39850042074354136
44,20260860,long_emerging_no_break,constant,long,emerging,False,none,regularized_poisson_break_interaction,gross,1234275159.5544894,994076102.3980607,2228351261.9525504,808315950.6673125,0.01,2.4603308499972627,success,,,True,True,-185760151.73074818,185760151.73074818,-18.686713349473894,18.686713349473894,-0.18686713349473894
44,20260860,long_emerging_no_break,constant,long,emerging,False,none,regularized_poisson_break_interaction,ceded,177872215.04596287,493819589.16525805,671691804.2112209,297032275.11149997,0.1,2.23210482000286,success,,,True,True,-196787314.05375808,196787314.05375808,-39.850042074354135,39.850042074354135,-0.39850042074354136
44,20260860,long_shock_no_break,constant,long,shock,False,none,regularized_poisson,gross,1257981455.4691412,1119251471.2466414,2377232926.715782,1000098369.0859196,0.01,2.4568806419993052,success,,,True,True,-119153102.16072178,119153102.16072178,-10.645784725036547,10.645784725036547,-0.10645784725036547
44,20260860,long_shock_no_break,constant,long,shock,False,none,regularized_poisson,ceded,184894301.2752562,602022957.4882785,786917258.7635348,360242406.22309995,0.1,2.297153982999589,success,,,True,True,-241780551.26517856,241780551.26517856,-40.161350702292125,40.161350702292125,-0.40161350702292126
44,20260860,long_shock_no_break,constant,long,shock,False,none,regularized_poisson_break_interaction,gross,1257981455.4691412,1119251471.2466414,2377232926.715782,1000098360.1814334,0.01,2.4802415690028283,success,,,True,True,-119153111.06520796,119153111.06520796,-10.645785520611662,10.645785520611662,-0.10645785520611663
44,20260860,long_shock_no_break,constant,long,shock,False,none,regularized_poisson_break_interaction,ceded,184894301.2752562,602022957.4882785,786917258.7635348,360242406.22309315,0.1,2.3177001220028615,success,,,True,True,-241780551.26518536,241780551.26518536,-40.161350702293255,40.161350702293255,-0.4016135070229325
44,20260860,long_stable_break,constant,long,stable,True,none,regularized_poisson,gross,1316893072.1567857,685998419.9205058,2002891492.0772915,948659679.2278363,0.0001,2.4815510789994732,success,,,True,True,262661259.3073305,262661259.3073305,38.288901501809285,38.288901501809285,0.38288901501809286
44,20260860,long_stable_break,constant,long,stable,True,none,regularized_poisson,ceded,200384605.6619699,299182246.83992195,499566852.50189185,372095724.82865804,0.1,2.2457036029991286,success,,,True,True,72913477.9887361,72913477.9887361,24.370923996619556,24.370923996619556,0.24370923996619556
44,20260860,long_stable_break,constant,long,stable,True,none,regularized_poisson_break_interaction,gross,1316893072.1567857,685998419.9205058,2002891492.0772915,942877369.3927017,0.1,2.498742691001098,success,,,True,True,256878949.47219598,256878949.47219598,37.445997252,37.445997252,0.37445997251999996
44,20260860,long_stable_break,constant,long,stable,True,none,regularized_poisson_break_interaction,ceded,200384605.6619699,299182246.83992195,499566852.50189185,229747240.3880998,1.0,3.3396026369991887,success,,,True,True,-69435006.45182216,69435006.45182216,-23.20826425538996,23.20826425538996,-0.2320826425538996
44,20260860,long_emerging_break,constant,long,emerging,True,none,regularized_poisson,gross,1348676528.2640097,785838536.0565786,2134515064.3205886,1062655802.6605246,0.01,2.6207427299996198,success,,,True,True,276817266.603946,276817266.603946,35.225717994569784,35.225717994569784,0.35225717994569783
44,20260860,long_emerging_break,constant,long,emerging,True,none,regularized_poisson,ceded,212488746.3546732,385637467.7939311,598126214.1486044,571291315.3151497,0.1,2.4043911599983403,success,,,True,True,185653847.52121854,185653847.52121854,48.14206684409212,48.14206684409212,0.4814206684409212
44,20260860,long_emerging_break,constant,long,emerging,True,none,regularized_poisson_break_interaction,gross,1348676528.2640097,785838536.0565786,2134515064.3205886,1118376298.6713781,0.1,2.9282688290004444,success,,,True,True,332537762.6147995,332537762.6147995,42.3162962055169,42.3162962055169,0.42316296205516896
44,20260860,long_emerging_break,constant,long,emerging,True,none,regularized_poisson_break_interaction,ceded,212488746.3546732,385637467.7939311,598126214.1486044,307195536.6110862,1.0,3.3372612739985925,success,,,True,True,-78441931.18284494,78441931.18284494,-20.340848007217257,20.340848007217257,-0.20340848007217258
44,20260860,long_shock_break,constant,long,shock,True,none,regularized_poisson,gross,1376536492.235824,884160408.2422583,2260696900.478082,1288807475.415729,0.01,2.68954797999686,success,,,True,True,404647067.17347074,404647067.17347074,45.766250490442474,45.766250490442474,0.4576625049044247
44,20260860,long_shock_break,constant,long,shock,True,none,regularized_poisson,ceded,223521394.59542707,471451543.6070763,694972938.2025034,722270040.9937596,0.1,2.4336526970000705,success,,,True,True,250818497.38668334,250818497.38668334,53.20133124767622,53.20133124767622,0.5320133124767622
44,20260860,long_shock_break,constant,long,shock,True,none,regularized_poisson_break_interaction,gross,1376536492.235824,884160408.2422583,2260696900.478082,1271145208.757278,0.1,2.7394861499997205,success,,,True,True,386984800.51501966,386984800.51501966,43.768619009344576,43.768619009344576,0.4376861900934457
44,20260860,long_shock_break,constant,long,shock,True,none,regularized_poisson_break_interaction,ceded,223521394.59542707,471451543.6070763,694972938.2025034,589115357.1200056,0.1,3.299747116998333,success,,,True,True,117663813.51292932,117663813.51292932,24.957774581176118,24.957774581176118,0.24957774581176118
45,20260861,short_stable_no_break,constant,short,stable,False,none,regularized_poisson,gross,1710549630.314341,100186367.4636596,1810735997.7780008,126725553.89300716,0.0001,2.882353235996561,success,,,True,True,26539186.42934756,26539186.42934756,26.48981802736192,26.48981802736192,0.2648981802736192
45,20260861,short_stable_no_break,constant,short,stable,False,none,regularized_poisson,ceded,341156333.3295825,58034007.127416834,399190340.45699936,55980482.834621444,0.001,1.8996844730027078,success,,,True,True,-2053524.29279539,2053524.29279539,-3.5384844067147823,3.5384844067147823,-0.03538484406714782
45,20260861,short_stable_no_break,constant,short,stable,False,none,regularized_poisson_break_interaction,gross,1710549630.314341,100186367.4636596,1810735997.7780008,126725553.48382428,0.0001,2.3096981960006815,success,,,True,True,26539186.020164683,26539186.020164683,26.489817618940208,26.489817618940208,0.2648981761894021
45,20260861,short_stable_no_break,constant,short,stable,False,none,regularized_poisson_break_interaction,ceded,341156333.3295825,58034007.127416834,399190340.45699936,55980482.74227078,0.001,1.9585464679985307,success,,,True,True,-2053524.3851460516,2053524.3851460516,-3.538484565846757,3.538484565846757,-0.03538484565846757
45,20260861,short_emerging_no_break,constant,short,emerging,False,none,regularized_poisson,gross,1736375093.7749748,111359418.55829473,1847734512.3332698,108036939.72133642,0.01,2.156487239000853,success,,,True,True,-3322478.836958304,3322478.836958304,-2.983563384195513,2.983563384195513,-0.029835633841955127
45,20260861,short_emerging_no_break,constant,short,emerging,False,none,regularized_poisson,ceded,355097244.95000386,69213083.93238875,424310328.8823926,52276911.42117214,0.01,2.5339256139995996,success,,,True,True,-16936172.51121661,16936172.51121661,-24.469611161613344,24.469611161613344,-0.24469611161613344
45,20260861,short_emerging_no_break,constant,short,emerging,False,none,regularized_poisson_break_interaction,gross,1736375093.7749748,111359418.55829473,1847734512.3332698,108036939.72051603,0.01,3.705674906999775,success,,,True,True,-3322478.8377787024,3322478.8377787024,-2.983563384932225,2.983563384932225,-0.029835633849322248
45,20260861,short_emerging_no_break,constant,short,emerging,False,none,regularized_poisson_break_interaction,ceded,355097244.95000386,69213083.93238875,424310328.8823926,52276911.42117222,0.01,2.0398777880000125,success,,,True,True,-16936172.511216536,16936172.511216536,-24.469611161613237,24.469611161613237,-0.24469611161613236
45,20260861,short_shock_no_break,constant,short,shock,False,none,regularized_poisson,gross,1757441633.793781,124885211.7994707,1882326845.5932517,123288115.50918478,0.01,2.292435863000719,success,,,True,True,-1597096.2902859151,1597096.2902859151,-1.2788514086442733,1.2788514086442733,-0.012788514086442732
45,20260861,short_shock_no_break,constant,short,shock,False,none,regularized_poisson,ceded,367410913.61359906,83758652.3862935,451169565.99989253,68751716.80758831,0.001,1.9008915180020267,success,,,True,True,-15006935.578705192,15006935.578705192,-17.916878019351905,17.916878019351905,-0.17916878019351906
45,20260861,short_shock_no_break,constant,short,shock,False,none,regularized_poisson_break_interaction,gross,1757441633.793781,124885211.7994707,1882326845.5932517,123288115.52248797,0.01,2.173063980000734,success,,,True,True,-1597096.2769827247,1597096.2769827247,-1.278851397991939,1.278851397991939,-0.012788513979919388
45,20260861,short_shock_no_break,constant,short,shock,False,none,regularized_poisson_break_interaction,ceded,367410913.61359906,83758652.3862935,451169565.99989253,68751716.86428607,0.001,1.9921920980013965,success,,,True,True,-15006935.522007436,15006935.522007436,-17.916877951660087,17.916877951660087,-0.17916877951660087
45,20260861,long_stable_no_break,constant,long,stable,False,none,regularized_poisson,gross,1350292041.2519982,767129379.2780486,2117421420.5300467,855581796.0144751,0.0001,2.5762463999999454,success,,,True,True,88452416.73642647,88452416.73642647,11.53031276414804,11.53031276414804,0.1153031276414804
45,20260861,long_stable_no_break,constant,long,stable,False,none,regularized_poisson,ceded,242779992.89630607,334276857.95551425,577056850.8518203,427761978.25923043,0.1,2.1063058049985557,success,,,True,True,93485120.30371618,93485120.30371618,27.966375200330866,27.966375200330866,0.2796637520033087
45,20260861,long_stable_no_break,constant,long,stable,False,none,regularized_poisson_break_interaction,gross,1350292041.2519982,767129379.2780486,2117421420.5300467,855581237.6163517,0.0001,2.3941144560012617,success,,,True,True,88451858.33830309,88451858.33830309,11.530239973542118,11.530239973542118,0.11530239973542118
45,20260861,long_stable_no_break,constant,long,stable,False,none,regularized_poisson_break_interaction,ceded,242779992.89630607,334276857.95551425,577056850.8518203,427761978.25923204,0.1,2.096556670003338,success,,,True,True,93485120.30371779,93485120.30371779,27.96637520033135,27.96637520033135,0.2796637520033135
45,20260861,long_emerging_no_break,constant,long,emerging,False,none,regularized_poisson,gross,1379488072.784252,892605780.5206447,2272093853.3048973,829186975.7307105,0.01,2.723225437999645,success,,,True,True,-63418804.78993416,63418804.78993416,-7.104906351036942,7.104906351036942,-0.07104906351036942
45,20260861,long_emerging_no_break,constant,long,emerging,False,none,regularized_poisson,ceded,252931534.45574477,438947693.55025476,691879228.0059994,570396794.698096,0.1,2.276442963997397,success,,,True,True,131449101.14784127,131449101.14784127,29.94641573000811,29.94641573000811,0.2994641573000811
45,20260861,long_emerging_no_break,constant,long,emerging,False,none,regularized_poisson_break_interaction,gross,1379488072.784252,892605780.5206447,2272093853.3048973,829187530.939095,0.01,2.638247313003376,success,,,True,True,-63418249.581549644,63418249.581549644,-7.104844150186731,7.104844150186731,-0.07104844150186732
45,20260861,long_emerging_no_break,constant,long,emerging,False,none,regularized_poisson_break_interaction,ceded,252931534.45574477,438947693.55025476,691879228.0059994,570396794.6973165,0.1,2.2311091929987015,success,,,True,True,131449101.14706177,131449101.14706177,29.946415729830523,29.946415729830523,0.2994641572983052
45,20260861,long_shock_no_break,constant,long,shock,False,none,regularized_poisson,gross,1403912429.433808,1004854902.0327575,2408767331.466565,973841186.6537635,0.01,2.6595559640009014,success,,,True,True,-31013715.378993988,31013715.378993988,-3.086387429295037,3.086387429295037,-0.030863874292950372
45,20260861,long_shock_no_break,constant,long,shock,False,none,regularized_poisson,ceded,261354642.92559406,530862191.2236451,792216834.1492391,628431758.9776338,0.1,2.2228013570020266,success,,,True,True,97569567.75398874,97569567.75398874,18.379453155081446,18.379453155081446,0.18379453155081446
45,20260861,long_shock_no_break,constant,long,shock,False,none,regularized_poisson_break_interaction,gross,1403912429.433808,1004854902.0327575,2408767331.466565,973841469.2358762,0.01,2.43886708500213,success,,,True,True,-31013432.796881318,31013432.796881318,-3.0863593076117875,3.0863593076117875,-0.030863593076117874
45,20260861,long_shock_no_break,constant,long,shock,False,none,regularized_poisson_break_interaction,ceded,261354642.92559406,530862191.2236451,792216834.1492391,628431758.9775612,0.1,2.1814000839985965,success,,,True,True,97569567.75391614,97569567.75391614,18.37945315506777,18.37945315506777,0.1837945315506777
45,20260861,long_stable_break,constant,long,stable,True,none,regularized_poisson,gross,1472400860.9717574,590828088.6831055,2063228949.6548629,921659278.9002913,0.0001,2.5414604210018297,success,,,True,True,330831190.21718585,330831190.21718585,55.994492569670186,55.994492569670186,0.5599449256967018
45,20260861,long_stable_break,constant,long,stable,True,none,regularized_poisson,ceded,282816249.7168779,256522651.401729,539338901.1186068,555713318.2777832,0.1,2.2080253879976226,success,,,True,True,299190666.87605417,299190666.87605417,116.63323501498691,116.63323501498691,1.166332350149869
45,20260861,long_stable_break,constant,long,stable,True,none,regularized_poisson_break_interaction,gross,1472400860.9717574,590828088.6831055,2063228949.6548629,893612330.0249168,1.0,2.6626708330004476,success,,,True,True,302784241.3418113,302784241.3418113,51.24743510700143,51.24743510700143,0.5124743510700143
45,20260861,long_stable_break,constant,long,stable,True,none,regularized_poisson_break_interaction,ceded,282816249.7168779,256522651.401729,539338901.1186068,449683474.02834743,0.1,3.109362825998687,success,,,True,True,193160822.62661844,193160822.62661844,75.2997139126391,75.2997139126391,0.7529971391263911
45,20260861,long_emerging_break,constant,long,emerging,True,none,regularized_poisson,gross,1506058175.2744732,674736006.6359785,2180794181.910452,946502062.8439775,0.01,2.8192546040008892,success,,,True,True,271766056.207999,271766056.207999,40.277390495719814,40.277390495719814,0.4027739049571981
45,20260861,long_emerging_break,constant,long,emerging,True,none,regularized_poisson,ceded,296871161.51876533,326853781.3478096,623724942.8665749,739321388.040189,0.1,2.3279979200015077,success,,,True,True,412467606.6923794,412467606.6923794,126.19331035166057,126.19331035166057,1.2619331035166057
45,20260861,long_emerging_break,constant,long,emerging,True,none,regularized_poisson_break_interaction,gross,1506058175.2744732,674736006.6359785,2180794181.910452,997590747.018539,1.0,2.8510025050018157,success,,,True,True,322854740.3825605,322854740.3825605,47.849045731561404,47.849045731561404,0.478490457315614
45,20260861,long_emerging_break,constant,long,emerging,True,none,regularized_poisson_break_interaction,ceded,296871161.51876533,326853781.3478096,623724942.8665749,642140144.9801049,0.1,3.242740508998395,success,,,True,True,315286363.6322953,315286363.6322953,96.46098091084795,96.46098091084795,0.9646098091084795
45,20260861,long_shock_break,constant,long,shock,True,none,regularized_poisson,gross,1534017273.3330984,758982085.7695277,2292999359.102626,1120762729.9881434,0.01,2.898478203002014,success,,,True,True,361780644.2186158,361780644.2186158,47.66655906664891,47.66655906664891,0.47666559066648906
45,20260861,long_shock_break,constant,long,shock,True,none,regularized_poisson,ceded,308521784.10859555,398276787.67611235,706798571.7847079,825483023.7707287,0.1,2.3926754200001596,success,,,True,True,427206236.09461635,427206236.09461635,107.26365415049747,107.26365415049747,1.0726365415049748
45,20260861,long_shock_break,constant,long,shock,True,none,regularized_poisson_break_interaction,gross,1534017273.3330984,758982085.7695277,2292999359.102626,1099219310.8601007,1.0,2.8152380020001146,success,,,True,True,340237225.0905731,340237225.0905731,44.82809693006239,44.82809693006239,0.44828096930062383
45,20260861,long_shock_break,constant,long,shock,True,none,regularized_poisson_break_interaction,ceded,308521784.10859555,398276787.67611235,706798571.7847079,696771909.7971597,0.1,3.71788100699996,success,,,True,True,298495122.1210473,298495122.1210473,74.94665302055972,74.94665302055972,0.7494665302055973
46,20260862,short_stable_no_break,constant,short,stable,False,none,regularized_poisson,gross,1640482971.3500764,127471667.13252124,1767954638.4825978,122289679.39836106,0.0001,3.795896579998953,success,,,True,True,-5181987.734160185,5181987.734160185,-4.0652074698081115,4.0652074698081115,-0.04065207469808112
46,20260862,short_stable_no_break,constant,short,stable,False,none,regularized_poisson,ceded,316374218.41402656,52398991.27850675,368773209.6925333,75170078.31861797,0.001,3.2806506589986384,success,,,True,True,22771087.04011122,22771087.04011122,43.45710954449531,43.45710954449531,0.4345710954449531
46,20260862,short_stable_no_break,constant,short,stable,False,none,regularized_poisson_break_interaction,gross,1640482971.3500764,127471667.13252124,1767954638.4825978,122289679.39978358,0.0001,3.3706627870014927,success,,,True,True,-5181987.73273766,5181987.73273766,-4.065207468692158,4.065207468692158,-0.04065207468692158
46,20260862,short_stable_no_break,constant,short,stable,False,none,regularized_poisson_break_interaction,ceded,316374218.41402656,52398991.27850675,368773209.6925333,75170078.31862028,0.001,2.8891629000027024,success,,,True,True,22771087.04011353,22771087.04011353,43.457109544499716,43.457109544499716,0.43457109544499717
46,20260862,short_emerging_no_break,constant,short,emerging,False,none,regularized_poisson,gross,1668238587.0837386,141738776.99498373,1809977364.0787227,141605154.21413106,0.0001,4.0679071029990155,success,,,True,True,-133622.78085267544,133622.78085267544,-0.0942739761733689,0.0942739761733689,-0.000942739761733689
46,20260862,short_emerging_no_break,constant,short,emerging,False,none,regularized_poisson,ceded,330634191.57667595,67227742.86518183,397861934.44185776,94491817.0288928,0.001,2.8609490180024295,success,,,True,True,27264074.163710967,27264074.163710967,40.55479628162766,40.55479628162766,0.4055479628162766
46,20260862,short_emerging_no_break,constant,short,emerging,False,none,regularized_poisson_break_interaction,gross,1668238587.0837386,141738776.99498373,1809977364.0787227,141605117.3565518,0.0001,3.247501275000104,success,,,True,True,-133659.6384319365,133659.6384319365,-0.0942999800518011,0.0942999800518011,-0.000942999800518011
46,20260862,short_emerging_no_break,constant,short,emerging,False,none,regularized_poisson_break_interaction,ceded,330634191.57667595,67227742.86518183,397861934.44185776,94491817.02896096,0.001,3.3892870070012577,success,,,True,True,27264074.163779125,27264074.163779125,40.55479628172905,40.55479628172905,0.40554796281729044
46,20260862,short_shock_no_break,constant,short,shock,False,none,regularized_poisson,gross,1693286935.5559227,158972321.05648673,1852259256.6124096,167075855.40998524,0.0001,3.1174634250019153,success,,,True,True,8103534.3534985185,8103534.3534985185,5.097449857713995,5.097449857713995,0.050974498577139954
46,20260862,short_shock_no_break,constant,short,shock,False,none,regularized_poisson,ceded,343007162.8051442,86282794.7088791,429289957.5140233,112083828.88122466,0.001,1.9135573210005532,success,,,True,True,25801034.172345564,25801034.172345564,29.902872594007967,29.902872594007967,0.2990287259400797
46,20260862,short_shock_no_break,constant,short,shock,False,none,regularized_poisson_break_interaction,gross,1693286935.5559227,158972321.05648673,1852259256.6124096,167075855.4097793,0.0001,2.219981225000083,success,,,True,True,8103534.353292584,8103534.353292584,5.097449857584454,5.097449857584454,0.050974498575844546
46,20260862,short_shock_no_break,constant,short,shock,False,none,regularized_poisson_break_interaction,ceded,343007162.8051442,86282794.7088791,429289957.5140233,112083828.88127646,0.001,1.9853000559996872,success,,,True,True,25801034.17239736,25801034.17239736,29.902872594067997,29.902872594067997,0.29902872594068
46,20260862,long_stable_no_break,constant,long,stable,False,none,regularized_poisson,gross,1282620781.149201,780256848.3780754,2062877629.5272763,771763484.1675708,0.0001,2.5152466139988974,success,,,True,True,-8493364.210504532,8493364.210504532,-1.088534400968058,1.088534400968058,-0.010885344009680581
46,20260862,long_stable_no_break,constant,long,stable,False,none,regularized_poisson,ceded,196347305.46511742,346477413.3494035,542824718.814521,392650327.82785606,0.01,2.176787994998449,success,,,True,True,46172914.47845256,46172914.47845256,13.3263851262621,13.3263851262621,0.133263851262621
46,20260862,long_stable_no_break,constant,long,stable,False,none,regularized_poisson_break_interaction,gross,1282620781.149201,780256848.3780754,2062877629.5272763,771763690.8140354,0.0001,2.3220678840007167,success,,,True,True,-8493157.564039946,8493157.564039946,-1.0885079165526996,1.0885079165526996,-0.010885079165526997
46,20260862,long_stable_no_break,constant,long,stable,False,none,regularized_poisson_break_interaction,ceded,196347305.46511742,346477413.3494035,542824718.814521,392650327.83696544,0.01,2.200805575997947,success,,,True,True,46172914.48756194,46172914.48756194,13.326385128891241,13.326385128891241,0.1332638512889124
46,20260862,long_emerging_no_break,constant,long,emerging,False,none,regularized_poisson,gross,1309776484.8176923,910365707.2006652,2220142192.0183578,804428812.5780044,0.0001,3.1471996100008255,success,,,True,True,-105936894.62266088,105936894.62266088,-11.636740464270364,11.636740464270364,-0.11636740464270365
46,20260862,long_emerging_no_break,constant,long,emerging,False,none,regularized_poisson,ceded,206069649.48042452,453784607.42143095,659854256.9018555,537914175.961832,0.01,2.9184199980009,success,,,True,True,84129568.5404011,84129568.5404011,18.53953773761871,18.53953773761871,0.18539537737618708
46,20260862,long_emerging_no_break,constant,long,emerging,False,none,regularized_poisson_break_interaction,gross,1309776484.8176923,910365707.2006652,2220142192.0183578,804432854.3592635,0.0001,3.343618923001486,success,,,True,True,-105932852.8414017,105932852.8414017,-11.6362964909059,11.6362964909059,-0.11636296490905901
46,20260862,long_emerging_no_break,constant,long,emerging,False,none,regularized_poisson_break_interaction,ceded,206069649.48042452,453784607.42143095,659854256.9018555,537914175.9648606,0.01,3.565408884001954,success,,,True,True,84129568.54342961,84129568.54342961,18.5395377382861,18.5395377382861,0.185395377382861
46,20260862,long_shock_no_break,constant,long,shock,False,none,regularized_poisson,gross,1333056024.102989,1024945497.8013945,2358001521.904383,961187247.416384,0.0001,4.077874653998151,success,,,True,True,-63758250.38501048,63758250.38501048,-6.220647880475401,6.220647880475401,-0.062206478804754
46,20260862,long_shock_no_break,constant,long,shock,False,none,regularized_poisson,ceded,214093839.48109493,548516975.5585554,762610815.0396503,595995922.4110984,0.01,3.65414501199848,success,,,True,True,47478946.852543,47478946.852543,8.655875564141864,8.655875564141864,0.08655875564141864
46,20260862,long_shock_no_break,constant,long,shock,False,none,regularized_poisson_break_interaction,gross,1333056024.102989,1024945497.8013945,2358001521.904383,961187636.3413739,0.0001,3.4452496919984696,success,,,True,True,-63757861.46002054,63757861.46002054,-6.220609934556249,6.220609934556249,-0.06220609934556249
46,20260862,long_shock_no_break,constant,long,shock,False,none,regularized_poisson_break_interaction,ceded,214093839.48109493,548516975.5585554,762610815.0396503,595995922.4110425,0.01,2.2154710680006247,success,,,True,True,47478946.85248709,47478946.85248709,8.655875564131671,8.655875564131671,0.08655875564131671
46,20260862,long_stable_break,constant,long,stable,True,none,regularized_poisson,gross,1390288110.4973583,620386392.4287188,2010674502.926077,926405790.3373388,0.0001,2.6615172950005217,success,,,True,True,306019397.90862,306019397.90862,49.32722600677948,49.32722600677948,0.49327226006779484
46,20260862,long_stable_break,constant,long,stable,True,none,regularized_poisson,ceded,231919406.31332368,271693077.3841916,503612483.69751525,542261768.6235303,0.01,2.312933999000961,success,,,True,True,270568691.2393387,270568691.2393387,99.58615576234835,99.58615576234835,0.9958615576234836
46,20260862,long_stable_break,constant,long,stable,True,none,regularized_poisson_break_interaction,gross,1390288110.4973583,620386392.4287188,2010674502.926077,926039923.0434496,0.1,2.542173002999334,success,,,True,True,305653530.61473083,305653530.61473083,49.26825190638749,49.26825190638749,0.4926825190638749
46,20260862,long_stable_break,constant,long,stable,True,none,regularized_poisson_break_interaction,ceded,231919406.31332368,271693077.3841916,503612483.69751525,433659547.0295667,0.1,3.2439638120013115,success,,,True,True,161966469.64537513,161966469.64537513,59.61376388561571,59.61376388561571,0.5961376388561571
46,20260862,long_emerging_break,constant,long,emerging,True,none,regularized_poisson,gross,1421634499.3131194,709992671.0915889,2131627170.4047081,942268758.5811192,0.0001,2.87312566699984,success,,,True,True,232276087.48953032,232276087.48953032,32.71527960033925,32.71527960033925,0.32715279600339253
46,20260862,long_emerging_break,constant,long,emerging,True,none,regularized_poisson,ceded,246236385.92678759,344662403.1959149,590898789.1227025,772936072.1199359,0.01,2.3586157680001634,success,,,True,True,428273668.92402095,428273668.92402095,124.25888781393404,124.25888781393404,1.2425888781393404
46,20260862,long_emerging_break,constant,long,emerging,True,none,regularized_poisson_break_interaction,gross,1421634499.3131194,709992671.0915889,2131627170.4047081,945349049.5432566,0.0001,2.7475132689978636,success,,,True,True,235356378.4516678,235356378.4516678,33.14912787618154,33.14912787618154,0.3314912787618154
46,20260862,long_emerging_break,constant,long,emerging,True,none,regularized_poisson_break_interaction,ceded,246236385.92678759,344662403.1959149,590898789.1227025,652324912.8891927,0.1,3.4470708619992365,success,,,True,True,307662509.6932778,307662509.6932778,89.26488843588622,89.26488843588622,0.8926488843588621
46,20260862,long_shock_break,constant,long,shock,True,none,regularized_poisson,gross,1448574993.676218,798768522.9955536,2247343516.6717715,1147901199.790842,0.0001,2.8609273320034845,success,,,True,True,349132676.79528844,349132676.79528844,43.708867681210805,43.708867681210805,0.43708867681210806
46,20260862,long_shock_break,constant,long,shock,True,none,regularized_poisson,ceded,258566355.01481184,417206528.94205534,675772883.9568672,894274128.1545537,0.01,2.406756324999151,success,,,True,True,477067599.2124983,477067599.2124983,114.34806651330159,114.34806651330159,1.1434806651330158
46,20260862,long_shock_break,constant,long,shock,True,none,regularized_poisson_break_interaction,gross,1448574993.676218,798768522.9955536,2247343516.6717715,1143610433.9129221,0.0001,2.789444113001082,success,,,True,True,344841910.91736853,344841910.91736853,43.17169505179514,43.17169505179514,0.4317169505179514
46,20260862,long_shock_break,constant,long,shock,True,none,regularized_poisson_break_interaction,ceded,258566355.01481184,417206528.94205534,675772883.9568672,738007974.6628118,0.1,3.424784776998422,success,,,True,True,320801445.7207564,320801445.7207564,76.89271942465493,76.89271942465493,0.7689271942465493
47,20260863,short_stable_no_break,constant,short,stable,False,none,regularized_poisson,gross,1575998932.84449,114442302.6173637,1690441235.4618537,100062047.76498741,0.001,2.1512302219998674,success,,,True,True,-14380254.852376297,14380254.852376297,-12.56550639360734,12.56550639360734,-0.1256550639360734
47,20260863,short_stable_no_break,constant,short,stable,False,none,regularized_poisson,ceded,288446056.8555149,44983595.742743924,333429652.5982588,41590902.97283107,0.001,1.8459196040021197,success,,,True,True,-3392692.769912854,3392692.769912854,-7.542066644283571,7.542066644283571,-0.07542066644283571
47,20260863,short_stable_no_break,constant,short,stable,False,none,regularized_poisson_break_interaction,gross,1575998932.84449,114442302.6173637,1690441235.4618537,100062047.76612991,0.001,2.0459063720009,success,,,True,True,-14380254.851233795,14380254.851233795,-12.565506392609018,12.565506392609018,-0.1256550639260902
47,20260863,short_stable_no_break,constant,short,stable,False,none,regularized_poisson_break_interaction,ceded,288446056.8555149,44983595.742743924,333429652.5982588,41590903.039220236,0.001,2.1317095539998263,success,,,True,True,-3392692.703523688,3392692.703523688,-7.542066496698291,7.542066496698291,-0.07542066496698291
47,20260863,short_emerging_no_break,constant,short,emerging,False,none,regularized_poisson,gross,1600777624.2199378,127136519.57788654,1727914143.7978244,118406412.11856782,0.0001,2.192639765999047,success,,,True,True,-8730107.459318712,8730107.459318712,-6.866718931982767,6.866718931982767,-0.06866718931982767
47,20260863,short_emerging_no_break,constant,short,emerging,False,none,regularized_poisson,ceded,300640233.9909214,60094204.61255132,360734438.6034727,59397741.09254073,0.0001,1.9926262449989736,success,,,True,True,-696463.5200105831,696463.5200105831,-1.1589528882209705,1.1589528882209705,-0.011589528882209705
47,20260863,short_emerging_no_break,constant,short,emerging,False,none,regularized_poisson_break_interaction,gross,1600777624.2199378,127136519.57788654,1727914143.7978244,118406437.4513072,0.0001,2.186103363001166,success,,,True,True,-8730082.12657933,8730082.12657933,-6.866699006363073,6.866699006363073,-0.06866699006363074
47,20260863,short_emerging_no_break,constant,short,emerging,False,none,regularized_poisson_break_interaction,ceded,300640233.9909214,60094204.61255132,360734438.6034727,59397741.2613136,0.0001,2.075571506000415,success,,,True,True,-696463.3512377143,696463.3512377143,-1.1589526073738075,1.1589526073738075,-0.011589526073738074
47,20260863,short_shock_no_break,constant,short,shock,False,none,regularized_poisson,gross,1621989476.6947546,142550111.19503152,1764539587.889786,132286119.00695883,0.0001,2.29064930900131,success,,,True,True,-10263992.188072696,10263992.188072696,-7.200269506650823,7.200269506650823,-0.07200269506650823
47,20260863,short_shock_no_break,constant,short,shock,False,none,regularized_poisson,ceded,310191128.892431,80327683.44530128,390518812.3377322,72560398.02871123,0.0001,1.9260683289976441,success,,,True,True,-7767285.41659005,7767285.41659005,-9.66950008197254,9.66950008197254,-0.0966950008197254
47,20260863,short_shock_no_break,constant,short,shock,False,none,regularized_poisson_break_interaction,gross,1621989476.6947546,142550111.19503152,1764539587.889786,132286119.0140137,0.0001,2.1381887450006616,success,,,True,True,-10263992.181017831,10263992.181017831,-7.200269501701781,7.200269501701781,-0.07200269501701781
47,20260863,short_shock_no_break,constant,short,shock,False,none,regularized_poisson_break_interaction,ceded,310191128.892431,80327683.44530128,390518812.3377322,72560398.04028036,0.0001,2.009506076999969,success,,,True,True,-7767285.405020922,7767285.405020922,-9.669500067570123,9.669500067570123,-0.09669500067570123
47,20260863,long_stable_no_break,constant,long,stable,False,none,regularized_poisson,gross,1259544367.2553902,712355945.2466264,1971900312.5020163,650519075.7836386,0.0001,2.6039235630014446,success,,,True,True,-61836869.46298778,61836869.46298778,-8.680613936840114,8.680613936840114,-0.08680613936840113
47,20260863,long_stable_no_break,constant,long,stable,False,none,regularized_poisson,ceded,205432403.73799777,292656654.2204359,498089057.9584336,228299580.96921095,0.1,2.1873984840021876,success,,,True,True,-64357073.251224965,64357073.251224965,-21.99064067846197,21.99064067846197,-0.21990640678461967
47,20260863,long_stable_no_break,constant,long,stable,False,none,regularized_poisson_break_interaction,gross,1259544367.2553902,712355945.2466264,1971900312.5020163,650519030.049041,0.0001,2.1839168049991713,success,,,True,True,-61836915.197585344,61836915.197585344,-8.680620357029047,8.680620357029047,-0.08680620357029048
47,20260863,long_stable_no_break,constant,long,stable,False,none,regularized_poisson_break_interaction,ceded,205432403.73799777,292656654.2204359,498089057.9584336,228299580.96739233,0.1,2.150130155001534,success,,,True,True,-64357073.25304359,64357073.25304359,-21.990640679083388,21.990640679083388,-0.21990640679083387
47,20260863,long_emerging_no_break,constant,long,emerging,False,none,regularized_poisson,gross,1284926026.2562587,830501611.0156143,2115427637.2718732,648655185.490232,0.01,2.899504932000127,success,,,True,True,-181846425.52538228,181846425.52538228,-21.895975048501548,21.895975048501548,-0.21895975048501548
47,20260863,long_emerging_no_break,constant,long,emerging,False,none,regularized_poisson,ceded,213519174.6764711,399791703.5359767,613310878.2124479,299088848.7214917,0.1,2.314164922998316,success,,,True,True,-100702854.81448501,100702854.81448501,-25.188830564469907,25.188830564469907,-0.25188830564469905
47,20260863,long_emerging_no_break,constant,long,emerging,False,none,regularized_poisson_break_interaction,gross,1284926026.2562587,830501611.0156143,2115427637.2718732,648655605.1118969,0.01,2.4066053999995347,success,,,True,True,-181846005.9037174,181846005.9037174,-21.89592452221005,21.89592452221005,-0.2189592452221005
47,20260863,long_emerging_no_break,constant,long,emerging,False,none,regularized_poisson_break_interaction,ceded,213519174.6764711,399791703.5359767,613310878.2124479,299088848.72035015,0.1,2.2222234630025923,success,,,True,True,-100702854.81562656,100702854.81562656,-25.188830564755442,25.188830564755442,-0.25188830564755443
47,20260863,long_shock_no_break,constant,long,shock,False,none,regularized_poisson,gross,1306173574.933521,935004338.9855454,2241177913.9190664,779079561.3388972,0.01,2.6426062999998976,success,,,True,True,-155924777.64664817,155924777.64664817,-16.676369418330438,16.676369418330438,-0.1667636941833044
47,20260863,long_shock_no_break,constant,long,shock,False,none,regularized_poisson,ceded,220048368.247523,496091452.87260747,716139821.1201305,342438081.769056,0.1,2.234825034000096,success,,,True,True,-153653371.10355145,153653371.10355145,-30.972791450815112,30.972791450815112,-0.3097279145081511
47,20260863,long_shock_no_break,constant,long,shock,False,none,regularized_poisson_break_interaction,gross,1306173574.933521,935004338.9855454,2241177913.9190664,779079435.8583014,0.01,2.423366492999776,success,,,True,True,-155924903.127244,155924903.127244,-16.676382838652742,16.676382838652742,-0.16676382838652742
47,20260863,long_shock_no_break,constant,long,shock,False,none,regularized_poisson_break_interaction,ceded,220048368.247523,496091452.87260747,716139821.1201305,342438081.76905674,0.1,2.3353211590001592,success,,,True,True,-153653371.10355073,153653371.10355073,-30.972791450814967,30.972791450814967,-0.3097279145081497
47,20260863,long_stable_break,constant,long,stable,True,none,regularized_poisson,gross,1362157082.9668868,561155380.2123573,1923312463.1792436,769355925.6588538,0.0001,2.57719166699826,success,,,True,True,208200545.4464965,208200545.4464965,37.10212051565957,37.10212051565957,0.3710212051565957
47,20260863,long_stable_break,constant,long,stable,True,none,regularized_poisson,ceded,236428614.2297229,224925177.75972947,461353791.9894524,354658806.83098817,0.1,2.244320322999556,success,,,True,True,129733629.0712587,129733629.0712587,57.67857132021178,57.67857132021178,0.5767857132021178
47,20260863,long_stable_break,constant,long,stable,True,none,regularized_poisson_break_interaction,gross,1362157082.9668868,561155380.2123573,1923312463.1792436,744957396.1465282,1.0,2.4397424349990615,success,,,True,True,183802015.93417096,183802015.93417096,32.75421076148553,32.75421076148553,0.3275421076148553
47,20260863,long_stable_break,constant,long,stable,True,none,regularized_poisson_break_interaction,ceded,236428614.2297229,224925177.75972947,461353791.9894524,233162503.28290635,1.0,3.2411043659994903,success,,,True,True,8237325.523176879,8237325.523176879,3.662251422993734,3.662251422993734,0.03662251422993734
47,20260863,long_emerging_break,constant,long,emerging,True,none,regularized_poisson,gross,1391366885.9805894,641971582.1862807,2033338468.16687,796593110.8607094,0.01,2.850702824001928,success,,,True,True,154621528.6744287,154621528.6744287,24.08541638990528,24.08541638990528,0.2408541638990528
47,20260863,long_emerging_break,constant,long,emerging,True,none,regularized_poisson,ceded,248103732.30536455,298208536.8960704,546312269.201435,480585832.62767404,0.1,2.5031530810010736,success,,,True,True,182377295.73160362,182377295.73160362,61.15763741370171,61.15763741370171,0.611576374137017
47,20260863,long_emerging_break,constant,long,emerging,True,none,regularized_poisson_break_interaction,gross,1391366885.9805894,641971582.1862807,2033338468.16687,827228383.1402097,1.0,2.7924523950023286,success,,,True,True,185256800.95392895,185256800.95392895,28.85747688753192,28.85747688753192,0.2885747688753192
47,20260863,long_emerging_break,constant,long,emerging,True,none,regularized_poisson_break_interaction,ceded,248103732.30536455,298208536.8960704,546312269.201435,294222369.90301377,1.0,3.3198526779997337,success,,,True,True,-3986166.993056655,3986166.993056655,-1.33670452044969,1.33670452044969,-0.0133670452044969
47,20260863,long_shock_break,constant,long,shock,True,none,regularized_poisson,gross,1415847107.8732576,722215878.1384668,2138062986.011724,955745106.8464057,0.01,2.8008506410005793,success,,,True,True,233529228.7079389,233529228.7079389,32.335100317908754,32.335100317908754,0.32335100317908755
47,20260863,long_shock_break,constant,long,shock,True,none,regularized_poisson,ceded,257286572.55853194,374346090.2077977,631632662.7663296,551173720.9517398,0.1,2.44619202299873,success,,,True,True,176827630.74394208,176827630.74394208,47.236403790349705,47.236403790349705,0.47236403790349707
47,20260863,long_shock_break,constant,long,shock,True,none,regularized_poisson_break_interaction,gross,1415847107.8732576,722215878.1384668,2138062986.011724,919794760.2537656,1.0,2.7128832599992165,success,,,True,True,197578882.11529875,197578882.11529875,27.357316295034146,27.357316295034146,0.27357316295034145
47,20260863,long_shock_break,constant,long,shock,True,none,regularized_poisson_break_interaction,ceded,257286572.55853194,374346090.2077977,631632662.7663296,342865791.40409863,1.0,3.2383200909971492,success,,,True,True,-31480298.803699076,31480298.803699076,-8.409410336361338,8.409410336361338,-0.08409410336361338
48,20260864,short_stable_no_break,constant,short,stable,False,none,regularized_poisson,gross,1496624070.607405,115591115.90067059,1612215186.5080755,109056218.92257829,0.001,2.2223762280009396,success,,,True,True,-6534896.978092298,6534896.978092298,-5.6534595476246166,5.6534595476246166,-0.05653459547624617
48,20260864,short_stable_no_break,constant,short,stable,False,none,regularized_poisson,ceded,283031638.12714964,58328671.740978256,341360309.86812794,57526479.475012004,0.001,1.8350971440013382,success,,,True,True,-802192.2659662515,802192.2659662515,-1.3752966457535134,1.3752966457535134,-0.013752966457535135
48,20260864,short_stable_no_break,constant,short,stable,False,none,regularized_poisson_break_interaction,gross,1496624070.607405,115591115.90067059,1612215186.5080755,109056218.92255977,0.001,2.042322036999394,success,,,True,True,-6534896.97811082,6534896.97811082,-5.653459547640641,5.653459547640641,-0.05653459547640641
48,20260864,short_stable_no_break,constant,short,stable,False,none,regularized_poisson_break_interaction,ceded,283031638.12714964,58328671.740978256,341360309.86812794,57526479.477344126,0.001,1.8873200279995217,success,,,True,True,-802192.2636341304,802192.2636341304,-1.375296641755272,1.375296641755272,-0.013752966417552722
48,20260864,short_emerging_no_break,constant,short,emerging,False,none,regularized_poisson,gross,1523925086.7753582,128298342.85292622,1652223429.6282842,160191677.71869424,0.001,2.3107904069984215,success,,,True,True,31893334.865768015,31893334.865768015,24.85872705489944,24.85872705489944,0.2485872705489944
48,20260864,short_emerging_no_break,constant,short,emerging,False,none,regularized_poisson,ceded,298227368.4229874,73634234.31973028,371861602.7427177,84271231.7858581,0.001,1.88066494099985,success,,,True,True,10636997.466127813,10636997.466127813,14.445722922765059,14.445722922765059,0.14445722922765059
48,20260864,short_emerging_no_break,constant,short,emerging,False,none,regularized_poisson_break_interaction,gross,1523925086.7753582,128298342.85292622,1652223429.6282842,160191725.93838102,0.001,2.11966462700002,success,,,True,True,31893383.08545479,31893383.08545479,24.858764638928747,24.858764638928747,0.24858764638928746
48,20260864,short_emerging_no_break,constant,short,emerging,False,none,regularized_poisson_break_interaction,ceded,298227368.4229874,73634234.31973028,371861602.7427177,84271231.91891043,0.001,1.9540397119999398,success,,,True,True,10636997.599180147,10636997.599180147,14.445723103458638,14.445723103458638,0.14445723103458638
48,20260864,short_shock_no_break,constant,short,shock,False,none,regularized_poisson,gross,1548162963.7107627,143826037.418006,1691989001.1287687,175145589.55714637,0.001,2.2541327420003654,success,,,True,True,31319552.139140368,31319552.139140368,21.77599598890109,21.77599598890109,0.2177599598890109
48,20260864,short_shock_no_break,constant,short,shock,False,none,regularized_poisson,ceded,312329527.3408133,93913852.25459364,406243379.5954069,103154656.07725875,0.001,1.8349213159999636,success,,,True,True,9240803.82266511,9240803.82266511,9.839660072311762,9.839660072311762,0.09839660072311762
48,20260864,short_shock_no_break,constant,short,shock,False,none,regularized_poisson_break_interaction,gross,1548162963.7107627,143826037.418006,1691989001.1287687,175145589.52059028,0.001,2.145708707997983,success,,,True,True,31319552.102584273,31319552.102584273,21.775995963484206,21.775995963484206,0.21775995963484207
48,20260864,short_shock_no_break,constant,short,shock,False,none,regularized_poisson_break_interaction,ceded,312329527.3408133,93913852.25459364,406243379.5954069,103154656.07738793,0.001,2.0260560829992755,success,,,True,True,9240803.822794288,9240803.822794288,9.839660072449313,9.839660072449313,0.09839660072449312
48,20260864,long_stable_no_break,constant,long,stable,False,none,regularized_poisson,gross,1154603647.9043257,724498962.0587697,1879102609.9630952,622626632.3259623,0.001,2.307769727998675,success,,,True,True,-101872329.7328074,101872329.7328074,-14.061073247547833,14.061073247547833,-0.14061073247547834
48,20260864,long_stable_no_break,constant,long,stable,False,none,regularized_poisson,ceded,189312051.1842372,313950165.89818645,503262217.0824237,360526273.96076345,0.1,2.1959623459988507,success,,,True,True,46576108.06257701,46576108.06257701,14.835509938122335,14.835509938122335,0.14835509938122335
48,20260864,long_stable_no_break,constant,long,stable,False,none,regularized_poisson_break_interaction,gross,1154603647.9043257,724498962.0587697,1879102609.9630952,622626663.417463,0.001,2.2296039659995586,success,,,True,True,-101872298.64130676,101872298.64130676,-14.061068956099223,14.061068956099223,-0.14061068956099224
48,20260864,long_stable_no_break,constant,long,stable,False,none,regularized_poisson_break_interaction,ceded,189312051.1842372,313950165.89818645,503262217.0824237,360526273.9607635,0.1,2.1135476240015123,success,,,True,True,46576108.06257707,46576108.06257707,14.835509938122355,14.835509938122355,0.14835509938122354
48,20260864,long_emerging_no_break,constant,long,emerging,False,none,regularized_poisson,gross,1178716802.5314314,845387332.416242,2024104134.9476733,658253058.5777293,0.01,2.6872497859985742,success,,,True,True,-187134273.83851266,187134273.83851266,-22.135921211837328,22.135921211837328,-0.22135921211837328
48,20260864,long_emerging_no_break,constant,long,emerging,False,none,regularized_poisson,ceded,197198354.46411264,419090658.56936455,616289013.0334772,481255167.6291697,0.1,2.213919640998938,success,,,True,True,62164509.059805155,62164509.059805155,14.833188902853149,14.833188902853149,0.14833188902853148
48,20260864,long_emerging_no_break,constant,long,emerging,False,none,regularized_poisson_break_interaction,gross,1178716802.5314314,845387332.416242,2024104134.9476733,658253785.269786,0.01,2.28458238100211,success,,,True,True,-187133547.146456,187133547.146456,-22.135835252179692,22.135835252179692,-0.22135835252179692
48,20260864,long_emerging_no_break,constant,long,emerging,False,none,regularized_poisson_break_interaction,ceded,197198354.46411264,419090658.56936455,616289013.0334772,481255167.67229205,0.1,2.0939945460013405,success,,,True,True,62164509.102927506,62164509.102927506,14.833188913142651,14.833188913142651,0.1483318891314265
48,20260864,long_shock_no_break,constant,long,shock,False,none,regularized_poisson,gross,1199363087.5116546,951791360.9105369,2151154448.4221916,803147705.7276478,0.01,2.5960401080010342,success,,,True,True,-148643655.1828891,148643655.1828891,-15.617251982691696,15.617251982691696,-0.15617251982691696
48,20260864,long_shock_no_break,constant,long,shock,False,none,regularized_poisson,ceded,203528833.92710313,510679603.9629408,714208437.890044,507264939.355029,0.1,2.182318988001498,success,,,True,True,-3414664.607911825,3414664.607911825,-0.6686510644665616,0.6686510644665616,-0.006686510644665617
48,20260864,long_shock_no_break,constant,long,shock,False,none,regularized_poisson_break_interaction,gross,1199363087.5116546,951791360.9105369,2151154448.4221916,803147707.954577,0.01,2.437828243000695,success,,,True,True,-148643652.95595992,148643652.95595992,-15.617251748719285,15.617251748719285,-0.15617251748719285
48,20260864,long_shock_no_break,constant,long,shock,False,none,regularized_poisson_break_interaction,ceded,203528833.92710313,510679603.9629408,714208437.890044,507264939.75195193,0.1,2.193629081997642,success,,,True,True,-3414664.210988879,3414664.210988879,-0.6686509867421053,0.6686509867421053,-0.006686509867421053
48,20260864,long_stable_break,constant,long,stable,True,none,regularized_poisson,gross,1255911825.4087007,574089898.6171857,1830001724.025886,756372593.8497353,0.001,2.4074660250007582,success,,,True,True,182282695.23254955,182282695.23254955,31.75159424884763,31.75159424884763,0.3175159424884763
48,20260864,long_stable_break,constant,long,stable,True,none,regularized_poisson,ceded,220381712.64151108,247220420.8726511,467602133.51416224,392908170.2882263,0.1,2.241379314000369,success,,,True,True,145687749.4155752,145687749.4155752,58.930305555390305,58.930305555390305,0.589303055553903
48,20260864,long_stable_break,constant,long,stable,True,none,regularized_poisson_break_interaction,gross,1255911825.4087007,574089898.6171857,1830001724.025886,709242511.1598496,1.0,2.454313602000184,success,,,True,True,135152612.54266393,135152612.54266393,23.54206420774986,23.54206420774986,0.2354206420774986
48,20260864,long_stable_break,constant,long,stable,True,none,regularized_poisson_break_interaction,ceded,220381712.64151108,247220420.8726511,467602133.51416224,264691934.82171732,1.0,3.305327739999484,success,,,True,True,17471513.94906622,17471513.94906622,7.067180731832099,7.067180731832099,0.070671807318321
48,20260864,long_emerging_break,constant,long,emerging,True,none,regularized_poisson,gross,1283947321.0383334,657056027.2257503,1941003348.2640839,824157685.9723103,0.01,2.9358723039986216,success,,,True,True,167101658.74655998,167101658.74655998,25.431873664123234,25.431873664123234,0.25431873664123233
48,20260864,long_emerging_break,constant,long,emerging,True,none,regularized_poisson,ceded,230578102.13831803,322795334.1595725,553373436.2978905,494209508.1386198,0.1,2.3153645700003835,success,,,True,True,171414173.9790473,171414173.9790473,53.10305194631761,53.10305194631761,0.5310305194631761
48,20260864,long_emerging_break,constant,long,emerging,True,none,regularized_poisson_break_interaction,gross,1283947321.0383334,657056027.2257503,1941003348.2640839,803286938.2863345,1.0,2.6713748820002365,success,,,True,True,146230911.0605842,146230911.0605842,22.255470614584652,22.255470614584652,0.22255470614584652
48,20260864,long_emerging_break,constant,long,emerging,True,none,regularized_poisson_break_interaction,ceded,230578102.13831803,322795334.1595725,553373436.2978905,327132467.47657096,1.0,3.4003124280025077,success,,,True,True,4337133.316998482,4337133.316998482,1.343617102858878,1.343617102858878,0.01343617102858878
48,20260864,long_shock_break,constant,long,shock,True,none,regularized_poisson,gross,1307974911.9396832,739204803.5749645,2047179715.514648,993910871.7410647,0.01,2.820625056003337,success,,,True,True,254706068.16610014,254706068.16610014,34.45676582921039,34.45676582921039,0.3445676582921039
48,20260864,long_shock_break,constant,long,shock,True,none,regularized_poisson,ceded,239694593.18337438,396701492.4502405,636396085.6336148,554553965.1061177,0.1,2.2522453179990407,success,,,True,True,157852472.65587723,157852472.65587723,39.79124748961643,39.79124748961643,0.3979124748961643
48,20260864,long_shock_break,constant,long,shock,True,none,regularized_poisson_break_interaction,gross,1307974911.9396832,739204803.5749645,2047179715.514648,907958559.6587932,1.0,2.7738601950004522,success,,,True,True,168753756.0838287,168753756.0838287,22.82909354318271,22.82909354318271,0.22829093543182713
48,20260864,long_shock_break,constant,long,shock,True,none,regularized_poisson_break_interaction,ceded,239694593.18337438,396701492.4502405,636396085.6336148,373591402.9529818,1.0,3.2440866289980477,success,,,True,True,-23110089.497258663,23110089.497258663,-5.825561520960861,5.825561520960861,-0.058255615209608605
49,20260865,short_stable_no_break,constant,short,stable,False,none,regularized_poisson,gross,1529424715.1176233,96635126.74102601,1626059841.8586493,109293190.74915388,0.001,2.1634413030005817,success,,,True,True,12658064.008127868,12658064.008127868,13.098822793548367,13.098822793548367,0.13098822793548368
49,20260865,short_stable_no_break,constant,short,stable,False,none,regularized_poisson,ceded,292094418.81736904,46310329.00987116,338404747.82724017,51767285.63133623,0.001,1.8957386809997843,success,,,True,True,5456956.621465065,5456956.621465065,11.783454659330753,11.783454659330753,0.11783454659330753
49,20260865,short_stable_no_break,constant,short,stable,False,none,regularized_poisson_break_interaction,gross,1529424715.1176233,96635126.74102601,1626059841.8586493,109293190.74692827,0.001,2.0481878530008544,success,,,True,True,12658064.00590226,12658064.00590226,13.098822791245263,13.098822791245263,0.13098822791245263
49,20260865,short_stable_no_break,constant,short,stable,False,none,regularized_poisson_break_interaction,ceded,292094418.81736904,46310329.00987116,338404747.82724017,51767285.63133623,0.001,1.9671310630001244,success,,,True,True,5456956.621465065,5456956.621465065,11.783454659330753,11.783454659330753,0.11783454659330753
49,20260865,short_emerging_no_break,constant,short,emerging,False,none,regularized_poisson,gross,1553577750.7320895,107294776.465985,1660872527.1980746,117726544.89189881,0.0001,2.2126396629973897,success,,,True,True,10431768.42591381,10431768.42591381,9.722531487095209,9.722531487095209,0.09722531487095208
49,20260865,short_emerging_no_break,constant,short,emerging,False,none,regularized_poisson,ceded,303965303.23128504,57917615.23518233,361882918.4664674,63628502.612903714,0.001,1.8714936530013802,success,,,True,True,5710887.377721384,5710887.377721384,9.860363474102916,9.860363474102916,0.09860363474102916
49,20260865,short_emerging_no_break,constant,short,emerging,False,none,regularized_poisson_break_interaction,gross,1553577750.7320895,107294776.465985,1660872527.1980746,117726544.92570749,0.0001,2.1858566150003753,success,,,True,True,10431768.45972249,10431768.45972249,9.722531518605296,9.722531518605296,0.09722531518605296
49,20260865,short_emerging_no_break,constant,short,emerging,False,none,regularized_poisson_break_interaction,ceded,303965303.23128504,57917615.23518233,361882918.4664674,63628501.55259821,0.001,1.9681199490005383,success,,,True,True,5710886.317415878,5710886.317415878,9.860361643389579,9.860361643389579,0.0986036164338958
49,20260865,short_shock_no_break,constant,short,shock,False,none,regularized_poisson,gross,1573428539.2202933,120284470.26459551,1693713009.4848888,127916882.64679477,0.001,2.2777053930003603,success,,,True,True,7632412.382199258,7632412.382199258,6.345301571690738,6.345301571690738,0.06345301571690738
49,20260865,short_shock_no_break,constant,short,shock,False,none,regularized_poisson,ceded,314397622.38178,72987549.70519732,387385172.08697736,71417577.13136604,0.01,1.901869553999859,success,,,True,True,-1569972.573831275,1569972.573831275,-2.1510142211548717,2.1510142211548717,-0.02151014221154872
49,20260865,short_shock_no_break,constant,short,shock,False,none,regularized_poisson_break_interaction,gross,1573428539.2202933,120284470.26459551,1693713009.4848888,127916882.64686486,0.001,2.164735619997373,success,,,True,True,7632412.382269353,7632412.382269353,6.345301571749013,6.345301571749013,0.06345301571749012
49,20260865,short_shock_no_break,constant,short,shock,False,none,regularized_poisson_break_interaction,ceded,314397622.38178,72987549.70519732,387385172.08697736,71417577.13942568,0.01,1.9563082409986237,success,,,True,True,-1569972.5657716393,1569972.5657716393,-2.151014210112392,2.151014210112392,-0.021510142101123918
49,20260865,long_stable_no_break,constant,long,stable,False,none,regularized_poisson,gross,1217698546.0509992,681615342.377451,1899313888.4284496,796124576.7957289,0.1,2.475729701000091,success,,,True,True,114509234.41827798,114509234.41827798,16.79968558496258,16.79968558496258,0.16799685584962581
49,20260865,long_stable_no_break,constant,long,stable,False,none,regularized_poisson,ceded,199403597.9030817,296424848.4121561,495828446.3152378,317300641.84316635,0.1,2.189060177999636,success,,,True,True,20875793.431010246,20875793.431010246,7.04252478927949,7.04252478927949,0.0704252478927949
49,20260865,long_stable_no_break,constant,long,stable,False,none,regularized_poisson_break_interaction,gross,1217698546.0509992,681615342.377451,1899313888.4284496,796124576.655472,0.1,2.2385157569988223,success,,,True,True,114509234.2780211,114509234.2780211,16.799685564385452,16.799685564385452,0.16799685564385453
49,20260865,long_stable_no_break,constant,long,stable,False,none,regularized_poisson_break_interaction,ceded,199403597.9030817,296424848.4121561,495828446.3152378,317300641.8431659,0.1,2.201158466999914,success,,,True,True,20875793.43100977,20875793.43100977,7.042524789279329,7.042524789279329,0.0704252478927933
49,20260865,long_emerging_no_break,constant,long,emerging,False,none,regularized_poisson,gross,1243532633.6041281,793650608.2937913,2037183241.8979194,789324301.88292,0.1,2.5708019339981547,success,,,True,True,-4326306.410871267,4326306.410871267,-0.5451147350812295,0.5451147350812295,-0.005451147350812296
49,20260865,long_emerging_no_break,constant,long,emerging,False,none,regularized_poisson,ceded,208331259.76870748,393826467.8881044,602157727.6568118,442260763.1004188,0.1,2.28425178100224,success,,,True,True,48434295.21231443,48434295.21231443,12.298384989724912,12.298384989724912,0.12298384989724911
49,20260865,long_emerging_no_break,constant,long,emerging,False,none,regularized_poisson_break_interaction,gross,1243532633.6041281,793650608.2937913,2037183241.8979194,789324301.5394231,0.1,2.375597692000156,success,,,True,True,-4326306.754368186,4326306.754368186,-0.5451147783618515,0.5451147783618515,-0.005451147783618515
49,20260865,long_emerging_no_break,constant,long,emerging,False,none,regularized_poisson_break_interaction,ceded,208331259.76870748,393826467.8881044,602157727.6568118,442260763.1004083,0.1,2.336371313998825,success,,,True,True,48434295.21230394,48434295.21230394,12.298384989722248,12.298384989722248,0.12298384989722247
49,20260865,long_shock_no_break,constant,long,shock,False,none,regularized_poisson,gross,1265542645.8780363,893481496.458144,2159024142.3361807,883011768.3198363,0.1,2.5449464640005317,success,,,True,True,-10469728.13830769,10469728.13830769,-1.171790146725009,1.171790146725009,-0.011717901467250089
49,20260865,long_shock_no_break,constant,long,shock,False,none,regularized_poisson,ceded,216216759.76837626,480424965.9308472,696641725.6992236,509395961.65854716,0.1,2.2800574540015077,success,,,True,True,28970995.727699935,28970995.727699935,6.0302852229103445,6.0302852229103445,0.06030285222910344
49,20260865,long_shock_no_break,constant,long,shock,False,none,regularized_poisson_break_interaction,gross,1265542645.8780363,893481496.458144,2159024142.3361807,883011770.1115537,0.1,2.2751631009996345,success,,,True,True,-10469726.34659028,10469726.34659028,-1.1717899461928865,1.1717899461928865,-0.011717899461928864
49,20260865,long_shock_no_break,constant,long,shock,False,none,regularized_poisson_break_interaction,ceded,216216759.76837626,480424965.9308472,696641725.6992236,509395961.65854716,0.1,2.2895697639978607,success,,,True,True,28970995.727699935,28970995.727699935,6.0302852229103445,6.0302852229103445,0.06030285222910344
49,20260865,long_stable_break,constant,long,stable,True,none,regularized_poisson,gross,1322340906.1930714,529473273.1568675,1851814179.349939,971833843.0472163,0.1,2.5162383329989098,success,,,True,True,442360569.8903488,442360569.8903488,83.54728979101657,83.54728979101657,0.8354728979101657
49,20260865,long_stable_break,constant,long,stable,True,none,regularized_poisson,ceded,238498478.38711953,221377259.30378354,459875737.69090307,605685160.6027974,0.1,2.320217590997345,success,,,True,True,384307901.29901385,384307901.29901385,173.59863542788275,173.59863542788275,1.7359863542788276
49,20260865,long_stable_break,constant,long,stable,True,none,regularized_poisson_break_interaction,gross,1322340906.1930714,529473273.1568675,1851814179.349939,836527668.4668373,1.0,2.441950379001355,success,,,True,True,307054395.3099698,307054395.3099698,57.99242584601594,57.99242584601594,0.5799242584601594
49,20260865,long_stable_break,constant,long,stable,True,none,regularized_poisson_break_interaction,ceded,238498478.38711953,221377259.30378354,459875737.69090307,472918906.46452326,0.1,3.378529723999236,success,,,True,True,251541647.16073972,251541647.16073972,113.62578430676264,113.62578430676264,1.1362578430676264
49,20260865,long_emerging_break,constant,long,emerging,True,none,regularized_poisson,gross,1352198325.3490694,604805252.3114972,1957003577.6605666,1002808541.0682468,0.1,2.7326190790008695,success,,,True,True,398003288.75674963,398003288.75674963,65.8068505912649,65.8068505912649,0.658068505912649
49,20260865,long_emerging_break,constant,long,emerging,True,none,regularized_poisson,ceded,250614859.85099673,287480166.4890658,538095026.3400626,848527075.3352412,0.1,2.5092603730008705,success,,,True,True,561046908.8461754,561046908.8461754,195.16021424995057,195.16021424995057,1.9516021424995056
49,20260865,long_emerging_break,constant,long,emerging,True,none,regularized_poisson_break_interaction,gross,1352198325.3490694,604805252.3114972,1957003577.6605666,945003373.3117101,1.0,2.6552966570015997,success,,,True,True,340198121.0002129,340198121.0002129,56.24920082952557,56.24920082952557,0.5624920082952557
49,20260865,long_emerging_break,constant,long,emerging,True,none,regularized_poisson_break_interaction,ceded,250614859.85099673,287480166.4890658,538095026.3400626,704011847.1834346,0.1,3.2847624460009683,success,,,True,True,416531680.6943688,416531680.6943688,144.8905800290092,144.8905800290092,1.4489058002900919
49,20260865,long_shock_break,constant,long,shock,True,none,regularized_poisson,gross,1377640788.2602863,680344587.2157975,2057985375.4760835,1164391130.396897,0.1,2.7424311619979562,success,,,True,True,484046543.18109953,484046543.18109953,71.14726159018673,71.14726159018673,0.7114726159018673
49,20260865,long_shock_break,constant,long,shock,True,none,regularized_poisson,ceded,260693917.59291327,354884987.05735826,615578904.6502715,912638492.7027246,0.1,2.446841224002128,success,,,True,True,557753505.6453663,557753505.6453663,157.16458176215255,157.16458176215255,1.5716458176215256
49,20260865,long_shock_break,constant,long,shock,True,none,regularized_poisson_break_interaction,gross,1377640788.2602863,680344587.2157975,2057985375.4760835,1050723565.6967577,1.0,2.6842846530016686,success,,,True,True,370378978.48096013,370378978.48096013,54.43990963412782,54.43990963412782,0.5443990963412783
49,20260865,long_shock_break,constant,long,shock,True,none,regularized_poisson_break_interaction,ceded,260693917.59291327,354884987.05735826,615578904.6502715,739299936.313896,0.1,3.2555606679998164,success,,,True,True,384414949.2565377,384414949.2565377,108.32099504801161,108.32099504801161,1.083209950480116
50,20260866,short_stable_no_break,constant,short,stable,False,none,regularized_poisson,gross,1578412847.0602808,117777512.20470117,1696190359.264982,118044024.33716351,0.0001,2.1463105310031096,success,,,True,True,266512.1324623376,266512.1324623376,0.22628439629386196,0.22628439629386196,0.0022628439629386195
50,20260866,short_stable_no_break,constant,short,stable,False,none,regularized_poisson,ceded,302339754.2952026,53129851.3526064,355469605.647809,68217045.4543089,0.0001,1.839439093000692,success,,,True,True,15087194.101702496,15087194.101702496,28.396831004802653,28.396831004802653,0.28396831004802653
50,20260866,short_stable_no_break,constant,short,stable,False,none,regularized_poisson_break_interaction,gross,1578412847.0602808,117777512.20470117,1696190359.264982,118044024.34375943,0.0001,2.1402371559997846,success,,,True,True,266512.1390582621,266512.1390582621,0.22628440189418783,0.22628440189418783,0.0022628440189418784
50,20260866,short_stable_no_break,constant,short,stable,False,none,regularized_poisson_break_interaction,ceded,302339754.2952026,53129851.3526064,355469605.647809,68217045.45952314,0.0001,1.8599981160004972,success,,,True,True,15087194.10691674,15087194.10691674,28.3968310146168,28.3968310146168,0.283968310146168
50,20260866,short_emerging_no_break,constant,short,emerging,False,none,regularized_poisson,gross,1607010974.0658743,130767234.30868511,1737778208.3745594,159732544.7447679,0.001,2.271742330998677,success,,,True,True,28965310.436082795,28965310.436082795,22.15028144413315,22.15028144413315,0.2215028144413315
50,20260866,short_emerging_no_break,constant,short,emerging,False,none,regularized_poisson,ceded,316100799.3584898,66213381.583072916,382314180.9415628,111294205.05205747,0.001,1.9203881219982577,success,,,True,True,45080823.46898456,45080823.46898456,68.08415820361789,68.08415820361789,0.680841582036179
50,20260866,short_emerging_no_break,constant,short,emerging,False,none,regularized_poisson_break_interaction,gross,1607010974.0658743,130767234.30868511,1737778208.3745594,159732544.8101511,0.001,2.1049758339977416,success,,,True,True,28965310.50146599,28965310.50146599,22.150281494132827,22.150281494132827,0.22150281494132829
50,20260866,short_emerging_no_break,constant,short,emerging,False,none,regularized_poisson_break_interaction,ceded,316100799.3584898,66213381.583072916,382314180.9415628,111294205.052112,0.001,1.9848913739988348,success,,,True,True,45080823.46903908,45080823.46903908,68.08415820370024,68.08415820370024,0.6808415820370024
50,20260866,short_shock_no_break,constant,short,shock,False,none,regularized_poisson,gross,1631928150.277752,146605046.77015415,1778533197.047906,172054693.09553832,0.01,2.2325747660033812,success,,,True,True,25449646.32538417,25449646.32538417,17.359324856861072,17.359324856861072,0.17359324856861072
50,20260866,short_shock_no_break,constant,short,shock,False,none,regularized_poisson,ceded,327687904.13636845,83518505.67483574,411206409.81120425,111837633.37498412,0.01,1.8871948779997183,success,,,True,True,28319127.700148374,28319127.700148374,33.907608225659345,33.907608225659345,0.33907608225659347
50,20260866,short_shock_no_break,constant,short,shock,False,none,regularized_poisson_break_interaction,gross,1631928150.277752,146605046.77015415,1778533197.047906,172054693.08831087,0.01,2.200556894997135,success,,,True,True,25449646.31815672,25449646.31815672,17.359324851931195,17.359324851931195,0.17359324851931193
50,20260866,short_shock_no_break,constant,short,shock,False,none,regularized_poisson_break_interaction,ceded,327687904.13636845,83518505.67483574,411206409.81120425,111837633.37087198,0.01,1.9335322080005426,success,,,True,True,28319127.696036234,28319127.696036234,33.907608220735725,33.907608220735725,0.33907608220735724
50,20260866,long_stable_no_break,constant,long,stable,False,none,regularized_poisson,gross,1208394797.4988666,777888626.3469107,1986283423.8457773,718755246.1578903,0.0001,2.4084660339976836,success,,,True,True,-59133380.189020395,59133380.189020395,-7.601779764632914,7.601779764632914,-0.07601779764632914
50,20260866,long_stable_no_break,constant,long,stable,False,none,regularized_poisson,ceded,181442916.26053345,338468329.66566014,519911245.92619365,286228865.06624186,0.1,2.1533766920001653,success,,,True,True,-52239464.59941828,52239464.59941828,-15.434077584458361,15.434077584458361,-0.1543407758445836
50,20260866,long_stable_no_break,constant,long,stable,False,none,regularized_poisson_break_interaction,gross,1208394797.4988666,777888626.3469107,1986283423.8457773,718755327.262828,0.0001,2.193522548001056,success,,,True,True,-59133299.08408272,59133299.08408272,-7.601769338341163,7.601769338341163,-0.07601769338341163
50,20260866,long_stable_no_break,constant,long,stable,False,none,regularized_poisson_break_interaction,ceded,181442916.26053345,338468329.66566014,519911245.92619365,286228865.0662418,0.1,2.0992856649972964,success,,,True,True,-52239464.59941834,52239464.59941834,-15.434077584458377,15.434077584458377,-0.15434077584458378
50,20260866,long_emerging_no_break,constant,long,emerging,False,none,regularized_poisson,gross,1234635293.6473475,908619372.1816502,2143254665.8289976,769196370.9932177,0.01,2.7327950879989658,success,,,True,True,-139423001.18843246,139423001.18843246,-15.344489173026258,15.344489173026258,-0.15344489173026257
50,20260866,long_emerging_no_break,constant,long,emerging,False,none,regularized_poisson,ceded,190751546.20159122,438703459.59901375,629455005.800605,414622258.5884515,0.1,2.0608555279977736,success,,,True,True,-24081201.01056224,24081201.01056224,-5.489175087101679,5.489175087101679,-0.05489175087101679
50,20260866,long_emerging_no_break,constant,long,emerging,False,none,regularized_poisson_break_interaction,gross,1234635293.6473475,908619372.1816502,2143254665.8289976,769196282.2038684,0.01,2.3126852749992395,success,,,True,True,-139423089.97778177,139423089.97778177,-15.344498944923274,15.344498944923274,-0.15344498944923274
50,20260866,long_emerging_no_break,constant,long,emerging,False,none,regularized_poisson_break_interaction,ceded,190751546.20159122,438703459.59901375,629455005.800605,414622258.58844876,0.1,2.1632600390003063,success,,,True,True,-24081201.010564983,24081201.010564983,-5.4891750871023035,5.4891750871023035,-0.054891750871023035
50,20260866,long_shock_no_break,constant,long,shock,False,none,regularized_poisson,gross,1257445104.4682267,1023033990.7949061,2280479095.263133,1007965911.8099275,0.001,2.679072057999292,success,,,True,True,-15068078.984978676,15068078.984978676,-1.4728815582433044,1.4728815582433044,-0.014728815582433044
50,20260866,long_shock_no_break,constant,long,shock,False,none,regularized_poisson,ceded,198697011.954529,525605218.508712,724302230.463241,500518202.1248449,0.1,2.118370871001389,success,,,True,True,-25087016.383867085,25087016.383867085,-4.77297703684258,4.77297703684258,-0.047729770368425795
50,20260866,long_shock_no_break,constant,long,shock,False,none,regularized_poisson_break_interaction,gross,1257445104.4682267,1023033990.7949061,2280479095.263133,1007965097.196632,0.001,2.3562123730007443,success,,,True,True,-15068893.598274112,15068893.598274112,-1.4729611854407156,1.4729611854407156,-0.014729611854407156
50,20260866,long_shock_no_break,constant,long,shock,False,none,regularized_poisson_break_interaction,ceded,198697011.954529,525605218.508712,724302230.463241,500518202.1247266,0.1,2.106111402001261,success,,,True,True,-25087016.3839854,25087016.3839854,-4.77297703686509,4.77297703686509,-0.04772977036865089
50,20260866,long_stable_break,constant,long,stable,True,none,regularized_poisson,gross,1315148662.02894,619596704.155204,1934745366.184144,880416016.4902654,0.0001,2.433176167000056,success,,,True,True,260819312.3350613,260819312.3350613,42.09501286658364,42.09501286658364,0.42095012866583637
50,20260866,long_stable_break,constant,long,stable,True,none,regularized_poisson,ceded,218362728.43124676,265956734.7603047,484319463.19155145,460590762.6846413,0.1,2.175733695999952,success,,,True,True,194634027.9243366,194634027.9243366,73.18259043139173,73.18259043139173,0.7318259043139173
50,20260866,long_stable_break,constant,long,stable,True,none,regularized_poisson_break_interaction,gross,1315148662.02894,619596704.155204,1934745366.184144,816460788.0065306,1.0,2.479620836002141,success,,,True,True,196864083.85132658,196864083.85132658,31.77293916044035,31.77293916044035,0.3177293916044035
50,20260866,long_stable_break,constant,long,stable,True,none,regularized_poisson_break_interaction,ceded,218362728.43124676,265956734.7603047,484319463.19155145,352564805.5520923,0.1,3.1873763439980394,success,,,True,True,86608070.79178762,86608070.79178762,32.56472180328268,32.56472180328268,0.3256472180328268
50,20260866,long_emerging_break,constant,long,emerging,True,none,regularized_poisson,gross,1345847013.3235111,709759978.3841977,2055606991.7077088,979077038.0779864,0.01,2.879413282000314,success,,,True,True,269317059.69378865,269317059.69378865,37.94480780769038,37.94480780769038,0.37944807807690384
50,20260866,long_emerging_break,constant,long,emerging,True,none,regularized_poisson,ceded,231311769.1026501,335576286.10000974,566888055.2026597,684831273.7408211,0.1,2.251701826000499,success,,,True,True,349254987.6408114,349254987.6408114,104.07618240840924,104.07618240840924,1.0407618240840923
50,20260866,long_emerging_break,constant,long,emerging,True,none,regularized_poisson_break_interaction,gross,1345847013.3235111,709759978.3841977,2055606991.7077088,940344229.4616119,1.0,2.787732794000476,success,,,True,True,230584251.07741416,230584251.07741416,32.48763780712885,32.48763780712885,0.3248763780712885
50,20260866,long_emerging_break,constant,long,emerging,True,none,regularized_poisson_break_interaction,ceded,231311769.1026501,335576286.10000974,566888055.2026597,563181989.6951805,0.1,3.2685666480028885,success,,,True,True,227605703.5951708,227605703.5951708,67.82532408363888,67.82532408363888,0.6782532408363887
50,20260866,long_shock_break,constant,long,shock,True,none,regularized_poisson,gross,1372568885.721659,798575480.5610548,2171144366.282714,1184320792.0008943,0.01,2.7858863929977815,success,,,True,True,385745311.4398395,385745311.4398395,48.30417672839474,48.30417672839474,0.4830417672839474
50,20260866,long_shock_break,constant,long,shock,True,none,regularized_poisson,ceded,242674220.2252005,404040428.71112746,646714648.9363279,848462465.4542872,0.1,2.2757734919978247,success,,,True,True,444422036.7431597,444422036.7431597,109.99444737766662,109.99444737766662,1.0999444737766662
50,20260866,long_shock_break,constant,long,shock,True,none,regularized_poisson_break_interaction,gross,1372568885.721659,798575480.5610548,2171144366.282714,1069102301.18681,1.0,2.680702787001792,success,,,True,True,270526820.6257552,270526820.6257552,33.87617416398651,33.87617416398651,0.3387617416398651
50,20260866,long_shock_break,constant,long,shock,True,none,regularized_poisson_break_interaction,ceded,242674220.2252005,404040428.71112746,646714648.9363279,653111794.41644,0.1,3.2776955059998727,success,,,True,True,249071365.70531255,249071365.70531255,61.64515924800894,61.64515924800894,0.6164515924800894
