scenario_id,simulation_id,seed,treaty_variant,accident_year,gross_ultimate,ceded_ultimate,retained_ultimate,gross_paid_to_date,ceded_paid_to_date,retained_paid_to_date,gross_true_reserve,ceded_true_reserve,retained_true_reserve,indexed_attachment,indexed_limit,inflation_index_value,applied_index_factor,claim_count,attaching_claims,exhausting_claims,tail_type,inflation_scenario,structural_break,base_attachment,base_limit,index_reference_year,ceded_share,attachment_frequency,exhaustion_frequency,ceded_unpaid_proportion
short_stable_no_break,1,20260817,fixed_nominal,2010,64815699.59801879,4552369.240453692,60263330.35756509,64815699.59801879,4552369.240453692,60263330.35756509,0.0,0.0,0.0,2000000.0,5000000.0,1.0,1.0,43,5,0,short,stable,False,2000000.0,5000000.0,2010,0.07023559521361464,0.11627906976744186,0.0,0.0
short_stable_no_break,1,20260817,fixed_nominal,2011,70160279.21683185,5390595.674159508,64769683.54267232,70160279.21683185,5390595.674159508,64769683.54267232,0.0,0.0,0.0,2000000.0,5000000.0,1.04,1.0,45,6,0,short,stable,False,2000000.0,5000000.0,2010,0.0768325858210991,0.13333333333333333,0.0,0.0
short_stable_no_break,1,20260817,fixed_nominal,2012,80927933.28229195,7898313.598189255,73029619.68410268,80927933.28229195,7898313.598189255,73029619.68410268,0.0,0.0,0.0,2000000.0,5000000.0,1.0816000000000001,1.0,50,6,0,short,stable,False,2000000.0,5000000.0,2010,0.09759687759031782,0.12,0.0,0.0
short_stable_no_break,1,20260817,fixed_nominal,2013,75934843.81853537,3544537.474932744,72390306.34360263,75934843.81853537,3544537.474932744,72390306.34360263,0.0,0.0,0.0,2000000.0,5000000.0,1.124864,1.0,47,7,0,short,stable,False,2000000.0,5000000.0,2010,0.04667866945776924,0.14893617021276595,0.0,0.0
short_stable_no_break,1,20260817,fixed_nominal,2014,83989067.8404093,8724357.144014867,75264710.69639443,83989067.8404093,8724357.144014867,75264710.69639443,0.0,0.0,0.0,2000000.0,5000000.0,1.1698585600000002,1.0,46,9,1,short,stable,False,2000000.0,5000000.0,2010,0.10387491334696485,0.1956521739130435,0.021739130434782608,0.0
short_stable_no_break,1,20260817,fixed_nominal,2015,89340642.26263417,17433023.413574424,71907618.84905976,89340642.26263417,17433023.413574424,71907618.84905976,0.0,0.0,0.0,2000000.0,5000000.0,1.2166529024000003,1.0,42,15,0,short,stable,False,2000000.0,5000000.0,2010,0.19512981966624623,0.35714285714285715,0.0,0.0
short_stable_no_break,1,20260817,fixed_nominal,2016,104414810.67667904,22735958.696077324,81678851.98060173,104414810.67667904,22735958.696077324,81678851.98060173,0.0,0.0,0.0,2000000.0,5000000.0,1.2653190184960004,1.0,43,15,1,short,stable,False,2000000.0,5000000.0,2010,0.21774649160145804,0.3488372093023256,0.023255813953488372,0.0
short_stable_no_break,1,20260817,fixed_nominal,2017,100769464.14767727,10970936.966956671,89798527.1807206,100769464.14767727,10970936.966956671,89798527.1807206,0.0,0.0,0.0,2000000.0,5000000.0,1.3159317792358405,1.0,50,19,1,short,stable,False,2000000.0,5000000.0,2010,0.10887164142183792,0.38,0.02,0.0
short_stable_no_break,1,20260817,fixed_nominal,2018,124584589.53124267,33181003.105045546,91403586.42619708,124584589.53124267,33181003.105045546,91403586.42619708,0.0,0.0,0.0,2000000.0,5000000.0,1.368569050405274,1.0,43,21,2,short,stable,False,2000000.0,5000000.0,2010,0.26633312538806886,0.4883720930232558,0.046511627906976744,0.0
short_stable_no_break,1,20260817,fixed_nominal,2019,104887644.12151913,24992257.63095648,79895386.49056268,104887644.12151913,24992257.63095648,79895386.49056268,0.0,0.0,0.0,2000000.0,5000000.0,1.4233118124214852,1.0,44,18,0,short,stable,False,2000000.0,5000000.0,2010,0.23827647041057884,0.4090909090909091,0.0,0.0
short_stable_no_break,1,20260817,fixed_nominal,2020,74298108.9715818,7701302.643805287,66596806.32777652,74100969.16537341,7701302.643805287,66399666.52156812,197139.80620840323,0.0,197139.80620840323,2000000.0,5000000.0,1.4802442849183446,1.0,37,12,0,short,stable,False,2000000.0,5000000.0,2010,0.1036540868994519,0.32432432432432434,0.0,0.0
short_stable_no_break,1,20260817,fixed_nominal,2021,101692222.86089556,21017353.79049429,80674869.07040127,100686219.19743189,20545864.508613065,80140354.68881883,1006003.6634636716,471489.28188122646,534514.3815824452,2000000.0,5000000.0,1.5394540563150785,1.0,41,20,1,short,stable,False,2000000.0,5000000.0,2010,0.20667611739831723,0.4878048780487805,0.024390243902439025,0.022433332311057694
short_stable_no_break,1,20260817,fixed_nominal,2022,158939185.1235359,40969972.429094225,117969212.69444168,146613538.7241758,35174130.297527865,111439408.42664796,12325646.399360085,5795842.131566359,6529804.267793726,2000000.0,5000000.0,1.6010322185676817,1.0,57,36,1,short,stable,False,2000000.0,5000000.0,2010,0.2577713758709044,0.631578947368421,0.017543859649122806,0.14146560976083367
short_stable_no_break,1,20260817,fixed_nominal,2023,173602973.3308778,54859112.64315897,118743860.68771887,127305971.03323324,32659006.46905911,94646964.56417412,46297002.2976446,22200106.174099855,24096896.123544734,2000000.0,5000000.0,1.665073507310389,1.0,51,39,5,short,stable,False,2000000.0,5000000.0,2010,0.31600330104139684,0.7647058823529411,0.09803921568627451,0.40467490457792243
short_stable_no_break,1,20260817,fixed_nominal,2024,153516656.70814148,36713623.154005975,116803033.5541355,75666910.66093497,9288475.033358298,66378435.62757669,77849746.0472065,27425148.120647676,50424597.92655881,2000000.0,5000000.0,1.7316764476028046,1.0,58,32,2,short,stable,False,2000000.0,5000000.0,2010,0.23915074716487708,0.5517241379310345,0.034482758620689655,0.7470019508999401
short_stable_no_break,1,20260817,fully_indexed,2010,64815699.59801879,4552369.240453692,60263330.35756509,64815699.59801879,4552369.240453692,60263330.35756509,0.0,0.0,0.0,2000000.0,5000000.0,1.0,1.0,43,5,0,short,stable,False,2000000.0,5000000.0,2010,0.07023559521361464,0.11627906976744186,0.0,0.0
short_stable_no_break,1,20260817,fully_indexed,2011,70160279.21683185,4910595.674159508,65249683.54267232,70160279.21683185,4910595.674159508,65249683.54267232,0.0,0.0,0.0,2080000.0,5200000.0,1.04,1.04,45,6,0,short,stable,False,2000000.0,5000000.0,2010,0.06999110791710517,0.13333333333333333,0.0,0.0
short_stable_no_break,1,20260817,fully_indexed,2012,80927933.28229195,7023185.392481945,73904747.88981,80927933.28229195,7023185.392481945,73904747.88981,0.0,0.0,0.0,2163200.0000000005,5408000.000000001,1.0816000000000001,1.0816000000000001,50,5,0,short,stable,False,2000000.0,5000000.0,2010,0.08678320460728615,0.1,0.0,0.0
short_stable_no_break,1,20260817,fully_indexed,2013,75934843.81853537,1952595.1023471947,73982248.71618818,75934843.81853537,1952595.1023471947,73982248.71618818,0.0,0.0,0.0,2249728.0,5624320.0,1.124864,1.124864,47,6,0,short,stable,False,2000000.0,5000000.0,2010,0.025714085973672265,0.1276595744680851,0.0,0.0
short_stable_no_break,1,20260817,fully_indexed,2014,83989067.8404093,7419078.253512876,76569989.58689642,83989067.8404093,7419078.253512876,76569989.58689642,0.0,0.0,0.0,2339717.1200000006,5849292.800000001,1.1698585600000002,1.1698585600000002,46,5,1,short,stable,False,2000000.0,5000000.0,2010,0.08833385634913984,0.10869565217391304,0.021739130434782608,0.0
short_stable_no_break,1,20260817,fully_indexed,2015,89340642.26263417,12045800.206089776,77294842.0565444,89340642.26263417,12045800.206089776,77294842.0565444,0.0,0.0,0.0,2433305.8048000005,6083264.512000002,1.2166529024000003,1.2166529024000003,42,9,0,short,stable,False,2000000.0,5000000.0,2010,0.13483001578026277,0.21428571428571427,0.0,0.0
short_stable_no_break,1,20260817,fully_indexed,2016,104414810.67667904,19046045.39960862,85368765.27707043,104414810.67667904,19046045.39960862,85368765.27707043,0.0,0.0,0.0,2530638.036992001,6326595.092480002,1.2653190184960004,1.2653190184960004,43,9,1,short,stable,False,2000000.0,5000000.0,2010,0.18240750786384882,0.20930232558139536,0.023255813953488372,0.0
short_stable_no_break,1,20260817,fully_indexed,2017,100769464.14767727,6521561.277170904,94247902.87050636,100769464.14767727,6521561.277170904,94247902.87050636,0.0,0.0,0.0,2631863.558471681,6579658.896179202,1.3159317792358405,1.3159317792358405,50,5,0,short,stable,False,2000000.0,5000000.0,2010,0.06471763378252741,0.1,0.0,0.0
short_stable_no_break,1,20260817,fully_indexed,2018,124584589.53124267,27065019.30398704,97519570.22725561,124584589.53124267,27065019.30398704,97519570.22725561,0.0,0.0,0.0,2737138.1008105483,6842845.252026371,1.368569050405274,1.368569050405274,43,11,2,short,stable,False,2000000.0,5000000.0,2010,0.2172421116112424,0.2558139534883721,0.046511627906976744,0.0
short_stable_no_break,1,20260817,fully_indexed,2019,104887644.12151913,12530425.239915103,92357218.88160405,104887644.12151913,12530425.239915103,92357218.88160405,0.0,0.0,0.0,2846623.62484297,7116559.062107426,1.4233118124214852,1.4233118124214852,44,13,0,short,stable,False,2000000.0,5000000.0,2010,0.11946521770855863,0.29545454545454547,0.0,0.0
short_stable_no_break,1,20260817,fully_indexed,2020,74298108.9715818,738010.7706637247,73560098.20091808,74100969.16537341,738010.7706637247,73362958.39470968,197139.80620840323,0.0,197139.80620840323,2960488.569836689,7401221.424591723,1.4802442849183446,1.4802442849183446,37,3,0,short,stable,False,2000000.0,5000000.0,2010,0.009933103020778168,0.08108108108108109,0.0,0.0
short_stable_no_break,1,20260817,fully_indexed,2021,101692222.86089556,11290481.413905233,90401741.44699034,100686219.19743189,11290481.413905233,89395737.78352666,1006003.6634636716,0.0,1006003.6634636716,3078908.112630157,7697270.281575392,1.5394540563150785,1.5394540563150785,41,6,0,short,stable,False,2000000.0,5000000.0,2010,0.11102600667259918,0.14634146341463414,0.0,0.0
short_stable_no_break,1,20260817,fully_indexed,2022,158939185.1235359,19141522.034395978,139797663.0891399,146613538.7241758,16828568.625407845,129784970.09876798,12325646.399360085,2312953.4089881387,10012692.990371948,3202064.4371353635,8005161.092838408,1.6010322185676817,1.6010322185676817,57,13,1,short,stable,False,2000000.0,5000000.0,2010,0.12043299466722558,0.22807017543859648,0.017543859649122806,0.12083435187817995
short_stable_no_break,1,20260817,fully_indexed,2023,173602973.3308778,38284634.34044323,135318338.9904346,127305971.03323324,24860162.25610717,102445808.77712607,46297002.2976446,13424472.084336061,32872530.21330853,3330147.014620778,8325367.536551945,1.665073507310389,1.665073507310389,51,12,2,short,stable,False,2000000.0,5000000.0,2010,0.2205298308311506,0.23529411764705882,0.0392156862745098,0.3506490871758093
short_stable_no_break,1,20260817,fully_indexed,2024,153516656.70814148,17098732.450355627,136417924.25778586,75666910.66093497,3393335.3974794503,72273575.26345553,77849746.0472065,13705397.052876178,64144348.99433032,3463352.895205609,8658382.238014024,1.7316764476028046,1.7316764476028046,58,7,0,short,stable,False,2000000.0,5000000.0,2010,0.11138030762917746,0.1206896551724138,0.0,0.8015446228349592
short_emerging_no_break,1,20260817,fixed_nominal,2010,64815699.59801879,4552369.240453692,60263330.35756509,64815699.59801879,4552369.240453692,60263330.35756509,0.0,0.0,0.0,2000000.0,5000000.0,1.0,1.0,43,5,0,short,emerging,False,2000000.0,5000000.0,2010,0.07023559521361464,0.11627906976744186,0.0,0.0
short_emerging_no_break,1,20260817,fixed_nominal,2011,70160279.21683185,5390595.674159508,64769683.54267232,70160279.21683185,5390595.674159508,64769683.54267232,0.0,0.0,0.0,2000000.0,5000000.0,1.04,1.0,45,6,0,short,emerging,False,2000000.0,5000000.0,2010,0.0768325858210991,0.13333333333333333,0.0,0.0
short_emerging_no_break,1,20260817,fixed_nominal,2012,80927933.28229195,7898313.598189255,73029619.68410268,80927933.28229195,7898313.598189255,73029619.68410268,0.0,0.0,0.0,2000000.0,5000000.0,1.0816000000000001,1.0,50,6,0,short,emerging,False,2000000.0,5000000.0,2010,0.09759687759031782,0.12,0.0,0.0
short_emerging_no_break,1,20260817,fixed_nominal,2013,75934843.81853537,3544537.474932744,72390306.34360263,75934843.81853537,3544537.474932744,72390306.34360263,0.0,0.0,0.0,2000000.0,5000000.0,1.124864,1.0,47,7,0,short,emerging,False,2000000.0,5000000.0,2010,0.04667866945776924,0.14893617021276595,0.0,0.0
short_emerging_no_break,1,20260817,fixed_nominal,2014,83989067.8404093,8724357.144014867,75264710.69639443,83989067.8404093,8724357.144014867,75264710.69639443,0.0,0.0,0.0,2000000.0,5000000.0,1.1698585600000002,1.0,46,9,1,short,emerging,False,2000000.0,5000000.0,2010,0.10387491334696485,0.1956521739130435,0.021739130434782608,0.0
short_emerging_no_break,1,20260817,fixed_nominal,2015,89340642.26263417,17433023.413574424,71907618.84905976,89340642.26263417,17433023.413574424,71907618.84905976,0.0,0.0,0.0,2000000.0,5000000.0,1.2166529024000003,1.0,42,15,0,short,emerging,False,2000000.0,5000000.0,2010,0.19512981966624623,0.35714285714285715,0.0,0.0
short_emerging_no_break,1,20260817,fixed_nominal,2016,104424004.76527934,22745152.784677614,81678851.98060173,104424004.76527934,22745152.784677614,81678851.98060173,0.0,0.0,0.0,2000000.0,5000000.0,1.2653190184960004,1.0,43,15,1,short,emerging,False,2000000.0,5000000.0,2010,0.21781536568917637,0.3488372093023256,0.023255813953488372,0.0
short_emerging_no_break,1,20260817,fixed_nominal,2017,100785459.90375064,10976227.82191033,89809232.08184032,100785459.90375064,10976227.82191033,89809232.08184032,0.0,0.0,0.0,2000000.0,5000000.0,1.3159317792358405,1.0,50,19,1,short,emerging,False,2000000.0,5000000.0,2010,0.10890685851304885,0.38,0.02,0.0
short_emerging_no_break,1,20260817,fixed_nominal,2018,124776705.97446987,33245600.104506716,91531105.86996315,124776705.97446987,33245600.104506716,91531105.86996315,0.0,0.0,0.0,2000000.0,5000000.0,1.368569050405274,1.0,43,21,2,short,emerging,False,2000000.0,5000000.0,2010,0.26644075787117655,0.4883720930232558,0.046511627906976744,0.0
short_emerging_no_break,1,20260817,fixed_nominal,2019,105682431.06019405,25455482.06481267,80226948.99538139,105682431.06019405,25455482.06481267,80226948.99538139,0.0,0.0,0.0,2000000.0,5000000.0,1.4233118124214852,1.0,44,18,0,short,emerging,False,2000000.0,5000000.0,2010,0.24086768074358425,0.4090909090909091,0.0,0.0
short_emerging_no_break,1,20260817,fixed_nominal,2020,75390500.57235065,8154698.16670867,67235802.40564197,75173661.79235777,8154698.166708668,67018963.62564911,216838.77999286354,0.0,216838.77999286354,2000000.0,5000000.0,1.4802442849183446,1.0,37,13,0,short,emerging,False,2000000.0,5000000.0,2010,0.10816612311630402,0.35135135135135137,0.0,0.0
short_emerging_no_break,1,20260817,fixed_nominal,2021,105200128.52943982,22887384.390721384,82312744.13871846,104088630.72482873,22313986.067126643,81774644.6577021,1111497.80461108,573398.3235947397,538099.4810163404,2000000.0,5000000.0,1.5690589420134453,1.0,41,22,1,short,emerging,False,2000000.0,5000000.0,2010,0.2175604223175112,0.5365853658536586,0.024390243902439025,0.025053029817911264
short_emerging_no_break,1,20260817,fixed_nominal,2022,167653531.45028502,47135480.783301845,120518050.66698316,154053033.10341585,39475741.39413353,114577291.70928234,13600498.346869158,7659739.389168315,5940758.957700847,2000000.0,5000000.0,1.663202478534252,1.0,57,43,1,short,emerging,False,2000000.0,5000000.0,2010,0.28114815343021343,0.7543859649122807,0.017543859649122806,0.16250474720694574
short_emerging_no_break,1,20260817,fixed_nominal,2023,187163605.8424067,62820437.263639525,124343168.57876715,135776419.73158744,36496300.6781065,99280119.05348092,51387186.11081925,26324136.585533027,25063049.52528622,2000000.0,5000000.0,1.7629946272463073,1.0,51,41,5,short,emerging,False,2000000.0,5000000.0,2010,0.3356445126224746,0.803921568627451,0.09803921568627451,0.41903778025387034
short_emerging_no_break,1,20260817,fixed_nominal,2024,168267435.1616333,47323607.78994274,120943827.37169056,81657505.11224946,11288436.649915766,70369068.4623337,86609930.04938385,36035171.14002698,50574758.90935688,2000000.0,5000000.0,1.8687743048810859,1.0,58,51,2,short,emerging,False,2000000.0,5000000.0,2010,0.2812404417080757,0.8793103448275862,0.034482758620689655,0.7614628897267889
short_emerging_no_break,1,20260817,fully_indexed,2010,64815699.59801879,4552369.240453692,60263330.35756509,64815699.59801879,4552369.240453692,60263330.35756509,0.0,0.0,0.0,2000000.0,5000000.0,1.0,1.0,43,5,0,short,emerging,False,2000000.0,5000000.0,2010,0.07023559521361464,0.11627906976744186,0.0,0.0
short_emerging_no_break,1,20260817,fully_indexed,2011,70160279.21683185,4910595.674159508,65249683.54267232,70160279.21683185,4910595.674159508,65249683.54267232,0.0,0.0,0.0,2080000.0,5200000.0,1.04,1.04,45,6,0,short,emerging,False,2000000.0,5000000.0,2010,0.06999110791710517,0.13333333333333333,0.0,0.0
short_emerging_no_break,1,20260817,fully_indexed,2012,80927933.28229195,7023185.392481945,73904747.88981,80927933.28229195,7023185.392481945,73904747.88981,0.0,0.0,0.0,2163200.0000000005,5408000.000000001,1.0816000000000001,1.0816000000000001,50,5,0,short,emerging,False,2000000.0,5000000.0,2010,0.08678320460728615,0.1,0.0,0.0
short_emerging_no_break,1,20260817,fully_indexed,2013,75934843.81853537,1952595.1023471947,73982248.71618818,75934843.81853537,1952595.1023471947,73982248.71618818,0.0,0.0,0.0,2249728.0,5624320.0,1.124864,1.124864,47,6,0,short,emerging,False,2000000.0,5000000.0,2010,0.025714085973672265,0.1276595744680851,0.0,0.0
short_emerging_no_break,1,20260817,fully_indexed,2014,83989067.8404093,7419078.253512876,76569989.58689642,83989067.8404093,7419078.253512876,76569989.58689642,0.0,0.0,0.0,2339717.1200000006,5849292.800000001,1.1698585600000002,1.1698585600000002,46,5,1,short,emerging,False,2000000.0,5000000.0,2010,0.08833385634913984,0.10869565217391304,0.021739130434782608,0.0
short_emerging_no_break,1,20260817,fully_indexed,2015,89340642.26263417,12045800.206089776,77294842.0565444,89340642.26263417,12045800.206089776,77294842.0565444,0.0,0.0,0.0,2433305.8048000005,6083264.512000002,1.2166529024000003,1.2166529024000003,42,9,0,short,emerging,False,2000000.0,5000000.0,2010,0.13483001578026277,0.21428571428571427,0.0,0.0
short_emerging_no_break,1,20260817,fully_indexed,2016,104424004.76527934,19055239.488208905,85368765.27707043,104424004.76527934,19055239.488208905,85368765.27707043,0.0,0.0,0.0,2530638.036992001,6326595.092480002,1.2653190184960004,1.2653190184960004,43,9,1,short,emerging,False,2000000.0,5000000.0,2010,0.18247949339848257,0.20930232558139536,0.023255813953488372,0.0
short_emerging_no_break,1,20260817,fully_indexed,2017,100785459.90375064,6524473.216482293,94260986.68726835,100785459.90375064,6524473.216482293,94260986.68726835,0.0,0.0,0.0,2631863.558471681,6579658.896179202,1.3159317792358405,1.3159317792358405,50,5,0,short,emerging,False,2000000.0,5000000.0,2010,0.06473625483986595,0.1,0.0,0.0
short_emerging_no_break,1,20260817,fully_indexed,2018,124776705.97446987,27105155.335540373,97671550.63892952,124776705.97446987,27105155.335540373,97671550.63892952,0.0,0.0,0.0,2737138.1008105483,6842845.252026371,1.368569050405274,1.368569050405274,43,11,2,short,emerging,False,2000000.0,5000000.0,2010,0.21722929070660243,0.2558139534883721,0.046511627906976744,0.0
short_emerging_no_break,1,20260817,fully_indexed,2019,105682431.06019405,12929319.368798032,92753111.69139601,105682431.06019405,12929319.368798032,92753111.69139601,0.0,0.0,0.0,2846623.62484297,7116559.062107426,1.4233118124214852,1.4233118124214852,44,13,0,short,emerging,False,2000000.0,5000000.0,2010,0.12234123722450914,0.29545454545454547,0.0,0.0
short_emerging_no_break,1,20260817,fully_indexed,2020,75390500.57235065,855461.169123454,74535039.40322718,75173661.79235777,855461.169123454,74318200.62323433,216838.77999286354,0.0,216838.77999286354,2960488.569836689,7401221.424591723,1.4802442849183446,1.4802442849183446,37,3,0,short,emerging,False,2000000.0,5000000.0,2010,0.011347068432082982,0.08108108108108109,0.0,0.0
short_emerging_no_break,1,20260817,fully_indexed,2021,105200128.52943982,11936754.08908968,93263374.44035015,104088630.72482873,11936754.08908968,92151876.63573906,1111497.80461108,0.0,1111497.80461108,3138117.8840268906,7845294.710067227,1.5690589420134453,1.5690589420134453,41,8,0,short,emerging,False,2000000.0,5000000.0,2010,0.11346710556298635,0.1951219512195122,0.0,0.0
short_emerging_no_break,1,20260817,fully_indexed,2022,167653531.45028502,20513435.052317366,147140096.39796764,154053033.10341585,17853629.946490202,136199403.15692568,13600498.346869158,2659805.10582716,10940693.241042,3326404.9570685043,8316012.39267126,1.663202478534252,1.663202478534252,57,13,1,short,emerging,False,2000000.0,5000000.0,2010,0.12235611665836159,0.22807017543859648,0.017543859649122806,0.12966161440263935
short_emerging_no_break,1,20260817,fully_indexed,2023,187163605.8424067,41772867.646815434,145390738.1955912,135776419.73158744,26526446.39400609,109249973.33758134,51387186.11081925,15246421.252809353,36140764.85800989,3525989.2544926144,8814973.136231536,1.7629946272463073,1.7629946272463073,51,13,2,short,emerging,False,2000000.0,5000000.0,2010,0.22318905141199585,0.2549019607843137,0.0392156862745098,0.3649838306940287
short_emerging_no_break,1,20260817,fully_indexed,2024,168267435.1616333,19136510.81222875,149130924.34940454,81657505.11224946,3661987.784976542,77995517.32727292,86609930.04938385,15474523.027252208,71135407.02213164,3737548.6097621717,9343871.52440543,1.8687743048810859,1.8687743048810859,58,8,0,short,emerging,False,2000000.0,5000000.0,2010,0.11372676355259541,0.13793103448275862,0.0,0.8086386896279738
short_shock_no_break,1,20260817,fixed_nominal,2010,64815699.59801879,4552369.240453692,60263330.35756509,64815699.59801879,4552369.240453692,60263330.35756509,0.0,0.0,0.0,2000000.0,5000000.0,1.0,1.0,43,5,0,short,shock,False,2000000.0,5000000.0,2010,0.07023559521361464,0.11627906976744186,0.0,0.0
short_shock_no_break,1,20260817,fixed_nominal,2011,70160279.21683185,5390595.674159508,64769683.54267232,70160279.21683185,5390595.674159508,64769683.54267232,0.0,0.0,0.0,2000000.0,5000000.0,1.04,1.0,45,6,0,short,shock,False,2000000.0,5000000.0,2010,0.0768325858210991,0.13333333333333333,0.0,0.0
short_shock_no_break,1,20260817,fixed_nominal,2012,80927933.28229195,7898313.598189255,73029619.68410268,80927933.28229195,7898313.598189255,73029619.68410268,0.0,0.0,0.0,2000000.0,5000000.0,1.0816000000000001,1.0,50,6,0,short,shock,False,2000000.0,5000000.0,2010,0.09759687759031782,0.12,0.0,0.0
short_shock_no_break,1,20260817,fixed_nominal,2013,75934843.81853537,3544537.474932744,72390306.34360263,75934843.81853537,3544537.474932744,72390306.34360263,0.0,0.0,0.0,2000000.0,5000000.0,1.124864,1.0,47,7,0,short,shock,False,2000000.0,5000000.0,2010,0.04667866945776924,0.14893617021276595,0.0,0.0
short_shock_no_break,1,20260817,fixed_nominal,2014,83989067.8404093,8724357.144014867,75264710.69639443,83989067.8404093,8724357.144014867,75264710.69639443,0.0,0.0,0.0,2000000.0,5000000.0,1.1698585600000002,1.0,46,9,1,short,shock,False,2000000.0,5000000.0,2010,0.10387491334696485,0.1956521739130435,0.021739130434782608,0.0
short_shock_no_break,1,20260817,fixed_nominal,2015,89340642.26263417,17433023.413574424,71907618.84905976,89340642.26263417,17433023.413574424,71907618.84905976,0.0,0.0,0.0,2000000.0,5000000.0,1.2166529024000003,1.0,42,15,0,short,shock,False,2000000.0,5000000.0,2010,0.19512981966624623,0.35714285714285715,0.0,0.0
short_shock_no_break,1,20260817,fixed_nominal,2016,104424004.76527934,22745152.784677614,81678851.98060173,104424004.76527934,22745152.784677614,81678851.98060173,0.0,0.0,0.0,2000000.0,5000000.0,1.2653190184960004,1.0,43,15,1,short,shock,False,2000000.0,5000000.0,2010,0.21781536568917637,0.3488372093023256,0.023255813953488372,0.0
short_shock_no_break,1,20260817,fixed_nominal,2017,100785459.90375064,10976227.82191033,89809232.08184032,100785459.90375064,10976227.82191033,89809232.08184032,0.0,0.0,0.0,2000000.0,5000000.0,1.3159317792358405,1.0,50,19,1,short,shock,False,2000000.0,5000000.0,2010,0.10890685851304885,0.38,0.02,0.0
short_shock_no_break,1,20260817,fixed_nominal,2018,124776705.97446987,33245600.104506716,91531105.86996315,124776705.97446987,33245600.104506716,91531105.86996315,0.0,0.0,0.0,2000000.0,5000000.0,1.368569050405274,1.0,43,21,2,short,shock,False,2000000.0,5000000.0,2010,0.26644075787117655,0.4883720930232558,0.046511627906976744,0.0
short_shock_no_break,1,20260817,fixed_nominal,2019,105834207.99917287,25543804.426738434,80290403.57243443,105834207.99917287,25543804.426738434,80290403.57243443,0.0,0.0,0.0,2000000.0,5000000.0,1.4233118124214852,1.0,44,18,0,short,shock,False,2000000.0,5000000.0,2010,0.24135678727749413,0.4090909090909091,0.0,0.0
short_shock_no_break,1,20260817,fixed_nominal,2020,75762492.67363282,8315886.2098380085,67446606.46379481,75520248.23098275,8286020.688879961,67234227.5421028,242244.44265006058,29865.520958046895,212378.92169201368,2000000.0,5000000.0,1.4802442849183446,1.0,37,15,0,short,shock,False,2000000.0,5000000.0,2010,0.10976257401747473,0.40540540540540543,0.0,0.0035913816284204145
short_shock_no_break,1,20260817,fixed_nominal,2021,106852012.42985334,23912936.22690975,82939076.2029436,105607510.93161094,23179876.483863905,82427634.44774705,1244501.4982424001,733059.743045843,511441.7551965572,2000000.0,5000000.0,1.5690589420134453,1.0,41,26,1,short,shock,False,2000000.0,5000000.0,2010,0.22379490739688424,0.6341463414634146,0.024390243902439025,0.03065536310931632
short_shock_no_break,1,20260817,fixed_nominal,2022,174139575.51369196,52321208.75525423,121818366.7584377,158925216.95611995,42234053.61782021,116691163.33829974,15214358.557571998,10087155.13743402,5127203.420137974,2000000.0,5000000.0,1.663202478534252,1.0,57,47,1,short,shock,False,2000000.0,5000000.0,2010,0.30045558914975307,0.8245614035087719,0.017543859649122806,0.1927928535561794
short_shock_no_break,1,20260817,fixed_nominal,2023,203154618.6465115,73145803.31949517,130008815.32701634,145540695.12112853,41148040.83946609,104392654.28166245,57613923.525382996,31997762.48002909,25616161.045353897,2000000.0,5000000.0,1.8627867759583625,1.0,51,50,5,short,shock,False,2000000.0,5000000.0,2010,0.3600499157086292,0.9803921568627451,0.09803921568627451,0.43745178845415583
short_shock_no_break,1,20260817,fixed_nominal,2024,186680432.09720922,63375223.215127915,123305208.8820813,89535463.06362702,13921105.333478305,75614357.73014872,97144969.03358221,49454117.88164961,47690851.15193258,2000000.0,5000000.0,2.049065453554199,1.0,58,58,2,short,shock,False,2000000.0,5000000.0,2010,0.33948508958950147,1.0,0.034482758620689655,0.7803383621037049
short_shock_no_break,1,20260817,fully_indexed,2010,64815699.59801879,4552369.240453692,60263330.35756509,64815699.59801879,4552369.240453692,60263330.35756509,0.0,0.0,0.0,2000000.0,5000000.0,1.0,1.0,43,5,0,short,shock,False,2000000.0,5000000.0,2010,0.07023559521361464,0.11627906976744186,0.0,0.0
short_shock_no_break,1,20260817,fully_indexed,2011,70160279.21683185,4910595.674159508,65249683.54267232,70160279.21683185,4910595.674159508,65249683.54267232,0.0,0.0,0.0,2080000.0,5200000.0,1.04,1.04,45,6,0,short,shock,False,2000000.0,5000000.0,2010,0.06999110791710517,0.13333333333333333,0.0,0.0
short_shock_no_break,1,20260817,fully_indexed,2012,80927933.28229195,7023185.392481945,73904747.88981,80927933.28229195,7023185.392481945,73904747.88981,0.0,0.0,0.0,2163200.0000000005,5408000.000000001,1.0816000000000001,1.0816000000000001,50,5,0,short,shock,False,2000000.0,5000000.0,2010,0.08678320460728615,0.1,0.0,0.0
short_shock_no_break,1,20260817,fully_indexed,2013,75934843.81853537,1952595.1023471947,73982248.71618818,75934843.81853537,1952595.1023471947,73982248.71618818,0.0,0.0,0.0,2249728.0,5624320.0,1.124864,1.124864,47,6,0,short,shock,False,2000000.0,5000000.0,2010,0.025714085973672265,0.1276595744680851,0.0,0.0
short_shock_no_break,1,20260817,fully_indexed,2014,83989067.8404093,7419078.253512876,76569989.58689642,83989067.8404093,7419078.253512876,76569989.58689642,0.0,0.0,0.0,2339717.1200000006,5849292.800000001,1.1698585600000002,1.1698585600000002,46,5,1,short,shock,False,2000000.0,5000000.0,2010,0.08833385634913984,0.10869565217391304,0.021739130434782608,0.0
short_shock_no_break,1,20260817,fully_indexed,2015,89340642.26263417,12045800.206089776,77294842.0565444,89340642.26263417,12045800.206089776,77294842.0565444,0.0,0.0,0.0,2433305.8048000005,6083264.512000002,1.2166529024000003,1.2166529024000003,42,9,0,short,shock,False,2000000.0,5000000.0,2010,0.13483001578026277,0.21428571428571427,0.0,0.0
short_shock_no_break,1,20260817,fully_indexed,2016,104424004.76527934,19055239.488208905,85368765.27707043,104424004.76527934,19055239.488208905,85368765.27707043,0.0,0.0,0.0,2530638.036992001,6326595.092480002,1.2653190184960004,1.2653190184960004,43,9,1,short,shock,False,2000000.0,5000000.0,2010,0.18247949339848257,0.20930232558139536,0.023255813953488372,0.0
short_shock_no_break,1,20260817,fully_indexed,2017,100785459.90375064,6524473.216482293,94260986.68726835,100785459.90375064,6524473.216482293,94260986.68726835,0.0,0.0,0.0,2631863.558471681,6579658.896179202,1.3159317792358405,1.3159317792358405,50,5,0,short,shock,False,2000000.0,5000000.0,2010,0.06473625483986595,0.1,0.0,0.0
short_shock_no_break,1,20260817,fully_indexed,2018,124776705.97446987,27105155.335540373,97671550.63892952,124776705.97446987,27105155.335540373,97671550.63892952,0.0,0.0,0.0,2737138.1008105483,6842845.252026371,1.368569050405274,1.368569050405274,43,11,2,short,shock,False,2000000.0,5000000.0,2010,0.21722929070660243,0.2558139534883721,0.046511627906976744,0.0
short_shock_no_break,1,20260817,fully_indexed,2019,105834207.99917287,13010834.901358768,92823373.09781411,105834207.99917287,13010834.901358768,92823373.09781411,0.0,0.0,0.0,2846623.62484297,7116559.062107426,1.4233118124214852,1.4233118124214852,44,13,0,short,shock,False,2000000.0,5000000.0,2010,0.12293600667810972,0.29545454545454547,0.0,0.0
short_shock_no_break,1,20260817,fully_indexed,2020,75762492.67363282,887114.0684109316,74875378.60522188,75520248.23098275,887114.0684109316,74633134.16257182,242244.44265006058,0.0,242244.44265006058,2960488.569836689,7401221.424591723,1.4802442849183446,1.4802442849183446,37,3,0,short,shock,False,2000000.0,5000000.0,2010,0.011709145740919752,0.08108108108108109,0.0,0.0
short_shock_no_break,1,20260817,fully_indexed,2021,106852012.42985334,12369189.697318498,94482822.73253484,105607510.93161094,12369189.697318498,93238321.23429245,1244501.4982424001,0.0,1244501.4982424001,3138117.8840268906,7845294.710067227,1.5690589420134453,1.5690589420134453,41,8,0,short,shock,False,2000000.0,5000000.0,2010,0.11576000691085417,0.1951219512195122,0.0,0.0
short_shock_no_break,1,20260817,fully_indexed,2022,174139575.51369196,22229376.5758533,151910198.93783864,158925216.95611995,18897299.39726222,140027917.55885774,15214358.557571998,3332077.178591082,11882281.378980916,3326404.9570685043,8316012.39267126,1.663202478534252,1.663202478534252,57,14,1,short,shock,False,2000000.0,5000000.0,2010,0.12765264018979697,0.24561403508771928,0.017543859649122806,0.14989521488472857
short_shock_no_break,1,20260817,fully_indexed,2023,203154618.6465115,46189974.68218648,156964643.964325,145540695.12112853,28459641.362473287,117081053.75865524,57613923.525382996,17730333.319713194,39883590.2056698,3725573.551916725,9313933.879791813,1.8627867759583625,1.8627867759583625,51,14,2,short,shock,False,2000000.0,5000000.0,2010,0.22736364543381074,0.27450980392156865,0.0392156862745098,0.38385674470938896
short_shock_no_break,1,20260817,fully_indexed,2024,186680432.09720922,21637461.93417359,165042970.16303563,89535463.06362702,4015280.3053498575,85520182.75827716,97144969.03358221,17622181.628823735,79522787.40475845,4098130.9071083977,10245327.267770994,2.049065453554199,2.049065453554199,58,10,0,short,shock,False,2000000.0,5000000.0,2010,0.11590642731588717,0.1724137931034483,0.0,0.8144292377005532
long_stable_no_break,1,20260817,fixed_nominal,2010,75547494.5648136,7288499.925202911,68258994.63961068,75547494.5648136,7288499.925202911,68258994.63961068,0.0,0.0,0.0,2000000.0,5000000.0,1.0,1.0,43,7,0,long,stable,False,2000000.0,5000000.0,2010,0.09647573314228139,0.16279069767441862,0.0,0.0
long_stable_no_break,1,20260817,fixed_nominal,2011,81502919.98342393,9241615.141192606,72261304.84223133,81502919.98342393,9241615.141192606,72261304.84223133,0.0,0.0,0.0,2000000.0,5000000.0,1.04,1.0,45,11,0,long,stable,False,2000000.0,5000000.0,2010,0.11338998827369824,0.24444444444444444,0.0,0.0
long_stable_no_break,1,20260817,fixed_nominal,2012,94273033.79910243,11589708.782464819,82683325.0166376,93792206.30427697,11569113.444425678,82223092.8598513,480827.49482544255,20595.338039141847,460232.1567863007,2000000.0,5000000.0,1.0816000000000001,1.0,50,10,0,long,stable,False,2000000.0,5000000.0,2010,0.12293768764419635,0.2,0.0,0.001777036716427466
long_stable_no_break,1,20260817,fixed_nominal,2013,88498127.06343699,7509699.5112305125,80988427.55220649,87657142.06600401,7214069.6035252735,80443072.46247873,840984.9974329828,295629.907705239,545355.0897277438,2000000.0,5000000.0,1.124864,1.0,47,14,0,long,stable,False,2000000.0,5000000.0,2010,0.08485715755145225,0.2978723404255319,0.0,0.03936640970296269
long_stable_no_break,1,20260817,fixed_nominal,2014,97780367.20483133,12666052.929211471,85114314.27561985,95127219.35147445,11614639.840812245,83512579.5106622,2653147.8533568676,1051413.0883992268,1601734.7649576408,2000000.0,5000000.0,1.1698585600000002,1.0,46,15,1,long,stable,False,2000000.0,5000000.0,2010,0.1295357472188511,0.32608695652173914,0.021739130434782608,0.0830103185479648
long_stable_no_break,1,20260817,fixed_nominal,2015,104658871.64723879,25696430.626039326,78962441.02119948,94376354.85116877,19593530.441983163,74782824.4091856,10282516.796070028,6102900.184056167,4179616.612013861,2000000.0,5000000.0,1.2166529024000003,1.0,42,21,1,long,stable,False,2000000.0,5000000.0,2010,0.24552558442108213,0.5,0.023809523809523808,0.23749991868021658
long_stable_no_break,1,20260817,fixed_nominal,2016,121714887.80231696,30895442.594969682,90819445.20734729,100180489.44315957,20307027.647868253,79873461.7952913,21534398.359157406,10588414.947101425,10945983.412055984,2000000.0,5000000.0,1.2653190184960004,1.0,43,25,2,long,stable,False,2000000.0,5000000.0,2010,0.2538345403164522,0.5813953488372093,0.046511627906976744,0.3427176974258787
long_stable_no_break,1,20260817,fixed_nominal,2017,117793676.67441772,19567045.81399739,98226630.86042033,89597423.6988233,7435731.212867103,82161692.48595619,28196252.975594416,12131314.60113029,16064938.374464124,2000000.0,5000000.0,1.3159317792358405,1.0,50,31,1,long,stable,False,2000000.0,5000000.0,2010,0.16611287096573782,0.62,0.02,0.6199870290308254
long_stable_no_break,1,20260817,fixed_nominal,2018,144466870.9700876,42419461.6815151,102047409.2885725,102532472.84976146,24588005.77118817,77944467.07857327,41934398.12032617,17831455.910326924,24102942.20999924,2000000.0,5000000.0,1.368569050405274,1.0,43,25,3,long,stable,False,2000000.0,5000000.0,2010,0.29362760746924604,0.5813953488372093,0.06976744186046512,0.42036025926508264
long_stable_no_break,1,20260817,fixed_nominal,2019,122682451.54004325,36859696.83318216,85822754.70686108,72981246.37922269,9285706.189029256,63695540.19019343,49701205.160820566,27573990.64415291,22127214.516667657,2000000.0,5000000.0,1.4233118124214852,1.0,44,30,0,long,stable,False,2000000.0,5000000.0,2010,0.30044799700755287,0.6818181818181818,0.0,0.7480796917279582
long_stable_no_break,1,20260817,fixed_nominal,2020,86321075.96607761,14603071.054562524,71718004.91151509,46600802.02550429,726027.2847004235,45874774.74080387,39720273.94057332,13877043.7698621,25843230.17071122,2000000.0,5000000.0,1.4802442849183446,1.0,37,21,0,long,stable,False,2000000.0,5000000.0,2010,0.16917155968145287,0.5675675675675675,0.0,0.9502825616620152
long_stable_no_break,1,20260817,fixed_nominal,2021,118105820.33381811,31608244.380614758,86497575.95320335,51026243.17509336,4991434.927086432,46034808.248006925,67079577.158724755,26616809.453528326,40462767.70519642,2000000.0,5000000.0,1.5394540563150785,1.0,41,36,1,long,stable,False,2000000.0,5000000.0,2010,0.26762647506512544,0.8780487804878049,0.024390243902439025,0.8420843983936146
long_stable_no_break,1,20260817,fixed_nominal,2022,185391685.73959357,61136271.135481946,124255414.60411161,49582926.00496834,2911461.2691757563,46671464.73579257,135808759.73462522,58224809.866306186,77583949.86831903,2000000.0,5000000.0,1.6010322185676817,1.0,57,51,1,long,stable,False,2000000.0,5000000.0,2010,0.32976813869288446,0.8947368421052632,0.017543859649122806,0.9523775131341626
long_stable_no_break,1,20260817,fixed_nominal,2023,203192543.98992443,72902028.43564337,130290515.55428106,24601237.6449405,2446794.90995045,22154442.73499005,178591306.34498394,70455233.52569291,108136072.81929103,2000000.0,5000000.0,1.665073507310389,1.0,51,50,5,long,stable,False,2000000.0,5000000.0,2010,0.35878298978951867,0.9803921568627451,0.09803921568627451,0.9664372176953835
long_stable_no_break,1,20260817,fixed_nominal,2024,179573867.1190049,57078484.03305744,122495383.08594748,2699510.963483801,0.0,2699510.963483801,176874356.1555211,57078484.03305744,119795872.12246367,2000000.0,5000000.0,1.7316764476028046,1.0,58,58,2,long,stable,False,2000000.0,5000000.0,2010,0.317855180983718,1.0,0.034482758620689655,1.0
long_stable_no_break,1,20260817,fully_indexed,2010,75547494.5648136,7288499.925202911,68258994.63961068,75547494.5648136,7288499.925202911,68258994.63961068,0.0,0.0,0.0,2000000.0,5000000.0,1.0,1.0,43,7,0,long,stable,False,2000000.0,5000000.0,2010,0.09647573314228139,0.16279069767441862,0.0,0.0
long_stable_no_break,1,20260817,fully_indexed,2011,81502919.98342393,8361615.141192606,73141304.84223133,81502919.98342393,8361615.141192606,73141304.84223133,0.0,0.0,0.0,2080000.0,5200000.0,1.04,1.04,45,11,0,long,stable,False,2000000.0,5000000.0,2010,0.10259282910223574,0.24444444444444444,0.0,0.0
long_stable_no_break,1,20260817,fully_indexed,2012,94273033.79910243,10386080.338303544,83886953.46079887,93792206.30427697,10386080.338303542,83406125.96597342,480827.49482544255,0.0,480827.49482544255,2163200.0000000005,5408000.000000001,1.0816000000000001,1.0816000000000001,50,7,0,long,stable,False,2000000.0,5000000.0,2010,0.1101702143206346,0.14,0.0,0.0
long_stable_no_break,1,20260817,fully_indexed,2013,88498127.06343699,4867350.325183245,83630776.73825374,87657142.06600401,4691909.237011798,82965232.82899222,840984.9974329828,175441.0881714481,665543.9092615347,2249728.0,5624320.0,1.124864,1.124864,47,8,0,long,stable,False,2000000.0,5000000.0,2010,0.05499947271984914,0.1702127659574468,0.0,0.03604447521760068
long_stable_no_break,1,20260817,fully_indexed,2014,97780367.20483133,10271679.041431798,87508688.16339952,95127219.35147445,9269057.325470489,85858162.02600396,2653147.8533568676,1002621.7159613087,1650526.1373955589,2339717.1200000006,5849292.800000001,1.1698585600000002,1.1698585600000002,46,8,1,long,stable,False,2000000.0,5000000.0,2010,0.10504848094827234,0.17391304347826086,0.021739130434782608,0.09761030420802075
long_stable_no_break,1,20260817,fully_indexed,2015,104658871.64723879,19313326.003991764,85345545.64324704,94376354.85116877,13637884.50567219,80738470.34549658,10282516.796070028,5675441.498319574,4607075.297750454,2433305.8048000005,6083264.512000002,1.2166529024000003,1.2166529024000003,42,14,0,long,stable,False,2000000.0,5000000.0,2010,0.184535966230258,0.3333333333333333,0.0,0.29386142486004474
long_stable_no_break,1,20260817,fully_indexed,2016,121714887.80231696,24967184.474435087,96747703.32788189,100180489.44315957,16753826.845517054,83426662.59764251,21534398.359157406,8213357.628918035,13321040.730239376,2530638.036992001,6326595.092480002,1.2653190184960004,1.2653190184960004,43,11,1,long,stable,False,2000000.0,5000000.0,2010,0.2051284351918025,0.2558139534883721,0.023255813953488372,0.328966112992357
long_stable_no_break,1,20260817,fully_indexed,2017,117793676.67441772,9653677.522791743,108139999.15162598,89597423.6988233,4879132.739360649,84718290.95946266,28196252.975594416,4774544.783431092,23421708.19216332,2631863.558471681,6579658.896179202,1.3159317792358405,1.3159317792358405,50,10,1,long,stable,False,2000000.0,5000000.0,2010,0.08195412347535898,0.2,0.02,0.49458299929313815
long_stable_no_break,1,20260817,fully_indexed,2018,144466870.9700876,33572863.76864484,110894007.20144276,102532472.84976146,20409983.841147754,82122489.00861368,41934398.12032617,13162879.927497087,28771518.19282908,2737138.1008105483,6842845.252026371,1.368569050405274,1.368569050405274,43,15,2,long,stable,False,2000000.0,5000000.0,2010,0.2323914371731373,0.3488372093023256,0.046511627906976744,0.39206902390586273
long_stable_no_break,1,20260817,fully_indexed,2019,122682451.54004325,21530449.302640196,101152002.23740306,72981246.37922269,2722777.0245100437,70258469.35471264,49701205.160820566,18807672.27813015,30893532.882690422,2846623.62484297,7116559.062107426,1.4233118124214852,1.4233118124214852,44,14,0,long,stable,False,2000000.0,5000000.0,2010,0.17549738395643905,0.3181818181818182,0.0,0.8735383091064356
long_stable_no_break,1,20260817,fully_indexed,2020,86321075.96607761,2910399.1728534326,83410676.79322419,46600802.02550429,0.0,46600802.02550429,39720273.94057332,2910399.1728534326,36809874.76771989,2960488.569836689,7401221.424591723,1.4802442849183446,1.4802442849183446,37,6,0,long,stable,False,2000000.0,5000000.0,2010,0.03371597423087218,0.16216216216216217,0.0,1.0
long_stable_no_break,1,20260817,fully_indexed,2021,118105820.33381811,15817655.304912124,102288165.02890599,51026243.17509336,3125633.320585885,47900609.854507476,67079577.158724755,12692021.984326238,54387555.17439851,3078908.112630157,7697270.281575392,1.5394540563150785,1.5394540563150785,41,11,1,long,stable,False,2000000.0,5000000.0,2010,0.13392782218695565,0.2682926829268293,0.024390243902439025,0.8023959139117648
long_stable_no_break,1,20260817,fully_indexed,2022,185391685.73959357,28180104.075381987,157211581.66421157,49582926.00496834,555921.6586083546,49027004.346359976,135808759.73462522,27624182.416773632,108184577.3178516,3202064.4371353635,8005161.092838408,1.6010322185676817,1.6010322185676817,57,19,1,long,stable,False,2000000.0,5000000.0,2010,0.15200306293651467,0.3333333333333333,0.017543859649122806,0.9802725477123413
long_stable_no_break,1,20260817,fully_indexed,2023,203192543.98992443,49443810.59507255,153748733.3948519,24601237.6449405,618148.8442702298,23983088.80067027,178591306.34498394,48825661.750802316,129765644.59418161,3330147.014620778,8325367.536551945,1.665073507310389,1.665073507310389,51,19,3,long,stable,False,2000000.0,5000000.0,2010,0.24333476821631944,0.37254901960784315,0.058823529411764705,0.9874979529928901
long_stable_no_break,1,20260817,fully_indexed,2024,179573867.1190049,25930514.60822264,153643352.51078224,2699510.963483801,0.0,2699510.963483801,176874356.1555211,25930514.60822264,150943841.54729846,3463352.895205609,8658382.238014024,1.7316764476028046,1.7316764476028046,58,11,0,long,stable,False,2000000.0,5000000.0,2010,0.1444002683922728,0.1896551724137931,0.0,1.0
long_emerging_no_break,1,20260817,fixed_nominal,2010,75592098.39811766,7296131.809069,68295966.58904865,75592098.39811766,7296131.809069,68295966.58904865,0.0,0.0,0.0,2000000.0,5000000.0,1.0,1.0,43,7,0,long,emerging,False,2000000.0,5000000.0,2010,0.09651976811971505,0.16279069767441862,0.0,0.0
long_emerging_no_break,1,20260817,fixed_nominal,2011,81692269.50757337,9339454.75332376,72352814.7542496,81692269.50757337,9339454.75332376,72352814.7542496,0.0,0.0,0.0,2000000.0,5000000.0,1.04,1.0,45,11,0,long,emerging,False,2000000.0,5000000.0,2010,0.11432482913769382,0.24444444444444444,0.0,0.0
long_emerging_no_break,1,20260817,fixed_nominal,2012,94821665.24742806,11814646.186285567,83007019.0611425,94292791.60506101,11743555.685884826,82549235.91917619,528873.6423670566,71090.50040074205,457783.14196631446,2000000.0,5000000.0,1.0816000000000001,1.0,50,10,0,long,emerging,False,2000000.0,5000000.0,2010,0.12459859416575714,0.2,0.0,0.006017150177824526
long_emerging_no_break,1,20260817,fixed_nominal,2013,89411187.41541943,7858405.294476619,81552782.12094282,88481729.61480784,7533234.900180704,80948494.71462712,929457.8006115966,325170.3942959155,604287.4063156811,2000000.0,5000000.0,1.124864,1.0,47,14,0,long,emerging,False,2000000.0,5000000.0,2010,0.0878906266837185,0.2978723404255319,0.0,0.04137867443977033
long_emerging_no_break,1,20260817,fixed_nominal,2014,99318886.64680694,13296215.09961675,86022671.54719019,96386481.18648587,12095440.442757763,84291040.74372812,2932405.46032107,1200774.6568589879,1731630.8034620825,2000000.0,5000000.0,1.1698585600000002,1.0,46,16,1,long,emerging,False,2000000.0,5000000.0,2010,0.1338739845816044,0.34782608695652173,0.021739130434782608,0.09030950897399359
long_emerging_no_break,1,20260817,fixed_nominal,2015,107406502.98864019,27075276.509602696,80331226.4790375,95955479.06750616,20545692.33821752,75409786.72928864,11451023.921134029,6529584.17138518,4921439.7497488465,2000000.0,5000000.0,1.2166529024000003,1.0,42,22,2,long,emerging,False,2000000.0,5000000.0,2010,0.25208228325305687,0.5238095238095238,0.047619047619047616,0.24116408078304777
long_emerging_no_break,1,20260817,fixed_nominal,2016,126023895.16715546,33433688.830538653,92590206.3366168,101942781.19665965,21092845.26627986,80849935.9303798,24081113.970495794,12340843.564258792,11740270.406237,2000000.0,5000000.0,1.2653190184960004,1.0,43,27,3,long,emerging,False,2000000.0,5000000.0,2010,0.26529642482636256,0.627906976744186,0.06976744186046512,0.36911402827278056
long_emerging_no_break,1,20260817,fixed_nominal,2017,123142679.20410606,23091093.76971632,100051585.43438973,91402894.51542695,7834077.975470649,83568816.5399563,31739784.688679095,15257015.79424567,16482768.89443343,2000000.0,5000000.0,1.3159317792358405,1.0,50,34,1,long,emerging,False,2000000.0,5000000.0,2010,0.18751495353973402,0.68,0.02,0.6607316200090554
long_emerging_no_break,1,20260817,fixed_nominal,2018,152797889.84386927,46774159.57747376,106023730.2663955,105179981.38948952,25536137.66937194,79643843.72011758,47617908.45437974,21238021.90810182,26379886.54627791,2000000.0,5000000.0,1.368569050405274,1.0,43,30,3,long,emerging,False,2000000.0,5000000.0,2010,0.3061178372637748,0.6976744186046512,0.06976744186046512,0.4540545912519177
long_emerging_no_break,1,20260817,fixed_nominal,2019,132954634.03590953,45754415.75450837,87200218.28140119,75792177.44036803,10663198.71300626,65128978.72736175,57162456.59554152,35091217.0415021,22071239.554039415,2000000.0,5000000.0,1.4233118124214852,1.0,44,37,1,long,emerging,False,2000000.0,5000000.0,2010,0.34413554733376667,0.8409090909090909,0.022727272727272728,0.766947112378862
long_emerging_no_break,1,20260817,fixed_nominal,2020,94628992.78307745,21033953.160123363,73595039.6229541,48741109.961665645,1003764.2540964633,47737345.70756919,45887882.8214118,20030188.9060269,25857693.915384904,2000000.0,5000000.0,1.4802442849183446,1.0,37,31,0,long,emerging,False,2000000.0,5000000.0,2010,0.2222781046432619,0.8378378378378378,0.0,0.952278858545743
long_emerging_no_break,1,20260817,fixed_nominal,2021,131978295.83312072,43066740.97973858,88911554.85338214,53967163.79826729,5756621.47127785,48210542.32698944,78011132.03485341,37310119.50846072,40701012.52639269,2000000.0,5000000.0,1.5690589420134453,1.0,41,41,2,long,emerging,False,2000000.0,5000000.0,2010,0.32631684405285927,1.0,0.04878048780487805,0.8663325494263393
long_emerging_no_break,1,20260817,fixed_nominal,2022,211661242.50970364,84145419.07432604,127515823.43537757,53010497.69993233,3778267.828486241,49232229.871446095,158650744.8097713,80367151.2458398,78283593.5639315,2000000.0,5000000.0,1.663202478534252,1.0,57,57,2,long,emerging,False,2000000.0,5000000.0,2010,0.397547600479896,1.0,0.03508771929824561,0.9550983538967359
long_emerging_no_break,1,20260817,fixed_nominal,2023,237581843.01100773,95647794.52905822,141934048.4819495,26470514.904765416,3087792.187975776,23382722.71678964,211111328.10624233,92560002.34108245,118551325.76515986,2000000.0,5000000.0,1.7629946272463073,1.0,51,51,6,long,emerging,False,2000000.0,5000000.0,2010,0.4025888229372252,1.0,0.11764705882352941,0.9677170581592691
long_emerging_no_break,1,20260817,fixed_nominal,2024,213331925.96808454,86329187.92050259,127002738.04758194,2913232.8566845716,0.0,2913232.8566845716,210418693.11139995,86329187.9205026,124089505.19089738,2000000.0,5000000.0,1.8687743048810859,1.0,58,58,4,long,emerging,False,2000000.0,5000000.0,2010,0.4046707380001709,1.0,0.06896551724137931,1.0000000000000002
long_emerging_no_break,1,20260817,fully_indexed,2010,75592098.39811766,7296131.809069,68295966.58904865,75592098.39811766,7296131.809069,68295966.58904865,0.0,0.0,0.0,2000000.0,5000000.0,1.0,1.0,43,7,0,long,emerging,False,2000000.0,5000000.0,2010,0.09651976811971505,0.16279069767441862,0.0,0.0
long_emerging_no_break,1,20260817,fully_indexed,2011,81692269.50757337,8459454.753323762,73232814.7542496,81692269.50757337,8459454.753323762,73232814.7542496,0.0,0.0,0.0,2080000.0,5200000.0,1.04,1.04,45,11,0,long,emerging,False,2000000.0,5000000.0,2010,0.10355269604230447,0.24444444444444444,0.0,0.0
long_emerging_no_break,1,20260817,fully_indexed,2012,94821665.24742806,10551050.345767356,84270614.90166071,94292791.60506101,10551050.345767355,83741741.25929366,528873.6423670566,0.0,528873.6423670566,2163200.0000000005,5408000.000000001,1.0816000000000001,1.0816000000000001,50,7,0,long,emerging,False,2000000.0,5000000.0,2010,0.11127256959931468,0.14,0.0,0.0
long_emerging_no_break,1,20260817,fully_indexed,2013,89411187.41541943,5128894.621475253,84282292.79394418,88481729.61480784,4892847.975844492,83588881.63896334,929457.8006115966,236046.64563076105,693411.1549808355,2249728.0,5624320.0,1.124864,1.124864,47,8,0,long,emerging,False,2000000.0,5000000.0,2010,0.05736300758031034,0.1702127659574468,0.0,0.046022908063349056
long_emerging_no_break,1,20260817,fully_indexed,2014,99318886.64680694,10664131.925486408,88654754.72132054,96386481.18648587,9513192.278672576,86873288.9078133,2932405.46032107,1150939.6468138313,1781465.8135072389,2339717.1200000006,5849292.800000001,1.1698585600000002,1.1698585600000002,46,8,1,long,emerging,False,2000000.0,5000000.0,2010,0.10737264870285632,0.17391304347826086,0.021739130434782608,0.10792623861518247
long_emerging_no_break,1,20260817,fully_indexed,2015,107406502.98864019,20881506.84538447,86524996.14325573,95955479.06750616,14364309.768363692,81591169.29914246,11451023.921134029,6517197.0770207755,4933826.844113251,2433305.8048000005,6083264.512000002,1.2166529024000003,1.2166529024000003,42,15,0,long,emerging,False,2000000.0,5000000.0,2010,0.1944156663176437,0.35714285714285715,0.0,0.3121037732227308
long_emerging_no_break,1,20260817,fully_indexed,2016,126023895.16715546,26851684.808488637,99172210.3586668,101942781.19665965,17321438.10105715,84621343.09560251,24081113.970495794,9530246.707431488,14550867.263064303,2530638.036992001,6326595.092480002,1.2653190184960004,1.2653190184960004,43,11,1,long,emerging,False,2000000.0,5000000.0,2010,0.21306820244583874,0.2558139534883721,0.023255813953488372,0.3549217404942384
long_emerging_no_break,1,20260817,fully_indexed,2017,123142679.20410606,11069160.919626653,112073518.2844794,91402894.51542695,5089810.503599377,86313084.01182757,31739784.688679095,5979350.416027276,25760434.27265182,2631863.558471681,6579658.896179202,1.3159317792358405,1.3159317792358405,50,13,1,long,emerging,False,2000000.0,5000000.0,2010,0.08988890765710711,0.26,0.02,0.540181000117663
long_emerging_no_break,1,20260817,fully_indexed,2018,152797889.84386927,36627859.672839075,116170030.17103016,105179981.38948952,21376524.050895028,83803457.3385945,47617908.45437974,15251335.621944048,32366572.83243568,2737138.1008105483,6842845.252026371,1.368569050405274,1.368569050405274,43,17,2,long,emerging,False,2000000.0,5000000.0,2010,0.23971443395105696,0.3953488372093023,0.046511627906976744,0.4163862086993164
long_emerging_no_break,1,20260817,fully_indexed,2019,132954634.03590953,26834687.1348965,106119946.90101303,75792177.44036803,3345969.1350554815,72446208.30531254,57162456.59554152,23488717.999841023,33673738.5957005,2846623.62484297,7116559.062107426,1.4233118124214852,1.4233118124214852,44,15,0,long,emerging,False,2000000.0,5000000.0,2010,0.20183340979035566,0.3409090909090909,0.0,0.8753117888710432
long_emerging_no_break,1,20260817,fully_indexed,2020,94628992.78307745,5323292.09931064,89305700.68376681,48741109.961665645,0.0,48741109.961665645,45887882.8214118,5323292.09931064,40564590.72210116,2960488.569836689,7401221.424591723,1.4802442849183446,1.4802442849183446,37,9,0,long,emerging,False,2000000.0,5000000.0,2010,0.05625434597527078,0.24324324324324326,0.0,1.0
long_emerging_no_break,1,20260817,fully_indexed,2021,131978295.83312072,20294041.605504684,111684254.22761603,53967163.79826729,3405594.6450160816,50561569.153251216,78011132.03485341,16888446.960488603,61122685.07436482,3138117.8840268906,7845294.710067227,1.5690589420134453,1.5690589420134453,41,14,1,long,emerging,False,2000000.0,5000000.0,2010,0.15376802282070212,0.34146341463414637,0.024390243902439025,0.8321874611663196
long_emerging_no_break,1,20260817,fully_indexed,2022,211661242.50970364,37159901.567131385,174501340.94257224,53010497.69993233,716761.3619325673,52293736.33799977,158650744.8097713,36443140.20519882,122207604.60457247,3326404.9570685043,8316012.39267126,1.663202478534252,1.663202478534252,57,24,1,long,emerging,False,2000000.0,5000000.0,2010,0.17556308904984239,0.42105263157894735,0.017543859649122806,0.9807114300171732
long_emerging_no_break,1,20260817,fully_indexed,2023,237581843.01100773,62494978.55478057,175086864.45622715,26470514.904765416,721928.7599459877,25748586.144819427,211111328.10624233,61773049.7948346,149338278.31140774,3525989.2544926144,8814973.136231536,1.7629946272463073,1.7629946272463073,51,24,3,long,emerging,False,2000000.0,5000000.0,2010,0.2630461055556549,0.47058823529411764,0.058823529411764705,0.988448211734113
long_emerging_no_break,1,20260817,fully_indexed,2024,213331925.96808454,36021946.54412559,177309979.42395896,2913232.8566845716,0.0,2913232.8566845716,210418693.11139995,36021946.54412559,174396746.5672744,3737548.6097621717,9343871.52440543,1.8687743048810859,1.8687743048810859,58,16,0,long,emerging,False,2000000.0,5000000.0,2010,0.16885398835950433,0.27586206896551724,0.0,1.0
long_shock_no_break,1,20260817,fixed_nominal,2010,75605230.77258846,7296131.809069,68309098.96351945,75605230.77258846,7296131.809069,68309098.96351945,0.0,0.0,0.0,2000000.0,5000000.0,1.0,1.0,43,7,0,long,shock,False,2000000.0,5000000.0,2010,0.09650300296040226,0.16279069767441862,0.0,0.0
long_shock_no_break,1,20260817,fixed_nominal,2011,81793175.64181542,9390159.777910784,72403015.86390464,81793175.64181542,9390159.777910784,72403015.86390464,0.0,0.0,0.0,2000000.0,5000000.0,1.04,1.0,45,11,0,long,shock,False,2000000.0,5000000.0,2010,0.11480370708470473,0.24444444444444444,0.0,0.0
long_shock_no_break,1,20260817,fixed_nominal,2012,95092790.57646354,11972759.31697794,83120031.2594856,94501952.07086167,11825601.584931312,82676350.48593035,590838.5056018649,147157.73204663256,443680.7735552323,2000000.0,5000000.0,1.0816000000000001,1.0,50,11,0,long,shock,False,2000000.0,5000000.0,2010,0.12590606758301742,0.22,0.0,0.012291045710570322
long_shock_no_break,1,20260817,fixed_nominal,2013,89955320.47943519,8053449.4766734885,81901871.00276169,88914484.67390344,7690180.8725284785,81224303.80137494,1040835.8055317628,363268.60414501,677567.2013867528,2000000.0,5000000.0,1.124864,1.0,47,14,0,long,shock,False,2000000.0,5000000.0,2010,0.0895272167755169,0.2978723404255319,0.0,0.0451072059491034
long_shock_no_break,1,20260817,fixed_nominal,2014,100675115.7947371,13888274.985268377,86786840.80946872,97391237.44802903,12492937.900850743,84898299.5471783,3283878.3467080663,1395337.0844176353,1888541.2622904307,2000000.0,5000000.0,1.1698585600000002,1.0,46,16,1,long,shock,False,2000000.0,5000000.0,2010,0.137951418040429,0.34782608695652173,0.021739130434782608,0.10046871090165643
long_shock_no_break,1,20260817,fixed_nominal,2015,110200243.27156109,28429109.696143765,81771133.57541731,97346308.86597706,21405096.67177973,75941212.19419733,12853934.405584028,7024013.024364031,5829921.381219996,2000000.0,5000000.0,1.2166529024000003,1.0,42,22,2,long,shock,False,2000000.0,5000000.0,2010,0.25797683246567155,0.5238095238095238,0.047619047619047616,0.2470711569738955
long_shock_no_break,1,20260817,fixed_nominal,2016,130329991.37615134,35784025.54471223,94545965.8314391,103315805.19494446,21702934.343026392,81612870.85191806,27014186.181206886,14081091.201685844,12933094.979521038,2000000.0,5000000.0,1.2653190184960004,1.0,43,28,3,long,shock,False,2000000.0,5000000.0,2010,0.27456478103673254,0.6511627906976745,0.06976744186046512,0.39350215598553845
long_shock_no_break,1,20260817,fixed_nominal,2017,128405667.73384523,26869164.477747843,101536503.25609738,92699518.00373094,8199742.410621299,84499775.59310964,35706149.73011429,18669422.067126542,17036727.662987746,2000000.0,5000000.0,1.3159317792358405,1.0,50,37,1,long,shock,False,2000000.0,5000000.0,2010,0.2092521689419606,0.74,0.02,0.6948270417038067
long_shock_no_break,1,20260817,fixed_nominal,2018,160641519.62835002,51252176.37781751,109389343.25053252,107045975.91711275,26207095.58986663,80838880.32724613,53595543.71123727,25045080.787950877,28550462.923286393,2000000.0,5000000.0,1.368569050405274,1.0,43,33,4,long,shock,False,2000000.0,5000000.0,2010,0.31904688461856734,0.7674418604651163,0.09302325581395349,0.4886637516292997
long_shock_no_break,1,20260817,fixed_nominal,2019,142283093.49265257,53647282.528169766,88635810.96448278,77936508.13124341,11671465.200610682,66265042.93063275,64346585.36140914,41975817.32755908,22370768.03385006,2000000.0,5000000.0,1.4233118124214852,1.0,44,40,2,long,shock,False,2000000.0,5000000.0,2010,0.37704607913195315,0.9090909090909091,0.045454545454545456,0.7824407006173689
long_shock_no_break,1,20260817,fixed_nominal,2020,102053033.53330205,28053033.533302054,74000000.0,50393255.805815354,1209741.7712104958,49183514.03460486,51659777.7274867,26843291.76209156,24816485.965395145,2000000.0,5000000.0,1.4802442849183446,1.0,37,37,0,long,shock,False,2000000.0,5000000.0,2010,0.2748868168053795,1.0,0.0,0.9568766147955301
long_shock_no_break,1,20260817,fixed_nominal,2021,144553410.63157398,53704881.64642622,90848528.98514774,56725290.04873571,6566748.342631744,50158541.706103966,87828120.58283825,47138133.30379448,40689987.27904377,2000000.0,5000000.0,1.5690589420134453,1.0,41,41,2,long,shock,False,2000000.0,5000000.0,2010,0.37152275696423986,1.0,0.04878048780487805,0.8777252990544719
long_shock_no_break,1,20260817,fixed_nominal,2022,235635204.96901459,104050244.6489409,131584960.32007366,57040983.04320172,4940062.402263147,52100920.64093859,178594221.92581284,99110182.24667777,79484039.67913508,2000000.0,5000000.0,1.663202478534252,1.0,57,57,4,long,shock,False,2000000.0,5000000.0,2010,0.44157342559497104,1.0,0.07017543859649122,0.9525223374636879
long_shock_no_break,1,20260817,fixed_nominal,2023,266642585.33929247,114070105.77526928,152572479.5640232,28861688.492662676,3907027.123160175,24954661.3695025,237780896.8466298,110163078.6521091,127617818.19452071,2000000.0,5000000.0,1.8627867759583625,1.0,51,51,7,long,shock,False,2000000.0,5000000.0,2010,0.4278015292648001,1.0,0.13725490196078433,0.9657488954129888
long_shock_no_break,1,20260817,fixed_nominal,2024,240295798.07385406,107811074.07086405,132484724.00298999,3194288.785542357,0.0,3194288.785542357,237101509.28831172,107811074.07086405,129290435.21744762,2000000.0,5000000.0,2.049065453554199,1.0,58,58,5,long,shock,False,2000000.0,5000000.0,2010,0.4486598389778281,1.0,0.08620689655172414,1.0
long_shock_no_break,1,20260817,fully_indexed,2010,75605230.77258846,7296131.809069,68309098.96351945,75605230.77258846,7296131.809069,68309098.96351945,0.0,0.0,0.0,2000000.0,5000000.0,1.0,1.0,43,7,0,long,shock,False,2000000.0,5000000.0,2010,0.09650300296040226,0.16279069767441862,0.0,0.0
long_shock_no_break,1,20260817,fully_indexed,2011,81793175.64181542,8510159.777910784,73283015.86390464,81793175.64181542,8510159.777910784,73283015.86390464,0.0,0.0,0.0,2080000.0,5200000.0,1.04,1.04,45,11,0,long,shock,False,2000000.0,5000000.0,2010,0.10404486329248358,0.24444444444444444,0.0,0.0
long_shock_no_break,1,20260817,fully_indexed,2012,95092790.57646354,10633096.24481384,84459694.3316497,94501952.07086167,10633096.24481384,83868855.82604782,590838.5056018649,0.0,590838.5056018649,2163200.0000000005,5408000.000000001,1.0816000000000001,1.0816000000000001,50,7,0,long,shock,False,2000000.0,5000000.0,2010,0.11181811134529523,0.14,0.0,0.0
long_shock_no_break,1,20260817,fully_indexed,2013,89955320.47943519,5308712.852708668,84646607.62672652,88914484.67390344,5008620.239789884,83905864.43411353,1040835.8055317628,300092.61291878484,740743.1926129779,2249728.0,5624320.0,1.124864,1.124864,47,8,0,long,shock,False,2000000.0,5000000.0,2010,0.059014995715815394,0.1702127659574468,0.0,0.056528318868418054
long_shock_no_break,1,20260817,fully_indexed,2014,100675115.7947371,11034527.857464429,89640587.93727267,97391237.44802903,9726071.664622162,87665165.78340687,3283878.3467080663,1308456.192842267,1975422.1538657993,2339717.1200000006,5849292.800000001,1.1698585600000002,1.1698585600000002,46,9,1,long,shock,False,2000000.0,5000000.0,2010,0.10960531577596924,0.1956521739130435,0.021739130434782608,0.1185783578367739
long_shock_no_break,1,20260817,fully_indexed,2015,110200243.27156109,22471915.66829755,87728327.60326353,97346308.86597706,14999777.348177675,82346531.51779938,12853934.405584028,7472138.32011988,5381796.085464147,2433305.8048000005,6083264.512000002,1.2166529024000003,1.2166529024000003,42,15,1,long,shock,False,2000000.0,5000000.0,2010,0.2039189297697021,0.35714285714285715,0.023809523809523808,0.33251007303579655
long_shock_no_break,1,20260817,fully_indexed,2016,130329991.37615134,28676865.129523195,101653126.24662814,103315805.19494446,17801189.396765158,85514615.7981793,27014186.181206886,10875675.732758034,16138510.448448846,2530638.036992001,6326595.092480002,1.2653190184960004,1.2653190184960004,43,12,1,long,shock,False,2000000.0,5000000.0,2010,0.2200327401753414,0.27906976744186046,0.023255813953488372,0.37924911539795153
long_shock_no_break,1,20260817,fully_indexed,2017,128405667.73384523,12623834.288119819,115781833.44572543,92699518.00373094,5278443.495635936,87421074.508095,35706149.73011429,7345390.792483881,28360758.937630408,2631863.558471681,6579658.896179202,1.3159317792358405,1.3159317792358405,50,13,1,long,shock,False,2000000.0,5000000.0,2010,0.0983121268002442,0.26,0.02,0.5818668579479505
long_shock_no_break,1,20260817,fully_indexed,2018,160641519.62835002,39793615.66604146,120847903.96230856,107045975.91711275,22047788.204711806,84998187.71240094,53595543.71123727,17745827.461329665,35849716.249907605,2737138.1008105483,6842845.252026371,1.368569050405274,1.368569050405274,43,18,2,long,shock,False,2000000.0,5000000.0,2010,0.24771687766715253,0.4186046511627907,0.046511627906976744,0.4459465963147792
long_shock_no_break,1,20260817,fully_indexed,2019,142283093.49265257,31962834.634015627,110320258.85863695,77936508.13124341,3803993.303507061,74132514.82773635,64346585.36140914,28158841.330508567,36187744.030900575,2846623.62484297,7116559.062107426,1.4233118124214852,1.4233118124214852,44,17,0,long,shock,False,2000000.0,5000000.0,2010,0.2246425337643237,0.38636363636363635,0.0,0.880986985445316
long_shock_no_break,1,20260817,fully_indexed,2020,102053033.53330205,8024776.543166337,94028256.99013573,50393255.805815354,0.0,50393255.805815354,51659777.7274867,8024776.543166338,43635001.18432036,2960488.569836689,7401221.424591723,1.4802442849183446,1.4802442849183446,37,12,0,long,shock,False,2000000.0,5000000.0,2010,0.07863339545460629,0.32432432432432434,0.0,1.0000000000000002
long_shock_no_break,1,20260817,fully_indexed,2021,144553410.63157398,25767369.260177806,118786041.37139615,56725290.04873571,3697167.557937502,53028122.490798205,87828120.58283825,22070201.702240303,65757918.88059795,3138117.8840268906,7845294.710067227,1.5690589420134453,1.5690589420134453,41,16,1,long,shock,False,2000000.0,5000000.0,2010,0.17825500725023768,0.3902439024390244,0.024390243902439025,0.8565174612663586
long_shock_no_break,1,20260817,fully_indexed,2022,235635204.96901459,49633936.59337455,186001268.37564003,57040983.04320172,1081239.6674190373,55959743.37578269,178594221.92581284,48552696.925955504,130041524.99985734,3326404.9570685043,8316012.39267126,1.663202478534252,1.663202478534252,57,29,1,long,shock,False,2000000.0,5000000.0,2010,0.21063888394733413,0.5087719298245614,0.017543859649122806,0.9782157180826279
long_shock_no_break,1,20260817,fully_indexed,2023,266642585.33929247,73319355.52505055,193323229.81424195,28861688.492662676,905280.4680163423,27956408.024646334,237780896.8466298,72414075.05703421,165366821.7895956,3725573.551916725,9313933.879791813,1.8627867759583625,1.8627867759583625,51,24,3,long,shock,False,2000000.0,5000000.0,2010,0.27497241459669497,0.47058823529411764,0.058823529411764705,0.9876529129104655
long_shock_no_break,1,20260817,fully_indexed,2024,240295798.07385406,42336296.17125735,197959501.9025967,3194288.785542357,0.0,3194288.785542357,237101509.28831172,42336296.17125735,194765213.11705434,4098130.9071083977,10245327.267770994,2.049065453554199,2.049065453554199,58,16,1,long,shock,False,2000000.0,5000000.0,2010,0.1761840885717254,0.27586206896551724,0.017241379310344827,1.0
long_stable_break,1,20260817,fixed_nominal,2010,75547494.5648136,7288499.925202911,68258994.63961068,75547494.5648136,7288499.925202911,68258994.63961068,0.0,0.0,0.0,2000000.0,5000000.0,1.0,1.0,43,7,0,long,stable,True,2000000.0,5000000.0,2010,0.09647573314228139,0.16279069767441862,0.0,0.0
long_stable_break,1,20260817,fixed_nominal,2011,81502919.98342393,9241615.141192606,72261304.84223133,81502919.98342393,9241615.141192606,72261304.84223133,0.0,0.0,0.0,2000000.0,5000000.0,1.04,1.0,45,11,0,long,stable,True,2000000.0,5000000.0,2010,0.11338998827369824,0.24444444444444444,0.0,0.0
long_stable_break,1,20260817,fixed_nominal,2012,94273033.79910243,11589708.782464819,82683325.0166376,93792206.30427697,11569113.444425678,82223092.8598513,480827.49482544255,20595.338039141847,460232.1567863007,2000000.0,5000000.0,1.0816000000000001,1.0,50,10,0,long,stable,True,2000000.0,5000000.0,2010,0.12293768764419635,0.2,0.0,0.001777036716427466
long_stable_break,1,20260817,fixed_nominal,2013,88498127.06343699,7509699.5112305125,80988427.55220649,87657142.06600401,7214069.6035252735,80443072.46247873,840984.9974329828,295629.907705239,545355.0897277438,2000000.0,5000000.0,1.124864,1.0,47,14,0,long,stable,True,2000000.0,5000000.0,2010,0.08485715755145225,0.2978723404255319,0.0,0.03936640970296269
long_stable_break,1,20260817,fixed_nominal,2014,97780367.20483133,12666052.929211471,85114314.27561985,95127219.35147445,11614639.840812245,83512579.5106622,2653147.8533568676,1051413.0883992268,1601734.7649576408,2000000.0,5000000.0,1.1698585600000002,1.0,46,15,1,long,stable,True,2000000.0,5000000.0,2010,0.1295357472188511,0.32608695652173914,0.021739130434782608,0.0830103185479648
long_stable_break,1,20260817,fixed_nominal,2015,104658871.64723879,25696430.626039326,78962441.02119948,94376354.85116877,19593530.441983163,74782824.4091856,10282516.796070028,6102900.184056167,4179616.612013861,2000000.0,5000000.0,1.2166529024000003,1.0,42,21,1,long,stable,True,2000000.0,5000000.0,2010,0.24552558442108213,0.5,0.023809523809523808,0.23749991868021658
long_stable_break,1,20260817,fixed_nominal,2016,121714887.80231696,30895442.594969682,90819445.20734729,100180489.44315957,20307027.647868253,79873461.7952913,21534398.359157406,10588414.947101425,10945983.412055984,2000000.0,5000000.0,1.2653190184960004,1.0,43,25,2,long,stable,True,2000000.0,5000000.0,2010,0.2538345403164522,0.5813953488372093,0.046511627906976744,0.3427176974258787
long_stable_break,1,20260817,fixed_nominal,2017,117793676.67441772,19567045.81399739,98226630.86042033,89597423.6988233,7435731.212867103,82161692.48595619,28196252.975594416,12131314.60113029,16064938.374464124,2000000.0,5000000.0,1.3159317792358405,1.0,50,31,1,long,stable,True,2000000.0,5000000.0,2010,0.16611287096573782,0.62,0.02,0.6199870290308254
long_stable_break,1,20260817,fixed_nominal,2018,137491908.31590262,39153032.1974458,98338876.11845681,122902207.39071913,33252604.662274644,89649602.72844449,14589700.925183486,5900427.535171162,8689273.390012324,2000000.0,5000000.0,1.368569050405274,1.0,43,22,3,long,stable,True,2000000.0,5000000.0,2010,0.2847660831609628,0.5116279069767442,0.06976744186046512,0.15070167504309115
long_stable_break,1,20260817,fixed_nominal,2019,116759256.05536468,32389308.199267402,84369947.8560973,91504981.68934682,18597608.15875384,72907373.53059296,25254274.366017886,13791700.04051356,11462574.32550433,2000000.0,5000000.0,1.4233118124214852,1.0,44,24,0,long,stable,True,2000000.0,5000000.0,2010,0.277402488620766,0.5454545454545454,0.0,0.4258102691068131
long_stable_break,1,20260817,fixed_nominal,2020,82153433.39799625,11914856.968813987,70238576.42918223,59605636.66911939,3406093.074774107,56199543.59434527,22547796.72887685,8508763.89403988,14039032.834836971,2000000.0,5000000.0,1.4802442849183446,1.0,37,20,0,long,stable,True,2000000.0,5000000.0,2010,0.14503175918518088,0.5405405405405406,0.0,0.7141305947952851
long_stable_break,1,20260817,fixed_nominal,2021,112403587.83900045,27567341.58926139,84836246.24973905,66816227.647073194,9581607.952391742,57234619.69468146,45587360.191927254,17985733.636869647,27601626.555057608,2000000.0,5000000.0,1.5394540563150785,1.0,41,28,1,long,stable,True,2000000.0,5000000.0,2010,0.24525321761745764,0.6829268292682927,0.024390243902439025,0.6524290192666176
long_stable_break,1,20260817,fixed_nominal,2022,176440844.0985518,53787674.39175029,122653169.70680152,68628613.47013907,8662148.056353195,59966465.413785875,107812230.62841274,45125526.335397094,62686704.29301564,2000000.0,5000000.0,1.6010322185676817,1.0,57,48,1,long,stable,True,2000000.0,5000000.0,2010,0.30484820375098043,0.8421052631578947,0.017543859649122806,0.8389566354316713
long_stable_break,1,20260817,fixed_nominal,2023,193382264.32911545,66424538.122329876,126957726.20678557,36185355.59424886,6288724.207702108,29896631.38654676,157196908.7348666,60135813.91462776,97061094.82023883,2000000.0,5000000.0,1.665073507310389,1.0,51,46,5,long,stable,True,2000000.0,5000000.0,2010,0.3434882632736298,0.9019607843137255,0.09803921568627451,0.9053252851209809
long_stable_break,1,20260817,fixed_nominal,2024,170903913.8735859,49573542.507878214,121330371.3657077,5399021.926967602,0.0,5399021.926967602,165504891.94661832,49573542.507878214,115931349.43874009,2000000.0,5000000.0,1.7316764476028046,1.0,58,55,2,long,stable,True,2000000.0,5000000.0,2010,0.29006674794204385,0.9482758620689655,0.034482758620689655,1.0
long_stable_break,1,20260817,fully_indexed,2010,75547494.5648136,7288499.925202911,68258994.63961068,75547494.5648136,7288499.925202911,68258994.63961068,0.0,0.0,0.0,2000000.0,5000000.0,1.0,1.0,43,7,0,long,stable,True,2000000.0,5000000.0,2010,0.09647573314228139,0.16279069767441862,0.0,0.0
long_stable_break,1,20260817,fully_indexed,2011,81502919.98342393,8361615.141192606,73141304.84223133,81502919.98342393,8361615.141192606,73141304.84223133,0.0,0.0,0.0,2080000.0,5200000.0,1.04,1.04,45,11,0,long,stable,True,2000000.0,5000000.0,2010,0.10259282910223574,0.24444444444444444,0.0,0.0
long_stable_break,1,20260817,fully_indexed,2012,94273033.79910243,10386080.338303544,83886953.46079887,93792206.30427697,10386080.338303542,83406125.96597342,480827.49482544255,0.0,480827.49482544255,2163200.0000000005,5408000.000000001,1.0816000000000001,1.0816000000000001,50,7,0,long,stable,True,2000000.0,5000000.0,2010,0.1101702143206346,0.14,0.0,0.0
long_stable_break,1,20260817,fully_indexed,2013,88498127.06343699,4867350.325183245,83630776.73825374,87657142.06600401,4691909.237011798,82965232.82899222,840984.9974329828,175441.0881714481,665543.9092615347,2249728.0,5624320.0,1.124864,1.124864,47,8,0,long,stable,True,2000000.0,5000000.0,2010,0.05499947271984914,0.1702127659574468,0.0,0.03604447521760068
long_stable_break,1,20260817,fully_indexed,2014,97780367.20483133,10271679.041431798,87508688.16339952,95127219.35147445,9269057.325470489,85858162.02600396,2653147.8533568676,1002621.7159613087,1650526.1373955589,2339717.1200000006,5849292.800000001,1.1698585600000002,1.1698585600000002,46,8,1,long,stable,True,2000000.0,5000000.0,2010,0.10504848094827234,0.17391304347826086,0.021739130434782608,0.09761030420802075
long_stable_break,1,20260817,fully_indexed,2015,104658871.64723879,19313326.003991764,85345545.64324704,94376354.85116877,13637884.50567219,80738470.34549658,10282516.796070028,5675441.498319574,4607075.297750454,2433305.8048000005,6083264.512000002,1.2166529024000003,1.2166529024000003,42,14,0,long,stable,True,2000000.0,5000000.0,2010,0.184535966230258,0.3333333333333333,0.0,0.29386142486004474
long_stable_break,1,20260817,fully_indexed,2016,121714887.80231696,24967184.474435087,96747703.32788189,100180489.44315957,16753826.845517054,83426662.59764251,21534398.359157406,8213357.628918035,13321040.730239376,2530638.036992001,6326595.092480002,1.2653190184960004,1.2653190184960004,43,11,1,long,stable,True,2000000.0,5000000.0,2010,0.2051284351918025,0.2558139534883721,0.023255813953488372,0.328966112992357
long_stable_break,1,20260817,fully_indexed,2017,117793676.67441772,9653677.522791743,108139999.15162598,89597423.6988233,4879132.739360649,84718290.95946266,28196252.975594416,4774544.783431092,23421708.19216332,2631863.558471681,6579658.896179202,1.3159317792358405,1.3159317792358405,50,10,1,long,stable,True,2000000.0,5000000.0,2010,0.08195412347535898,0.2,0.02,0.49458299929313815
long_stable_break,1,20260817,fully_indexed,2018,137491908.31590262,31007289.409660082,106484618.90624252,122902207.39071913,27174188.02694998,95728019.36376914,14589700.925183486,3833101.3827101025,10756599.542473381,2737138.1008105483,6842845.252026371,1.368569050405274,1.368569050405274,43,14,2,long,stable,True,2000000.0,5000000.0,2010,0.22552083093077346,0.32558139534883723,0.046511627906976744,0.12361936356539212
long_stable_break,1,20260817,fully_indexed,2019,116759256.05536468,18566825.97798472,98192430.07737999,91504981.68934682,7693809.195254856,83811172.49409194,25254274.366017886,10873016.782729864,14381257.583288025,2846623.62484297,7116559.062107426,1.4233118124214852,1.4233118124214852,44,14,0,long,stable,True,2000000.0,5000000.0,2010,0.15901802225581788,0.3181818181818182,0.0,0.5856152686313939
long_stable_break,1,20260817,fully_indexed,2020,82153433.39799625,1951430.213180494,80202003.18481573,59605636.66911939,169543.6702675987,59436092.99885178,22547796.72887685,1781886.5429128953,20765910.185963955,2960488.569836689,7401221.424591723,1.4802442849183446,1.4802442849183446,37,5,0,long,stable,True,2000000.0,5000000.0,2010,0.023753483359930886,0.13513513513513514,0.0,0.9131182508488112
long_stable_break,1,20260817,fully_indexed,2021,112403587.83900045,14211213.38731933,98192374.4516811,66816227.647073194,5491311.79489696,61324915.852176234,45587360.191927254,8719901.592422372,36867458.59950487,3078908.112630157,7697270.281575392,1.5394540563150785,1.5394540563150785,41,8,1,long,stable,True,2000000.0,5000000.0,2010,0.1264302471169741,0.1951219512195122,0.024390243902439025,0.6135930377488485
long_stable_break,1,20260817,fully_indexed,2022,176440844.0985518,24632343.376057953,151808500.72249386,68628613.47013907,2418187.870074424,66210425.60006464,107812230.62841274,22214155.505983528,85598075.1224292,3202064.4371353635,8005161.092838408,1.6010322185676817,1.6010322185676817,57,17,1,long,stable,True,2000000.0,5000000.0,2010,0.13960680987390567,0.2982456140350877,0.017543859649122806,0.901828752824839
long_stable_break,1,20260817,fully_indexed,2023,193382264.32911545,45292063.946537286,148090200.3825782,36185355.59424886,2689972.415435697,33495383.178813167,157196908.7348666,42602091.531101584,114594817.203765,3330147.014620778,8325367.536551945,1.665073507310389,1.665073507310389,51,17,2,long,stable,True,2000000.0,5000000.0,2010,0.2342100197433574,0.3333333333333333,0.0392156862745098,0.9406083057153027
long_stable_break,1,20260817,fully_indexed,2024,170903913.8735859,22852964.43464695,148050949.43893898,5399021.926967602,0.0,5399021.926967602,165504891.94661832,22852964.43464695,142651927.51197135,3463352.895205609,8658382.238014024,1.7316764476028046,1.7316764476028046,58,10,0,long,stable,True,2000000.0,5000000.0,2010,0.1337182040871856,0.1724137931034483,0.0,1.0
long_emerging_break,1,20260817,fixed_nominal,2010,75592098.39811766,7296131.809069,68295966.58904865,75592098.39811766,7296131.809069,68295966.58904865,0.0,0.0,0.0,2000000.0,5000000.0,1.0,1.0,43,7,0,long,emerging,True,2000000.0,5000000.0,2010,0.09651976811971505,0.16279069767441862,0.0,0.0
long_emerging_break,1,20260817,fixed_nominal,2011,81692269.50757337,9339454.75332376,72352814.7542496,81692269.50757337,9339454.75332376,72352814.7542496,0.0,0.0,0.0,2000000.0,5000000.0,1.04,1.0,45,11,0,long,emerging,True,2000000.0,5000000.0,2010,0.11432482913769382,0.24444444444444444,0.0,0.0
long_emerging_break,1,20260817,fixed_nominal,2012,94821665.24742806,11814646.186285567,83007019.0611425,94292791.60506101,11743555.685884826,82549235.91917619,528873.6423670566,71090.50040074205,457783.14196631446,2000000.0,5000000.0,1.0816000000000001,1.0,50,10,0,long,emerging,True,2000000.0,5000000.0,2010,0.12459859416575714,0.2,0.0,0.006017150177824526
long_emerging_break,1,20260817,fixed_nominal,2013,89411187.41541943,7858405.294476619,81552782.12094282,88481729.61480784,7533234.900180704,80948494.71462712,929457.8006115966,325170.3942959155,604287.4063156811,2000000.0,5000000.0,1.124864,1.0,47,14,0,long,emerging,True,2000000.0,5000000.0,2010,0.0878906266837185,0.2978723404255319,0.0,0.04137867443977033
long_emerging_break,1,20260817,fixed_nominal,2014,99318886.64680694,13296215.09961675,86022671.54719019,96386481.18648587,12095440.442757763,84291040.74372812,2932405.46032107,1200774.6568589879,1731630.8034620825,2000000.0,5000000.0,1.1698585600000002,1.0,46,16,1,long,emerging,True,2000000.0,5000000.0,2010,0.1338739845816044,0.34782608695652173,0.021739130434782608,0.09030950897399359
long_emerging_break,1,20260817,fixed_nominal,2015,107406502.98864019,27075276.509602696,80331226.4790375,95955479.06750616,20545692.33821752,75409786.72928864,11451023.921134029,6529584.17138518,4921439.7497488465,2000000.0,5000000.0,1.2166529024000003,1.0,42,22,2,long,emerging,True,2000000.0,5000000.0,2010,0.25208228325305687,0.5238095238095238,0.047619047619047616,0.24116408078304777
long_emerging_break,1,20260817,fixed_nominal,2016,126023895.16715546,33433688.830538653,92590206.3366168,101942781.19665965,21092845.26627986,80849935.9303798,24081113.970495794,12340843.564258792,11740270.406237,2000000.0,5000000.0,1.2653190184960004,1.0,43,27,3,long,emerging,True,2000000.0,5000000.0,2010,0.26529642482636256,0.627906976744186,0.06976744186046512,0.36911402827278056
long_emerging_break,1,20260817,fixed_nominal,2017,123142679.20410606,23091093.76971632,100051585.43438973,91402894.51542695,7834077.975470649,83568816.5399563,31739784.688679095,15257015.79424567,16482768.89443343,2000000.0,5000000.0,1.3159317792358405,1.0,50,34,1,long,emerging,True,2000000.0,5000000.0,2010,0.18751495353973402,0.68,0.02,0.6607316200090554
long_emerging_break,1,20260817,fixed_nominal,2018,141941755.86288297,40992235.900815435,100949519.96206754,125581396.26090746,34400478.71888766,91180917.54201978,16360359.601975529,6591757.18192778,9768602.420047745,2000000.0,5000000.0,1.368569050405274,1.0,43,26,3,long,emerging,True,2000000.0,5000000.0,2010,0.28879617313184647,0.6046511627906976,0.06976744186046512,0.1608050167811572
long_emerging_break,1,20260817,fixed_nominal,2019,123314391.8981964,37644881.93037008,85669509.9678263,94779712.57297848,20307034.24599098,74472678.3269875,28534679.325217906,17337847.6843791,11196831.640838807,2000000.0,5000000.0,1.4233118124214852,1.0,44,31,0,long,emerging,True,2000000.0,5000000.0,2010,0.3052756564006595,0.7045454545454546,0.0,0.46056321059654487
long_emerging_break,1,20260817,fixed_nominal,2020,87740366.94462302,15725788.063956074,72014578.88066694,62199259.38809503,4323805.236746985,57875454.15134804,25541107.556527983,11401982.827209089,14139124.729318893,2000000.0,5000000.0,1.4802442849183446,1.0,37,22,0,long,emerging,True,2000000.0,5000000.0,2010,0.1792309356750393,0.5945945945945946,0.0,0.7250500121734909
long_emerging_break,1,20260817,fixed_nominal,2021,122370784.73052126,35108969.3288136,87261815.40170768,70533539.03429,11024069.58783853,59509469.44645147,51837245.69623125,24084899.740975067,27752345.955256194,2000000.0,5000000.0,1.5690589420134453,1.0,41,38,2,long,emerging,True,2000000.0,5000000.0,2010,0.2869064655107736,0.926829268292683,0.04878048780487805,0.6860041807381916
long_emerging_break,1,20260817,fixed_nominal,2022,196253120.10165805,70530822.49204469,125722297.60961339,73279157.54219663,10407967.647056269,62871189.895140365,122973962.55946144,60122854.84498842,62851107.714473024,2000000.0,5000000.0,1.663202478534252,1.0,57,55,1,long,emerging,True,2000000.0,5000000.0,2010,0.3593870123211805,0.9649122807017544,0.017543859649122806,0.8524337689634882
long_emerging_break,1,20260817,fixed_nominal,2023,220286800.82171866,84317235.17766397,135969565.64405468,38893336.98305976,7206148.806494959,31687188.1765648,181393463.83865887,77111086.371169,104282377.46748988,2000000.0,5000000.0,1.7629946272463073,1.0,51,51,6,long,emerging,True,2000000.0,5000000.0,2010,0.3827611770797976,1.0,0.11764705882352941,0.914535281057177
long_emerging_break,1,20260817,fixed_nominal,2024,197802184.2454843,73354558.7916142,124447625.45387006,5826465.713369143,0.0,5826465.713369143,191975718.53211513,73354558.7916142,118621159.74050091,2000000.0,5000000.0,1.8687743048810859,1.0,58,58,3,long,emerging,True,2000000.0,5000000.0,2010,0.3708480726409817,1.0,0.05172413793103448,1.0
long_emerging_break,1,20260817,fully_indexed,2010,75592098.39811766,7296131.809069,68295966.58904865,75592098.39811766,7296131.809069,68295966.58904865,0.0,0.0,0.0,2000000.0,5000000.0,1.0,1.0,43,7,0,long,emerging,True,2000000.0,5000000.0,2010,0.09651976811971505,0.16279069767441862,0.0,0.0
long_emerging_break,1,20260817,fully_indexed,2011,81692269.50757337,8459454.753323762,73232814.7542496,81692269.50757337,8459454.753323762,73232814.7542496,0.0,0.0,0.0,2080000.0,5200000.0,1.04,1.04,45,11,0,long,emerging,True,2000000.0,5000000.0,2010,0.10355269604230447,0.24444444444444444,0.0,0.0
long_emerging_break,1,20260817,fully_indexed,2012,94821665.24742806,10551050.345767356,84270614.90166071,94292791.60506101,10551050.345767355,83741741.25929366,528873.6423670566,0.0,528873.6423670566,2163200.0000000005,5408000.000000001,1.0816000000000001,1.0816000000000001,50,7,0,long,emerging,True,2000000.0,5000000.0,2010,0.11127256959931468,0.14,0.0,0.0
long_emerging_break,1,20260817,fully_indexed,2013,89411187.41541943,5128894.621475253,84282292.79394418,88481729.61480784,4892847.975844492,83588881.63896334,929457.8006115966,236046.64563076105,693411.1549808355,2249728.0,5624320.0,1.124864,1.124864,47,8,0,long,emerging,True,2000000.0,5000000.0,2010,0.05736300758031034,0.1702127659574468,0.0,0.046022908063349056
long_emerging_break,1,20260817,fully_indexed,2014,99318886.64680694,10664131.925486408,88654754.72132054,96386481.18648587,9513192.278672576,86873288.9078133,2932405.46032107,1150939.6468138313,1781465.8135072389,2339717.1200000006,5849292.800000001,1.1698585600000002,1.1698585600000002,46,8,1,long,emerging,True,2000000.0,5000000.0,2010,0.10737264870285632,0.17391304347826086,0.021739130434782608,0.10792623861518247
long_emerging_break,1,20260817,fully_indexed,2015,107406502.98864019,20881506.84538447,86524996.14325573,95955479.06750616,14364309.768363692,81591169.29914246,11451023.921134029,6517197.0770207755,4933826.844113251,2433305.8048000005,6083264.512000002,1.2166529024000003,1.2166529024000003,42,15,0,long,emerging,True,2000000.0,5000000.0,2010,0.1944156663176437,0.35714285714285715,0.0,0.3121037732227308
long_emerging_break,1,20260817,fully_indexed,2016,126023895.16715546,26851684.808488637,99172210.3586668,101942781.19665965,17321438.10105715,84621343.09560251,24081113.970495794,9530246.707431488,14550867.263064303,2530638.036992001,6326595.092480002,1.2653190184960004,1.2653190184960004,43,11,1,long,emerging,True,2000000.0,5000000.0,2010,0.21306820244583874,0.2558139534883721,0.023255813953488372,0.3549217404942384
long_emerging_break,1,20260817,fully_indexed,2017,123142679.20410606,11069160.919626653,112073518.2844794,91402894.51542695,5089810.503599377,86313084.01182757,31739784.688679095,5979350.416027276,25760434.27265182,2631863.558471681,6579658.896179202,1.3159317792358405,1.3159317792358405,50,13,1,long,emerging,True,2000000.0,5000000.0,2010,0.08988890765710711,0.26,0.02,0.540181000117663
long_emerging_break,1,20260817,fully_indexed,2018,141941755.86288297,32431400.584915217,109510355.27796775,125581396.26090746,27861920.750754774,97719475.51015267,16360359.601975529,4569479.834160442,11790879.767815083,2737138.1008105483,6842845.252026371,1.368569050405274,1.368569050405274,43,14,2,long,emerging,True,2000000.0,5000000.0,2010,0.2284838621853054,0.32558139534883723,0.046511627906976744,0.140896777559642
long_emerging_break,1,20260817,fully_indexed,2019,123314391.8981964,21940029.607299082,101374362.29089731,94779712.57297848,9037526.213577967,85742186.35940051,28534679.325217906,12902503.393721117,15632175.931496792,2846623.62484297,7116559.062107426,1.4233118124214852,1.4233118124214852,44,14,0,long,emerging,True,2000000.0,5000000.0,2010,0.17791945667957332,0.3181818181818182,0.0,0.5880804914423939
long_emerging_break,1,20260817,fully_indexed,2020,87740366.94462302,3159689.787712699,84580677.1569103,62199259.38809503,290066.0507330317,61909193.33736199,25541107.556527983,2869623.736979667,22671483.819548316,2960488.569836689,7401221.424591723,1.4802442849183446,1.4802442849183446,37,8,0,long,emerging,True,2000000.0,5000000.0,2010,0.0360118141482919,0.21621621621621623,0.0,0.9081979339044512
long_emerging_break,1,20260817,fully_indexed,2021,122370784.73052126,16752329.988317993,105618454.74220327,70533539.03429,6026713.947113227,64506825.08717678,51837245.69623125,10725616.041204765,41111629.655026495,3138117.8840268906,7845294.710067227,1.5690589420134453,1.5690589420134453,41,11,1,long,emerging,True,2000000.0,5000000.0,2010,0.13689811686023853,0.2682926829268293,0.024390243902439025,0.6402462253718813
long_emerging_break,1,20260817,fully_indexed,2022,196253120.10165805,30149049.952606983,166104070.14905107,73279157.54219663,2856705.388991163,70422452.15320547,122973962.55946144,27292344.56361582,95681617.99584562,3326404.9570685043,8316012.39267126,1.663202478534252,1.663202478534252,57,19,1,long,emerging,True,2000000.0,5000000.0,2010,0.1536232898462452,0.3333333333333333,0.017543859649122806,0.905247250129547
long_emerging_break,1,20260817,fully_indexed,2023,220286800.82171866,54855852.03886223,165430948.7828564,38893336.98305976,2996339.6045737965,35896997.37848596,181393463.83865887,51859512.43428844,129533951.40437043,3525989.2544926144,8814973.136231536,1.7629946272463073,1.7629946272463073,51,20,3,long,emerging,True,2000000.0,5000000.0,2010,0.24902014934275554,0.39215686274509803,0.058823529411764705,0.9453779406716525
long_emerging_break,1,20260817,fully_indexed,2024,197802184.2454843,29737341.243071765,168064843.0024125,5826465.713369143,0.0,5826465.713369143,191975718.53211513,29737341.243071765,162238377.28904337,3737548.6097621717,9343871.52440543,1.8687743048810859,1.8687743048810859,58,12,0,long,emerging,True,2000000.0,5000000.0,2010,0.15033879103259018,0.20689655172413793,0.0,1.0
long_shock_break,1,20260817,fixed_nominal,2010,75605230.77258846,7296131.809069,68309098.96351945,75605230.77258846,7296131.809069,68309098.96351945,0.0,0.0,0.0,2000000.0,5000000.0,1.0,1.0,43,7,0,long,shock,True,2000000.0,5000000.0,2010,0.09650300296040226,0.16279069767441862,0.0,0.0
long_shock_break,1,20260817,fixed_nominal,2011,81793175.64181542,9390159.777910784,72403015.86390464,81793175.64181542,9390159.777910784,72403015.86390464,0.0,0.0,0.0,2000000.0,5000000.0,1.04,1.0,45,11,0,long,shock,True,2000000.0,5000000.0,2010,0.11480370708470473,0.24444444444444444,0.0,0.0
long_shock_break,1,20260817,fixed_nominal,2012,95092790.57646354,11972759.31697794,83120031.2594856,94501952.07086167,11825601.584931312,82676350.48593035,590838.5056018649,147157.73204663256,443680.7735552323,2000000.0,5000000.0,1.0816000000000001,1.0,50,11,0,long,shock,True,2000000.0,5000000.0,2010,0.12590606758301742,0.22,0.0,0.012291045710570322
long_shock_break,1,20260817,fixed_nominal,2013,89955320.47943519,8053449.4766734885,81901871.00276169,88914484.67390344,7690180.8725284785,81224303.80137494,1040835.8055317628,363268.60414501,677567.2013867528,2000000.0,5000000.0,1.124864,1.0,47,14,0,long,shock,True,2000000.0,5000000.0,2010,0.0895272167755169,0.2978723404255319,0.0,0.0451072059491034
long_shock_break,1,20260817,fixed_nominal,2014,100675115.7947371,13888274.985268377,86786840.80946872,97391237.44802903,12492937.900850743,84898299.5471783,3283878.3467080663,1395337.0844176353,1888541.2622904307,2000000.0,5000000.0,1.1698585600000002,1.0,46,16,1,long,shock,True,2000000.0,5000000.0,2010,0.137951418040429,0.34782608695652173,0.021739130434782608,0.10046871090165643
long_shock_break,1,20260817,fixed_nominal,2015,110200243.27156109,28429109.696143765,81771133.57541731,97346308.86597706,21405096.67177973,75941212.19419733,12853934.405584028,7024013.024364031,5829921.381219996,2000000.0,5000000.0,1.2166529024000003,1.0,42,22,2,long,shock,True,2000000.0,5000000.0,2010,0.25797683246567155,0.5238095238095238,0.047619047619047616,0.2470711569738955
long_shock_break,1,20260817,fixed_nominal,2016,130329991.37615134,35784025.54471223,94545965.8314391,103315805.19494446,21702934.343026392,81612870.85191806,27014186.181206886,14081091.201685844,12933094.979521038,2000000.0,5000000.0,1.2653190184960004,1.0,43,28,3,long,shock,True,2000000.0,5000000.0,2010,0.27456478103673254,0.6511627906976745,0.06976744186046512,0.39350215598553845
long_shock_break,1,20260817,fixed_nominal,2017,128405667.73384523,26869164.477747843,101536503.25609738,92699518.00373094,8199742.410621299,84499775.59310964,35706149.73011429,18669422.067126542,17036727.662987746,2000000.0,5000000.0,1.3159317792358405,1.0,50,37,1,long,shock,True,2000000.0,5000000.0,2010,0.2092521689419606,0.74,0.02,0.6948270417038067
long_shock_break,1,20260817,fixed_nominal,2018,145627058.79582626,42827719.03004068,102799339.76578559,127248128.63526596,35087566.41343607,92160562.22182989,18378930.160560317,7740152.616604608,10638777.543955706,2000000.0,5000000.0,1.368569050405274,1.0,43,28,3,long,shock,True,2000000.0,5000000.0,2010,0.29409176690223826,0.6511627906976745,0.06976744186046512,0.18072764069399602
long_shock_break,1,20260817,fixed_nominal,2019,129239279.9808335,42882506.385846294,86356773.59498724,97166138.4959691,21479233.08649749,75686905.40947162,32073141.48486443,21403273.2993488,10669868.185515627,2000000.0,5000000.0,1.4233118124214852,1.0,44,34,0,long,shock,True,2000000.0,5000000.0,2010,0.3318070666457278,0.7727272727272727,0.0,0.4991143266386388
long_shock_break,1,20260817,fixed_nominal,2020,92839077.49020608,19679195.643664446,73159881.84654164,64125726.385471866,5050339.340405032,59075387.04506684,28713351.104734216,14628856.303259414,14084494.8014748,2000000.0,5000000.0,1.4802442849183446,1.0,37,27,0,long,shock,True,2000000.0,5000000.0,2010,0.21197103822730762,0.7297297297297297,0.0,0.743366576975368
long_shock_break,1,20260817,fixed_nominal,2021,132170865.3569547,43306611.02644398,88864254.3305107,73882210.3111126,12389263.896929953,61492946.41418265,58288655.045842096,30917347.12951403,27371307.916328073,2000000.0,5000000.0,1.5690589420134453,1.0,41,41,2,long,shock,True,2000000.0,5000000.0,2010,0.3276562569934421,1.0,0.04878048780487805,0.7139174919652617
long_shock_break,1,20260817,fixed_nominal,2022,216920680.6210246,88660579.96699551,128260100.6540291,78623067.78376688,12707180.650801098,65915887.13296577,138297612.83725774,75953399.31619442,62344213.521063335,2000000.0,5000000.0,1.663202478534252,1.0,57,57,2,long,shock,True,2000000.0,5000000.0,2010,0.4087235007430742,1.0,0.03508771929824561,0.8566760937551793
long_shock_break,1,20260817,fixed_nominal,2023,246507822.92417318,101436339.18264988,145071483.74152333,42320424.36676682,8365189.328582255,33955235.03818457,204187398.55740637,93071149.85406762,111116248.70333876,2000000.0,5000000.0,1.8627867759583625,1.0,51,51,7,long,shock,True,2000000.0,5000000.0,2010,0.41149338783399225,1.0,0.13725490196078433,0.9175326180342569
long_shock_break,1,20260817,fixed_nominal,2024,222609353.81026256,93891026.35043643,128718327.45982614,6388577.571084714,0.0,6388577.571084714,216220776.23917788,93891026.35043645,122329749.88874143,2000000.0,5000000.0,2.049065453554199,1.0,58,58,4,long,shock,True,2000000.0,5000000.0,2010,0.42177484792693354,1.0,0.06896551724137931,1.0000000000000002
long_shock_break,1,20260817,fully_indexed,2010,75605230.77258846,7296131.809069,68309098.96351945,75605230.77258846,7296131.809069,68309098.96351945,0.0,0.0,0.0,2000000.0,5000000.0,1.0,1.0,43,7,0,long,shock,True,2000000.0,5000000.0,2010,0.09650300296040226,0.16279069767441862,0.0,0.0
long_shock_break,1,20260817,fully_indexed,2011,81793175.64181542,8510159.777910784,73283015.86390464,81793175.64181542,8510159.777910784,73283015.86390464,0.0,0.0,0.0,2080000.0,5200000.0,1.04,1.04,45,11,0,long,shock,True,2000000.0,5000000.0,2010,0.10404486329248358,0.24444444444444444,0.0,0.0
long_shock_break,1,20260817,fully_indexed,2012,95092790.57646354,10633096.24481384,84459694.3316497,94501952.07086167,10633096.24481384,83868855.82604782,590838.5056018649,0.0,590838.5056018649,2163200.0000000005,5408000.000000001,1.0816000000000001,1.0816000000000001,50,7,0,long,shock,True,2000000.0,5000000.0,2010,0.11181811134529523,0.14,0.0,0.0
long_shock_break,1,20260817,fully_indexed,2013,89955320.47943519,5308712.852708668,84646607.62672652,88914484.67390344,5008620.239789884,83905864.43411353,1040835.8055317628,300092.61291878484,740743.1926129779,2249728.0,5624320.0,1.124864,1.124864,47,8,0,long,shock,True,2000000.0,5000000.0,2010,0.059014995715815394,0.1702127659574468,0.0,0.056528318868418054
long_shock_break,1,20260817,fully_indexed,2014,100675115.7947371,11034527.857464429,89640587.93727267,97391237.44802903,9726071.664622162,87665165.78340687,3283878.3467080663,1308456.192842267,1975422.1538657993,2339717.1200000006,5849292.800000001,1.1698585600000002,1.1698585600000002,46,9,1,long,shock,True,2000000.0,5000000.0,2010,0.10960531577596924,0.1956521739130435,0.021739130434782608,0.1185783578367739
long_shock_break,1,20260817,fully_indexed,2015,110200243.27156109,22471915.66829755,87728327.60326353,97346308.86597706,14999777.348177675,82346531.51779938,12853934.405584028,7472138.32011988,5381796.085464147,2433305.8048000005,6083264.512000002,1.2166529024000003,1.2166529024000003,42,15,1,long,shock,True,2000000.0,5000000.0,2010,0.2039189297697021,0.35714285714285715,0.023809523809523808,0.33251007303579655
long_shock_break,1,20260817,fully_indexed,2016,130329991.37615134,28676865.129523195,101653126.24662814,103315805.19494446,17801189.396765158,85514615.7981793,27014186.181206886,10875675.732758034,16138510.448448846,2530638.036992001,6326595.092480002,1.2653190184960004,1.2653190184960004,43,12,1,long,shock,True,2000000.0,5000000.0,2010,0.2200327401753414,0.27906976744186046,0.023255813953488372,0.37924911539795153
long_shock_break,1,20260817,fully_indexed,2017,128405667.73384523,12623834.288119819,115781833.44572543,92699518.00373094,5278443.495635936,87421074.508095,35706149.73011429,7345390.792483881,28360758.937630408,2631863.558471681,6579658.896179202,1.3159317792358405,1.3159317792358405,50,13,1,long,shock,True,2000000.0,5000000.0,2010,0.0983121268002442,0.26,0.02,0.5818668579479505
long_shock_break,1,20260817,fully_indexed,2018,145627058.79582626,33591048.309058465,112036010.4867678,127248128.63526596,28270247.344416864,98977881.29084909,18378930.160560317,5320800.964641601,13058129.195918713,2737138.1008105483,6842845.252026371,1.368569050405274,1.368569050405274,43,14,2,long,shock,True,2000000.0,5000000.0,2010,0.23066488183459213,0.32558139534883723,0.046511627906976744,0.15839937222818812
long_shock_break,1,20260817,fully_indexed,2019,129239279.9808335,24975227.458814785,104264052.52201875,97166138.4959691,9994100.300996352,87172038.19497274,32073141.48486443,14981127.15781843,17092014.327046,2846623.62484297,7116559.062107426,1.4233118124214852,1.4233118124214852,44,14,0,long,shock,True,2000000.0,5000000.0,2010,0.19324796193942487,0.3181818181818182,0.0,0.599839468229987
long_shock_break,1,20260817,fully_indexed,2020,92839077.49020608,4781151.782913826,88057925.70729226,64125726.385471866,369363.3229154558,63756363.062556416,28713351.104734216,4411788.459998371,24301562.644735843,2960488.569836689,7401221.424591723,1.4802442849183446,1.4802442849183446,37,9,0,long,shock,True,2000000.0,5000000.0,2010,0.05149934609613292,0.24324324324324326,0.0,0.9227459533421567
long_shock_break,1,20260817,fully_indexed,2021,132170865.3569547,20332466.541448865,111838398.81550583,73882210.3111126,6622948.85702992,67259261.45408267,58288655.045842096,13709517.684418945,44579137.36142316,3138117.8840268906,7845294.710067227,1.5690589420134453,1.5690589420134453,41,14,1,long,shock,True,2000000.0,5000000.0,2010,0.1538347084778241,0.34146341463414637,0.024390243902439025,0.6742673180586
long_shock_break,1,20260817,fully_indexed,2022,216920680.6210246,39404324.955114,177516355.6659106,78623067.78376688,3994810.541217177,74628257.2425497,138297612.83725774,35409514.41389682,102888098.42336091,3326404.9570685043,8316012.39267126,1.663202478534252,1.663202478534252,57,24,1,long,shock,True,2000000.0,5000000.0,2010,0.18165315009294145,0.42105263157894735,0.017543859649122806,0.8986199980391055
long_shock_break,1,20260817,fully_indexed,2023,246507822.92417318,64014260.6854314,182493562.23874182,42320424.36676682,3479063.8342794552,38841360.53248737,204187398.55740637,60535196.85115194,143652201.70625442,3725573.551916725,9313933.879791813,1.8627867759583625,1.8627867759583625,51,24,3,long,shock,True,2000000.0,5000000.0,2010,0.2596844997699016,0.47058823529411764,0.058823529411764705,0.9456517376436524
long_shock_break,1,20260817,fully_indexed,2024,222609353.81026256,34889114.23322412,187720239.57703847,6388577.571084714,0.0,6388577.571084714,216220776.23917788,34889114.23322412,181331662.00595376,4098130.9071083977,10245327.267770994,2.049065453554199,2.049065453554199,58,13,0,long,shock,True,2000000.0,5000000.0,2010,0.1567279794673915,0.22413793103448276,0.0,1.0
short_stable_no_break,2,20260818,fixed_nominal,2010,100943046.00465211,9648612.582402777,91294433.42224932,100943046.00465211,9648612.582402777,91294433.42224932,0.0,0.0,0.0,2000000.0,5000000.0,1.0,1.0,48,8,1,short,stable,False,2000000.0,5000000.0,2010,0.09558471796024569,0.16666666666666666,0.020833333333333332,0.0
short_stable_no_break,2,20260818,fixed_nominal,2011,71099488.64180025,3423075.5278990786,67676413.11390118,71099488.64180025,3423075.5278990786,67676413.11390118,0.0,0.0,0.0,2000000.0,5000000.0,1.04,1.0,47,5,0,short,stable,False,2000000.0,5000000.0,2010,0.048144868455307153,0.10638297872340426,0.0,0.0
short_stable_no_break,2,20260818,fixed_nominal,2012,94771118.35293978,12897504.3010323,81873614.05190746,94771118.35293978,12897504.3010323,81873614.05190746,0.0,0.0,0.0,2000000.0,5000000.0,1.0816000000000001,1.0,53,15,0,short,stable,False,2000000.0,5000000.0,2010,0.1360910847648789,0.2830188679245283,0.0,0.0
short_stable_no_break,2,20260818,fixed_nominal,2013,109784937.55539246,15149394.207195394,94635543.34819707,109784937.55539246,15149394.207195394,94635543.34819707,0.0,0.0,0.0,2000000.0,5000000.0,1.124864,1.0,62,14,0,short,stable,False,2000000.0,5000000.0,2010,0.1379915546206118,0.22580645161290322,0.0,0.0
short_stable_no_break,2,20260818,fixed_nominal,2014,79389272.90081796,9456843.335244043,69932429.56557393,79389272.90081796,9456843.335244043,69932429.56557393,0.0,0.0,0.0,2000000.0,5000000.0,1.1698585600000002,1.0,43,11,0,short,stable,False,2000000.0,5000000.0,2010,0.11911991368227542,0.2558139534883721,0.0,0.0
short_stable_no_break,2,20260818,fixed_nominal,2015,73233737.82550472,7994383.674314359,65239354.15119036,73233737.82550472,7994383.674314359,65239354.15119036,0.0,0.0,0.0,2000000.0,5000000.0,1.2166529024000003,1.0,40,11,0,short,stable,False,2000000.0,5000000.0,2010,0.1091625787743173,0.275,0.0,0.0
short_stable_no_break,2,20260818,fixed_nominal,2016,118490531.7024014,22104445.11818981,96386086.58421159,118490531.7024014,22104445.11818981,96386086.58421159,0.0,0.0,0.0,2000000.0,5000000.0,1.2653190184960004,1.0,55,23,0,short,stable,False,2000000.0,5000000.0,2010,0.18655030744318812,0.41818181818181815,0.0,0.0
short_stable_no_break,2,20260818,fixed_nominal,2017,98136366.60950151,16751348.48836752,81385018.121134,98136366.60950151,16751348.48836752,81385018.121134,0.0,0.0,0.0,2000000.0,5000000.0,1.3159317792358405,1.0,46,18,0,short,stable,False,2000000.0,5000000.0,2010,0.17069460656744614,0.391304347826087,0.0,0.0
short_stable_no_break,2,20260818,fixed_nominal,2018,112579962.46143603,23160143.758270204,89419818.7031658,112579962.46143603,23160143.758270204,89419818.7031658,0.0,0.0,0.0,2000000.0,5000000.0,1.368569050405274,1.0,48,21,2,short,stable,False,2000000.0,5000000.0,2010,0.2057217221599594,0.4375,0.041666666666666664,0.0
short_stable_no_break,2,20260818,fixed_nominal,2019,126977128.72979382,41008377.469196916,85968751.26059693,126977128.72979382,41008377.469196916,85968751.26059693,0.0,0.0,0.0,2000000.0,5000000.0,1.4233118124214852,1.0,45,23,3,short,stable,False,2000000.0,5000000.0,2010,0.3229587712324349,0.5111111111111111,0.06666666666666667,0.0
short_stable_no_break,2,20260818,fixed_nominal,2020,136183485.03105626,33145574.869936902,103037910.16111933,136046468.57212326,33008558.41100394,103037910.16111934,137016.45893296108,137016.45893296087,2.0372681319713593e-10,2000000.0,5000000.0,1.4802442849183446,1.0,55,26,0,short,stable,False,2000000.0,5000000.0,2010,0.2433890927551028,0.4727272727272727,0.0,0.004133778323972744
short_stable_no_break,2,20260818,fixed_nominal,2021,134969710.88061017,27800477.70557498,107169233.17503518,130406715.51364517,26150858.376407284,104255857.13723788,4562995.366965,1649619.3291676873,2913376.037797312,2000000.0,5000000.0,1.5394540563150785,1.0,53,29,2,short,stable,False,2000000.0,5000000.0,2010,0.2059756779813093,0.5471698113207547,0.03773584905660377,0.05933780514990505
short_stable_no_break,2,20260818,fixed_nominal,2022,151761698.37794772,38747344.35826316,113014354.01968457,141095317.09704039,34508622.67912419,106586694.4179162,10666381.280907337,4238721.679138966,6427659.60176837,2000000.0,5000000.0,1.6010322185676817,1.0,56,30,3,short,stable,False,2000000.0,5000000.0,2010,0.25531701853893773,0.5357142857142857,0.05357142857142857,0.10939386296896053
short_stable_no_break,2,20260818,fixed_nominal,2023,120333782.70663041,36043057.2392295,84290725.46740091,99698347.67163788,22787413.852684632,76910933.81895325,20635435.034992523,13255643.386544872,7379791.648447652,2000000.0,5000000.0,1.665073507310389,1.0,41,27,1,short,stable,False,2000000.0,5000000.0,2010,0.2995256729118308,0.6585365853658537,0.024390243902439025,0.3677724477855153
short_stable_no_break,2,20260818,fixed_nominal,2024,138749113.10895368,40191828.069580935,98557285.03937274,67611427.89158502,5890754.997505812,61720672.8940792,71137685.21736866,34301073.07207512,36836612.14529355,2000000.0,5000000.0,1.7316764476028046,1.0,50,38,0,short,stable,False,2000000.0,5000000.0,2010,0.28967268452390055,0.76,0.0,0.8534340118267919
short_stable_no_break,2,20260818,fully_indexed,2010,100943046.00465211,9648612.582402777,91294433.42224932,100943046.00465211,9648612.582402777,91294433.42224932,0.0,0.0,0.0,2000000.0,5000000.0,1.0,1.0,48,8,1,short,stable,False,2000000.0,5000000.0,2010,0.09558471796024569,0.16666666666666666,0.020833333333333332,0.0
short_stable_no_break,2,20260818,fully_indexed,2011,71099488.64180025,3072303.334709107,68027185.30709115,71099488.64180025,3072303.334709107,68027185.30709115,0.0,0.0,0.0,2080000.0,5200000.0,1.04,1.04,47,4,0,short,stable,False,2000000.0,5000000.0,2010,0.043211328145936374,0.0851063829787234,0.0,0.0
short_stable_no_break,2,20260818,fully_indexed,2012,94771118.35293978,10935397.74728192,83835720.60565785,94771118.35293978,10935397.74728192,83835720.60565785,0.0,0.0,0.0,2163200.0000000005,5408000.000000001,1.0816000000000001,1.0816000000000001,53,10,0,short,stable,False,2000000.0,5000000.0,2010,0.11538745070578463,0.18867924528301888,0.0,0.0
short_stable_no_break,2,20260818,fully_indexed,2013,109784937.55539246,12270785.138535805,97514152.41685666,109784937.55539246,12270785.138535805,97514152.41685666,0.0,0.0,0.0,2249728.0,5624320.0,1.124864,1.124864,62,10,0,short,stable,False,2000000.0,5000000.0,2010,0.11177111734790146,0.16129032258064516,0.0,0.0
short_stable_no_break,2,20260818,fully_indexed,2014,79389272.90081796,6341429.778161535,73047843.12265643,79389272.90081796,6341429.778161535,73047843.12265643,0.0,0.0,0.0,2339717.1200000006,5849292.800000001,1.1698585600000002,1.1698585600000002,43,9,0,short,stable,False,2000000.0,5000000.0,2010,0.07987766541310896,0.20930232558139536,0.0,0.0
short_stable_no_break,2,20260818,fully_indexed,2015,73233737.82550472,4418317.079064298,68815420.74644041,73233737.82550472,4418317.079064298,68815420.74644041,0.0,0.0,0.0,2433305.8048000005,6083264.512000002,1.2166529024000003,1.2166529024000003,40,6,0,short,stable,False,2000000.0,5000000.0,2010,0.060331716095003894,0.15,0.0,0.0
short_stable_no_break,2,20260818,fully_indexed,2016,118490531.7024014,13501661.855278455,104988869.84712297,118490531.7024014,13501661.855278455,104988869.84712297,0.0,0.0,0.0,2530638.036992001,6326595.092480002,1.2653190184960004,1.2653190184960004,55,12,0,short,stable,False,2000000.0,5000000.0,2010,0.11394717924963807,0.21818181818181817,0.0,0.0
short_stable_no_break,2,20260818,fully_indexed,2017,98136366.60950151,10014881.143034283,88121485.46646723,98136366.60950151,10014881.143034283,88121485.46646723,0.0,0.0,0.0,2631863.558471681,6579658.896179202,1.3159317792358405,1.3159317792358405,46,7,0,short,stable,False,2000000.0,5000000.0,2010,0.10205066163581246,0.15217391304347827,0.0,0.0
short_stable_no_break,2,20260818,fully_indexed,2018,112579962.46143603,16316821.750374958,96263140.71106106,112579962.46143603,16316821.750374958,96263140.71106106,0.0,0.0,0.0,2737138.1008105483,6842845.252026371,1.368569050405274,1.368569050405274,48,9,0,short,stable,False,2000000.0,5000000.0,2010,0.14493539874792766,0.1875,0.0,0.0
short_stable_no_break,2,20260818,fully_indexed,2019,126977128.72979382,30923011.394854397,96054117.33493945,126977128.72979382,30923011.394854397,96054117.33493945,0.0,0.0,0.0,2846623.62484297,7116559.062107426,1.4233118124214852,1.4233118124214852,45,13,1,short,stable,False,2000000.0,5000000.0,2010,0.2435321360956136,0.28888888888888886,0.022222222222222223,0.0
short_stable_no_break,2,20260818,fully_indexed,2020,136183485.03105626,18183633.9926734,117999851.03838283,136046468.57212326,18183633.992673405,117862834.57944986,137016.45893296108,0.0,137016.45893296108,2960488.569836689,7401221.424591723,1.4802442849183446,1.4802442849183446,55,9,0,short,stable,False,2000000.0,5000000.0,2010,0.1335230478829843,0.16363636363636364,0.0,0.0
short_stable_no_break,2,20260818,fully_indexed,2021,134969710.88061017,18230169.35853414,116739541.52207603,130406715.51364517,16057369.792938031,114349345.72070713,4562995.366965,2172799.5655961046,2390195.8013688945,3078908.112630157,7697270.281575392,1.5394540563150785,1.5394540563150785,53,5,1,short,stable,False,2000000.0,5000000.0,2010,0.13506859605456187,0.09433962264150944,0.018867924528301886,0.11918702031031576
short_stable_no_break,2,20260818,fully_indexed,2022,151761698.37794772,23700056.313152272,128061642.06479543,141095317.09704039,19779142.042542312,121316175.05449808,10666381.280907337,3920914.270609961,6745467.010297374,3202064.4371353635,8005161.092838408,1.6010322185676817,1.6010322185676817,56,10,0,short,stable,False,2000000.0,5000000.0,2010,0.156166256482776,0.17857142857142858,0.0,0.16543902760408472
short_stable_no_break,2,20260818,fully_indexed,2023,120333782.70663041,18789605.273446433,101544177.43318397,99698347.67163788,9626449.812589075,90071897.8590488,20635435.034992523,9163155.460857358,11472279.574135166,3330147.014620778,8325367.536551945,1.665073507310389,1.665073507310389,41,11,0,short,stable,False,2000000.0,5000000.0,2010,0.15614572110024033,0.2682926829268293,0.0,0.48767152516007223
short_stable_no_break,2,20260818,fully_indexed,2024,138749113.10895368,12748779.056432331,126000334.05252135,67611427.89158502,456512.38430901896,67154915.507276,71137685.21736866,12292266.672123311,58845418.545245364,3463352.895205609,8658382.238014024,1.7316764476028046,1.7316764476028046,50,9,0,short,stable,False,2000000.0,5000000.0,2010,0.09188367961978441,0.18,0.0,0.9641916780980929
short_emerging_no_break,2,20260818,fixed_nominal,2010,100943046.00465211,9648612.582402777,91294433.42224932,100943046.00465211,9648612.582402777,91294433.42224932,0.0,0.0,0.0,2000000.0,5000000.0,1.0,1.0,48,8,1,short,emerging,False,2000000.0,5000000.0,2010,0.09558471796024569,0.16666666666666666,0.020833333333333332,0.0
short_emerging_no_break,2,20260818,fixed_nominal,2011,71099488.64180025,3423075.5278990786,67676413.11390118,71099488.64180025,3423075.5278990786,67676413.11390118,0.0,0.0,0.0,2000000.0,5000000.0,1.04,1.0,47,5,0,short,emerging,False,2000000.0,5000000.0,2010,0.048144868455307153,0.10638297872340426,0.0,0.0
short_emerging_no_break,2,20260818,fixed_nominal,2012,94771118.35293978,12897504.3010323,81873614.05190746,94771118.35293978,12897504.3010323,81873614.05190746,0.0,0.0,0.0,2000000.0,5000000.0,1.0816000000000001,1.0,53,15,0,short,emerging,False,2000000.0,5000000.0,2010,0.1360910847648789,0.2830188679245283,0.0,0.0
short_emerging_no_break,2,20260818,fixed_nominal,2013,109784937.55539246,15149394.207195394,94635543.34819707,109784937.55539246,15149394.207195394,94635543.34819707,0.0,0.0,0.0,2000000.0,5000000.0,1.124864,1.0,62,14,0,short,emerging,False,2000000.0,5000000.0,2010,0.1379915546206118,0.22580645161290322,0.0,0.0
short_emerging_no_break,2,20260818,fixed_nominal,2014,79389272.90081796,9456843.335244043,69932429.56557393,79389272.90081796,9456843.335244043,69932429.56557393,0.0,0.0,0.0,2000000.0,5000000.0,1.1698585600000002,1.0,43,11,0,short,emerging,False,2000000.0,5000000.0,2010,0.11911991368227542,0.2558139534883721,0.0,0.0
short_emerging_no_break,2,20260818,fixed_nominal,2015,73233737.82550472,7994383.674314359,65239354.15119036,73233737.82550472,7994383.674314359,65239354.15119036,0.0,0.0,0.0,2000000.0,5000000.0,1.2166529024000003,1.0,40,11,0,short,emerging,False,2000000.0,5000000.0,2010,0.1091625787743173,0.275,0.0,0.0
short_emerging_no_break,2,20260818,fixed_nominal,2016,118495660.52450931,22109573.940297708,96386086.58421159,118495660.52450931,22109573.940297708,96386086.58421159,0.0,0.0,0.0,2000000.0,5000000.0,1.2653190184960004,1.0,55,23,0,short,emerging,False,2000000.0,5000000.0,2010,0.18658551581072141,0.41818181818181815,0.0,0.0
short_emerging_no_break,2,20260818,fixed_nominal,2017,98142276.46712413,16753581.449533893,81388695.01759024,98142276.46712413,16753581.449533893,81388695.01759024,0.0,0.0,0.0,2000000.0,5000000.0,1.3159317792358405,1.0,46,18,0,short,emerging,False,2000000.0,5000000.0,2010,0.17070708009454047,0.391304347826087,0.0,0.0
short_emerging_no_break,2,20260818,fixed_nominal,2018,112805609.93348229,23291115.938706778,89514493.9947755,112805609.93348229,23291115.938706778,89514493.9947755,0.0,0.0,0.0,2000000.0,5000000.0,1.368569050405274,1.0,48,21,2,short,emerging,False,2000000.0,5000000.0,2010,0.20647125575085115,0.4375,0.041666666666666664,0.0
short_emerging_no_break,2,20260818,fixed_nominal,2019,127931488.72004718,41593159.32659572,86338329.39345144,127931488.72004718,41593159.32659572,86338329.39345144,0.0,0.0,0.0,2000000.0,5000000.0,1.4233118124214852,1.0,45,23,3,short,emerging,False,2000000.0,5000000.0,2010,0.32512057619851625,0.5111111111111111,0.06666666666666667,0.0
short_emerging_no_break,2,20260818,fixed_nominal,2020,138483548.67790067,34683818.37456781,103799730.30333285,138332841.00315252,34533110.69981967,103799730.30333285,150707.6747481308,150707.6747481306,2.0372681319713593e-10,2000000.0,5000000.0,1.4802442849183446,1.0,55,28,0,short,emerging,False,2000000.0,5000000.0,2010,0.25045443091033875,0.509090909090909,0.0,0.004345186943391395
short_emerging_no_break,2,20260818,fixed_nominal,2021,140570021.01275796,30860957.59660007,109709063.41615787,135530105.24716783,28788371.369836573,106741733.87733126,5039915.765590128,2072586.2267634997,2967329.5388266286,2000000.0,5000000.0,1.5690589420134453,1.0,53,33,2,short,emerging,False,2000000.0,5000000.0,2010,0.2195415307919686,0.6226415094339622,0.03773584905660377,0.06715884367087284
short_emerging_no_break,2,20260818,fixed_nominal,2022,159912042.79155117,43112529.24286027,116799513.54869089,148151599.33118257,37888593.493487895,110263005.83769467,11760443.460368596,5223935.749372383,6536507.710996214,2000000.0,5000000.0,1.663202478534252,1.0,56,35,3,short,emerging,False,2000000.0,5000000.0,2010,0.2696015164977812,0.625,0.05357142857142857,0.12116978152557593
short_emerging_no_break,2,20260818,fixed_nominal,2023,129073585.998786,42401742.30864485,86671843.69014114,106218612.47314334,26461507.41199936,79757105.061144,22854973.52564264,15940234.896645498,6914738.628997147,2000000.0,5000000.0,1.7629946272463073,1.0,41,33,1,short,emerging,False,2000000.0,5000000.0,2010,0.32850828448388864,0.8048780487804879,0.024390243902439025,0.3759334883131821
short_emerging_no_break,2,20260818,fixed_nominal,2024,152051900.9660846,52141234.10629345,99910666.85979113,72964264.96706359,7670450.386423156,65293814.580640435,79087635.999021,44470783.71987029,34616852.2791507,2000000.0,5000000.0,1.8687743048810859,1.0,50,47,0,short,emerging,False,2000000.0,5000000.0,2010,0.34291734450543715,0.94,0.0,0.8528908930159493
short_emerging_no_break,2,20260818,fully_indexed,2010,100943046.00465211,9648612.582402777,91294433.42224932,100943046.00465211,9648612.582402777,91294433.42224932,0.0,0.0,0.0,2000000.0,5000000.0,1.0,1.0,48,8,1,short,emerging,False,2000000.0,5000000.0,2010,0.09558471796024569,0.16666666666666666,0.020833333333333332,0.0
short_emerging_no_break,2,20260818,fully_indexed,2011,71099488.64180025,3072303.334709107,68027185.30709115,71099488.64180025,3072303.334709107,68027185.30709115,0.0,0.0,0.0,2080000.0,5200000.0,1.04,1.04,47,4,0,short,emerging,False,2000000.0,5000000.0,2010,0.043211328145936374,0.0851063829787234,0.0,0.0
short_emerging_no_break,2,20260818,fully_indexed,2012,94771118.35293978,10935397.74728192,83835720.60565785,94771118.35293978,10935397.74728192,83835720.60565785,0.0,0.0,0.0,2163200.0000000005,5408000.000000001,1.0816000000000001,1.0816000000000001,53,10,0,short,emerging,False,2000000.0,5000000.0,2010,0.11538745070578463,0.18867924528301888,0.0,0.0
short_emerging_no_break,2,20260818,fully_indexed,2013,109784937.55539246,12270785.138535805,97514152.41685666,109784937.55539246,12270785.138535805,97514152.41685666,0.0,0.0,0.0,2249728.0,5624320.0,1.124864,1.124864,62,10,0,short,emerging,False,2000000.0,5000000.0,2010,0.11177111734790146,0.16129032258064516,0.0,0.0
short_emerging_no_break,2,20260818,fully_indexed,2014,79389272.90081796,6341429.778161535,73047843.12265643,79389272.90081796,6341429.778161535,73047843.12265643,0.0,0.0,0.0,2339717.1200000006,5849292.800000001,1.1698585600000002,1.1698585600000002,43,9,0,short,emerging,False,2000000.0,5000000.0,2010,0.07987766541310896,0.20930232558139536,0.0,0.0
short_emerging_no_break,2,20260818,fully_indexed,2015,73233737.82550472,4418317.079064298,68815420.74644041,73233737.82550472,4418317.079064298,68815420.74644041,0.0,0.0,0.0,2433305.8048000005,6083264.512000002,1.2166529024000003,1.2166529024000003,40,6,0,short,emerging,False,2000000.0,5000000.0,2010,0.060331716095003894,0.15,0.0,0.0
short_emerging_no_break,2,20260818,fully_indexed,2016,118495660.52450931,13506790.677386349,104988869.84712297,118495660.52450931,13506790.677386349,104988869.84712297,0.0,0.0,0.0,2530638.036992001,6326595.092480002,1.2653190184960004,1.2653190184960004,55,12,0,short,emerging,False,2000000.0,5000000.0,2010,0.11398553008270411,0.21818181818181817,0.0,0.0
short_emerging_no_break,2,20260818,fully_indexed,2017,98142276.46712413,10014881.143034283,88127395.32408984,98142276.46712413,10014881.143034283,88127395.32408984,0.0,0.0,0.0,2631863.558471681,6579658.896179202,1.3159317792358405,1.3159317792358405,46,7,0,short,emerging,False,2000000.0,5000000.0,2010,0.10204451642599797,0.15217391304347827,0.0,0.0
short_emerging_no_break,2,20260818,fully_indexed,2018,112805609.93348229,16379148.761944775,96426461.17153752,112805609.93348229,16379148.761944775,96426461.17153752,0.0,0.0,0.0,2737138.1008105483,6842845.252026371,1.368569050405274,1.368569050405274,48,9,0,short,emerging,False,2000000.0,5000000.0,2010,0.14519799832298247,0.1875,0.0,0.0
short_emerging_no_break,2,20260818,fully_indexed,2019,127931488.72004718,31453816.407377064,96477672.3126701,127931488.72004718,31453816.407377064,96477672.3126701,0.0,0.0,0.0,2846623.62484297,7116559.062107426,1.4233118124214852,1.4233118124214852,45,13,1,short,emerging,False,2000000.0,5000000.0,2010,0.24586453829367635,0.28888888888888886,0.022222222222222223,0.0
short_emerging_no_break,2,20260818,fully_indexed,2020,138483548.67790067,19011329.174766738,119472219.50313391,138332841.00315252,19011329.17476674,119321511.82838577,150707.6747481308,0.0,150707.6747481308,2960488.569836689,7401221.424591723,1.4802442849183446,1.4802442849183446,55,10,0,short,emerging,False,2000000.0,5000000.0,2010,0.13728222129103038,0.18181818181818182,0.0,0.0
short_emerging_no_break,2,20260818,fully_indexed,2021,140570021.01275796,19059265.55594188,121510755.45681608,135530105.24716783,17219362.720800467,118310742.52636737,5039915.765590128,1839902.8351414101,3200012.9304487184,3138117.8840268906,7845294.710067227,1.5690589420134453,1.5690589420134453,53,5,1,short,emerging,False,2000000.0,5000000.0,2010,0.13558556382524894,0.09433962264150944,0.018867924528301886,0.09653587278801547
short_emerging_no_break,2,20260818,fully_indexed,2022,159912042.79155117,25492135.774911128,134419907.01664004,148151599.33118257,21169950.95114044,126981648.38004214,11760443.460368596,4322184.823770689,7438258.636597908,3326404.9570685043,8316012.39267126,1.663202478534252,1.663202478534252,56,10,0,short,emerging,False,2000000.0,5000000.0,2010,0.1594134833743615,0.17857142857142858,0.0,0.16954973337402746
short_emerging_no_break,2,20260818,fully_indexed,2023,129073585.998786,20599513.558178727,108474072.44060726,106218612.47314334,10395329.307126015,95823283.16601732,22854973.52564264,10204184.251052711,12650789.274589933,3525989.2544926144,8814973.136231536,1.7629946272463073,1.7629946272463073,41,11,1,short,emerging,False,2000000.0,5000000.0,2010,0.15959511311921307,0.2682926829268293,0.024390243902439025,0.4953604473345097
short_emerging_no_break,2,20260818,fully_indexed,2024,152051900.9660846,14545995.543306917,137505905.42277768,72964264.96706359,492654.7420782228,72471610.22498538,79087635.999021,14053340.801228695,65034295.1977923,3737548.6097621717,9343871.52440543,1.8687743048810859,1.8687743048810859,50,9,0,short,emerging,False,2000000.0,5000000.0,2010,0.09566467404147366,0.18,0.0,0.9661312461830838
short_shock_no_break,2,20260818,fixed_nominal,2010,100943046.00465211,9648612.582402777,91294433.42224932,100943046.00465211,9648612.582402777,91294433.42224932,0.0,0.0,0.0,2000000.0,5000000.0,1.0,1.0,48,8,1,short,shock,False,2000000.0,5000000.0,2010,0.09558471796024569,0.16666666666666666,0.020833333333333332,0.0
short_shock_no_break,2,20260818,fixed_nominal,2011,71099488.64180025,3423075.5278990786,67676413.11390118,71099488.64180025,3423075.5278990786,67676413.11390118,0.0,0.0,0.0,2000000.0,5000000.0,1.04,1.0,47,5,0,short,shock,False,2000000.0,5000000.0,2010,0.048144868455307153,0.10638297872340426,0.0,0.0
short_shock_no_break,2,20260818,fixed_nominal,2012,94771118.35293978,12897504.3010323,81873614.05190746,94771118.35293978,12897504.3010323,81873614.05190746,0.0,0.0,0.0,2000000.0,5000000.0,1.0816000000000001,1.0,53,15,0,short,shock,False,2000000.0,5000000.0,2010,0.1360910847648789,0.2830188679245283,0.0,0.0
short_shock_no_break,2,20260818,fixed_nominal,2013,109784937.55539246,15149394.207195394,94635543.34819707,109784937.55539246,15149394.207195394,94635543.34819707,0.0,0.0,0.0,2000000.0,5000000.0,1.124864,1.0,62,14,0,short,shock,False,2000000.0,5000000.0,2010,0.1379915546206118,0.22580645161290322,0.0,0.0
short_shock_no_break,2,20260818,fixed_nominal,2014,79389272.90081796,9456843.335244043,69932429.56557393,79389272.90081796,9456843.335244043,69932429.56557393,0.0,0.0,0.0,2000000.0,5000000.0,1.1698585600000002,1.0,43,11,0,short,shock,False,2000000.0,5000000.0,2010,0.11911991368227542,0.2558139534883721,0.0,0.0
short_shock_no_break,2,20260818,fixed_nominal,2015,73233737.82550472,7994383.674314359,65239354.15119036,73233737.82550472,7994383.674314359,65239354.15119036,0.0,0.0,0.0,2000000.0,5000000.0,1.2166529024000003,1.0,40,11,0,short,shock,False,2000000.0,5000000.0,2010,0.1091625787743173,0.275,0.0,0.0
short_shock_no_break,2,20260818,fixed_nominal,2016,118495660.52450931,22109573.940297708,96386086.58421159,118495660.52450931,22109573.940297708,96386086.58421159,0.0,0.0,0.0,2000000.0,5000000.0,1.2653190184960004,1.0,55,23,0,short,shock,False,2000000.0,5000000.0,2010,0.18658551581072141,0.41818181818181815,0.0,0.0
short_shock_no_break,2,20260818,fixed_nominal,2017,98142276.46712413,16753581.449533893,81388695.01759024,98142276.46712413,16753581.449533893,81388695.01759024,0.0,0.0,0.0,2000000.0,5000000.0,1.3159317792358405,1.0,46,18,0,short,shock,False,2000000.0,5000000.0,2010,0.17070708009454047,0.391304347826087,0.0,0.0
short_shock_no_break,2,20260818,fixed_nominal,2018,112826501.49013217,23306255.108271956,89520246.3818602,112826501.49013217,23306255.108271956,89520246.3818602,0.0,0.0,0.0,2000000.0,5000000.0,1.368569050405274,1.0,48,21,2,short,shock,False,2000000.0,5000000.0,2010,0.20656720540351353,0.4375,0.041666666666666664,0.0
short_shock_no_break,2,20260818,fixed_nominal,2019,128113229.9357093,41727549.88510992,86385680.05059937,128113229.9357093,41727549.88510992,86385680.05059937,0.0,0.0,0.0,2000000.0,5000000.0,1.4233118124214852,1.0,45,23,3,short,shock,False,2000000.0,5000000.0,2010,0.3257083589731516,0.5111111111111111,0.06666666666666667,0.0
short_shock_no_break,2,20260818,fixed_nominal,2020,139248985.9456063,35234770.49671104,104014215.44889528,139080620.7819873,35066405.33309202,104014215.44889528,168365.16361902186,168365.16361902189,-2.9103830456733704e-11,2000000.0,5000000.0,1.4802442849183446,1.0,55,28,0,short,shock,False,2000000.0,5000000.0,2010,0.25303430583311043,0.509090909090909,0.0,0.004778381162855532
short_shock_no_break,2,20260818,fixed_nominal,2021,144120759.12121165,32728881.100599945,111391878.0206117,138478635.04245025,30159214.109561846,108319420.93288839,5642124.078761427,2569666.9910381045,3072457.0877233227,2000000.0,5000000.0,1.5690589420134453,1.0,53,33,2,short,shock,False,2000000.0,5000000.0,2010,0.2270934548233511,0.6226415094339622,0.03773584905660377,0.07851374396636494
short_shock_no_break,2,20260818,fixed_nominal,2022,165710569.47928822,46489829.02823437,119220740.45105386,152559113.12166208,39866832.561149724,112692280.56051236,13151456.357626153,6622996.4670846565,6528459.890541493,2000000.0,5000000.0,1.663202478534252,1.0,56,39,3,short,shock,False,2000000.0,5000000.0,2010,0.2805483631751385,0.6964285714285714,0.05357142857142857,0.14246119216877212
short_shock_no_break,2,20260818,fixed_nominal,2023,139236989.74941343,50823470.677533895,88413519.07187955,113619609.10112467,31070996.861031756,82548612.24009292,25617380.648288753,19752473.81650214,5864906.831786614,2000000.0,5000000.0,1.8627867759583625,1.0,41,39,1,short,shock,False,2000000.0,5000000.0,2010,0.3650141443663895,0.9512195121951219,0.024390243902439025,0.388648660809258
short_shock_no_break,2,20260818,fixed_nominal,2024,168692980.073926,67450695.41919345,101242284.65473254,80003537.23693694,10713507.96027468,69290029.27666226,88689442.83698907,56737187.45891878,31952255.37807029,2000000.0,5000000.0,2.049065453554199,1.0,50,50,2,short,shock,False,2000000.0,5000000.0,2010,0.3998429299763076,1.0,0.04,0.8411653446463047
short_shock_no_break,2,20260818,fully_indexed,2010,100943046.00465211,9648612.582402777,91294433.42224932,100943046.00465211,9648612.582402777,91294433.42224932,0.0,0.0,0.0,2000000.0,5000000.0,1.0,1.0,48,8,1,short,shock,False,2000000.0,5000000.0,2010,0.09558471796024569,0.16666666666666666,0.020833333333333332,0.0
short_shock_no_break,2,20260818,fully_indexed,2011,71099488.64180025,3072303.334709107,68027185.30709115,71099488.64180025,3072303.334709107,68027185.30709115,0.0,0.0,0.0,2080000.0,5200000.0,1.04,1.04,47,4,0,short,shock,False,2000000.0,5000000.0,2010,0.043211328145936374,0.0851063829787234,0.0,0.0
short_shock_no_break,2,20260818,fully_indexed,2012,94771118.35293978,10935397.74728192,83835720.60565785,94771118.35293978,10935397.74728192,83835720.60565785,0.0,0.0,0.0,2163200.0000000005,5408000.000000001,1.0816000000000001,1.0816000000000001,53,10,0,short,shock,False,2000000.0,5000000.0,2010,0.11538745070578463,0.18867924528301888,0.0,0.0
short_shock_no_break,2,20260818,fully_indexed,2013,109784937.55539246,12270785.138535805,97514152.41685666,109784937.55539246,12270785.138535805,97514152.41685666,0.0,0.0,0.0,2249728.0,5624320.0,1.124864,1.124864,62,10,0,short,shock,False,2000000.0,5000000.0,2010,0.11177111734790146,0.16129032258064516,0.0,0.0
short_shock_no_break,2,20260818,fully_indexed,2014,79389272.90081796,6341429.778161535,73047843.12265643,79389272.90081796,6341429.778161535,73047843.12265643,0.0,0.0,0.0,2339717.1200000006,5849292.800000001,1.1698585600000002,1.1698585600000002,43,9,0,short,shock,False,2000000.0,5000000.0,2010,0.07987766541310896,0.20930232558139536,0.0,0.0
short_shock_no_break,2,20260818,fully_indexed,2015,73233737.82550472,4418317.079064298,68815420.74644041,73233737.82550472,4418317.079064298,68815420.74644041,0.0,0.0,0.0,2433305.8048000005,6083264.512000002,1.2166529024000003,1.2166529024000003,40,6,0,short,shock,False,2000000.0,5000000.0,2010,0.060331716095003894,0.15,0.0,0.0
short_shock_no_break,2,20260818,fully_indexed,2016,118495660.52450931,13506790.677386349,104988869.84712297,118495660.52450931,13506790.677386349,104988869.84712297,0.0,0.0,0.0,2530638.036992001,6326595.092480002,1.2653190184960004,1.2653190184960004,55,12,0,short,shock,False,2000000.0,5000000.0,2010,0.11398553008270411,0.21818181818181817,0.0,0.0
short_shock_no_break,2,20260818,fully_indexed,2017,98142276.46712413,10014881.143034283,88127395.32408984,98142276.46712413,10014881.143034283,88127395.32408984,0.0,0.0,0.0,2631863.558471681,6579658.896179202,1.3159317792358405,1.3159317792358405,46,7,0,short,shock,False,2000000.0,5000000.0,2010,0.10204451642599797,0.15217391304347827,0.0,0.0
short_shock_no_break,2,20260818,fully_indexed,2018,112826501.49013217,16379148.761944775,96447352.72818738,112826501.49013217,16379148.761944775,96447352.72818738,0.0,0.0,0.0,2737138.1008105483,6842845.252026371,1.368569050405274,1.368569050405274,48,9,0,short,shock,False,2000000.0,5000000.0,2010,0.14517111268736183,0.1875,0.0,0.0
short_shock_no_break,2,20260818,fully_indexed,2019,128113229.9357093,31578021.29315332,96535208.64255597,128113229.9357093,31578021.29315332,96535208.64255597,0.0,0.0,0.0,2846623.62484297,7116559.062107426,1.4233118124214852,1.4233118124214852,45,13,1,short,shock,False,2000000.0,5000000.0,2010,0.246485248315104,0.28888888888888886,0.022222222222222223,0.0
short_shock_no_break,2,20260818,fully_indexed,2020,139248985.9456063,19293346.605464857,119955639.34014148,139080620.7819873,19293346.605464857,119787274.17652245,168365.16361902186,0.0,168365.16361902186,2960488.569836689,7401221.424591723,1.4802442849183446,1.4802442849183446,55,10,0,short,shock,False,2000000.0,5000000.0,2010,0.13855286969918232,0.18181818181818182,0.0,0.0
short_shock_no_break,2,20260818,fully_indexed,2021,144120759.12121165,19619127.956459545,124501631.16475213,138478635.04245025,18303059.860721424,120175575.18172881,5642124.078761427,1316068.095738118,4326055.983023309,3138117.8840268906,7845294.710067227,1.5690589420134453,1.5690589420134453,53,6,1,short,shock,False,2000000.0,5000000.0,2010,0.1361297850225659,0.11320754716981132,0.018867924528301886,0.06708086611488795
short_shock_no_break,2,20260818,fully_indexed,2022,165710569.47928822,27752209.7913419,137958359.68794632,152559113.12166208,22918327.2113197,129640785.91034238,13151456.357626153,4833882.5800222065,8317573.777603943,3326404.9570685043,8316012.39267126,1.663202478534252,1.663202478534252,56,10,0,short,shock,False,2000000.0,5000000.0,2010,0.16747398719675866,0.17857142857142858,0.0,0.1741800965172249
short_shock_no_break,2,20260818,fully_indexed,2023,139236989.74941343,22913754.388107516,116323235.36130592,113619609.10112467,11412215.37630681,102207393.72481787,25617380.648288753,11501539.01180071,14115841.636488045,3725573.551916725,9313933.879791813,1.8627867759583625,1.8627867759583625,41,11,1,short,shock,False,2000000.0,5000000.0,2010,0.16456657407881117,0.2682926829268293,0.024390243902439025,0.5019491270173574
short_shock_no_break,2,20260818,fully_indexed,2024,168692980.073926,16616142.857528755,152076837.21639723,80003537.23693694,540183.9108582865,79463353.32607865,88689442.83698907,16075958.946670469,72613483.8903186,4098130.9071083977,10245327.267770994,2.049065453554199,2.049065453554199,50,9,0,short,shock,False,2000000.0,5000000.0,2010,0.0984993142586437,0.18,0.0,0.9674904148640291
long_stable_no_break,2,20260818,fixed_nominal,2010,119503413.09514488,13191537.941265352,106311875.15387952,119503413.09514488,13191537.941265352,106311875.15387952,0.0,0.0,0.0,2000000.0,5000000.0,1.0,1.0,48,13,1,long,stable,False,2000000.0,5000000.0,2010,0.11038628604492377,0.2708333333333333,0.020833333333333332,0.0
long_stable_no_break,2,20260818,fixed_nominal,2011,83093321.15438688,7302687.717153436,75790633.43723345,83093321.15438688,7302687.717153436,75790633.43723345,0.0,0.0,0.0,2000000.0,5000000.0,1.04,1.0,47,12,0,long,stable,False,2000000.0,5000000.0,2010,0.0878853753310099,0.2553191489361702,0.0,0.0
long_stable_no_break,2,20260818,fixed_nominal,2012,109889895.42830361,20199666.36856288,89690229.05974075,109889895.42830361,20199666.36856288,89690229.05974075,0.0,0.0,0.0,2000000.0,5000000.0,1.0816000000000001,1.0,53,17,0,long,stable,False,2000000.0,5000000.0,2010,0.18381732269225717,0.32075471698113206,0.0,0.0
long_stable_no_break,2,20260818,fixed_nominal,2013,128207799.41253123,22563720.5153905,105644078.89714074,127761614.46521217,22553972.609775253,105207641.85543692,446184.9473190704,9747.905615249416,436437.041703821,2000000.0,5000000.0,1.124864,1.0,62,20,1,long,stable,False,2000000.0,5000000.0,2010,0.17599335312501346,0.3225806451612903,0.016129032258064516,0.000432016768183264
long_stable_no_break,2,20260818,fixed_nominal,2014,92614252.00890289,16277597.840204196,76336654.1686987,89515562.6021814,13783523.408857264,75732039.19332415,3098689.406721486,2494074.431346935,604614.9753745508,2000000.0,5000000.0,1.1698585600000002,1.0,43,17,0,long,stable,False,2000000.0,5000000.0,2010,0.17575694331191544,0.3953488372093023,0.0,0.15322128337553573
long_stable_no_break,2,20260818,fixed_nominal,2015,85290144.17994979,13760238.598627,71529905.58132277,79218793.43142524,10690329.905641686,68528463.52578357,6071350.748524531,3069908.692985313,3001442.055539218,2000000.0,5000000.0,1.2166529024000003,1.0,40,15,0,long,stable,False,2000000.0,5000000.0,2010,0.1613344511365217,0.375,0.0,0.2230999608750701
long_stable_no_break,2,20260818,fixed_nominal,2016,137831979.25146005,33964944.62094086,103867034.63051918,114677732.21695073,19636243.813177813,95041488.40377292,23154247.034509316,14328700.807763044,8825546.226746274,2000000.0,5000000.0,1.2653190184960004,1.0,55,29,0,long,stable,False,2000000.0,5000000.0,2010,0.24642281715316128,0.5272727272727272,0.0,0.42186733903663665
long_stable_no_break,2,20260818,fixed_nominal,2017,113579553.60170504,26140693.800303712,87438859.80140132,88698445.25479782,12563582.677558867,76134862.57723895,24881108.346907232,13577111.122744845,11303997.224162387,2000000.0,5000000.0,1.3159317792358405,1.0,46,27,0,long,stable,False,2000000.0,5000000.0,2010,0.23015316552460277,0.5869565217391305,0.0,0.5193860280245164
long_stable_no_break,2,20260818,fixed_nominal,2018,131846359.84280857,33778230.07836315,98068129.76444542,89977381.3780266,14330175.674300488,75647205.70372611,41868978.464781985,19448054.404062662,22420924.06071931,2000000.0,5000000.0,1.368569050405274,1.0,48,32,2,long,stable,False,2000000.0,5000000.0,2010,0.25619387686269557,0.6666666666666666,0.041666666666666664,0.5757570588791812
long_stable_no_break,2,20260818,fixed_nominal,2019,148718570.7931784,53035515.24249902,95683055.5506794,87728560.0794667,21909993.681246877,65818566.39821984,60990010.71371171,31125521.561252154,29864489.152459558,2000000.0,5000000.0,1.4233118124214852,1.0,45,29,3,long,stable,False,2000000.0,5000000.0,2010,0.356616628035345,0.6444444444444445,0.06666666666666667,0.5868807235855851
long_stable_no_break,2,20260818,fixed_nominal,2020,159243906.67379218,50186539.90803632,109057366.76575588,80200000.42421551,11072064.637650814,69127935.78656471,79043906.24957669,39114475.270385504,39929430.97919117,2000000.0,5000000.0,1.4802442849183446,1.0,55,45,1,long,stable,False,2000000.0,5000000.0,2010,0.31515516641300695,0.8181818181818182,0.01818181818181818,0.7793817892618283
long_stable_no_break,2,20260818,fixed_nominal,2021,159166969.8646388,42523809.18466314,116643160.67997569,50910352.49895195,1813665.7920039895,49096686.70694796,108256617.3656869,40710143.39265915,67546473.9730277,2000000.0,5000000.0,1.5394540563150785,1.0,53,43,2,long,stable,False,2000000.0,5000000.0,2010,0.2671647843822552,0.8113207547169812,0.03773584905660377,0.9573494043271619
long_stable_no_break,2,20260818,fixed_nominal,2022,176129731.2054283,53336912.2794328,122792818.9259955,53281851.2294034,2881368.994457013,50400482.234946385,122847879.97602491,50455543.2849758,72392336.69104911,2000000.0,5000000.0,1.6010322185676817,1.0,56,48,3,long,stable,False,2000000.0,5000000.0,2010,0.3028274210969157,0.8571428571428571,0.05357142857142857,0.9459779565160901
long_stable_no_break,2,20260818,fixed_nominal,2023,139565452.76697028,50841282.87949553,88724169.88747478,19456999.451895315,0.0,19456999.451895315,120108453.315075,50841282.87949553,69267170.43557948,2000000.0,5000000.0,1.665073507310389,1.0,41,39,1,long,stable,False,2000000.0,5000000.0,2010,0.36428272091363634,0.9512195121951219,0.024390243902439025,1.0
long_stable_no_break,2,20260818,fixed_nominal,2024,162133053.0135074,61765322.89968629,100367730.11382109,3022430.0012010993,0.0,3022430.0012010993,159110623.0123063,61765322.89968629,97345300.11262,2000000.0,5000000.0,1.7316764476028046,1.0,50,50,2,long,stable,False,2000000.0,5000000.0,2010,0.38095454166610054,1.0,0.04,1.0
long_stable_no_break,2,20260818,fully_indexed,2010,119503413.09514488,13191537.941265352,106311875.15387952,119503413.09514488,13191537.941265352,106311875.15387952,0.0,0.0,0.0,2000000.0,5000000.0,1.0,1.0,48,13,1,long,stable,False,2000000.0,5000000.0,2010,0.11038628604492377,0.2708333333333333,0.020833333333333332,0.0
long_stable_no_break,2,20260818,fully_indexed,2011,83093321.15438688,6399548.007025199,76693773.14736168,83093321.15438688,6399548.007025199,76693773.14736168,0.0,0.0,0.0,2080000.0,5200000.0,1.04,1.04,47,10,0,long,stable,False,2000000.0,5000000.0,2010,0.07701639455636727,0.2127659574468085,0.0,0.0
long_stable_no_break,2,20260818,fully_indexed,2012,109889895.42830361,17473893.642384514,92416001.7859191,109889895.42830361,17473893.642384514,92416001.7859191,0.0,0.0,0.0,2163200.0000000005,5408000.000000001,1.0816000000000001,1.0816000000000001,53,15,0,long,stable,False,2000000.0,5000000.0,2010,0.15901274247535482,0.2830188679245283,0.0,0.0
long_stable_no_break,2,20260818,fully_indexed,2013,128207799.41253123,19155020.84282521,109052778.56970604,127761614.46521217,19155020.84282521,108606593.62238696,446184.9473190704,0.0,446184.9473190704,2249728.0,5624320.0,1.124864,1.124864,62,16,0,long,stable,False,2000000.0,5000000.0,2010,0.14940604963657905,0.25806451612903225,0.0,0.0
long_stable_no_break,2,20260818,fully_indexed,2014,92614252.00890289,11471641.170972021,81142610.83793089,89515562.6021814,9481783.521200906,80033779.08098051,3098689.406721486,1989857.6497711139,1108831.7569503721,2339717.1200000006,5849292.800000001,1.1698585600000002,1.1698585600000002,43,11,0,long,stable,False,2000000.0,5000000.0,2010,0.12386474999408587,0.2558139534883721,0.0,0.17345884691776042
long_stable_no_break,2,20260818,fully_indexed,2015,85290144.17994979,8408852.706309844,76881291.47363994,79218793.43142524,6511844.742876688,72706948.68854856,6071350.748524531,1897007.9634331558,4174342.785091375,2433305.8048000005,6083264.512000002,1.2166529024000003,1.2166529024000003,40,9,0,long,stable,False,2000000.0,5000000.0,2010,0.09859114188584778,0.225,0.0,0.22559652662362334
long_stable_no_break,2,20260818,fully_indexed,2016,137831979.25146005,21412103.252139628,116419875.99932042,114677732.21695073,11553644.165099617,103124088.05185112,23154247.034509316,9858459.087040013,13295787.947469305,2530638.036992001,6326595.092480002,1.2653190184960004,1.2653190184960004,55,19,0,long,stable,False,2000000.0,5000000.0,2010,0.15534931275328698,0.34545454545454546,0.0,0.46041526004947203
long_stable_no_break,2,20260818,fully_indexed,2017,113579553.60170504,14759959.838450326,98819593.76325472,88698445.25479782,7758822.821139626,80939622.43365818,24881108.346907232,7001137.017310701,17879971.32959653,2631863.558471681,6579658.896179202,1.3159317792358405,1.3159317792358405,46,9,0,long,stable,False,2000000.0,5000000.0,2010,0.12995261356819376,0.1956521739130435,0.0,0.47433306688765103
long_stable_no_break,2,20260818,fully_indexed,2018,131846359.84280857,22682192.739176974,109164167.1036316,89977381.3780266,10431798.775551705,79545582.6024749,41868978.464781985,12250393.96362527,29618584.501156703,2737138.1008105483,6842845.252026371,1.368569050405274,1.368569050405274,48,13,1,long,stable,False,2000000.0,5000000.0,2010,0.17203503203440282,0.2708333333333333,0.020833333333333332,0.540088610677672
long_stable_no_break,2,20260818,fully_indexed,2019,148718570.7931784,41393681.61959943,107324889.17357899,87728560.0794667,14916245.863348756,72812314.21611795,60990010.71371171,26477435.756250672,34512574.95746104,2846623.62484297,7116559.062107426,1.4233118124214852,1.4233118124214852,45,15,1,long,stable,False,2000000.0,5000000.0,2010,0.2783356604278107,0.3333333333333333,0.022222222222222223,0.6396492102242461
long_stable_no_break,2,20260818,fully_indexed,2020,159243906.67379218,26755937.80545384,132487968.86833836,80200000.42421551,5565163.114304325,74634837.30991119,79043906.24957669,21190774.691149518,57853131.55842715,2960488.569836689,7401221.424591723,1.4802442849183446,1.4802442849183446,55,14,0,long,stable,False,2000000.0,5000000.0,2010,0.16801859715902864,0.2545454545454545,0.0,0.7920026890939349
long_stable_no_break,2,20260818,fully_indexed,2021,159166969.8646388,22839721.509622306,136327248.35501653,50910352.49895195,0.0,50910352.49895195,108256617.3656869,22839721.509622306,85416895.85606456,3078908.112630157,7697270.281575392,1.5394540563150785,1.5394540563150785,53,12,2,long,stable,False,2000000.0,5000000.0,2010,0.1434953591756255,0.22641509433962265,0.03773584905660377,1.0
long_stable_no_break,2,20260818,fully_indexed,2022,176129731.2054283,33162815.349282134,142966915.85614616,53281851.2294034,1372015.1953438674,51909836.03405953,122847879.97602491,31790800.153938267,91057079.82208663,3202064.4371353635,8005161.092838408,1.6010322185676817,1.6010322185676817,56,14,1,long,stable,False,2000000.0,5000000.0,2010,0.18828629966284793,0.25,0.017857142857142856,0.9586279035451806
long_stable_no_break,2,20260818,fully_indexed,2023,139565452.76697028,26093431.925378356,113472020.84159195,19456999.451895315,0.0,19456999.451895315,120108453.315075,26093431.92537836,94015021.38969663,3330147.014620778,8325367.536551945,1.665073507310389,1.665073507310389,41,13,1,long,stable,False,2000000.0,5000000.0,2010,0.18696196951365932,0.3170731707317073,0.024390243902439025,1.0000000000000002
long_stable_no_break,2,20260818,fully_indexed,2024,162133053.0135074,21388989.08417327,140744063.9293341,3022430.0012010993,0.0,3022430.0012010993,159110623.0123063,21388989.08417327,137721633.928133,3463352.895205609,8658382.238014024,1.7316764476028046,1.7316764476028046,50,15,0,long,stable,False,2000000.0,5000000.0,2010,0.13192244694480243,0.3,0.0,1.0
long_emerging_no_break,2,20260818,fixed_nominal,2010,119799760.53614914,13232542.394763185,106567218.14138597,119799760.53614914,13232542.394763185,106567218.14138597,0.0,0.0,0.0,2000000.0,5000000.0,1.0,1.0,48,14,1,long,emerging,False,2000000.0,5000000.0,2010,0.11045549953975337,0.2916666666666667,0.020833333333333332,0.0
long_emerging_no_break,2,20260818,fixed_nominal,2011,83284250.41085848,7400394.067277408,75883856.34358108,83284250.41085848,7400394.067277408,75883856.34358108,0.0,0.0,0.0,2000000.0,5000000.0,1.04,1.0,47,12,0,long,emerging,False,2000000.0,5000000.0,2010,0.08885706518062814,0.2553191489361702,0.0,0.0
long_emerging_no_break,2,20260818,fixed_nominal,2012,110419378.27978,20489498.787100293,89929879.49267969,110419378.27978,20489498.787100293,89929879.49267969,0.0,0.0,0.0,2000000.0,5000000.0,1.0816000000000001,1.0,53,17,0,long,emerging,False,2000000.0,5000000.0,2010,0.18556071503304533,0.32075471698113206,0.0,0.0
long_emerging_no_break,2,20260818,fixed_nominal,2013,129452055.90716045,23178405.956219815,106273649.95094062,128961286.42996228,23118433.9681822,105842852.46178007,490769.47719817364,59971.98803761625,430797.4891605574,2000000.0,5000000.0,1.124864,1.0,62,20,1,long,emerging,False,2000000.0,5000000.0,2010,0.17905011854614922,0.3225806451612903,0.016129032258064516,0.0025874077859751633
long_emerging_no_break,2,20260818,fixed_nominal,2014,94140615.2593604,17249415.084388226,76891200.17497218,90708467.20627813,14403057.332172345,76305409.87410578,3432148.0530822733,2846357.7522158804,585790.3008663929,2000000.0,5000000.0,1.1698585600000002,1.0,43,17,0,long,emerging,False,2000000.0,5000000.0,2010,0.18323032027000818,0.3953488372093023,0.0,0.16501184175178252
long_emerging_no_break,2,20260818,fixed_nominal,2015,87283138.47275746,14853921.92016815,72429216.55258933,80539700.14341313,11340185.568317808,69199514.57509533,6743438.329344339,3513736.3518503434,3229701.977493995,2000000.0,5000000.0,1.2166529024000003,1.0,40,17,0,long,emerging,False,2000000.0,5000000.0,2010,0.17018088693962707,0.425,0.0,0.23655276840249925
long_emerging_no_break,2,20260818,fixed_nominal,2016,142369880.39110976,37046515.24994096,105323365.1411688,116573527.459187,20683977.78812438,95889549.6710626,25796352.931922782,16362537.46181658,9433815.4701062,2000000.0,5000000.0,1.2653190184960004,1.0,55,32,1,long,emerging,False,2000000.0,5000000.0,2010,0.2602131514627185,0.5818181818181818,0.01818181818181818,0.4416754815243427
long_emerging_no_break,2,20260818,fixed_nominal,2017,118212269.7040788,29574719.8441312,88637549.85994759,90319294.79346101,13221028.75340709,77098266.0400539,27892974.910617795,16353691.090724107,11539283.819893682,2000000.0,5000000.0,1.3159317792358405,1.0,46,32,0,long,emerging,False,2000000.0,5000000.0,2010,0.25018316557296216,0.6956521739130435,0.0,0.5529618260769198
long_emerging_no_break,2,20260818,fixed_nominal,2018,140235949.08167264,39831350.260595925,100404598.82107672,92511435.40184602,15144513.520767402,77366921.88107863,47724513.67982662,24686836.73982852,23037676.939998098,2000000.0,5000000.0,1.368569050405274,1.0,48,38,2,long,emerging,False,2000000.0,5000000.0,2010,0.28403095298623016,0.7916666666666666,0.041666666666666664,0.6197840790813094
long_emerging_no_break,2,20260818,fixed_nominal,2019,161219606.40205342,61116966.096211515,100102640.3058419,91063348.8670918,23232778.565966245,67830570.30112557,70156257.53496158,37884187.530245274,32272070.004716333,2000000.0,5000000.0,1.4233118124214852,1.0,45,35,4,long,emerging,False,2000000.0,5000000.0,2010,0.3790913987458605,0.7777777777777778,0.08888888888888889,0.6198636802521783
long_emerging_no_break,2,20260818,fixed_nominal,2020,175520673.07290125,63085452.13126291,112435220.94163835,84071233.48632175,12151409.140444685,71919824.34587707,91449439.5865795,50934042.99081822,40515396.59576127,2000000.0,5000000.0,1.4802442849183446,1.0,55,50,4,long,emerging,False,2000000.0,5000000.0,2010,0.35941892784937546,0.9090909090909091,0.07272727272727272,0.8073817539555543
long_emerging_no_break,2,20260818,fixed_nominal,2021,180482856.65841842,58399562.94448808,122083293.71393034,53899877.02790976,2215972.630175485,51683904.39773428,126582979.63050866,56183590.31431259,70399389.31619607,2000000.0,5000000.0,1.5690589420134453,1.0,53,52,2,long,emerging,False,2000000.0,5000000.0,2010,0.3235740170880329,0.9811320754716981,0.03773584905660377,0.9620549792079457
long_emerging_no_break,2,20260818,fixed_nominal,2022,200391979.33179915,72177401.68277559,128214577.64902356,56903002.518020034,3591357.215407905,53311645.30261213,143488976.81377912,68586044.46736768,74902932.34641144,2000000.0,5000000.0,1.663202478534252,1.0,56,56,3,long,emerging,False,2000000.0,5000000.0,2010,0.3601810906975863,1.0,0.05357142857142857,0.9502426364529973
long_emerging_no_break,2,20260818,fixed_nominal,2023,161556073.33155078,70088601.69851185,91467471.63303891,20937960.474031877,0.0,20937960.474031877,140618112.8575189,70088601.69851185,70529511.15900706,2000000.0,5000000.0,1.7629946272463073,1.0,41,41,2,long,emerging,False,2000000.0,5000000.0,2010,0.43383452106237863,1.0,0.04878048780487805,1.0
long_emerging_no_break,2,20260818,fixed_nominal,2024,192516690.25807875,88259525.4038381,104257164.85424064,3261717.5872347853,0.0,3261717.5872347853,189254972.67084396,88259525.4038381,100995447.26700586,2000000.0,5000000.0,1.8687743048810859,1.0,50,50,3,long,emerging,False,2000000.0,5000000.0,2010,0.4584512921218496,1.0,0.06,1.0
long_emerging_no_break,2,20260818,fully_indexed,2010,119799760.53614914,13232542.394763185,106567218.14138597,119799760.53614914,13232542.394763185,106567218.14138597,0.0,0.0,0.0,2000000.0,5000000.0,1.0,1.0,48,14,1,long,emerging,False,2000000.0,5000000.0,2010,0.11045549953975337,0.2916666666666667,0.020833333333333332,0.0
long_emerging_no_break,2,20260818,fully_indexed,2011,83284250.41085848,6484693.165066707,76799557.2457918,83284250.41085848,6484693.165066707,76799557.2457918,0.0,0.0,0.0,2080000.0,5200000.0,1.04,1.04,47,10,0,long,emerging,False,2000000.0,5000000.0,2010,0.07786217842000583,0.2127659574468085,0.0,0.0
long_emerging_no_break,2,20260818,fully_indexed,2012,110419378.27978,17753697.913555656,92665680.36622432,110419378.27978,17753697.913555656,92665680.36622432,0.0,0.0,0.0,2163200.0000000005,5408000.000000001,1.0816000000000001,1.0816000000000001,53,15,0,long,emerging,False,2000000.0,5000000.0,2010,0.1607842589782695,0.2830188679245283,0.0,0.0
long_emerging_no_break,2,20260818,fully_indexed,2013,129452055.90716045,19711735.661807887,109740320.24535257,128961286.42996228,19711735.661807887,109249550.76815438,490769.47719817364,0.0,490769.47719817364,2249728.0,5624320.0,1.124864,1.124864,62,16,0,long,emerging,False,2000000.0,5000000.0,2010,0.15227054930625913,0.25806451612903225,0.0,0.0
long_emerging_no_break,2,20260818,fully_indexed,2014,94140615.2593604,12237573.21502951,81903042.0443309,90708467.20627813,9986365.63019482,80722101.57608332,3432148.0530822733,2251207.5848346897,1180940.4682475836,2339717.1200000006,5849292.800000001,1.1698585600000002,1.1698585600000002,43,12,0,long,emerging,False,2000000.0,5000000.0,2010,0.12999249241482652,0.27906976744186046,0.0,0.18395866118863186
long_emerging_no_break,2,20260818,fully_indexed,2015,87283138.47275746,9164125.183311097,78119013.28944637,80539700.14341313,6894334.628202874,73645365.51521026,6743438.329344339,2269790.555108222,4473647.774236116,2433305.8048000005,6083264.512000002,1.2166529024000003,1.2166529024000003,40,9,0,long,emerging,False,2000000.0,5000000.0,2010,0.10499307590974602,0.225,0.0,0.2476821856647884
long_emerging_no_break,2,20260818,fully_indexed,2016,142369880.39110976,23897008.49974984,118472871.89135993,116573527.459187,12265160.668066792,104308366.79112019,25796352.931922782,11631847.831683042,14164505.100239735,2530638.036992001,6326595.092480002,1.2653190184960004,1.2653190184960004,55,20,0,long,emerging,False,2000000.0,5000000.0,2010,0.16785157390103475,0.36363636363636365,0.0,0.4867491189035149
long_emerging_no_break,2,20260818,fully_indexed,2017,118212269.7040788,16500626.740102638,101711642.96397614,90319294.79346101,8128942.010443677,82190352.78301732,27892974.910617795,8371684.729658959,19521290.180958834,2631863.558471681,6579658.896179202,1.3159317792358405,1.3159317792358405,46,13,0,long,emerging,False,2000000.0,5000000.0,2010,0.13958472146257506,0.2826086956521739,0.0,0.5073555605807786
long_emerging_no_break,2,20260818,fully_indexed,2018,140235949.08167264,26475760.249280542,113760188.8323921,92511435.40184602,11002012.779030243,81509422.62281577,47724513.67982662,15473747.470250303,32250766.209576316,2737138.1008105483,6842845.252026371,1.368569050405274,1.368569050405274,48,16,1,long,emerging,False,2000000.0,5000000.0,2010,0.18879438847638993,0.3333333333333333,0.020833333333333332,0.5844495993527057
long_emerging_no_break,2,20260818,fully_indexed,2019,161219606.40205342,48831140.833146736,112388465.56890668,91063348.8670918,16358529.104481844,74704819.76260997,70156257.53496158,32472611.728664894,37683645.806296706,2846623.62484297,7116559.062107426,1.4233118124214852,1.4233118124214852,45,20,2,long,emerging,False,2000000.0,5000000.0,2010,0.30288587053965654,0.4444444444444444,0.044444444444444446,0.6649980150908614
long_emerging_no_break,2,20260818,fully_indexed,2020,175520673.07290125,34230839.784199476,141289833.28870177,84071233.48632175,6406200.016878197,77665033.46944354,91449439.5865795,27824639.767321277,63624799.81925821,2960488.569836689,7401221.424591723,1.4802442849183446,1.4802442849183446,55,18,0,long,emerging,False,2000000.0,5000000.0,2010,0.19502454716534698,0.32727272727272727,0.0,0.8128529695074784
long_emerging_no_break,2,20260818,fully_indexed,2021,180482856.65841842,28628936.589050546,151853920.0693679,53899877.02790976,97749.73155058268,53802127.29635918,126582979.63050866,28531186.857499965,98051792.7730087,3138117.8840268906,7845294.710067227,1.5690589420134453,1.5690589420134453,53,17,2,long,emerging,False,2000000.0,5000000.0,2010,0.15862413261351258,0.32075471698113206,0.03773584905660377,0.9965856317699217
long_emerging_no_break,2,20260818,fully_indexed,2022,200391979.33179915,41473387.34366111,158918591.98813802,56903002.518020034,1550815.7475591754,55352186.77046086,143488976.81377912,39922571.596101925,103566405.21767718,3326404.9570685043,8316012.39267126,1.663202478534252,1.663202478534252,56,18,3,long,emerging,False,2000000.0,5000000.0,2010,0.2069613139305916,0.32142857142857145,0.05357142857142857,0.9626069668554282
long_emerging_no_break,2,20260818,fully_indexed,2023,161556073.33155078,34195250.49185404,127360822.83969674,20937960.474031877,0.0,20937960.474031877,140618112.8575189,34195250.49185404,106422862.36566487,3525989.2544926144,8814973.136231536,1.7629946272463073,1.7629946272463073,41,18,1,long,emerging,False,2000000.0,5000000.0,2010,0.2116618074869733,0.43902439024390244,0.024390243902439025,1.0
long_emerging_no_break,2,20260818,fully_indexed,2024,192516690.25807875,31330187.00539709,161186503.25268167,3261717.5872347853,0.0,3261717.5872347853,189254972.67084396,31330187.00539709,157924785.66544688,3737548.6097621717,9343871.52440543,1.8687743048810859,1.8687743048810859,50,17,0,long,emerging,False,2000000.0,5000000.0,2010,0.16274010821294155,0.34,0.0,1.0
long_shock_no_break,2,20260818,fixed_nominal,2010,119840287.00521865,13262964.59999353,106577322.40522514,119840287.00521865,13262964.59999353,106577322.40522514,0.0,0.0,0.0,2000000.0,5000000.0,1.0,1.0,48,14,1,long,shock,False,2000000.0,5000000.0,2010,0.11067200297522628,0.2916666666666667,0.020833333333333332,0.0
long_shock_no_break,2,20260818,fixed_nominal,2011,83309640.81258416,7400394.067277408,75909246.74530676,83309640.81258416,7400394.067277408,75909246.74530676,0.0,0.0,0.0,2000000.0,5000000.0,1.04,1.0,47,12,0,long,shock,False,2000000.0,5000000.0,2010,0.08882998408222109,0.2553191489361702,0.0,0.0
long_shock_no_break,2,20260818,fixed_nominal,2012,110609487.63599461,20604289.378339067,90005198.25765555,110609487.63599461,20604289.378339067,90005198.25765555,0.0,0.0,0.0,2000000.0,5000000.0,1.0816000000000001,1.0,53,17,0,long,shock,False,2000000.0,5000000.0,2010,0.18627958431690633,0.32075471698113206,0.0,0.0
long_shock_no_break,2,20260818,fixed_nominal,2013,130142668.74398397,23591434.095082484,106551234.64890149,129594398.83360426,23478386.942410775,106116011.89119348,548269.9103797111,113047.1526717078,435222.7577080033,2000000.0,5000000.0,1.124864,1.0,62,20,1,long,shock,False,2000000.0,5000000.0,2010,0.18127363087575404,0.3225806451612903,0.016129032258064516,0.004791872855888482
long_shock_no_break,2,20260818,fixed_nominal,2014,95505386.32815811,18189074.529369183,77316311.79878892,91657806.1111093,14925015.024876157,76732791.08623314,3847580.2170488066,3264059.5044930265,583520.7125557802,2000000.0,5000000.0,1.1698585600000002,1.0,43,18,0,long,shock,False,2000000.0,5000000.0,2010,0.1904507717174319,0.4186046511627907,0.0,0.17945165375086447
long_shock_no_break,2,20260818,fixed_nominal,2015,89295346.02172999,16021961.220819524,73273384.80091047,81738669.70942567,11927016.41605175,69811653.29337391,7556676.3123043105,4094944.804767772,3461731.507536538,2000000.0,5000000.0,1.2166529024000003,1.0,40,17,0,long,shock,False,2000000.0,5000000.0,2010,0.17942660994807708,0.425,0.0,0.25558324279593503
long_shock_no_break,2,20260818,fixed_nominal,2016,146999497.50624347,40287345.009289175,106712152.49695429,118066302.18522426,21538440.447375778,96527861.73784849,28933195.321019206,18748904.56191339,10184290.759105816,2000000.0,5000000.0,1.2653190184960004,1.0,55,34,1,long,shock,False,2000000.0,5000000.0,2010,0.2740645083332891,0.6181818181818182,0.01818181818181818,0.46537950211388707
long_shock_no_break,2,20260818,fixed_nominal,2017,122879260.43808374,33107232.541343443,89772027.8967403,91511780.62044883,13743497.701937325,77768282.9185115,31367479.817634914,19363734.839406114,12003744.978228802,2000000.0,5000000.0,1.3159317792358405,1.0,46,32,2,long,shock,False,2000000.0,5000000.0,2010,0.26942896973265457,0.6956521739130435,0.043478260869565216,0.5848792953390227
long_shock_no_break,2,20260818,fixed_nominal,2018,148097843.9377179,45846419.87770639,102251424.06001154,94381597.28422423,15779519.86666816,78602077.41755605,53716246.65349372,30066900.011038233,23649346.64245548,2000000.0,5000000.0,1.368569050405274,1.0,48,38,2,long,shock,False,2000000.0,5000000.0,2010,0.3095684492002933,0.7916666666666666,0.041666666666666664,0.6558178390208126
long_shock_no_break,2,20260818,fixed_nominal,2019,172605297.87993038,69106844.53533465,103498453.34459573,93633860.78357804,24182853.14641379,69451007.63716424,78971437.09635234,44923991.38892086,34047445.70743148,2000000.0,5000000.0,1.4233118124214852,1.0,45,40,4,long,shock,False,2000000.0,5000000.0,2010,0.40037499071093124,0.8888888888888888,0.08888888888888889,0.6500657306954742
long_shock_no_break,2,20260818,fixed_nominal,2020,190256106.44501328,75579271.45301846,114676834.99199484,87312270.53905904,13076517.466878325,74235753.07218072,102943835.90595424,62502753.98614013,40441081.91981411,2000000.0,5000000.0,1.4802442849183446,1.0,55,55,4,long,shock,False,2000000.0,5000000.0,2010,0.3972501743320493,1.0,0.07272727272727272,0.8269827531348071
long_shock_no_break,2,20260818,fixed_nominal,2021,199322841.9875278,73413514.38513617,125909327.6023916,56781489.38078415,2582057.641036022,54199431.73974812,142541352.60674363,70831456.74410014,71709895.86264348,2000000.0,5000000.0,1.5690589420134453,1.0,53,53,3,long,shock,False,2000000.0,5000000.0,2010,0.36831460786481196,1.0,0.05660377358490566,0.964828578734288
long_shock_no_break,2,20260818,fixed_nominal,2022,222624524.50075787,90072260.9224061,132552263.57835181,61090215.45228514,4451108.14387698,56639107.308408156,161534309.04847276,85621152.77852911,75913156.26994365,2000000.0,5000000.0,1.663202478534252,1.0,56,56,3,long,shock,False,2000000.0,5000000.0,2010,0.40459271557972254,1.0,0.05357142857142857,0.9505829197769171
long_shock_no_break,2,20260818,fixed_nominal,2023,181148868.06930307,85881531.89926058,95267336.17004248,22834679.976757206,0.0,22834679.976757206,158314188.09254587,85881531.89926058,72432656.19328527,2000000.0,5000000.0,1.8627867759583625,1.0,41,41,5,long,shock,False,2000000.0,5000000.0,2010,0.4740936712141333,1.0,0.12195121951219512,1.0
long_shock_no_break,2,20260818,fixed_nominal,2024,216800580.41404665,108602617.46533327,108197962.94871338,3576393.7944760197,0.0,3576393.7944760197,213224186.6195706,108602617.46533327,104621569.15423736,2000000.0,5000000.0,2.049065453554199,1.0,50,50,6,long,shock,False,2000000.0,5000000.0,2010,0.5009332413129316,1.0,0.12,1.0
long_shock_no_break,2,20260818,fully_indexed,2010,119840287.00521865,13262964.59999353,106577322.40522514,119840287.00521865,13262964.59999353,106577322.40522514,0.0,0.0,0.0,2000000.0,5000000.0,1.0,1.0,48,14,1,long,shock,False,2000000.0,5000000.0,2010,0.11067200297522628,0.2916666666666667,0.020833333333333332,0.0
long_shock_no_break,2,20260818,fully_indexed,2011,83309640.81258416,6484693.165066707,76824947.64751747,83309640.81258416,6484693.165066707,76824947.64751747,0.0,0.0,0.0,2080000.0,5200000.0,1.04,1.04,47,10,0,long,shock,False,2000000.0,5000000.0,2010,0.07783844824940327,0.2127659574468085,0.0,0.0
long_shock_no_break,2,20260818,fully_indexed,2012,110609487.63599461,17868488.504794426,92740999.13120018,110609487.63599461,17868488.504794426,92740999.13120018,0.0,0.0,0.0,2163200.0000000005,5408000.000000001,1.0816000000000001,1.0816000000000001,53,15,0,long,shock,False,2000000.0,5000000.0,2010,0.16154571263902728,0.2830188679245283,0.0,0.0
long_shock_no_break,2,20260818,fully_indexed,2013,130142668.74398397,20044465.87235886,110098202.87162513,129594398.83360426,20044465.87235886,109549932.9612454,548269.9103797111,0.0,548269.9103797111,2249728.0,5624320.0,1.124864,1.124864,62,16,0,long,shock,False,2000000.0,5000000.0,2010,0.15401917039053684,0.25806451612903225,0.0,0.0
long_shock_no_break,2,20260818,fully_indexed,2014,95505386.32815811,12987373.256397402,82518013.0717607,91657806.1111093,10405061.504941475,81252744.60616782,3847580.2170488066,2582311.75145593,1265268.465592877,2339717.1200000006,5849292.800000001,1.1698585600000002,1.1698585600000002,43,12,0,long,shock,False,2000000.0,5000000.0,2010,0.13598576745998983,0.27906976744186046,0.0,0.19883248910120596
long_shock_no_break,2,20260818,fully_indexed,2015,89295346.02172999,9961452.736464437,79333893.28526554,81738669.70942567,7251075.567405973,74487594.14201969,7556676.3123043105,2710377.169058466,4846299.143245844,2433305.8048000005,6083264.512000002,1.2166529024000003,1.2166529024000003,40,10,0,long,shock,False,2000000.0,5000000.0,2010,0.11155623646993115,0.25,0.0,0.272086536046794
long_shock_no_break,2,20260818,fully_indexed,2016,146999497.50624347,26480330.169959277,120519167.33628419,118066302.18522426,12847602.779254228,105218699.40597004,28933195.321019206,13632727.390705049,15300467.930314157,2530638.036992001,6326595.092480002,1.2653190184960004,1.2653190184960004,55,21,0,long,shock,False,2000000.0,5000000.0,2010,0.1801389162492517,0.38181818181818183,0.0,0.5148246756443677
long_shock_no_break,2,20260818,fully_indexed,2017,122879260.43808374,18593981.83863779,104285278.59944595,91511780.62044883,8403255.671393113,83108524.9490557,31367479.817634914,10190726.167244677,21176753.650390238,2631863.558471681,6579658.896179202,1.3159317792358405,1.3159317792358405,46,16,0,long,shock,False,2000000.0,5000000.0,2010,0.15131912230222858,0.34782608695652173,0.0,0.5480658341866627
long_shock_no_break,2,20260818,fully_indexed,2018,148097843.9377179,30544104.02456367,117553739.91315426,94381597.28422423,11396292.42631587,82985304.85790834,53716246.65349372,19147811.5982478,34568435.05524592,2737138.1008105483,6842845.252026371,1.368569050405274,1.368569050405274,48,20,2,long,shock,False,2000000.0,5000000.0,2010,0.20624273259108955,0.4166666666666667,0.041666666666666664,0.6268905967203708
long_shock_no_break,2,20260818,fully_indexed,2019,172605297.87993038,55127387.4657276,117477910.41420276,93633860.78357804,17377551.808431633,76256308.97514638,78971437.09635234,37749835.65729597,41221601.43905637,2846623.62484297,7116559.062107426,1.4233118124214852,1.4233118124214852,45,20,3,long,shock,False,2000000.0,5000000.0,2010,0.31938409853488925,0.4444444444444444,0.06666666666666667,0.6847746173490417
long_shock_no_break,2,20260818,fully_indexed,2020,190256106.44501328,42411916.79367681,147844189.65133646,87312270.53905904,7005189.031247754,80307081.50781131,102943835.90595424,35406727.76242906,67537108.14352518,2960488.569836689,7401221.424591723,1.4802442849183446,1.4802442849183446,55,24,0,long,shock,False,2000000.0,5000000.0,2010,0.22292013426614748,0.43636363636363634,0.0,0.8348296997439136
long_shock_no_break,2,20260818,fully_indexed,2021,199322841.9875278,36245703.47424156,163077138.5132862,56781489.38078415,241932.61585586285,56539556.76492828,142541352.60674363,36003770.8583857,106537581.7483579,3138117.8840268906,7845294.710067227,1.5690589420134453,1.5690589420134453,53,25,2,long,shock,False,2000000.0,5000000.0,2010,0.1818442036688879,0.4716981132075472,0.03773584905660377,0.9933252056749899
long_shock_no_break,2,20260818,fully_indexed,2022,222624524.50075787,50040170.389868304,172584354.1108896,61090215.45228514,1892348.187101767,59197867.265183374,161534309.04847276,48147822.20276652,113386486.84570624,3326404.9570685043,8316012.39267126,1.663202478534252,1.663202478534252,56,24,3,long,shock,False,2000000.0,5000000.0,2010,0.22477384511919735,0.42857142857142855,0.05357142857142857,0.962183418394496
long_shock_no_break,2,20260818,fully_indexed,2023,181148868.06930307,41758129.236451134,139390738.83285195,22834679.976757206,0.0,22834679.976757206,158314188.09254587,41758129.23645114,116556058.8560947,3725573.551916725,9313933.879791813,1.8627867759583625,1.8627867759583625,41,19,1,long,shock,False,2000000.0,5000000.0,2010,0.23051830067453422,0.4634146341463415,0.024390243902439025,1.0000000000000002
long_shock_no_break,2,20260818,fully_indexed,2024,216800580.41404665,37215780.615905,179584799.79814163,3576393.7944760197,0.0,3576393.7944760197,213224186.6195706,37215780.615905,176008406.00366563,4098130.9071083977,10245327.267770994,2.049065453554199,2.049065453554199,50,18,0,long,shock,False,2000000.0,5000000.0,2010,0.17165904512261984,0.36,0.0,1.0
long_stable_break,2,20260818,fixed_nominal,2010,119503413.09514488,13191537.941265352,106311875.15387952,119503413.09514488,13191537.941265352,106311875.15387952,0.0,0.0,0.0,2000000.0,5000000.0,1.0,1.0,48,13,1,long,stable,True,2000000.0,5000000.0,2010,0.11038628604492377,0.2708333333333333,0.020833333333333332,0.0
long_stable_break,2,20260818,fixed_nominal,2011,83093321.15438688,7302687.717153436,75790633.43723345,83093321.15438688,7302687.717153436,75790633.43723345,0.0,0.0,0.0,2000000.0,5000000.0,1.04,1.0,47,12,0,long,stable,True,2000000.0,5000000.0,2010,0.0878853753310099,0.2553191489361702,0.0,0.0
long_stable_break,2,20260818,fixed_nominal,2012,109889895.42830361,20199666.36856288,89690229.05974075,109889895.42830361,20199666.36856288,89690229.05974075,0.0,0.0,0.0,2000000.0,5000000.0,1.0816000000000001,1.0,53,17,0,long,stable,True,2000000.0,5000000.0,2010,0.18381732269225717,0.32075471698113206,0.0,0.0
long_stable_break,2,20260818,fixed_nominal,2013,128207799.41253123,22563720.5153905,105644078.89714074,127761614.46521217,22553972.609775253,105207641.85543692,446184.9473190704,9747.905615249416,436437.041703821,2000000.0,5000000.0,1.124864,1.0,62,20,1,long,stable,True,2000000.0,5000000.0,2010,0.17599335312501346,0.3225806451612903,0.016129032258064516,0.000432016768183264
long_stable_break,2,20260818,fixed_nominal,2014,92614252.00890289,16277597.840204196,76336654.1686987,89515562.6021814,13783523.408857264,75732039.19332415,3098689.406721486,2494074.431346935,604614.9753745508,2000000.0,5000000.0,1.1698585600000002,1.0,43,17,0,long,stable,True,2000000.0,5000000.0,2010,0.17575694331191544,0.3953488372093023,0.0,0.15322128337553573
long_stable_break,2,20260818,fixed_nominal,2015,85290144.17994979,13760238.598627,71529905.58132277,79218793.43142524,10690329.905641686,68528463.52578357,6071350.748524531,3069908.692985313,3001442.055539218,2000000.0,5000000.0,1.2166529024000003,1.0,40,15,0,long,stable,True,2000000.0,5000000.0,2010,0.1613344511365217,0.375,0.0,0.2230999608750701
long_stable_break,2,20260818,fixed_nominal,2016,137831979.25146005,33964944.62094086,103867034.63051918,114677732.21695073,19636243.813177813,95041488.40377292,23154247.034509316,14328700.807763044,8825546.226746274,2000000.0,5000000.0,1.2653190184960004,1.0,55,29,0,long,stable,True,2000000.0,5000000.0,2010,0.24642281715316128,0.5272727272727272,0.0,0.42186733903663665
long_stable_break,2,20260818,fixed_nominal,2017,113579553.60170504,26140693.800303712,87438859.80140132,88698445.25479782,12563582.677558867,76134862.57723895,24881108.346907232,13577111.122744845,11303997.224162387,2000000.0,5000000.0,1.3159317792358405,1.0,46,27,0,long,stable,True,2000000.0,5000000.0,2010,0.23015316552460277,0.5869565217391305,0.0,0.5193860280245164
long_stable_break,2,20260818,fixed_nominal,2018,125480724.38729826,30029851.9628784,95450872.42441985,108767543.90260865,21508268.89219316,87259275.01041548,16713180.484689604,8521583.070685234,8191597.41400437,2000000.0,5000000.0,1.368569050405274,1.0,48,28,2,long,stable,True,2000000.0,5000000.0,2010,0.23931844599646063,0.5833333333333334,0.041666666666666664,0.28377039890903377
long_stable_break,2,20260818,fixed_nominal,2019,141538333.0660045,48877888.95945053,92660444.106554,109984492.33490616,31866857.321115598,78117635.01379056,31553840.73109836,17011031.638334922,14542809.092763435,2000000.0,5000000.0,1.4233118124214852,1.0,45,26,3,long,stable,True,2000000.0,5000000.0,2010,0.34533322458062987,0.5777777777777777,0.06666666666666667,0.3480312263986566
long_stable_break,2,20260818,fixed_nominal,2020,151555498.28993374,43922342.265576236,107633156.0243575,103452818.49641037,19141745.388889596,84311073.10752079,48102679.79352334,24780596.87668664,23322082.9168367,2000000.0,5000000.0,1.4802442849183446,1.0,55,37,1,long,stable,True,2000000.0,5000000.0,2010,0.28981028574463497,0.6727272727272727,0.01818181818181818,0.5641911518937418
long_stable_break,2,20260818,fixed_nominal,2021,151482276.04431295,37268263.95957689,114214012.08473608,67459965.57292512,4089302.52200347,63370663.050921656,84022310.47138783,33178961.437573418,50843349.033814415,2000000.0,5000000.0,1.5394540563150785,1.0,53,38,2,long,stable,True,2000000.0,5000000.0,2010,0.2460239239386319,0.7169811320754716,0.03773584905660377,0.8902738660851243
long_stable_break,2,20260818,fixed_nominal,2022,167626063.2765793,47525844.16023695,120100219.11634234,72736508.71033101,7399255.196241011,65337253.514089994,94889554.56624827,40126588.96399593,54762965.602252334,2000000.0,5000000.0,1.6010322185676817,1.0,56,40,3,long,stable,True,2000000.0,5000000.0,2010,0.28352299893734517,0.7142857142857143,0.05357142857142857,0.844310914893087
long_stable_break,2,20260818,fixed_nominal,2023,132827134.04844835,45257681.51901596,87569452.52943239,29043562.44837572,0.0,29043562.44837572,103783571.60007264,45257681.51901595,58525890.08105667,2000000.0,5000000.0,1.665073507310389,1.0,41,35,1,long,stable,True,2000000.0,5000000.0,2010,0.34072617649424203,0.8536585365853658,0.024390243902439025,0.9999999999999999
long_stable_break,2,20260818,fixed_nominal,2024,154305154.60202754,54420505.18520938,99884649.41681819,6044860.0024021985,0.0,6044860.0024021985,148260294.59962535,54420505.18520938,93839789.41441599,2000000.0,5000000.0,1.7316764476028046,1.0,50,48,0,long,stable,True,2000000.0,5000000.0,2010,0.35268105803443006,0.96,0.0,1.0
long_stable_break,2,20260818,fully_indexed,2010,119503413.09514488,13191537.941265352,106311875.15387952,119503413.09514488,13191537.941265352,106311875.15387952,0.0,0.0,0.0,2000000.0,5000000.0,1.0,1.0,48,13,1,long,stable,True,2000000.0,5000000.0,2010,0.11038628604492377,0.2708333333333333,0.020833333333333332,0.0
long_stable_break,2,20260818,fully_indexed,2011,83093321.15438688,6399548.007025199,76693773.14736168,83093321.15438688,6399548.007025199,76693773.14736168,0.0,0.0,0.0,2080000.0,5200000.0,1.04,1.04,47,10,0,long,stable,True,2000000.0,5000000.0,2010,0.07701639455636727,0.2127659574468085,0.0,0.0
long_stable_break,2,20260818,fully_indexed,2012,109889895.42830361,17473893.642384514,92416001.7859191,109889895.42830361,17473893.642384514,92416001.7859191,0.0,0.0,0.0,2163200.0000000005,5408000.000000001,1.0816000000000001,1.0816000000000001,53,15,0,long,stable,True,2000000.0,5000000.0,2010,0.15901274247535482,0.2830188679245283,0.0,0.0
long_stable_break,2,20260818,fully_indexed,2013,128207799.41253123,19155020.84282521,109052778.56970604,127761614.46521217,19155020.84282521,108606593.62238696,446184.9473190704,0.0,446184.9473190704,2249728.0,5624320.0,1.124864,1.124864,62,16,0,long,stable,True,2000000.0,5000000.0,2010,0.14940604963657905,0.25806451612903225,0.0,0.0
long_stable_break,2,20260818,fully_indexed,2014,92614252.00890289,11471641.170972021,81142610.83793089,89515562.6021814,9481783.521200906,80033779.08098051,3098689.406721486,1989857.6497711139,1108831.7569503721,2339717.1200000006,5849292.800000001,1.1698585600000002,1.1698585600000002,43,11,0,long,stable,True,2000000.0,5000000.0,2010,0.12386474999408587,0.2558139534883721,0.0,0.17345884691776042
long_stable_break,2,20260818,fully_indexed,2015,85290144.17994979,8408852.706309844,76881291.47363994,79218793.43142524,6511844.742876688,72706948.68854856,6071350.748524531,1897007.9634331558,4174342.785091375,2433305.8048000005,6083264.512000002,1.2166529024000003,1.2166529024000003,40,9,0,long,stable,True,2000000.0,5000000.0,2010,0.09859114188584778,0.225,0.0,0.22559652662362334
long_stable_break,2,20260818,fully_indexed,2016,137831979.25146005,21412103.252139628,116419875.99932042,114677732.21695073,11553644.165099617,103124088.05185112,23154247.034509316,9858459.087040013,13295787.947469305,2530638.036992001,6326595.092480002,1.2653190184960004,1.2653190184960004,55,19,0,long,stable,True,2000000.0,5000000.0,2010,0.15534931275328698,0.34545454545454546,0.0,0.46041526004947203
long_stable_break,2,20260818,fully_indexed,2017,113579553.60170504,14759959.838450326,98819593.76325472,88698445.25479782,7758822.821139626,80939622.43365818,24881108.346907232,7001137.017310701,17879971.32959653,2631863.558471681,6579658.896179202,1.3159317792358405,1.3159317792358405,46,9,0,long,stable,True,2000000.0,5000000.0,2010,0.12995261356819376,0.1956521739130435,0.0,0.47433306688765103
long_stable_break,2,20260818,fully_indexed,2018,125480724.38729826,20536647.876152862,104944076.51114538,108767543.90260865,15642862.596489303,93124681.30611934,16713180.484689604,4893785.27966356,11819395.205026044,2737138.1008105483,6842845.252026371,1.368569050405274,1.368569050405274,48,10,1,long,stable,True,2000000.0,5000000.0,2010,0.16366376570130542,0.20833333333333334,0.020833333333333332,0.23829523246324047
long_stable_break,2,20260818,fully_indexed,2019,141538333.0660045,37908984.96157342,103629348.10443111,109984492.33490616,24934227.8866181,85050264.44828807,31553840.73109836,12974757.074955324,18579083.656143036,2846623.62484297,7116559.062107426,1.4233118124214852,1.4233118124214852,45,14,1,long,stable,True,2000000.0,5000000.0,2010,0.2678354629476601,0.3111111111111111,0.022222222222222223,0.3422607354986485
long_stable_break,2,20260818,fully_indexed,2020,151555498.28993374,23590011.466154553,127965486.82377917,103452818.49641037,11509662.243460845,91943156.25294954,48102679.79352334,12080349.222693712,36022330.57082963,2960488.569836689,7401221.424591723,1.4802442849183446,1.4802442849183446,55,11,0,long,stable,True,2000000.0,5000000.0,2010,0.15565262713877662,0.2,0.0,0.5120959453549154
long_stable_break,2,20260818,fully_indexed,2021,151482276.04431295,21079235.296924397,130403040.74738857,67459965.57292512,1354902.2002363983,66105063.372688726,84022310.47138783,19724333.096688002,64297977.37469983,3078908.112630157,7697270.281575392,1.5394540563150785,1.5394540563150785,53,9,2,long,stable,True,2000000.0,5000000.0,2010,0.13915314614600927,0.16981132075471697,0.03773584905660377,0.9357233703618231
long_stable_break,2,20260818,fully_indexed,2022,167626063.2765793,30011989.081811108,137614074.1947682,72736508.71033101,2973527.897287353,69762980.81304365,94889554.56624827,27038461.184523754,67851093.3817245,3202064.4371353635,8005161.092838408,1.6010322185676817,1.6010322185676817,56,12,1,long,stable,True,2000000.0,5000000.0,2010,0.17904130476590618,0.21428571428571427,0.017857142857142856,0.9009219985659174
long_stable_break,2,20260818,fully_indexed,2023,132827134.04844835,23376368.8647734,109450765.18367495,29043562.44837572,0.0,29043562.44837572,103783571.60007264,23376368.8647734,80407202.73529923,3330147.014620778,8325367.536551945,1.665073507310389,1.665073507310389,41,12,1,long,stable,True,2000000.0,5000000.0,2010,0.1759909150508881,0.2926829268292683,0.024390243902439025,1.0
long_stable_break,2,20260818,fully_indexed,2024,154305154.60202754,18098713.202214442,136206441.39981312,6044860.0024021985,0.0,6044860.0024021985,148260294.59962535,18098713.202214442,130161581.39741091,3463352.895205609,8658382.238014024,1.7316764476028046,1.7316764476028046,50,12,0,long,stable,True,2000000.0,5000000.0,2010,0.11729169546469985,0.24,0.0,1.0
long_emerging_break,2,20260818,fixed_nominal,2010,119799760.53614914,13232542.394763185,106567218.14138597,119799760.53614914,13232542.394763185,106567218.14138597,0.0,0.0,0.0,2000000.0,5000000.0,1.0,1.0,48,14,1,long,emerging,True,2000000.0,5000000.0,2010,0.11045549953975337,0.2916666666666667,0.020833333333333332,0.0
long_emerging_break,2,20260818,fixed_nominal,2011,83284250.41085848,7400394.067277408,75883856.34358108,83284250.41085848,7400394.067277408,75883856.34358108,0.0,0.0,0.0,2000000.0,5000000.0,1.04,1.0,47,12,0,long,emerging,True,2000000.0,5000000.0,2010,0.08885706518062814,0.2553191489361702,0.0,0.0
long_emerging_break,2,20260818,fixed_nominal,2012,110419378.27978,20489498.787100293,89929879.49267969,110419378.27978,20489498.787100293,89929879.49267969,0.0,0.0,0.0,2000000.0,5000000.0,1.0816000000000001,1.0,53,17,0,long,emerging,True,2000000.0,5000000.0,2010,0.18556071503304533,0.32075471698113206,0.0,0.0
long_emerging_break,2,20260818,fixed_nominal,2013,129452055.90716045,23178405.956219815,106273649.95094062,128961286.42996228,23118433.9681822,105842852.46178007,490769.47719817364,59971.98803761625,430797.4891605574,2000000.0,5000000.0,1.124864,1.0,62,20,1,long,emerging,True,2000000.0,5000000.0,2010,0.17905011854614922,0.3225806451612903,0.016129032258064516,0.0025874077859751633
long_emerging_break,2,20260818,fixed_nominal,2014,94140615.2593604,17249415.084388226,76891200.17497218,90708467.20627813,14403057.332172345,76305409.87410578,3432148.0530822733,2846357.7522158804,585790.3008663929,2000000.0,5000000.0,1.1698585600000002,1.0,43,17,0,long,emerging,True,2000000.0,5000000.0,2010,0.18323032027000818,0.3953488372093023,0.0,0.16501184175178252
long_emerging_break,2,20260818,fixed_nominal,2015,87283138.47275746,14853921.92016815,72429216.55258933,80539700.14341313,11340185.568317808,69199514.57509533,6743438.329344339,3513736.3518503434,3229701.977493995,2000000.0,5000000.0,1.2166529024000003,1.0,40,17,0,long,emerging,True,2000000.0,5000000.0,2010,0.17018088693962707,0.425,0.0,0.23655276840249925
long_emerging_break,2,20260818,fixed_nominal,2016,142369880.39110976,37046515.24994096,105323365.1411688,116573527.459187,20683977.78812438,95889549.6710626,25796352.931922782,16362537.46181658,9433815.4701062,2000000.0,5000000.0,1.2653190184960004,1.0,55,32,1,long,emerging,True,2000000.0,5000000.0,2010,0.2602131514627185,0.5818181818181818,0.01818181818181818,0.4416754815243427
long_emerging_break,2,20260818,fixed_nominal,2017,118212269.7040788,29574719.8441312,88637549.85994759,90319294.79346101,13221028.75340709,77098266.0400539,27892974.910617795,16353691.090724107,11539283.819893682,2000000.0,5000000.0,1.3159317792358405,1.0,46,32,0,long,emerging,True,2000000.0,5000000.0,2010,0.25018316557296216,0.6956521739130435,0.0,0.5529618260769198
long_emerging_break,2,20260818,fixed_nominal,2018,130227904.6793653,33194594.651789784,97033310.02757552,111431787.99374056,22585697.753406595,88846090.24033396,18796116.685624756,10608896.89838319,8187219.787241563,2000000.0,5000000.0,1.368569050405274,1.0,48,29,2,long,emerging,True,2000000.0,5000000.0,2010,0.2548961740075473,0.6041666666666666,0.041666666666666664,0.31959712144914476
long_emerging_break,2,20260818,fixed_nominal,2019,149531800.4649464,53818251.6597804,95713548.80516604,113868410.827538,33862934.00116326,80005476.82637474,35663389.63740841,19955317.658617135,15708071.978791278,2000000.0,5000000.0,1.4233118124214852,1.0,45,29,3,long,emerging,True,2000000.0,5000000.0,2010,0.35991174781846225,0.6444444444444445,0.06666666666666667,0.37079089422613476
long_emerging_break,2,20260818,fixed_nominal,2020,162743444.7821535,53464713.92775179,109278730.8544017,108228051.47449204,21043874.888482414,87184176.58600962,54515393.307661444,32420839.03926938,22094554.268392064,2000000.0,5000000.0,1.4802442849183446,1.0,55,45,2,long,emerging,True,2000000.0,5000000.0,2010,0.3285214590321536,0.8181818181818182,0.03636363636363636,0.6063969421604027
long_emerging_break,2,20260818,fixed_nominal,2021,167344400.53403294,47854278.19110757,119490122.34292538,71306675.70263085,4851955.141816918,66454720.56081392,96037724.83140212,43002323.04929066,53035401.782111466,2000000.0,5000000.0,1.5690589420134453,1.0,53,47,2,long,emerging,True,2000000.0,5000000.0,2010,0.2859628289825892,0.8867924528301887,0.03773584905660377,0.8986097936230387
long_emerging_break,2,20260818,fixed_nominal,2022,185804215.8351668,60404889.18699725,125399326.64816956,77567654.0335452,8812246.314653123,68755407.71889207,108236561.80162162,51592642.87234413,56643918.929277495,2000000.0,5000000.0,1.663202478534252,1.0,56,53,3,long,emerging,True,2000000.0,5000000.0,2010,0.32509966964680964,0.9464285714285714,0.05357142857142857,0.8541136912382575
long_emerging_break,2,20260818,fixed_nominal,2023,149795414.06233382,59862636.86880523,89932777.19352861,31224036.15089186,0.0,31224036.15089186,118571377.91144198,59862636.86880523,58708741.042636745,2000000.0,5000000.0,1.7629946272463073,1.0,41,41,1,long,emerging,True,2000000.0,5000000.0,2010,0.39962930269610797,1.0,0.024390243902439025,1.0
long_emerging_break,2,20260818,fixed_nominal,2024,178502217.4433296,76083676.81306082,102418540.63026877,6523435.174469571,0.0,6523435.174469571,171978782.26886,76083676.81306082,95895105.45579919,2000000.0,5000000.0,1.8687743048810859,1.0,50,50,3,long,emerging,True,2000000.0,5000000.0,2010,0.4262337908335265,1.0,0.06,1.0
long_emerging_break,2,20260818,fully_indexed,2010,119799760.53614914,13232542.394763185,106567218.14138597,119799760.53614914,13232542.394763185,106567218.14138597,0.0,0.0,0.0,2000000.0,5000000.0,1.0,1.0,48,14,1,long,emerging,True,2000000.0,5000000.0,2010,0.11045549953975337,0.2916666666666667,0.020833333333333332,0.0
long_emerging_break,2,20260818,fully_indexed,2011,83284250.41085848,6484693.165066707,76799557.2457918,83284250.41085848,6484693.165066707,76799557.2457918,0.0,0.0,0.0,2080000.0,5200000.0,1.04,1.04,47,10,0,long,emerging,True,2000000.0,5000000.0,2010,0.07786217842000583,0.2127659574468085,0.0,0.0
long_emerging_break,2,20260818,fully_indexed,2012,110419378.27978,17753697.913555656,92665680.36622432,110419378.27978,17753697.913555656,92665680.36622432,0.0,0.0,0.0,2163200.0000000005,5408000.000000001,1.0816000000000001,1.0816000000000001,53,15,0,long,emerging,True,2000000.0,5000000.0,2010,0.1607842589782695,0.2830188679245283,0.0,0.0
long_emerging_break,2,20260818,fully_indexed,2013,129452055.90716045,19711735.661807887,109740320.24535257,128961286.42996228,19711735.661807887,109249550.76815438,490769.47719817364,0.0,490769.47719817364,2249728.0,5624320.0,1.124864,1.124864,62,16,0,long,emerging,True,2000000.0,5000000.0,2010,0.15227054930625913,0.25806451612903225,0.0,0.0
long_emerging_break,2,20260818,fully_indexed,2014,94140615.2593604,12237573.21502951,81903042.0443309,90708467.20627813,9986365.63019482,80722101.57608332,3432148.0530822733,2251207.5848346897,1180940.4682475836,2339717.1200000006,5849292.800000001,1.1698585600000002,1.1698585600000002,43,12,0,long,emerging,True,2000000.0,5000000.0,2010,0.12999249241482652,0.27906976744186046,0.0,0.18395866118863186
long_emerging_break,2,20260818,fully_indexed,2015,87283138.47275746,9164125.183311097,78119013.28944637,80539700.14341313,6894334.628202874,73645365.51521026,6743438.329344339,2269790.555108222,4473647.774236116,2433305.8048000005,6083264.512000002,1.2166529024000003,1.2166529024000003,40,9,0,long,emerging,True,2000000.0,5000000.0,2010,0.10499307590974602,0.225,0.0,0.2476821856647884
long_emerging_break,2,20260818,fully_indexed,2016,142369880.39110976,23897008.49974984,118472871.89135993,116573527.459187,12265160.668066792,104308366.79112019,25796352.931922782,11631847.831683042,14164505.100239735,2530638.036992001,6326595.092480002,1.2653190184960004,1.2653190184960004,55,20,0,long,emerging,True,2000000.0,5000000.0,2010,0.16785157390103475,0.36363636363636365,0.0,0.4867491189035149
long_emerging_break,2,20260818,fully_indexed,2017,118212269.7040788,16500626.740102638,101711642.96397614,90319294.79346101,8128942.010443677,82190352.78301732,27892974.910617795,8371684.729658959,19521290.180958834,2631863.558471681,6579658.896179202,1.3159317792358405,1.3159317792358405,46,13,0,long,emerging,True,2000000.0,5000000.0,2010,0.13958472146257506,0.2826086956521739,0.0,0.5073555605807786
long_emerging_break,2,20260818,fully_indexed,2018,130227904.6793653,22496811.917585224,107731092.76178008,111431787.99374056,16467594.49990755,94964193.493833,18796116.685624756,6029217.417677673,12766899.267947081,2737138.1008105483,6842845.252026371,1.368569050405274,1.368569050405274,48,13,1,long,emerging,True,2000000.0,5000000.0,2010,0.1727495498985008,0.2708333333333333,0.020833333333333332,0.26800319261969635
long_emerging_break,2,20260818,fully_indexed,2019,149531800.4649464,42358671.694238104,107173128.77070831,113868410.827538,26498978.960667677,87369431.86687031,35663389.63740841,15859692.73357043,19803696.903837986,2846623.62484297,7116559.062107426,1.4233118124214852,1.4233118124214852,45,17,1,long,emerging,True,2000000.0,5000000.0,2010,0.2832753405130565,0.37777777777777777,0.022222222222222223,0.37441430760747313
long_emerging_break,2,20260818,fully_indexed,2020,162743444.7821535,28425866.565791078,134317578.21636242,108228051.47449204,12685141.842759388,95542909.63173266,54515393.307661444,15740724.723031688,38774668.58462975,2960488.569836689,7401221.424591723,1.4802442849183446,1.4802442849183446,55,14,0,long,emerging,True,2000000.0,5000000.0,2010,0.174666737599426,0.2545454545454545,0.0,0.5537465212045553
long_emerging_break,2,20260818,fully_indexed,2021,167344400.53403294,24569027.221026912,142775373.31300604,71306675.70263085,1629662.28981137,69677013.41281947,96037724.83140212,22939364.93121554,73098359.90018658,3138117.8840268906,7845294.710067227,1.5690589420134453,1.5690589420134453,53,13,2,long,emerging,True,2000000.0,5000000.0,2010,0.1468171456148023,0.24528301886792453,0.03773584905660377,0.9336700523325295
long_emerging_break,2,20260818,fully_indexed,2022,185804215.8351668,35890141.766982995,149914074.06818384,77567654.0335452,3362483.939324509,74205170.09422068,108236561.80162162,32527657.827658486,75708903.97396314,3326404.9570685043,8316012.39267126,1.663202478534252,1.663202478534252,56,14,1,long,emerging,True,2000000.0,5000000.0,2010,0.1931610733677989,0.25,0.017857142857142856,0.9063117676949993
long_emerging_break,2,20260818,fully_indexed,2023,149795414.06233382,28619880.004730023,121175534.0576038,31224036.15089186,0.0,31224036.15089186,118571377.91144198,28619880.004730027,89951497.90671195,3525989.2544926144,8814973.136231536,1.7629946272463073,1.7629946272463073,41,13,1,long,emerging,True,2000000.0,5000000.0,2010,0.19105978767027232,0.3170731707317073,0.024390243902439025,1.0000000000000002
long_emerging_break,2,20260818,fully_indexed,2024,178502217.4433296,24612903.03913825,153889314.40419132,6523435.174469571,0.0,6523435.174469571,171978782.26886,24612903.03913825,147365879.22972175,3737548.6097621717,9343871.52440543,1.8687743048810859,1.8687743048810859,50,15,0,long,emerging,True,2000000.0,5000000.0,2010,0.13788569907795284,0.3,0.0,1.0
long_shock_break,2,20260818,fixed_nominal,2010,119840287.00521865,13262964.59999353,106577322.40522514,119840287.00521865,13262964.59999353,106577322.40522514,0.0,0.0,0.0,2000000.0,5000000.0,1.0,1.0,48,14,1,long,shock,True,2000000.0,5000000.0,2010,0.11067200297522628,0.2916666666666667,0.020833333333333332,0.0
long_shock_break,2,20260818,fixed_nominal,2011,83309640.81258416,7400394.067277408,75909246.74530676,83309640.81258416,7400394.067277408,75909246.74530676,0.0,0.0,0.0,2000000.0,5000000.0,1.04,1.0,47,12,0,long,shock,True,2000000.0,5000000.0,2010,0.08882998408222109,0.2553191489361702,0.0,0.0
long_shock_break,2,20260818,fixed_nominal,2012,110609487.63599461,20604289.378339067,90005198.25765555,110609487.63599461,20604289.378339067,90005198.25765555,0.0,0.0,0.0,2000000.0,5000000.0,1.0816000000000001,1.0,53,17,0,long,shock,True,2000000.0,5000000.0,2010,0.18627958431690633,0.32075471698113206,0.0,0.0
long_shock_break,2,20260818,fixed_nominal,2013,130142668.74398397,23591434.095082484,106551234.64890149,129594398.83360426,23478386.942410775,106116011.89119348,548269.9103797111,113047.1526717078,435222.7577080033,2000000.0,5000000.0,1.124864,1.0,62,20,1,long,shock,True,2000000.0,5000000.0,2010,0.18127363087575404,0.3225806451612903,0.016129032258064516,0.004791872855888482
long_shock_break,2,20260818,fixed_nominal,2014,95505386.32815811,18189074.529369183,77316311.79878892,91657806.1111093,14925015.024876157,76732791.08623314,3847580.2170488066,3264059.5044930265,583520.7125557802,2000000.0,5000000.0,1.1698585600000002,1.0,43,18,0,long,shock,True,2000000.0,5000000.0,2010,0.1904507717174319,0.4186046511627907,0.0,0.17945165375086447
long_shock_break,2,20260818,fixed_nominal,2015,89295346.02172999,16021961.220819524,73273384.80091047,81738669.70942567,11927016.41605175,69811653.29337391,7556676.3123043105,4094944.804767772,3461731.507536538,2000000.0,5000000.0,1.2166529024000003,1.0,40,17,0,long,shock,True,2000000.0,5000000.0,2010,0.17942660994807708,0.425,0.0,0.25558324279593503
long_shock_break,2,20260818,fixed_nominal,2016,146999497.50624347,40287345.009289175,106712152.49695429,118066302.18522426,21538440.447375778,96527861.73784849,28933195.321019206,18748904.56191339,10184290.759105816,2000000.0,5000000.0,1.2653190184960004,1.0,55,34,1,long,shock,True,2000000.0,5000000.0,2010,0.2740645083332891,0.6181818181818182,0.01818181818181818,0.46537950211388707
long_shock_break,2,20260818,fixed_nominal,2017,122879260.43808374,33107232.541343443,89772027.8967403,91511780.62044883,13743497.701937325,77768282.9185115,31367479.817634914,19363734.839406114,12003744.978228802,2000000.0,5000000.0,1.3159317792358405,1.0,46,32,2,long,shock,True,2000000.0,5000000.0,2010,0.26942896973265457,0.6956521739130435,0.043478260869565216,0.5848792953390227
long_shock_break,2,20260818,fixed_nominal,2018,134345328.92191297,36151126.13404089,98194202.78787209,113226141.621624,23275352.398762476,89950789.22286151,21119187.300288983,12875773.735278413,8243413.565010572,2000000.0,5000000.0,1.368569050405274,1.0,48,34,2,long,shock,True,2000000.0,5000000.0,2010,0.2690910538099424,0.7083333333333334,0.041666666666666664,0.3561652184094545
long_shock_break,2,20260818,fixed_nominal,2019,156829783.7362602,58861412.10863984,97968371.62762037,116743374.27477026,35155491.46614846,81587882.8086218,40086409.46148996,23705920.64249138,16380488.818998575,2000000.0,5000000.0,1.4233118124214852,1.0,45,33,4,long,shock,True,2000000.0,5000000.0,2010,0.3753203677665382,0.7333333333333333,0.08888888888888889,0.40274128318120594
long_shock_break,2,20260818,fixed_nominal,2020,173408790.64281577,62266658.61082396,111142132.03199182,112124627.63232444,22525547.82710418,89599079.80522025,61284163.010491356,39741110.78371978,21543052.22677157,2000000.0,5000000.0,1.4802442849183446,1.0,55,50,4,long,shock,True,2000000.0,5000000.0,2010,0.35907440666649754,0.9090909090909091,0.07272727272727272,0.6382406197851042
long_shock_break,2,20260818,fixed_nominal,2021,182951306.65188447,59592672.02252969,123358634.62935476,74903729.45951921,5831465.192118605,69072264.2674006,108047577.19236526,53761206.830411084,54286370.36195417,2000000.0,5000000.0,1.5690589420134453,1.0,53,51,2,long,shock,True,2000000.0,5000000.0,2010,0.3257296879323265,0.9622641509433962,0.03773584905660377,0.9021445927124403
long_shock_break,2,20260818,fixed_nominal,2022,204728305.9940071,75414609.12629554,129313696.86771157,82999464.27635387,10428486.875431415,72570977.40092245,121728841.71765324,64986122.25086412,56742719.466789134,2000000.0,5000000.0,1.663202478534252,1.0,56,56,3,long,shock,True,2000000.0,5000000.0,2010,0.3683643488385192,1.0,0.05357142857142857,0.8617179483358852
long_shock_break,2,20260818,fixed_nominal,2023,167370808.80301023,74809212.61910295,92561596.18390726,33989828.02923908,0.0,33989828.02923908,133380980.77377115,74809212.61910295,58571768.15466819,2000000.0,5000000.0,1.8627867759583625,1.0,41,41,3,long,shock,True,2000000.0,5000000.0,2010,0.44696690632086783,1.0,0.07317073170731707,1.0
long_shock_break,2,20260818,fixed_nominal,2024,200813750.82298064,95446506.42390472,105367244.39907593,7152787.588952039,0.0,7152787.588952039,193660963.23402864,95446506.42390472,98214456.8101239,2000000.0,5000000.0,2.049065453554199,1.0,50,50,4,long,shock,True,2000000.0,5000000.0,2010,0.47529865874594307,1.0,0.08,1.0
long_shock_break,2,20260818,fully_indexed,2010,119840287.00521865,13262964.59999353,106577322.40522514,119840287.00521865,13262964.59999353,106577322.40522514,0.0,0.0,0.0,2000000.0,5000000.0,1.0,1.0,48,14,1,long,shock,True,2000000.0,5000000.0,2010,0.11067200297522628,0.2916666666666667,0.020833333333333332,0.0
long_shock_break,2,20260818,fully_indexed,2011,83309640.81258416,6484693.165066707,76824947.64751747,83309640.81258416,6484693.165066707,76824947.64751747,0.0,0.0,0.0,2080000.0,5200000.0,1.04,1.04,47,10,0,long,shock,True,2000000.0,5000000.0,2010,0.07783844824940327,0.2127659574468085,0.0,0.0
long_shock_break,2,20260818,fully_indexed,2012,110609487.63599461,17868488.504794426,92740999.13120018,110609487.63599461,17868488.504794426,92740999.13120018,0.0,0.0,0.0,2163200.0000000005,5408000.000000001,1.0816000000000001,1.0816000000000001,53,15,0,long,shock,True,2000000.0,5000000.0,2010,0.16154571263902728,0.2830188679245283,0.0,0.0
long_shock_break,2,20260818,fully_indexed,2013,130142668.74398397,20044465.87235886,110098202.87162513,129594398.83360426,20044465.87235886,109549932.9612454,548269.9103797111,0.0,548269.9103797111,2249728.0,5624320.0,1.124864,1.124864,62,16,0,long,shock,True,2000000.0,5000000.0,2010,0.15401917039053684,0.25806451612903225,0.0,0.0
long_shock_break,2,20260818,fully_indexed,2014,95505386.32815811,12987373.256397402,82518013.0717607,91657806.1111093,10405061.504941475,81252744.60616782,3847580.2170488066,2582311.75145593,1265268.465592877,2339717.1200000006,5849292.800000001,1.1698585600000002,1.1698585600000002,43,12,0,long,shock,True,2000000.0,5000000.0,2010,0.13598576745998983,0.27906976744186046,0.0,0.19883248910120596
long_shock_break,2,20260818,fully_indexed,2015,89295346.02172999,9961452.736464437,79333893.28526554,81738669.70942567,7251075.567405973,74487594.14201969,7556676.3123043105,2710377.169058466,4846299.143245844,2433305.8048000005,6083264.512000002,1.2166529024000003,1.2166529024000003,40,10,0,long,shock,True,2000000.0,5000000.0,2010,0.11155623646993115,0.25,0.0,0.272086536046794
long_shock_break,2,20260818,fully_indexed,2016,146999497.50624347,26480330.169959277,120519167.33628419,118066302.18522426,12847602.779254228,105218699.40597004,28933195.321019206,13632727.390705049,15300467.930314157,2530638.036992001,6326595.092480002,1.2653190184960004,1.2653190184960004,55,21,0,long,shock,True,2000000.0,5000000.0,2010,0.1801389162492517,0.38181818181818183,0.0,0.5148246756443677
long_shock_break,2,20260818,fully_indexed,2017,122879260.43808374,18593981.83863779,104285278.59944595,91511780.62044883,8403255.671393113,83108524.9490557,31367479.817634914,10190726.167244677,21176753.650390238,2631863.558471681,6579658.896179202,1.3159317792358405,1.3159317792358405,46,16,0,long,shock,True,2000000.0,5000000.0,2010,0.15131912230222858,0.34782608695652173,0.0,0.5480658341866627
long_shock_break,2,20260818,fully_indexed,2018,134345328.92191297,24534344.22921498,109810984.692698,113226141.621624,17020095.212876543,96206046.40874746,21119187.300288983,7514249.01633844,13604938.283950545,2737138.1008105483,6842845.252026371,1.368569050405274,1.368569050405274,48,14,1,long,shock,True,2000000.0,5000000.0,2010,0.18262149064725094,0.2916666666666667,0.020833333333333332,0.3062747039878339
long_shock_break,2,20260818,fully_indexed,2019,156829783.7362602,47004510.56043937,109825273.17582084,116743374.27477026,27481521.933591686,89261852.34117857,40086409.46148996,19522988.626847684,20563420.834642272,2846623.62484297,7116559.062107426,1.4233118124214852,1.4233118124214852,45,18,1,long,shock,True,2000000.0,5000000.0,2010,0.2997167339048723,0.4,0.022222222222222223,0.4153428765468076
long_shock_break,2,20260818,fully_indexed,2020,173408790.64281577,33488316.956373043,139920473.68644273,112124627.63232444,13487140.96399767,98637486.66832677,61284163.010491356,20001175.992375374,41282987.018115975,2960488.569836689,7401221.424591723,1.4802442849183446,1.4802442849183446,55,16,0,long,shock,True,2000000.0,5000000.0,2010,0.19311775851866508,0.2909090909090909,0.0,0.5972583220121792
long_shock_break,2,20260818,fully_indexed,2021,182951306.65188447,29523853.390445553,153427453.2614389,74903729.45951921,1949826.1622450761,72953903.29727411,108047577.19236526,27574027.228200484,80473549.96416478,3138117.8840268906,7845294.710067227,1.5690589420134453,1.5690589420134453,53,17,2,long,shock,True,2000000.0,5000000.0,2010,0.16137547159814966,0.32075471698113206,0.03773584905660377,0.9339575990823722
long_shock_break,2,20260818,fully_indexed,2022,204728305.9940071,42894689.867485985,161833616.1265211,82999464.27635387,4098052.651109102,78901411.62524477,121728841.71765324,38796637.21637688,82932204.50127637,3326404.9570685043,8316012.39267126,1.663202478534252,1.663202478534252,56,19,3,long,shock,True,2000000.0,5000000.0,2010,0.20952007422335442,0.3392857142857143,0.05357142857142857,0.9044624716073442
long_shock_break,2,20260818,fully_indexed,2023,167370808.80301023,34428516.4366235,132942292.36638671,33989828.02923908,0.0,33989828.02923908,133380980.77377115,34428516.4366235,98952464.33714765,3725573.551916725,9313933.879791813,1.8627867759583625,1.8627867759583625,41,17,1,long,shock,True,2000000.0,5000000.0,2010,0.20570203778572102,0.4146341463414634,0.024390243902439025,1.0
long_shock_break,2,20260818,fully_indexed,2024,200813750.82298064,29311809.47906492,171501941.34391573,7152787.588952039,0.0,7152787.588952039,193660963.23402864,29311809.47906492,164349153.75496373,4098130.9071083977,10245327.267770994,2.049065453554199,2.049065453554199,50,16,0,long,shock,True,2000000.0,5000000.0,2010,0.1459651510862101,0.32,0.0,1.0
