analysis_type,comparison_id,experiment_step,source_file,analysis_family,scenario_id,basis,model_a,model_b,sensitivity_a,sensitivity_b,required_pairs,valid_pairs,excluded_pairs,mean_ape_a,mean_ape_b,mean_paired_difference,median_paired_difference,std_paired_difference,win_rate_a,win_rate_b,tie_rate,bootstrap_ci_lower,bootstrap_ci_upper,inference_direction,group_type,pool_label
paired_comparison,step24_poisson_interaction_vs_poisson,24,outputs/step31_paired_comparisons/paired_model_comparison_summary.csv,core_model,long_emerging_break,ceded,regularized_poisson_break_interaction,regularized_poisson,,,50,50,0,77.16297387350838,119.20571841102044,-42.042744537512064,-38.87263874496989,22.45333737658465,0.96,0.04,0.0,-48.07338883780973,-35.94204961901255,favors_A,scenario_basis,
paired_comparison,step24_poisson_interaction_vs_poisson,24,outputs/step31_paired_comparisons/paired_model_comparison_summary.csv,core_model,long_emerging_break,gross,regularized_poisson_break_interaction,regularized_poisson,,,50,50,0,47.446614512602906,43.359985449352834,4.086629063250055,5.014209294428088,7.738009341138013,0.32,0.68,0.0,1.9362693621794484,6.226294334696766,favors_B,scenario_basis,
paired_comparison,step24_poisson_interaction_vs_poisson,24,outputs/step31_paired_comparisons/paired_model_comparison_summary.csv,core_model,long_emerging_no_break,ceded,regularized_poisson_break_interaction,regularized_poisson,,,50,50,0,39.58659945294114,39.58659946256034,-9.619201031263458e-09,0.0,1.2140133879773833e-07,0.3,0.38,0.32,-4.6578757565418615e-08,1.9942446244813894e-08,includes_zero,scenario_basis,
paired_comparison,step24_poisson_interaction_vs_poisson,24,outputs/step31_paired_comparisons/paired_model_comparison_summary.csv,core_model,long_emerging_no_break,gross,regularized_poisson_break_interaction,regularized_poisson,,,50,50,0,10.34153831589554,10.341586257071492,-4.794117595157354e-05,-1.265606623501725e-05,0.0002016617547422,0.56,0.44,0.0,-0.000104893851775,5.206705188252832e-06,includes_zero,scenario_basis,
paired_comparison,step24_poisson_interaction_vs_poisson,24,outputs/step31_paired_comparisons/paired_model_comparison_summary.csv,core_model,long_shock_break,ceded,regularized_poisson_break_interaction,regularized_poisson,,,50,50,0,53.54479781212886,96.50452810391612,-42.95973029178724,-38.65461048525498,22.82579559383264,0.98,0.02,0.0,-49.354228685179706,-36.80318744634565,favors_A,scenario_basis,
paired_comparison,step24_poisson_interaction_vs_poisson,24,outputs/step31_paired_comparisons/paired_model_comparison_summary.csv,core_model,long_shock_break,gross,regularized_poisson_break_interaction,regularized_poisson,,,50,50,0,47.55678850478428,53.720745697573,-6.163957192788724,-4.5723838413032745,6.678110844160954,0.82,0.18,0.0,-7.997860663236789,-4.366267118750377,favors_A,scenario_basis,
paired_comparison,step24_poisson_interaction_vs_poisson,24,outputs/step31_paired_comparisons/paired_model_comparison_summary.csv,core_model,long_shock_no_break,ceded,regularized_poisson_break_interaction,regularized_poisson,,,50,50,0,27.397424086382784,27.39742344874184,6.376409522945714e-07,0.0,4.4750311439861474e-06,0.28,0.42,0.3,-2.579998117147041e-09,1.9106119517907084e-06,includes_zero,scenario_basis,
paired_comparison,step24_poisson_interaction_vs_poisson,24,outputs/step31_paired_comparisons/paired_model_comparison_summary.csv,core_model,long_shock_no_break,gross,regularized_poisson_break_interaction,regularized_poisson,,,50,50,0,6.062110338178432,6.062115719784584,-5.381606150696439e-06,1.3197429016287288e-06,8.108815974626649e-05,0.44,0.56,0.0,-2.818238923072604e-05,1.7137519192396363e-05,includes_zero,scenario_basis,
paired_comparison,step24_poisson_interaction_vs_poisson,24,outputs/step31_paired_comparisons/paired_model_comparison_summary.csv,core_model,long_stable_break,ceded,regularized_poisson_break_interaction,regularized_poisson,,,50,50,0,60.29453247705186,110.52366178415976,-50.22912930710791,-44.760290570059695,25.719164740872124,0.96,0.04,0.0,-57.48925468706075,-43.34510396233145,favors_A,scenario_basis,
paired_comparison,step24_poisson_interaction_vs_poisson,24,outputs/step31_paired_comparisons/paired_model_comparison_summary.csv,core_model,long_stable_break,gross,regularized_poisson_break_interaction,regularized_poisson,,,50,50,0,51.01844249312768,57.755131485498005,-6.7366889923703335,-5.430504549693865,5.946177008409368,0.94,0.06,0.0,-8.433157163471074,-5.1693335306225885,favors_A,scenario_basis,
paired_comparison,step24_poisson_interaction_vs_poisson,24,outputs/step31_paired_comparisons/paired_model_comparison_summary.csv,core_model,long_stable_no_break,ceded,regularized_poisson_break_interaction,regularized_poisson,,,50,50,0,35.638948233774,35.63894822881193,4.9620840725239655e-09,0.0,2.623921187003453e-08,0.2,0.34,0.46,-8.046288502150387e-10,1.3157820710762991e-08,includes_zero,scenario_basis,
paired_comparison,step24_poisson_interaction_vs_poisson,24,outputs/step31_paired_comparisons/paired_model_comparison_summary.csv,core_model,long_stable_no_break,gross,regularized_poisson_break_interaction,regularized_poisson,,,50,50,0,8.233086202991466,8.233083421981753,2.781009712525817e-06,-3.3292765877490644e-08,2.969539649367259e-05,0.52,0.48,0.0,-5.200922801405021e-06,1.1175925753020175e-05,includes_zero,scenario_basis,
paired_comparison,step24_poisson_interaction_vs_poisson,24,outputs/step31_paired_comparisons/paired_model_comparison_summary.csv,core_model,short_emerging_no_break,ceded,regularized_poisson_break_interaction,regularized_poisson,,,50,50,0,20.37092503756197,20.370924758574013,2.789879577225208e-07,1.9060308886764687e-12,2.248542384446638e-06,0.36,0.52,0.12,-1.048169481977501e-07,9.495625615439928e-07,includes_zero,scenario_basis,
paired_comparison,step24_poisson_interaction_vs_poisson,24,outputs/step31_paired_comparisons/paired_model_comparison_summary.csv,core_model,short_emerging_no_break,gross,regularized_poisson_break_interaction,regularized_poisson,,,50,50,0,13.414939002379429,13.414934448403462,4.553975970167102e-06,3.106361390337042e-09,2.2734482689680373e-05,0.44,0.56,0.0,-8.468774668964405e-07,1.1601470872861396e-05,includes_zero,scenario_basis,
paired_comparison,step24_poisson_interaction_vs_poisson,24,outputs/step31_paired_comparisons/paired_model_comparison_summary.csv,core_model,short_shock_no_break,ceded,regularized_poisson_break_interaction,regularized_poisson,,,50,50,0,16.00974160738558,16.009741622866144,-1.5480563781977708e-08,1.5987211554602254e-14,1.6294780211034153e-07,0.46,0.44,0.1,-6.566535589891397e-08,2.5022991193446313e-08,includes_zero,scenario_basis,
paired_comparison,step24_poisson_interaction_vs_poisson,24,outputs/step31_paired_comparisons/paired_model_comparison_summary.csv,core_model,short_shock_no_break,gross,regularized_poisson_break_interaction,regularized_poisson,,,50,50,0,12.172741677812596,12.172741214902532,4.629100633857242e-07,4.13510115038207e-10,1.2230581746963732e-05,0.42,0.56,0.02,-3.129982402112925e-06,3.601003405451997e-06,includes_zero,scenario_basis,
paired_comparison,step24_poisson_interaction_vs_poisson,24,outputs/step31_paired_comparisons/paired_model_comparison_summary.csv,core_model,short_stable_no_break,ceded,regularized_poisson_break_interaction,regularized_poisson,,,50,50,0,19.75950669449554,19.75950709497345,-4.004779221800092e-07,-4.440892098500626e-14,2.8207228929969976e-06,0.36,0.28,0.36,-1.2043418104626946e-06,6.715132665813243e-09,includes_zero,scenario_basis,
paired_comparison,step24_poisson_interaction_vs_poisson,24,outputs/step31_paired_comparisons/paired_model_comparison_summary.csv,core_model,short_stable_no_break,gross,regularized_poisson_break_interaction,regularized_poisson,,,50,50,0,11.824110400433907,11.824109037983623,1.3624502804329695e-06,2.7670921110001245e-12,8.316193253760228e-06,0.46,0.52,0.02,-1.4601117783892557e-07,4.017979754259305e-06,includes_zero,scenario_basis,
paired_comparison,step24_poisson_interaction_vs_poisson,24,outputs/step31_paired_comparisons/paired_model_comparison_summary.csv,core_model,__pooled__,ceded,regularized_poisson_break_interaction,regularized_poisson,,,150,150,0,63.66743472089637,108.74463609969878,-45.07720137880241,-40.97246669626064,23.83631132175701,0.9666666666666668,0.0333333333333333,0.0,-48.8566066929283,-41.33200871136861,favors_A,pooled_structural_basis,break
paired_comparison,step24_poisson_interaction_vs_poisson,24,outputs/step31_paired_comparisons/paired_model_comparison_summary.csv,core_model,__pooled__,ceded,regularized_poisson_break_interaction,regularized_poisson,,,300,300,0,26.460524185423505,26.46052410275462,8.266888451606095e-08,0.0,2.349939574544514e-06,0.3266666666666666,0.3966666666666666,0.2766666666666666,-1.5668730276048128e-07,3.639160816213959e-07,includes_zero,pooled_structural_basis,no_break
paired_comparison,step24_poisson_interaction_vs_poisson,24,outputs/step31_paired_comparisons/paired_model_comparison_summary.csv,core_model,__pooled__,gross,regularized_poisson_break_interaction,regularized_poisson,,,150,150,0,48.67394850350495,51.61195421080796,-2.938005707303,-2.916803329190831,8.41891059867108,0.6933333333333334,0.3066666666666666,0.0,-4.262576754703263,-1.6374504412145328,favors_A,pooled_structural_basis,break
paired_comparison,step24_poisson_interaction_vs_poisson,24,outputs/step31_paired_comparisons/paired_model_comparison_summary.csv,core_model,__pooled__,gross,regularized_poisson_break_interaction,regularized_poisson,,,300,300,0,10.341420989615228,10.341428350021244,-7.360406012626395e-06,6.479572434159309e-11,9.136257370717104e-05,0.4733333333333333,0.52,0.0066666666666666,-1.8287585260939067e-05,2.4568972609009025e-06,includes_zero,pooled_structural_basis,no_break
paired_comparison,step25_tweedie_vs_poisson,25,outputs/step31_paired_comparisons/paired_model_comparison_summary.csv,core_model,long_emerging_break,ceded,regularized_tweedie,regularized_poisson,,,50,50,0,105.46914325269876,119.20571933714804,-13.736576084449258,-4.107774802099087,30.57254659925341,0.82,0.18,0.0,-22.36511344008824,-5.425787887514925,favors_A,scenario_basis,
paired_comparison,step25_tweedie_vs_poisson,25,outputs/step31_paired_comparisons/paired_model_comparison_summary.csv,core_model,long_emerging_break,gross,regularized_tweedie,regularized_poisson,,,50,50,0,34.706781490384714,43.36001361196232,-8.653232121577608,-7.107162934294745,8.66102316751349,0.84,0.16,0.0,-11.128636408416105,-6.336843996641138,favors_A,scenario_basis,
paired_comparison,step25_tweedie_vs_poisson,25,outputs/step31_paired_comparisons/paired_model_comparison_summary.csv,core_model,long_emerging_no_break,ceded,regularized_tweedie,regularized_poisson,,,50,50,0,33.471785044563205,39.58659946692973,-6.114814422366512,1.1181024375585888,27.110380640796883,0.36,0.64,0.0,-14.521224688237496,0.4526368137183509,includes_zero,scenario_basis,
paired_comparison,step25_tweedie_vs_poisson,25,outputs/step31_paired_comparisons/paired_model_comparison_summary.csv,core_model,long_emerging_no_break,gross,regularized_tweedie,regularized_poisson,,,50,50,0,11.57975121743153,10.341576073790376,1.238175143641156,1.3603740775172035,6.549236914508748,0.36,0.64,0.0,-0.566969344359341,3.033920213617721,includes_zero,scenario_basis,
paired_comparison,step25_tweedie_vs_poisson,25,outputs/step31_paired_comparisons/paired_model_comparison_summary.csv,core_model,long_shock_break,ceded,regularized_tweedie,regularized_poisson,,,50,50,0,82.74562832941736,96.50452811951016,-13.758899790092803,-5.550509816705841,24.91238853735853,0.92,0.08,0.0,-20.503584811589267,-7.0381582355605525,favors_A,scenario_basis,
paired_comparison,step25_tweedie_vs_poisson,25,outputs/step31_paired_comparisons/paired_model_comparison_summary.csv,core_model,long_shock_break,gross,regularized_tweedie,regularized_poisson,,,50,50,0,50.55345320976579,53.720737129996834,-3.1672839202310428,-1.911868802777512,8.241669338835715,0.68,0.32,0.0,-5.458614170491548,-0.9190600189739628,favors_A,scenario_basis,
paired_comparison,step25_tweedie_vs_poisson,25,outputs/step31_paired_comparisons/paired_model_comparison_summary.csv,core_model,long_shock_no_break,ceded,regularized_tweedie,regularized_poisson,,,50,50,0,28.429622073418127,27.397423234596094,1.0321988388220331,1.0035598944091555,19.50998771607264,0.32,0.68,0.0,-4.503434272830129,6.019262682410441,includes_zero,scenario_basis,
paired_comparison,step25_tweedie_vs_poisson,25,outputs/step31_paired_comparisons/paired_model_comparison_summary.csv,core_model,long_shock_no_break,gross,regularized_tweedie,regularized_poisson,,,50,50,0,5.82539971489986,6.06211220802678,-0.2367124931269208,-1.2880825212797486,5.087821291051227,0.62,0.38,0.0,-1.5727941644283543,1.176998862183299,includes_zero,scenario_basis,
paired_comparison,step25_tweedie_vs_poisson,25,outputs/step31_paired_comparisons/paired_model_comparison_summary.csv,core_model,long_stable_break,ceded,regularized_tweedie,regularized_poisson,,,50,50,0,103.72748887734356,110.52366174499306,-6.796172867649514,-2.5543754778105523,19.26094724018033,0.84,0.16,0.0,-12.228534407511065,-1.478627612837023,favors_A,scenario_basis,
paired_comparison,step25_tweedie_vs_poisson,25,outputs/step31_paired_comparisons/paired_model_comparison_summary.csv,core_model,long_stable_break,gross,regularized_tweedie,regularized_poisson,,,50,50,0,55.45047988190001,57.75512477621739,-2.304644894317391,-0.8108375016365841,5.871823123947816,0.56,0.44,0.0,-3.981727934342104,-0.765286137320082,favors_A,scenario_basis,
paired_comparison,step25_tweedie_vs_poisson,25,outputs/step31_paired_comparisons/paired_model_comparison_summary.csv,core_model,long_stable_no_break,ceded,regularized_tweedie,regularized_poisson,,,50,50,0,33.910848948269944,35.63894820833223,-1.7280992600622884,0.9644284422995152,12.874748518777563,0.32,0.68,0.0,-5.497672339720256,1.541967109536723,includes_zero,scenario_basis,
paired_comparison,step25_tweedie_vs_poisson,25,outputs/step31_paired_comparisons/paired_model_comparison_summary.csv,core_model,long_stable_no_break,gross,regularized_tweedie,regularized_poisson,,,50,50,0,7.968911109520853,8.233082501770161,-0.2641713922493061,0.1088608801622674,2.2730129317586525,0.46,0.54,0.0,-0.9091293840834932,0.3228994674397633,includes_zero,scenario_basis,
paired_comparison,step25_tweedie_vs_poisson,25,outputs/step31_paired_comparisons/paired_model_comparison_summary.csv,core_model,short_emerging_no_break,ceded,regularized_tweedie,regularized_poisson,,,50,50,0,19.84516767596454,20.370924755569856,-0.5257570796053175,0.5132017573672734,8.491878558126515,0.48,0.52,0.0,-2.974454933034032,1.7854418003180572,includes_zero,scenario_basis,
paired_comparison,step25_tweedie_vs_poisson,25,outputs/step31_paired_comparisons/paired_model_comparison_summary.csv,core_model,short_emerging_no_break,gross,regularized_tweedie,regularized_poisson,,,50,50,0,14.780852816465035,13.414933073702468,1.365919742762564,0.4687730749859236,8.361238893547927,0.42,0.58,0.0,-0.8434368525929494,3.793767775373437,includes_zero,scenario_basis,
paired_comparison,step25_tweedie_vs_poisson,25,outputs/step31_paired_comparisons/paired_model_comparison_summary.csv,core_model,short_shock_no_break,ceded,regularized_tweedie,regularized_poisson,,,50,50,0,18.22717846658633,16.009741622204032,2.217436844382299,0.7531713003264119,7.334203988585349,0.42,0.58,0.0,0.3233170744376541,4.3427340139776245,favors_B,scenario_basis,
paired_comparison,step25_tweedie_vs_poisson,25,outputs/step31_paired_comparisons/paired_model_comparison_summary.csv,core_model,short_shock_no_break,gross,regularized_tweedie,regularized_poisson,,,50,50,0,13.948839022728482,12.172738798237509,1.7761002244909716,0.2250441623958474,8.628958367634281,0.48,0.52,0.0,-0.3993734100111271,4.313119716997203,includes_zero,scenario_basis,
paired_comparison,step25_tweedie_vs_poisson,25,outputs/step31_paired_comparisons/paired_model_comparison_summary.csv,core_model,short_stable_no_break,ceded,regularized_tweedie,regularized_poisson,,,50,50,0,23.82365646011052,19.759507104152306,4.064149355958214,1.5383196525540734,12.119671345075393,0.26,0.74,0.0,1.3092454227721917,7.845030451028367,favors_B,scenario_basis,
paired_comparison,step25_tweedie_vs_poisson,25,outputs/step31_paired_comparisons/paired_model_comparison_summary.csv,core_model,short_stable_no_break,gross,regularized_tweedie,regularized_poisson,,,50,50,0,12.984374173678656,11.824110423023251,1.1602637506554072,0.3410267792430097,4.364734720930026,0.32,0.68,0.0,-0.0730491675245455,2.342289463645185,includes_zero,scenario_basis,
paired_comparison,step21_break_aware_bf_vs_standard_bf,21,outputs/step31_paired_comparisons/paired_model_comparison_summary.csv,core_model,long_emerging_break,ceded,bornhuetter_ferguson_break_aware,bornhuetter_ferguson_standard,,,50,50,0,45.14987093013515,30.132740820250845,15.017130109884295,15.01734665028241,1.216477670597231,0.0,1.0,0.0,14.68276537378012,15.352753528539637,favors_B,scenario_basis,
paired_comparison,step21_break_aware_bf_vs_standard_bf,21,outputs/step31_paired_comparisons/paired_model_comparison_summary.csv,core_model,long_emerging_break,gross,bornhuetter_ferguson_break_aware,bornhuetter_ferguson_standard,,,50,50,0,27.011992978673963,7.065145290390937,19.94684768828302,21.51294021382272,5.024329609249331,0.02,0.98,0.0,18.463198920970736,21.19729534205684,favors_B,scenario_basis,
paired_comparison,step21_break_aware_bf_vs_standard_bf,21,outputs/step31_paired_comparisons/paired_model_comparison_summary.csv,core_model,long_emerging_no_break,ceded,bornhuetter_ferguson_break_aware,bornhuetter_ferguson_standard,,,50,50,0,38.47504950183036,38.47504950183036,0.0,0.0,0.0,0.0,0.0,1.0,0.0,0.0,includes_zero,scenario_basis,
paired_comparison,step21_break_aware_bf_vs_standard_bf,21,outputs/step31_paired_comparisons/paired_model_comparison_summary.csv,core_model,long_emerging_no_break,gross,bornhuetter_ferguson_break_aware,bornhuetter_ferguson_standard,,,50,50,0,21.152436218385105,21.152436218385105,0.0,0.0,0.0,0.0,0.0,1.0,0.0,0.0,includes_zero,scenario_basis,
paired_comparison,step21_break_aware_bf_vs_standard_bf,21,outputs/step31_paired_comparisons/paired_model_comparison_summary.csv,core_model,long_shock_break,ceded,bornhuetter_ferguson_break_aware,bornhuetter_ferguson_standard,,,50,50,0,45.33903085717448,30.83882777799601,14.500203079178457,14.431298651447214,1.1098986740460923,0.0,1.0,0.0,14.20598604912803,14.807154287409038,favors_B,scenario_basis,
paired_comparison,step21_break_aware_bf_vs_standard_bf,21,outputs/step31_paired_comparisons/paired_model_comparison_summary.csv,core_model,long_shock_break,gross,bornhuetter_ferguson_break_aware,bornhuetter_ferguson_standard,,,50,50,0,28.3737380274322,8.185151420696798,20.18858660673541,20.987950861746626,3.684588328533642,0.0,1.0,0.0,19.0912595385723,21.08139786869609,favors_B,scenario_basis,
paired_comparison,step21_break_aware_bf_vs_standard_bf,21,outputs/step31_paired_comparisons/paired_model_comparison_summary.csv,core_model,long_shock_no_break,ceded,bornhuetter_ferguson_break_aware,bornhuetter_ferguson_standard,,,50,50,0,38.78976904397377,38.78976904397377,0.0,0.0,0.0,0.0,0.0,1.0,0.0,0.0,includes_zero,scenario_basis,
paired_comparison,step21_break_aware_bf_vs_standard_bf,21,outputs/step31_paired_comparisons/paired_model_comparison_summary.csv,core_model,long_shock_no_break,gross,bornhuetter_ferguson_break_aware,bornhuetter_ferguson_standard,,,50,50,0,22.570105134322954,22.570105134322954,0.0,0.0,0.0,0.0,0.0,1.0,0.0,0.0,includes_zero,scenario_basis,
paired_comparison,step21_break_aware_bf_vs_standard_bf,21,outputs/step31_paired_comparisons/paired_model_comparison_summary.csv,core_model,long_stable_break,ceded,bornhuetter_ferguson_break_aware,bornhuetter_ferguson_standard,,,50,50,0,45.65480024743361,29.796976089153787,15.857824158279827,15.88055199984685,1.3929256648625647,0.0,1.0,0.0,15.480913633481803,16.237570110569404,favors_B,scenario_basis,
paired_comparison,step21_break_aware_bf_vs_standard_bf,21,outputs/step31_paired_comparisons/paired_model_comparison_summary.csv,core_model,long_stable_break,gross,bornhuetter_ferguson_break_aware,bornhuetter_ferguson_standard,,,50,50,0,25.55649034395263,6.324884871111945,19.23160547284069,22.09044180840459,6.801030356990387,0.04,0.96,0.0,17.2472777192381,20.945151940843424,favors_B,scenario_basis,
paired_comparison,step21_break_aware_bf_vs_standard_bf,21,outputs/step31_paired_comparisons/paired_model_comparison_summary.csv,core_model,long_stable_no_break,ceded,bornhuetter_ferguson_break_aware,bornhuetter_ferguson_standard,,,50,50,0,39.0002105153408,39.0002105153408,0.0,0.0,0.0,0.0,0.0,1.0,0.0,0.0,includes_zero,scenario_basis,
paired_comparison,step21_break_aware_bf_vs_standard_bf,21,outputs/step31_paired_comparisons/paired_model_comparison_summary.csv,core_model,long_stable_no_break,gross,bornhuetter_ferguson_break_aware,bornhuetter_ferguson_standard,,,50,50,0,19.420490843638746,19.420490843638746,0.0,0.0,0.0,0.0,0.0,1.0,0.0,0.0,includes_zero,scenario_basis,
paired_comparison,step21_break_aware_bf_vs_standard_bf,21,outputs/step31_paired_comparisons/paired_model_comparison_summary.csv,core_model,short_emerging_no_break,ceded,bornhuetter_ferguson_break_aware,bornhuetter_ferguson_standard,,,50,50,0,55.42616231433485,55.42616231433485,0.0,0.0,0.0,0.0,0.0,1.0,0.0,0.0,includes_zero,scenario_basis,
paired_comparison,step21_break_aware_bf_vs_standard_bf,21,outputs/step31_paired_comparisons/paired_model_comparison_summary.csv,core_model,short_emerging_no_break,gross,bornhuetter_ferguson_break_aware,bornhuetter_ferguson_standard,,,50,50,0,24.1744266123178,24.1744266123178,0.0,0.0,0.0,0.0,0.0,1.0,0.0,0.0,includes_zero,scenario_basis,
paired_comparison,step21_break_aware_bf_vs_standard_bf,21,outputs/step31_paired_comparisons/paired_model_comparison_summary.csv,core_model,short_shock_no_break,ceded,bornhuetter_ferguson_break_aware,bornhuetter_ferguson_standard,,,50,50,0,56.25406514456132,56.25406514456132,0.0,0.0,0.0,0.0,0.0,1.0,0.0,0.0,includes_zero,scenario_basis,
paired_comparison,step21_break_aware_bf_vs_standard_bf,21,outputs/step31_paired_comparisons/paired_model_comparison_summary.csv,core_model,short_shock_no_break,gross,bornhuetter_ferguson_break_aware,bornhuetter_ferguson_standard,,,50,50,0,25.620481335820912,25.620481335820912,0.0,0.0,0.0,0.0,0.0,1.0,0.0,0.0,includes_zero,scenario_basis,
paired_comparison,step21_break_aware_bf_vs_standard_bf,21,outputs/step31_paired_comparisons/paired_model_comparison_summary.csv,core_model,short_stable_no_break,ceded,bornhuetter_ferguson_break_aware,bornhuetter_ferguson_standard,,,50,50,0,54.30129061064683,54.30129061064683,0.0,0.0,0.0,0.0,0.0,1.0,0.0,0.0,includes_zero,scenario_basis,
paired_comparison,step21_break_aware_bf_vs_standard_bf,21,outputs/step31_paired_comparisons/paired_model_comparison_summary.csv,core_model,short_stable_no_break,gross,bornhuetter_ferguson_break_aware,bornhuetter_ferguson_standard,,,50,50,0,22.760823807635084,22.760823807635084,0.0,0.0,0.0,0.0,0.0,1.0,0.0,0.0,includes_zero,scenario_basis,
paired_comparison,step28_ceded_specific_bf_vs_standard_bf,28,outputs/step31_paired_comparisons/paired_model_comparison_summary.csv,core_model,long_emerging_break,ceded,bornhuetter_ferguson_ceded_specific,bornhuetter_ferguson_standard,,,50,50,0,16.04327092748193,30.132740820250845,-14.089469892768916,-14.244645634822096,14.745165436496029,0.8,0.2,0.0,-18.10107775293105,-9.99188792525897,favors_A,scenario_basis,
paired_comparison,step28_ceded_specific_bf_vs_standard_bf,28,outputs/step31_paired_comparisons/paired_model_comparison_summary.csv,core_model,long_emerging_no_break,ceded,bornhuetter_ferguson_ceded_specific,bornhuetter_ferguson_standard,,,50,50,0,6.554134291190044,38.47504950183036,-31.92091521064032,-35.13449718782044,7.559715577824975,1.0,0.0,0.0,-33.87293691816037,-29.80145252747999,favors_A,scenario_basis,
paired_comparison,step28_ceded_specific_bf_vs_standard_bf,28,outputs/step31_paired_comparisons/paired_model_comparison_summary.csv,core_model,long_shock_break,ceded,bornhuetter_ferguson_ceded_specific,bornhuetter_ferguson_standard,,,50,50,0,12.926369856333046,30.83882777799601,-17.912457921662963,-19.02608488584679,13.477288913494608,0.92,0.08,0.0,-21.48295995556629,-14.171550465138424,favors_A,scenario_basis,
paired_comparison,step28_ceded_specific_bf_vs_standard_bf,28,outputs/step31_paired_comparisons/paired_model_comparison_summary.csv,core_model,long_shock_no_break,ceded,bornhuetter_ferguson_ceded_specific,bornhuetter_ferguson_standard,,,50,50,0,6.03032896204903,38.78976904397377,-32.759440081924744,-35.07775408522737,6.17227649995198,1.0,0.0,0.0,-34.36627745390319,-31.02088445090985,favors_A,scenario_basis,
paired_comparison,step28_ceded_specific_bf_vs_standard_bf,28,outputs/step31_paired_comparisons/paired_model_comparison_summary.csv,core_model,long_stable_break,ceded,bornhuetter_ferguson_ceded_specific,bornhuetter_ferguson_standard,,,50,50,0,18.76653102378645,29.796976089153787,-11.03044506536733,-10.873122044635654,16.368264591770192,0.72,0.28,0.0,-15.459172462294468,-6.575482475490927,favors_A,scenario_basis,
paired_comparison,step28_ceded_specific_bf_vs_standard_bf,28,outputs/step31_paired_comparisons/paired_model_comparison_summary.csv,core_model,long_stable_no_break,ceded,bornhuetter_ferguson_ceded_specific,bornhuetter_ferguson_standard,,,50,50,0,7.364594769621686,39.0002105153408,-31.63561574571912,-35.66080717555225,8.561925231670894,1.0,0.0,0.0,-33.89095324957542,-29.17268516450611,favors_A,scenario_basis,
paired_comparison,step28_ceded_specific_bf_vs_standard_bf,28,outputs/step31_paired_comparisons/paired_model_comparison_summary.csv,core_model,short_emerging_no_break,ceded,bornhuetter_ferguson_ceded_specific,bornhuetter_ferguson_standard,,,50,50,0,11.126378622341754,55.42616231433485,-44.2997836919931,-49.37020090972528,13.39667525388724,0.98,0.02,0.0,-47.78078838966748,-40.38987264410148,favors_A,scenario_basis,
paired_comparison,step28_ceded_specific_bf_vs_standard_bf,28,outputs/step31_paired_comparisons/paired_model_comparison_summary.csv,core_model,short_shock_no_break,ceded,bornhuetter_ferguson_ceded_specific,bornhuetter_ferguson_standard,,,50,50,0,9.805764945647118,56.25406514456132,-46.44830019891421,-51.203322277552914,11.729107108462133,0.98,0.02,0.0,-49.40973993794878,-43.02705402530756,favors_A,scenario_basis,
paired_comparison,step28_ceded_specific_bf_vs_standard_bf,28,outputs/step31_paired_comparisons/paired_model_comparison_summary.csv,core_model,short_stable_no_break,ceded,bornhuetter_ferguson_ceded_specific,bornhuetter_ferguson_standard,,,50,50,0,13.073480251433685,54.30129061064683,-41.22781035921314,-46.50808172337618,16.312940217163774,0.96,0.04,0.0,-45.44394101499134,-36.64930155742577,favors_A,scenario_basis,
paired_comparison,step28_break_aware_ceded_specific_vs_break_aware_bf,28,outputs/step31_paired_comparisons/paired_model_comparison_summary.csv,core_model,long_emerging_break,ceded,bornhuetter_ferguson_break_aware_ceded_specific,bornhuetter_ferguson_break_aware,,,50,50,0,6.748986049889644,45.14987093013515,-38.4008848802455,-41.51977376862333,7.787499668821319,1.0,0.0,0.0,-40.46022607794351,-36.1203213641503,favors_A,scenario_basis,
paired_comparison,step28_break_aware_ceded_specific_vs_break_aware_bf,28,outputs/step31_paired_comparisons/paired_model_comparison_summary.csv,core_model,long_emerging_no_break,ceded,bornhuetter_ferguson_break_aware_ceded_specific,bornhuetter_ferguson_break_aware,,,50,50,0,6.554134291190044,38.47504950183036,-31.92091521064032,-35.13449718782044,7.559715577824975,1.0,0.0,0.0,-33.87293691816037,-29.80145252747999,favors_A,scenario_basis,
paired_comparison,step28_break_aware_ceded_specific_vs_break_aware_bf,28,outputs/step31_paired_comparisons/paired_model_comparison_summary.csv,core_model,long_shock_break,ceded,bornhuetter_ferguson_break_aware_ceded_specific,bornhuetter_ferguson_break_aware,,,50,50,0,6.096330781524509,45.33903085717448,-39.24270007564996,-41.492283330433054,6.181316081735057,1.0,0.0,0.0,-40.81523972389791,-37.42571176192696,favors_A,scenario_basis,
paired_comparison,step28_break_aware_ceded_specific_vs_break_aware_bf,28,outputs/step31_paired_comparisons/paired_model_comparison_summary.csv,core_model,long_shock_no_break,ceded,bornhuetter_ferguson_break_aware_ceded_specific,bornhuetter_ferguson_break_aware,,,50,50,0,6.03032896204903,38.78976904397377,-32.759440081924744,-35.07775408522737,6.17227649995198,1.0,0.0,0.0,-34.36627745390319,-31.02088445090985,favors_A,scenario_basis,
paired_comparison,step28_break_aware_ceded_specific_vs_break_aware_bf,28,outputs/step31_paired_comparisons/paired_model_comparison_summary.csv,core_model,long_stable_break,ceded,bornhuetter_ferguson_break_aware_ceded_specific,bornhuetter_ferguson_break_aware,,,50,50,0,7.724789348114101,45.65480024743361,-37.93001089931951,-41.41973218500172,8.57610833678539,1.0,0.0,0.0,-40.21793827502373,-35.485665250235,favors_A,scenario_basis,
paired_comparison,step28_break_aware_ceded_specific_vs_break_aware_bf,28,outputs/step31_paired_comparisons/paired_model_comparison_summary.csv,core_model,long_stable_no_break,ceded,bornhuetter_ferguson_break_aware_ceded_specific,bornhuetter_ferguson_break_aware,,,50,50,0,7.364594769621686,39.0002105153408,-31.63561574571912,-35.66080717555225,8.561925231670894,1.0,0.0,0.0,-33.89095324957542,-29.17268516450611,favors_A,scenario_basis,
paired_comparison,step28_break_aware_ceded_specific_vs_break_aware_bf,28,outputs/step31_paired_comparisons/paired_model_comparison_summary.csv,core_model,short_emerging_no_break,ceded,bornhuetter_ferguson_break_aware_ceded_specific,bornhuetter_ferguson_break_aware,,,50,50,0,11.126378622341754,55.42616231433485,-44.2997836919931,-49.37020090972528,13.39667525388724,0.98,0.02,0.0,-47.78078838966748,-40.38987264410148,favors_A,scenario_basis,
paired_comparison,step28_break_aware_ceded_specific_vs_break_aware_bf,28,outputs/step31_paired_comparisons/paired_model_comparison_summary.csv,core_model,short_shock_no_break,ceded,bornhuetter_ferguson_break_aware_ceded_specific,bornhuetter_ferguson_break_aware,,,50,50,0,9.805764945647118,56.25406514456132,-46.44830019891421,-51.203322277552914,11.729107108462133,0.98,0.02,0.0,-49.40973993794878,-43.02705402530756,favors_A,scenario_basis,
paired_comparison,step28_break_aware_ceded_specific_vs_break_aware_bf,28,outputs/step31_paired_comparisons/paired_model_comparison_summary.csv,core_model,short_stable_no_break,ceded,bornhuetter_ferguson_break_aware_ceded_specific,bornhuetter_ferguson_break_aware,,,50,50,0,13.073480251433685,54.30129061064683,-41.22781035921314,-46.50808172337618,16.312940217163774,0.96,0.04,0.0,-45.44394101499134,-36.64930155742577,favors_A,scenario_basis,
paired_comparison,history_10_vs_15,26,outputs/step31_paired_comparisons/history_window_paired_comparisons.csv,history_window,long_emerging_break,ceded,cashflow_uplift,cashflow_uplift,10_year_history,15_year_history,50,0,50,,,,,,,,,,,not_available,scenario_basis_model,
paired_comparison,history_10_vs_15,26,outputs/step31_paired_comparisons/history_window_paired_comparisons.csv,history_window,long_emerging_break,ceded,chain_ladder,chain_ladder,10_year_history,15_year_history,50,0,50,,,,,,,,,,,not_available,scenario_basis_model,
paired_comparison,history_10_vs_15,26,outputs/step31_paired_comparisons/history_window_paired_comparisons.csv,history_window,long_emerging_break,ceded,inflation_adjusted_chain_ladder,inflation_adjusted_chain_ladder,10_year_history,15_year_history,50,0,50,,,,,,,,,,,not_available,scenario_basis_model,
paired_comparison,history_10_vs_15,26,outputs/step31_paired_comparisons/history_window_paired_comparisons.csv,history_window,long_emerging_break,ceded,regularized_poisson,regularized_poisson,10_year_history,15_year_history,50,50,0,615.9381266195736,114.6745218612154,501.2636047583581,300.0079666410921,614.4422922119245,0.02,0.98,0.0,341.12057842044624,680.8360265285811,favors_B,scenario_basis_model,
paired_comparison,history_10_vs_15,26,outputs/step31_paired_comparisons/history_window_paired_comparisons.csv,history_window,long_emerging_break,ceded,regularized_poisson_break_interaction,regularized_poisson_break_interaction,10_year_history,15_year_history,50,50,0,384.45581258377473,80.07783178226873,304.377980801506,212.8397846994742,301.5852889853724,0.04,0.96,0.0,226.4590413220461,391.2008484131016,favors_B,scenario_basis_model,
paired_comparison,history_10_vs_15,26,outputs/step31_paired_comparisons/history_window_paired_comparisons.csv,history_window,long_emerging_break,ceded,regularized_tweedie,regularized_tweedie,10_year_history,15_year_history,50,50,0,448.9811436809468,99.576801337236,349.4043423437109,108.63960803326232,630.221713043027,0.12,0.88,0.0,195.1620877823545,541.5467954922691,favors_B,scenario_basis_model,
paired_comparison,history_10_vs_15,26,outputs/step31_paired_comparisons/history_window_paired_comparisons.csv,history_window,long_emerging_break,gross,cashflow_uplift,cashflow_uplift,10_year_history,15_year_history,50,0,50,,,,,,,,,,,not_available,scenario_basis_model,
paired_comparison,history_10_vs_15,26,outputs/step31_paired_comparisons/history_window_paired_comparisons.csv,history_window,long_emerging_break,gross,chain_ladder,chain_ladder,10_year_history,15_year_history,50,0,50,,,,,,,,,,,not_available,scenario_basis_model,
paired_comparison,history_10_vs_15,26,outputs/step31_paired_comparisons/history_window_paired_comparisons.csv,history_window,long_emerging_break,gross,inflation_adjusted_chain_ladder,inflation_adjusted_chain_ladder,10_year_history,15_year_history,50,0,50,,,,,,,,,,,not_available,scenario_basis_model,
paired_comparison,history_10_vs_15,26,outputs/step31_paired_comparisons/history_window_paired_comparisons.csv,history_window,long_emerging_break,gross,regularized_poisson,regularized_poisson,10_year_history,15_year_history,50,50,0,83.79334390730925,39.50040305402834,44.2929408532809,42.499535173709376,17.682260344384783,0.0,1.0,0.0,39.54830483699078,49.209820058825,favors_B,scenario_basis_model,
paired_comparison,history_10_vs_15,26,outputs/step31_paired_comparisons/history_window_paired_comparisons.csv,history_window,long_emerging_break,gross,regularized_poisson_break_interaction,regularized_poisson_break_interaction,10_year_history,15_year_history,50,50,0,138.80627875121647,41.09853215841322,97.70774659280325,99.54570408558708,33.53621528473438,0.0,1.0,0.0,88.3280362279184,106.84156379848716,favors_B,scenario_basis_model,
paired_comparison,history_10_vs_15,26,outputs/step31_paired_comparisons/history_window_paired_comparisons.csv,history_window,long_emerging_break,gross,regularized_tweedie,regularized_tweedie,10_year_history,15_year_history,50,50,0,68.44151134674658,31.60228561129973,36.839225735446846,34.94494458063574,29.947581328817364,0.14,0.86,0.0,28.57710573791053,44.84211510241221,favors_B,scenario_basis_model,
paired_comparison,history_10_vs_15,26,outputs/step31_paired_comparisons/history_window_paired_comparisons.csv,history_window,long_emerging_no_break,ceded,cashflow_uplift,cashflow_uplift,10_year_history,15_year_history,50,0,50,,,,,,,,,,,not_available,scenario_basis_model,
paired_comparison,history_10_vs_15,26,outputs/step31_paired_comparisons/history_window_paired_comparisons.csv,history_window,long_emerging_no_break,ceded,chain_ladder,chain_ladder,10_year_history,15_year_history,50,0,50,,,,,,,,,,,not_available,scenario_basis_model,
paired_comparison,history_10_vs_15,26,outputs/step31_paired_comparisons/history_window_paired_comparisons.csv,history_window,long_emerging_no_break,ceded,inflation_adjusted_chain_ladder,inflation_adjusted_chain_ladder,10_year_history,15_year_history,50,0,50,,,,,,,,,,,not_available,scenario_basis_model,
paired_comparison,history_10_vs_15,26,outputs/step31_paired_comparisons/history_window_paired_comparisons.csv,history_window,long_emerging_no_break,ceded,regularized_poisson,regularized_poisson,10_year_history,15_year_history,50,50,0,189.3344556428396,41.16566928289797,148.1687863599416,11.577668609060888,263.29853091028593,0.3,0.7,0.0,80.76519345186837,223.55404672027504,favors_B,scenario_basis_model,
paired_comparison,history_10_vs_15,26,outputs/step31_paired_comparisons/history_window_paired_comparisons.csv,history_window,long_emerging_no_break,ceded,regularized_poisson_break_interaction,regularized_poisson_break_interaction,10_year_history,15_year_history,50,50,0,189.33445564085088,41.16566925948883,148.16878638136205,11.577668623985112,263.2985309071074,0.3,0.7,0.0,80.87861977712315,224.9126273491804,favors_B,scenario_basis_model,
paired_comparison,history_10_vs_15,26,outputs/step31_paired_comparisons/history_window_paired_comparisons.csv,history_window,long_emerging_no_break,ceded,regularized_tweedie,regularized_tweedie,10_year_history,15_year_history,50,50,0,115.11160439807708,37.96660980948806,77.14499458858901,3.388000623837245,243.11965789300032,0.48,0.52,0.0,17.98478227813176,150.9155917256818,favors_B,scenario_basis_model,
paired_comparison,history_10_vs_15,26,outputs/step31_paired_comparisons/history_window_paired_comparisons.csv,history_window,long_emerging_no_break,gross,cashflow_uplift,cashflow_uplift,10_year_history,15_year_history,50,0,50,,,,,,,,,,,not_available,scenario_basis_model,
paired_comparison,history_10_vs_15,26,outputs/step31_paired_comparisons/history_window_paired_comparisons.csv,history_window,long_emerging_no_break,gross,chain_ladder,chain_ladder,10_year_history,15_year_history,50,0,50,,,,,,,,,,,not_available,scenario_basis_model,
paired_comparison,history_10_vs_15,26,outputs/step31_paired_comparisons/history_window_paired_comparisons.csv,history_window,long_emerging_no_break,gross,inflation_adjusted_chain_ladder,inflation_adjusted_chain_ladder,10_year_history,15_year_history,50,0,50,,,,,,,,,,,not_available,scenario_basis_model,
paired_comparison,history_10_vs_15,26,outputs/step31_paired_comparisons/history_window_paired_comparisons.csv,history_window,long_emerging_no_break,gross,regularized_poisson,regularized_poisson,10_year_history,15_year_history,50,50,0,44.77576829319603,11.476109782408075,33.299658510787964,29.21294339429596,33.062503239841554,0.24,0.76,0.0,24.52305751203232,42.63987777459131,favors_B,scenario_basis_model,
paired_comparison,history_10_vs_15,26,outputs/step31_paired_comparisons/history_window_paired_comparisons.csv,history_window,long_emerging_no_break,gross,regularized_poisson_break_interaction,regularized_poisson_break_interaction,10_year_history,15_year_history,50,50,0,44.775884399370895,11.476105004856356,33.29977939451455,29.21268634270988,33.06250246126847,0.24,0.76,0.0,24.40031865727346,42.564572246687646,favors_B,scenario_basis_model,
paired_comparison,history_10_vs_15,26,outputs/step31_paired_comparisons/history_window_paired_comparisons.csv,history_window,long_emerging_no_break,gross,regularized_tweedie,regularized_tweedie,10_year_history,15_year_history,50,50,0,41.83821939244747,12.338058876509972,29.50016051593749,30.211144640922825,31.28719146075815,0.24,0.76,0.0,20.80447620241384,38.09985599000213,favors_B,scenario_basis_model,
paired_comparison,history_10_vs_15,26,outputs/step31_paired_comparisons/history_window_paired_comparisons.csv,history_window,long_shock_break,ceded,cashflow_uplift,cashflow_uplift,10_year_history,15_year_history,50,0,50,,,,,,,,,,,not_available,scenario_basis_model,
paired_comparison,history_10_vs_15,26,outputs/step31_paired_comparisons/history_window_paired_comparisons.csv,history_window,long_shock_break,ceded,chain_ladder,chain_ladder,10_year_history,15_year_history,50,0,50,,,,,,,,,,,not_available,scenario_basis_model,
paired_comparison,history_10_vs_15,26,outputs/step31_paired_comparisons/history_window_paired_comparisons.csv,history_window,long_shock_break,ceded,inflation_adjusted_chain_ladder,inflation_adjusted_chain_ladder,10_year_history,15_year_history,50,0,50,,,,,,,,,,,not_available,scenario_basis_model,
paired_comparison,history_10_vs_15,26,outputs/step31_paired_comparisons/history_window_paired_comparisons.csv,history_window,long_shock_break,ceded,regularized_poisson,regularized_poisson,10_year_history,15_year_history,50,50,0,230.60074028666423,88.49514292054911,142.10559736611512,55.09949357475843,248.1292998356447,0.1,0.9,0.0,81.37534792537656,216.5299595126199,favors_B,scenario_basis_model,
paired_comparison,history_10_vs_15,26,outputs/step31_paired_comparisons/history_window_paired_comparisons.csv,history_window,long_shock_break,ceded,regularized_poisson_break_interaction,regularized_poisson_break_interaction,10_year_history,15_year_history,50,50,0,140.53284207587322,52.20940034877855,88.32344172709465,58.81801580744178,118.06952382397444,0.04,0.96,0.0,59.22626896886214,123.036562835814,favors_B,scenario_basis_model,
paired_comparison,history_10_vs_15,26,outputs/step31_paired_comparisons/history_window_paired_comparisons.csv,history_window,long_shock_break,ceded,regularized_tweedie,regularized_tweedie,10_year_history,15_year_history,50,50,0,170.45996743920514,76.54743973241803,93.91252770678707,28.54495384869615,246.1349535927247,0.28,0.72,0.0,36.27574877058441,170.4020192557731,favors_B,scenario_basis_model,
paired_comparison,history_10_vs_15,26,outputs/step31_paired_comparisons/history_window_paired_comparisons.csv,history_window,long_shock_break,gross,cashflow_uplift,cashflow_uplift,10_year_history,15_year_history,50,0,50,,,,,,,,,,,not_available,scenario_basis_model,
paired_comparison,history_10_vs_15,26,outputs/step31_paired_comparisons/history_window_paired_comparisons.csv,history_window,long_shock_break,gross,chain_ladder,chain_ladder,10_year_history,15_year_history,50,0,50,,,,,,,,,,,not_available,scenario_basis_model,
paired_comparison,history_10_vs_15,26,outputs/step31_paired_comparisons/history_window_paired_comparisons.csv,history_window,long_shock_break,gross,inflation_adjusted_chain_ladder,inflation_adjusted_chain_ladder,10_year_history,15_year_history,50,0,50,,,,,,,,,,,not_available,scenario_basis_model,
paired_comparison,history_10_vs_15,26,outputs/step31_paired_comparisons/history_window_paired_comparisons.csv,history_window,long_shock_break,gross,regularized_poisson,regularized_poisson,10_year_history,15_year_history,50,50,0,105.37736058655122,51.06136467097352,54.31599591557769,51.803066634560935,19.377576457876497,0.0,1.0,0.0,49.19912846991797,59.69050477129685,favors_B,scenario_basis_model,
paired_comparison,history_10_vs_15,26,outputs/step31_paired_comparisons/history_window_paired_comparisons.csv,history_window,long_shock_break,gross,regularized_poisson_break_interaction,regularized_poisson_break_interaction,10_year_history,15_year_history,50,50,0,116.85547836909647,41.98710373383187,74.86837463526463,72.16062701370534,27.49135311905476,0.0,1.0,0.0,67.2552003135041,82.38656840350609,favors_B,scenario_basis_model,
paired_comparison,history_10_vs_15,26,outputs/step31_paired_comparisons/history_window_paired_comparisons.csv,history_window,long_shock_break,gross,regularized_tweedie,regularized_tweedie,10_year_history,15_year_history,50,50,0,100.36126667102327,48.55386697635975,51.807399694663545,48.99082951740324,20.9694990406049,0.0,1.0,0.0,46.20461911237826,57.75257047958426,favors_B,scenario_basis_model,
paired_comparison,history_10_vs_15,26,outputs/step31_paired_comparisons/history_window_paired_comparisons.csv,history_window,long_shock_no_break,ceded,cashflow_uplift,cashflow_uplift,10_year_history,15_year_history,50,0,50,,,,,,,,,,,not_available,scenario_basis_model,
paired_comparison,history_10_vs_15,26,outputs/step31_paired_comparisons/history_window_paired_comparisons.csv,history_window,long_shock_no_break,ceded,chain_ladder,chain_ladder,10_year_history,15_year_history,50,0,50,,,,,,,,,,,not_available,scenario_basis_model,
paired_comparison,history_10_vs_15,26,outputs/step31_paired_comparisons/history_window_paired_comparisons.csv,history_window,long_shock_no_break,ceded,inflation_adjusted_chain_ladder,inflation_adjusted_chain_ladder,10_year_history,15_year_history,50,0,50,,,,,,,,,,,not_available,scenario_basis_model,
paired_comparison,history_10_vs_15,26,outputs/step31_paired_comparisons/history_window_paired_comparisons.csv,history_window,long_shock_no_break,ceded,regularized_poisson,regularized_poisson,10_year_history,15_year_history,50,50,0,58.30513352214355,30.08763183838745,28.2175016837561,6.868038826847488,73.57877515008715,0.38,0.62,0.0,9.654044708767326,49.45073692426378,favors_B,scenario_basis_model,
paired_comparison,history_10_vs_15,26,outputs/step31_paired_comparisons/history_window_paired_comparisons.csv,history_window,long_shock_no_break,ceded,regularized_poisson_break_interaction,regularized_poisson_break_interaction,10_year_history,15_year_history,50,50,0,58.30513352167067,30.087631866272343,28.217501655398323,6.868038814219483,73.5787751619034,0.38,0.62,0.0,9.59277991678584,50.527656681669455,favors_B,scenario_basis_model,
paired_comparison,history_10_vs_15,26,outputs/step31_paired_comparisons/history_window_paired_comparisons.csv,history_window,long_shock_no_break,ceded,regularized_tweedie,regularized_tweedie,10_year_history,15_year_history,50,50,0,25.23846539700017,34.21631505685834,-8.97784965985818,-9.452216828396653,24.51170472461948,0.7,0.3,0.0,-15.661783741194906,-2.15734434956481,favors_A,scenario_basis_model,
paired_comparison,history_10_vs_15,26,outputs/step31_paired_comparisons/history_window_paired_comparisons.csv,history_window,long_shock_no_break,gross,cashflow_uplift,cashflow_uplift,10_year_history,15_year_history,50,0,50,,,,,,,,,,,not_available,scenario_basis_model,
paired_comparison,history_10_vs_15,26,outputs/step31_paired_comparisons/history_window_paired_comparisons.csv,history_window,long_shock_no_break,gross,chain_ladder,chain_ladder,10_year_history,15_year_history,50,0,50,,,,,,,,,,,not_available,scenario_basis_model,
paired_comparison,history_10_vs_15,26,outputs/step31_paired_comparisons/history_window_paired_comparisons.csv,history_window,long_shock_no_break,gross,inflation_adjusted_chain_ladder,inflation_adjusted_chain_ladder,10_year_history,15_year_history,50,0,50,,,,,,,,,,,not_available,scenario_basis_model,
paired_comparison,history_10_vs_15,26,outputs/step31_paired_comparisons/history_window_paired_comparisons.csv,history_window,long_shock_no_break,gross,regularized_poisson,regularized_poisson,10_year_history,15_year_history,50,50,0,48.8390190997808,7.208107268989987,41.63091183079081,44.46652616111383,20.653565382563905,0.02,0.98,0.0,35.813660390797935,47.20482530179644,favors_B,scenario_basis_model,
paired_comparison,history_10_vs_15,26,outputs/step31_paired_comparisons/history_window_paired_comparisons.csv,history_window,long_shock_no_break,gross,regularized_poisson_break_interaction,regularized_poisson_break_interaction,10_year_history,15_year_history,50,50,0,48.83899893549846,7.208082307078004,41.63091662842045,44.46646645028217,20.653580503559848,0.02,0.98,0.0,35.79556830927235,47.28334324570436,favors_B,scenario_basis_model,
paired_comparison,history_10_vs_15,26,outputs/step31_paired_comparisons/history_window_paired_comparisons.csv,history_window,long_shock_no_break,gross,regularized_tweedie,regularized_tweedie,10_year_history,15_year_history,50,50,0,47.49774402505866,7.295915972277753,40.2018280527809,39.80180242105688,16.840846985604234,0.0,1.0,0.0,35.51852629130352,44.75205464862455,favors_B,scenario_basis_model,
paired_comparison,history_10_vs_15,26,outputs/step31_paired_comparisons/history_window_paired_comparisons.csv,history_window,long_stable_break,ceded,cashflow_uplift,cashflow_uplift,10_year_history,15_year_history,50,0,50,,,,,,,,,,,not_available,scenario_basis_model,
paired_comparison,history_10_vs_15,26,outputs/step31_paired_comparisons/history_window_paired_comparisons.csv,history_window,long_stable_break,ceded,chain_ladder,chain_ladder,10_year_history,15_year_history,50,0,50,,,,,,,,,,,not_available,scenario_basis_model,
paired_comparison,history_10_vs_15,26,outputs/step31_paired_comparisons/history_window_paired_comparisons.csv,history_window,long_stable_break,ceded,inflation_adjusted_chain_ladder,inflation_adjusted_chain_ladder,10_year_history,15_year_history,50,0,50,,,,,,,,,,,not_available,scenario_basis_model,
paired_comparison,history_10_vs_15,26,outputs/step31_paired_comparisons/history_window_paired_comparisons.csv,history_window,long_stable_break,ceded,regularized_poisson,regularized_poisson,10_year_history,15_year_history,50,50,0,488.456291197798,105.27706166838912,383.1792295294088,232.13756633024585,382.8853717112424,0.04,0.96,0.0,282.9606490452272,492.8229554801367,favors_B,scenario_basis_model,
paired_comparison,history_10_vs_15,26,outputs/step31_paired_comparisons/history_window_paired_comparisons.csv,history_window,long_stable_break,ceded,regularized_poisson_break_interaction,regularized_poisson_break_interaction,10_year_history,15_year_history,50,50,0,363.842493969674,61.70701165376582,302.1354823159082,199.8354994552112,352.5920951474544,0.0,1.0,0.0,215.7872765071903,407.5939808388302,favors_B,scenario_basis_model,
paired_comparison,history_10_vs_15,26,outputs/step31_paired_comparisons/history_window_paired_comparisons.csv,history_window,long_stable_break,ceded,regularized_tweedie,regularized_tweedie,10_year_history,15_year_history,50,50,0,437.4068484945017,97.5694718683089,339.83737662619285,175.48094006067845,456.8981228855453,0.14,0.86,0.0,221.86084759797583,475.2894837125617,favors_B,scenario_basis_model,
paired_comparison,history_10_vs_15,26,outputs/step31_paired_comparisons/history_window_paired_comparisons.csv,history_window,long_stable_break,gross,cashflow_uplift,cashflow_uplift,10_year_history,15_year_history,50,0,50,,,,,,,,,,,not_available,scenario_basis_model,
paired_comparison,history_10_vs_15,26,outputs/step31_paired_comparisons/history_window_paired_comparisons.csv,history_window,long_stable_break,gross,chain_ladder,chain_ladder,10_year_history,15_year_history,50,0,50,,,,,,,,,,,not_available,scenario_basis_model,
paired_comparison,history_10_vs_15,26,outputs/step31_paired_comparisons/history_window_paired_comparisons.csv,history_window,long_stable_break,gross,inflation_adjusted_chain_ladder,inflation_adjusted_chain_ladder,10_year_history,15_year_history,50,0,50,,,,,,,,,,,not_available,scenario_basis_model,
paired_comparison,history_10_vs_15,26,outputs/step31_paired_comparisons/history_window_paired_comparisons.csv,history_window,long_stable_break,gross,regularized_poisson,regularized_poisson,10_year_history,15_year_history,50,50,0,111.1171520415051,55.23737064135223,55.87978140015285,54.26204777110168,17.84672868430645,0.0,1.0,0.0,51.08447055678872,60.76611713195391,favors_B,scenario_basis_model,
paired_comparison,history_10_vs_15,26,outputs/step31_paired_comparisons/history_window_paired_comparisons.csv,history_window,long_stable_break,gross,regularized_poisson_break_interaction,regularized_poisson_break_interaction,10_year_history,15_year_history,50,50,0,134.6577509257723,44.788126344832136,89.86962458094017,89.74801628270514,27.825192552997176,0.0,1.0,0.0,82.18410229058377,97.65916791921576,favors_B,scenario_basis_model,
paired_comparison,history_10_vs_15,26,outputs/step31_paired_comparisons/history_window_paired_comparisons.csv,history_window,long_stable_break,gross,regularized_tweedie,regularized_tweedie,10_year_history,15_year_history,50,50,0,105.99072477657806,53.01396130653904,52.976763470039,48.8530054089744,19.423240536667315,0.0,1.0,0.0,47.65750621864939,58.32547274982568,favors_B,scenario_basis_model,
paired_comparison,history_10_vs_15,26,outputs/step31_paired_comparisons/history_window_paired_comparisons.csv,history_window,long_stable_no_break,ceded,cashflow_uplift,cashflow_uplift,10_year_history,15_year_history,50,0,50,,,,,,,,,,,not_available,scenario_basis_model,
paired_comparison,history_10_vs_15,26,outputs/step31_paired_comparisons/history_window_paired_comparisons.csv,history_window,long_stable_no_break,ceded,chain_ladder,chain_ladder,10_year_history,15_year_history,50,0,50,,,,,,,,,,,not_available,scenario_basis_model,
paired_comparison,history_10_vs_15,26,outputs/step31_paired_comparisons/history_window_paired_comparisons.csv,history_window,long_stable_no_break,ceded,inflation_adjusted_chain_ladder,inflation_adjusted_chain_ladder,10_year_history,15_year_history,50,0,50,,,,,,,,,,,not_available,scenario_basis_model,
paired_comparison,history_10_vs_15,26,outputs/step31_paired_comparisons/history_window_paired_comparisons.csv,history_window,long_stable_no_break,ceded,regularized_poisson,regularized_poisson,10_year_history,15_year_history,50,50,0,150.33037266482123,37.53070548243112,112.79966718239012,25.317958702244088,194.9498732677864,0.3,0.7,0.0,62.85359069078071,170.5675085773312,favors_B,scenario_basis_model,
paired_comparison,history_10_vs_15,26,outputs/step31_paired_comparisons/history_window_paired_comparisons.csv,history_window,long_stable_no_break,ceded,regularized_poisson_break_interaction,regularized_poisson_break_interaction,10_year_history,15_year_history,50,50,0,150.33037267020222,37.53070547943436,112.79966719076788,25.317958699226587,194.9498732660488,0.3,0.7,0.0,64.57246608799757,169.54817546382063,favors_B,scenario_basis_model,
paired_comparison,history_10_vs_15,26,outputs/step31_paired_comparisons/history_window_paired_comparisons.csv,history_window,long_stable_no_break,ceded,regularized_tweedie,regularized_tweedie,10_year_history,15_year_history,50,50,0,150.9592459510497,37.60783029865865,113.35141565239104,11.961107075043952,213.00556923877383,0.34,0.66,0.0,59.01091538561706,174.8477429111082,favors_B,scenario_basis_model,
paired_comparison,history_10_vs_15,26,outputs/step31_paired_comparisons/history_window_paired_comparisons.csv,history_window,long_stable_no_break,gross,cashflow_uplift,cashflow_uplift,10_year_history,15_year_history,50,0,50,,,,,,,,,,,not_available,scenario_basis_model,
paired_comparison,history_10_vs_15,26,outputs/step31_paired_comparisons/history_window_paired_comparisons.csv,history_window,long_stable_no_break,gross,chain_ladder,chain_ladder,10_year_history,15_year_history,50,0,50,,,,,,,,,,,not_available,scenario_basis_model,
paired_comparison,history_10_vs_15,26,outputs/step31_paired_comparisons/history_window_paired_comparisons.csv,history_window,long_stable_no_break,gross,inflation_adjusted_chain_ladder,inflation_adjusted_chain_ladder,10_year_history,15_year_history,50,0,50,,,,,,,,,,,not_available,scenario_basis_model,
paired_comparison,history_10_vs_15,26,outputs/step31_paired_comparisons/history_window_paired_comparisons.csv,history_window,long_stable_no_break,gross,regularized_poisson,regularized_poisson,10_year_history,15_year_history,50,50,0,46.97116138661162,10.963249864557325,36.00791152205429,37.470132525074526,13.475867339822273,0.0,1.0,0.0,32.35435174253881,39.81448112795988,favors_B,scenario_basis_model,
paired_comparison,history_10_vs_15,26,outputs/step31_paired_comparisons/history_window_paired_comparisons.csv,history_window,long_stable_no_break,gross,regularized_poisson_break_interaction,regularized_poisson_break_interaction,10_year_history,15_year_history,50,50,0,46.97116022876289,10.96324787116422,36.00791235759866,37.47014020421113,13.475870040544708,0.0,1.0,0.0,32.366122484259215,39.80377114949669,favors_B,scenario_basis_model,
paired_comparison,history_10_vs_15,26,outputs/step31_paired_comparisons/history_window_paired_comparisons.csv,history_window,long_stable_no_break,gross,regularized_tweedie,regularized_tweedie,10_year_history,15_year_history,50,50,0,47.308961217206125,10.7937541710842,36.51520704612192,38.13652150711244,12.582865156322066,0.0,1.0,0.0,33.03460493913167,40.058103666832345,favors_B,scenario_basis_model,
paired_comparison,history_10_vs_15,26,outputs/step31_paired_comparisons/history_window_paired_comparisons.csv,history_window,short_emerging_no_break,ceded,cashflow_uplift,cashflow_uplift,10_year_history,15_year_history,50,50,0,22.81962414784544,20.80513290759801,2.014491240247428,0.8995734209407502,8.897397427939554,0.44,0.56,0.0,-0.3184275180128863,4.574757186733562,includes_zero,scenario_basis_model,
paired_comparison,history_10_vs_15,26,outputs/step31_paired_comparisons/history_window_paired_comparisons.csv,history_window,short_emerging_no_break,ceded,chain_ladder,chain_ladder,10_year_history,15_year_history,50,50,0,22.209916025310346,20.666275354635363,1.543640670674978,0.6898534743439462,8.604549374031599,0.46,0.54,0.0,-0.6867830035769725,3.9079505481318018,includes_zero,scenario_basis_model,
paired_comparison,history_10_vs_15,26,outputs/step31_paired_comparisons/history_window_paired_comparisons.csv,history_window,short_emerging_no_break,ceded,inflation_adjusted_chain_ladder,inflation_adjusted_chain_ladder,10_year_history,15_year_history,50,50,0,22.476883386877955,20.914821504561537,1.562061882316416,0.5413417322452667,10.336285956107286,0.46,0.54,0.0,-1.1275561365394355,4.4663745586611725,includes_zero,scenario_basis_model,
paired_comparison,history_10_vs_15,26,outputs/step31_paired_comparisons/history_window_paired_comparisons.csv,history_window,short_emerging_no_break,ceded,regularized_poisson,regularized_poisson,10_year_history,15_year_history,50,50,0,19.3879191740042,20.370924755569856,-0.9830055815656564,-0.4188488095578275,9.580716554236616,0.52,0.48,0.0,-3.6350009477164673,1.659798792730239,includes_zero,scenario_basis_model,
paired_comparison,history_10_vs_15,26,outputs/step31_paired_comparisons/history_window_paired_comparisons.csv,history_window,short_emerging_no_break,ceded,regularized_poisson_break_interaction,regularized_poisson_break_interaction,10_year_history,15_year_history,50,50,0,19.38791859917123,20.370925076458025,-0.9830064772867924,-0.418848877858883,9.580716894442464,0.52,0.48,0.0,-3.611898610294365,1.6259546268457727,includes_zero,scenario_basis_model,
paired_comparison,history_10_vs_15,26,outputs/step31_paired_comparisons/history_window_paired_comparisons.csv,history_window,short_emerging_no_break,ceded,regularized_tweedie,regularized_tweedie,10_year_history,15_year_history,50,50,0,19.468798818515523,19.84516767596454,-0.3763688574490152,1.1903345611549794,10.472511296782692,0.44,0.56,0.0,-3.1333000628327765,2.502949764357082,includes_zero,scenario_basis_model,
paired_comparison,history_10_vs_15,26,outputs/step31_paired_comparisons/history_window_paired_comparisons.csv,history_window,short_emerging_no_break,gross,cashflow_uplift,cashflow_uplift,10_year_history,15_year_history,50,50,0,8.58706909533216,8.870810646878272,-0.2837415515461146,-0.2948682200142922,3.3499698015470245,0.52,0.48,0.0,-1.174491674574808,0.6405935767778655,includes_zero,scenario_basis_model,
paired_comparison,history_10_vs_15,26,outputs/step31_paired_comparisons/history_window_paired_comparisons.csv,history_window,short_emerging_no_break,gross,chain_ladder,chain_ladder,10_year_history,15_year_history,50,50,0,8.464252746294548,8.624341509151018,-0.1600887628564708,0.2659047882048275,3.2110104456111923,0.46,0.54,0.0,-1.0639231556812678,0.7101651392941013,includes_zero,scenario_basis_model,
paired_comparison,history_10_vs_15,26,outputs/step31_paired_comparisons/history_window_paired_comparisons.csv,history_window,short_emerging_no_break,gross,inflation_adjusted_chain_ladder,inflation_adjusted_chain_ladder,10_year_history,15_year_history,50,50,0,8.343670655545955,8.859363323278071,-0.5156926677321164,-0.2387571215305473,3.913783099703692,0.54,0.46,0.0,-1.5996817343020726,0.5892585281729521,includes_zero,scenario_basis_model,
paired_comparison,history_10_vs_15,26,outputs/step31_paired_comparisons/history_window_paired_comparisons.csv,history_window,short_emerging_no_break,gross,regularized_poisson,regularized_poisson,10_year_history,15_year_history,50,50,0,12.783370989184384,13.414933073702468,-0.6315620845180842,0.1722165804119395,5.806699871246079,0.5,0.5,0.0,-2.3091103123355654,0.928592092570613,includes_zero,scenario_basis_model,
paired_comparison,history_10_vs_15,26,outputs/step31_paired_comparisons/history_window_paired_comparisons.csv,history_window,short_emerging_no_break,gross,regularized_poisson_break_interaction,regularized_poisson_break_interaction,10_year_history,15_year_history,50,50,0,12.783371685272446,13.414934900176542,-0.6315632149040981,0.1722349365934512,5.80670558159641,0.5,0.5,0.0,-2.231136070175803,0.9262410006319348,includes_zero,scenario_basis_model,
paired_comparison,history_10_vs_15,26,outputs/step31_paired_comparisons/history_window_paired_comparisons.csv,history_window,short_emerging_no_break,gross,regularized_tweedie,regularized_tweedie,10_year_history,15_year_history,50,50,0,13.855288058191066,14.780852816465035,-0.9255647582739672,0.0539076314361544,9.277280902024833,0.48,0.52,0.0,-3.677293547715322,1.475589741917277,includes_zero,scenario_basis_model,
paired_comparison,history_10_vs_15,26,outputs/step31_paired_comparisons/history_window_paired_comparisons.csv,history_window,short_shock_no_break,ceded,cashflow_uplift,cashflow_uplift,10_year_history,15_year_history,50,50,0,22.315153843853665,20.02422572291669,2.2909281209369783,1.5992454751830456,9.407829161746816,0.42,0.58,0.0,-0.1968137151285358,4.876604525516054,includes_zero,scenario_basis_model,
paired_comparison,history_10_vs_15,26,outputs/step31_paired_comparisons/history_window_paired_comparisons.csv,history_window,short_shock_no_break,ceded,chain_ladder,chain_ladder,10_year_history,15_year_history,50,50,0,21.589645621003896,19.99274632077724,1.5968993002266594,1.2754582479266203,8.834578731544454,0.44,0.56,0.0,-0.7651584240694388,4.124630236824478,includes_zero,scenario_basis_model,
paired_comparison,history_10_vs_15,26,outputs/step31_paired_comparisons/history_window_paired_comparisons.csv,history_window,short_shock_no_break,ceded,inflation_adjusted_chain_ladder,inflation_adjusted_chain_ladder,10_year_history,15_year_history,50,50,0,21.47080387591053,19.803176220748515,1.6676276551620135,0.4175603447169695,10.661274579761372,0.48,0.52,0.0,-1.1358815872759207,4.652705959078463,includes_zero,scenario_basis_model,
paired_comparison,history_10_vs_15,26,outputs/step31_paired_comparisons/history_window_paired_comparisons.csv,history_window,short_shock_no_break,ceded,regularized_poisson,regularized_poisson,10_year_history,15_year_history,50,50,0,15.11869187808806,16.009741622204032,-0.8910497441159728,-0.843705077261709,3.511239027954401,0.62,0.38,0.0,-1.8348760195308569,0.0944328301020793,includes_zero,scenario_basis_model,
paired_comparison,history_10_vs_15,26,outputs/step31_paired_comparisons/history_window_paired_comparisons.csv,history_window,short_shock_no_break,ceded,regularized_poisson_break_interaction,regularized_poisson_break_interaction,10_year_history,15_year_history,50,50,0,15.118691586176256,16.009741615577937,-0.891050029401685,-0.8437050783703199,3.51123923593936,0.62,0.38,0.0,-1.8365852704565608,0.1061476142110449,includes_zero,scenario_basis_model,
paired_comparison,history_10_vs_15,26,outputs/step31_paired_comparisons/history_window_paired_comparisons.csv,history_window,short_shock_no_break,ceded,regularized_tweedie,regularized_tweedie,10_year_history,15_year_history,50,50,0,16.490194371977122,18.22717846658633,-1.7369840946092103,-1.0176126951618527,8.274411565667792,0.58,0.42,0.0,-4.139618983400197,0.4703481519070463,includes_zero,scenario_basis_model,
paired_comparison,history_10_vs_15,26,outputs/step31_paired_comparisons/history_window_paired_comparisons.csv,history_window,short_shock_no_break,gross,cashflow_uplift,cashflow_uplift,10_year_history,15_year_history,50,50,0,8.809100647766499,8.925499968541107,-0.1163993207746084,-0.1927660689220849,3.4414250119747622,0.54,0.46,0.0,-1.0577737715022033,0.8499669310374726,includes_zero,scenario_basis_model,
paired_comparison,history_10_vs_15,26,outputs/step31_paired_comparisons/history_window_paired_comparisons.csv,history_window,short_shock_no_break,gross,chain_ladder,chain_ladder,10_year_history,15_year_history,50,50,0,8.65949783256332,8.78938368983922,-0.1298858572758998,0.0157371975275717,3.185334601065965,0.48,0.52,0.0,-0.9862765355696465,0.7497986173885717,includes_zero,scenario_basis_model,
paired_comparison,history_10_vs_15,26,outputs/step31_paired_comparisons/history_window_paired_comparisons.csv,history_window,short_shock_no_break,gross,inflation_adjusted_chain_ladder,inflation_adjusted_chain_ladder,10_year_history,15_year_history,50,50,0,8.354730438707541,8.871846536474564,-0.5171160977670242,-0.2415807509068954,3.921743272388085,0.54,0.46,0.0,-1.586990264431684,0.5550844935752565,includes_zero,scenario_basis_model,
paired_comparison,history_10_vs_15,26,outputs/step31_paired_comparisons/history_window_paired_comparisons.csv,history_window,short_shock_no_break,gross,regularized_poisson,regularized_poisson,10_year_history,15_year_history,50,50,0,11.00524504464965,12.172738798237509,-1.167493753587857,-1.089524802200479,3.674738619506805,0.56,0.44,0.0,-2.167212530880917,-0.1801691030948372,favors_A,scenario_basis_model,
paired_comparison,history_10_vs_15,26,outputs/step31_paired_comparisons/history_window_paired_comparisons.csv,history_window,short_shock_no_break,gross,regularized_poisson_break_interaction,regularized_poisson_break_interaction,10_year_history,15_year_history,50,50,0,11.00524717472045,12.172740658934812,-1.1674934842143636,-1.0895383504556655,3.6747316025165606,0.56,0.44,0.0,-2.1873485655347498,-0.1629034636243388,favors_A,scenario_basis_model,
paired_comparison,history_10_vs_15,26,outputs/step31_paired_comparisons/history_window_paired_comparisons.csv,history_window,short_shock_no_break,gross,regularized_tweedie,regularized_tweedie,10_year_history,15_year_history,50,50,0,13.202063270041704,13.948839022728482,-0.7467757526867785,0.2179671126394461,9.064721989577718,0.5,0.5,0.0,-3.289656407160405,1.642132409947409,includes_zero,scenario_basis_model,
paired_comparison,history_10_vs_15,26,outputs/step31_paired_comparisons/history_window_paired_comparisons.csv,history_window,short_stable_no_break,ceded,cashflow_uplift,cashflow_uplift,10_year_history,15_year_history,50,50,0,24.038643897099767,22.52907525962828,1.5095686374714878,0.1423552940894499,9.038723390518252,0.48,0.52,0.0,-0.8286566358219912,4.115079716431005,includes_zero,scenario_basis_model,
paired_comparison,history_10_vs_15,26,outputs/step31_paired_comparisons/history_window_paired_comparisons.csv,history_window,short_stable_no_break,ceded,chain_ladder,chain_ladder,10_year_history,15_year_history,50,50,0,24.038643897099767,22.52907525962828,1.5095686374714874,0.1423552940894499,9.038723390518252,0.48,0.52,0.0,-0.8908402622060068,4.059665513846816,includes_zero,scenario_basis_model,
paired_comparison,history_10_vs_15,26,outputs/step31_paired_comparisons/history_window_paired_comparisons.csv,history_window,short_stable_no_break,ceded,inflation_adjusted_chain_ladder,inflation_adjusted_chain_ladder,10_year_history,15_year_history,50,50,0,24.019270954795903,22.75333031714724,1.2659406376486613,-0.447078180729453,10.510587418890958,0.52,0.48,0.0,-1.4936115157291223,4.184022988644855,includes_zero,scenario_basis_model,
paired_comparison,history_10_vs_15,26,outputs/step31_paired_comparisons/history_window_paired_comparisons.csv,history_window,short_stable_no_break,ceded,regularized_poisson,regularized_poisson,10_year_history,15_year_history,50,50,0,18.6549581511478,19.759507104152306,-1.1045489530044963,-3.754865463502002,14.45932012496164,0.56,0.44,0.0,-5.089444815285497,2.873818696576098,includes_zero,scenario_basis_model,
paired_comparison,history_10_vs_15,26,outputs/step31_paired_comparisons/history_window_paired_comparisons.csv,history_window,short_stable_no_break,ceded,regularized_poisson_break_interaction,regularized_poisson_break_interaction,10_year_history,15_year_history,50,50,0,18.65495815778397,19.759506701942875,-1.1045485441589062,-3.7548652554778847,14.459319609737571,0.56,0.44,0.0,-4.99687852018321,2.9326613185836528,includes_zero,scenario_basis_model,
paired_comparison,history_10_vs_15,26,outputs/step31_paired_comparisons/history_window_paired_comparisons.csv,history_window,short_stable_no_break,ceded,regularized_tweedie,regularized_tweedie,10_year_history,15_year_history,50,50,0,21.173781600940792,23.82365646011052,-2.6498748591697203,-4.390611138773664,22.07679588192433,0.54,0.46,0.0,-9.22278477341019,3.0312326709326305,includes_zero,scenario_basis_model,
paired_comparison,history_10_vs_15,26,outputs/step31_paired_comparisons/history_window_paired_comparisons.csv,history_window,short_stable_no_break,gross,cashflow_uplift,cashflow_uplift,10_year_history,15_year_history,50,50,0,8.390423579574149,8.704243749050589,-0.3138201694764399,-0.0945495454112945,3.370110734324255,0.52,0.48,0.0,-1.2529434184956771,0.5975806808289552,includes_zero,scenario_basis_model,
paired_comparison,history_10_vs_15,26,outputs/step31_paired_comparisons/history_window_paired_comparisons.csv,history_window,short_stable_no_break,gross,chain_ladder,chain_ladder,10_year_history,15_year_history,50,50,0,8.390423579574149,8.704243749050589,-0.3138201694764399,-0.0945495454112945,3.370110734324255,0.52,0.48,0.0,-1.2451871440455051,0.613537618310366,includes_zero,scenario_basis_model,
paired_comparison,history_10_vs_15,26,outputs/step31_paired_comparisons/history_window_paired_comparisons.csv,history_window,short_stable_no_break,gross,inflation_adjusted_chain_ladder,inflation_adjusted_chain_ladder,10_year_history,15_year_history,50,50,0,8.2966681822777,8.806144632258269,-0.5094764499805671,-0.2282438355027649,3.8809373714851527,0.52,0.48,0.0,-1.5708593551859038,0.5588370764391185,includes_zero,scenario_basis_model,
paired_comparison,history_10_vs_15,26,outputs/step31_paired_comparisons/history_window_paired_comparisons.csv,history_window,short_stable_no_break,gross,regularized_poisson,regularized_poisson,10_year_history,15_year_history,50,50,0,11.724534094810176,11.824110423023251,-0.0995763282130765,0.0992729962461169,7.192759359183905,0.46,0.54,0.0,-2.097411421807229,1.8564461335891824,includes_zero,scenario_basis_model,
paired_comparison,history_10_vs_15,26,outputs/step31_paired_comparisons/history_window_paired_comparisons.csv,history_window,short_stable_no_break,gross,regularized_poisson_break_interaction,regularized_poisson_break_interaction,10_year_history,15_year_history,50,50,0,11.724532971556858,11.824108779033422,-0.0995758074765627,0.0992729921724194,7.1927615307492125,0.46,0.54,0.0,-2.0688325492818618,1.8267552216383915,includes_zero,scenario_basis_model,
paired_comparison,history_10_vs_15,26,outputs/step31_paired_comparisons/history_window_paired_comparisons.csv,history_window,short_stable_no_break,gross,regularized_tweedie,regularized_tweedie,10_year_history,15_year_history,50,50,0,12.818392248686564,12.984374173678656,-0.1659819249920961,0.2197688192896598,7.829720484973242,0.48,0.52,0.0,-2.3351460354127025,2.0259184778950687,includes_zero,scenario_basis_model,
paired_comparison,history_7_vs_15,26,outputs/step31_paired_comparisons/history_window_paired_comparisons.csv,history_window,long_emerging_break,ceded,cashflow_uplift,cashflow_uplift,7_year_history,15_year_history,50,0,50,,,,,,,,,,,not_available,scenario_basis_model,
paired_comparison,history_7_vs_15,26,outputs/step31_paired_comparisons/history_window_paired_comparisons.csv,history_window,long_emerging_break,ceded,chain_ladder,chain_ladder,7_year_history,15_year_history,50,0,50,,,,,,,,,,,not_available,scenario_basis_model,
paired_comparison,history_7_vs_15,26,outputs/step31_paired_comparisons/history_window_paired_comparisons.csv,history_window,long_emerging_break,ceded,inflation_adjusted_chain_ladder,inflation_adjusted_chain_ladder,7_year_history,15_year_history,50,0,50,,,,,,,,,,,not_available,scenario_basis_model,
paired_comparison,history_7_vs_15,26,outputs/step31_paired_comparisons/history_window_paired_comparisons.csv,history_window,long_emerging_break,ceded,regularized_poisson,regularized_poisson,7_year_history,15_year_history,50,0,50,,,,,,,,,,,not_available,scenario_basis_model,
paired_comparison,history_7_vs_15,26,outputs/step31_paired_comparisons/history_window_paired_comparisons.csv,history_window,long_emerging_break,ceded,regularized_poisson_break_interaction,regularized_poisson_break_interaction,7_year_history,15_year_history,50,0,50,,,,,,,,,,,not_available,scenario_basis_model,
paired_comparison,history_7_vs_15,26,outputs/step31_paired_comparisons/history_window_paired_comparisons.csv,history_window,long_emerging_break,ceded,regularized_tweedie,regularized_tweedie,7_year_history,15_year_history,50,0,50,,,,,,,,,,,not_available,scenario_basis_model,
paired_comparison,history_7_vs_15,26,outputs/step31_paired_comparisons/history_window_paired_comparisons.csv,history_window,long_emerging_break,gross,cashflow_uplift,cashflow_uplift,7_year_history,15_year_history,50,0,50,,,,,,,,,,,not_available,scenario_basis_model,
paired_comparison,history_7_vs_15,26,outputs/step31_paired_comparisons/history_window_paired_comparisons.csv,history_window,long_emerging_break,gross,chain_ladder,chain_ladder,7_year_history,15_year_history,50,0,50,,,,,,,,,,,not_available,scenario_basis_model,
paired_comparison,history_7_vs_15,26,outputs/step31_paired_comparisons/history_window_paired_comparisons.csv,history_window,long_emerging_break,gross,inflation_adjusted_chain_ladder,inflation_adjusted_chain_ladder,7_year_history,15_year_history,50,0,50,,,,,,,,,,,not_available,scenario_basis_model,
paired_comparison,history_7_vs_15,26,outputs/step31_paired_comparisons/history_window_paired_comparisons.csv,history_window,long_emerging_break,gross,regularized_poisson,regularized_poisson,7_year_history,15_year_history,50,0,50,,,,,,,,,,,not_available,scenario_basis_model,
paired_comparison,history_7_vs_15,26,outputs/step31_paired_comparisons/history_window_paired_comparisons.csv,history_window,long_emerging_break,gross,regularized_poisson_break_interaction,regularized_poisson_break_interaction,7_year_history,15_year_history,50,0,50,,,,,,,,,,,not_available,scenario_basis_model,
paired_comparison,history_7_vs_15,26,outputs/step31_paired_comparisons/history_window_paired_comparisons.csv,history_window,long_emerging_break,gross,regularized_tweedie,regularized_tweedie,7_year_history,15_year_history,50,0,50,,,,,,,,,,,not_available,scenario_basis_model,
paired_comparison,history_7_vs_15,26,outputs/step31_paired_comparisons/history_window_paired_comparisons.csv,history_window,long_emerging_no_break,ceded,cashflow_uplift,cashflow_uplift,7_year_history,15_year_history,50,0,50,,,,,,,,,,,not_available,scenario_basis_model,
paired_comparison,history_7_vs_15,26,outputs/step31_paired_comparisons/history_window_paired_comparisons.csv,history_window,long_emerging_no_break,ceded,chain_ladder,chain_ladder,7_year_history,15_year_history,50,0,50,,,,,,,,,,,not_available,scenario_basis_model,
paired_comparison,history_7_vs_15,26,outputs/step31_paired_comparisons/history_window_paired_comparisons.csv,history_window,long_emerging_no_break,ceded,inflation_adjusted_chain_ladder,inflation_adjusted_chain_ladder,7_year_history,15_year_history,50,0,50,,,,,,,,,,,not_available,scenario_basis_model,
paired_comparison,history_7_vs_15,26,outputs/step31_paired_comparisons/history_window_paired_comparisons.csv,history_window,long_emerging_no_break,ceded,regularized_poisson,regularized_poisson,7_year_history,15_year_history,50,0,50,,,,,,,,,,,not_available,scenario_basis_model,
paired_comparison,history_7_vs_15,26,outputs/step31_paired_comparisons/history_window_paired_comparisons.csv,history_window,long_emerging_no_break,ceded,regularized_poisson_break_interaction,regularized_poisson_break_interaction,7_year_history,15_year_history,50,0,50,,,,,,,,,,,not_available,scenario_basis_model,
paired_comparison,history_7_vs_15,26,outputs/step31_paired_comparisons/history_window_paired_comparisons.csv,history_window,long_emerging_no_break,ceded,regularized_tweedie,regularized_tweedie,7_year_history,15_year_history,50,0,50,,,,,,,,,,,not_available,scenario_basis_model,
paired_comparison,history_7_vs_15,26,outputs/step31_paired_comparisons/history_window_paired_comparisons.csv,history_window,long_emerging_no_break,gross,cashflow_uplift,cashflow_uplift,7_year_history,15_year_history,50,0,50,,,,,,,,,,,not_available,scenario_basis_model,
paired_comparison,history_7_vs_15,26,outputs/step31_paired_comparisons/history_window_paired_comparisons.csv,history_window,long_emerging_no_break,gross,chain_ladder,chain_ladder,7_year_history,15_year_history,50,0,50,,,,,,,,,,,not_available,scenario_basis_model,
paired_comparison,history_7_vs_15,26,outputs/step31_paired_comparisons/history_window_paired_comparisons.csv,history_window,long_emerging_no_break,gross,inflation_adjusted_chain_ladder,inflation_adjusted_chain_ladder,7_year_history,15_year_history,50,0,50,,,,,,,,,,,not_available,scenario_basis_model,
paired_comparison,history_7_vs_15,26,outputs/step31_paired_comparisons/history_window_paired_comparisons.csv,history_window,long_emerging_no_break,gross,regularized_poisson,regularized_poisson,7_year_history,15_year_history,50,0,50,,,,,,,,,,,not_available,scenario_basis_model,
paired_comparison,history_7_vs_15,26,outputs/step31_paired_comparisons/history_window_paired_comparisons.csv,history_window,long_emerging_no_break,gross,regularized_poisson_break_interaction,regularized_poisson_break_interaction,7_year_history,15_year_history,50,0,50,,,,,,,,,,,not_available,scenario_basis_model,
paired_comparison,history_7_vs_15,26,outputs/step31_paired_comparisons/history_window_paired_comparisons.csv,history_window,long_emerging_no_break,gross,regularized_tweedie,regularized_tweedie,7_year_history,15_year_history,50,0,50,,,,,,,,,,,not_available,scenario_basis_model,
paired_comparison,history_7_vs_15,26,outputs/step31_paired_comparisons/history_window_paired_comparisons.csv,history_window,long_shock_break,ceded,cashflow_uplift,cashflow_uplift,7_year_history,15_year_history,50,0,50,,,,,,,,,,,not_available,scenario_basis_model,
paired_comparison,history_7_vs_15,26,outputs/step31_paired_comparisons/history_window_paired_comparisons.csv,history_window,long_shock_break,ceded,chain_ladder,chain_ladder,7_year_history,15_year_history,50,0,50,,,,,,,,,,,not_available,scenario_basis_model,
paired_comparison,history_7_vs_15,26,outputs/step31_paired_comparisons/history_window_paired_comparisons.csv,history_window,long_shock_break,ceded,inflation_adjusted_chain_ladder,inflation_adjusted_chain_ladder,7_year_history,15_year_history,50,0,50,,,,,,,,,,,not_available,scenario_basis_model,
paired_comparison,history_7_vs_15,26,outputs/step31_paired_comparisons/history_window_paired_comparisons.csv,history_window,long_shock_break,ceded,regularized_poisson,regularized_poisson,7_year_history,15_year_history,50,0,50,,,,,,,,,,,not_available,scenario_basis_model,
paired_comparison,history_7_vs_15,26,outputs/step31_paired_comparisons/history_window_paired_comparisons.csv,history_window,long_shock_break,ceded,regularized_poisson_break_interaction,regularized_poisson_break_interaction,7_year_history,15_year_history,50,0,50,,,,,,,,,,,not_available,scenario_basis_model,
paired_comparison,history_7_vs_15,26,outputs/step31_paired_comparisons/history_window_paired_comparisons.csv,history_window,long_shock_break,ceded,regularized_tweedie,regularized_tweedie,7_year_history,15_year_history,50,0,50,,,,,,,,,,,not_available,scenario_basis_model,
paired_comparison,history_7_vs_15,26,outputs/step31_paired_comparisons/history_window_paired_comparisons.csv,history_window,long_shock_break,gross,cashflow_uplift,cashflow_uplift,7_year_history,15_year_history,50,0,50,,,,,,,,,,,not_available,scenario_basis_model,
paired_comparison,history_7_vs_15,26,outputs/step31_paired_comparisons/history_window_paired_comparisons.csv,history_window,long_shock_break,gross,chain_ladder,chain_ladder,7_year_history,15_year_history,50,0,50,,,,,,,,,,,not_available,scenario_basis_model,
paired_comparison,history_7_vs_15,26,outputs/step31_paired_comparisons/history_window_paired_comparisons.csv,history_window,long_shock_break,gross,inflation_adjusted_chain_ladder,inflation_adjusted_chain_ladder,7_year_history,15_year_history,50,0,50,,,,,,,,,,,not_available,scenario_basis_model,
paired_comparison,history_7_vs_15,26,outputs/step31_paired_comparisons/history_window_paired_comparisons.csv,history_window,long_shock_break,gross,regularized_poisson,regularized_poisson,7_year_history,15_year_history,50,0,50,,,,,,,,,,,not_available,scenario_basis_model,
paired_comparison,history_7_vs_15,26,outputs/step31_paired_comparisons/history_window_paired_comparisons.csv,history_window,long_shock_break,gross,regularized_poisson_break_interaction,regularized_poisson_break_interaction,7_year_history,15_year_history,50,0,50,,,,,,,,,,,not_available,scenario_basis_model,
paired_comparison,history_7_vs_15,26,outputs/step31_paired_comparisons/history_window_paired_comparisons.csv,history_window,long_shock_break,gross,regularized_tweedie,regularized_tweedie,7_year_history,15_year_history,50,0,50,,,,,,,,,,,not_available,scenario_basis_model,
paired_comparison,history_7_vs_15,26,outputs/step31_paired_comparisons/history_window_paired_comparisons.csv,history_window,long_shock_no_break,ceded,cashflow_uplift,cashflow_uplift,7_year_history,15_year_history,50,0,50,,,,,,,,,,,not_available,scenario_basis_model,
paired_comparison,history_7_vs_15,26,outputs/step31_paired_comparisons/history_window_paired_comparisons.csv,history_window,long_shock_no_break,ceded,chain_ladder,chain_ladder,7_year_history,15_year_history,50,0,50,,,,,,,,,,,not_available,scenario_basis_model,
paired_comparison,history_7_vs_15,26,outputs/step31_paired_comparisons/history_window_paired_comparisons.csv,history_window,long_shock_no_break,ceded,inflation_adjusted_chain_ladder,inflation_adjusted_chain_ladder,7_year_history,15_year_history,50,0,50,,,,,,,,,,,not_available,scenario_basis_model,
paired_comparison,history_7_vs_15,26,outputs/step31_paired_comparisons/history_window_paired_comparisons.csv,history_window,long_shock_no_break,ceded,regularized_poisson,regularized_poisson,7_year_history,15_year_history,50,0,50,,,,,,,,,,,not_available,scenario_basis_model,
paired_comparison,history_7_vs_15,26,outputs/step31_paired_comparisons/history_window_paired_comparisons.csv,history_window,long_shock_no_break,ceded,regularized_poisson_break_interaction,regularized_poisson_break_interaction,7_year_history,15_year_history,50,0,50,,,,,,,,,,,not_available,scenario_basis_model,
paired_comparison,history_7_vs_15,26,outputs/step31_paired_comparisons/history_window_paired_comparisons.csv,history_window,long_shock_no_break,ceded,regularized_tweedie,regularized_tweedie,7_year_history,15_year_history,50,0,50,,,,,,,,,,,not_available,scenario_basis_model,
paired_comparison,history_7_vs_15,26,outputs/step31_paired_comparisons/history_window_paired_comparisons.csv,history_window,long_shock_no_break,gross,cashflow_uplift,cashflow_uplift,7_year_history,15_year_history,50,0,50,,,,,,,,,,,not_available,scenario_basis_model,
paired_comparison,history_7_vs_15,26,outputs/step31_paired_comparisons/history_window_paired_comparisons.csv,history_window,long_shock_no_break,gross,chain_ladder,chain_ladder,7_year_history,15_year_history,50,0,50,,,,,,,,,,,not_available,scenario_basis_model,
paired_comparison,history_7_vs_15,26,outputs/step31_paired_comparisons/history_window_paired_comparisons.csv,history_window,long_shock_no_break,gross,inflation_adjusted_chain_ladder,inflation_adjusted_chain_ladder,7_year_history,15_year_history,50,0,50,,,,,,,,,,,not_available,scenario_basis_model,
paired_comparison,history_7_vs_15,26,outputs/step31_paired_comparisons/history_window_paired_comparisons.csv,history_window,long_shock_no_break,gross,regularized_poisson,regularized_poisson,7_year_history,15_year_history,50,0,50,,,,,,,,,,,not_available,scenario_basis_model,
paired_comparison,history_7_vs_15,26,outputs/step31_paired_comparisons/history_window_paired_comparisons.csv,history_window,long_shock_no_break,gross,regularized_poisson_break_interaction,regularized_poisson_break_interaction,7_year_history,15_year_history,50,0,50,,,,,,,,,,,not_available,scenario_basis_model,
paired_comparison,history_7_vs_15,26,outputs/step31_paired_comparisons/history_window_paired_comparisons.csv,history_window,long_shock_no_break,gross,regularized_tweedie,regularized_tweedie,7_year_history,15_year_history,50,0,50,,,,,,,,,,,not_available,scenario_basis_model,
paired_comparison,history_7_vs_15,26,outputs/step31_paired_comparisons/history_window_paired_comparisons.csv,history_window,long_stable_break,ceded,cashflow_uplift,cashflow_uplift,7_year_history,15_year_history,50,0,50,,,,,,,,,,,not_available,scenario_basis_model,
paired_comparison,history_7_vs_15,26,outputs/step31_paired_comparisons/history_window_paired_comparisons.csv,history_window,long_stable_break,ceded,chain_ladder,chain_ladder,7_year_history,15_year_history,50,0,50,,,,,,,,,,,not_available,scenario_basis_model,
paired_comparison,history_7_vs_15,26,outputs/step31_paired_comparisons/history_window_paired_comparisons.csv,history_window,long_stable_break,ceded,inflation_adjusted_chain_ladder,inflation_adjusted_chain_ladder,7_year_history,15_year_history,50,0,50,,,,,,,,,,,not_available,scenario_basis_model,
paired_comparison,history_7_vs_15,26,outputs/step31_paired_comparisons/history_window_paired_comparisons.csv,history_window,long_stable_break,ceded,regularized_poisson,regularized_poisson,7_year_history,15_year_history,50,0,50,,,,,,,,,,,not_available,scenario_basis_model,
paired_comparison,history_7_vs_15,26,outputs/step31_paired_comparisons/history_window_paired_comparisons.csv,history_window,long_stable_break,ceded,regularized_poisson_break_interaction,regularized_poisson_break_interaction,7_year_history,15_year_history,50,0,50,,,,,,,,,,,not_available,scenario_basis_model,
paired_comparison,history_7_vs_15,26,outputs/step31_paired_comparisons/history_window_paired_comparisons.csv,history_window,long_stable_break,ceded,regularized_tweedie,regularized_tweedie,7_year_history,15_year_history,50,0,50,,,,,,,,,,,not_available,scenario_basis_model,
paired_comparison,history_7_vs_15,26,outputs/step31_paired_comparisons/history_window_paired_comparisons.csv,history_window,long_stable_break,gross,cashflow_uplift,cashflow_uplift,7_year_history,15_year_history,50,0,50,,,,,,,,,,,not_available,scenario_basis_model,
paired_comparison,history_7_vs_15,26,outputs/step31_paired_comparisons/history_window_paired_comparisons.csv,history_window,long_stable_break,gross,chain_ladder,chain_ladder,7_year_history,15_year_history,50,0,50,,,,,,,,,,,not_available,scenario_basis_model,
paired_comparison,history_7_vs_15,26,outputs/step31_paired_comparisons/history_window_paired_comparisons.csv,history_window,long_stable_break,gross,inflation_adjusted_chain_ladder,inflation_adjusted_chain_ladder,7_year_history,15_year_history,50,0,50,,,,,,,,,,,not_available,scenario_basis_model,
paired_comparison,history_7_vs_15,26,outputs/step31_paired_comparisons/history_window_paired_comparisons.csv,history_window,long_stable_break,gross,regularized_poisson,regularized_poisson,7_year_history,15_year_history,50,0,50,,,,,,,,,,,not_available,scenario_basis_model,
paired_comparison,history_7_vs_15,26,outputs/step31_paired_comparisons/history_window_paired_comparisons.csv,history_window,long_stable_break,gross,regularized_poisson_break_interaction,regularized_poisson_break_interaction,7_year_history,15_year_history,50,0,50,,,,,,,,,,,not_available,scenario_basis_model,
paired_comparison,history_7_vs_15,26,outputs/step31_paired_comparisons/history_window_paired_comparisons.csv,history_window,long_stable_break,gross,regularized_tweedie,regularized_tweedie,7_year_history,15_year_history,50,0,50,,,,,,,,,,,not_available,scenario_basis_model,
paired_comparison,history_7_vs_15,26,outputs/step31_paired_comparisons/history_window_paired_comparisons.csv,history_window,long_stable_no_break,ceded,cashflow_uplift,cashflow_uplift,7_year_history,15_year_history,50,0,50,,,,,,,,,,,not_available,scenario_basis_model,
paired_comparison,history_7_vs_15,26,outputs/step31_paired_comparisons/history_window_paired_comparisons.csv,history_window,long_stable_no_break,ceded,chain_ladder,chain_ladder,7_year_history,15_year_history,50,0,50,,,,,,,,,,,not_available,scenario_basis_model,
paired_comparison,history_7_vs_15,26,outputs/step31_paired_comparisons/history_window_paired_comparisons.csv,history_window,long_stable_no_break,ceded,inflation_adjusted_chain_ladder,inflation_adjusted_chain_ladder,7_year_history,15_year_history,50,0,50,,,,,,,,,,,not_available,scenario_basis_model,
paired_comparison,history_7_vs_15,26,outputs/step31_paired_comparisons/history_window_paired_comparisons.csv,history_window,long_stable_no_break,ceded,regularized_poisson,regularized_poisson,7_year_history,15_year_history,50,0,50,,,,,,,,,,,not_available,scenario_basis_model,
paired_comparison,history_7_vs_15,26,outputs/step31_paired_comparisons/history_window_paired_comparisons.csv,history_window,long_stable_no_break,ceded,regularized_poisson_break_interaction,regularized_poisson_break_interaction,7_year_history,15_year_history,50,0,50,,,,,,,,,,,not_available,scenario_basis_model,
paired_comparison,history_7_vs_15,26,outputs/step31_paired_comparisons/history_window_paired_comparisons.csv,history_window,long_stable_no_break,ceded,regularized_tweedie,regularized_tweedie,7_year_history,15_year_history,50,0,50,,,,,,,,,,,not_available,scenario_basis_model,
paired_comparison,history_7_vs_15,26,outputs/step31_paired_comparisons/history_window_paired_comparisons.csv,history_window,long_stable_no_break,gross,cashflow_uplift,cashflow_uplift,7_year_history,15_year_history,50,0,50,,,,,,,,,,,not_available,scenario_basis_model,
paired_comparison,history_7_vs_15,26,outputs/step31_paired_comparisons/history_window_paired_comparisons.csv,history_window,long_stable_no_break,gross,chain_ladder,chain_ladder,7_year_history,15_year_history,50,0,50,,,,,,,,,,,not_available,scenario_basis_model,
paired_comparison,history_7_vs_15,26,outputs/step31_paired_comparisons/history_window_paired_comparisons.csv,history_window,long_stable_no_break,gross,inflation_adjusted_chain_ladder,inflation_adjusted_chain_ladder,7_year_history,15_year_history,50,0,50,,,,,,,,,,,not_available,scenario_basis_model,
paired_comparison,history_7_vs_15,26,outputs/step31_paired_comparisons/history_window_paired_comparisons.csv,history_window,long_stable_no_break,gross,regularized_poisson,regularized_poisson,7_year_history,15_year_history,50,0,50,,,,,,,,,,,not_available,scenario_basis_model,
paired_comparison,history_7_vs_15,26,outputs/step31_paired_comparisons/history_window_paired_comparisons.csv,history_window,long_stable_no_break,gross,regularized_poisson_break_interaction,regularized_poisson_break_interaction,7_year_history,15_year_history,50,0,50,,,,,,,,,,,not_available,scenario_basis_model,
paired_comparison,history_7_vs_15,26,outputs/step31_paired_comparisons/history_window_paired_comparisons.csv,history_window,long_stable_no_break,gross,regularized_tweedie,regularized_tweedie,7_year_history,15_year_history,50,0,50,,,,,,,,,,,not_available,scenario_basis_model,
paired_comparison,history_7_vs_15,26,outputs/step31_paired_comparisons/history_window_paired_comparisons.csv,history_window,short_emerging_no_break,ceded,cashflow_uplift,cashflow_uplift,7_year_history,15_year_history,50,50,0,25.23373967485231,20.80513290759801,4.428606767254295,2.064379839269729,11.945799313226,0.38,0.62,0.0,1.2287342708988962,7.837011460100372,favors_B,scenario_basis_model,
paired_comparison,history_7_vs_15,26,outputs/step31_paired_comparisons/history_window_paired_comparisons.csv,history_window,short_emerging_no_break,ceded,chain_ladder,chain_ladder,7_year_history,15_year_history,50,50,0,24.45659071127691,20.666275354635363,3.790315356641546,1.4290408706906244,11.582471996743587,0.4,0.6,0.0,0.7333706185524957,7.082289676543073,favors_B,scenario_basis_model,
paired_comparison,history_7_vs_15,26,outputs/step31_paired_comparisons/history_window_paired_comparisons.csv,history_window,short_emerging_no_break,ceded,inflation_adjusted_chain_ladder,inflation_adjusted_chain_ladder,7_year_history,15_year_history,50,50,0,24.897648601548266,20.914821504561537,3.982827096986729,3.4246010484148632,12.79836401490537,0.4,0.6,0.0,0.6478441252753273,7.62849706037797,favors_B,scenario_basis_model,
paired_comparison,history_7_vs_15,26,outputs/step31_paired_comparisons/history_window_paired_comparisons.csv,history_window,short_emerging_no_break,ceded,regularized_poisson,regularized_poisson,7_year_history,15_year_history,50,0,50,,,,,,,,,,,not_available,scenario_basis_model,
paired_comparison,history_7_vs_15,26,outputs/step31_paired_comparisons/history_window_paired_comparisons.csv,history_window,short_emerging_no_break,ceded,regularized_poisson_break_interaction,regularized_poisson_break_interaction,7_year_history,15_year_history,50,0,50,,,,,,,,,,,not_available,scenario_basis_model,
paired_comparison,history_7_vs_15,26,outputs/step31_paired_comparisons/history_window_paired_comparisons.csv,history_window,short_emerging_no_break,ceded,regularized_tweedie,regularized_tweedie,7_year_history,15_year_history,50,0,50,,,,,,,,,,,not_available,scenario_basis_model,
paired_comparison,history_7_vs_15,26,outputs/step31_paired_comparisons/history_window_paired_comparisons.csv,history_window,short_emerging_no_break,gross,cashflow_uplift,cashflow_uplift,7_year_history,15_year_history,50,50,0,10.431829920953907,8.870810646878272,1.5610192740756352,1.5108858191603898,5.161636718165006,0.38,0.62,0.0,0.1261238200820188,2.9284226421105672,favors_B,scenario_basis_model,
paired_comparison,history_7_vs_15,26,outputs/step31_paired_comparisons/history_window_paired_comparisons.csv,history_window,short_emerging_no_break,gross,chain_ladder,chain_ladder,7_year_history,15_year_history,50,50,0,9.855888680561094,8.624341509151018,1.2315471714100752,1.664320210205411,5.457721962275111,0.36,0.64,0.0,-0.3129366330515702,2.728969658535839,includes_zero,scenario_basis_model,
paired_comparison,history_7_vs_15,26,outputs/step31_paired_comparisons/history_window_paired_comparisons.csv,history_window,short_emerging_no_break,gross,inflation_adjusted_chain_ladder,inflation_adjusted_chain_ladder,7_year_history,15_year_history,50,50,0,10.00038501614846,8.859363323278071,1.1410216928703882,1.8835140644294053,5.970001327301549,0.42,0.58,0.0,-0.5235763197023602,2.74336341868866,includes_zero,scenario_basis_model,
paired_comparison,history_7_vs_15,26,outputs/step31_paired_comparisons/history_window_paired_comparisons.csv,history_window,short_emerging_no_break,gross,regularized_poisson,regularized_poisson,7_year_history,15_year_history,50,0,50,,,,,,,,,,,not_available,scenario_basis_model,
paired_comparison,history_7_vs_15,26,outputs/step31_paired_comparisons/history_window_paired_comparisons.csv,history_window,short_emerging_no_break,gross,regularized_poisson_break_interaction,regularized_poisson_break_interaction,7_year_history,15_year_history,50,0,50,,,,,,,,,,,not_available,scenario_basis_model,
paired_comparison,history_7_vs_15,26,outputs/step31_paired_comparisons/history_window_paired_comparisons.csv,history_window,short_emerging_no_break,gross,regularized_tweedie,regularized_tweedie,7_year_history,15_year_history,50,0,50,,,,,,,,,,,not_available,scenario_basis_model,
paired_comparison,history_7_vs_15,26,outputs/step31_paired_comparisons/history_window_paired_comparisons.csv,history_window,short_shock_no_break,ceded,cashflow_uplift,cashflow_uplift,7_year_history,15_year_history,50,50,0,25.26467788731062,20.02422572291669,5.240452164393929,2.8094465682232386,12.31558347679877,0.34,0.66,0.0,2.027928973074196,8.773332262042064,favors_B,scenario_basis_model,
paired_comparison,history_7_vs_15,26,outputs/step31_paired_comparisons/history_window_paired_comparisons.csv,history_window,short_shock_no_break,ceded,chain_ladder,chain_ladder,7_year_history,15_year_history,50,50,0,23.86450667384054,19.99274632077724,3.871760353063305,1.851820363332731,12.170498239635451,0.44,0.56,0.0,0.675581786004528,7.301700217299018,favors_B,scenario_basis_model,
paired_comparison,history_7_vs_15,26,outputs/step31_paired_comparisons/history_window_paired_comparisons.csv,history_window,short_shock_no_break,ceded,inflation_adjusted_chain_ladder,inflation_adjusted_chain_ladder,7_year_history,15_year_history,50,50,0,24.03640734749929,19.803176220748515,4.233231126750778,2.463825708101932,12.468206932493228,0.38,0.62,0.0,0.947715784199058,7.793210504758773,favors_B,scenario_basis_model,
paired_comparison,history_7_vs_15,26,outputs/step31_paired_comparisons/history_window_paired_comparisons.csv,history_window,short_shock_no_break,ceded,regularized_poisson,regularized_poisson,7_year_history,15_year_history,50,0,50,,,,,,,,,,,not_available,scenario_basis_model,
paired_comparison,history_7_vs_15,26,outputs/step31_paired_comparisons/history_window_paired_comparisons.csv,history_window,short_shock_no_break,ceded,regularized_poisson_break_interaction,regularized_poisson_break_interaction,7_year_history,15_year_history,50,0,50,,,,,,,,,,,not_available,scenario_basis_model,
paired_comparison,history_7_vs_15,26,outputs/step31_paired_comparisons/history_window_paired_comparisons.csv,history_window,short_shock_no_break,ceded,regularized_tweedie,regularized_tweedie,7_year_history,15_year_history,50,0,50,,,,,,,,,,,not_available,scenario_basis_model,
paired_comparison,history_7_vs_15,26,outputs/step31_paired_comparisons/history_window_paired_comparisons.csv,history_window,short_shock_no_break,gross,cashflow_uplift,cashflow_uplift,7_year_history,15_year_history,50,50,0,11.099879282310392,8.925499968541107,2.1743793137692795,1.523196631680361,5.422690167877031,0.38,0.62,0.0,0.6762869851916747,3.697908606864383,favors_B,scenario_basis_model,
paired_comparison,history_7_vs_15,26,outputs/step31_paired_comparisons/history_window_paired_comparisons.csv,history_window,short_shock_no_break,gross,chain_ladder,chain_ladder,7_year_history,15_year_history,50,50,0,9.894023422186542,8.78938368983922,1.1046397323473254,0.7226600238914358,5.850835764344305,0.42,0.58,0.0,-0.4821790789985122,2.70889811659734,includes_zero,scenario_basis_model,
paired_comparison,history_7_vs_15,26,outputs/step31_paired_comparisons/history_window_paired_comparisons.csv,history_window,short_shock_no_break,gross,inflation_adjusted_chain_ladder,inflation_adjusted_chain_ladder,7_year_history,15_year_history,50,50,0,10.016481892240504,8.871846536474564,1.1446353557659374,1.8825126128985552,5.978718468311658,0.42,0.58,0.0,-0.5623511385004989,2.7089725469458177,includes_zero,scenario_basis_model,
paired_comparison,history_7_vs_15,26,outputs/step31_paired_comparisons/history_window_paired_comparisons.csv,history_window,short_shock_no_break,gross,regularized_poisson,regularized_poisson,7_year_history,15_year_history,50,0,50,,,,,,,,,,,not_available,scenario_basis_model,
paired_comparison,history_7_vs_15,26,outputs/step31_paired_comparisons/history_window_paired_comparisons.csv,history_window,short_shock_no_break,gross,regularized_poisson_break_interaction,regularized_poisson_break_interaction,7_year_history,15_year_history,50,0,50,,,,,,,,,,,not_available,scenario_basis_model,
paired_comparison,history_7_vs_15,26,outputs/step31_paired_comparisons/history_window_paired_comparisons.csv,history_window,short_shock_no_break,gross,regularized_tweedie,regularized_tweedie,7_year_history,15_year_history,50,0,50,,,,,,,,,,,not_available,scenario_basis_model,
paired_comparison,history_7_vs_15,26,outputs/step31_paired_comparisons/history_window_paired_comparisons.csv,history_window,short_stable_no_break,ceded,cashflow_uplift,cashflow_uplift,7_year_history,15_year_history,50,50,0,26.70356608806688,22.52907525962828,4.174490828438593,2.8436505349253256,12.379599458895678,0.36,0.64,0.0,0.9482742820305352,7.72166594503675,favors_B,scenario_basis_model,
paired_comparison,history_7_vs_15,26,outputs/step31_paired_comparisons/history_window_paired_comparisons.csv,history_window,short_stable_no_break,ceded,chain_ladder,chain_ladder,7_year_history,15_year_history,50,50,0,26.70356608806688,22.52907525962828,4.174490828438593,2.8436505349253256,12.379599458895678,0.36,0.64,0.0,0.8449405039439383,7.660728377462251,favors_B,scenario_basis_model,
paired_comparison,history_7_vs_15,26,outputs/step31_paired_comparisons/history_window_paired_comparisons.csv,history_window,short_stable_no_break,ceded,inflation_adjusted_chain_ladder,inflation_adjusted_chain_ladder,7_year_history,15_year_history,50,50,0,26.80028892552537,22.75333031714724,4.046958608378131,3.3412454655512063,13.864621108704492,0.36,0.64,0.0,0.3892947733984285,7.905828336827616,favors_B,scenario_basis_model,
paired_comparison,history_7_vs_15,26,outputs/step31_paired_comparisons/history_window_paired_comparisons.csv,history_window,short_stable_no_break,ceded,regularized_poisson,regularized_poisson,7_year_history,15_year_history,50,0,50,,,,,,,,,,,not_available,scenario_basis_model,
paired_comparison,history_7_vs_15,26,outputs/step31_paired_comparisons/history_window_paired_comparisons.csv,history_window,short_stable_no_break,ceded,regularized_poisson_break_interaction,regularized_poisson_break_interaction,7_year_history,15_year_history,50,0,50,,,,,,,,,,,not_available,scenario_basis_model,
paired_comparison,history_7_vs_15,26,outputs/step31_paired_comparisons/history_window_paired_comparisons.csv,history_window,short_stable_no_break,ceded,regularized_tweedie,regularized_tweedie,7_year_history,15_year_history,50,0,50,,,,,,,,,,,not_available,scenario_basis_model,
paired_comparison,history_7_vs_15,26,outputs/step31_paired_comparisons/history_window_paired_comparisons.csv,history_window,short_stable_no_break,gross,cashflow_uplift,cashflow_uplift,7_year_history,15_year_history,50,50,0,9.880327208955196,8.704243749050589,1.1760834599046093,2.14769342534302,5.429729988042812,0.42,0.58,0.0,-0.3993940213623572,2.6326028730737008,includes_zero,scenario_basis_model,
paired_comparison,history_7_vs_15,26,outputs/step31_paired_comparisons/history_window_paired_comparisons.csv,history_window,short_stable_no_break,gross,chain_ladder,chain_ladder,7_year_history,15_year_history,50,50,0,9.880327208955196,8.704243749050589,1.1760834599046093,2.14769342534302,5.429729988042812,0.42,0.58,0.0,-0.3625085510462906,2.674214486253517,includes_zero,scenario_basis_model,
paired_comparison,history_7_vs_15,26,outputs/step31_paired_comparisons/history_window_paired_comparisons.csv,history_window,short_stable_no_break,gross,inflation_adjusted_chain_ladder,inflation_adjusted_chain_ladder,7_year_history,15_year_history,50,50,0,9.934183979271326,8.806144632258269,1.128039347013058,1.8947654339881168,5.93025164112922,0.42,0.58,0.0,-0.5634560466912698,2.6859082222723827,includes_zero,scenario_basis_model,
paired_comparison,history_7_vs_15,26,outputs/step31_paired_comparisons/history_window_paired_comparisons.csv,history_window,short_stable_no_break,gross,regularized_poisson,regularized_poisson,7_year_history,15_year_history,50,0,50,,,,,,,,,,,not_available,scenario_basis_model,
paired_comparison,history_7_vs_15,26,outputs/step31_paired_comparisons/history_window_paired_comparisons.csv,history_window,short_stable_no_break,gross,regularized_poisson_break_interaction,regularized_poisson_break_interaction,7_year_history,15_year_history,50,0,50,,,,,,,,,,,not_available,scenario_basis_model,
paired_comparison,history_7_vs_15,26,outputs/step31_paired_comparisons/history_window_paired_comparisons.csv,history_window,short_stable_no_break,gross,regularized_tweedie,regularized_tweedie,7_year_history,15_year_history,50,0,50,,,,,,,,,,,not_available,scenario_basis_model,
paired_comparison,history_7_vs_10,26,outputs/step31_paired_comparisons/history_window_paired_comparisons.csv,history_window,long_emerging_break,ceded,cashflow_uplift,cashflow_uplift,7_year_history,10_year_history,50,0,50,,,,,,,,,,,not_available,scenario_basis_model,
paired_comparison,history_7_vs_10,26,outputs/step31_paired_comparisons/history_window_paired_comparisons.csv,history_window,long_emerging_break,ceded,chain_ladder,chain_ladder,7_year_history,10_year_history,50,0,50,,,,,,,,,,,not_available,scenario_basis_model,
paired_comparison,history_7_vs_10,26,outputs/step31_paired_comparisons/history_window_paired_comparisons.csv,history_window,long_emerging_break,ceded,inflation_adjusted_chain_ladder,inflation_adjusted_chain_ladder,7_year_history,10_year_history,50,0,50,,,,,,,,,,,not_available,scenario_basis_model,
paired_comparison,history_7_vs_10,26,outputs/step31_paired_comparisons/history_window_paired_comparisons.csv,history_window,long_emerging_break,ceded,regularized_poisson,regularized_poisson,7_year_history,10_year_history,50,0,50,,,,,,,,,,,not_available,scenario_basis_model,
paired_comparison,history_7_vs_10,26,outputs/step31_paired_comparisons/history_window_paired_comparisons.csv,history_window,long_emerging_break,ceded,regularized_poisson_break_interaction,regularized_poisson_break_interaction,7_year_history,10_year_history,50,0,50,,,,,,,,,,,not_available,scenario_basis_model,
paired_comparison,history_7_vs_10,26,outputs/step31_paired_comparisons/history_window_paired_comparisons.csv,history_window,long_emerging_break,ceded,regularized_tweedie,regularized_tweedie,7_year_history,10_year_history,50,0,50,,,,,,,,,,,not_available,scenario_basis_model,
paired_comparison,history_7_vs_10,26,outputs/step31_paired_comparisons/history_window_paired_comparisons.csv,history_window,long_emerging_break,gross,cashflow_uplift,cashflow_uplift,7_year_history,10_year_history,50,0,50,,,,,,,,,,,not_available,scenario_basis_model,
paired_comparison,history_7_vs_10,26,outputs/step31_paired_comparisons/history_window_paired_comparisons.csv,history_window,long_emerging_break,gross,chain_ladder,chain_ladder,7_year_history,10_year_history,50,0,50,,,,,,,,,,,not_available,scenario_basis_model,
paired_comparison,history_7_vs_10,26,outputs/step31_paired_comparisons/history_window_paired_comparisons.csv,history_window,long_emerging_break,gross,inflation_adjusted_chain_ladder,inflation_adjusted_chain_ladder,7_year_history,10_year_history,50,0,50,,,,,,,,,,,not_available,scenario_basis_model,
paired_comparison,history_7_vs_10,26,outputs/step31_paired_comparisons/history_window_paired_comparisons.csv,history_window,long_emerging_break,gross,regularized_poisson,regularized_poisson,7_year_history,10_year_history,50,0,50,,,,,,,,,,,not_available,scenario_basis_model,
paired_comparison,history_7_vs_10,26,outputs/step31_paired_comparisons/history_window_paired_comparisons.csv,history_window,long_emerging_break,gross,regularized_poisson_break_interaction,regularized_poisson_break_interaction,7_year_history,10_year_history,50,0,50,,,,,,,,,,,not_available,scenario_basis_model,
paired_comparison,history_7_vs_10,26,outputs/step31_paired_comparisons/history_window_paired_comparisons.csv,history_window,long_emerging_break,gross,regularized_tweedie,regularized_tweedie,7_year_history,10_year_history,50,0,50,,,,,,,,,,,not_available,scenario_basis_model,
paired_comparison,history_7_vs_10,26,outputs/step31_paired_comparisons/history_window_paired_comparisons.csv,history_window,long_emerging_no_break,ceded,cashflow_uplift,cashflow_uplift,7_year_history,10_year_history,50,0,50,,,,,,,,,,,not_available,scenario_basis_model,
paired_comparison,history_7_vs_10,26,outputs/step31_paired_comparisons/history_window_paired_comparisons.csv,history_window,long_emerging_no_break,ceded,chain_ladder,chain_ladder,7_year_history,10_year_history,50,0,50,,,,,,,,,,,not_available,scenario_basis_model,
paired_comparison,history_7_vs_10,26,outputs/step31_paired_comparisons/history_window_paired_comparisons.csv,history_window,long_emerging_no_break,ceded,inflation_adjusted_chain_ladder,inflation_adjusted_chain_ladder,7_year_history,10_year_history,50,0,50,,,,,,,,,,,not_available,scenario_basis_model,
paired_comparison,history_7_vs_10,26,outputs/step31_paired_comparisons/history_window_paired_comparisons.csv,history_window,long_emerging_no_break,ceded,regularized_poisson,regularized_poisson,7_year_history,10_year_history,50,0,50,,,,,,,,,,,not_available,scenario_basis_model,
paired_comparison,history_7_vs_10,26,outputs/step31_paired_comparisons/history_window_paired_comparisons.csv,history_window,long_emerging_no_break,ceded,regularized_poisson_break_interaction,regularized_poisson_break_interaction,7_year_history,10_year_history,50,0,50,,,,,,,,,,,not_available,scenario_basis_model,
paired_comparison,history_7_vs_10,26,outputs/step31_paired_comparisons/history_window_paired_comparisons.csv,history_window,long_emerging_no_break,ceded,regularized_tweedie,regularized_tweedie,7_year_history,10_year_history,50,0,50,,,,,,,,,,,not_available,scenario_basis_model,
paired_comparison,history_7_vs_10,26,outputs/step31_paired_comparisons/history_window_paired_comparisons.csv,history_window,long_emerging_no_break,gross,cashflow_uplift,cashflow_uplift,7_year_history,10_year_history,50,0,50,,,,,,,,,,,not_available,scenario_basis_model,
paired_comparison,history_7_vs_10,26,outputs/step31_paired_comparisons/history_window_paired_comparisons.csv,history_window,long_emerging_no_break,gross,chain_ladder,chain_ladder,7_year_history,10_year_history,50,0,50,,,,,,,,,,,not_available,scenario_basis_model,
paired_comparison,history_7_vs_10,26,outputs/step31_paired_comparisons/history_window_paired_comparisons.csv,history_window,long_emerging_no_break,gross,inflation_adjusted_chain_ladder,inflation_adjusted_chain_ladder,7_year_history,10_year_history,50,0,50,,,,,,,,,,,not_available,scenario_basis_model,
paired_comparison,history_7_vs_10,26,outputs/step31_paired_comparisons/history_window_paired_comparisons.csv,history_window,long_emerging_no_break,gross,regularized_poisson,regularized_poisson,7_year_history,10_year_history,50,0,50,,,,,,,,,,,not_available,scenario_basis_model,
paired_comparison,history_7_vs_10,26,outputs/step31_paired_comparisons/history_window_paired_comparisons.csv,history_window,long_emerging_no_break,gross,regularized_poisson_break_interaction,regularized_poisson_break_interaction,7_year_history,10_year_history,50,0,50,,,,,,,,,,,not_available,scenario_basis_model,
paired_comparison,history_7_vs_10,26,outputs/step31_paired_comparisons/history_window_paired_comparisons.csv,history_window,long_emerging_no_break,gross,regularized_tweedie,regularized_tweedie,7_year_history,10_year_history,50,0,50,,,,,,,,,,,not_available,scenario_basis_model,
paired_comparison,history_7_vs_10,26,outputs/step31_paired_comparisons/history_window_paired_comparisons.csv,history_window,long_shock_break,ceded,cashflow_uplift,cashflow_uplift,7_year_history,10_year_history,50,0,50,,,,,,,,,,,not_available,scenario_basis_model,
paired_comparison,history_7_vs_10,26,outputs/step31_paired_comparisons/history_window_paired_comparisons.csv,history_window,long_shock_break,ceded,chain_ladder,chain_ladder,7_year_history,10_year_history,50,0,50,,,,,,,,,,,not_available,scenario_basis_model,
paired_comparison,history_7_vs_10,26,outputs/step31_paired_comparisons/history_window_paired_comparisons.csv,history_window,long_shock_break,ceded,inflation_adjusted_chain_ladder,inflation_adjusted_chain_ladder,7_year_history,10_year_history,50,0,50,,,,,,,,,,,not_available,scenario_basis_model,
paired_comparison,history_7_vs_10,26,outputs/step31_paired_comparisons/history_window_paired_comparisons.csv,history_window,long_shock_break,ceded,regularized_poisson,regularized_poisson,7_year_history,10_year_history,50,0,50,,,,,,,,,,,not_available,scenario_basis_model,
paired_comparison,history_7_vs_10,26,outputs/step31_paired_comparisons/history_window_paired_comparisons.csv,history_window,long_shock_break,ceded,regularized_poisson_break_interaction,regularized_poisson_break_interaction,7_year_history,10_year_history,50,0,50,,,,,,,,,,,not_available,scenario_basis_model,
paired_comparison,history_7_vs_10,26,outputs/step31_paired_comparisons/history_window_paired_comparisons.csv,history_window,long_shock_break,ceded,regularized_tweedie,regularized_tweedie,7_year_history,10_year_history,50,0,50,,,,,,,,,,,not_available,scenario_basis_model,
paired_comparison,history_7_vs_10,26,outputs/step31_paired_comparisons/history_window_paired_comparisons.csv,history_window,long_shock_break,gross,cashflow_uplift,cashflow_uplift,7_year_history,10_year_history,50,0,50,,,,,,,,,,,not_available,scenario_basis_model,
paired_comparison,history_7_vs_10,26,outputs/step31_paired_comparisons/history_window_paired_comparisons.csv,history_window,long_shock_break,gross,chain_ladder,chain_ladder,7_year_history,10_year_history,50,0,50,,,,,,,,,,,not_available,scenario_basis_model,
paired_comparison,history_7_vs_10,26,outputs/step31_paired_comparisons/history_window_paired_comparisons.csv,history_window,long_shock_break,gross,inflation_adjusted_chain_ladder,inflation_adjusted_chain_ladder,7_year_history,10_year_history,50,0,50,,,,,,,,,,,not_available,scenario_basis_model,
paired_comparison,history_7_vs_10,26,outputs/step31_paired_comparisons/history_window_paired_comparisons.csv,history_window,long_shock_break,gross,regularized_poisson,regularized_poisson,7_year_history,10_year_history,50,0,50,,,,,,,,,,,not_available,scenario_basis_model,
paired_comparison,history_7_vs_10,26,outputs/step31_paired_comparisons/history_window_paired_comparisons.csv,history_window,long_shock_break,gross,regularized_poisson_break_interaction,regularized_poisson_break_interaction,7_year_history,10_year_history,50,0,50,,,,,,,,,,,not_available,scenario_basis_model,
paired_comparison,history_7_vs_10,26,outputs/step31_paired_comparisons/history_window_paired_comparisons.csv,history_window,long_shock_break,gross,regularized_tweedie,regularized_tweedie,7_year_history,10_year_history,50,0,50,,,,,,,,,,,not_available,scenario_basis_model,
paired_comparison,history_7_vs_10,26,outputs/step31_paired_comparisons/history_window_paired_comparisons.csv,history_window,long_shock_no_break,ceded,cashflow_uplift,cashflow_uplift,7_year_history,10_year_history,50,0,50,,,,,,,,,,,not_available,scenario_basis_model,
paired_comparison,history_7_vs_10,26,outputs/step31_paired_comparisons/history_window_paired_comparisons.csv,history_window,long_shock_no_break,ceded,chain_ladder,chain_ladder,7_year_history,10_year_history,50,0,50,,,,,,,,,,,not_available,scenario_basis_model,
paired_comparison,history_7_vs_10,26,outputs/step31_paired_comparisons/history_window_paired_comparisons.csv,history_window,long_shock_no_break,ceded,inflation_adjusted_chain_ladder,inflation_adjusted_chain_ladder,7_year_history,10_year_history,50,0,50,,,,,,,,,,,not_available,scenario_basis_model,
paired_comparison,history_7_vs_10,26,outputs/step31_paired_comparisons/history_window_paired_comparisons.csv,history_window,long_shock_no_break,ceded,regularized_poisson,regularized_poisson,7_year_history,10_year_history,50,0,50,,,,,,,,,,,not_available,scenario_basis_model,
paired_comparison,history_7_vs_10,26,outputs/step31_paired_comparisons/history_window_paired_comparisons.csv,history_window,long_shock_no_break,ceded,regularized_poisson_break_interaction,regularized_poisson_break_interaction,7_year_history,10_year_history,50,0,50,,,,,,,,,,,not_available,scenario_basis_model,
paired_comparison,history_7_vs_10,26,outputs/step31_paired_comparisons/history_window_paired_comparisons.csv,history_window,long_shock_no_break,ceded,regularized_tweedie,regularized_tweedie,7_year_history,10_year_history,50,0,50,,,,,,,,,,,not_available,scenario_basis_model,
paired_comparison,history_7_vs_10,26,outputs/step31_paired_comparisons/history_window_paired_comparisons.csv,history_window,long_shock_no_break,gross,cashflow_uplift,cashflow_uplift,7_year_history,10_year_history,50,0,50,,,,,,,,,,,not_available,scenario_basis_model,
paired_comparison,history_7_vs_10,26,outputs/step31_paired_comparisons/history_window_paired_comparisons.csv,history_window,long_shock_no_break,gross,chain_ladder,chain_ladder,7_year_history,10_year_history,50,0,50,,,,,,,,,,,not_available,scenario_basis_model,
paired_comparison,history_7_vs_10,26,outputs/step31_paired_comparisons/history_window_paired_comparisons.csv,history_window,long_shock_no_break,gross,inflation_adjusted_chain_ladder,inflation_adjusted_chain_ladder,7_year_history,10_year_history,50,0,50,,,,,,,,,,,not_available,scenario_basis_model,
paired_comparison,history_7_vs_10,26,outputs/step31_paired_comparisons/history_window_paired_comparisons.csv,history_window,long_shock_no_break,gross,regularized_poisson,regularized_poisson,7_year_history,10_year_history,50,0,50,,,,,,,,,,,not_available,scenario_basis_model,
paired_comparison,history_7_vs_10,26,outputs/step31_paired_comparisons/history_window_paired_comparisons.csv,history_window,long_shock_no_break,gross,regularized_poisson_break_interaction,regularized_poisson_break_interaction,7_year_history,10_year_history,50,0,50,,,,,,,,,,,not_available,scenario_basis_model,
paired_comparison,history_7_vs_10,26,outputs/step31_paired_comparisons/history_window_paired_comparisons.csv,history_window,long_shock_no_break,gross,regularized_tweedie,regularized_tweedie,7_year_history,10_year_history,50,0,50,,,,,,,,,,,not_available,scenario_basis_model,
paired_comparison,history_7_vs_10,26,outputs/step31_paired_comparisons/history_window_paired_comparisons.csv,history_window,long_stable_break,ceded,cashflow_uplift,cashflow_uplift,7_year_history,10_year_history,50,0,50,,,,,,,,,,,not_available,scenario_basis_model,
paired_comparison,history_7_vs_10,26,outputs/step31_paired_comparisons/history_window_paired_comparisons.csv,history_window,long_stable_break,ceded,chain_ladder,chain_ladder,7_year_history,10_year_history,50,0,50,,,,,,,,,,,not_available,scenario_basis_model,
paired_comparison,history_7_vs_10,26,outputs/step31_paired_comparisons/history_window_paired_comparisons.csv,history_window,long_stable_break,ceded,inflation_adjusted_chain_ladder,inflation_adjusted_chain_ladder,7_year_history,10_year_history,50,0,50,,,,,,,,,,,not_available,scenario_basis_model,
paired_comparison,history_7_vs_10,26,outputs/step31_paired_comparisons/history_window_paired_comparisons.csv,history_window,long_stable_break,ceded,regularized_poisson,regularized_poisson,7_year_history,10_year_history,50,0,50,,,,,,,,,,,not_available,scenario_basis_model,
paired_comparison,history_7_vs_10,26,outputs/step31_paired_comparisons/history_window_paired_comparisons.csv,history_window,long_stable_break,ceded,regularized_poisson_break_interaction,regularized_poisson_break_interaction,7_year_history,10_year_history,50,0,50,,,,,,,,,,,not_available,scenario_basis_model,
paired_comparison,history_7_vs_10,26,outputs/step31_paired_comparisons/history_window_paired_comparisons.csv,history_window,long_stable_break,ceded,regularized_tweedie,regularized_tweedie,7_year_history,10_year_history,50,0,50,,,,,,,,,,,not_available,scenario_basis_model,
paired_comparison,history_7_vs_10,26,outputs/step31_paired_comparisons/history_window_paired_comparisons.csv,history_window,long_stable_break,gross,cashflow_uplift,cashflow_uplift,7_year_history,10_year_history,50,0,50,,,,,,,,,,,not_available,scenario_basis_model,
paired_comparison,history_7_vs_10,26,outputs/step31_paired_comparisons/history_window_paired_comparisons.csv,history_window,long_stable_break,gross,chain_ladder,chain_ladder,7_year_history,10_year_history,50,0,50,,,,,,,,,,,not_available,scenario_basis_model,
paired_comparison,history_7_vs_10,26,outputs/step31_paired_comparisons/history_window_paired_comparisons.csv,history_window,long_stable_break,gross,inflation_adjusted_chain_ladder,inflation_adjusted_chain_ladder,7_year_history,10_year_history,50,0,50,,,,,,,,,,,not_available,scenario_basis_model,
paired_comparison,history_7_vs_10,26,outputs/step31_paired_comparisons/history_window_paired_comparisons.csv,history_window,long_stable_break,gross,regularized_poisson,regularized_poisson,7_year_history,10_year_history,50,0,50,,,,,,,,,,,not_available,scenario_basis_model,
paired_comparison,history_7_vs_10,26,outputs/step31_paired_comparisons/history_window_paired_comparisons.csv,history_window,long_stable_break,gross,regularized_poisson_break_interaction,regularized_poisson_break_interaction,7_year_history,10_year_history,50,0,50,,,,,,,,,,,not_available,scenario_basis_model,
paired_comparison,history_7_vs_10,26,outputs/step31_paired_comparisons/history_window_paired_comparisons.csv,history_window,long_stable_break,gross,regularized_tweedie,regularized_tweedie,7_year_history,10_year_history,50,0,50,,,,,,,,,,,not_available,scenario_basis_model,
paired_comparison,history_7_vs_10,26,outputs/step31_paired_comparisons/history_window_paired_comparisons.csv,history_window,long_stable_no_break,ceded,cashflow_uplift,cashflow_uplift,7_year_history,10_year_history,50,0,50,,,,,,,,,,,not_available,scenario_basis_model,
paired_comparison,history_7_vs_10,26,outputs/step31_paired_comparisons/history_window_paired_comparisons.csv,history_window,long_stable_no_break,ceded,chain_ladder,chain_ladder,7_year_history,10_year_history,50,0,50,,,,,,,,,,,not_available,scenario_basis_model,
paired_comparison,history_7_vs_10,26,outputs/step31_paired_comparisons/history_window_paired_comparisons.csv,history_window,long_stable_no_break,ceded,inflation_adjusted_chain_ladder,inflation_adjusted_chain_ladder,7_year_history,10_year_history,50,0,50,,,,,,,,,,,not_available,scenario_basis_model,
paired_comparison,history_7_vs_10,26,outputs/step31_paired_comparisons/history_window_paired_comparisons.csv,history_window,long_stable_no_break,ceded,regularized_poisson,regularized_poisson,7_year_history,10_year_history,50,0,50,,,,,,,,,,,not_available,scenario_basis_model,
paired_comparison,history_7_vs_10,26,outputs/step31_paired_comparisons/history_window_paired_comparisons.csv,history_window,long_stable_no_break,ceded,regularized_poisson_break_interaction,regularized_poisson_break_interaction,7_year_history,10_year_history,50,0,50,,,,,,,,,,,not_available,scenario_basis_model,
paired_comparison,history_7_vs_10,26,outputs/step31_paired_comparisons/history_window_paired_comparisons.csv,history_window,long_stable_no_break,ceded,regularized_tweedie,regularized_tweedie,7_year_history,10_year_history,50,0,50,,,,,,,,,,,not_available,scenario_basis_model,
paired_comparison,history_7_vs_10,26,outputs/step31_paired_comparisons/history_window_paired_comparisons.csv,history_window,long_stable_no_break,gross,cashflow_uplift,cashflow_uplift,7_year_history,10_year_history,50,0,50,,,,,,,,,,,not_available,scenario_basis_model,
paired_comparison,history_7_vs_10,26,outputs/step31_paired_comparisons/history_window_paired_comparisons.csv,history_window,long_stable_no_break,gross,chain_ladder,chain_ladder,7_year_history,10_year_history,50,0,50,,,,,,,,,,,not_available,scenario_basis_model,
paired_comparison,history_7_vs_10,26,outputs/step31_paired_comparisons/history_window_paired_comparisons.csv,history_window,long_stable_no_break,gross,inflation_adjusted_chain_ladder,inflation_adjusted_chain_ladder,7_year_history,10_year_history,50,0,50,,,,,,,,,,,not_available,scenario_basis_model,
paired_comparison,history_7_vs_10,26,outputs/step31_paired_comparisons/history_window_paired_comparisons.csv,history_window,long_stable_no_break,gross,regularized_poisson,regularized_poisson,7_year_history,10_year_history,50,0,50,,,,,,,,,,,not_available,scenario_basis_model,
paired_comparison,history_7_vs_10,26,outputs/step31_paired_comparisons/history_window_paired_comparisons.csv,history_window,long_stable_no_break,gross,regularized_poisson_break_interaction,regularized_poisson_break_interaction,7_year_history,10_year_history,50,0,50,,,,,,,,,,,not_available,scenario_basis_model,
paired_comparison,history_7_vs_10,26,outputs/step31_paired_comparisons/history_window_paired_comparisons.csv,history_window,long_stable_no_break,gross,regularized_tweedie,regularized_tweedie,7_year_history,10_year_history,50,0,50,,,,,,,,,,,not_available,scenario_basis_model,
paired_comparison,history_7_vs_10,26,outputs/step31_paired_comparisons/history_window_paired_comparisons.csv,history_window,short_emerging_no_break,ceded,cashflow_uplift,cashflow_uplift,7_year_history,10_year_history,50,50,0,25.23373967485231,22.81962414784544,2.414115527006866,1.3581081390370264,11.621965279667789,0.38,0.62,0.0,-0.7384944461355689,5.7502831510406445,includes_zero,scenario_basis_model,
paired_comparison,history_7_vs_10,26,outputs/step31_paired_comparisons/history_window_paired_comparisons.csv,history_window,short_emerging_no_break,ceded,chain_ladder,chain_ladder,7_year_history,10_year_history,50,50,0,24.45659071127691,22.209916025310346,2.246674685966568,1.822009545301667,11.290559961455806,0.36,0.64,0.0,-0.7549717517748727,5.425941510903649,includes_zero,scenario_basis_model,
paired_comparison,history_7_vs_10,26,outputs/step31_paired_comparisons/history_window_paired_comparisons.csv,history_window,short_emerging_no_break,ceded,inflation_adjusted_chain_ladder,inflation_adjusted_chain_ladder,7_year_history,10_year_history,50,50,0,24.897648601548266,22.476883386877955,2.420765214670313,1.7554127016319176,12.775248284301474,0.38,0.62,0.0,-1.0912844152870178,6.054106903854675,includes_zero,scenario_basis_model,
paired_comparison,history_7_vs_10,26,outputs/step31_paired_comparisons/history_window_paired_comparisons.csv,history_window,short_emerging_no_break,ceded,regularized_poisson,regularized_poisson,7_year_history,10_year_history,50,0,50,,,,,,,,,,,not_available,scenario_basis_model,
paired_comparison,history_7_vs_10,26,outputs/step31_paired_comparisons/history_window_paired_comparisons.csv,history_window,short_emerging_no_break,ceded,regularized_poisson_break_interaction,regularized_poisson_break_interaction,7_year_history,10_year_history,50,0,50,,,,,,,,,,,not_available,scenario_basis_model,
paired_comparison,history_7_vs_10,26,outputs/step31_paired_comparisons/history_window_paired_comparisons.csv,history_window,short_emerging_no_break,ceded,regularized_tweedie,regularized_tweedie,7_year_history,10_year_history,50,0,50,,,,,,,,,,,not_available,scenario_basis_model,
paired_comparison,history_7_vs_10,26,outputs/step31_paired_comparisons/history_window_paired_comparisons.csv,history_window,short_emerging_no_break,gross,cashflow_uplift,cashflow_uplift,7_year_history,10_year_history,50,50,0,10.431829920953907,8.58706909533216,1.84476082562175,1.9911794254380264,4.031343751728166,0.26,0.74,0.0,0.6948659688361162,2.908971797602613,favors_B,scenario_basis_model,
paired_comparison,history_7_vs_10,26,outputs/step31_paired_comparisons/history_window_paired_comparisons.csv,history_window,short_emerging_no_break,gross,chain_ladder,chain_ladder,7_year_history,10_year_history,50,50,0,9.855888680561094,8.464252746294548,1.391635934266546,1.7421747907188714,4.264904164583912,0.32,0.68,0.0,0.1699283870983304,2.5700875834820813,favors_B,scenario_basis_model,
paired_comparison,history_7_vs_10,26,outputs/step31_paired_comparisons/history_window_paired_comparisons.csv,history_window,short_emerging_no_break,gross,inflation_adjusted_chain_ladder,inflation_adjusted_chain_ladder,7_year_history,10_year_history,50,50,0,10.00038501614846,8.343670655545955,1.656714360602504,1.8054008965507624,4.779861301834443,0.26,0.74,0.0,0.3034815205960494,2.916167260438645,favors_B,scenario_basis_model,
paired_comparison,history_7_vs_10,26,outputs/step31_paired_comparisons/history_window_paired_comparisons.csv,history_window,short_emerging_no_break,gross,regularized_poisson,regularized_poisson,7_year_history,10_year_history,50,0,50,,,,,,,,,,,not_available,scenario_basis_model,
paired_comparison,history_7_vs_10,26,outputs/step31_paired_comparisons/history_window_paired_comparisons.csv,history_window,short_emerging_no_break,gross,regularized_poisson_break_interaction,regularized_poisson_break_interaction,7_year_history,10_year_history,50,0,50,,,,,,,,,,,not_available,scenario_basis_model,
paired_comparison,history_7_vs_10,26,outputs/step31_paired_comparisons/history_window_paired_comparisons.csv,history_window,short_emerging_no_break,gross,regularized_tweedie,regularized_tweedie,7_year_history,10_year_history,50,0,50,,,,,,,,,,,not_available,scenario_basis_model,
paired_comparison,history_7_vs_10,26,outputs/step31_paired_comparisons/history_window_paired_comparisons.csv,history_window,short_shock_no_break,ceded,cashflow_uplift,cashflow_uplift,7_year_history,10_year_history,50,50,0,25.26467788731062,22.315153843853665,2.9495240434569507,1.1011980871947022,11.421490716712286,0.38,0.62,0.0,-0.0611860374096308,6.130271296339955,includes_zero,scenario_basis_model,
paired_comparison,history_7_vs_10,26,outputs/step31_paired_comparisons/history_window_paired_comparisons.csv,history_window,short_shock_no_break,ceded,chain_ladder,chain_ladder,7_year_history,10_year_history,50,50,0,23.86450667384054,21.589645621003896,2.274861052836646,1.1145896856029085,11.242915177222931,0.4,0.6,0.0,-0.7320622539162622,5.453135785970138,includes_zero,scenario_basis_model,
paired_comparison,history_7_vs_10,26,outputs/step31_paired_comparisons/history_window_paired_comparisons.csv,history_window,short_shock_no_break,ceded,inflation_adjusted_chain_ladder,inflation_adjusted_chain_ladder,7_year_history,10_year_history,50,50,0,24.03640734749929,21.47080387591053,2.5656034715887643,2.405564264801683,12.52315723556242,0.38,0.62,0.0,-0.8212712210256479,6.018979309425077,includes_zero,scenario_basis_model,
paired_comparison,history_7_vs_10,26,outputs/step31_paired_comparisons/history_window_paired_comparisons.csv,history_window,short_shock_no_break,ceded,regularized_poisson,regularized_poisson,7_year_history,10_year_history,50,0,50,,,,,,,,,,,not_available,scenario_basis_model,
paired_comparison,history_7_vs_10,26,outputs/step31_paired_comparisons/history_window_paired_comparisons.csv,history_window,short_shock_no_break,ceded,regularized_poisson_break_interaction,regularized_poisson_break_interaction,7_year_history,10_year_history,50,0,50,,,,,,,,,,,not_available,scenario_basis_model,
paired_comparison,history_7_vs_10,26,outputs/step31_paired_comparisons/history_window_paired_comparisons.csv,history_window,short_shock_no_break,ceded,regularized_tweedie,regularized_tweedie,7_year_history,10_year_history,50,0,50,,,,,,,,,,,not_available,scenario_basis_model,
paired_comparison,history_7_vs_10,26,outputs/step31_paired_comparisons/history_window_paired_comparisons.csv,history_window,short_shock_no_break,gross,cashflow_uplift,cashflow_uplift,7_year_history,10_year_history,50,50,0,11.099879282310392,8.809100647766499,2.290778634543888,2.5569168085620744,4.09849927971063,0.22,0.78,0.0,1.1311810003497458,3.398754515886935,favors_B,scenario_basis_model,
paired_comparison,history_7_vs_10,26,outputs/step31_paired_comparisons/history_window_paired_comparisons.csv,history_window,short_shock_no_break,gross,chain_ladder,chain_ladder,7_year_history,10_year_history,50,50,0,9.894023422186542,8.65949783256332,1.2345255896232248,1.832682107847444,4.383102001584794,0.34,0.66,0.0,0.0307451607551836,2.43841294739257,favors_B,scenario_basis_model,
paired_comparison,history_7_vs_10,26,outputs/step31_paired_comparisons/history_window_paired_comparisons.csv,history_window,short_shock_no_break,gross,inflation_adjusted_chain_ladder,inflation_adjusted_chain_ladder,7_year_history,10_year_history,50,50,0,10.016481892240504,8.354730438707541,1.6617514535329616,1.8195386293277045,4.7858769602438,0.26,0.74,0.0,0.2522847459586498,2.9253837762234687,favors_B,scenario_basis_model,
paired_comparison,history_7_vs_10,26,outputs/step31_paired_comparisons/history_window_paired_comparisons.csv,history_window,short_shock_no_break,gross,regularized_poisson,regularized_poisson,7_year_history,10_year_history,50,0,50,,,,,,,,,,,not_available,scenario_basis_model,
paired_comparison,history_7_vs_10,26,outputs/step31_paired_comparisons/history_window_paired_comparisons.csv,history_window,short_shock_no_break,gross,regularized_poisson_break_interaction,regularized_poisson_break_interaction,7_year_history,10_year_history,50,0,50,,,,,,,,,,,not_available,scenario_basis_model,
paired_comparison,history_7_vs_10,26,outputs/step31_paired_comparisons/history_window_paired_comparisons.csv,history_window,short_shock_no_break,gross,regularized_tweedie,regularized_tweedie,7_year_history,10_year_history,50,0,50,,,,,,,,,,,not_available,scenario_basis_model,
paired_comparison,history_7_vs_10,26,outputs/step31_paired_comparisons/history_window_paired_comparisons.csv,history_window,short_stable_no_break,ceded,cashflow_uplift,cashflow_uplift,7_year_history,10_year_history,50,50,0,26.70356608806688,24.038643897099767,2.664922190967105,2.2592426504744267,12.454128602248629,0.34,0.66,0.0,-0.7020184642812016,6.144472630496708,includes_zero,scenario_basis_model,
paired_comparison,history_7_vs_10,26,outputs/step31_paired_comparisons/history_window_paired_comparisons.csv,history_window,short_stable_no_break,ceded,chain_ladder,chain_ladder,7_year_history,10_year_history,50,50,0,26.70356608806688,24.038643897099767,2.664922190967105,2.2592426504744267,12.454128602248629,0.34,0.66,0.0,-0.7452419878109684,6.07415802400325,includes_zero,scenario_basis_model,
paired_comparison,history_7_vs_10,26,outputs/step31_paired_comparisons/history_window_paired_comparisons.csv,history_window,short_stable_no_break,ceded,inflation_adjusted_chain_ladder,inflation_adjusted_chain_ladder,7_year_history,10_year_history,50,50,0,26.80028892552537,24.019270954795903,2.7810179707294704,2.506583234117986,13.967409152193248,0.36,0.64,0.0,-1.046993346963782,6.587560423340353,includes_zero,scenario_basis_model,
paired_comparison,history_7_vs_10,26,outputs/step31_paired_comparisons/history_window_paired_comparisons.csv,history_window,short_stable_no_break,ceded,regularized_poisson,regularized_poisson,7_year_history,10_year_history,50,0,50,,,,,,,,,,,not_available,scenario_basis_model,
paired_comparison,history_7_vs_10,26,outputs/step31_paired_comparisons/history_window_paired_comparisons.csv,history_window,short_stable_no_break,ceded,regularized_poisson_break_interaction,regularized_poisson_break_interaction,7_year_history,10_year_history,50,0,50,,,,,,,,,,,not_available,scenario_basis_model,
paired_comparison,history_7_vs_10,26,outputs/step31_paired_comparisons/history_window_paired_comparisons.csv,history_window,short_stable_no_break,ceded,regularized_tweedie,regularized_tweedie,7_year_history,10_year_history,50,0,50,,,,,,,,,,,not_available,scenario_basis_model,
paired_comparison,history_7_vs_10,26,outputs/step31_paired_comparisons/history_window_paired_comparisons.csv,history_window,short_stable_no_break,gross,cashflow_uplift,cashflow_uplift,7_year_history,10_year_history,50,50,0,9.880327208955196,8.390423579574149,1.4899036293810497,1.7375610654724036,4.312927133662623,0.26,0.74,0.0,0.2281733383364349,2.641416691752761,favors_B,scenario_basis_model,
paired_comparison,history_7_vs_10,26,outputs/step31_paired_comparisons/history_window_paired_comparisons.csv,history_window,short_stable_no_break,gross,chain_ladder,chain_ladder,7_year_history,10_year_history,50,50,0,9.880327208955196,8.390423579574149,1.4899036293810497,1.7375610654724036,4.312927133662623,0.26,0.74,0.0,0.2837004346129657,2.6329851845275414,favors_B,scenario_basis_model,
paired_comparison,history_7_vs_10,26,outputs/step31_paired_comparisons/history_window_paired_comparisons.csv,history_window,short_stable_no_break,gross,inflation_adjusted_chain_ladder,inflation_adjusted_chain_ladder,7_year_history,10_year_history,50,50,0,9.934183979271326,8.2966681822777,1.6375157969936247,1.7547037322712595,4.7518483131231966,0.26,0.74,0.0,0.2790598815290494,2.8944599563196443,favors_B,scenario_basis_model,
paired_comparison,history_7_vs_10,26,outputs/step31_paired_comparisons/history_window_paired_comparisons.csv,history_window,short_stable_no_break,gross,regularized_poisson,regularized_poisson,7_year_history,10_year_history,50,0,50,,,,,,,,,,,not_available,scenario_basis_model,
paired_comparison,history_7_vs_10,26,outputs/step31_paired_comparisons/history_window_paired_comparisons.csv,history_window,short_stable_no_break,gross,regularized_poisson_break_interaction,regularized_poisson_break_interaction,7_year_history,10_year_history,50,0,50,,,,,,,,,,,not_available,scenario_basis_model,
paired_comparison,history_7_vs_10,26,outputs/step31_paired_comparisons/history_window_paired_comparisons.csv,history_window,short_stable_no_break,gross,regularized_tweedie,regularized_tweedie,7_year_history,10_year_history,50,0,50,,,,,,,,,,,not_available,scenario_basis_model,
paired_comparison,prior_0.80_vs_1.00,27,outputs/step31_paired_comparisons/prior_sensitivity_paired_comparisons.csv,prior_sensitivity,long_emerging_break,ceded,bornhuetter_ferguson_break_aware,bornhuetter_ferguson_break_aware,prior_multiplier_0.80,prior_multiplier_1.00,50,50,0,56.11989674410812,45.14987093013515,10.970025813972974,10.970183996910702,0.8886379322098172,0.0,1.0,0.0,10.72696274237084,11.21824213053258,favors_B,scenario_basis_model,
paired_comparison,prior_0.80_vs_1.00,27,outputs/step31_paired_comparisons/prior_sensitivity_paired_comparisons.csv,prior_sensitivity,long_emerging_break,ceded,bornhuetter_ferguson_standard,bornhuetter_ferguson_standard,prior_multiplier_0.80,prior_multiplier_1.00,50,50,0,44.10619265620066,30.132740820250845,13.973451835949833,13.973653326967185,1.1319334663292626,0.0,1.0,0.0,13.669416216591127,14.286864426465794,favors_B,scenario_basis_model,
paired_comparison,prior_0.80_vs_1.00,27,outputs/step31_paired_comparisons/prior_sensitivity_paired_comparisons.csv,prior_sensitivity,long_emerging_break,ceded,expected_loss,expected_loss,prior_multiplier_0.80,prior_multiplier_1.00,50,50,0,23.008635017951857,11.557521295802424,11.451113722149437,17.238224571519485,18.032120112631883,0.28,0.72,0.0,6.544494253049516,16.366747499979418,favors_B,scenario_basis_model,
paired_comparison,prior_0.80_vs_1.00,27,outputs/step31_paired_comparisons/prior_sensitivity_paired_comparisons.csv,prior_sensitivity,long_emerging_break,gross,bornhuetter_ferguson_break_aware,bornhuetter_ferguson_break_aware,prior_multiplier_0.80,prior_multiplier_1.00,50,50,0,41.60959438293916,27.011992978673963,14.597601404265202,14.541512127515352,1.1379018558053728,0.0,1.0,0.0,14.289832960677714,14.911534910694504,favors_B,scenario_basis_model,
paired_comparison,prior_0.80_vs_1.00,27,outputs/step31_paired_comparisons/prior_sensitivity_paired_comparisons.csv,prior_sensitivity,long_emerging_break,gross,bornhuetter_ferguson_standard,bornhuetter_ferguson_standard,prior_multiplier_0.80,prior_multiplier_1.00,50,50,0,23.40926422166948,7.065145290390937,16.344118931278537,18.106176153201943,5.197780862914295,0.04,0.96,0.0,14.792860483969443,17.63420453343625,favors_B,scenario_basis_model,
paired_comparison,prior_0.80_vs_1.00,27,outputs/step31_paired_comparisons/prior_sensitivity_paired_comparisons.csv,prior_sensitivity,long_emerging_break,gross,expected_loss,expected_loss,prior_multiplier_0.80,prior_multiplier_1.00,50,50,0,34.208202732884814,14.505552325594929,19.702650407289884,25.48623151065651,19.089391377691804,0.14,0.86,0.0,14.315352549946263,24.786573629300808,favors_B,scenario_basis_model,
paired_comparison,prior_0.80_vs_1.00,27,outputs/step31_paired_comparisons/prior_sensitivity_paired_comparisons.csv,prior_sensitivity,long_emerging_no_break,ceded,bornhuetter_ferguson_break_aware,bornhuetter_ferguson_break_aware,prior_multiplier_0.80,prior_multiplier_1.00,50,50,0,50.780039601464274,38.47504950183036,12.304990099633931,12.218511597256269,0.9441159443744483,0.0,1.0,0.0,12.048515638278058,12.56332611391737,favors_B,scenario_basis_model,
paired_comparison,prior_0.80_vs_1.00,27,outputs/step31_paired_comparisons/prior_sensitivity_paired_comparisons.csv,prior_sensitivity,long_emerging_no_break,ceded,bornhuetter_ferguson_standard,bornhuetter_ferguson_standard,prior_multiplier_0.80,prior_multiplier_1.00,50,50,0,50.780039601464274,38.47504950183036,12.304990099633931,12.218511597256269,0.9441159443744483,0.0,1.0,0.0,12.047726278030838,12.56446552389879,favors_B,scenario_basis_model,
paired_comparison,prior_0.80_vs_1.00,27,outputs/step31_paired_comparisons/prior_sensitivity_paired_comparisons.csv,prior_sensitivity,long_emerging_no_break,ceded,expected_loss,expected_loss,prior_multiplier_0.80,prior_multiplier_1.00,50,50,0,21.141906509704672,9.489885353018945,11.652021156685729,16.345535797018105,14.503289835475776,0.22,0.78,0.0,7.536091217881965,15.50074051919552,favors_B,scenario_basis_model,
paired_comparison,prior_0.80_vs_1.00,27,outputs/step31_paired_comparisons/prior_sensitivity_paired_comparisons.csv,prior_sensitivity,long_emerging_no_break,gross,bornhuetter_ferguson_break_aware,bornhuetter_ferguson_break_aware,prior_multiplier_0.80,prior_multiplier_1.00,50,50,0,36.92194897470809,21.152436218385105,15.769512756322984,15.703811094643822,1.1326196657849965,0.0,1.0,0.0,15.464131497716169,16.08666321106793,favors_B,scenario_basis_model,
paired_comparison,prior_0.80_vs_1.00,27,outputs/step31_paired_comparisons/prior_sensitivity_paired_comparisons.csv,prior_sensitivity,long_emerging_no_break,gross,bornhuetter_ferguson_standard,bornhuetter_ferguson_standard,prior_multiplier_0.80,prior_multiplier_1.00,50,50,0,36.92194897470809,21.152436218385105,15.769512756322984,15.703811094643822,1.1326196657849965,0.0,1.0,0.0,15.4629888803291,16.08060103206668,favors_B,scenario_basis_model,
paired_comparison,prior_0.80_vs_1.00,27,outputs/step31_paired_comparisons/prior_sensitivity_paired_comparisons.csv,prior_sensitivity,long_emerging_no_break,gross,expected_loss,expected_loss,prior_multiplier_0.80,prior_multiplier_1.00,50,50,0,30.747191355144327,11.663391457047329,19.08379989809699,22.61753275256528,15.746263720506049,0.12,0.88,0.0,14.768626615251028,23.222211081981808,favors_B,scenario_basis_model,
paired_comparison,prior_0.80_vs_1.00,27,outputs/step31_paired_comparisons/prior_sensitivity_paired_comparisons.csv,prior_sensitivity,long_shock_break,ceded,bornhuetter_ferguson_break_aware,bornhuetter_ferguson_break_aware,prior_multiplier_0.80,prior_multiplier_1.00,50,50,0,56.27122468573957,45.33903085717448,10.932193828565104,10.88024444858118,0.8367901724192087,0.0,1.0,0.0,10.704617753406058,11.158067801407617,favors_B,scenario_basis_model,
paired_comparison,prior_0.80_vs_1.00,27,outputs/step31_paired_comparisons/prior_sensitivity_paired_comparisons.csv,prior_sensitivity,long_shock_break,ceded,bornhuetter_ferguson_standard,bornhuetter_ferguson_standard,prior_multiplier_0.80,prior_multiplier_1.00,50,50,0,44.67106222239681,30.83882777799601,13.832234444400791,13.766504178870624,1.0587699072284271,0.0,1.0,0.0,13.545450392818063,14.123703756947515,favors_B,scenario_basis_model,
paired_comparison,prior_0.80_vs_1.00,27,outputs/step31_paired_comparisons/prior_sensitivity_paired_comparisons.csv,prior_sensitivity,long_shock_break,ceded,expected_loss,expected_loss,prior_multiplier_0.80,prior_multiplier_1.00,50,50,0,22.896348391666944,10.320734352298166,12.575614039368777,17.867639310613697,15.941684511049552,0.24,0.76,0.0,8.09156928975527,16.88227339430274,favors_B,scenario_basis_model,
paired_comparison,prior_0.80_vs_1.00,27,outputs/step31_paired_comparisons/prior_sensitivity_paired_comparisons.csv,prior_sensitivity,long_shock_break,gross,bornhuetter_ferguson_break_aware,bornhuetter_ferguson_break_aware,prior_multiplier_0.80,prior_multiplier_1.00,50,50,0,42.698990421945766,28.3737380274322,14.325252394513567,14.27164994827968,1.117183602666553,0.0,1.0,0.0,14.022473857623162,14.632831269311412,favors_B,scenario_basis_model,
paired_comparison,prior_0.80_vs_1.00,27,outputs/step31_paired_comparisons/prior_sensitivity_paired_comparisons.csv,prior_sensitivity,long_shock_break,gross,bornhuetter_ferguson_standard,bornhuetter_ferguson_standard,prior_multiplier_0.80,prior_multiplier_1.00,50,50,0,25.27698126736557,8.185151420696798,17.09182984666878,18.003469421775698,3.783199967713903,0.0,1.0,0.0,15.941381849140912,18.01590521004873,favors_B,scenario_basis_model,
paired_comparison,prior_0.80_vs_1.00,27,outputs/step31_paired_comparisons/prior_sensitivity_paired_comparisons.csv,prior_sensitivity,long_shock_break,gross,expected_loss,expected_loss,prior_multiplier_0.80,prior_multiplier_1.00,50,50,0,33.64914910146856,13.706466377165818,19.942682724302745,25.525744648090484,18.18362161617917,0.14,0.86,0.0,14.61087090754878,24.77262425289137,favors_B,scenario_basis_model,
paired_comparison,prior_0.80_vs_1.00,27,outputs/step31_paired_comparisons/prior_sensitivity_paired_comparisons.csv,prior_sensitivity,long_shock_no_break,ceded,bornhuetter_ferguson_break_aware,bornhuetter_ferguson_break_aware,prior_multiplier_0.80,prior_multiplier_1.00,50,50,0,51.03181523517903,38.78976904397377,12.24204619120525,12.146629727299256,0.8855562101463254,0.0,1.0,0.0,12.001942306916169,12.491349864836566,favors_B,scenario_basis_model,
paired_comparison,prior_0.80_vs_1.00,27,outputs/step31_paired_comparisons/prior_sensitivity_paired_comparisons.csv,prior_sensitivity,long_shock_no_break,ceded,bornhuetter_ferguson_standard,bornhuetter_ferguson_standard,prior_multiplier_0.80,prior_multiplier_1.00,50,50,0,51.03181523517903,38.78976904397377,12.24204619120525,12.146629727299256,0.8855562101463254,0.0,1.0,0.0,12.00521170333209,12.480582424033411,favors_B,scenario_basis_model,
paired_comparison,prior_0.80_vs_1.00,27,outputs/step31_paired_comparisons/prior_sensitivity_paired_comparisons.csv,prior_sensitivity,long_shock_no_break,ceded,expected_loss,expected_loss,prior_multiplier_0.80,prior_multiplier_1.00,50,50,0,21.00717459967468,8.580187778594057,12.426986821080613,16.916338105984533,13.066165070232335,0.22,0.78,0.0,8.81270734109316,15.945464290976632,favors_B,scenario_basis_model,
paired_comparison,prior_0.80_vs_1.00,27,outputs/step31_paired_comparisons/prior_sensitivity_paired_comparisons.csv,prior_sensitivity,long_shock_no_break,gross,bornhuetter_ferguson_break_aware,bornhuetter_ferguson_break_aware,prior_multiplier_0.80,prior_multiplier_1.00,50,50,0,38.056084107458354,22.57010513432293,15.485978973135415,15.422128411418258,1.11256811362339,0.0,1.0,0.0,15.17424800079548,15.79489407346836,favors_B,scenario_basis_model,
paired_comparison,prior_0.80_vs_1.00,27,outputs/step31_paired_comparisons/prior_sensitivity_paired_comparisons.csv,prior_sensitivity,long_shock_no_break,gross,bornhuetter_ferguson_standard,bornhuetter_ferguson_standard,prior_multiplier_0.80,prior_multiplier_1.00,50,50,0,38.056084107458354,22.57010513432293,15.485978973135415,15.422128411418258,1.11256811362339,0.0,1.0,0.0,15.181187908824022,15.790075641535015,favors_B,scenario_basis_model,
paired_comparison,prior_0.80_vs_1.00,27,outputs/step31_paired_comparisons/prior_sensitivity_paired_comparisons.csv,prior_sensitivity,long_shock_no_break,gross,expected_loss,expected_loss,prior_multiplier_0.80,prior_multiplier_1.00,50,50,0,30.09302038651259,11.098094737026477,18.994925649486103,22.908958007053634,15.100130179494588,0.12,0.88,0.0,14.650267160965557,23.023740341867843,favors_B,scenario_basis_model,
paired_comparison,prior_0.80_vs_1.00,27,outputs/step31_paired_comparisons/prior_sensitivity_paired_comparisons.csv,prior_sensitivity,long_stable_break,ceded,bornhuetter_ferguson_break_aware,bornhuetter_ferguson_break_aware,prior_multiplier_0.80,prior_multiplier_1.00,50,50,0,56.52384019794688,45.65480024743361,10.869039950513274,10.884617738204389,0.9547189165659632,0.0,1.0,0.0,10.610346854755766,11.133799902786416,favors_B,scenario_basis_model,
paired_comparison,prior_0.80_vs_1.00,27,outputs/step31_paired_comparisons/prior_sensitivity_paired_comparisons.csv,prior_sensitivity,long_stable_break,ceded,bornhuetter_ferguson_standard,bornhuetter_ferguson_standard,prior_multiplier_0.80,prior_multiplier_1.00,50,50,0,43.83758087132303,29.796976089153787,14.04060478216923,14.06072813817376,1.233304049538476,0.0,1.0,0.0,13.69769412942286,14.379662580744276,favors_B,scenario_basis_model,
paired_comparison,prior_0.80_vs_1.00,27,outputs/step31_paired_comparisons/prior_sensitivity_paired_comparisons.csv,prior_sensitivity,long_stable_break,ceded,expected_loss,expected_loss,prior_multiplier_0.80,prior_multiplier_1.00,50,50,0,23.069600124499804,13.493135547022144,9.576464577477651,14.71173219305346,21.60460359369572,0.32,0.68,0.0,3.507747709220724,15.263558685686425,favors_B,scenario_basis_model,
paired_comparison,prior_0.80_vs_1.00,27,outputs/step31_paired_comparisons/prior_sensitivity_paired_comparisons.csv,prior_sensitivity,long_stable_break,gross,bornhuetter_ferguson_break_aware,bornhuetter_ferguson_break_aware,prior_multiplier_0.80,prior_multiplier_1.00,50,50,0,40.4451922751621,25.55649034395263,14.888701931209468,14.817730854376382,1.1546132545704106,0.0,1.0,0.0,14.57284642535153,15.20885564318165,favors_B,scenario_basis_model,
paired_comparison,prior_0.80_vs_1.00,27,outputs/step31_paired_comparisons/prior_sensitivity_paired_comparisons.csv,prior_sensitivity,long_stable_break,gross,bornhuetter_ferguson_standard,bornhuetter_ferguson_standard,prior_multiplier_0.80,prior_multiplier_1.00,50,50,0,21.28840940797448,6.324884871111945,14.963524536862534,18.153087850657176,7.055287634414404,0.06,0.94,0.0,12.886836059404333,16.76508625807079,favors_B,scenario_basis_model,
paired_comparison,prior_0.80_vs_1.00,27,outputs/step31_paired_comparisons/prior_sensitivity_paired_comparisons.csv,prior_sensitivity,long_stable_break,gross,expected_loss,expected_loss,prior_multiplier_0.80,prior_multiplier_1.00,50,50,0,35.01403266757176,15.502598515188872,19.511434152382886,25.2274143328992,20.2764214299324,0.18,0.82,0.0,13.92302409567871,24.95178388175924,favors_B,scenario_basis_model,
paired_comparison,prior_0.80_vs_1.00,27,outputs/step31_paired_comparisons/prior_sensitivity_paired_comparisons.csv,prior_sensitivity,long_stable_no_break,ceded,bornhuetter_ferguson_break_aware,bornhuetter_ferguson_break_aware,prior_multiplier_0.80,prior_multiplier_1.00,50,50,0,51.20016841227263,39.0002105153408,12.19995789693184,12.116747232147606,1.0164538080952734,0.0,1.0,0.0,11.92363586356026,12.47698229106685,favors_B,scenario_basis_model,
paired_comparison,prior_0.80_vs_1.00,27,outputs/step31_paired_comparisons/prior_sensitivity_paired_comparisons.csv,prior_sensitivity,long_stable_no_break,ceded,bornhuetter_ferguson_standard,bornhuetter_ferguson_standard,prior_multiplier_0.80,prior_multiplier_1.00,50,50,0,51.20016841227263,39.0002105153408,12.19995789693184,12.116747232147606,1.0164538080952734,0.0,1.0,0.0,11.918403183628078,12.47432362957762,favors_B,scenario_basis_model,
paired_comparison,prior_0.80_vs_1.00,27,outputs/step31_paired_comparisons/prior_sensitivity_paired_comparisons.csv,prior_sensitivity,long_stable_no_break,ceded,expected_loss,expected_loss,prior_multiplier_0.80,prior_multiplier_1.00,50,50,0,21.35933233271244,11.00374900788119,10.355583324831246,16.947618422784956,17.384510570824936,0.26,0.74,0.0,5.405337961646036,15.028873107254311,favors_B,scenario_basis_model,
paired_comparison,prior_0.80_vs_1.00,27,outputs/step31_paired_comparisons/prior_sensitivity_paired_comparisons.csv,prior_sensitivity,long_stable_no_break,gross,bornhuetter_ferguson_break_aware,bornhuetter_ferguson_break_aware,prior_multiplier_0.80,prior_multiplier_1.00,50,50,0,35.536392674911,19.420490843638746,16.115901831272254,16.04828958478145,1.149108611185384,0.0,1.0,0.0,15.797834688804825,16.43895673009318,favors_B,scenario_basis_model,
paired_comparison,prior_0.80_vs_1.00,27,outputs/step31_paired_comparisons/prior_sensitivity_paired_comparisons.csv,prior_sensitivity,long_stable_no_break,gross,bornhuetter_ferguson_standard,bornhuetter_ferguson_standard,prior_multiplier_0.80,prior_multiplier_1.00,50,50,0,35.536392674911,19.420490843638746,16.115901831272254,16.04828958478145,1.149108611185384,0.0,1.0,0.0,15.802408831442753,16.430261994231316,favors_B,scenario_basis_model,
paired_comparison,prior_0.80_vs_1.00,27,outputs/step31_paired_comparisons/prior_sensitivity_paired_comparisons.csv,prior_sensitivity,long_stable_no_break,gross,expected_loss,expected_loss,prior_multiplier_0.80,prior_multiplier_1.00,50,50,0,31.812583961716328,12.456116773136085,19.356467188580247,23.89987424380084,16.731350662578567,0.14,0.86,0.0,14.67188935013043,23.8126055771266,favors_B,scenario_basis_model,
paired_comparison,prior_0.80_vs_1.00,27,outputs/step31_paired_comparisons/prior_sensitivity_paired_comparisons.csv,prior_sensitivity,short_emerging_no_break,ceded,bornhuetter_ferguson_break_aware,bornhuetter_ferguson_break_aware,prior_multiplier_0.80,prior_multiplier_1.00,50,50,0,64.34092985146788,55.42616231433485,8.914767537133029,8.81578402730997,1.1938712458802223,0.0,1.0,0.0,8.598471703243844,9.235870643538696,favors_B,scenario_basis_model,
paired_comparison,prior_0.80_vs_1.00,27,outputs/step31_paired_comparisons/prior_sensitivity_paired_comparisons.csv,prior_sensitivity,short_emerging_no_break,ceded,bornhuetter_ferguson_standard,bornhuetter_ferguson_standard,prior_multiplier_0.80,prior_multiplier_1.00,50,50,0,64.34092985146788,55.42616231433485,8.914767537133029,8.81578402730997,1.1938712458802223,0.0,1.0,0.0,8.58685905181558,9.253771037222268,favors_B,scenario_basis_model,
paired_comparison,prior_0.80_vs_1.00,27,outputs/step31_paired_comparisons/prior_sensitivity_paired_comparisons.csv,prior_sensitivity,short_emerging_no_break,ceded,expected_loss,expected_loss,prior_multiplier_0.80,prior_multiplier_1.00,50,50,0,22.82268993651079,56.62678237630269,-33.804092439791894,-48.33916190849367,43.95443088370081,0.72,0.28,0.0,-45.76162282686491,-21.59429364962096,favors_A,scenario_basis_model,
paired_comparison,prior_0.80_vs_1.00,27,outputs/step31_paired_comparisons/prior_sensitivity_paired_comparisons.csv,prior_sensitivity,short_emerging_no_break,gross,bornhuetter_ferguson_break_aware,bornhuetter_ferguson_break_aware,prior_multiplier_0.80,prior_multiplier_1.00,50,50,0,39.19620532643381,24.1744266123178,15.021778714116024,14.813647475741876,1.8774258923238147,0.0,1.0,0.0,14.500735103004942,15.54371069112936,favors_B,scenario_basis_model,
paired_comparison,prior_0.80_vs_1.00,27,outputs/step31_paired_comparisons/prior_sensitivity_paired_comparisons.csv,prior_sensitivity,short_emerging_no_break,gross,bornhuetter_ferguson_standard,bornhuetter_ferguson_standard,prior_multiplier_0.80,prior_multiplier_1.00,50,50,0,39.19620532643381,24.1744266123178,15.021778714116024,14.813647475741876,1.8774258923238147,0.0,1.0,0.0,14.500908167430463,15.528063723505714,favors_B,scenario_basis_model,
paired_comparison,prior_0.80_vs_1.00,27,outputs/step31_paired_comparisons/prior_sensitivity_paired_comparisons.csv,prior_sensitivity,short_emerging_no_break,gross,expected_loss,expected_loss,prior_multiplier_0.80,prior_multiplier_1.00,50,50,0,39.146743967610256,90.65276347656958,-51.506019508959305,-56.19845665890104,73.10336107807427,0.7,0.3,0.0,-71.27934369157794,-32.19267445865232,favors_A,scenario_basis_model,
paired_comparison,prior_0.80_vs_1.00,27,outputs/step31_paired_comparisons/prior_sensitivity_paired_comparisons.csv,prior_sensitivity,short_shock_no_break,ceded,bornhuetter_ferguson_break_aware,bornhuetter_ferguson_break_aware,prior_multiplier_0.80,prior_multiplier_1.00,50,50,0,65.00325211564905,56.25406514456132,8.749186971087731,8.764973039890169,1.0885175274830037,0.0,1.0,0.0,8.455617217266202,9.053634409654828,favors_B,scenario_basis_model,
paired_comparison,prior_0.80_vs_1.00,27,outputs/step31_paired_comparisons/prior_sensitivity_paired_comparisons.csv,prior_sensitivity,short_shock_no_break,ceded,bornhuetter_ferguson_standard,bornhuetter_ferguson_standard,prior_multiplier_0.80,prior_multiplier_1.00,50,50,0,65.00325211564905,56.25406514456132,8.749186971087731,8.764973039890169,1.0885175274830037,0.0,1.0,0.0,8.459436014030596,9.054520365785104,favors_B,scenario_basis_model,
paired_comparison,prior_0.80_vs_1.00,27,outputs/step31_paired_comparisons/prior_sensitivity_paired_comparisons.csv,prior_sensitivity,short_shock_no_break,ceded,expected_loss,expected_loss,prior_multiplier_0.80,prior_multiplier_1.00,50,50,0,21.85037000248672,44.8696053940665,-23.019235391579777,-32.50247369304999,41.30573600696894,0.66,0.34,0.0,-34.15466476898619,-11.605270940679384,favors_A,scenario_basis_model,
paired_comparison,prior_0.80_vs_1.00,27,outputs/step31_paired_comparisons/prior_sensitivity_paired_comparisons.csv,prior_sensitivity,short_shock_no_break,gross,bornhuetter_ferguson_break_aware,bornhuetter_ferguson_break_aware,prior_multiplier_0.80,prior_multiplier_1.00,50,50,0,40.47250650429725,25.620481335820912,14.852025168476336,14.567803994360094,2.0348704016278134,0.0,1.0,0.0,14.299961536544572,15.416541988620038,favors_B,scenario_basis_model,
paired_comparison,prior_0.80_vs_1.00,27,outputs/step31_paired_comparisons/prior_sensitivity_paired_comparisons.csv,prior_sensitivity,short_shock_no_break,gross,bornhuetter_ferguson_standard,bornhuetter_ferguson_standard,prior_multiplier_0.80,prior_multiplier_1.00,50,50,0,40.47250650429725,25.620481335820912,14.852025168476336,14.567803994360094,2.0348704016278134,0.0,1.0,0.0,14.308738943316875,15.411755444483113,favors_B,scenario_basis_model,
paired_comparison,prior_0.80_vs_1.00,27,outputs/step31_paired_comparisons/prior_sensitivity_paired_comparisons.csv,prior_sensitivity,short_shock_no_break,gross,expected_loss,expected_loss,prior_multiplier_0.80,prior_multiplier_1.00,50,50,0,39.48346463143032,81.87011859296719,-42.38665396153688,-48.13022145305988,69.74476270344896,0.64,0.36,0.0,-61.95067384820848,-23.43894420224725,favors_A,scenario_basis_model,
paired_comparison,prior_0.80_vs_1.00,27,outputs/step31_paired_comparisons/prior_sensitivity_paired_comparisons.csv,prior_sensitivity,short_stable_no_break,ceded,bornhuetter_ferguson_break_aware,bornhuetter_ferguson_break_aware,prior_multiplier_0.80,prior_multiplier_1.00,50,50,0,63.441032488517465,54.30129061064683,9.139741877870634,8.935625712615543,1.3782363997535,0.0,1.0,0.0,8.756904325893686,9.523795959961047,favors_B,scenario_basis_model,
paired_comparison,prior_0.80_vs_1.00,27,outputs/step31_paired_comparisons/prior_sensitivity_paired_comparisons.csv,prior_sensitivity,short_stable_no_break,ceded,bornhuetter_ferguson_standard,bornhuetter_ferguson_standard,prior_multiplier_0.80,prior_multiplier_1.00,50,50,0,63.441032488517465,54.30129061064683,9.139741877870634,8.935625712615543,1.3782363997535,0.0,1.0,0.0,8.758008548861067,9.535780424842049,favors_B,scenario_basis_model,
paired_comparison,prior_0.80_vs_1.00,27,outputs/step31_paired_comparisons/prior_sensitivity_paired_comparisons.csv,prior_sensitivity,short_stable_no_break,ceded,expected_loss,expected_loss,prior_multiplier_0.80,prior_multiplier_1.00,50,50,0,25.295962222211664,71.27840229217402,-45.98244006996235,-64.50197457707588,46.02905530036537,0.8,0.2,0.0,-58.62212560863227,-32.97055191951954,favors_A,scenario_basis_model,
paired_comparison,prior_0.80_vs_1.00,27,outputs/step31_paired_comparisons/prior_sensitivity_paired_comparisons.csv,prior_sensitivity,short_stable_no_break,gross,bornhuetter_ferguson_break_aware,bornhuetter_ferguson_break_aware,prior_multiplier_0.80,prior_multiplier_1.00,50,50,0,37.93110148116993,22.760823807635084,15.170277673534851,14.949104760144367,1.9763707107380863,0.0,1.0,0.0,14.63680154383052,15.703262116383224,favors_B,scenario_basis_model,
paired_comparison,prior_0.80_vs_1.00,27,outputs/step31_paired_comparisons/prior_sensitivity_paired_comparisons.csv,prior_sensitivity,short_stable_no_break,gross,bornhuetter_ferguson_standard,bornhuetter_ferguson_standard,prior_multiplier_0.80,prior_multiplier_1.00,50,50,0,37.93110148116993,22.760823807635084,15.170277673534851,14.949104760144367,1.9763707107380863,0.0,1.0,0.0,14.63093513211096,15.713520565154395,favors_B,scenario_basis_model,
paired_comparison,prior_0.80_vs_1.00,27,outputs/step31_paired_comparisons/prior_sensitivity_paired_comparisons.csv,prior_sensitivity,short_stable_no_break,gross,expected_loss,expected_loss,prior_multiplier_0.80,prior_multiplier_1.00,50,50,0,38.96885722625962,99.07626350120692,-60.10740627494729,-63.53985623986033,76.41969681865628,0.74,0.26,0.0,-81.40219624621896,-39.407883959884096,favors_A,scenario_basis_model,
paired_comparison,prior_0.90_vs_1.00,27,outputs/step31_paired_comparisons/prior_sensitivity_paired_comparisons.csv,prior_sensitivity,long_emerging_break,ceded,bornhuetter_ferguson_break_aware,bornhuetter_ferguson_break_aware,prior_multiplier_0.90,prior_multiplier_1.00,50,50,0,50.63488383712164,45.14987093013515,5.48501290698649,5.485091998455353,0.4443189661049083,0.0,1.0,0.0,5.363481371185423,5.609121065266291,favors_B,scenario_basis_model,
paired_comparison,prior_0.90_vs_1.00,27,outputs/step31_paired_comparisons/prior_sensitivity_paired_comparisons.csv,prior_sensitivity,long_emerging_break,ceded,bornhuetter_ferguson_standard,bornhuetter_ferguson_standard,prior_multiplier_0.90,prior_multiplier_1.00,50,50,0,37.11946673822576,30.132740820250845,6.98672591797491,6.986826663483591,0.5659667331646303,0.0,1.0,0.0,6.83470810829556,7.14343221323289,favors_B,scenario_basis_model,
paired_comparison,prior_0.90_vs_1.00,27,outputs/step31_paired_comparisons/prior_sensitivity_paired_comparisons.csv,prior_sensitivity,long_emerging_break,ceded,expected_loss,expected_loss,prior_multiplier_0.90,prior_multiplier_1.00,50,50,0,11.85638172391644,11.557521295802424,0.2988604281140118,2.3843914529287424,13.531624235804026,0.44,0.56,0.0,-3.35518268046041,4.044997262713635,includes_zero,scenario_basis_model,
paired_comparison,prior_0.90_vs_1.00,27,outputs/step31_paired_comparisons/prior_sensitivity_paired_comparisons.csv,prior_sensitivity,long_emerging_break,gross,bornhuetter_ferguson_break_aware,bornhuetter_ferguson_break_aware,prior_multiplier_0.90,prior_multiplier_1.00,50,50,0,34.31079368080656,27.011992978673963,7.298800702132605,7.270756063757679,0.5689509279026862,0.0,1.0,0.0,7.14491648033886,7.455767455347256,favors_B,scenario_basis_model,
paired_comparison,prior_0.90_vs_1.00,27,outputs/step31_paired_comparisons/prior_sensitivity_paired_comparisons.csv,prior_sensitivity,long_emerging_break,gross,bornhuetter_ferguson_standard,bornhuetter_ferguson_standard,prior_multiplier_0.90,prior_multiplier_1.00,50,50,0,13.956096796333126,7.065145290390937,6.890951505942189,9.027549780118964,5.250463683413599,0.1,0.9,0.0,5.337598689896681,8.1970668838729,favors_B,scenario_basis_model,
paired_comparison,prior_0.90_vs_1.00,27,outputs/step31_paired_comparisons/prior_sensitivity_paired_comparisons.csv,prior_sensitivity,long_emerging_break,gross,expected_loss,expected_loss,prior_multiplier_0.90,prior_multiplier_1.00,50,50,0,15.118513067883065,14.505552325594929,0.6129607422881392,4.362271564681165,18.467580878053244,0.48,0.52,0.0,-4.498893028145385,5.594675351459969,includes_zero,scenario_basis_model,
paired_comparison,prior_0.90_vs_1.00,27,outputs/step31_paired_comparisons/prior_sensitivity_paired_comparisons.csv,prior_sensitivity,long_emerging_no_break,ceded,bornhuetter_ferguson_break_aware,bornhuetter_ferguson_break_aware,prior_multiplier_0.90,prior_multiplier_1.00,50,50,0,44.62754455164732,38.47504950183036,6.15249504981696,6.109255798628123,0.4720579721872225,0.0,1.0,0.0,6.024257819139026,6.281663056958679,favors_B,scenario_basis_model,
paired_comparison,prior_0.90_vs_1.00,27,outputs/step31_paired_comparisons/prior_sensitivity_paired_comparisons.csv,prior_sensitivity,long_emerging_no_break,ceded,bornhuetter_ferguson_standard,bornhuetter_ferguson_standard,prior_multiplier_0.90,prior_multiplier_1.00,50,50,0,44.62754455164732,38.47504950183036,6.15249504981696,6.109255798628123,0.4720579721872225,0.0,1.0,0.0,6.023863139015416,6.28223276194939,favors_B,scenario_basis_model,
paired_comparison,prior_0.90_vs_1.00,27,outputs/step31_paired_comparisons/prior_sensitivity_paired_comparisons.csv,prior_sensitivity,long_emerging_no_break,ceded,expected_loss,expected_loss,prior_multiplier_0.90,prior_multiplier_1.00,50,50,0,10.440753232315556,9.489885353018945,0.9508678792966117,3.3024235945616027,11.45178863194285,0.44,0.56,0.0,-2.2793415436521003,4.03304003771431,includes_zero,scenario_basis_model,
paired_comparison,prior_0.90_vs_1.00,27,outputs/step31_paired_comparisons/prior_sensitivity_paired_comparisons.csv,prior_sensitivity,long_emerging_no_break,gross,bornhuetter_ferguson_break_aware,bornhuetter_ferguson_break_aware,prior_multiplier_0.90,prior_multiplier_1.00,50,50,0,29.037192596546607,21.152436218385105,7.884756378161499,7.851905547321918,0.5663098328924983,0.0,1.0,0.0,7.7320657488580915,8.043331605533972,favors_B,scenario_basis_model,
paired_comparison,prior_0.90_vs_1.00,27,outputs/step31_paired_comparisons/prior_sensitivity_paired_comparisons.csv,prior_sensitivity,long_emerging_no_break,gross,bornhuetter_ferguson_standard,bornhuetter_ferguson_standard,prior_multiplier_0.90,prior_multiplier_1.00,50,50,0,29.037192596546607,21.152436218385105,7.884756378161499,7.851905547321918,0.5663098328924983,0.0,1.0,0.0,7.731494440164556,8.04030051603335,favors_B,scenario_basis_model,
paired_comparison,prior_0.90_vs_1.00,27,outputs/step31_paired_comparisons/prior_sensitivity_paired_comparisons.csv,prior_sensitivity,long_emerging_no_break,gross,expected_loss,expected_loss,prior_multiplier_0.90,prior_multiplier_1.00,50,50,0,13.650260469278791,11.663391457047329,1.986869012231462,4.633307145521353,15.297014836952044,0.42,0.58,0.0,-2.1541910102553814,6.073783885881199,includes_zero,scenario_basis_model,
paired_comparison,prior_0.90_vs_1.00,27,outputs/step31_paired_comparisons/prior_sensitivity_paired_comparisons.csv,prior_sensitivity,long_shock_break,ceded,bornhuetter_ferguson_break_aware,bornhuetter_ferguson_break_aware,prior_multiplier_0.90,prior_multiplier_1.00,50,50,0,50.805127771457016,45.33903085717448,5.466096914282558,5.440122224290594,0.4183950862096049,0.0,1.0,0.0,5.352308876703036,5.579033900703812,favors_B,scenario_basis_model,
paired_comparison,prior_0.90_vs_1.00,27,outputs/step31_paired_comparisons/prior_sensitivity_paired_comparisons.csv,prior_sensitivity,long_shock_break,ceded,bornhuetter_ferguson_standard,bornhuetter_ferguson_standard,prior_multiplier_0.90,prior_multiplier_1.00,50,50,0,37.75494500019641,30.83882777799601,6.9161172222003975,6.883252089435313,0.5293849536142126,0.0,1.0,0.0,6.7727251964090325,7.061851878473758,favors_B,scenario_basis_model,
paired_comparison,prior_0.90_vs_1.00,27,outputs/step31_paired_comparisons/prior_sensitivity_paired_comparisons.csv,prior_sensitivity,long_shock_break,ceded,expected_loss,expected_loss,prior_multiplier_0.90,prior_multiplier_1.00,50,50,0,11.362116771349918,10.320734352298166,1.0413824190517542,3.612277352564172,12.609380156210015,0.44,0.56,0.0,-2.4983779284168515,4.448700167416814,includes_zero,scenario_basis_model,
paired_comparison,prior_0.90_vs_1.00,27,outputs/step31_paired_comparisons/prior_sensitivity_paired_comparisons.csv,prior_sensitivity,long_shock_break,gross,bornhuetter_ferguson_break_aware,bornhuetter_ferguson_break_aware,prior_multiplier_0.90,prior_multiplier_1.00,50,50,0,35.53636422468899,28.3737380274322,7.162626197256779,7.13582497413984,0.5585918013332767,0.0,1.0,0.0,7.011236928811578,7.316415634655701,favors_B,scenario_basis_model,
paired_comparison,prior_0.90_vs_1.00,27,outputs/step31_paired_comparisons/prior_sensitivity_paired_comparisons.csv,prior_sensitivity,long_shock_break,gross,bornhuetter_ferguson_standard,bornhuetter_ferguson_standard,prior_multiplier_0.90,prior_multiplier_1.00,50,50,0,15.936603925786274,8.185151420696798,7.751452505089476,9.00173471088784,4.152141358775408,0.06,0.94,0.0,6.495398185045977,8.751495421365568,favors_B,scenario_basis_model,
paired_comparison,prior_0.90_vs_1.00,27,outputs/step31_paired_comparisons/prior_sensitivity_paired_comparisons.csv,prior_sensitivity,long_shock_break,gross,expected_loss,expected_loss,prior_multiplier_0.90,prior_multiplier_1.00,50,50,0,14.908990796652706,13.706466377165818,1.2025244194868874,4.995080185738254,17.55318180187483,0.48,0.52,0.0,-3.79182583533926,5.974492291727277,includes_zero,scenario_basis_model,
paired_comparison,prior_0.90_vs_1.00,27,outputs/step31_paired_comparisons/prior_sensitivity_paired_comparisons.csv,prior_sensitivity,long_shock_no_break,ceded,bornhuetter_ferguson_break_aware,bornhuetter_ferguson_break_aware,prior_multiplier_0.90,prior_multiplier_1.00,50,50,0,44.91079213957641,38.78976904397377,6.121023095602625,6.073314863649625,0.4427781050731628,0.0,1.0,0.0,6.000971153458084,6.245674932418286,favors_B,scenario_basis_model,
paired_comparison,prior_0.90_vs_1.00,27,outputs/step31_paired_comparisons/prior_sensitivity_paired_comparisons.csv,prior_sensitivity,long_shock_no_break,ceded,bornhuetter_ferguson_standard,bornhuetter_ferguson_standard,prior_multiplier_0.90,prior_multiplier_1.00,50,50,0,44.91079213957641,38.78976904397377,6.121023095602625,6.073314863649625,0.4427781050731628,0.0,1.0,0.0,6.002605851666045,6.240291212016706,favors_B,scenario_basis_model,
paired_comparison,prior_0.90_vs_1.00,27,outputs/step31_paired_comparisons/prior_sensitivity_paired_comparisons.csv,prior_sensitivity,long_shock_no_break,ceded,expected_loss,expected_loss,prior_multiplier_0.90,prior_multiplier_1.00,50,50,0,10.006277277072783,8.580187778594057,1.4260894984787285,4.453566950830307,10.908041514561928,0.42,0.58,0.0,-1.52089200875398,4.394775165018089,includes_zero,scenario_basis_model,
paired_comparison,prior_0.90_vs_1.00,27,outputs/step31_paired_comparisons/prior_sensitivity_paired_comparisons.csv,prior_sensitivity,long_shock_no_break,gross,bornhuetter_ferguson_break_aware,bornhuetter_ferguson_break_aware,prior_multiplier_0.90,prior_multiplier_1.00,50,50,0,30.31309462089064,22.57010513432293,7.742989486567707,7.711064205709132,0.5562840568116949,0.0,1.0,0.0,7.5871240003977425,7.897447036734181,favors_B,scenario_basis_model,
paired_comparison,prior_0.90_vs_1.00,27,outputs/step31_paired_comparisons/prior_sensitivity_paired_comparisons.csv,prior_sensitivity,long_shock_no_break,gross,bornhuetter_ferguson_standard,bornhuetter_ferguson_standard,prior_multiplier_0.90,prior_multiplier_1.00,50,50,0,30.31309462089064,22.57010513432293,7.742989486567707,7.711064205709132,0.5562840568116949,0.0,1.0,0.0,7.590593954412011,7.895037820767508,favors_B,scenario_basis_model,
paired_comparison,prior_0.90_vs_1.00,27,outputs/step31_paired_comparisons/prior_sensitivity_paired_comparisons.csv,prior_sensitivity,long_shock_no_break,gross,expected_loss,expected_loss,prior_multiplier_0.90,prior_multiplier_1.00,50,50,0,13.439103394752449,11.098094737026477,2.3410086577259714,5.289604557118854,14.556604741283383,0.42,0.58,0.0,-1.7672058475357446,6.324116178729156,includes_zero,scenario_basis_model,
paired_comparison,prior_0.90_vs_1.00,27,outputs/step31_paired_comparisons/prior_sensitivity_paired_comparisons.csv,prior_sensitivity,long_stable_break,ceded,bornhuetter_ferguson_break_aware,bornhuetter_ferguson_break_aware,prior_multiplier_0.90,prior_multiplier_1.00,50,50,0,51.08932022269024,45.65480024743361,5.434519975256633,5.442308869102188,0.47735945828298,0.0,1.0,0.0,5.305173427377881,5.566899951393205,favors_B,scenario_basis_model,
paired_comparison,prior_0.90_vs_1.00,27,outputs/step31_paired_comparisons/prior_sensitivity_paired_comparisons.csv,prior_sensitivity,long_stable_break,ceded,bornhuetter_ferguson_standard,bornhuetter_ferguson_standard,prior_multiplier_0.90,prior_multiplier_1.00,50,50,0,36.81727848023841,29.796976089153787,7.020302391084631,7.0303640690868985,0.6166520247692383,0.0,1.0,0.0,6.848847064711442,7.189831290372151,favors_B,scenario_basis_model,
paired_comparison,prior_0.90_vs_1.00,27,outputs/step31_paired_comparisons/prior_sensitivity_paired_comparisons.csv,prior_sensitivity,long_stable_break,ceded,expected_loss,expected_loss,prior_multiplier_0.90,prior_multiplier_1.00,50,50,0,12.90584877214705,13.493135547022144,-0.5872867748750982,-0.9956561591638756,14.762365844952948,0.5,0.5,0.0,-4.673380031623836,3.429673442236792,includes_zero,scenario_basis_model,
paired_comparison,prior_0.90_vs_1.00,27,outputs/step31_paired_comparisons/prior_sensitivity_paired_comparisons.csv,prior_sensitivity,long_stable_break,gross,bornhuetter_ferguson_break_aware,bornhuetter_ferguson_break_aware,prior_multiplier_0.90,prior_multiplier_1.00,50,50,0,33.000841309557366,25.55649034395263,7.444350965604734,7.408865427188193,0.5773066272852061,0.0,1.0,0.0,7.286423212675765,7.604427821590825,favors_B,scenario_basis_model,
paired_comparison,prior_0.90_vs_1.00,27,outputs/step31_paired_comparisons/prior_sensitivity_paired_comparisons.csv,prior_sensitivity,long_stable_break,gross,bornhuetter_ferguson_standard,bornhuetter_ferguson_standard,prior_multiplier_0.90,prior_multiplier_1.00,50,50,0,11.862948350340066,6.324884871111945,5.53806347922812,8.983128084639873,6.402815632512801,0.18,0.82,0.0,3.7144632108050377,7.221860702112089,favors_B,scenario_basis_model,
paired_comparison,prior_0.90_vs_1.00,27,outputs/step31_paired_comparisons/prior_sensitivity_paired_comparisons.csv,prior_sensitivity,long_stable_break,gross,expected_loss,expected_loss,prior_multiplier_0.90,prior_multiplier_1.00,50,50,0,15.418423856492003,15.502598515188872,-0.0841746586968706,2.858676724792561,19.63585947447731,0.48,0.52,0.0,-5.437276345383403,5.347477854812489,includes_zero,scenario_basis_model,
paired_comparison,prior_0.90_vs_1.00,27,outputs/step31_paired_comparisons/prior_sensitivity_paired_comparisons.csv,prior_sensitivity,long_stable_no_break,ceded,bornhuetter_ferguson_break_aware,bornhuetter_ferguson_break_aware,prior_multiplier_0.90,prior_multiplier_1.00,50,50,0,45.10018946380672,39.0002105153408,6.099978948465914,6.058373616073798,0.5082269040476359,0.0,1.0,0.0,5.961817931780126,6.238491145533421,favors_B,scenario_basis_model,
paired_comparison,prior_0.90_vs_1.00,27,outputs/step31_paired_comparisons/prior_sensitivity_paired_comparisons.csv,prior_sensitivity,long_stable_no_break,ceded,bornhuetter_ferguson_standard,bornhuetter_ferguson_standard,prior_multiplier_0.90,prior_multiplier_1.00,50,50,0,45.10018946380672,39.0002105153408,6.099978948465914,6.058373616073798,0.5082269040476359,0.0,1.0,0.0,5.959201591814034,6.237161814788806,favors_B,scenario_basis_model,
paired_comparison,prior_0.90_vs_1.00,27,outputs/step31_paired_comparisons/prior_sensitivity_paired_comparisons.csv,prior_sensitivity,long_stable_no_break,ceded,expected_loss,expected_loss,prior_multiplier_0.90,prior_multiplier_1.00,50,50,0,11.36298131014838,11.00374900788119,0.3592323022671905,2.5283022396533554,12.390304394560284,0.46,0.54,0.0,-3.093193615006678,3.7412222142180864,includes_zero,scenario_basis_model,
paired_comparison,prior_0.90_vs_1.00,27,outputs/step31_paired_comparisons/prior_sensitivity_paired_comparisons.csv,prior_sensitivity,long_stable_no_break,gross,bornhuetter_ferguson_break_aware,bornhuetter_ferguson_break_aware,prior_multiplier_0.90,prior_multiplier_1.00,50,50,0,27.47844175927485,19.420490843638746,8.05795091563612,8.02414479239072,0.5745543055926916,0.0,1.0,0.0,7.898917344402405,8.219478365046584,favors_B,scenario_basis_model,
paired_comparison,prior_0.90_vs_1.00,27,outputs/step31_paired_comparisons/prior_sensitivity_paired_comparisons.csv,prior_sensitivity,long_stable_no_break,gross,bornhuetter_ferguson_standard,bornhuetter_ferguson_standard,prior_multiplier_0.90,prior_multiplier_1.00,50,50,0,27.47844175927485,19.420490843638746,8.05795091563612,8.02414479239072,0.5745543055926916,0.0,1.0,0.0,7.901204415721369,8.215130997115649,favors_B,scenario_basis_model,
paired_comparison,prior_0.90_vs_1.00,27,outputs/step31_paired_comparisons/prior_sensitivity_paired_comparisons.csv,prior_sensitivity,long_stable_no_break,gross,expected_loss,expected_loss,prior_multiplier_0.90,prior_multiplier_1.00,50,50,0,14.03087562209185,12.456116773136085,1.5747588489557682,4.303142759020067,16.42439870320833,0.42,0.58,0.0,-2.98253923604999,5.973500038803476,includes_zero,scenario_basis_model,
paired_comparison,prior_0.90_vs_1.00,27,outputs/step31_paired_comparisons/prior_sensitivity_paired_comparisons.csv,prior_sensitivity,short_emerging_no_break,ceded,bornhuetter_ferguson_break_aware,bornhuetter_ferguson_break_aware,prior_multiplier_0.90,prior_multiplier_1.00,50,50,0,59.88354608290136,55.42616231433485,4.457383768566516,4.40789201365499,0.5969356229401119,0.0,1.0,0.0,4.299235851621922,4.61793532176935,favors_B,scenario_basis_model,
paired_comparison,prior_0.90_vs_1.00,27,outputs/step31_paired_comparisons/prior_sensitivity_paired_comparisons.csv,prior_sensitivity,short_emerging_no_break,ceded,bornhuetter_ferguson_standard,bornhuetter_ferguson_standard,prior_multiplier_0.90,prior_multiplier_1.00,50,50,0,59.88354608290136,55.42616231433485,4.457383768566516,4.40789201365499,0.5969356229401119,0.0,1.0,0.0,4.29342952590779,4.626885518611136,favors_B,scenario_basis_model,
paired_comparison,prior_0.90_vs_1.00,27,outputs/step31_paired_comparisons/prior_sensitivity_paired_comparisons.csv,prior_sensitivity,short_emerging_no_break,ceded,expected_loss,expected_loss,prior_multiplier_0.90,prior_multiplier_1.00,50,50,0,28.99180308086293,56.62678237630269,-27.63497929543975,-36.266494569585454,20.33632021348277,0.86,0.14,0.0,-32.973874318728626,-21.77692391088554,favors_A,scenario_basis_model,
paired_comparison,prior_0.90_vs_1.00,27,outputs/step31_paired_comparisons/prior_sensitivity_paired_comparisons.csv,prior_sensitivity,short_emerging_no_break,gross,bornhuetter_ferguson_break_aware,bornhuetter_ferguson_break_aware,prior_multiplier_0.90,prior_multiplier_1.00,50,50,0,31.595730992238053,24.1744266123178,7.421304379920258,7.324209373886456,1.018980424300599,0.0,1.0,0.0,7.137181276947419,7.697528589507751,favors_B,scenario_basis_model,
paired_comparison,prior_0.90_vs_1.00,27,outputs/step31_paired_comparisons/prior_sensitivity_paired_comparisons.csv,prior_sensitivity,short_emerging_no_break,gross,bornhuetter_ferguson_standard,bornhuetter_ferguson_standard,prior_multiplier_0.90,prior_multiplier_1.00,50,50,0,31.595730992238053,24.1744266123178,7.421304379920258,7.324209373886456,1.018980424300599,0.0,1.0,0.0,7.137266250450473,7.7000550699352255,favors_B,scenario_basis_model,
paired_comparison,prior_0.90_vs_1.00,27,outputs/step31_paired_comparisons/prior_sensitivity_paired_comparisons.csv,prior_sensitivity,short_emerging_no_break,gross,expected_loss,expected_loss,prior_multiplier_0.90,prior_multiplier_1.00,50,50,0,33.81029092304812,90.65276347656958,-56.842472553521446,-70.33151264256983,41.150485967259925,0.86,0.14,0.0,-67.55581115660256,-45.455733070550295,favors_A,scenario_basis_model,
paired_comparison,prior_0.90_vs_1.00,27,outputs/step31_paired_comparisons/prior_sensitivity_paired_comparisons.csv,prior_sensitivity,short_shock_no_break,ceded,bornhuetter_ferguson_break_aware,bornhuetter_ferguson_break_aware,prior_multiplier_0.90,prior_multiplier_1.00,50,50,0,60.62865863010517,56.25406514456132,4.374593485543863,4.382486519945079,0.5442587637415014,0.0,1.0,0.0,4.227808608633096,4.52681720482741,favors_B,scenario_basis_model,
paired_comparison,prior_0.90_vs_1.00,27,outputs/step31_paired_comparisons/prior_sensitivity_paired_comparisons.csv,prior_sensitivity,short_shock_no_break,ceded,bornhuetter_ferguson_standard,bornhuetter_ferguson_standard,prior_multiplier_0.90,prior_multiplier_1.00,50,50,0,60.62865863010517,56.25406514456132,4.374593485543863,4.382486519945079,0.5442587637415014,0.0,1.0,0.0,4.229718007015295,4.527260182892548,favors_B,scenario_basis_model,
paired_comparison,prior_0.90_vs_1.00,27,outputs/step31_paired_comparisons/prior_sensitivity_paired_comparisons.csv,prior_sensitivity,short_shock_no_break,ceded,expected_loss,expected_loss,prior_multiplier_0.90,prior_multiplier_1.00,50,50,0,23.28933299798229,44.8696053940665,-21.5802723960842,-31.85350106485945,20.822826501285448,0.8,0.2,0.0,-27.07895529065808,-15.635180390142065,favors_A,scenario_basis_model,
paired_comparison,prior_0.90_vs_1.00,27,outputs/step31_paired_comparisons/prior_sensitivity_paired_comparisons.csv,prior_sensitivity,short_shock_no_break,gross,bornhuetter_ferguson_break_aware,bornhuetter_ferguson_break_aware,prior_multiplier_0.90,prior_multiplier_1.00,50,50,0,33.03156981733441,25.620481335820912,7.411088481513486,7.283901997180042,0.9941673287205356,0.0,1.0,0.0,7.141489210066284,7.688593176706997,favors_B,scenario_basis_model,
paired_comparison,prior_0.90_vs_1.00,27,outputs/step31_paired_comparisons/prior_sensitivity_paired_comparisons.csv,prior_sensitivity,short_shock_no_break,gross,bornhuetter_ferguson_standard,bornhuetter_ferguson_standard,prior_multiplier_0.90,prior_multiplier_1.00,50,50,0,33.03156981733441,25.620481335820912,7.411088481513486,7.283901997180042,0.9941673287205356,0.0,1.0,0.0,7.145999200774347,7.685309027686289,favors_B,scenario_basis_model,
paired_comparison,prior_0.90_vs_1.00,27,outputs/step31_paired_comparisons/prior_sensitivity_paired_comparisons.csv,prior_sensitivity,short_shock_no_break,gross,expected_loss,expected_loss,prior_multiplier_0.90,prior_multiplier_1.00,50,50,0,31.98747123273785,81.87011859296719,-49.88264736022934,-65.41661005704738,40.5196776514372,0.86,0.14,0.0,-60.83895525584924,-38.54010610439978,favors_A,scenario_basis_model,
paired_comparison,prior_0.90_vs_1.00,27,outputs/step31_paired_comparisons/prior_sensitivity_paired_comparisons.csv,prior_sensitivity,short_stable_no_break,ceded,bornhuetter_ferguson_break_aware,bornhuetter_ferguson_break_aware,prior_multiplier_0.90,prior_multiplier_1.00,50,50,0,58.87116154958215,54.30129061064683,4.569870938935311,4.467812856307763,0.689118199876748,0.0,1.0,0.0,4.378452162946839,4.761897979980517,favors_B,scenario_basis_model,
paired_comparison,prior_0.90_vs_1.00,27,outputs/step31_paired_comparisons/prior_sensitivity_paired_comparisons.csv,prior_sensitivity,short_stable_no_break,ceded,bornhuetter_ferguson_standard,bornhuetter_ferguson_standard,prior_multiplier_0.90,prior_multiplier_1.00,50,50,0,58.87116154958215,54.30129061064683,4.569870938935311,4.467812856307763,0.689118199876748,0.0,1.0,0.0,4.37900427443053,4.767890212421018,favors_B,scenario_basis_model,
paired_comparison,prior_0.90_vs_1.00,27,outputs/step31_paired_comparisons/prior_sensitivity_paired_comparisons.csv,prior_sensitivity,short_stable_no_break,ceded,expected_loss,expected_loss,prior_multiplier_0.90,prior_multiplier_1.00,50,50,0,36.96133024506485,71.27840229217402,-34.317072047109164,-39.873267719900056,19.51914941995672,0.94,0.06,0.0,-39.46448284498093,-28.64968325621799,favors_A,scenario_basis_model,
paired_comparison,prior_0.90_vs_1.00,27,outputs/step31_paired_comparisons/prior_sensitivity_paired_comparisons.csv,prior_sensitivity,short_stable_no_break,gross,bornhuetter_ferguson_break_aware,bornhuetter_ferguson_break_aware,prior_multiplier_0.90,prior_multiplier_1.00,50,50,0,30.172489166316183,22.760823807635084,7.411665358681096,7.474552380072188,1.487990344668433,0.0,1.0,0.0,6.971490914903169,7.785023334100611,favors_B,scenario_basis_model,
paired_comparison,prior_0.90_vs_1.00,27,outputs/step31_paired_comparisons/prior_sensitivity_paired_comparisons.csv,prior_sensitivity,short_stable_no_break,gross,bornhuetter_ferguson_standard,bornhuetter_ferguson_standard,prior_multiplier_0.90,prior_multiplier_1.00,50,50,0,30.172489166316183,22.760823807635084,7.411665358681096,7.474552380072188,1.487990344668433,0.0,1.0,0.0,6.97900044336278,7.786371189605338,favors_B,scenario_basis_model,
paired_comparison,prior_0.90_vs_1.00,27,outputs/step31_paired_comparisons/prior_sensitivity_paired_comparisons.csv,prior_sensitivity,short_stable_no_break,gross,expected_loss,expected_loss,prior_multiplier_0.90,prior_multiplier_1.00,50,50,0,35.68613456494036,99.07626350120692,-63.39012893626656,-78.01473242210051,41.92400831994496,0.9,0.1,0.0,-74.61984793333517,-51.59626946947879,favors_A,scenario_basis_model,
paired_comparison,prior_1.10_vs_1.00,27,outputs/step31_paired_comparisons/prior_sensitivity_paired_comparisons.csv,prior_sensitivity,long_emerging_break,ceded,bornhuetter_ferguson_break_aware,bornhuetter_ferguson_break_aware,prior_multiplier_1.10,prior_multiplier_1.00,50,50,0,39.66485802314865,45.14987093013515,-5.485012906986486,-5.485091998455349,0.444318966104908,1.0,0.0,0.0,-5.609121065266288,-5.363481371185419,favors_A,scenario_basis_model,
paired_comparison,prior_1.10_vs_1.00,27,outputs/step31_paired_comparisons/prior_sensitivity_paired_comparisons.csv,prior_sensitivity,long_emerging_break,ceded,bornhuetter_ferguson_standard,bornhuetter_ferguson_standard,prior_multiplier_1.10,prior_multiplier_1.00,50,50,0,23.14601490227593,30.132740820250845,-6.986725917974922,-6.986826663483591,0.5659667331646301,1.0,0.0,0.0,-7.143432213232902,-6.834708108295572,favors_A,scenario_basis_model,
paired_comparison,prior_1.10_vs_1.00,27,outputs/step31_paired_comparisons/prior_sensitivity_paired_comparisons.csv,prior_sensitivity,long_emerging_break,ceded,expected_loss,expected_loss,prior_multiplier_1.10,prior_multiplier_1.00,50,50,0,23.94707427323515,11.557521295802424,12.389552977432723,15.951102229631664,8.401307942292755,0.14,0.86,0.0,9.995624622096976,14.536922232248305,favors_B,scenario_basis_model,
paired_comparison,prior_1.10_vs_1.00,27,outputs/step31_paired_comparisons/prior_sensitivity_paired_comparisons.csv,prior_sensitivity,long_emerging_break,gross,bornhuetter_ferguson_break_aware,bornhuetter_ferguson_break_aware,prior_multiplier_1.10,prior_multiplier_1.00,50,50,0,19.71319227654136,27.011992978673963,-7.298800702132606,-7.270756063757684,0.5689509279026868,1.0,0.0,0.0,-7.455767455347257,-7.144916480338861,favors_A,scenario_basis_model,
paired_comparison,prior_1.10_vs_1.00,27,outputs/step31_paired_comparisons/prior_sensitivity_paired_comparisons.csv,prior_sensitivity,long_emerging_break,gross,bornhuetter_ferguson_standard,bornhuetter_ferguson_standard,prior_multiplier_1.10,prior_multiplier_1.00,50,50,0,7.643719056171919,7.065145290390937,0.57857376578098,0.2781718120181424,8.046825928943587,0.48,0.52,0.0,-1.6194565287686398,2.7074449461227217,includes_zero,scenario_basis_model,
paired_comparison,prior_1.10_vs_1.00,27,outputs/step31_paired_comparisons/prior_sensitivity_paired_comparisons.csv,prior_sensitivity,long_emerging_break,gross,expected_loss,expected_loss,prior_multiplier_1.10,prior_multiplier_1.00,50,50,0,38.05886235016644,14.505552325594929,23.553310024571523,27.378085488771948,8.762793569773253,0.02,0.98,0.0,21.1226405514157,25.83066118929404,favors_B,scenario_basis_model,
paired_comparison,prior_1.10_vs_1.00,27,outputs/step31_paired_comparisons/prior_sensitivity_paired_comparisons.csv,prior_sensitivity,long_emerging_no_break,ceded,bornhuetter_ferguson_break_aware,bornhuetter_ferguson_break_aware,prior_multiplier_1.10,prior_multiplier_1.00,50,50,0,32.322554452013385,38.47504950183036,-6.152495049816976,-6.109255798628151,0.4720579721872239,1.0,0.0,0.0,-6.281663056958697,-6.024257819139039,favors_A,scenario_basis_model,
paired_comparison,prior_1.10_vs_1.00,27,outputs/step31_paired_comparisons/prior_sensitivity_paired_comparisons.csv,prior_sensitivity,long_emerging_no_break,ceded,bornhuetter_ferguson_standard,bornhuetter_ferguson_standard,prior_multiplier_1.10,prior_multiplier_1.00,50,50,0,32.322554452013385,38.47504950183036,-6.152495049816976,-6.109255798628151,0.4720579721872239,1.0,0.0,0.0,-6.2822327619494045,-6.023863139015432,favors_A,scenario_basis_model,
paired_comparison,prior_1.10_vs_1.00,27,outputs/step31_paired_comparisons/prior_sensitivity_paired_comparisons.csv,prior_sensitivity,long_emerging_no_break,ceded,expected_loss,expected_loss,prior_multiplier_1.10,prior_multiplier_1.00,50,50,0,19.77582146559456,9.489885353018945,10.285936112575609,13.846704568489669,7.303123856834543,0.12,0.88,0.0,8.172866801338591,12.181311587085895,favors_B,scenario_basis_model,
paired_comparison,prior_1.10_vs_1.00,27,outputs/step31_paired_comparisons/prior_sensitivity_paired_comparisons.csv,prior_sensitivity,long_emerging_no_break,gross,bornhuetter_ferguson_break_aware,bornhuetter_ferguson_break_aware,prior_multiplier_1.10,prior_multiplier_1.00,50,50,0,13.399608113679712,21.152436218385105,-7.752828104705393,-7.824324541273261,0.6203131460721172,1.0,0.0,0.0,-7.917769009502196,-7.578923889008549,favors_A,scenario_basis_model,
paired_comparison,prior_1.10_vs_1.00,27,outputs/step31_paired_comparisons/prior_sensitivity_paired_comparisons.csv,prior_sensitivity,long_emerging_no_break,gross,bornhuetter_ferguson_standard,bornhuetter_ferguson_standard,prior_multiplier_1.10,prior_multiplier_1.00,50,50,0,13.399608113679712,21.152436218385105,-7.752828104705393,-7.824324541273261,0.6203131460721172,1.0,0.0,0.0,-7.915101172054882,-7.580045499658153,favors_A,scenario_basis_model,
paired_comparison,prior_1.10_vs_1.00,27,outputs/step31_paired_comparisons/prior_sensitivity_paired_comparisons.csv,prior_sensitivity,long_emerging_no_break,gross,expected_loss,expected_loss,prior_multiplier_1.10,prior_multiplier_1.00,50,50,0,29.97035658938772,11.663391457047329,18.306965132340384,22.16847325355088,8.256432983508823,0.04,0.96,0.0,15.96299605874031,20.40796608403028,favors_B,scenario_basis_model,
paired_comparison,prior_1.10_vs_1.00,27,outputs/step31_paired_comparisons/prior_sensitivity_paired_comparisons.csv,prior_sensitivity,long_shock_break,ceded,bornhuetter_ferguson_break_aware,bornhuetter_ferguson_break_aware,prior_multiplier_1.10,prior_multiplier_1.00,50,50,0,39.87293394289191,45.33903085717448,-5.466096914282559,-5.440122224290597,0.4183950862096058,1.0,0.0,0.0,-5.579033900703815,-5.352308876703037,favors_A,scenario_basis_model,
paired_comparison,prior_1.10_vs_1.00,27,outputs/step31_paired_comparisons/prior_sensitivity_paired_comparisons.csv,prior_sensitivity,long_shock_break,ceded,bornhuetter_ferguson_standard,bornhuetter_ferguson_standard,prior_multiplier_1.10,prior_multiplier_1.00,50,50,0,23.922710555795607,30.83882777799601,-6.9161172222004055,-6.883252089435317,0.529384953614215,1.0,0.0,0.0,-7.061851878473768,-6.772725196409042,favors_A,scenario_basis_model,
paired_comparison,prior_1.10_vs_1.00,27,outputs/step31_paired_comparisons/prior_sensitivity_paired_comparisons.csv,prior_sensitivity,long_shock_break,ceded,expected_loss,expected_loss,prior_multiplier_1.10,prior_multiplier_1.00,50,50,0,21.8707577323074,10.320734352298166,11.55002338000923,14.957150515631962,7.883863335030566,0.1,0.9,0.0,9.330283921517513,13.589607681232836,favors_B,scenario_basis_model,
paired_comparison,prior_1.10_vs_1.00,27,outputs/step31_paired_comparisons/prior_sensitivity_paired_comparisons.csv,prior_sensitivity,long_shock_break,gross,bornhuetter_ferguson_break_aware,bornhuetter_ferguson_break_aware,prior_multiplier_1.10,prior_multiplier_1.00,50,50,0,21.21111183017541,28.3737380274322,-7.162626197256786,-7.135824974139842,0.5585918013332761,1.0,0.0,0.0,-7.3164156346557085,-7.011236928811584,favors_A,scenario_basis_model,
paired_comparison,prior_1.10_vs_1.00,27,outputs/step31_paired_comparisons/prior_sensitivity_paired_comparisons.csv,prior_sensitivity,long_shock_break,gross,bornhuetter_ferguson_standard,bornhuetter_ferguson_standard,prior_multiplier_1.10,prior_multiplier_1.00,50,50,0,6.625675590710565,8.185151420696798,-1.5594758299862317,-4.586025098360711,7.781079536300746,0.64,0.36,0.0,-3.701970962659913,0.6148811777732403,includes_zero,scenario_basis_model,
paired_comparison,prior_1.10_vs_1.00,27,outputs/step31_paired_comparisons/prior_sensitivity_paired_comparisons.csv,prior_sensitivity,long_shock_break,gross,expected_loss,expected_loss,prior_multiplier_1.10,prior_multiplier_1.00,50,50,0,35.581501496728244,13.706466377165818,21.875035119562423,25.896375584651505,8.798945819873099,0.02,0.98,0.0,19.297671437571434,24.209056120503423,favors_B,scenario_basis_model,
paired_comparison,prior_1.10_vs_1.00,27,outputs/step31_paired_comparisons/prior_sensitivity_paired_comparisons.csv,prior_sensitivity,long_shock_no_break,ceded,bornhuetter_ferguson_break_aware,bornhuetter_ferguson_break_aware,prior_multiplier_1.10,prior_multiplier_1.00,50,50,0,32.668745948371146,38.78976904397377,-6.121023095602623,-6.0733148636496175,0.4427781050731627,1.0,0.0,0.0,-6.245674932418281,-6.000971153458082,favors_A,scenario_basis_model,
paired_comparison,prior_1.10_vs_1.00,27,outputs/step31_paired_comparisons/prior_sensitivity_paired_comparisons.csv,prior_sensitivity,long_shock_no_break,ceded,bornhuetter_ferguson_standard,bornhuetter_ferguson_standard,prior_multiplier_1.10,prior_multiplier_1.00,50,50,0,32.668745948371146,38.78976904397377,-6.121023095602623,-6.0733148636496175,0.4427781050731627,1.0,0.0,0.0,-6.240291212016705,-6.002605851666043,favors_A,scenario_basis_model,
paired_comparison,prior_1.10_vs_1.00,27,outputs/step31_paired_comparisons/prior_sensitivity_paired_comparisons.csv,prior_sensitivity,long_shock_no_break,ceded,expected_loss,expected_loss,prior_multiplier_1.10,prior_multiplier_1.00,50,50,0,18.478619583671914,8.580187778594057,9.89843180507786,13.207770784666607,6.894148432581986,0.1,0.9,0.0,7.911643829433293,11.656667168513884,favors_B,scenario_basis_model,
paired_comparison,prior_1.10_vs_1.00,27,outputs/step31_paired_comparisons/prior_sensitivity_paired_comparisons.csv,prior_sensitivity,long_shock_no_break,gross,bornhuetter_ferguson_break_aware,bornhuetter_ferguson_break_aware,prior_multiplier_1.10,prior_multiplier_1.00,50,50,0,14.827115647755226,22.57010513432293,-7.742989486567708,-7.711064205709131,0.5562840568116947,1.0,0.0,0.0,-7.897447036734178,-7.587124000397741,favors_A,scenario_basis_model,
paired_comparison,prior_1.10_vs_1.00,27,outputs/step31_paired_comparisons/prior_sensitivity_paired_comparisons.csv,prior_sensitivity,long_shock_no_break,gross,bornhuetter_ferguson_standard,bornhuetter_ferguson_standard,prior_multiplier_1.10,prior_multiplier_1.00,50,50,0,14.827115647755226,22.57010513432293,-7.742989486567708,-7.711064205709131,0.5562840568116947,1.0,0.0,0.0,-7.895037820767508,-7.590593954412011,favors_A,scenario_basis_model,
paired_comparison,prior_1.10_vs_1.00,27,outputs/step31_paired_comparisons/prior_sensitivity_paired_comparisons.csv,prior_sensitivity,long_shock_no_break,gross,expected_loss,expected_loss,prior_multiplier_1.10,prior_multiplier_1.00,50,50,0,28.241421398338208,11.098094737026477,17.14332666131173,21.13468168928896,8.111731738521183,0.06,0.94,0.0,14.830067646894218,19.313602484784443,favors_B,scenario_basis_model,
paired_comparison,prior_1.10_vs_1.00,27,outputs/step31_paired_comparisons/prior_sensitivity_paired_comparisons.csv,prior_sensitivity,long_stable_break,ceded,bornhuetter_ferguson_break_aware,bornhuetter_ferguson_break_aware,prior_multiplier_1.10,prior_multiplier_1.00,50,50,0,40.22028027217697,45.65480024743361,-5.434519975256633,-5.442308869102199,0.477359458282981,1.0,0.0,0.0,-5.566899951393205,-5.30517342737788,favors_A,scenario_basis_model,
paired_comparison,prior_1.10_vs_1.00,27,outputs/step31_paired_comparisons/prior_sensitivity_paired_comparisons.csv,prior_sensitivity,long_stable_break,ceded,bornhuetter_ferguson_standard,bornhuetter_ferguson_standard,prior_multiplier_1.10,prior_multiplier_1.00,50,50,0,22.77667369806916,29.796976089153787,-7.020302391084626,-7.03036406908689,0.6166520247692385,1.0,0.0,0.0,-7.189831290372149,-6.848847064711439,favors_A,scenario_basis_model,
paired_comparison,prior_1.10_vs_1.00,27,outputs/step31_paired_comparisons/prior_sensitivity_paired_comparisons.csv,prior_sensitivity,long_stable_break,ceded,expected_loss,expected_loss,prior_multiplier_1.10,prior_multiplier_1.00,50,50,0,27.23615635599632,13.493135547022144,13.743020808974176,17.164780922816703,9.067928052708714,0.14,0.86,0.0,11.161687687372616,16.04098348240445,favors_B,scenario_basis_model,
paired_comparison,prior_1.10_vs_1.00,27,outputs/step31_paired_comparisons/prior_sensitivity_paired_comparisons.csv,prior_sensitivity,long_stable_break,gross,bornhuetter_ferguson_break_aware,bornhuetter_ferguson_break_aware,prior_multiplier_1.10,prior_multiplier_1.00,50,50,0,18.1121393783479,25.55649034395263,-7.444350965604733,-7.408865427188186,0.5773066272852054,1.0,0.0,0.0,-7.604427821590825,-7.286423212675763,favors_A,scenario_basis_model,
paired_comparison,prior_1.10_vs_1.00,27,outputs/step31_paired_comparisons/prior_sensitivity_paired_comparisons.csv,prior_sensitivity,long_stable_break,gross,bornhuetter_ferguson_standard,bornhuetter_ferguson_standard,prior_multiplier_1.10,prior_multiplier_1.00,50,50,0,9.488444738607711,6.324884871111945,3.1635598674957657,5.633024355710263,7.655834853933063,0.36,0.64,0.0,1.0010973326406667,5.231946856514363,favors_B,scenario_basis_model,
paired_comparison,prior_1.10_vs_1.00,27,outputs/step31_paired_comparisons/prior_sensitivity_paired_comparisons.csv,prior_sensitivity,long_stable_break,gross,expected_loss,expected_loss,prior_multiplier_1.10,prior_multiplier_1.00,50,50,0,41.1336477022626,15.502598515188872,25.63104918707372,29.28106551338613,8.802403849991533,0.0,1.0,0.0,23.122628684423432,27.934797690804302,favors_B,scenario_basis_model,
paired_comparison,prior_1.10_vs_1.00,27,outputs/step31_paired_comparisons/prior_sensitivity_paired_comparisons.csv,prior_sensitivity,long_stable_no_break,ceded,bornhuetter_ferguson_break_aware,bornhuetter_ferguson_break_aware,prior_multiplier_1.10,prior_multiplier_1.00,50,50,0,32.90023156687488,39.0002105153408,-6.099978948465922,-6.058373616073808,0.5082269040476366,1.0,0.0,0.0,-6.2384911455334295,-5.961817931780135,favors_A,scenario_basis_model,
paired_comparison,prior_1.10_vs_1.00,27,outputs/step31_paired_comparisons/prior_sensitivity_paired_comparisons.csv,prior_sensitivity,long_stable_no_break,ceded,bornhuetter_ferguson_standard,bornhuetter_ferguson_standard,prior_multiplier_1.10,prior_multiplier_1.00,50,50,0,32.90023156687488,39.0002105153408,-6.099978948465922,-6.058373616073808,0.5082269040476366,1.0,0.0,0.0,-6.237161814788816,-5.959201591814045,favors_A,scenario_basis_model,
paired_comparison,prior_1.10_vs_1.00,27,outputs/step31_paired_comparisons/prior_sensitivity_paired_comparisons.csv,prior_sensitivity,long_stable_no_break,ceded,expected_loss,expected_loss,prior_multiplier_1.10,prior_multiplier_1.00,50,50,0,22.16421274791943,11.00374900788119,11.160463740038235,14.780789554418329,7.94652245298999,0.14,0.86,0.0,8.838577821607071,13.250582117998468,favors_B,scenario_basis_model,
paired_comparison,prior_1.10_vs_1.00,27,outputs/step31_paired_comparisons/prior_sensitivity_paired_comparisons.csv,prior_sensitivity,long_stable_no_break,gross,bornhuetter_ferguson_break_aware,bornhuetter_ferguson_break_aware,prior_multiplier_1.10,prior_multiplier_1.00,50,50,0,11.669361053170716,19.420490843638746,-7.751129790468029,-7.990089572054582,1.3380367377843128,1.0,0.0,0.0,-8.066469413103645,-7.336512194541314,favors_A,scenario_basis_model,
paired_comparison,prior_1.10_vs_1.00,27,outputs/step31_paired_comparisons/prior_sensitivity_paired_comparisons.csv,prior_sensitivity,long_stable_no_break,gross,bornhuetter_ferguson_standard,bornhuetter_ferguson_standard,prior_multiplier_1.10,prior_multiplier_1.00,50,50,0,11.669361053170716,19.420490843638746,-7.751129790468029,-7.990089572054582,1.3380367377843128,1.0,0.0,0.0,-8.063090095674347,-7.345102184446698,favors_A,scenario_basis_model,
paired_comparison,prior_1.10_vs_1.00,27,outputs/step31_paired_comparisons/prior_sensitivity_paired_comparisons.csv,prior_sensitivity,long_stable_no_break,gross,expected_loss,expected_loss,prior_multiplier_1.10,prior_multiplier_1.00,50,50,0,32.46893831055366,12.456116773136085,20.01282153741758,23.62221154026164,8.540197675512353,0.04,0.96,0.0,17.651959785020495,22.19356937941783,favors_B,scenario_basis_model,
paired_comparison,prior_1.10_vs_1.00,27,outputs/step31_paired_comparisons/prior_sensitivity_paired_comparisons.csv,prior_sensitivity,short_emerging_no_break,ceded,bornhuetter_ferguson_break_aware,bornhuetter_ferguson_break_aware,prior_multiplier_1.10,prior_multiplier_1.00,50,50,0,50.96877854576833,55.42616231433485,-4.457383768566526,-4.407892013654994,0.596935622940111,1.0,0.0,0.0,-4.617935321769359,-4.299235851621935,favors_A,scenario_basis_model,
paired_comparison,prior_1.10_vs_1.00,27,outputs/step31_paired_comparisons/prior_sensitivity_paired_comparisons.csv,prior_sensitivity,short_emerging_no_break,ceded,bornhuetter_ferguson_standard,bornhuetter_ferguson_standard,prior_multiplier_1.10,prior_multiplier_1.00,50,50,0,50.96877854576833,55.42616231433485,-4.457383768566526,-4.407892013654994,0.596935622940111,1.0,0.0,0.0,-4.626885518611146,-4.293429525907805,favors_A,scenario_basis_model,
paired_comparison,prior_1.10_vs_1.00,27,outputs/step31_paired_comparisons/prior_sensitivity_paired_comparisons.csv,prior_sensitivity,short_emerging_no_break,ceded,expected_loss,expected_loss,prior_multiplier_1.10,prior_multiplier_1.00,50,50,0,98.37337112823896,56.62678237630269,41.74658875193627,41.62326660545179,7.270418818799879,0.0,1.0,0.0,39.74374438053668,43.72974350337664,favors_B,scenario_basis_model,
paired_comparison,prior_1.10_vs_1.00,27,outputs/step31_paired_comparisons/prior_sensitivity_paired_comparisons.csv,prior_sensitivity,short_emerging_no_break,gross,bornhuetter_ferguson_break_aware,bornhuetter_ferguson_break_aware,prior_multiplier_1.10,prior_multiplier_1.00,50,50,0,17.753452737653138,24.1744266123178,-6.420973874664661,-7.262197055082399,4.001202370192168,0.94,0.06,0.0,-7.37938911459262,-5.222108944361901,favors_A,scenario_basis_model,
paired_comparison,prior_1.10_vs_1.00,27,outputs/step31_paired_comparisons/prior_sensitivity_paired_comparisons.csv,prior_sensitivity,short_emerging_no_break,gross,bornhuetter_ferguson_standard,bornhuetter_ferguson_standard,prior_multiplier_1.10,prior_multiplier_1.00,50,50,0,17.753452737653138,24.1744266123178,-6.420973874664661,-7.262197055082399,4.001202370192168,0.94,0.06,0.0,-7.371873330638845,-5.196833857084782,favors_A,scenario_basis_model,
paired_comparison,prior_1.10_vs_1.00,27,outputs/step31_paired_comparisons/prior_sensitivity_paired_comparisons.csv,prior_sensitivity,short_emerging_no_break,gross,expected_loss,expected_loss,prior_multiplier_1.10,prior_multiplier_1.00,50,50,0,192.8238663590391,90.65276347656958,102.17110288246953,103.77133640281284,19.981393886393903,0.0,1.0,0.0,96.64649604133116,107.63282950130537,favors_B,scenario_basis_model,
paired_comparison,prior_1.10_vs_1.00,27,outputs/step31_paired_comparisons/prior_sensitivity_paired_comparisons.csv,prior_sensitivity,short_shock_no_break,ceded,bornhuetter_ferguson_break_aware,bornhuetter_ferguson_break_aware,prior_multiplier_1.10,prior_multiplier_1.00,50,50,0,51.87947165901743,56.25406514456132,-4.37459348554388,-4.3824865199451,0.5442587637415052,1.0,0.0,0.0,-4.526817204827427,-4.227808608633112,favors_A,scenario_basis_model,
paired_comparison,prior_1.10_vs_1.00,27,outputs/step31_paired_comparisons/prior_sensitivity_paired_comparisons.csv,prior_sensitivity,short_shock_no_break,ceded,bornhuetter_ferguson_standard,bornhuetter_ferguson_standard,prior_multiplier_1.10,prior_multiplier_1.00,50,50,0,51.87947165901743,56.25406514456132,-4.37459348554388,-4.3824865199451,0.5442587637415052,1.0,0.0,0.0,-4.527260182892564,-4.229718007015309,favors_A,scenario_basis_model,
paired_comparison,prior_1.10_vs_1.00,27,outputs/step31_paired_comparisons/prior_sensitivity_paired_comparisons.csv,prior_sensitivity,short_shock_no_break,ceded,expected_loss,expected_loss,prior_multiplier_1.10,prior_multiplier_1.00,50,50,0,81.05788997787452,44.8696053940665,36.18828458380803,36.54059330804565,5.917194940941871,0.0,1.0,0.0,34.53957906236802,37.816103379537786,favors_B,scenario_basis_model,
paired_comparison,prior_1.10_vs_1.00,27,outputs/step31_paired_comparisons/prior_sensitivity_paired_comparisons.csv,prior_sensitivity,short_shock_no_break,gross,bornhuetter_ferguson_break_aware,bornhuetter_ferguson_break_aware,prior_multiplier_1.10,prior_multiplier_1.00,50,50,0,19.183932717953628,25.620481335820912,-6.436548617867284,-7.149574337421297,3.620924229626208,0.94,0.06,0.0,-7.296315239412626,-5.360777137960052,favors_A,scenario_basis_model,
paired_comparison,prior_1.10_vs_1.00,27,outputs/step31_paired_comparisons/prior_sensitivity_paired_comparisons.csv,prior_sensitivity,short_shock_no_break,gross,bornhuetter_ferguson_standard,bornhuetter_ferguson_standard,prior_multiplier_1.10,prior_multiplier_1.00,50,50,0,19.183932717953628,25.620481335820912,-6.436548617867284,-7.149574337421297,3.620924229626208,0.94,0.06,0.0,-7.289330018893081,-5.335106412508486,favors_A,scenario_basis_model,
paired_comparison,prior_1.10_vs_1.00,27,outputs/step31_paired_comparisons/prior_sensitivity_paired_comparisons.csv,prior_sensitivity,short_shock_no_break,gross,expected_loss,expected_loss,prior_multiplier_1.10,prior_multiplier_1.00,50,50,0,175.60236349766544,81.87011859296719,93.73224490469822,95.32409806495085,18.3459351080642,0.0,1.0,0.0,88.75279205933845,98.8416829802938,favors_B,scenario_basis_model,
paired_comparison,prior_1.10_vs_1.00,27,outputs/step31_paired_comparisons/prior_sensitivity_paired_comparisons.csv,prior_sensitivity,short_stable_no_break,ceded,bornhuetter_ferguson_break_aware,bornhuetter_ferguson_break_aware,prior_multiplier_1.10,prior_multiplier_1.00,50,50,0,49.73141967171152,54.30129061064683,-4.569870938935321,-4.46781285630777,0.6891181998767515,1.0,0.0,0.0,-4.761897979980527,-4.378452162946847,favors_A,scenario_basis_model,
paired_comparison,prior_1.10_vs_1.00,27,outputs/step31_paired_comparisons/prior_sensitivity_paired_comparisons.csv,prior_sensitivity,short_stable_no_break,ceded,bornhuetter_ferguson_standard,bornhuetter_ferguson_standard,prior_multiplier_1.10,prior_multiplier_1.00,50,50,0,49.73141967171152,54.30129061064683,-4.569870938935321,-4.46781285630777,0.6891181998767515,1.0,0.0,0.0,-4.76789021242103,-4.379004274430538,favors_A,scenario_basis_model,
paired_comparison,prior_1.10_vs_1.00,27,outputs/step31_paired_comparisons/prior_sensitivity_paired_comparisons.csv,prior_sensitivity,short_stable_no_break,ceded,expected_loss,expected_loss,prior_multiplier_1.10,prior_multiplier_1.00,50,50,0,118.82093374047788,71.27840229217402,47.54253144830384,47.567201282217184,9.480858500151829,0.0,1.0,0.0,44.929217608473216,50.1465009466335,favors_B,scenario_basis_model,
paired_comparison,prior_1.10_vs_1.00,27,outputs/step31_paired_comparisons/prior_sensitivity_paired_comparisons.csv,prior_sensitivity,short_stable_no_break,gross,bornhuetter_ferguson_break_aware,bornhuetter_ferguson_break_aware,prior_multiplier_1.10,prior_multiplier_1.00,50,50,0,16.525511628354206,22.760823807635084,-6.235312179280884,-7.30860254806057,4.345508226947541,0.94,0.06,0.0,-7.301123751334967,-4.912822725604624,favors_A,scenario_basis_model,
paired_comparison,prior_1.10_vs_1.00,27,outputs/step31_paired_comparisons/prior_sensitivity_paired_comparisons.csv,prior_sensitivity,short_stable_no_break,gross,bornhuetter_ferguson_standard,bornhuetter_ferguson_standard,prior_multiplier_1.10,prior_multiplier_1.00,50,50,0,16.525511628354206,22.760823807635084,-6.235312179280884,-7.30860254806057,4.345508226947541,0.94,0.06,0.0,-7.28023232783967,-4.927212893725094,favors_A,scenario_basis_model,
paired_comparison,prior_1.10_vs_1.00,27,outputs/step31_paired_comparisons/prior_sensitivity_paired_comparisons.csv,prior_sensitivity,short_stable_no_break,gross,expected_loss,expected_loss,prior_multiplier_1.10,prior_multiplier_1.00,50,50,0,209.40238274328223,99.07626350120692,110.32611924207536,112.32667364857858,21.65803681622216,0.0,1.0,0.0,104.33831779764188,116.26866854293397,favors_B,scenario_basis_model,
paired_comparison,prior_1.20_vs_1.00,27,outputs/step31_paired_comparisons/prior_sensitivity_paired_comparisons.csv,prior_sensitivity,long_emerging_break,ceded,bornhuetter_ferguson_break_aware,bornhuetter_ferguson_break_aware,prior_multiplier_1.20,prior_multiplier_1.00,50,50,0,34.17984511616216,45.14987093013515,-10.970025813972974,-10.970183996910702,0.8886379322098151,1.0,0.0,0.0,-11.21824213053258,-10.72696274237084,favors_A,scenario_basis_model,
paired_comparison,prior_1.20_vs_1.00,27,outputs/step31_paired_comparisons/prior_sensitivity_paired_comparisons.csv,prior_sensitivity,long_emerging_break,ceded,bornhuetter_ferguson_standard,bornhuetter_ferguson_standard,prior_multiplier_1.20,prior_multiplier_1.00,50,50,0,16.21328603452559,30.132740820250845,-13.91945478572526,-13.973653326967176,1.051416749124558,1.0,0.0,0.0,-14.208797696305105,-13.636662202309653,favors_A,scenario_basis_model,
paired_comparison,prior_1.20_vs_1.00,27,outputs/step31_paired_comparisons/prior_sensitivity_paired_comparisons.csv,prior_sensitivity,long_emerging_break,ceded,expected_loss,expected_loss,prior_multiplier_1.20,prior_multiplier_1.00,50,50,0,40.62951039212158,11.557521295802424,29.07198909631916,32.15632971820075,9.469425548370836,0.0,1.0,0.0,26.403862767884146,31.537915273278696,favors_B,scenario_basis_model,
paired_comparison,prior_1.20_vs_1.00,27,outputs/step31_paired_comparisons/prior_sensitivity_paired_comparisons.csv,prior_sensitivity,long_emerging_break,gross,bornhuetter_ferguson_break_aware,bornhuetter_ferguson_break_aware,prior_multiplier_1.20,prior_multiplier_1.00,50,50,0,12.698720840548098,27.011992978673963,-14.313272138125862,-14.505814967217656,1.2255641193817506,1.0,0.0,0.0,-14.63521669115524,-13.969311769052116,favors_A,scenario_basis_model,
paired_comparison,prior_1.20_vs_1.00,27,outputs/step31_paired_comparisons/prior_sensitivity_paired_comparisons.csv,prior_sensitivity,long_emerging_break,gross,bornhuetter_ferguson_standard,bornhuetter_ferguson_standard,prior_multiplier_1.20,prior_multiplier_1.00,50,50,0,15.01714512797124,7.065145290390937,7.951999837580299,9.815227612590409,12.017725492630502,0.28,0.72,0.0,4.5569892323784496,11.105594775176993,favors_B,scenario_basis_model,
paired_comparison,prior_1.20_vs_1.00,27,outputs/step31_paired_comparisons/prior_sensitivity_paired_comparisons.csv,prior_sensitivity,long_emerging_break,gross,expected_loss,expected_loss,prior_multiplier_1.20,prior_multiplier_1.00,50,50,0,67.47570502889258,14.505552325594929,52.97015270329766,57.60545740423933,10.95983379808444,0.0,1.0,0.0,49.92413603842168,55.81439114736411,favors_B,scenario_basis_model,
paired_comparison,prior_1.20_vs_1.00,27,outputs/step31_paired_comparisons/prior_sensitivity_paired_comparisons.csv,prior_sensitivity,long_emerging_no_break,ceded,bornhuetter_ferguson_break_aware,bornhuetter_ferguson_break_aware,prior_multiplier_1.20,prior_multiplier_1.00,50,50,0,26.17005940219643,38.47504950183036,-12.304990099633924,-12.218511597256269,0.944115944374446,1.0,0.0,0.0,-12.563326113917364,-12.048515638278053,favors_A,scenario_basis_model,
paired_comparison,prior_1.20_vs_1.00,27,outputs/step31_paired_comparisons/prior_sensitivity_paired_comparisons.csv,prior_sensitivity,long_emerging_no_break,ceded,bornhuetter_ferguson_standard,bornhuetter_ferguson_standard,prior_multiplier_1.20,prior_multiplier_1.00,50,50,0,26.17005940219643,38.47504950183036,-12.304990099633924,-12.218511597256269,0.944115944374446,1.0,0.0,0.0,-12.564465523898782,-12.047726278030837,favors_A,scenario_basis_model,
paired_comparison,prior_1.20_vs_1.00,27,outputs/step31_paired_comparisons/prior_sensitivity_paired_comparisons.csv,prior_sensitivity,long_emerging_no_break,ceded,expected_loss,expected_loss,prior_multiplier_1.20,prior_multiplier_1.00,50,50,0,34.05079220484404,9.489885353018945,24.560906851825088,27.84738111123295,8.261485751863972,0.0,1.0,0.0,22.154763554959747,26.732015462706965,favors_B,scenario_basis_model,
paired_comparison,prior_1.20_vs_1.00,27,outputs/step31_paired_comparisons/prior_sensitivity_paired_comparisons.csv,prior_sensitivity,long_emerging_no_break,gross,bornhuetter_ferguson_break_aware,bornhuetter_ferguson_break_aware,prior_multiplier_1.20,prior_multiplier_1.00,50,50,0,7.10537120124574,21.152436218385105,-14.047065017139367,-15.03496789615084,3.931930876018008,0.96,0.04,0.0,-14.975473045559708,-12.832276792140384,favors_A,scenario_basis_model,
paired_comparison,prior_1.20_vs_1.00,27,outputs/step31_paired_comparisons/prior_sensitivity_paired_comparisons.csv,prior_sensitivity,long_emerging_no_break,gross,bornhuetter_ferguson_standard,bornhuetter_ferguson_standard,prior_multiplier_1.20,prior_multiplier_1.00,50,50,0,7.10537120124574,21.152436218385105,-14.047065017139367,-15.03496789615084,3.931930876018008,0.96,0.04,0.0,-14.970296521884771,-12.886850983806696,favors_A,scenario_basis_model,
paired_comparison,prior_1.20_vs_1.00,27,outputs/step31_paired_comparisons/prior_sensitivity_paired_comparisons.csv,prior_sensitivity,long_emerging_no_break,gross,expected_loss,expected_loss,prior_multiplier_1.20,prior_multiplier_1.00,50,50,0,53.70770197958303,11.663391457047329,42.04431052253569,46.2129148975592,9.848189460454076,0.0,1.0,0.0,39.29993068312804,44.547233932828405,favors_B,scenario_basis_model,
paired_comparison,prior_1.20_vs_1.00,27,outputs/step31_paired_comparisons/prior_sensitivity_paired_comparisons.csv,prior_sensitivity,long_shock_break,ceded,bornhuetter_ferguson_break_aware,bornhuetter_ferguson_break_aware,prior_multiplier_1.20,prior_multiplier_1.00,50,50,0,34.40683702860936,45.33903085717448,-10.932193828565104,-10.88024444858118,0.8367901724192086,1.0,0.0,0.0,-11.158067801407617,-10.70461775340606,favors_A,scenario_basis_model,
paired_comparison,prior_1.20_vs_1.00,27,outputs/step31_paired_comparisons/prior_sensitivity_paired_comparisons.csv,prior_sensitivity,long_shock_break,ceded,bornhuetter_ferguson_standard,bornhuetter_ferguson_standard,prior_multiplier_1.20,prior_multiplier_1.00,50,50,0,17.006593333595198,30.83882777799601,-13.832234444400807,-13.766504178870637,1.0587699072284298,1.0,0.0,0.0,-14.123703756947531,-13.545450392818084,favors_A,scenario_basis_model,
paired_comparison,prior_1.20_vs_1.00,27,outputs/step31_paired_comparisons/prior_sensitivity_paired_comparisons.csv,prior_sensitivity,long_shock_break,ceded,expected_loss,expected_loss,prior_multiplier_1.20,prior_multiplier_1.00,50,50,0,37.61855923821599,10.320734352298166,27.297824885917827,30.245654526325488,8.82753285056036,0.0,1.0,0.0,24.809106588474062,29.60230247792088,favors_B,scenario_basis_model,
paired_comparison,prior_1.20_vs_1.00,27,outputs/step31_paired_comparisons/prior_sensitivity_paired_comparisons.csv,prior_sensitivity,long_shock_break,gross,bornhuetter_ferguson_break_aware,bornhuetter_ferguson_break_aware,prior_multiplier_1.20,prior_multiplier_1.00,50,50,0,14.149284944412647,28.3737380274322,-14.224453083019553,-14.247156499639424,1.0202177868517972,1.0,0.0,0.0,-14.503490819109762,-13.945168918525312,favors_A,scenario_basis_model,
paired_comparison,prior_1.20_vs_1.00,27,outputs/step31_paired_comparisons/prior_sensitivity_paired_comparisons.csv,prior_sensitivity,long_shock_break,gross,bornhuetter_ferguson_standard,bornhuetter_ferguson_standard,prior_multiplier_1.20,prior_multiplier_1.00,50,50,0,12.522526662548414,8.185151420696798,4.3373752418516185,4.719402277907811,12.55195885313846,0.38,0.62,0.0,0.7807433617335655,7.779203416862122,favors_B,scenario_basis_model,
paired_comparison,prior_1.20_vs_1.00,27,outputs/step31_paired_comparisons/prior_sensitivity_paired_comparisons.csv,prior_sensitivity,long_shock_break,gross,expected_loss,expected_loss,prior_multiplier_1.20,prior_multiplier_1.00,50,50,0,63.29862461512367,13.706466377165818,49.592158237957854,54.45656481802016,10.807157179791773,0.0,1.0,0.0,46.44176047117111,52.47683942594585,favors_B,scenario_basis_model,
paired_comparison,prior_1.20_vs_1.00,27,outputs/step31_paired_comparisons/prior_sensitivity_paired_comparisons.csv,prior_sensitivity,long_shock_no_break,ceded,bornhuetter_ferguson_break_aware,bornhuetter_ferguson_break_aware,prior_multiplier_1.20,prior_multiplier_1.00,50,50,0,26.547722852768533,38.78976904397377,-12.24204619120524,-12.146629727299226,0.885556210146324,1.0,0.0,0.0,-12.491349864836554,-12.001942306916156,favors_A,scenario_basis_model,
paired_comparison,prior_1.20_vs_1.00,27,outputs/step31_paired_comparisons/prior_sensitivity_paired_comparisons.csv,prior_sensitivity,long_shock_no_break,ceded,bornhuetter_ferguson_standard,bornhuetter_ferguson_standard,prior_multiplier_1.20,prior_multiplier_1.00,50,50,0,26.547722852768533,38.78976904397377,-12.24204619120524,-12.146629727299226,0.885556210146324,1.0,0.0,0.0,-12.4805824240334,-12.00521170333208,favors_A,scenario_basis_model,
paired_comparison,prior_1.20_vs_1.00,27,outputs/step31_paired_comparisons/prior_sensitivity_paired_comparisons.csv,prior_sensitivity,long_shock_no_break,ceded,expected_loss,expected_loss,prior_multiplier_1.20,prior_multiplier_1.00,50,50,0,32.16983827349259,8.580187778594057,23.589650494898528,26.665213357561303,7.734084263181583,0.0,1.0,0.0,21.361413475960905,25.578692984158447,favors_B,scenario_basis_model,
paired_comparison,prior_1.20_vs_1.00,27,outputs/step31_paired_comparisons/prior_sensitivity_paired_comparisons.csv,prior_sensitivity,long_shock_no_break,gross,bornhuetter_ferguson_break_aware,bornhuetter_ferguson_break_aware,prior_multiplier_1.20,prior_multiplier_1.00,50,50,0,8.081851162626181,22.57010513432293,-14.488253971696754,-15.093187393858225,3.0484885732714164,1.0,0.0,0.0,-15.198662997933988,-13.543524996493966,favors_A,scenario_basis_model,
paired_comparison,prior_1.20_vs_1.00,27,outputs/step31_paired_comparisons/prior_sensitivity_paired_comparisons.csv,prior_sensitivity,long_shock_no_break,gross,bornhuetter_ferguson_standard,bornhuetter_ferguson_standard,prior_multiplier_1.20,prior_multiplier_1.00,50,50,0,8.081851162626181,22.57010513432293,-14.488253971696754,-15.093187393858225,3.0484885732714164,1.0,0.0,0.0,-15.179101173033786,-13.544761398332334,favors_A,scenario_basis_model,
paired_comparison,prior_1.20_vs_1.00,27,outputs/step31_paired_comparisons/prior_sensitivity_paired_comparisons.csv,prior_sensitivity,long_shock_no_break,gross,expected_loss,expected_loss,prior_multiplier_1.20,prior_multiplier_1.00,50,50,0,50.73510033714592,11.098094737026477,39.63700560011943,43.99761391437823,9.600423784675826,0.0,1.0,0.0,36.91262921313785,42.22516241207991,favors_B,scenario_basis_model,
paired_comparison,prior_1.20_vs_1.00,27,outputs/step31_paired_comparisons/prior_sensitivity_paired_comparisons.csv,prior_sensitivity,long_stable_break,ceded,bornhuetter_ferguson_break_aware,bornhuetter_ferguson_break_aware,prior_multiplier_1.20,prior_multiplier_1.00,50,50,0,34.78576029692032,45.65480024743361,-10.869039950513288,-10.884617738204415,0.9547189165659656,1.0,0.0,0.0,-11.133799902786432,-10.610346854755775,favors_A,scenario_basis_model,
paired_comparison,prior_1.20_vs_1.00,27,outputs/step31_paired_comparisons/prior_sensitivity_paired_comparisons.csv,prior_sensitivity,long_stable_break,ceded,bornhuetter_ferguson_standard,bornhuetter_ferguson_standard,prior_multiplier_1.20,prior_multiplier_1.00,50,50,0,15.832629204525665,29.796976089153787,-13.964346884628116,-13.946979299879596,1.1634702257607568,1.0,0.0,0.0,-14.287683454149768,-13.640260911547587,favors_A,scenario_basis_model,
paired_comparison,prior_1.20_vs_1.00,27,outputs/step31_paired_comparisons/prior_sensitivity_paired_comparisons.csv,prior_sensitivity,long_stable_break,ceded,expected_loss,expected_loss,prior_multiplier_1.20,prior_multiplier_1.00,50,50,0,45.35213096101919,13.493135547022144,31.858995413997047,34.68767504229464,10.460293224768083,0.0,1.0,0.0,28.897180623575508,34.537964354034806,favors_B,scenario_basis_model,
paired_comparison,prior_1.20_vs_1.00,27,outputs/step31_paired_comparisons/prior_sensitivity_paired_comparisons.csv,prior_sensitivity,long_stable_break,gross,bornhuetter_ferguson_break_aware,bornhuetter_ferguson_break_aware,prior_multiplier_1.20,prior_multiplier_1.00,50,50,0,11.190855160774188,25.55649034395263,-14.365635183178448,-14.777049497119895,1.8749881299146056,1.0,0.0,0.0,-14.830584877031134,-13.805828409842253,favors_A,scenario_basis_model,
paired_comparison,prior_1.20_vs_1.00,27,outputs/step31_paired_comparisons/prior_sensitivity_paired_comparisons.csv,prior_sensitivity,long_stable_break,gross,bornhuetter_ferguson_standard,bornhuetter_ferguson_standard,prior_multiplier_1.20,prior_multiplier_1.00,50,50,0,18.06738588803826,6.324884871111945,11.742501016926315,15.425073134553587,10.731613036797746,0.16,0.84,0.0,8.648614740882055,14.60300385459062,favors_B,scenario_basis_model,
paired_comparison,prior_1.20_vs_1.00,27,outputs/step31_paired_comparisons/prior_sensitivity_paired_comparisons.csv,prior_sensitivity,long_stable_break,gross,expected_loss,expected_loss,prior_multiplier_1.20,prior_multiplier_1.00,50,50,0,72.66384280739305,15.502598515188872,57.16124429220418,61.45026557362665,11.220824380405672,0.0,1.0,0.0,53.97851951767201,60.13628391663646,favors_B,scenario_basis_model,
paired_comparison,prior_1.20_vs_1.00,27,outputs/step31_paired_comparisons/prior_sensitivity_paired_comparisons.csv,prior_sensitivity,long_stable_no_break,ceded,bornhuetter_ferguson_break_aware,bornhuetter_ferguson_break_aware,prior_multiplier_1.20,prior_multiplier_1.00,50,50,0,26.80025261840897,39.0002105153408,-12.199957896931837,-12.11674723214761,1.016453808095272,1.0,0.0,0.0,-12.47698229106685,-11.92363586356026,favors_A,scenario_basis_model,
paired_comparison,prior_1.20_vs_1.00,27,outputs/step31_paired_comparisons/prior_sensitivity_paired_comparisons.csv,prior_sensitivity,long_stable_no_break,ceded,bornhuetter_ferguson_standard,bornhuetter_ferguson_standard,prior_multiplier_1.20,prior_multiplier_1.00,50,50,0,26.80025261840897,39.0002105153408,-12.199957896931837,-12.11674723214761,1.016453808095272,1.0,0.0,0.0,-12.47432362957762,-11.918403183628085,favors_A,scenario_basis_model,
paired_comparison,prior_1.20_vs_1.00,27,outputs/step31_paired_comparisons/prior_sensitivity_paired_comparisons.csv,prior_sensitivity,long_stable_no_break,ceded,expected_loss,expected_loss,prior_multiplier_1.20,prior_multiplier_1.00,50,50,0,37.53123228212171,11.00374900788119,26.52748327424052,29.98979428668835,9.09615156408361,0.0,1.0,0.0,23.902099088138307,28.952664372757493,favors_B,scenario_basis_model,
paired_comparison,prior_1.20_vs_1.00,27,outputs/step31_paired_comparisons/prior_sensitivity_paired_comparisons.csv,prior_sensitivity,long_stable_no_break,gross,bornhuetter_ferguson_break_aware,bornhuetter_ferguson_break_aware,prior_multiplier_1.20,prior_multiplier_1.00,50,50,0,6.339984154166286,19.420490843638746,-13.080506689472456,-14.965748336874451,5.161989008820253,0.96,0.04,0.0,-14.361795462712788,-11.54643292250388,favors_A,scenario_basis_model,
paired_comparison,prior_1.20_vs_1.00,27,outputs/step31_paired_comparisons/prior_sensitivity_paired_comparisons.csv,prior_sensitivity,long_stable_no_break,gross,bornhuetter_ferguson_standard,bornhuetter_ferguson_standard,prior_multiplier_1.20,prior_multiplier_1.00,50,50,0,6.339984154166286,19.420490843638746,-13.080506689472456,-14.965748336874451,5.161989008820253,0.96,0.04,0.0,-14.360041258052052,-11.555719029531804,favors_A,scenario_basis_model,
paired_comparison,prior_1.20_vs_1.00,27,outputs/step31_paired_comparisons/prior_sensitivity_paired_comparisons.csv,prior_sensitivity,long_stable_no_break,gross,expected_loss,expected_loss,prior_multiplier_1.20,prior_multiplier_1.00,50,50,0,58.03591048519322,12.456116773136085,45.579793712057146,49.530623926973846,10.268895612243565,0.0,1.0,0.0,42.79157343693157,48.23170419694379,favors_B,scenario_basis_model,
paired_comparison,prior_1.20_vs_1.00,27,outputs/step31_paired_comparisons/prior_sensitivity_paired_comparisons.csv,prior_sensitivity,short_emerging_no_break,ceded,bornhuetter_ferguson_break_aware,bornhuetter_ferguson_break_aware,prior_multiplier_1.20,prior_multiplier_1.00,50,50,0,46.51139477720183,55.42616231433485,-8.914767537133029,-8.815784027309977,1.193871245880222,1.0,0.0,0.0,-9.235870643538696,-8.598471703243845,favors_A,scenario_basis_model,
paired_comparison,prior_1.20_vs_1.00,27,outputs/step31_paired_comparisons/prior_sensitivity_paired_comparisons.csv,prior_sensitivity,short_emerging_no_break,ceded,bornhuetter_ferguson_standard,bornhuetter_ferguson_standard,prior_multiplier_1.20,prior_multiplier_1.00,50,50,0,46.51139477720183,55.42616231433485,-8.914767537133029,-8.815784027309977,1.193871245880222,1.0,0.0,0.0,-9.253771037222268,-8.586859051815587,favors_A,scenario_basis_model,
paired_comparison,prior_1.20_vs_1.00,27,outputs/step31_paired_comparisons/prior_sensitivity_paired_comparisons.csv,prior_sensitivity,short_emerging_no_break,ceded,expected_loss,expected_loss,prior_multiplier_1.20,prior_multiplier_1.00,50,50,0,143.76189998893796,56.62678237630269,87.13511761263527,87.7019592546886,14.54273512536411,0.0,1.0,0.0,83.06849462443634,91.107337162689,favors_B,scenario_basis_model,
paired_comparison,prior_1.20_vs_1.00,27,outputs/step31_paired_comparisons/prior_sensitivity_paired_comparisons.csv,prior_sensitivity,short_emerging_no_break,gross,bornhuetter_ferguson_break_aware,bornhuetter_ferguson_break_aware,prior_multiplier_1.20,prior_multiplier_1.00,50,50,0,13.08884904876219,24.1744266123178,-11.08557756355561,-14.08181074638571,8.682813472922254,0.9,0.1,0.0,-13.273286636678089,-8.53492444263857,favors_A,scenario_basis_model,
paired_comparison,prior_1.20_vs_1.00,27,outputs/step31_paired_comparisons/prior_sensitivity_paired_comparisons.csv,prior_sensitivity,short_emerging_no_break,gross,bornhuetter_ferguson_standard,bornhuetter_ferguson_standard,prior_multiplier_1.20,prior_multiplier_1.00,50,50,0,13.08884904876219,24.1744266123178,-11.08557756355561,-14.08181074638571,8.682813472922254,0.9,0.1,0.0,-13.216992645476717,-8.513949910051998,favors_A,scenario_basis_model,
paired_comparison,prior_1.20_vs_1.00,27,outputs/step31_paired_comparisons/prior_sensitivity_paired_comparisons.csv,prior_sensitivity,short_emerging_no_break,gross,expected_loss,expected_loss,prior_multiplier_1.20,prior_multiplier_1.00,50,50,0,314.45239170036456,90.65276347656958,223.799628223795,224.94737468833216,39.48252009214234,0.0,1.0,0.0,212.80542957289776,234.5174364231784,favors_B,scenario_basis_model,
paired_comparison,prior_1.20_vs_1.00,27,outputs/step31_paired_comparisons/prior_sensitivity_paired_comparisons.csv,prior_sensitivity,short_shock_no_break,ceded,bornhuetter_ferguson_break_aware,bornhuetter_ferguson_break_aware,prior_multiplier_1.20,prior_multiplier_1.00,50,50,0,47.50487817347358,56.25406514456132,-8.749186971087733,-8.764973039890172,1.0885175274830046,1.0,0.0,0.0,-9.053634409654828,-8.4556172172662,favors_A,scenario_basis_model,
paired_comparison,prior_1.20_vs_1.00,27,outputs/step31_paired_comparisons/prior_sensitivity_paired_comparisons.csv,prior_sensitivity,short_shock_no_break,ceded,bornhuetter_ferguson_standard,bornhuetter_ferguson_standard,prior_multiplier_1.20,prior_multiplier_1.00,50,50,0,47.50487817347358,56.25406514456132,-8.749186971087733,-8.764973039890172,1.0885175274830046,1.0,0.0,0.0,-9.054520365785104,-8.459436014030596,favors_A,scenario_basis_model,
paired_comparison,prior_1.20_vs_1.00,27,outputs/step31_paired_comparisons/prior_sensitivity_paired_comparisons.csv,prior_sensitivity,short_shock_no_break,ceded,expected_loss,expected_loss,prior_multiplier_1.20,prior_multiplier_1.00,50,50,0,120.256278592751,44.8696053940665,75.38667319868453,75.64408407143655,11.68438533696159,0.0,1.0,0.0,72.13388712093341,78.5731855023569,favors_B,scenario_basis_model,
paired_comparison,prior_1.20_vs_1.00,27,outputs/step31_paired_comparisons/prior_sensitivity_paired_comparisons.csv,prior_sensitivity,short_shock_no_break,gross,bornhuetter_ferguson_break_aware,bornhuetter_ferguson_break_aware,prior_multiplier_1.20,prior_multiplier_1.00,50,50,0,14.077826704704725,25.620481335820912,-11.542654631116193,-13.992430474586056,7.863428306833327,0.94,0.06,0.0,-13.431073844117815,-9.20607122424662,favors_A,scenario_basis_model,
paired_comparison,prior_1.20_vs_1.00,27,outputs/step31_paired_comparisons/prior_sensitivity_paired_comparisons.csv,prior_sensitivity,short_shock_no_break,gross,bornhuetter_ferguson_standard,bornhuetter_ferguson_standard,prior_multiplier_1.20,prior_multiplier_1.00,50,50,0,14.077826704704725,25.620481335820912,-11.542654631116193,-13.992430474586056,7.863428306833327,0.94,0.06,0.0,-13.42480501801645,-9.170505838250632,favors_A,scenario_basis_model,
paired_comparison,prior_1.20_vs_1.00,27,outputs/step31_paired_comparisons/prior_sensitivity_paired_comparisons.csv,prior_sensitivity,short_shock_no_break,gross,expected_loss,expected_loss,prior_multiplier_1.20,prior_multiplier_1.00,50,50,0,286.95382517486007,81.87011859296719,205.08370658189284,206.0677596138523,36.03446213418528,0.0,1.0,0.0,195.24391403608,215.0472229759717,favors_B,scenario_basis_model,
paired_comparison,prior_1.20_vs_1.00,27,outputs/step31_paired_comparisons/prior_sensitivity_paired_comparisons.csv,prior_sensitivity,short_stable_no_break,ceded,bornhuetter_ferguson_break_aware,bornhuetter_ferguson_break_aware,prior_multiplier_1.20,prior_multiplier_1.00,50,50,0,45.16154873277621,54.30129061064683,-9.139741877870636,-8.93562571261554,1.378236399753502,1.0,0.0,0.0,-9.52379595996105,-8.75690432589369,favors_A,scenario_basis_model,
paired_comparison,prior_1.20_vs_1.00,27,outputs/step31_paired_comparisons/prior_sensitivity_paired_comparisons.csv,prior_sensitivity,short_stable_no_break,ceded,bornhuetter_ferguson_standard,bornhuetter_ferguson_standard,prior_multiplier_1.20,prior_multiplier_1.00,50,50,0,45.16154873277621,54.30129061064683,-9.139741877870636,-8.93562571261554,1.378236399753502,1.0,0.0,0.0,-9.535780424842054,-8.758008548861069,favors_A,scenario_basis_model,
paired_comparison,prior_1.20_vs_1.00,27,outputs/step31_paired_comparisons/prior_sensitivity_paired_comparisons.csv,prior_sensitivity,short_stable_no_break,ceded,expected_loss,expected_loss,prior_multiplier_1.20,prior_multiplier_1.00,50,50,0,171.2191306982977,71.27840229217402,99.94072840612364,99.33709436434776,18.595200654695528,0.0,1.0,0.0,94.84259201695224,105.09799278580704,favors_B,scenario_basis_model,
paired_comparison,prior_1.20_vs_1.00,27,outputs/step31_paired_comparisons/prior_sensitivity_paired_comparisons.csv,prior_sensitivity,short_stable_no_break,gross,bornhuetter_ferguson_break_aware,bornhuetter_ferguson_break_aware,prior_multiplier_1.20,prior_multiplier_1.00,50,50,0,12.19799835987645,22.760823807635084,-10.562825447758634,-14.315035825845868,9.561985684861176,0.86,0.14,0.0,-12.986249314765448,-7.727668542336936,favors_A,scenario_basis_model,
paired_comparison,prior_1.20_vs_1.00,27,outputs/step31_paired_comparisons/prior_sensitivity_paired_comparisons.csv,prior_sensitivity,short_stable_no_break,gross,bornhuetter_ferguson_standard,bornhuetter_ferguson_standard,prior_multiplier_1.20,prior_multiplier_1.00,50,50,0,12.19799835987645,22.760823807635084,-10.562825447758634,-14.315035825845868,9.561985684861176,0.86,0.14,0.0,-12.938874767497444,-7.780656963858963,favors_A,scenario_basis_model,
paired_comparison,prior_1.20_vs_1.00,27,outputs/step31_paired_comparisons/prior_sensitivity_paired_comparisons.csv,prior_sensitivity,short_stable_no_break,gross,expected_loss,expected_loss,prior_multiplier_1.20,prior_multiplier_1.00,50,50,0,340.9275719459648,99.07626350120692,241.851308444758,242.95757434327533,42.81623542069824,0.0,1.0,0.0,229.9882745745581,253.7906323852556,favors_B,scenario_basis_model,
