simulation_id,seed,scenario_id,frequency_scenario,tail_type,inflation_scenario,structural_break,clause_type,model,basis,observed_paid,true_reserve,true_ultimate,estimated_reserve,selected_alpha,runtime_seconds,success_or_failure,failure_category,failure_reason,pipeline_reconciliation_passed,model_reconciliation_passed,signed_error,absolute_error,percentage_error,absolute_percentage_error,normalised_error,selected_power
1,20260817,short_stable_no_break,constant,short,stable,False,none,regularized_poisson,gross,1424198583.2769885,137675538.21388325,1561874121.490872,116609091.53506358,0.001,1.3694895000007818,success,,,True,True,-21066446.67881967,21066446.67881967,-15.301517576849626,15.301517576849626,-0.15301517576849627,
1,20260817,short_stable_no_break,constant,short,stable,False,none,regularized_poisson,ceded,244792131.89672416,55892585.70819512,300684717.60491925,63264224.98373668,0.001,1.1888398000010056,success,,,True,True,7371639.275541559,7371639.275541559,13.188939431121558,13.188939431121558,0.13188939431121557,
1,20260817,short_stable_no_break,constant,short,stable,False,none,regularized_tweedie,gross,1424198583.2769885,137675538.21388325,1561874121.490872,119341440.12587157,0.0001,5.5645019999974465,success,,,True,True,-18334098.088011682,18334098.088011682,-13.316888625144932,13.316888625144932,-0.13316888625144932,1.9
1,20260817,short_stable_no_break,constant,short,stable,False,none,regularized_tweedie,ceded,244792131.89672416,55892585.70819512,300684717.60491925,66867757.852284126,0.1,5.314438500001415,success,,,True,True,10975172.144089006,10975172.144089006,19.63618609700463,19.63618609700463,0.1963618609700463,1.9
1,20260817,short_emerging_no_break,constant,short,emerging,False,none,regularized_poisson,gross,1451586318.1868544,152925951.09167618,1604512269.2785308,145493476.29718018,0.0001,1.4206642000026477,success,,,True,True,-7432474.794496,7432474.794496,-4.86017889144294,4.86017889144294,-0.0486017889144294,
1,20260817,short_emerging_no_break,constant,short,emerging,False,none,regularized_poisson,ceded,257694822.27722293,70592445.43832305,328287267.71554595,66137701.459681176,0.01,1.2566039000012097,success,,,True,True,-4454743.978641875,4454743.978641875,-6.310510920795351,6.310510920795351,-0.06310510920795351,
1,20260817,short_emerging_no_break,constant,short,emerging,False,none,regularized_tweedie,gross,1451586318.1868544,152925951.09167618,1604512269.2785308,143682506.79174322,0.0001,5.733473399999639,success,,,True,True,-9243444.299932957,9243444.299932957,-6.044392226399618,6.044392226399618,-0.06044392226399618,1.1
1,20260817,short_emerging_no_break,constant,short,emerging,False,none,regularized_tweedie,ceded,257694822.27722293,70592445.43832305,328287267.71554595,63927553.35540687,0.1,5.408579200000531,success,,,True,True,-6664892.082916178,6664892.082916178,-9.441367332626726,9.441367332626726,-0.09441367332626725,1.9
1,20260817,short_shock_no_break,constant,short,shock,False,none,regularized_poisson,gross,1476117978.9648635,171459997.05742964,1647577976.022293,164444579.07931814,0.0001,1.4155183999973815,success,,,True,True,-7015417.9781115055,7015417.9781115055,-4.091577101661636,4.091577101661636,-0.04091577101661636,
1,20260817,short_shock_no_break,constant,short,shock,False,none,regularized_poisson,ceded,268823078.6466661,92301960.7631166,361125039.40978265,91348062.84542653,0.1,1.1993296000000555,success,,,True,True,-953897.9176900685,953897.9176900685,-1.0334535797545499,1.0334535797545499,-0.010334535797545499,
1,20260817,short_shock_no_break,constant,short,shock,False,none,regularized_tweedie,gross,1476117978.9648635,171459997.05742964,1647577976.022293,163224428.8589744,0.0001,5.745664099998976,success,,,True,True,-8235568.198455244,8235568.198455244,-4.803200944705944,4.803200944705944,-0.04803200944705944,1.1
1,20260817,short_shock_no_break,constant,short,shock,False,none,regularized_tweedie,ceded,268823078.6466661,92301960.7631166,361125039.40978265,83072998.00324863,0.01,5.407458999998198,success,,,True,True,-9228962.759867966,9228962.759867966,-9.998663824220529,9.998663824220529,-0.09998663824220529,1.1
1,20260817,long_stable_no_break,constant,long,stable,False,none,regularized_poisson,gross,1067805689.306119,753698005.0920122,1821503694.3981314,699251197.4617238,0.001,1.5884158999979263,success,,,True,True,-54446807.63028836,54446807.63028836,-7.223955385637705,7.223955385637705,-0.07223955385637705,
1,20260817,long_stable_no_break,constant,long,stable,False,none,regularized_poisson,ceded,139213657.60900772,301848095.26935834,441061752.87836605,420603929.4604051,0.1,1.273615999998583,success,,,True,True,118755834.19104677,118755834.19104677,39.34291322430687,39.34291322430687,0.3934291322430687,
1,20260817,long_stable_no_break,constant,long,stable,False,none,regularized_tweedie,gross,1067805689.306119,753698005.0920122,1821503694.3981314,706039413.8007666,0.0001,6.346970300000976,success,,,True,True,-47658591.29124558,47658591.29124558,-6.323300707878002,6.323300707878002,-0.06323300707878002,1.9
1,20260817,long_stable_no_break,constant,long,stable,False,none,regularized_tweedie,ceded,139213657.60900772,301848095.26935834,441061752.87836605,426848134.51950693,0.1,6.0514555999980075,success,,,True,True,125000039.2501486,125000039.2501486,41.411571319873026,41.411571319873026,0.41411571319873025,1.1
1,20260817,long_emerging_no_break,constant,long,emerging,False,none,regularized_poisson,gross,1091821203.1428115,880522805.4172087,1972344008.5600202,745013643.8516877,0.001,1.7786230999990948,success,,,True,True,-135509161.565521,135509161.565521,-15.38962542841967,15.38962542841967,-0.1538962542841967,
1,20260817,long_emerging_no_break,constant,long,emerging,False,none,regularized_poisson,ceded,147306215.2953986,408650367.9529617,555956583.2483603,615682500.2635353,0.1,1.4096793999997317,success,,,True,True,207032132.31057358,207032132.31057358,50.66241181860488,50.66241181860488,0.5066241181860488,
1,20260817,long_emerging_no_break,constant,long,emerging,False,none,regularized_tweedie,gross,1091821203.1428115,880522805.4172087,1972344008.5600202,796838025.7192748,0.0001,6.793125599997438,success,,,True,True,-83684779.69793391,83684779.69793391,-9.503987765346118,9.503987765346118,-0.09503987765346117,1.7
1,20260817,long_emerging_no_break,constant,long,emerging,False,none,regularized_tweedie,ceded,147306215.2953986,408650367.9529617,555956583.2483603,626130100.7777041,0.1,6.470786000001681,success,,,True,True,217479732.82474244,217479732.82474244,53.21902288113828,53.21902288113828,0.5321902288113828,1.1
1,20260817,long_shock_no_break,constant,long,shock,False,none,regularized_poisson,gross,1112765702.8961644,991396478.4184725,2104162181.3146372,904663124.4489541,0.0001,1.7359280999990006,success,,,True,True,-86733353.96951842,86733353.96951842,-8.748604202012094,8.748604202012094,-0.08748604202012095,
1,20260817,long_shock_no_break,constant,long,shock,False,none,regularized_poisson,ceded,154504925.8004606,499766947.86483264,654271873.6652933,681827143.2409579,0.1,1.368200100001559,success,,,True,True,182060195.37612522,182060195.37612522,36.42901879645017,36.42901879645017,0.36429018796450174,
1,20260817,long_shock_no_break,constant,long,shock,False,none,regularized_tweedie,gross,1112765702.8961644,991396478.4184725,2104162181.3146372,921163553.5356735,0.0001,6.823368600002141,success,,,True,True,-70232924.88279903,70232924.88279903,-7.084241916497248,7.084241916497248,-0.07084241916497248,1.5
1,20260817,long_shock_no_break,constant,long,shock,False,none,regularized_tweedie,ceded,154504925.8004606,499766947.86483264,654271873.6652933,348230469.7126006,1.0,6.512530800002423,success,,,True,True,-151536478.15223205,151536478.15223205,-30.321428577789167,30.321428577789167,-0.30321428577789167,1.9
1,20260817,long_stable_break,constant,long,stable,True,none,regularized_poisson,gross,1168823294.6507585,602481291.9983402,1771304586.6490989,813980921.2203312,0.001,1.659302399999433,success,,,True,True,211499629.22199094,211499629.22199094,35.10476292475047,35.10476292475047,0.35104762924750466,
1,20260817,long_stable_break,constant,long,stable,True,none,regularized_poisson,ceded,174053013.37012684,231211775.9309288,405264789.30105567,588266143.99245,0.1,1.3436446999985492,success,,,True,True,357054368.0615212,357054368.0615212,154.42741470407893,154.42741470407893,1.5442741470407892,
1,20260817,long_stable_break,constant,long,stable,True,none,regularized_tweedie,gross,1168823294.6507585,602481291.9983402,1771304586.6490989,816251579.06281,0.001,6.573187300000427,success,,,True,True,213770287.0644697,213770287.0644697,35.481647298196705,35.481647298196705,0.35481647298196706,1.3
1,20260817,long_stable_break,constant,long,stable,True,none,regularized_tweedie,ceded,174053013.37012684,231211775.9309288,405264789.30105567,586314935.9379452,0.1,6.435098000001744,success,,,True,True,355103160.0070164,355103160.0070164,153.58350956704663,153.58350956704663,1.5358350956704663,1.1
1,20260817,long_emerging_break,constant,long,emerging,True,none,regularized_poisson,gross,1196839392.5865352,690279196.5937967,1887118589.180332,851544038.3274052,0.01,1.879184900000837,success,,,True,True,161264841.73360848,161264841.73360848,23.36226305665514,23.36226305665514,0.23362263056655141,
1,20260817,long_emerging_break,constant,long,emerging,True,none,regularized_poisson,ceded,185149937.41419947,305729466.5237079,490879403.93790746,841573976.0413427,0.1,1.4231733999986318,success,,,True,True,535844509.5176348,535844509.5176348,175.26753819657827,175.26753819657827,1.7526753819657828,
1,20260817,long_emerging_break,constant,long,emerging,True,none,regularized_tweedie,gross,1196839392.5865352,690279196.5937967,1887118589.180332,856646386.210529,0.001,7.31403119999959,success,,,True,True,166367189.61673224,166367189.61673224,24.10143467131504,24.10143467131504,0.24101434671315042,1.3
1,20260817,long_emerging_break,constant,long,emerging,True,none,regularized_tweedie,ceded,185149937.41419947,305729466.5237079,490879403.93790746,834179064.6756868,0.1,6.827150000000984,success,,,True,True,528449598.1519789,528449598.1519789,172.84876206428734,172.84876206428734,1.7284876206428734,1.1
1,20260817,long_shock_break,constant,long,shock,True,none,regularized_poisson,gross,1221321986.2212884,776649688.4045899,1997971674.625878,1049641524.5250431,0.001,1.857949599998392,success,,,True,True,272991836.12045324,272991836.12045324,35.14993184137353,35.14993184137353,0.3514993184137353,
1,20260817,long_shock_break,constant,long,shock,True,none,regularized_poisson,ceded,195081558.08736965,379285494.58321106,574367052.6705806,939547915.5077078,0.1,1.4561224999997648,success,,,True,True,560262420.9244968,560262420.9244968,147.7152247913297,147.7152247913297,1.4771522479132968,
1,20260817,long_shock_break,constant,long,shock,True,none,regularized_tweedie,gross,1221321986.2212884,776649688.4045899,1997971674.625878,1049820294.6931604,0.0001,7.194922000002407,success,,,True,True,273170606.2885705,273170606.2885705,35.17294996277193,35.17294996277193,0.3517294996277193,1.3
1,20260817,long_shock_break,constant,long,shock,True,none,regularized_tweedie,ceded,195081558.08736965,379285494.58321106,574367052.6705806,926619428.6312726,0.1,6.833166100001108,success,,,True,True,547333934.0480615,547333934.0480615,144.30658220913915,144.30658220913915,1.4430658220913914,1.1
2,20260818,short_stable_no_break,constant,short,stable,False,none,regularized_poisson,gross,1560263867.5302718,107139513.3591665,1667403380.8894386,121798197.36219236,0.001,1.357127399998717,success,,,True,True,14658684.00302586,14658684.00302586,13.681865395342221,13.681865395342221,0.13681865395342221,
2,20260818,short_stable_no_break,constant,short,stable,False,none,regularized_poisson,ceded,283940336.7788382,53582073.92585961,337522410.70469785,75673824.13197695,0.01,1.1804009000006772,success,,,True,True,22091750.20611734,22091750.20611734,41.22974082094178,41.22974082094178,0.4122974082094178,
2,20260818,short_stable_no_break,constant,short,stable,False,none,regularized_tweedie,gross,1560263867.5302718,107139513.3591665,1667403380.8894386,121796519.61809008,0.0001,5.562434100000246,success,,,True,True,14657006.258923575,14657006.258923575,13.680299451975783,13.680299451975783,0.13680299451975783,1.1
2,20260818,short_stable_no_break,constant,short,stable,False,none,regularized_tweedie,ceded,283940336.7788382,53582073.92585961,337522410.70469785,77102803.01476912,0.1,5.3009936999987985,success,,,True,True,23520729.088909514,23520729.088909514,43.89663812090337,43.89663812090337,0.4389663812090337,1.9
2,20260818,short_emerging_no_break,constant,short,emerging,False,none,regularized_poisson,gross,1587794059.9479802,118893676.42537048,1706687736.3733506,143990957.3110722,0.001,1.4733039000020653,success,,,True,True,25097280.885701716,25097280.885701716,21.10901238843873,21.10901238843873,0.21109012388438733,
2,20260818,short_emerging_no_break,constant,short,emerging,False,none,regularized_poisson,ceded,297659277.6447887,67858248.2673998,365517525.9121885,73563484.95576029,0.01,1.2404991000003065,success,,,True,True,5705236.688360482,5705236.688360482,8.407580263313944,8.407580263313944,0.08407580263313945,
2,20260818,short_emerging_no_break,constant,short,emerging,False,none,regularized_tweedie,gross,1587794059.9479802,118893676.42537048,1706687736.3733506,135613282.9442128,0.01,5.781033100000059,success,,,True,True,16719606.51884231,16719606.51884231,14.062654147411449,14.062654147411449,0.1406265414741145,1.1
2,20260818,short_emerging_no_break,constant,short,emerging,False,none,regularized_tweedie,ceded,297659277.6447887,67858248.2673998,365517525.9121885,76030753.59783211,0.1,5.4081850000002305,success,,,True,True,8172505.330432311,8172505.330432311,12.043495874264284,12.043495874264284,0.12043495874264284,1.9
2,20260818,short_shock_no_break,constant,short,shock,False,none,regularized_poisson,gross,1610540784.9827435,133268769.08528441,1743809554.0680275,151142803.94609028,0.01,1.4319911999991746,success,,,True,True,17874034.86080587,17874034.86080587,13.412020673326325,13.412020673326325,0.13412020673326325,
2,20260818,short_shock_no_break,constant,short,shock,False,none,regularized_poisson,ceded,309343730.8364114,85850689.8971627,395194420.73357415,95720077.63789794,0.1,1.2410381999980018,success,,,True,True,9869387.740735233,9869387.740735233,11.495991182548911,11.495991182548911,0.1149599118254891,
2,20260818,short_shock_no_break,constant,short,shock,False,none,regularized_tweedie,gross,1610540784.9827435,133268769.08528441,1743809554.0680275,151254772.4663556,0.01,5.746242100001837,success,,,True,True,17986003.38107118,17986003.38107118,13.496037747269327,13.496037747269327,0.13496037747269327,1.1
2,20260818,short_shock_no_break,constant,short,shock,False,none,regularized_tweedie,ceded,309343730.8364114,85850689.8971627,395194420.73357415,91929915.7392011,0.1,5.431354600001214,success,,,True,True,6079225.842038393,6079225.842038393,7.081161315442505,7.081161315442505,0.07081161315442505,1.3
2,20260818,long_stable_no_break,constant,long,stable,False,none,regularized_poisson,gross,1196936352.7115633,749878049.581145,1946814402.2927084,744314788.0830761,0.0001,1.4669377999998687,success,,,True,True,-5563261.498068929,5563261.498068929,-0.7418888312808152,0.7418888312808152,-0.007418888312808152,
2,20260818,long_stable_no_break,constant,long,stable,False,none,regularized_poisson,ceded,171928813.22165173,326939886.65297246,498868699.8746242,505731086.7757188,0.1,1.382284499999514,success,,,True,True,178791200.12274635,178791200.12274635,54.686261120694255,54.686261120694255,0.5468626112069426,
2,20260818,long_stable_no_break,constant,long,stable,False,none,regularized_tweedie,gross,1196936352.7115633,749878049.581145,1946814402.2927084,727244009.0846603,0.0001,6.133534900000086,success,,,True,True,-22634040.496484756,22634040.496484756,-3.0183628536836515,3.0183628536836515,-0.030183628536836513,1.9
2,20260818,long_stable_no_break,constant,long,stable,False,none,regularized_tweedie,ceded,171928813.22165173,326939886.65297246,498868699.8746242,511094145.37416744,0.1,6.404550899998867,success,,,True,True,184154258.72119498,184154258.72119498,56.32664175866188,56.32664175866188,0.5632664175866188,1.1
2,20260818,long_emerging_no_break,constant,long,emerging,False,none,regularized_poisson,gross,1223254240.621545,873630936.4761838,2096885177.0977292,857315230.4584907,0.001,1.687217700000474,success,,,True,True,-16315706.017693043,16315706.017693043,-1.8675742051332254,1.8675742051332254,-0.018675742051332253,
2,20260818,long_emerging_no_break,constant,long,emerging,False,none,regularized_poisson,ceded,180225149.73210642,435759123.7895667,615984273.5216732,729620233.6272182,0.1,1.471928700000717,success,,,True,True,293861109.83765155,293861109.83765155,67.43659370390156,67.43659370390156,0.6743659370390156,
2,20260818,long_emerging_no_break,constant,long,emerging,False,none,regularized_tweedie,gross,1223254240.621545,873630936.4761838,2096885177.0977292,733085903.9448303,0.0001,6.585548099999869,success,,,True,True,-140545032.53135347,140545032.53135347,-16.087460581266274,16.087460581266274,-0.16087460581266275,1.9
2,20260818,long_emerging_no_break,constant,long,emerging,False,none,regularized_tweedie,ceded,180225149.73210642,435759123.7895667,615984273.5216732,363234869.0553394,1.0,6.864934100001847,success,,,True,True,-72524254.7342273,72524254.7342273,-16.643198220044646,16.643198220044646,-0.16643198220044644,1.9
2,20260818,long_shock_no_break,constant,long,shock,False,none,regularized_poisson,gross,1245938880.1247735,983498757.6015201,2229437637.726294,986710604.8334496,0.001,1.6222052999983134,success,,,True,True,3211847.2319295406,3211847.2319295406,0.32657359321554635,0.32657359321554635,0.0032657359321554636,
2,20260818,long_shock_no_break,constant,long,shock,False,none,regularized_poisson,ceded,186952060.84313506,534015095.1365743,720967155.9797094,730911853.0217595,0.1,1.4612844000002951,success,,,True,True,196896757.88518518,196896757.88518518,36.87100976702332,36.87100976702332,0.36871009767023316,
2,20260818,long_shock_no_break,constant,long,shock,False,none,regularized_tweedie,gross,1245938880.1247735,983498757.6015201,2229437637.726294,843436757.9776886,0.0001,6.586532299999817,success,,,True,True,-140061999.6238315,140061999.6238315,-14.241197412938659,14.241197412938659,-0.14241197412938658,1.9
2,20260818,long_shock_no_break,constant,long,shock,False,none,regularized_tweedie,ceded,186952060.84313506,534015095.1365743,720967155.9797094,385836139.79689425,1.0,6.7216412000016135,success,,,True,True,-148178955.33968008,148178955.33968008,-27.748083657032822,27.748083657032822,-0.27748083657032824,1.9
2,20260818,long_stable_break,constant,long,stable,True,none,regularized_poisson,gross,1309848529.1163619,584977012.7306271,1894825541.8469892,965537763.9180304,0.0001,1.539849900000263,success,,,True,True,380560751.1874033,380560751.1874033,65.05567618990283,65.05567618990283,0.6505567618990282,
2,20260818,long_stable_break,constant,long,stable,True,none,regularized_poisson,ceded,203926973.7624354,256776491.65195692,460703465.41439235,582077166.7856137,0.1,1.4145204999986163,success,,,True,True,325300675.13365674,325300675.13365674,126.68631502862797,126.68631502862797,1.2668631502862797,
2,20260818,long_stable_break,constant,long,stable,True,none,regularized_tweedie,gross,1309848529.1163619,584977012.7306271,1894825541.8469892,921591323.9613054,0.0001,6.416692499999044,success,,,True,True,336614311.2306783,336614311.2306783,57.54316903144433,57.54316903144433,0.5754316903144433,1.9
2,20260818,long_stable_break,constant,long,stable,True,none,regularized_tweedie,ceded,203926973.7624354,256776491.65195692,460703465.41439235,578125951.2028222,0.1,6.62464109999928,success,,,True,True,321349459.5508653,321349459.5508653,125.14753881224946,125.14753881224946,1.2514753881224947,1.1
2,20260818,long_emerging_break,constant,long,emerging,True,none,regularized_poisson,gross,1340755716.6163971,668155030.1461856,2008910746.7625828,1025770646.1106167,0.01,1.7184191000014835,success,,,True,True,357615615.96443105,357615615.96443105,53.52285021130325,53.52285021130325,0.5352285021130325,
2,20260818,long_emerging_break,constant,long,emerging,True,none,regularized_poisson,ceded,215045826.75886703,332662627.84441507,547708454.603282,784820736.218461,0.1,1.538728400002583,success,,,True,True,452158108.37404597,452158108.37404597,135.92092123600926,135.92092123600926,1.3592092123600925,
2,20260818,long_emerging_break,constant,long,emerging,True,none,regularized_tweedie,gross,1340755716.6163971,668155030.1461856,2008910746.7625828,858098862.6987842,0.0001,6.966220099999191,success,,,True,True,189943832.5525986,189943832.5525986,28.42810784662368,28.42810784662368,0.2842810784662368,1.9
2,20260818,long_emerging_break,constant,long,emerging,True,none,regularized_tweedie,ceded,215045826.75886703,332662627.84441507,547708454.603282,436882287.50225264,1.0,7.293620500000543,success,,,True,True,104219659.65783757,104219659.65783757,31.32893536408324,31.32893536408324,0.3132893536408324,1.9
2,20260818,long_shock_break,constant,long,shock,True,none,regularized_poisson,gross,1367468325.7963927,751561324.2684755,2119029650.0648682,1229675304.9850967,0.01,1.6999218999990262,success,,,True,True,478113980.71662116,478113980.71662116,63.616096954162515,63.616096954162515,0.6361609695416252,
2,20260818,long_shock_break,constant,long,shock,True,none,regularized_poisson,ceded,224096348.33782694,410910544.1490244,635006892.4868515,794323372.4720387,0.1,1.5722092000032717,success,,,True,True,383412828.3230143,383412828.3230143,93.30810167381892,93.30810167381892,0.9330810167381892,
2,20260818,long_shock_break,constant,long,shock,True,none,regularized_tweedie,gross,1367468325.7963927,751561324.2684755,2119029650.0648682,1097417115.782089,0.0001,6.92914970000129,success,,,True,True,345855791.51361346,345855791.51361346,46.018306204120954,46.018306204120954,0.4601830620412095,1.7
2,20260818,long_shock_break,constant,long,shock,True,none,regularized_tweedie,ceded,224096348.33782694,410910544.1490244,635006892.4868515,468064112.38432395,1.0,7.140101999997569,success,,,True,True,57153568.23529953,57153568.23529953,13.909005025330213,13.909005025330213,0.13909005025330212,1.9
3,20260819,short_stable_no_break,constant,short,stable,False,none,regularized_poisson,gross,1614789199.669657,95306481.37821576,1710095681.047873,111859876.81360452,0.001,1.3513246000002255,success,,,True,True,16553395.435388759,16553395.435388759,17.36859361085633,17.36859361085633,0.17368593610856328,
3,20260819,short_stable_no_break,constant,short,stable,False,none,regularized_poisson,ceded,322348181.7723197,52023753.56578843,374371935.33810806,51487791.69675861,0.001,1.2006814000014856,success,,,True,True,-535961.86902982,535961.86902982,-1.030225295743128,1.030225295743128,-0.01030225295743128,
3,20260819,short_stable_no_break,constant,short,stable,False,none,regularized_tweedie,gross,1614789199.669657,95306481.37821576,1710095681.047873,98698467.39676775,0.01,5.5352834000004805,success,,,True,True,3391986.0185519904,3391986.0185519904,3.5590297422597934,3.5590297422597934,0.035590297422597936,1.9
3,20260819,short_stable_no_break,constant,short,stable,False,none,regularized_tweedie,ceded,322348181.7723197,52023753.56578843,374371935.33810806,43496610.2772334,0.0001,5.211694199999329,success,,,True,True,-8527143.288555034,8527143.288555034,-16.390865141577567,16.390865141577567,-0.16390865141577568,1.9
3,20260819,short_emerging_no_break,constant,short,emerging,False,none,regularized_poisson,gross,1638532719.1878507,105837545.2055481,1744370264.3933988,95895275.44228432,0.0001,1.3940972999989754,success,,,True,True,-9942269.763263777,9942269.763263777,-9.393896791497575,9.393896791497575,-0.09393896791497575,
3,20260819,short_emerging_no_break,constant,short,emerging,False,none,regularized_poisson,ceded,336020443.13455486,66381607.12761541,402402050.2621702,47841358.856007814,0.001,1.2544843000032415,success,,,True,True,-18540248.271607593,18540248.271607593,-27.929797234292426,27.929797234292426,-0.27929797234292425,
3,20260819,short_emerging_no_break,constant,short,emerging,False,none,regularized_tweedie,gross,1638532719.1878507,105837545.2055481,1744370264.3933988,97062563.6089581,0.0001,5.737860599998385,success,,,True,True,-8774981.596589997,8774981.596589997,-8.290991235244565,8.290991235244565,-0.08290991235244566,1.3
3,20260819,short_emerging_no_break,constant,short,emerging,False,none,regularized_tweedie,ceded,336020443.13455486,66381607.12761541,402402050.2621702,43182833.37293032,0.01,5.34024380000119,success,,,True,True,-23198773.75468509,23198773.75468509,-34.94759280245592,34.94759280245592,-0.34947592802455923,1.5
3,20260819,short_shock_no_break,constant,short,shock,False,none,regularized_poisson,gross,1658190995.046609,118658528.34133771,1776849523.387947,110416010.60793906,0.0001,1.4082062999987102,success,,,True,True,-8242517.733398646,8242517.733398646,-6.946418305212669,6.946418305212669,-0.06946418305212669,
3,20260819,short_shock_no_break,constant,short,shock,False,none,regularized_poisson,ceded,347759166.8937111,84759556.8790487,432518723.7727598,63968038.01131482,0.01,1.248012000000017,success,,,True,True,-20791518.86773389,20791518.86773389,-24.529999487141303,24.529999487141303,-0.24529999487141302,
3,20260819,short_shock_no_break,constant,short,shock,False,none,regularized_tweedie,gross,1658190995.046609,118658528.34133771,1776849523.387947,111696215.74145965,0.0001,5.71010269999897,success,,,True,True,-6962312.599878058,6962312.599878058,-5.867519762127843,5.867519762127843,-0.05867519762127843,1.3
3,20260819,short_shock_no_break,constant,short,shock,False,none,regularized_tweedie,ceded,347759166.8937111,84759556.8790487,432518723.7727598,62276480.055678144,0.01,5.362888299998303,success,,,True,True,-22483076.82337056,22483076.82337056,-26.52571303015866,26.52571303015866,-0.2652571303015866,1.1
3,20260819,long_stable_no_break,constant,long,stable,False,none,regularized_poisson,gross,1292275447.4992423,703107364.89855,1995382812.3977923,799871269.8564254,0.001,1.5297363999998197,success,,,True,True,96763904.95787537,96763904.95787537,13.762322767282809,13.762322767282809,0.13762322767282809,
3,20260819,long_stable_no_break,constant,long,stable,False,none,regularized_poisson,ceded,231826059.89145637,321703342.23595023,553529402.1274066,401821815.5334523,0.1,1.4060204999987036,success,,,True,True,80118473.29750204,80118473.29750204,24.90445785879959,24.90445785879959,0.2490445785879959,
3,20260819,long_stable_no_break,constant,long,stable,False,none,regularized_tweedie,gross,1292275447.4992423,703107364.89855,1995382812.3977923,785021753.5718995,0.0001,6.233601899999485,success,,,True,True,81914388.6733495,81914388.6733495,11.650338591627293,11.650338591627293,0.11650338591627292,1.9
3,20260819,long_stable_no_break,constant,long,stable,False,none,regularized_tweedie,ceded,231826059.89145637,321703342.23595023,553529402.1274066,404405962.36311877,0.1,6.395783500000107,success,,,True,True,82702620.12716854,82702620.12716854,25.707727980802602,25.707727980802602,0.257077279808026,1.1
3,20260819,long_emerging_no_break,constant,long,emerging,False,none,regularized_poisson,gross,1319510517.7260644,817379242.251468,2136889759.9775324,746847128.9189193,0.01,1.7022431000004872,success,,,True,True,-70532113.33254862,70532113.33254862,-8.629056096196937,8.629056096196937,-0.08629056096196937,
3,20260819,long_emerging_no_break,constant,long,emerging,False,none,regularized_poisson,ceded,240855488.6955325,430686769.09559107,671542257.7911236,526628884.1076466,0.1,1.4898692999995546,success,,,True,True,95942115.01205552,95942115.01205552,22.276541072651604,22.276541072651604,0.22276541072651604,
3,20260819,long_emerging_no_break,constant,long,emerging,False,none,regularized_tweedie,gross,1319510517.7260644,817379242.251468,2136889759.9775324,714543627.1563988,0.001,6.686893999998574,success,,,True,True,-102835615.09506917,102835615.09506917,-12.581138568164377,12.581138568164377,-0.12581138568164377,1.9
3,20260819,long_emerging_no_break,constant,long,emerging,False,none,regularized_tweedie,ceded,240855488.6955325,430686769.09559107,671542257.7911236,392328641.29145324,1.0,6.857209899997542,success,,,True,True,-38358127.804137826,38358127.804137826,-8.906270300498651,8.906270300498651,-0.0890627030049865,1.1
3,20260819,long_shock_no_break,constant,long,shock,False,none,regularized_poisson,gross,1341860727.4127877,920138738.2321349,2261999465.6449227,857059551.3776209,0.01,1.664831599999161,success,,,True,True,-63079186.854514,63079186.854514,-6.855399542867657,6.855399542867657,-0.06855399542867657,
3,20260819,long_shock_no_break,constant,long,shock,False,none,regularized_poisson,ceded,247726362.68586397,524589288.66022575,772315651.3460897,547717302.2209094,0.1,1.4971290000030422,success,,,True,True,23128013.560683608,23128013.560683608,4.408784941025268,4.408784941025268,0.044087849410252684,
3,20260819,long_shock_no_break,constant,long,shock,False,none,regularized_tweedie,gross,1341860727.4127877,920138738.2321349,2261999465.6449227,883787011.9508119,0.0001,6.68434569999954,success,,,True,True,-36351726.281323075,36351726.281323075,-3.950678823844081,3.950678823844081,-0.03950678823844081,1.9
3,20260819,long_shock_no_break,constant,long,shock,False,none,regularized_tweedie,ceded,247726362.68586397,524589288.66022575,772315651.3460897,420400777.4673461,1.0,6.795300300000235,success,,,True,True,-104188511.19287968,104188511.19287968,-19.860968083998017,19.860968083998017,-0.19860968083998018,1.1
3,20260819,long_stable_break,constant,long,stable,True,none,regularized_poisson,gross,1407994663.1739702,536672585.6318958,1944667248.8058662,836142789.3843348,0.001,1.6613394999985758,success,,,True,True,299470203.752439,299470203.752439,55.80128588081932,55.80128588081932,0.5580128588081932,
3,20260819,long_stable_break,constant,long,stable,True,none,regularized_poisson,ceded,268698734.1295515,243243518.2918455,511942252.4213971,458014866.38333505,0.1,1.5086047000004328,success,,,True,True,214771348.09148955,214771348.09148955,88.2947877089186,88.2947877089186,0.882947877089186,
3,20260819,long_stable_break,constant,long,stable,True,none,regularized_tweedie,gross,1407994663.1739702,536672585.6318958,1944667248.8058662,843676165.5081096,0.0001,6.49220250000144,success,,,True,True,307003579.8762138,307003579.8762138,57.205005080469654,57.205005080469654,0.5720500508046965,1.9
3,20260819,long_stable_break,constant,long,stable,True,none,regularized_tweedie,ceded,268698734.1295515,243243518.2918455,511942252.4213971,454679529.10050577,0.1,6.5972972999989,success,,,True,True,211436010.80866027,211436010.80866027,86.9235950431278,86.9235950431278,0.869235950431278,1.1
3,20260819,long_emerging_break,constant,long,emerging,True,none,regularized_poisson,gross,1439102644.9118516,612750479.1523004,2051853124.0641522,823301813.4165055,0.01,1.9227699000002758,success,,,True,True,210551334.2642051,210551334.2642051,34.36167598848538,34.36167598848538,0.3436167598848538,
3,20260819,long_emerging_break,constant,long,emerging,True,none,regularized_poisson,ceded,281108201.81715405,320146536.2610667,601254738.0782208,573475154.9403592,0.1,1.602690399999119,success,,,True,True,253328618.67929256,253328618.67929256,79.12895814456454,79.12895814456454,0.7912895814456453,
3,20260819,long_emerging_break,constant,long,emerging,True,none,regularized_tweedie,gross,1439102644.9118516,612750479.1523004,2051853124.0641522,793225894.6659486,0.001,7.100798200001009,success,,,True,True,180475415.51364827,180475415.51364827,29.45332915338133,29.45332915338133,0.2945332915338133,1.9
3,20260819,long_emerging_break,constant,long,emerging,True,none,regularized_tweedie,ceded,281108201.81715405,320146536.2610667,601254738.0782208,569679708.6587195,0.1,7.193920399997296,success,,,True,True,249533172.39765286,249533172.39765286,77.94342406821124,77.94342406821124,0.7794342406821124,1.1
3,20260819,long_shock_break,constant,long,shock,True,none,regularized_poisson,gross,1464515358.546771,689230652.0957656,2153746010.6425366,966347785.3386021,0.01,1.8013155999979062,success,,,True,True,277117133.2428365,277117133.2428365,40.206733754541766,40.206733754541766,0.4020673375454176,
3,20260819,long_shock_break,constant,long,shock,True,none,regularized_poisson,ceded,290985232.5057772,394227884.4940707,685213116.9998479,615232830.9706745,0.1,1.637995500001125,success,,,True,True,221004946.4766038,221004946.4766038,56.0602015152299,56.0602015152299,0.560602015152299,
3,20260819,long_shock_break,constant,long,shock,True,none,regularized_tweedie,gross,1464515358.546771,689230652.0957656,2153746010.6425366,966219614.4785928,0.0001,7.046834299999318,success,,,True,True,276988962.38282716,276988962.38282716,40.18813753285319,40.18813753285319,0.4018813753285319,1.9
3,20260819,long_shock_break,constant,long,shock,True,none,regularized_tweedie,ceded,290985232.5057772,394227884.4940707,685213116.9998479,609540516.3837116,0.1,7.183419400000275,success,,,True,True,215312631.88964087,215312631.88964087,54.61628676164312,54.61628676164312,0.5461628676164312,1.1
4,20260820,short_stable_no_break,constant,short,stable,False,none,regularized_poisson,gross,1484003230.0490456,106710580.614353,1590713810.6633985,116367126.62039036,0.001,1.3823266999970656,success,,,True,True,9656546.006037354,9656546.006037354,9.04928635046571,9.04928635046571,0.0904928635046571,
4,20260820,short_stable_no_break,constant,short,stable,False,none,regularized_poisson,ceded,237549666.90347612,45183225.50441329,282732892.4078894,64514092.90825781,0.01,1.1597595999992336,success,,,True,True,19330867.40384452,19330867.40384452,42.783283371295326,42.783283371295326,0.4278328337129533,
4,20260820,short_stable_no_break,constant,short,stable,False,none,regularized_tweedie,gross,1484003230.0490456,106710580.614353,1590713810.6633985,122089646.88954026,0.1,5.588474299998779,success,,,True,True,15379066.275187254,15379066.275187254,14.411941333883727,14.411941333883727,0.14411941333883727,1.9
4,20260820,short_stable_no_break,constant,short,stable,False,none,regularized_tweedie,ceded,237549666.90347612,45183225.50441329,282732892.4078894,72653907.18557905,0.1,5.2143283000004885,success,,,True,True,27470681.681165755,27470681.681165755,60.79840775971726,60.79840775971726,0.6079840775971725,1.9
4,20260820,short_emerging_no_break,constant,short,emerging,False,none,regularized_poisson,gross,1508403310.555117,118619275.3922689,1627022585.9473853,104792550.1119898,0.001,1.4464700999997149,success,,,True,True,-13826725.2802791,13826725.2802791,-11.656389937094715,11.656389937094715,-0.11656389937094716,
4,20260820,short_emerging_no_break,constant,short,emerging,False,none,regularized_poisson,ceded,248963115.61138302,60023663.95776619,308986779.5691492,53907666.10447219,0.01,1.2022987000018475,success,,,True,True,-6115997.853294,6115997.853294,-10.189311098365028,10.189311098365028,-0.10189311098365028,
4,20260820,short_emerging_no_break,constant,short,emerging,False,none,regularized_tweedie,gross,1508403310.555117,118619275.3922689,1627022585.9473853,108132051.580268,0.001,5.790416000003461,success,,,True,True,-10487223.8120009,10487223.8120009,-8.841078970782865,8.841078970782865,-0.08841078970782866,1.3
4,20260820,short_emerging_no_break,constant,short,emerging,False,none,regularized_tweedie,ceded,248963115.61138302,60023663.95776619,308986779.5691492,69645036.44956133,0.1,5.373949200002244,success,,,True,True,9621372.491795138,9621372.491795138,16.029298875465052,16.029298875465052,0.1602929887546505,1.9
4,20260820,short_shock_no_break,constant,short,shock,False,none,regularized_poisson,gross,1529412112.7561936,133028685.9783042,1662440798.7344978,123934267.81249842,0.0001,1.497955800001364,success,,,True,True,-9094418.165805787,9094418.165805787,-6.836433885612466,6.836433885612466,-0.06836433885612465,
4,20260820,short_shock_no_break,constant,short,shock,False,none,regularized_poisson,ceded,258776765.27259502,79910102.07945794,338686867.352053,66747466.36007014,0.01,1.203113999999914,success,,,True,True,-13162635.7193878,13162635.7193878,-16.471804411286627,16.471804411286627,-0.16471804411286628,
4,20260820,short_shock_no_break,constant,short,shock,False,none,regularized_tweedie,gross,1529412112.7561936,133028685.9783042,1662440798.7344978,131794660.04064284,0.001,5.806337000001804,success,,,True,True,-1234025.9376613647,1234025.9376613647,-0.9276389739447801,0.9276389739447801,-0.009276389739447801,1.5
4,20260820,short_shock_no_break,constant,short,shock,False,none,regularized_tweedie,ceded,258776765.27259502,79910102.07945794,338686867.352053,88018372.20574945,0.01,5.3389715000012075,success,,,True,True,8108270.126291513,8108270.126291513,10.146739792960249,10.146739792960249,0.10146739792960248,1.9
4,20260820,long_stable_no_break,constant,long,stable,False,none,regularized_poisson,gross,1142403835.5600672,714216930.0635245,1856620765.6235917,748636671.6461558,0.0001,1.5301621999969939,success,,,True,True,34419741.58263135,34419741.58263135,4.819227903148412,4.819227903148412,0.04819227903148412,
4,20260820,long_stable_no_break,constant,long,stable,False,none,regularized_poisson,ceded,148538079.5828109,289366727.59882396,437904807.18163484,501254645.38661337,0.01,1.2583331999994698,success,,,True,True,211887917.7877894,211887917.7877894,73.22469986305728,73.22469986305728,0.7322469986305729,
4,20260820,long_stable_no_break,constant,long,stable,False,none,regularized_tweedie,gross,1142403835.5600672,714216930.0635245,1856620765.6235917,743157133.9393811,0.001,6.253759999999602,success,,,True,True,28940203.875856638,28940203.875856638,4.0520187435605335,4.0520187435605335,0.040520187435605336,1.9
4,20260820,long_stable_no_break,constant,long,stable,False,none,regularized_tweedie,ceded,148538079.5828109,289366727.59882396,437904807.18163484,526537859.8183785,0.1,6.03836610000144,success,,,True,True,237171132.21955454,237171132.21955454,81.96212957433274,81.96212957433274,0.8196212957433273,1.3
4,20260820,long_emerging_no_break,constant,long,emerging,False,none,regularized_poisson,gross,1167660035.8560357,832237899.2516149,1999897935.107651,723974645.3262373,0.001,1.738526000001002,success,,,True,True,-108263253.9253776,108263253.9253776,-13.008690666783224,13.008690666783224,-0.13008690666783224,
4,20260820,long_emerging_no_break,constant,long,emerging,False,none,regularized_poisson,ceded,156703765.96037957,394207720.4251218,550911486.3855014,693752055.6897542,0.1,1.3202423000002455,success,,,True,True,299544335.26463246,299544335.26463246,75.98642029171768,75.98642029171768,0.7598642029171768,
4,20260820,long_emerging_no_break,constant,long,emerging,False,none,regularized_tweedie,gross,1167660035.8560357,832237899.2516149,1999897935.107651,666948065.8220458,0.001,6.738591899997118,success,,,True,True,-165289833.42956913,165289833.42956913,-19.86088756330432,19.86088756330432,-0.1986088756330432,1.9
4,20260820,long_emerging_no_break,constant,long,emerging,False,none,regularized_tweedie,ceded,156703765.96037957,394207720.4251218,550911486.3855014,712001924.9722302,0.1,6.413191999999981,success,,,True,True,317794204.5471084,317794204.5471084,80.61592609205942,80.61592609205942,0.8061592609205942,1.1
4,20260820,long_shock_no_break,constant,long,shock,False,none,regularized_poisson,gross,1188973250.0816293,936902234.9441161,2125875485.0257459,871868484.2534361,0.0001,1.7324774000007892,success,,,True,True,-65033750.69068003,65033750.69068003,-6.941359329189681,6.941359329189681,-0.06941359329189681,
4,20260820,long_shock_no_break,constant,long,shock,False,none,regularized_poisson,ceded,163250409.40283996,487715459.4872352,650965868.8900752,634644390.9012086,0.001,1.377220500002295,success,,,True,True,146928931.41397345,146928931.41397345,30.125953269647994,30.125953269647994,0.3012595326964799,
4,20260820,long_shock_no_break,constant,long,shock,False,none,regularized_tweedie,gross,1188973250.0816293,936902234.9441161,2125875485.0257459,862475810.275139,0.001,6.740327300001809,success,,,True,True,-74426424.66897714,74426424.66897714,-7.9438837792308705,7.9438837792308705,-0.0794388377923087,1.3
4,20260820,long_shock_no_break,constant,long,shock,False,none,regularized_tweedie,ceded,163250409.40283996,487715459.4872352,650965868.8900752,724689762.221868,0.1,6.504867100000411,success,,,True,True,236974302.73463285,236974302.73463285,48.58863874927776,48.58863874927776,0.4858863874927776,1.1
4,20260820,long_stable_break,constant,long,stable,True,none,regularized_poisson,gross,1249278276.3826551,557952232.4100175,1807230508.7926729,825624556.5544968,0.0001,1.6557124000028125,success,,,True,True,267672324.14447927,267672324.14447927,47.9740573827075,47.9740573827075,0.47974057382707497,
4,20260820,long_stable_break,constant,long,stable,True,none,regularized_poisson,ceded,182902133.0865082,217461486.31199482,400363619.3985031,504143218.031093,0.01,1.3198726999980863,success,,,True,True,286681731.7190982,286681731.7190982,131.83103664976898,131.83103664976898,1.3183103664976896,
4,20260820,long_stable_break,constant,long,stable,True,none,regularized_tweedie,gross,1249278276.3826551,557952232.4100175,1807230508.7926729,851195995.2279879,0.001,6.581292499999108,success,,,True,True,293243762.8179704,293243762.8179704,52.55714482068367,52.55714482068367,0.5255714482068367,1.9
4,20260820,long_stable_break,constant,long,stable,True,none,regularized_tweedie,ceded,182902133.0865082,217461486.31199482,400363619.3985031,499568475.508565,0.01,6.331461199999467,success,,,True,True,282106989.19657016,282106989.19657016,129.72733424245413,129.72733424245413,1.2972733424245413,1.1
4,20260820,long_emerging_break,constant,long,emerging,True,none,regularized_poisson,gross,1278492520.3268526,638032626.5490856,1916525146.8759384,830312747.1797274,0.01,1.8262748999986798,success,,,True,True,192280120.63064182,192280120.63064182,30.136408802575428,30.136408802575428,0.30136408802575426,
4,20260820,long_emerging_break,constant,long,emerging,True,none,regularized_poisson,ceded,193804714.14610302,291028961.26191354,484833675.40801656,673311117.4316015,0.01,1.4017022999978508,success,,,True,True,382282156.169688,382282156.169688,131.35536563512332,131.35536563512332,1.3135536563512333,
4,20260820,long_emerging_break,constant,long,emerging,True,none,regularized_tweedie,gross,1278492520.3268526,638032626.5490856,1916525146.8759384,793645743.93408,0.001,7.119095500002004,success,,,True,True,155613117.3849944,155613117.3849944,24.389523499237956,24.389523499237956,0.24389523499237956,1.9
4,20260820,long_emerging_break,constant,long,emerging,True,none,regularized_tweedie,ceded,193804714.14610302,291028961.26191354,484833675.40801656,663420905.9521353,0.01,6.761273899999651,success,,,True,True,372391944.6902218,372391944.6902218,127.95700574798983,127.95700574798983,1.2795700574798983,1.1
4,20260820,long_shock_break,constant,long,shock,True,none,regularized_poisson,gross,1303122234.458722,717712792.2217093,2020835026.6804311,996470415.162016,0.001,1.884419699999853,success,,,True,True,278757622.9403068,278757622.9403068,38.83971777588096,38.83971777588096,0.3883971777588096,
4,20260820,long_shock_break,constant,long,shock,True,none,regularized_poisson,ceded,202857846.88625023,363312484.70784414,566170331.5940944,744642736.1650069,0.01,1.4606332000003022,success,,,True,True,381330251.45716274,381330251.45716274,104.95930294380263,104.95930294380263,1.0495930294380262,
4,20260820,long_shock_break,constant,long,shock,True,none,regularized_tweedie,gross,1303122234.458722,717712792.2217093,2020835026.6804311,992939527.1758584,0.001,7.145144499998423,success,,,True,True,275226734.9541491,275226734.9541491,38.3477538559921,38.3477538559921,0.38347753855992106,1.5
4,20260820,long_shock_break,constant,long,shock,True,none,regularized_tweedie,ceded,202857846.88625023,363312484.70784414,566170331.5940944,733400672.4957112,0.01,6.749582000000373,success,,,True,True,370088187.78786707,370088187.78786707,101.86497942273346,101.86497942273346,1.0186497942273345,1.1
5,20260821,short_stable_no_break,constant,short,stable,False,none,regularized_poisson,gross,1616543164.6011698,85060362.03905159,1701603526.6402218,111165918.88876489,0.0001,1.365632299999561,success,,,True,True,26105556.849713296,26105556.849713296,30.690625132453725,30.690625132453725,0.30690625132453725,
5,20260821,short_stable_no_break,constant,short,stable,False,none,regularized_poisson,ceded,299717399.941975,49839749.28119761,349557149.2231726,47820260.61389256,0.001,1.199366299999383,success,,,True,True,-2019488.6673050448,2019488.6673050448,-4.0519639372803,4.0519639372803,-0.04051963937280301,
5,20260821,short_stable_no_break,constant,short,stable,False,none,regularized_tweedie,gross,1616543164.6011698,85060362.03905159,1701603526.6402218,110962297.81276116,0.0001,5.580819199996768,success,,,True,True,25901935.773709565,25901935.773709565,30.451240922085272,30.451240922085272,0.3045124092208527,1.1
5,20260821,short_stable_no_break,constant,short,stable,False,none,regularized_tweedie,ceded,299717399.941975,49839749.28119761,349557149.2231726,45911822.73393735,0.001,5.178954300001351,success,,,True,True,-3927926.5472602546,3927926.5472602546,-7.881112172332079,7.881112172332079,-0.07881112172332079,1.5
5,20260821,short_emerging_no_break,constant,short,emerging,False,none,regularized_poisson,gross,1642727876.122526,94343144.76947825,1737071020.8920043,121306249.28009942,0.001,1.456830600000103,success,,,True,True,26963104.510621175,26963104.510621175,28.579823766214158,28.579823766214158,0.2857982376621416,
5,20260821,short_emerging_no_break,constant,short,emerging,False,none,regularized_poisson,ceded,313755731.5433513,62322952.05797233,376078683.60132366,55983637.72913981,0.001,1.2302080000008573,success,,,True,True,-6339314.328832515,6339314.328832515,-10.171717031208235,10.171717031208235,-0.10171717031208236,
5,20260821,short_emerging_no_break,constant,short,emerging,False,none,regularized_tweedie,gross,1642727876.122526,94343144.76947825,1737071020.8920043,122817650.42204368,0.0001,5.752874599998904,success,,,True,True,28474505.652565435,28474505.652565435,30.181849165767332,30.181849165767332,0.3018184916576733,1.1
5,20260821,short_emerging_no_break,constant,short,emerging,False,none,regularized_tweedie,ceded,313755731.5433513,62322952.05797233,376078683.60132366,55731403.709352314,0.0001,5.359245999999985,success,,,True,True,-6591548.348620012,6591548.348620012,-10.576437942940515,10.576437942940515,-0.10576437942940516,1.3
5,20260821,short_shock_no_break,constant,short,shock,False,none,regularized_poisson,gross,1664137367.5435357,105741065.40832324,1769878432.9518592,130730012.51846915,0.001,1.4107067000004463,success,,,True,True,24988947.11014591,24988947.11014591,23.632206667911014,23.632206667911014,0.23632206667911013,
5,20260821,short_shock_no_break,constant,short,shock,False,none,regularized_poisson,ceded,325962890.9766835,78657318.5263264,404620209.50301,70473690.86268824,0.001,1.2471707000004244,success,,,True,True,-8183627.66363816,8183627.66363816,-10.404152870910696,10.404152870910696,-0.10404152870910696,
5,20260821,short_shock_no_break,constant,short,shock,False,none,regularized_tweedie,gross,1664137367.5435357,105741065.40832324,1769878432.9518592,134174554.36761725,0.0001,5.7281525999969745,success,,,True,True,28433488.959294006,28433488.959294006,26.88973186481239,26.88973186481239,0.2688973186481239,1.5
5,20260821,short_shock_no_break,constant,short,shock,False,none,regularized_tweedie,ceded,325962890.9766835,78657318.5263264,404620209.50301,67327171.64620191,0.0001,5.3091739999981655,success,,,True,True,-11330146.880124494,11330146.880124494,-14.40444079762562,14.40444079762562,-0.1440444079762562,1.5
5,20260821,long_stable_no_break,constant,long,stable,False,none,regularized_poisson,gross,1289376321.716268,695347363.5357425,1984723685.2520103,806578669.268593,0.0001,1.5305353000003379,success,,,True,True,111231305.73285043,111231305.73285043,15.996509308276522,15.996509308276522,0.15996509308276521,
5,20260821,long_stable_no_break,constant,long,stable,False,none,regularized_poisson,ceded,219490319.69678208,289629750.5068464,509120070.2036285,398323252.6686516,0.1,1.3094940000009956,success,,,True,True,108693502.16180515,108693502.16180515,37.52843137543489,37.52843137543489,0.3752843137543489,
5,20260821,long_stable_no_break,constant,long,stable,False,none,regularized_tweedie,gross,1289376321.716268,695347363.5357425,1984723685.2520103,800657788.026882,0.001,6.2316429000020435,success,,,True,True,105310424.49113953,105310424.49113953,15.145009532451665,15.145009532451665,0.15145009532451664,1.9
5,20260821,long_stable_no_break,constant,long,stable,False,none,regularized_tweedie,ceded,219490319.69678208,289629750.5068464,509120070.2036285,305186340.63426924,1.0,6.019784599997365,success,,,True,True,15556590.12742281,15556590.12742281,5.37119895321495,5.37119895321495,0.05371198953214951,1.1
5,20260821,long_emerging_no_break,constant,long,emerging,False,none,regularized_poisson,gross,1317442311.2635758,808012959.1105716,2125455270.3741477,881771845.4904981,0.001,1.714372499998717,success,,,True,True,73758886.37992644,73758886.37992644,9.128428640688794,9.128428640688794,0.09128428640688793,
5,20260821,long_emerging_no_break,constant,long,emerging,False,none,regularized_poisson,ceded,228370316.6136209,390448899.05505055,618819215.6686715,546732351.0406786,0.1,1.4516046999997343,success,,,True,True,156283451.98562807,156283451.98562807,40.02660844065876,40.02660844065876,0.4002660844065876,
5,20260821,long_emerging_no_break,constant,long,emerging,False,none,regularized_tweedie,gross,1317442311.2635758,808012959.1105716,2125455270.3741477,799277212.4620054,0.0001,6.722896199997194,success,,,True,True,-8735746.648566246,8735746.648566246,-1.0811394235783307,1.0811394235783307,-0.010811394235783306,1.9
5,20260821,long_emerging_no_break,constant,long,emerging,False,none,regularized_tweedie,ceded,228370316.6136209,390448899.05505055,618819215.6686715,386650489.2495692,1.0,6.463136000002123,success,,,True,True,-3798409.8054813743,3798409.8054813743,-0.9728314805533169,0.9728314805533169,-0.00972831480553317,1.1
5,20260821,long_shock_no_break,constant,long,shock,False,none,regularized_poisson,gross,1341523314.7961895,909567870.6769035,2251091185.473093,1042514511.1689447,0.0001,1.6913108000007924,success,,,True,True,132946640.49204123,132946640.49204123,14.616461814235137,14.616461814235137,0.14616461814235138,
5,20260821,long_shock_no_break,constant,long,shock,False,none,regularized_poisson,ceded,235705651.40177104,481486210.5349082,717191861.9366792,611992083.611541,0.1,1.4811625000002095,success,,,True,True,130505873.07663286,130505873.07663286,27.10479972658969,27.10479972658969,0.2710479972658969,
5,20260821,long_shock_no_break,constant,long,shock,False,none,regularized_tweedie,gross,1341523314.7961895,909567870.6769035,2251091185.473093,949452603.0395682,0.0001,6.652608600001258,success,,,True,True,39884732.3626647,39884732.3626647,4.385019925229147,4.385019925229147,0.04385019925229147,1.9
5,20260821,long_shock_no_break,constant,long,shock,False,none,regularized_tweedie,ceded,235705651.40177104,481486210.5349082,717191861.9366792,435141584.80094755,1.0,6.434720099998231,success,,,True,True,-46344625.73396063,46344625.73396063,-9.62532772900681,9.62532772900681,-0.0962532772900681,1.1
5,20260821,long_stable_break,constant,long,stable,True,none,regularized_poisson,gross,1403448956.711359,531630045.52066636,1935079002.2320256,1064348932.3792254,0.0001,1.6426676999981282,success,,,True,True,532718886.858559,532718886.858559,100.20481185122377,100.20481185122377,1.0020481185122376,
5,20260821,long_stable_break,constant,long,stable,True,none,regularized_poisson,ceded,252458337.52099547,220374345.07132867,472832682.59232414,612904353.9760859,0.1,1.3900641000000178,success,,,True,True,392530008.90475726,392530008.90475726,178.1196485360884,178.1196485360884,1.781196485360884,
5,20260821,long_stable_break,constant,long,stable,True,none,regularized_tweedie,gross,1403448956.711359,531630045.52066636,1935079002.2320256,1012055256.3564068,0.01,6.495926100000361,success,,,True,True,480425210.83574045,480425210.83574045,90.36833318275362,90.36833318275362,0.9036833318275361,1.7
5,20260821,long_stable_break,constant,long,stable,True,none,regularized_tweedie,ceded,252458337.52099547,220374345.07132867,472832682.59232414,602844580.7121416,0.1,6.356701100001374,success,,,True,True,382470235.640813,382470235.640813,173.55479174176045,173.55479174176045,1.7355479174176045,1.1
5,20260821,long_emerging_break,constant,long,emerging,True,none,regularized_poisson,gross,1436052181.721965,605818407.3254896,2041870589.047455,1073368822.5093462,0.0001,1.8169892000005348,success,,,True,True,467550415.1838566,467550415.1838566,77.17666045308104,77.17666045308104,0.7717666045308105,
5,20260821,long_emerging_break,constant,long,emerging,True,none,regularized_poisson,ceded,264672372.9114475,289187037.30433095,553859410.2157785,834241262.0546782,0.1,1.4738064000011946,success,,,True,True,545054224.7503473,545054224.7503473,188.4780970236747,188.4780970236747,1.884780970236747,
5,20260821,long_emerging_break,constant,long,emerging,True,none,regularized_tweedie,gross,1436052181.721965,605818407.3254896,2041870589.047455,978271210.330226,0.0001,7.024928799997724,success,,,True,True,372452803.0047363,372452803.0047363,61.47928133266964,61.47928133266964,0.6147928133266964,1.5
5,20260821,long_emerging_break,constant,long,emerging,True,none,regularized_tweedie,ceded,264672372.9114475,289187037.30433095,553859410.2157785,818865996.5561059,0.1,6.7172174000006635,success,,,True,True,529678959.2517749,529678959.2517749,183.16137686847912,183.16137686847912,1.8316137686847913,1.1
5,20260821,long_shock_break,constant,long,shock,True,none,regularized_poisson,gross,1463985905.7485342,681358143.68807,2145344049.4366038,1300164279.2066205,0.0001,1.834831199998007,success,,,True,True,618806135.5185504,618806135.5185504,90.81951118527229,90.81951118527229,0.9081951118527228,
5,20260821,long_shock_break,constant,long,shock,True,none,regularized_poisson,ceded,275219887.75485057,359919568.68550766,635139456.4403583,899455232.0874369,0.1,1.481706700000359,success,,,True,True,539535663.4019293,539535663.4019293,149.90450932479513,149.90450932479513,1.4990450932479513,
5,20260821,long_shock_break,constant,long,shock,True,none,regularized_tweedie,gross,1463985905.7485342,681358143.68807,2145344049.4366038,1282568773.3975537,0.0001,7.005894100002479,success,,,True,True,601210629.7094836,601210629.7094836,88.23709458512343,88.23709458512343,0.8823709458512343,1.1
5,20260821,long_shock_break,constant,long,shock,True,none,regularized_tweedie,ceded,275219887.75485057,359919568.68550766,635139456.4403583,881983370.3544093,0.1,6.805555599999934,success,,,True,True,522063801.6689017,522063801.6689017,145.050129831944,145.050129831944,1.4505012983194399,1.1
6,20260822,short_stable_no_break,constant,short,stable,False,none,regularized_poisson,gross,1578170888.574566,94964480.43920985,1673135369.0137756,107094246.62459823,0.0001,1.3336052999984531,success,,,True,True,12129766.185388386,12129766.185388386,12.772950611942832,12.772950611942832,0.12772950611942832,
6,20260822,short_stable_no_break,constant,short,stable,False,none,regularized_poisson,ceded,246814327.04198837,50537310.763940305,297351637.8059287,40488822.43765505,0.001,1.1757923000004666,success,,,True,True,-10048488.326285258,10048488.326285258,-19.883306361950538,19.883306361950538,-0.1988330636195054,
6,20260822,short_stable_no_break,constant,short,stable,False,none,regularized_tweedie,gross,1578170888.574566,94964480.43920985,1673135369.0137756,107030867.14346692,0.0001,5.541186300000845,success,,,True,True,12066386.704257071,12066386.704257071,12.706210415146952,12.706210415146952,0.1270621041514695,1.1
6,20260822,short_stable_no_break,constant,short,stable,False,none,regularized_tweedie,ceded,246814327.04198837,50537310.763940305,297351637.8059287,39960140.18474762,0.0001,5.182863500001986,success,,,True,True,-10577170.579192683,10577170.579192683,-20.929429008596497,20.929429008596497,-0.20929429008596498,1.1
6,20260822,short_emerging_no_break,constant,short,emerging,False,none,regularized_poisson,gross,1605258393.0013084,105414835.86606228,1710673228.8673708,132403516.7442194,0.01,1.431230800000776,success,,,True,True,26988680.878157124,26988680.878157124,25.60235535769209,25.60235535769209,0.2560235535769209,
6,20260822,short_emerging_no_break,constant,short,emerging,False,none,regularized_poisson,ceded,259781265.7535584,62762448.953828216,322543714.7073866,75849365.44534785,0.001,1.2483318999984476,success,,,True,True,13086916.49151963,13086916.49151963,20.85150708690023,20.85150708690023,0.2085150708690023,
6,20260822,short_emerging_no_break,constant,short,emerging,False,none,regularized_tweedie,gross,1605258393.0013084,105414835.86606228,1710673228.8673708,129680365.20790477,0.01,5.75142219999907,success,,,True,True,24265529.341842487,24265529.341842487,23.019083739478305,23.019083739478305,0.23019083739478305,1.1
6,20260822,short_emerging_no_break,constant,short,emerging,False,none,regularized_tweedie,ceded,259781265.7535584,62762448.953828216,322543714.7073866,72023249.80359474,0.001,5.397620800002187,success,,,True,True,9260800.849766523,9260800.849766523,14.755321062406788,14.755321062406788,0.14755321062406787,1.3
6,20260822,short_shock_no_break,constant,short,shock,False,none,regularized_poisson,gross,1627709032.6018078,118176535.80735253,1745885568.4091604,145462565.86874515,0.01,1.423202300000412,success,,,True,True,27286030.06139262,27286030.06139262,23.089211301534004,23.089211301534004,0.23089211301534004,
6,20260822,short_shock_no_break,constant,short,shock,False,none,regularized_poisson,ceded,271266549.9526807,78884442.61154923,350150992.5642299,83740108.4373338,0.01,1.2317065999995975,success,,,True,True,4855665.825784579,4855665.825784579,6.155416283658542,6.155416283658542,0.06155416283658542,
6,20260822,short_shock_no_break,constant,short,shock,False,none,regularized_tweedie,gross,1627709032.6018078,118176535.80735253,1745885568.4091604,145343454.30390924,0.01,5.759461500001635,success,,,True,True,27166918.496556714,27166918.496556714,22.988420087760336,22.988420087760336,0.22988420087760336,1.1
6,20260822,short_shock_no_break,constant,short,shock,False,none,regularized_tweedie,ceded,271266549.9526807,78884442.61154923,350150992.5642299,81314945.0755269,0.001,5.392536399998789,success,,,True,True,2430502.4639776647,2430502.4639776647,3.0810922705585835,3.0810922705585835,0.030810922705585834,1.7
6,20260822,long_stable_no_break,constant,long,stable,False,none,regularized_poisson,gross,1236234026.3526273,714233224.4870623,1950467250.8396897,678914336.1465117,0.001,1.4508463999991363,success,,,True,True,-35318888.34055066,35318888.34055066,-4.945007755123051,4.945007755123051,-0.04945007755123051,
6,20260822,long_stable_no_break,constant,long,stable,False,none,regularized_poisson,ceded,167269908.2674762,279835005.07589453,447104913.3433706,158517401.59474203,1.0,1.3469224000000395,success,,,True,True,-121317603.4811525,121317603.4811525,-43.35326220114948,43.35326220114948,-0.4335326220114948,
6,20260822,long_stable_no_break,constant,long,stable,False,none,regularized_tweedie,gross,1236234026.3526273,714233224.4870623,1950467250.8396897,655173591.2815868,0.0001,6.180642999999691,success,,,True,True,-59059633.20547557,59059633.20547557,-8.268956298958251,8.268956298958251,-0.08268956298958251,1.9
6,20260822,long_stable_no_break,constant,long,stable,False,none,regularized_tweedie,ceded,167269908.2674762,279835005.07589453,447104913.3433706,153643140.0164722,1.0,6.057594400001108,success,,,True,True,-126191865.05942234,126191865.05942234,-45.0950963140575,45.0950963140575,-0.45095096314057503,1.5
6,20260822,long_emerging_no_break,constant,long,emerging,False,none,regularized_poisson,gross,1262478749.5724726,831330641.7837005,2093809391.356173,736205847.8094199,0.01,1.7023140999990574,success,,,True,True,-95124793.9742806,95124793.9742806,-11.44247417251229,11.44247417251229,-0.1144247417251229,
6,20260822,long_emerging_no_break,constant,long,emerging,False,none,regularized_poisson,ceded,173575248.58413133,383883858.86950636,557459107.4536377,191927014.99457467,1.0,1.419759200001863,success,,,True,True,-191956843.8749317,191956843.8749317,-50.003885143861595,50.003885143861595,-0.5000388514386159,
6,20260822,long_emerging_no_break,constant,long,emerging,False,none,regularized_tweedie,gross,1262478749.5724726,831330641.7837005,2093809391.356173,632336763.5341899,0.001,6.636426600001869,success,,,True,True,-198993878.24951053,198993878.24951053,-23.93679100081646,23.93679100081646,-0.2393679100081646,1.9
6,20260822,long_emerging_no_break,constant,long,emerging,False,none,regularized_tweedie,ceded,173575248.58413133,383883858.86950636,557459107.4536377,183972888.1964835,1.0,6.588875900000858,success,,,True,True,-199910970.67302287,199910970.67302287,-52.0758990132426,52.0758990132426,-0.520758990132426,1.5
6,20260822,long_shock_no_break,constant,long,shock,False,none,regularized_poisson,gross,1285220331.9829,935834774.1728761,2221055106.155776,907707002.8468304,0.01,1.6113758999999845,success,,,True,True,-28127771.32604575,28127771.32604575,-3.0056343387010886,3.0056343387010886,-0.030056343387010888,
6,20260822,long_shock_no_break,constant,long,shock,False,none,regularized_poisson,ceded,178910596.59008753,479886567.1275214,658797163.7176089,216873497.3312246,1.0,1.4139579000002414,success,,,True,True,-263013069.7962968,263013069.7962968,-54.80734152877543,54.80734152877543,-0.5480734152877543,
6,20260822,long_shock_no_break,constant,long,shock,False,none,regularized_tweedie,gross,1285220331.9829,935834774.1728761,2221055106.155776,747553086.8050933,0.001,6.548861100000067,success,,,True,True,-188281687.36778283,188281687.36778283,-20.119116382931253,20.119116382931253,-0.20119116382931254,1.9
6,20260822,long_shock_no_break,constant,long,shock,False,none,regularized_tweedie,ceded,178910596.59008753,479886567.1275214,658797163.7176089,205242607.25432044,1.0,6.4702653999993345,success,,,True,True,-274643959.87320095,274643959.87320095,-57.23101638729954,57.23101638729954,-0.5723101638729954,1.5
6,20260822,long_stable_break,constant,long,stable,True,none,regularized_poisson,gross,1347541305.238303,552707393.967971,1900248699.206274,943987057.6303997,0.001,1.5632390999999188,success,,,True,True,391279663.66242874,391279663.66242874,70.79327469339106,70.79327469339106,0.7079327469339105,
6,20260822,long_stable_break,constant,long,stable,True,none,regularized_poisson,ceded,192044556.21819857,219523830.48473483,411568386.70293343,228798134.47653025,1.0,1.4146942000006675,success,,,True,True,9274303.99179542,9274303.99179542,4.224736772912832,4.224736772912832,0.042247367729128314,
6,20260822,long_stable_break,constant,long,stable,True,none,regularized_tweedie,gross,1347541305.238303,552707393.967971,1900248699.206274,826634100.4836438,0.01,6.367027699998289,success,,,True,True,273926706.5156728,273926706.5156728,49.56089053723545,49.56089053723545,0.4956089053723545,1.9
6,20260822,long_stable_break,constant,long,stable,True,none,regularized_tweedie,ceded,192044556.21819857,219523830.48473483,411568386.70293343,215504008.05813986,1.0,6.398776699999871,success,,,True,True,-4019822.4265949726,4019822.4265949726,-1.8311553773996767,1.8311553773996767,-0.018311553773996767,1.5
6,20260822,long_emerging_break,constant,long,emerging,True,none,regularized_poisson,gross,1378361867.3143935,630638873.3665173,2009000740.6809106,1026715804.7564836,0.01,1.7761281000020972,success,,,True,True,396076931.38996625,396076931.38996625,62.80566392547334,62.80566392547334,0.6280566392547334,
6,20260822,long_emerging_break,constant,long,emerging,True,none,regularized_poisson,ceded,201437651.2529166,289354248.35185045,490791899.60476714,294525970.56216586,1.0,1.5616537999994762,success,,,True,True,5171722.210315406,5171722.210315406,1.787332392654788,1.787332392654788,0.01787332392654788,
6,20260822,long_emerging_break,constant,long,emerging,True,none,regularized_tweedie,gross,1378361867.3143935,630638873.3665173,2009000740.6809106,797920045.5941752,0.01,7.133627299997897,success,,,True,True,167281172.2276579,167281172.2276579,26.52566774621214,26.52566774621214,0.2652566774621214,1.9
6,20260822,long_emerging_break,constant,long,emerging,True,none,regularized_tweedie,ceded,201437651.2529166,289354248.35185045,490791899.60476714,268965315.9883367,1.0,7.026919899999484,success,,,True,True,-20388932.363513768,20388932.363513768,-7.046356664762403,7.046356664762403,-0.07046356664762403,1.5
6,20260822,long_shock_break,constant,long,shock,True,none,regularized_poisson,gross,1405137551.3898885,709299075.0873535,2114436626.477242,1233214822.8893702,0.01,1.7251266999992367,success,,,True,True,523915747.80201674,523915747.80201674,73.86387015061229,73.86387015061229,0.7386387015061229,
6,20260822,long_shock_break,constant,long,shock,True,none,regularized_poisson,ceded,209194110.6738532,363923938.1663605,573118048.8402137,572907438.7404729,0.1,1.5445326999979443,success,,,True,True,208983500.57411242,208983500.57411242,57.4250492086563,57.4250492086563,0.574250492086563,
6,20260822,long_shock_break,constant,long,shock,True,none,regularized_tweedie,gross,1405137551.3898885,709299075.0873535,2114436626.477242,1024065231.6378144,0.001,7.015896099997917,success,,,True,True,314766156.55046093,314766156.55046093,44.37707133788325,44.37707133788325,0.4437707133788325,1.7
6,20260822,long_shock_break,constant,long,shock,True,none,regularized_tweedie,ceded,209194110.6738532,363923938.1663605,573118048.8402137,320907846.42656946,1.0,6.950116800002434,success,,,True,True,-43016091.739791036,43016091.739791036,-11.82007755701058,11.82007755701058,-0.11820077557010579,1.3
7,20260823,short_stable_no_break,constant,short,stable,False,none,regularized_poisson,gross,1480285980.948452,104740484.08948034,1585026465.0379324,115072368.7551994,0.001,1.3738230999988446,success,,,True,True,10331884.665719062,10331884.665719062,9.864270492479756,9.864270492479756,0.09864270492479756,
7,20260823,short_stable_no_break,constant,short,stable,False,none,regularized_poisson,ceded,247642009.58475465,46350552.50131958,293992562.0860742,56614754.9577861,0.001,1.1872258000003058,success,,,True,True,10264202.456466518,10264202.456466518,22.144725149013706,22.144725149013706,0.22144725149013705,
7,20260823,short_stable_no_break,constant,short,stable,False,none,regularized_tweedie,gross,1480285980.948452,104740484.08948034,1585026465.0379324,123429494.99064782,0.1,5.575875999998971,success,,,True,True,18689010.901167482,18689010.901167482,17.843158797319823,17.843158797319823,0.17843158797319825,1.9
7,20260823,short_stable_no_break,constant,short,stable,False,none,regularized_tweedie,ceded,247642009.58475465,46350552.50131958,293992562.0860742,56302548.64920476,0.1,5.204235699999117,success,,,True,True,9951996.147885181,9951996.147885181,21.47114890939402,21.47114890939402,0.2147114890939402,1.9
7,20260823,short_emerging_no_break,constant,short,emerging,False,none,regularized_poisson,gross,1504598738.773335,116296811.42343572,1620895550.196771,103989060.68407601,0.01,1.4493867000019236,success,,,True,True,-12307750.739359707,12307750.739359707,-10.583050892553958,10.583050892553958,-0.10583050892553958,
7,20260823,short_emerging_no_break,constant,short,emerging,False,none,regularized_poisson,ceded,259580518.7014804,61732257.43945293,321312776.14093333,60461716.71818796,0.01,1.2298883000003116,success,,,True,True,-1270540.7212649733,1270540.7212649733,-2.0581471891111724,2.0581471891111724,-0.020581471891111727,
7,20260823,short_emerging_no_break,constant,short,emerging,False,none,regularized_tweedie,gross,1504598738.773335,116296811.42343572,1620895550.196771,100242790.15786046,0.1,5.840698700001667,success,,,True,True,-16054021.26557526,16054021.26557526,-13.804352044634054,13.804352044634054,-0.13804352044634055,1.7
7,20260823,short_emerging_no_break,constant,short,emerging,False,none,regularized_tweedie,ceded,259580518.7014804,61732257.43945293,321312776.14093333,60809639.89110246,0.01,5.377051700001175,success,,,True,True,-922617.5483504683,922617.5483504683,-1.4945469137514897,1.4945469137514897,-0.014945469137514898,1.9
7,20260823,short_shock_no_break,constant,short,shock,False,none,regularized_poisson,gross,1524583495.9970806,130377849.90490693,1654961345.9019876,117620560.33522958,0.01,1.4295682999982091,success,,,True,True,-12757289.569677353,12757289.569677353,-9.784859605356337,9.784859605356337,-0.09784859605356337,
7,20260823,short_shock_no_break,constant,short,shock,False,none,regularized_poisson,ceded,269433000.39328396,81826059.98624724,351259060.3795312,70611337.07556355,0.01,1.216691700003139,success,,,True,True,-11214722.910683692,11214722.910683692,-13.705563866289767,13.705563866289767,-0.13705563866289766,
7,20260823,short_shock_no_break,constant,short,shock,False,none,regularized_tweedie,gross,1524583495.9970806,130377849.90490693,1654961345.9019876,117143284.50925305,0.01,5.777514900000824,success,,,True,True,-13234565.395653874,13234565.395653874,-10.150930856205028,10.150930856205028,-0.10150930856205027,1.1
7,20260823,short_shock_no_break,constant,short,shock,False,none,regularized_tweedie,ceded,269433000.39328396,81826059.98624724,351259060.3795312,94667743.099831,0.001,5.3351035000014235,success,,,True,True,12841683.113583758,12841683.113583758,15.693879328592994,15.693879328592994,0.15693879328592994,1.9
7,20260823,long_stable_no_break,constant,long,stable,False,none,regularized_poisson,gross,1154232328.9734724,695792807.5049626,1850025136.478435,795994366.0154216,0.0001,1.5675811000000976,success,,,True,True,100201558.51045907,100201558.51045907,14.401062705688345,14.401062705688345,0.14401062705688344,
7,20260823,long_stable_no_break,constant,long,stable,False,none,regularized_poisson,ceded,163701799.03226408,287537090.65809727,451238889.6903614,393082454.24983174,0.1,1.3049409999985073,success,,,True,True,105545363.59173447,105545363.59173447,36.706695247617866,36.706695247617866,0.36706695247617865,
7,20260823,long_stable_no_break,constant,long,stable,False,none,regularized_tweedie,gross,1154232328.9734724,695792807.5049626,1850025136.478435,799902520.7528908,0.0001,6.283496099997137,success,,,True,True,104109713.24792826,104109713.24792826,14.962746398781324,14.962746398781324,0.14962746398781324,1.1
7,20260823,long_stable_no_break,constant,long,stable,False,none,regularized_tweedie,ceded,163701799.03226408,287537090.65809727,451238889.6903614,398403886.9228257,0.1,6.080533699998341,success,,,True,True,110866796.26472843,110866796.26472843,38.5573895913683,38.5573895913683,0.385573895913683,1.1
7,20260823,long_emerging_no_break,constant,long,emerging,False,none,regularized_poisson,gross,1180092761.1677804,810141677.1862512,1990234438.3540316,770892545.6122565,0.0001,1.7466495000007853,success,,,True,True,-39249131.57399464,39249131.57399464,-4.844724407996514,4.844724407996514,-0.04844724407996514,
7,20260823,long_emerging_no_break,constant,long,emerging,False,none,regularized_poisson,ceded,171730270.80550924,390762234.94918907,562492505.7546983,554551359.6357404,0.1,1.4156665000009525,success,,,True,True,163789124.68655133,163789124.68655133,41.915290178399374,41.915290178399374,0.4191529017839937,
7,20260823,long_emerging_no_break,constant,long,emerging,False,none,regularized_tweedie,gross,1180092761.1677804,810141677.1862512,1990234438.3540316,804125301.004107,0.0001,6.819263699999283,success,,,True,True,-6016376.182144165,6016376.182144165,-0.7426325976759992,0.7426325976759992,-0.0074263259767599924,1.7
7,20260823,long_emerging_no_break,constant,long,emerging,False,none,regularized_tweedie,ceded,171730270.80550924,390762234.94918907,562492505.7546983,562993362.6167665,0.1,6.57591339999999,success,,,True,True,172231127.6675774,172231127.6675774,44.075683948827006,44.075683948827006,0.44075683948827005,1.1
7,20260823,long_shock_no_break,constant,long,shock,False,none,regularized_poisson,gross,1202598949.9645138,912044125.4589986,2114643075.4235122,922402837.2607673,0.01,1.6846469000010984,success,,,True,True,10358711.80176878,10358711.80176878,1.135768710374141,1.135768710374141,0.01135768710374141,
7,20260823,long_shock_no_break,constant,long,shock,False,none,regularized_poisson,ceded,178400014.6053087,482278592.35778266,660678606.9630914,589435256.3892946,0.1,1.3777547999998205,success,,,True,True,107156664.03151196,107156664.03151196,22.2188307193235,22.2188307193235,0.22218830719323499,
7,20260823,long_shock_no_break,constant,long,shock,False,none,regularized_tweedie,gross,1202598949.9645138,912044125.4589986,2114643075.4235122,1002737869.5074912,0.0001,6.7616435999989335,success,,,True,True,90693744.04849267,90693744.04849267,9.94400835626783,9.94400835626783,0.0994400835626783,1.9
7,20260823,long_shock_no_break,constant,long,shock,False,none,regularized_tweedie,ceded,178400014.6053087,482278592.35778266,660678606.9630914,594098996.0312501,0.1,6.466547200001514,success,,,True,True,111820403.67346746,111820403.67346746,23.18585262654837,23.18585262654837,0.2318585262654837,1.1
7,20260823,long_stable_break,constant,long,stable,True,none,regularized_poisson,gross,1260322543.9086986,540879747.4364166,1801202291.345115,901187683.8792324,0.0001,1.6887839999981225,success,,,True,True,360307936.4428158,360307936.4428158,66.61516504371832,66.61516504371832,0.6661516504371833,
7,20260823,long_stable_break,constant,long,stable,True,none,regularized_poisson,ceded,190566989.79536405,225591484.27532622,416158474.0706903,459886530.0870813,0.1,1.2821336000015435,success,,,True,True,234295045.8117551,234295045.8117551,103.85810730595064,103.85810730595064,1.0385810730595064,
7,20260823,long_stable_break,constant,long,stable,True,none,regularized_tweedie,gross,1260322543.9086986,540879747.4364166,1801202291.345115,904446795.9508041,0.0001,6.590017800001078,success,,,True,True,363567048.5143875,363567048.5143875,67.21772265232148,67.21772265232148,0.6721772265232149,1.1
7,20260823,long_stable_break,constant,long,stable,True,none,regularized_tweedie,ceded,190566989.79536405,225591484.27532622,416158474.0706903,452940840.60257524,0.1,6.098872599999595,success,,,True,True,227349356.32724902,227349356.32724902,100.7792280181008,100.7792280181008,1.007792280181008,1.1
7,20260823,long_emerging_break,constant,long,emerging,True,none,regularized_poisson,gross,1290121564.7800667,617962544.134271,1908084108.914338,876115849.8397405,0.001,1.8215429999982007,success,,,True,True,258153305.7054695,258153305.7054695,41.77491146605447,41.77491146605447,0.4177491146605447,
7,20260823,long_emerging_break,constant,long,emerging,True,none,regularized_poisson,ceded,201000986.45906168,299182332.8180118,500183319.27707356,630872699.8231622,0.1,1.4138792000012472,success,,,True,True,331690367.0051504,331690367.0051504,110.86562628245589,110.86562628245589,1.1086562628245589,
7,20260823,long_emerging_break,constant,long,emerging,True,none,regularized_tweedie,gross,1290121564.7800667,617962544.134271,1908084108.914338,876618873.5325682,0.0001,7.1523713000024145,success,,,True,True,258656329.3982972,258656329.3982972,41.85631181913451,41.85631181913451,0.4185631181913451,1.3
7,20260823,long_emerging_break,constant,long,emerging,True,none,regularized_tweedie,ceded,201000986.45906168,299182332.8180118,500183319.27707356,615540983.666537,0.1,6.494359800002712,success,,,True,True,316358650.8485252,316358650.8485252,105.74108700494742,105.74108700494742,1.0574108700494742,1.1
7,20260823,long_shock_break,constant,long,shock,True,none,regularized_poisson,gross,1316046341.0010757,695144327.9768064,2011190668.9778824,1111162952.208219,0.01,1.8020453999997699,success,,,True,True,416018624.23141265,416018624.23141265,59.84636678863805,59.84636678863805,0.5984636678863805,
7,20260823,long_shock_break,constant,long,shock,True,none,regularized_poisson,ceded,209690593.09339648,373454165.2832909,583144758.3766874,696625449.0056118,0.1,1.3753887999992003,success,,,True,True,323171283.72232085,323171283.72232085,86.53572881619166,86.53572881619166,0.8653572881619167,
7,20260823,long_shock_break,constant,long,shock,True,none,regularized_tweedie,gross,1316046341.0010757,695144327.9768064,2011190668.9778824,1102707122.4535718,0.01,7.10587939999823,success,,,True,True,407562794.4767654,407562794.4767654,58.62995324481217,58.62995324481217,0.5862995324481217,1.1
7,20260823,long_shock_break,constant,long,shock,True,none,regularized_tweedie,ceded,209690593.09339648,373454165.2832909,583144758.3766874,675680950.7038114,0.1,6.485170299998572,success,,,True,True,302226785.4205205,302226785.4205205,80.9274105140213,80.9274105140213,0.809274105140213,1.1
8,20260824,short_stable_no_break,constant,short,stable,False,none,regularized_poisson,gross,1691209534.5795524,121245396.88591947,1812454931.465472,131445370.3464233,0.001,1.360170100000687,success,,,True,True,10199973.460503832,10199973.460503832,8.412668622876502,8.412668622876502,0.08412668622876503,
8,20260824,short_stable_no_break,constant,short,stable,False,none,regularized_poisson,ceded,319187961.955014,55435028.83808475,374622990.79309875,70763876.90415066,0.001,1.223723199997039,success,,,True,True,15328848.066065915,15328848.066065915,27.65191682471851,27.65191682471851,0.2765191682471851,
8,20260824,short_stable_no_break,constant,short,stable,False,none,regularized_tweedie,gross,1691209534.5795524,121245396.88591947,1812454931.465472,132972302.11323023,0.0001,5.651974600001267,success,,,True,True,11726905.227310762,11726905.227310762,9.672041601995561,9.672041601995561,0.09672041601995561,1.5
8,20260824,short_stable_no_break,constant,short,stable,False,none,regularized_tweedie,ceded,319187961.955014,55435028.83808475,374622990.79309875,72937137.24827302,0.01,5.253833700000541,success,,,True,True,17502108.410188265,17502108.410188265,31.572290620265786,31.572290620265786,0.31572290620265786,1.7
8,20260824,short_emerging_no_break,constant,short,emerging,False,none,regularized_poisson,gross,1720843875.0993834,134796993.40754396,1855640868.5069275,136508983.82329527,0.0001,1.432332899999892,success,,,True,True,1711990.4157513082,1711990.4157513082,1.270050890953697,1.270050890953697,0.01270050890953697,
8,20260824,short_emerging_no_break,constant,short,emerging,False,none,regularized_poisson,ceded,334255913.9038356,70156507.17509204,404412421.07892764,71743265.78258157,0.01,1.2445623999992677,success,,,True,True,1586758.6074895263,1586758.6074895263,2.2617411718194544,2.2617411718194544,0.022617411718194542,
8,20260824,short_emerging_no_break,constant,short,emerging,False,none,regularized_tweedie,gross,1720843875.0993834,134796993.40754396,1855640868.5069275,149176494.73871738,0.0001,5.824068999998417,success,,,True,True,14379501.33117342,14379501.33117342,10.667523783485713,10.667523783485713,0.10667523783485713,1.7
8,20260824,short_emerging_no_break,constant,short,emerging,False,none,regularized_tweedie,ceded,334255913.9038356,70156507.17509204,404412421.07892764,67348325.59132004,0.01,5.418092500000057,success,,,True,True,-2808181.5837720037,2808181.5837720037,-4.002738586690935,4.002738586690935,-0.04002738586690935,1.9
8,20260824,short_shock_no_break,constant,short,shock,False,none,regularized_poisson,gross,1745196047.6094851,151172966.18677932,1896369013.7962642,147105903.38237423,0.001,1.4366360999993049,success,,,True,True,-4067062.804405093,4067062.804405093,-2.690337371154112,2.690337371154112,-0.02690337371154112,
8,20260824,short_shock_no_break,constant,short,shock,False,none,regularized_poisson,ceded,346762405.1094845,89773714.06286423,436536119.17234874,88596501.38001224,0.001,1.230671599998459,success,,,True,True,-1177212.682851985,1177212.682851985,-1.3113111060857294,1.3113111060857294,-0.013113111060857295,
8,20260824,short_shock_no_break,constant,short,shock,False,none,regularized_tweedie,gross,1745196047.6094851,151172966.18677932,1896369013.7962642,156537883.3382892,0.0001,5.816612099999475,success,,,True,True,5364917.151509881,5364917.151509881,3.548860147972055,3.548860147972055,0.03548860147972055,1.5
8,20260824,short_shock_no_break,constant,short,shock,False,none,regularized_tweedie,ceded,346762405.1094845,89773714.06286423,436536119.17234874,92091567.6924131,0.001,5.4228355000013835,success,,,True,True,2317853.6295488775,2317853.6295488775,2.581884523487349,2.581884523487349,0.025818845234873492,1.7
8,20260824,long_stable_no_break,constant,long,stable,False,none,regularized_poisson,gross,1300476940.1755803,812500155.5098317,2112977095.685412,878290729.9381322,0.0001,1.539127500000177,success,,,True,True,65790574.4283005,65790574.4283005,8.09729991830191,8.09729991830191,0.0809729991830191,
8,20260824,long_stable_no_break,constant,long,stable,False,none,regularized_poisson,ceded,212141975.34772316,345598759.9966747,557740735.3443979,575818703.1853292,0.1,1.2831117000023369,success,,,True,True,230219943.18865448,230219943.18865448,66.61480590696264,66.61480590696264,0.6661480590696264,
8,20260824,long_stable_no_break,constant,long,stable,False,none,regularized_tweedie,gross,1300476940.1755803,812500155.5098317,2112977095.685412,866190675.0381708,0.0001,6.235694399998465,success,,,True,True,53690519.52833915,53690519.52833915,6.608062677187938,6.608062677187938,0.06608062677187938,1.9
8,20260824,long_stable_no_break,constant,long,stable,False,none,regularized_tweedie,ceded,212141975.34772316,345598759.9966747,557740735.3443979,586226918.985596,0.1,6.099627799998416,success,,,True,True,240628158.98892123,240628158.98892123,69.62645322895155,69.62645322895155,0.6962645322895155,1.1
8,20260824,long_emerging_no_break,constant,long,emerging,False,none,regularized_poisson,gross,1330449917.4255285,946527722.776804,2276977640.2023325,904857290.8551625,0.01,1.69043359999705,success,,,True,True,-41670431.92164147,41670431.92164147,-4.402452344385011,4.402452344385011,-0.04402452344385011,
8,20260824,long_emerging_no_break,constant,long,emerging,False,none,regularized_poisson,ceded,221726506.8043173,466654718.757437,688381225.5617543,798612077.2536956,0.1,1.3690339000022504,success,,,True,True,331957358.4962586,331957358.4962586,71.13554093702568,71.13554093702568,0.7113554093702568,
8,20260824,long_emerging_no_break,constant,long,emerging,False,none,regularized_tweedie,gross,1330449917.4255285,946527722.776804,2276977640.2023325,887673656.5679482,0.001,6.870963099998335,success,,,True,True,-58854066.20885575,58854066.20885575,-6.21789143546658,6.21789143546658,-0.0621789143546658,1.5
8,20260824,long_emerging_no_break,constant,long,emerging,False,none,regularized_tweedie,ceded,221726506.8043173,466654718.757437,688381225.5617543,491333828.832044,1.0,6.502799800000503,success,,,True,True,24679110.074607015,24679110.074607015,5.288516130367257,5.288516130367257,0.05288516130367257,1.1
8,20260824,long_shock_no_break,constant,long,shock,False,none,regularized_poisson,gross,1356229946.7409036,1065590001.3304901,2421819948.071394,1087054254.9317446,0.01,1.6689088999992236,success,,,True,True,21464253.601254463,21464253.601254463,2.0143069636965727,2.0143069636965727,0.020143069636965726,
8,20260824,long_shock_no_break,constant,long,shock,False,none,regularized_poisson,ceded,229201685.01902938,573114191.107759,802315876.1267884,821416434.7332336,0.1,1.3386810999982117,success,,,True,True,248302243.62547457,248302243.62547457,43.32509078959238,43.32509078959238,0.4332509078959238,
8,20260824,long_shock_no_break,constant,long,shock,False,none,regularized_tweedie,gross,1356229946.7409036,1065590001.3304901,2421819948.071394,1054987259.1482017,0.001,6.710884599997371,success,,,True,True,-10602742.182288408,10602742.182288408,-0.9950114179984685,0.9950114179984685,-0.009950114179984685,1.5
8,20260824,long_shock_no_break,constant,long,shock,False,none,regularized_tweedie,ceded,229201685.01902938,573114191.107759,802315876.1267884,536633924.5224587,1.0,6.5065113000018755,success,,,True,True,-36480266.58530033,36480266.58530033,-6.365270159300797,6.365270159300797,-0.06365270159300797,1.1
8,20260824,long_stable_break,constant,long,stable,True,none,regularized_poisson,gross,1429176564.5327249,626324172.9059651,2055500737.4386902,1090376011.7716901,0.001,1.6293737000014517,success,,,True,True,464051838.86572504,464051838.86572504,74.09131867171232,74.09131867171232,0.7409131867171231,
8,20260824,long_stable_break,constant,long,stable,True,none,regularized_poisson,ceded,251461730.9896504,263026821.63594753,514488552.62559795,675493928.9721783,0.1,1.3815422000006947,success,,,True,True,412467107.3362308,412467107.3362308,156.8156071577833,156.8156071577833,1.5681560715778329,
8,20260824,long_stable_break,constant,long,stable,True,none,regularized_tweedie,gross,1429176564.5327249,626324172.9059651,2055500737.4386902,1055907139.6737388,0.0001,6.499464499996975,success,,,True,True,429582966.76777375,429582966.76777375,68.58795897572205,68.58795897572205,0.6858795897572204,1.9
8,20260824,long_stable_break,constant,long,stable,True,none,regularized_tweedie,ceded,251461730.9896504,263026821.63594753,514488552.62559795,678403438.6604102,0.1,6.411503100000118,success,,,True,True,415376617.02446264,415376617.02446264,157.92177179534212,157.92177179534212,1.5792177179534213,1.1
8,20260824,long_emerging_break,constant,long,emerging,True,none,regularized_poisson,gross,1464198393.0959365,715750060.6047767,2179948453.700713,1143214652.179082,0.01,1.861129400000209,success,,,True,True,427464591.5743052,427464591.5743052,59.722606409996914,59.722606409996914,0.5972260640999691,
8,20260824,long_emerging_break,constant,long,emerging,True,none,regularized_poisson,ceded,264076706.9726195,346654795.58985984,610731502.5624794,874319819.1925999,0.1,1.5041746999995667,success,,,True,True,527665023.60274005,527665023.60274005,152.21627691746696,152.21627691746696,1.5221627691746695,
8,20260824,long_emerging_break,constant,long,emerging,True,none,regularized_tweedie,gross,1464198393.0959365,715750060.6047767,2179948453.700713,979695546.9653896,0.001,7.381974399999308,success,,,True,True,263945486.36061287,263945486.36061287,36.876767588058705,36.876767588058705,0.36876767588058706,1.9
8,20260824,long_emerging_break,constant,long,emerging,True,none,regularized_tweedie,ceded,264076706.9726195,346654795.58985984,610731502.5624794,617052013.8380412,1.0,6.89022119999936,success,,,True,True,270397218.24818134,270397218.24818134,78.00186862786065,78.00186862786065,0.7800186862786065,1.1
8,20260824,long_shock_break,constant,long,shock,True,none,regularized_poisson,gross,1494260026.0835493,805124636.3642868,2299384662.4478354,1369399438.6922612,0.01,1.8000920999984373,success,,,True,True,564274802.3279744,564274802.3279744,70.08539756975746,70.08539756975746,0.7008539756975746,
8,20260824,long_shock_break,constant,long,shock,True,none,regularized_poisson,ceded,274846037.87102014,430098532.3937574,704944570.2647775,921125006.4764287,0.1,1.4987194999994244,success,,,True,True,491026474.08267134,491026474.08267134,114.16604268557096,114.16604268557096,1.1416604268557096,
8,20260824,long_shock_break,constant,long,shock,True,none,regularized_tweedie,gross,1494260026.0835493,805124636.3642868,2299384662.4478354,1276801554.8827033,0.001,7.183097599998291,success,,,True,True,471676918.5184165,471676918.5184165,58.58433554441645,58.58433554441645,0.5858433554441644,1.5
8,20260824,long_shock_break,constant,long,shock,True,none,regularized_tweedie,ceded,274846037.87102014,430098532.3937574,704944570.2647775,686990400.9526722,1.0,6.847388599999249,success,,,True,True,256891868.55891484,256891868.55891484,59.72860849562933,59.72860849562933,0.5972860849562933,1.1
9,20260825,short_stable_no_break,constant,short,stable,False,none,regularized_poisson,gross,1544482552.08471,106743155.20665479,1651225707.2913642,120129259.47346705,0.001,1.3634435999993002,success,,,True,True,13386104.266812265,13386104.266812265,12.540480221796669,12.540480221796669,0.12540480221796668,
9,20260825,short_stable_no_break,constant,short,stable,False,none,regularized_poisson,ceded,285869496.8203483,55145937.142330006,341015433.96267825,60468510.542546615,0.01,1.185052300003008,success,,,True,True,5322573.400216609,5322573.400216609,9.651796081512238,9.651796081512238,0.09651796081512237,
9,20260825,short_stable_no_break,constant,short,stable,False,none,regularized_tweedie,gross,1544482552.08471,106743155.20665479,1651225707.2913642,126398876.11319871,0.0001,5.508094800003164,success,,,True,True,19655720.906543925,19655720.906543925,18.4140340132259,18.4140340132259,0.184140340132259,1.9
9,20260825,short_stable_no_break,constant,short,stable,False,none,regularized_tweedie,ceded,285869496.8203483,55145937.142330006,341015433.96267825,70918252.29200965,0.0001,5.23505060000025,success,,,True,True,15772315.149679646,15772315.149679646,28.601046544864715,28.601046544864715,0.28601046544864717,1.9
9,20260825,short_emerging_no_break,constant,short,emerging,False,none,regularized_poisson,gross,1572853848.2749624,118490387.03138334,1691344235.3063457,153989724.03670436,0.01,1.4083424999989802,success,,,True,True,35499337.005321026,35499337.005321026,29.95967680983157,29.95967680983157,0.2995967680983157,
9,20260825,short_emerging_no_break,constant,short,emerging,False,none,regularized_poisson,ceded,302198086.85440415,68771597.47423375,370969684.3286379,102368350.22844794,0.0001,1.2453839000008884,success,,,True,True,33596752.7542142,33596752.7542142,48.852657184241934,48.852657184241934,0.4885265718424193,
9,20260825,short_emerging_no_break,constant,short,emerging,False,none,regularized_tweedie,gross,1572853848.2749624,118490387.03138334,1691344235.3063457,161651410.21689707,0.001,5.681727300001512,success,,,True,True,43161023.185513735,43161023.185513735,36.42575930997855,36.42575930997855,0.3642575930997855,1.3
9,20260825,short_emerging_no_break,constant,short,emerging,False,none,regularized_tweedie,ceded,302198086.85440415,68771597.47423375,370969684.3286379,102996458.80999069,0.0001,5.411725199999637,success,,,True,True,34224861.33575694,34224861.33575694,49.7659827497533,49.7659827497533,0.497659827497533,1.1
9,20260825,short_shock_no_break,constant,short,shock,False,none,regularized_poisson,gross,1596972005.5782967,132834845.06458175,1729806850.6428785,170574321.83691707,0.01,1.3863325999991503,success,,,True,True,37739476.77233532,37739476.77233532,28.4108260554579,28.4108260554579,0.284108260554579,
9,20260825,short_shock_no_break,constant,short,shock,False,none,regularized_poisson,ceded,316560923.29771554,86967476.65782495,403528399.9555404,119918227.22087505,0.001,1.2579340000011143,success,,,True,True,32950750.563050106,32950750.563050106,37.88858988365893,37.88858988365893,0.3788858988365893,
9,20260825,short_shock_no_break,constant,short,shock,False,none,regularized_tweedie,gross,1596972005.5782967,132834845.06458175,1729806850.6428785,181678557.52547684,0.001,5.690322399997967,success,,,True,True,48843712.46089509,48843712.46089509,36.77025590472757,36.77025590472757,0.3677025590472757,1.7
9,20260825,short_shock_no_break,constant,short,shock,False,none,regularized_tweedie,ceded,316560923.29771554,86967476.65782495,403528399.9555404,124872907.48658751,0.001,5.41060170000128,success,,,True,True,37905430.82876256,37905430.82876256,43.58575445152001,43.58575445152001,0.4358575445152001,1.5
9,20260825,long_stable_no_break,constant,long,stable,False,none,regularized_poisson,gross,1181951906.730035,741596172.2498324,1923548078.9798672,674811246.0027649,0.0001,1.500919199999771,success,,,True,True,-66784926.24706745,66784926.24706745,-9.005565123732682,9.005565123732682,-0.09005565123732683,
9,20260825,long_stable_no_break,constant,long,stable,False,none,regularized_poisson,ceded,185429562.34373808,318746390.8667276,504175953.21046567,275555394.9982033,0.1,1.4206254000018816,success,,,True,True,-43190995.86852431,43190995.86852431,-13.550269777511954,13.550269777511954,-0.13550269777511953,
9,20260825,long_stable_no_break,constant,long,stable,False,none,regularized_tweedie,gross,1181951906.730035,741596172.2498324,1923548078.9798672,668140522.2483704,0.0001,6.228669600001012,success,,,True,True,-73455650.00146198,73455650.00146198,-9.905074048402167,9.905074048402167,-0.09905074048402167,1.9
9,20260825,long_stable_no_break,constant,long,stable,False,none,regularized_tweedie,ceded,185429562.34373808,318746390.8667276,504175953.21046567,210745967.2470609,1.0,6.203175500002544,success,,,True,True,-108000423.6196667,108000423.6196667,-33.88286948943783,33.88286948943783,-0.33882869489437833,1.9
9,20260825,long_emerging_no_break,constant,long,emerging,False,none,regularized_poisson,gross,1207142992.058788,864050659.6168107,2071193651.6755993,819673100.6040523,0.0001,1.6885422999985167,success,,,True,True,-44377559.012758374,44377559.012758374,-5.135990409687198,5.135990409687198,-0.05135990409687198,
9,20260825,long_emerging_no_break,constant,long,emerging,False,none,regularized_poisson,ceded,192893124.2887881,430188839.7616966,623081964.0504845,363620204.14429665,0.1,1.472609399999783,success,,,True,True,-66568635.61739993,66568635.61739993,-15.474282330121738,15.474282330121738,-0.15474282330121739,
9,20260825,long_emerging_no_break,constant,long,emerging,False,none,regularized_tweedie,gross,1207142992.058788,864050659.6168107,2071193651.6755993,705435648.5389433,0.0001,6.708849899998313,success,,,True,True,-158615011.0778674,158615011.0778674,-18.35714252544058,18.35714252544058,-0.1835714252544058,1.9
9,20260825,long_emerging_no_break,constant,long,emerging,False,none,regularized_tweedie,ceded,192893124.2887881,430188839.7616966,623081964.0504845,252635299.3711497,1.0,6.569694800000434,success,,,True,True,-177553540.3905469,177553540.3905469,-41.27339530446741,41.27339530446741,-0.4127339530446741,1.9
9,20260825,long_shock_no_break,constant,long,shock,False,none,regularized_poisson,gross,1229137425.733108,972722197.1362911,2201859622.869399,934949956.5779661,0.0001,1.659098100000847,success,,,True,True,-37772240.55832505,37772240.55832505,-3.883147795899703,3.883147795899703,-0.03883147795899703,
9,20260825,long_shock_no_break,constant,long,shock,False,none,regularized_poisson,ceded,198688171.76852772,530817477.76846075,729505649.5369886,402911861.66542315,0.1,1.4451560000015888,success,,,True,True,-127905616.1030376,127905616.1030376,-24.095969228584675,24.095969228584675,-0.24095969228584674,
9,20260825,long_shock_no_break,constant,long,shock,False,none,regularized_tweedie,gross,1229137425.733108,972722197.1362911,2201859622.869399,882626527.3901377,0.0001,6.691139999998995,success,,,True,True,-90095669.74615347,90095669.74615347,-9.262219985459003,9.262219985459003,-0.09262219985459003,1.5
9,20260825,long_shock_no_break,constant,long,shock,False,none,regularized_tweedie,ceded,198688171.76852772,530817477.76846075,729505649.5369886,272287920.14029896,1.0,6.596335500002169,success,,,True,True,-258529557.6281618,258529557.6281618,-48.704040174979085,48.704040174979085,-0.48704040174979085,1.9
9,20260825,long_stable_break,constant,long,stable,True,none,regularized_poisson,gross,1285698764.3851094,588289564.2147598,1873988328.5998693,838263045.7620994,0.0001,1.6018885000012233,success,,,True,True,249973481.54733956,249973481.54733956,42.49157162612606,42.49157162612606,0.4249157162612606,
9,20260825,long_stable_break,constant,long,stable,True,none,regularized_poisson,ceded,212264423.74098518,254110422.91951865,466374846.6605038,394660097.39661187,0.1,1.4369432000021334,success,,,True,True,140549674.47709322,140549674.47709322,55.31047206261501,55.31047206261501,0.5531047206261501,
9,20260825,long_stable_break,constant,long,stable,True,none,regularized_tweedie,gross,1285698764.3851094,588289564.2147598,1873988328.5998693,829638799.6661912,0.0001,6.5088682000023255,success,,,True,True,241349235.4514314,241349235.4514314,41.0255850405201,41.0255850405201,0.410255850405201,1.3
9,20260825,long_stable_break,constant,long,stable,True,none,regularized_tweedie,ceded,212264423.74098518,254110422.91951865,466374846.6605038,396542826.0218283,0.1,6.503603700002714,success,,,True,True,142432403.10230964,142432403.10230964,56.051381704803404,56.051381704803404,0.560513817048034,1.1
9,20260825,long_emerging_break,constant,long,emerging,True,none,regularized_poisson,gross,1315217933.9479194,671990795.7794588,1987208729.7273784,962092846.6665795,0.001,1.826973999999609,success,,,True,True,290102050.8871207,290102050.8871207,43.17053934505519,43.17053934505519,0.4317053934505519,
9,20260825,long_emerging_break,constant,long,emerging,True,none,regularized_poisson,ceded,222495104.86563683,331981768.2247377,554476873.0903745,516028848.3438287,0.1,1.6082655999998678,success,,,True,True,184047080.11909097,184047080.11909097,55.438911932807954,55.438911932807954,0.5543891193280795,
9,20260825,long_emerging_break,constant,long,emerging,True,none,regularized_tweedie,gross,1315217933.9479194,671990795.7794588,1987208729.7273784,847292386.1790941,0.001,7.077231300001586,success,,,True,True,175301590.39963531,175301590.39963531,26.086903496393678,26.086903496393678,0.26086903496393676,1.5
9,20260825,long_emerging_break,constant,long,emerging,True,none,regularized_tweedie,ceded,222495104.86563683,331981768.2247377,554476873.0903745,518615329.5766336,0.1,7.057654000000184,success,,,True,True,186633561.35189587,186633561.35189587,56.21801532955051,56.21801532955051,0.5621801532955051,1.1
9,20260825,long_shock_break,constant,long,shock,True,none,regularized_poisson,gross,1341151482.6129951,755907880.0472257,2097059362.6602209,1126395119.5464935,0.0001,1.8270416000013938,success,,,True,True,370487239.4992678,370487239.4992678,49.01222083782503,49.01222083782503,0.4901222083782503,
9,20260825,long_shock_break,constant,long,shock,True,none,regularized_poisson,ceded,231398287.12976888,411775479.8543498,643173766.9841187,579143086.7223184,0.1,1.6101794999995036,success,,,True,True,167367606.86796862,167367606.86796862,40.64535531041544,40.64535531041544,0.4064535531041544,
9,20260825,long_shock_break,constant,long,shock,True,none,regularized_tweedie,gross,1341151482.6129951,755907880.0472257,2097059362.6602209,1055089852.7306696,0.0001,7.003246800002671,success,,,True,True,299181972.6834439,299181972.6834439,39.57915780223807,39.57915780223807,0.3957915780223807,1.5
9,20260825,long_shock_break,constant,long,shock,True,none,regularized_tweedie,ceded,231398287.12976888,411775479.8543498,643173766.9841187,357761438.72472286,1.0,7.0153179000008095,success,,,True,True,-54014041.12962693,54014041.12962693,-13.117352482652048,13.117352482652048,-0.13117352482652048,1.9
10,20260826,short_stable_no_break,constant,short,stable,False,none,regularized_poisson,gross,1713963141.1631925,134674853.39260998,1848637994.5558026,131666265.80447477,0.001,1.3499833999994735,success,,,True,True,-3008587.5881352127,3008587.5881352127,-2.233963885866983,2.233963885866983,-0.02233963885866983,
10,20260826,short_stable_no_break,constant,short,stable,False,none,regularized_poisson,ceded,303040738.64082664,66326260.11826292,369366998.7590896,56705344.7474917,0.001,1.195225900002697,success,,,True,True,-9620915.370771214,9620915.370771214,-14.50543925379881,14.50543925379881,-0.1450543925379881,
10,20260826,short_stable_no_break,constant,short,stable,False,none,regularized_tweedie,gross,1713963141.1631925,134674853.39260998,1848637994.5558026,131611342.17692992,0.0001,5.538082400002168,success,,,True,True,-3063511.215680063,3063511.215680063,-2.2747462785418313,2.2747462785418313,-0.022747462785418313,1.1
10,20260826,short_stable_no_break,constant,short,stable,False,none,regularized_tweedie,ceded,303040738.64082664,66326260.11826292,369366998.7590896,55731632.24742345,0.01,5.221506000001682,success,,,True,True,-10594627.87083947,10594627.87083947,-15.973504087142466,15.973504087142466,-0.15973504087142465,1.5
10,20260826,short_emerging_no_break,constant,short,emerging,False,none,regularized_poisson,gross,1743918059.1039383,149574476.9510759,1893492536.0550141,150340024.01474977,0.001,1.429658400000335,success,,,True,True,765547.0636738539,765547.0636738539,0.5118166409662629,0.5118166409662629,0.005118166409662629,
10,20260826,short_emerging_no_break,constant,short,emerging,False,none,regularized_poisson,ceded,316826404.3446696,80456561.16601816,397282965.5106877,73191928.18793264,0.001,1.2840445000001637,success,,,True,True,-7264632.978085518,7264632.978085518,-9.029261097917551,9.029261097917551,-0.09029261097917551,
10,20260826,short_emerging_no_break,constant,short,emerging,False,none,regularized_tweedie,gross,1743918059.1039383,149574476.9510759,1893492536.0550141,138402072.37767345,0.0001,5.789541600002849,success,,,True,True,-11172404.573402464,11172404.573402464,-7.469459229368945,7.469459229368945,-0.07469459229368945,1.7
10,20260826,short_emerging_no_break,constant,short,emerging,False,none,regularized_tweedie,ceded,316826404.3446696,80456561.16601816,397282965.5106877,56925813.52621296,0.001,5.390584000000672,success,,,True,True,-23530747.639805198,23530747.639805198,-29.24652420981635,29.24652420981635,-0.2924652420981635,1.9
10,20260826,short_shock_no_break,constant,short,shock,False,none,regularized_poisson,gross,1768861985.3114147,167693406.19511217,1936555391.506527,160475911.0568036,0.01,1.4108496999979252,success,,,True,True,-7217495.138308555,7217495.138308555,-4.30398266817418,4.30398266817418,-0.043039826681741805,
10,20260826,short_shock_no_break,constant,short,shock,False,none,regularized_poisson,ceded,328517289.34363997,100256663.5279609,428773952.87160087,88668255.10026501,0.001,1.2312138000015693,success,,,True,True,-11588408.427695885,11588408.427695885,-11.55874135434794,11.55874135434794,-0.11558741354347941,
10,20260826,short_shock_no_break,constant,short,shock,False,none,regularized_tweedie,gross,1768861985.3114147,167693406.19511217,1936555391.506527,154414254.2944837,0.0001,5.759397900001204,success,,,True,True,-13279151.900628477,13279151.900628477,-7.918708434592898,7.918708434592898,-0.07918708434592898,1.7
10,20260826,short_shock_no_break,constant,short,shock,False,none,regularized_tweedie,ceded,328517289.34363997,100256663.5279609,428773952.87160087,75781391.08774479,0.001,5.413192100000742,success,,,True,True,-24475272.44021611,24475272.44021611,-24.412614163436754,24.412614163436754,-0.24412614163436752,1.7
10,20260826,long_stable_no_break,constant,long,stable,False,none,regularized_poisson,gross,1319029041.6793027,836391165.1620659,2155420206.8413687,805388186.4280727,0.0001,1.5569316000000981,success,,,True,True,-31002978.733993173,31002978.733993173,-3.706755884728384,3.706755884728384,-0.03706755884728384,
10,20260826,long_stable_no_break,constant,long,stable,False,none,regularized_poisson,ceded,194996650.73548338,336912354.9061351,531909005.6416184,278161820.15869176,0.01,1.3553685000006226,success,,,True,True,-58750534.74744332,58750534.74744332,-17.437928259950993,17.437928259950993,-0.17437928259950994,
10,20260826,long_stable_no_break,constant,long,stable,False,none,regularized_tweedie,gross,1319029041.6793027,836391165.1620659,2155420206.8413687,796889502.8305461,0.001,6.294566500000656,success,,,True,True,-39501662.33151972,39501662.33151972,-4.722869391364932,4.722869391364932,-0.04722869391364932,1.9
10,20260826,long_stable_no_break,constant,long,stable,False,none,regularized_tweedie,ceded,194996650.73548338,336912354.9061351,531909005.6416184,291892272.94207454,0.1,6.1856006999987585,success,,,True,True,-45020081.964060545,45020081.964060545,-13.362550024798969,13.362550024798969,-0.1336255002479897,1.1
10,20260826,long_emerging_no_break,constant,long,emerging,False,none,regularized_poisson,gross,1348178441.7107253,974852670.2191871,2323031111.9299126,834107926.378113,0.01,1.7566602000006242,success,,,True,True,-140744743.8410741,140744743.8410741,-14.437539962774979,14.437539962774979,-0.14437539962774978,
10,20260826,long_emerging_no_break,constant,long,emerging,False,none,regularized_poisson,ceded,203745982.37755242,448150465.03271383,651896447.4102662,396743602.4718729,0.01,1.4842222000006586,success,,,True,True,-51406862.560840905,51406862.560840905,-11.470893499371542,11.470893499371542,-0.11470893499371541,
10,20260826,long_emerging_no_break,constant,long,emerging,False,none,regularized_tweedie,gross,1348178441.7107253,974852670.2191871,2323031111.9299126,917493359.4398255,0.0001,6.886523000001034,success,,,True,True,-57359310.779361606,57359310.779361606,-5.8838953343036815,5.8838953343036815,-0.058838953343036814,1.9
10,20260826,long_emerging_no_break,constant,long,emerging,False,none,regularized_tweedie,ceded,203745982.37755242,448150465.03271383,651896447.4102662,403801535.2909654,0.1,6.8603712000003725,success,,,True,True,-44348929.74174845,44348929.74174845,-9.895991012418362,9.895991012418362,-0.09895991012418362,1.1
10,20260826,long_shock_no_break,constant,long,shock,False,none,regularized_poisson,gross,1373435238.7250652,1097410164.2289305,2470845402.953996,1088411504.4573462,0.001,1.7540909999988799,success,,,True,True,-8998659.771584272,8998659.771584272,-0.8199905618613411,0.8199905618613411,-0.008199905618613411,
10,20260826,long_shock_no_break,constant,long,shock,False,none,regularized_poisson,ceded,211107900.8900945,546183119.412483,757291020.3025774,494406367.10498327,0.01,1.4946950999983528,success,,,True,True,-51776752.30749971,51776752.30749971,-9.479742318509368,9.479742318509368,-0.09479742318509368,
10,20260826,long_shock_no_break,constant,long,shock,False,none,regularized_tweedie,gross,1373435238.7250652,1097410164.2289305,2470845402.953996,1049926814.796416,0.0001,6.820173399999476,success,,,True,True,-47483349.43251443,47483349.43251443,-4.326855261622029,4.326855261622029,-0.04326855261622029,1.9
10,20260826,long_shock_no_break,constant,long,shock,False,none,regularized_tweedie,ceded,211107900.8900945,546183119.412483,757291020.3025774,486394303.8287269,0.1,6.7891241000033915,success,,,True,True,-59788815.58375609,59788815.58375609,-10.94666119452201,10.94666119452201,-0.1094666119452201,1.1
10,20260826,long_stable_break,constant,long,stable,True,none,regularized_poisson,gross,1439874066.4914694,659165908.9443653,2099039975.4358344,1075816161.5942242,0.0001,1.6654202999998233,success,,,True,True,416650252.64985895,416650252.64985895,63.20870770108728,63.20870770108728,0.6320870770108727,
10,20260826,long_stable_break,constant,long,stable,True,none,regularized_poisson,ceded,229849310.34042877,263302626.44822067,493151936.78864944,502221926.9012428,0.01,1.407622700000502,success,,,True,True,238919300.45302212,238919300.45302212,90.73942925518305,90.73942925518305,0.9073942925518306,
10,20260826,long_stable_break,constant,long,stable,True,none,regularized_tweedie,gross,1439874066.4914694,659165908.9443653,2099039975.4358344,1042885075.7827151,0.001,6.550010099999781,success,,,True,True,383719166.8383498,383719166.8383498,58.21283558988431,58.21283558988431,0.582128355898843,1.7
10,20260826,long_stable_break,constant,long,stable,True,none,regularized_tweedie,ceded,229849310.34042877,263302626.44822067,493151936.78864944,487419217.01983035,0.01,6.6615975000022445,success,,,True,True,224116590.57160968,224116590.57160968,85.11749145642607,85.11749145642607,0.8511749145642606,1.1
10,20260826,long_emerging_break,constant,long,emerging,True,none,regularized_poisson,gross,1474075680.2267265,753339760.4341314,2227415440.660858,1134432266.5701175,0.01,1.8477579999998852,success,,,True,True,381092506.1359861,381092506.1359861,50.587069228414514,50.587069228414514,0.5058706922841452,
10,20260826,long_emerging_break,constant,long,emerging,True,none,regularized_poisson,ceded,240911348.43987674,341665288.94157326,582576637.3814499,705434064.0983524,0.01,1.6053472999992664,success,,,True,True,363768775.15677917,363768775.15677917,106.4693391253408,106.4693391253408,1.064693391253408,
10,20260826,long_emerging_break,constant,long,emerging,True,none,regularized_tweedie,gross,1474075680.2267265,753339760.4341314,2227415440.660858,1074443811.5838428,0.0001,7.200848100001167,success,,,True,True,321104051.1497114,321104051.1497114,42.62406791919053,42.62406791919053,0.4262406791919053,1.9
10,20260826,long_emerging_break,constant,long,emerging,True,none,regularized_tweedie,ceded,240911348.43987674,341665288.94157326,582576637.3814499,687112583.0095798,0.01,7.209243000001152,success,,,True,True,345447294.0680065,345447294.0680065,101.10693279324607,101.10693279324607,1.0110693279324607,1.1
10,20260826,long_shock_break,constant,long,shock,True,none,regularized_poisson,gross,1503852330.9735177,847363480.4536366,2351215811.4271545,1378874985.459213,0.001,1.8455221999975038,success,,,True,True,531511505.0055764,531511505.0055764,62.72532593935147,62.72532593935147,0.6272532593935147,
10,20260826,long_shock_break,constant,long,shock,True,none,regularized_poisson,ceded,250485968.49399287,419800063.420129,670286031.9141219,799407362.851513,0.01,1.5997236000002886,success,,,True,True,379607299.431384,379607299.431384,90.4257365610446,90.4257365610446,0.904257365610446,
10,20260826,long_shock_break,constant,long,shock,True,none,regularized_tweedie,gross,1503852330.9735177,847363480.4536366,2351215811.4271545,1296535903.831163,0.0001,7.1867050000000745,success,,,True,True,449172423.3775263,449172423.3775263,53.008234805807476,53.008234805807476,0.5300823480580747,1.7
10,20260826,long_shock_break,constant,long,shock,True,none,regularized_tweedie,ceded,250485968.49399287,419800063.420129,670286031.9141219,785277726.87202,0.01,7.178351799997472,success,,,True,True,365477663.451891,365477663.451891,87.05993526402281,87.05993526402281,0.8705993526402281,1.1
11,20260827,short_stable_no_break,constant,short,stable,False,none,regularized_poisson,gross,1550407836.0612643,120416969.18187675,1670824805.2431414,120221850.33021286,0.001,1.3395450999996683,success,,,True,True,-195118.8516638875,195118.8516638875,-0.1620360095338238,0.1620360095338238,-0.0016203600953382381,
11,20260827,short_stable_no_break,constant,short,stable,False,none,regularized_poisson,ceded,285394641.75809944,71395569.41409275,356790211.1721922,57566178.29735218,0.001,1.1847889999990002,success,,,True,True,-13829391.11674057,13829391.11674057,-19.37009709458356,19.37009709458356,-0.1937009709458356,
11,20260827,short_stable_no_break,constant,short,stable,False,none,regularized_tweedie,gross,1550407836.0612643,120416969.18187675,1670824805.2431414,121709820.57267119,0.001,5.556543399998191,success,,,True,True,1292851.390794441,1292851.390794441,1.0736455165564993,1.0736455165564993,0.010736455165564993,1.9
11,20260827,short_stable_no_break,constant,short,stable,False,none,regularized_tweedie,ceded,285394641.75809944,71395569.41409275,356790211.1721922,55049850.26155437,0.0001,5.25263189999896,success,,,True,True,-16345719.152538382,16345719.152538382,-22.894584757400793,22.894584757400793,-0.22894584757400793,1.7
11,20260827,short_emerging_no_break,constant,short,emerging,False,none,regularized_poisson,gross,1578889658.4517157,133653943.32290919,1712543601.7746248,140159113.5665583,0.001,1.485579099997267,success,,,True,True,6505170.24364911,6505170.24364911,4.8671741977208685,4.8671741977208685,0.048671741977208687,
11,20260827,short_emerging_no_break,constant,short,emerging,False,none,regularized_poisson,ceded,301935122.2565943,86640847.87304908,388575970.12964344,94492520.15892404,0.0001,1.2473879999997735,success,,,True,True,7851672.285874963,7851672.285874963,9.062321616911765,9.062321616911765,0.09062321616911764,
11,20260827,short_emerging_no_break,constant,short,emerging,False,none,regularized_tweedie,gross,1578889658.4517157,133653943.32290919,1712543601.7746248,118260515.56098573,0.001,5.7698692999983905,success,,,True,True,-15393427.761923462,15393427.761923462,-11.517376426921274,11.517376426921274,-0.11517376426921273,1.9
11,20260827,short_emerging_no_break,constant,short,emerging,False,none,regularized_tweedie,ceded,301935122.2565943,86640847.87304908,388575970.12964344,93283925.44173944,0.0001,5.404872399998567,success,,,True,True,6643077.56869036,6643077.56869036,7.667373683166352,7.667373683166352,0.07667373683166352,1.1
11,20260827,short_shock_no_break,constant,short,shock,False,none,regularized_poisson,gross,1603906143.3665695,149827812.85681683,1753733956.2233865,158843304.0178455,0.001,1.431169499999669,success,,,True,True,9015491.161028683,9015491.161028683,6.017234710383413,6.017234710383413,0.06017234710383412,
11,20260827,short_shock_no_break,constant,short,shock,False,none,regularized_poisson,ceded,317505779.00982475,105213686.48668984,422719465.4965146,117874434.82874131,0.0001,1.2505122000002302,success,,,True,True,12660748.342051476,12660748.342051476,12.033366346927817,12.033366346927817,0.12033366346927818,
11,20260827,short_shock_no_break,constant,short,shock,False,none,regularized_tweedie,gross,1603906143.3665695,149827812.85681683,1753733956.2233865,155646880.59722304,0.001,5.815469299999677,success,,,True,True,5819067.740406215,5819067.740406215,3.8838368053648464,3.8838368053648464,0.038838368053648466,1.3
11,20260827,short_shock_no_break,constant,short,shock,False,none,regularized_tweedie,ceded,317505779.00982475,105213686.48668984,422719465.4965146,116923632.78178589,0.0001,5.384168299999146,success,,,True,True,11709946.295096055,11709946.295096055,11.12967968913192,11.12967968913192,0.1112967968913192,1.1
11,20260827,long_stable_no_break,constant,long,stable,False,none,regularized_poisson,gross,1175442255.1126645,770407082.2857108,1945849337.3983753,727262066.8903089,0.0001,1.5720719000019017,success,,,True,True,-43145015.395401955,43145015.395401955,-5.6002880019476935,5.6002880019476935,-0.05600288001947693,
11,20260827,long_stable_no_break,constant,long,stable,False,none,regularized_poisson,ceded,182235148.97744095,335982274.18882424,518217423.1662652,288350335.75382525,0.01,1.3096003999999084,success,,,True,True,-47631938.43499899,47631938.43499899,-14.17692006222612,14.17692006222612,-0.1417692006222612,
11,20260827,long_stable_no_break,constant,long,stable,False,none,regularized_tweedie,gross,1175442255.1126645,770407082.2857108,1945849337.3983753,716438914.1875069,0.0001,6.414452599998185,success,,,True,True,-53968168.0982039,53968168.0982039,-7.005149529270478,7.005149529270478,-0.07005149529270478,1.9
11,20260827,long_stable_no_break,constant,long,stable,False,none,regularized_tweedie,ceded,182235148.97744095,335982274.18882424,518217423.1662652,283291706.9649483,0.01,6.17106430000058,success,,,True,True,-52690567.22387594,52690567.22387594,-15.68254377439671,15.68254377439671,-0.1568254377439671,1.1
11,20260827,long_emerging_no_break,constant,long,emerging,False,none,regularized_poisson,gross,1202126109.5398824,898223559.7310824,2100349669.2709646,781370747.1099461,0.01,1.721928700000717,success,,,True,True,-116852812.62113631,116852812.62113631,-13.009323943375598,13.009323943375598,-0.13009323943375597,
11,20260827,long_emerging_no_break,constant,long,emerging,False,none,regularized_poisson,ceded,189278522.0340096,447353470.69370604,636631992.7277157,388789943.9885282,0.01,1.440896400003112,success,,,True,True,-58563526.70517784,58563526.70517784,-13.091108159810192,13.091108159810192,-0.1309110815981019,
11,20260827,long_emerging_no_break,constant,long,emerging,False,none,regularized_tweedie,gross,1202126109.5398824,898223559.7310824,2100349669.2709646,796808659.5560459,0.001,6.95438490000015,success,,,True,True,-101414900.17503655,101414900.17503655,-11.290607897815438,11.290607897815438,-0.11290607897815437,1.5
11,20260827,long_emerging_no_break,constant,long,emerging,False,none,regularized_tweedie,ceded,189278522.0340096,447353470.69370604,636631992.7277157,383604595.7236811,0.01,6.747803499998554,success,,,True,True,-63748874.97002494,63748874.97002494,-14.250224743125447,14.250224743125447,-0.14250224743125448,1.1
11,20260827,long_shock_no_break,constant,long,shock,False,none,regularized_poisson,gross,1225097905.3079803,1011272399.076081,2236370304.3840613,949540172.5253948,0.01,1.7466991000001144,success,,,True,True,-61732226.55068624,61732226.55068624,-6.104411294828777,6.104411294828777,-0.06104411294828777,
11,20260827,long_shock_no_break,constant,long,shock,False,none,regularized_poisson,ceded,195090088.16757417,545814304.4819006,740904392.6494749,426254120.23217046,0.01,1.4446032999985619,success,,,True,True,-119560184.24973011,119560184.24973011,-21.90491954277735,21.90491954277735,-0.2190491954277735,
11,20260827,long_shock_no_break,constant,long,shock,False,none,regularized_tweedie,gross,1225097905.3079803,1011272399.076081,2236370304.3840613,986828429.668878,0.001,6.915110600002663,success,,,True,True,-24443969.40720308,24443969.40720308,-2.4171498628396844,2.4171498628396844,-0.024171498628396845,1.3
11,20260827,long_shock_no_break,constant,long,shock,False,none,regularized_tweedie,ceded,195090088.16757417,545814304.4819006,740904392.6494749,421561848.1301702,0.01,6.68826849999823,success,,,True,True,-124252456.35173035,124252456.35173035,-22.76460241724035,22.76460241724035,-0.2276460241724035,1.1
11,20260827,long_stable_break,constant,long,stable,True,none,regularized_poisson,gross,1291570425.597144,600482365.8872306,1892052791.4843743,940191783.3531114,0.001,1.6727422000003571,success,,,True,True,339709417.46588075,339709417.46588075,56.57275496574324,56.57275496574324,0.5657275496574324,
11,20260827,long_stable_break,constant,long,stable,True,none,regularized_poisson,ceded,209526404.00978088,269271119.8716827,478797523.8814636,470432255.096199,0.01,1.466246099997079,success,,,True,True,201161135.22451627,201161135.22451627,74.70579664108678,74.70579664108678,0.7470579664108677,
11,20260827,long_stable_break,constant,long,stable,True,none,regularized_tweedie,gross,1291570425.597144,600482365.8872306,1892052791.4843743,901983982.9125609,0.001,6.665882299999794,success,,,True,True,301501617.0253303,301501617.0253303,50.20990359639499,50.20990359639499,0.5020990359639499,1.9
11,20260827,long_stable_break,constant,long,stable,True,none,regularized_tweedie,ceded,209526404.00978088,269271119.8716827,478797523.8814636,462618915.236882,0.01,6.525360399999045,success,,,True,True,193347795.36519927,193347795.36519927,71.80413386230813,71.80413386230813,0.7180413386230814,1.1
11,20260827,long_emerging_break,constant,long,emerging,True,none,regularized_poisson,gross,1322834289.3528955,686489796.4635129,2009324085.816408,1018692543.2076958,0.01,1.8466325999979745,success,,,True,True,332202746.74418294,332202746.74418294,48.39150537350187,48.39150537350187,0.48391505373501875,
11,20260827,long_emerging_break,constant,long,emerging,True,none,regularized_poisson,ceded,219787563.37170377,347078090.3447683,566865653.7164721,649497348.8879211,0.01,1.5531798000010895,success,,,True,True,302419258.5431528,302419258.5431528,87.1329153167652,87.1329153167652,0.8713291531676521,
11,20260827,long_emerging_break,constant,long,emerging,True,none,regularized_tweedie,gross,1322834289.3528955,686489796.4635129,2009324085.816408,953639081.4632722,0.01,7.4112167000021145,success,,,True,True,267149284.99975932,267149284.99975932,38.91525939292797,38.91525939292797,0.3891525939292797,1.3
11,20260827,long_emerging_break,constant,long,emerging,True,none,regularized_tweedie,ceded,219787563.37170377,347078090.3447683,566865653.7164721,641322502.7490973,0.01,7.201905799996894,success,,,True,True,294244412.40432906,294244412.40432906,84.77758193034968,84.77758193034968,0.8477758193034969,1.1
11,20260827,long_shock_break,constant,long,shock,True,none,regularized_poisson,gross,1349646543.25789,772277757.1219689,2121924300.379859,1216399612.9454353,0.01,1.899525700002414,success,,,True,True,444121855.8234664,444121855.8234664,57.50804703719111,57.50804703719111,0.5750804703719111,
11,20260827,long_shock_break,constant,long,shock,True,none,regularized_poisson,ceded,228205175.82949933,424758999.50438994,652964175.3338894,690351087.4530171,0.01,1.5459191000009014,success,,,True,True,265592087.94862717,265592087.94862717,62.52771295217306,62.52771295217306,0.6252771295217306,
11,20260827,long_shock_break,constant,long,shock,True,none,regularized_tweedie,gross,1349646543.25789,772277757.1219689,2121924300.379859,1160752291.6778798,0.001,7.378769599999941,success,,,True,True,388474534.55591094,388474534.55591094,50.302437299713354,50.302437299713354,0.5030243729971335,1.5
11,20260827,long_shock_break,constant,long,shock,True,none,regularized_tweedie,ceded,228205175.82949933,424758999.50438994,652964175.3338894,682352321.3571624,0.01,7.138801900000544,success,,,True,True,257593321.8527724,257593321.8527724,60.64458249344524,60.64458249344524,0.6064458249344524,1.1
12,20260828,short_stable_no_break,constant,short,stable,False,none,regularized_poisson,gross,1572378916.505736,114242903.11648484,1686621819.622221,115017904.3658678,0.001,1.353316699998686,success,,,True,True,775001.2493829578,775001.2493829578,0.6783802128984308,0.6783802128984308,0.006783802128984308,
12,20260828,short_stable_no_break,constant,short,stable,False,none,regularized_poisson,ceded,302293011.2415928,57506650.49990023,359799661.741493,61028710.16538811,0.01,1.2288335000012012,success,,,True,True,3522059.665487878,3522059.665487878,6.124612779341041,6.124612779341041,0.06124612779341041,
12,20260828,short_stable_no_break,constant,short,stable,False,none,regularized_tweedie,gross,1572378916.505736,114242903.11648484,1686621819.622221,115189087.35671547,0.001,5.583852499999921,success,,,True,True,946184.2402306348,946184.2402306348,0.8282214600813168,0.8282214600813168,0.008282214600813168,1.1
12,20260828,short_stable_no_break,constant,short,stable,False,none,regularized_tweedie,ceded,302293011.2415928,57506650.49990023,359799661.741493,60571381.600982234,0.0001,5.289360700000543,success,,,True,True,3064731.1010820046,3064731.1010820046,5.3293507349855505,5.3293507349855505,0.0532935073498555,1.3
12,20260828,short_emerging_no_break,constant,short,emerging,False,none,regularized_poisson,gross,1599049350.6427135,126808863.19714352,1725858213.839857,123374756.67803565,0.001,1.4192124000001058,success,,,True,True,-3434106.519107878,3434106.519107878,-2.7080966050212445,2.7080966050212445,-0.027080966050212447,
12,20260828,short_emerging_no_break,constant,short,emerging,False,none,regularized_poisson,ceded,316380904.83648264,69825296.35659844,386206201.193081,80024616.37834996,0.001,1.3068643999977212,success,,,True,True,10199320.021751523,10199320.021751523,14.606912614682651,14.606912614682651,0.14606912614682652,
12,20260828,short_emerging_no_break,constant,short,emerging,False,none,regularized_tweedie,gross,1599049350.6427135,126808863.19714352,1725858213.839857,123234894.96458395,0.0001,5.859781600000133,success,,,True,True,-3573968.2325595766,3573968.2325595766,-2.818389931469777,2.818389931469777,-0.02818389931469777,1.1
12,20260828,short_emerging_no_break,constant,short,emerging,False,none,regularized_tweedie,ceded,316380904.83648264,69825296.35659844,386206201.193081,87836252.41036505,0.001,5.527678400001605,success,,,True,True,18010956.05376661,18010956.05376661,25.794313799664366,25.794313799664366,0.25794313799664365,1.7
12,20260828,short_shock_no_break,constant,short,shock,False,none,regularized_poisson,gross,1622257544.8983705,142154443.4199168,1764411988.3182874,142200126.45135796,0.001,1.420371400003205,success,,,True,True,45683.031441152096,45683.031441152096,0.03213619661976151,0.03213619661976151,0.0003213619661976151,
12,20260828,short_shock_no_break,constant,short,shock,False,none,regularized_poisson,ceded,328792285.2192689,86231211.40383303,415023496.623102,93030767.83946228,0.01,1.2791222000014386,success,,,True,True,6799556.435629249,6799556.435629249,7.885261409335836,7.885261409335836,0.07885261409335836,
12,20260828,short_shock_no_break,constant,short,shock,False,none,regularized_tweedie,gross,1622257544.8983705,142154443.4199168,1764411988.3182874,161691565.80226514,0.001,5.793520300001546,success,,,True,True,19537122.38234833,19537122.38234833,13.743588953204009,13.743588953204009,0.13743588953204008,1.9
12,20260828,short_shock_no_break,constant,short,shock,False,none,regularized_tweedie,ceded,328792285.2192689,86231211.40383303,415023496.623102,107847248.13443315,0.001,5.441347100000712,success,,,True,True,21616036.73060012,21616036.73060012,25.067532252758397,25.067532252758397,0.25067532252758395,1.7
12,20260828,long_stable_no_break,constant,long,stable,False,none,regularized_poisson,gross,1220393739.5586832,742690098.4351643,1963083837.9938474,723372098.0695564,0.001,1.5846725999981572,success,,,True,True,-19318000.365607977,19318000.365607977,-2.6010849486630674,2.6010849486630674,-0.026010849486630672,
12,20260828,long_stable_no_break,constant,long,stable,False,none,regularized_poisson,ceded,191242772.04165268,326815514.82710785,518058286.86876047,310564081.95422053,0.1,1.309377499997936,success,,,True,True,-16251432.872887313,16251432.872887313,-4.97266259880124,4.97266259880124,-0.049726625988012405,
12,20260828,long_stable_no_break,constant,long,stable,False,none,regularized_tweedie,gross,1220393739.5586832,742690098.4351643,1963083837.9938474,719683684.233551,0.0001,6.322069900001225,success,,,True,True,-23006414.201613307,23006414.201613307,-3.097713871517533,3.097713871517533,-0.03097713871517533,1.9
12,20260828,long_stable_no_break,constant,long,stable,False,none,regularized_tweedie,ceded,191242772.04165268,326815514.82710785,518058286.86876047,305933023.4193887,0.1,6.195049800000561,success,,,True,True,-20882491.407719135,20882491.407719135,-6.389687900455524,6.389687900455524,-0.06389687900455523,1.1
12,20260828,long_emerging_no_break,constant,long,emerging,False,none,regularized_poisson,gross,1246684253.286441,864654893.3003402,2111339146.5867815,706240283.6827985,0.01,1.7482849999978498,success,,,True,True,-158414609.61754167,158414609.61754167,-18.321137235791475,18.321137235791475,-0.18321137235791474,
12,20260828,long_emerging_no_break,constant,long,emerging,False,none,regularized_poisson,ceded,200528808.49111453,429313850.2498671,629842658.7409816,437652792.91670704,0.1,1.4767447000012908,success,,,True,True,8338942.666839957,8338942.666839957,1.9423884559015665,1.9423884559015665,0.019423884559015666,
12,20260828,long_emerging_no_break,constant,long,emerging,False,none,regularized_tweedie,gross,1246684253.286441,864654893.3003402,2111339146.5867815,763857033.9911914,0.001,6.9613442000008945,success,,,True,True,-100797859.30914879,100797859.30914879,-11.657582706137116,11.657582706137116,-0.11657582706137117,1.1
12,20260828,long_emerging_no_break,constant,long,emerging,False,none,regularized_tweedie,ceded,200528808.49111453,429313850.2498671,629842658.7409816,399817929.7563569,0.01,6.7072795999993104,success,,,True,True,-29495920.493510187,29495920.493510187,-6.870479598164168,6.870479598164168,-0.06870479598164168,1.1
12,20260828,long_shock_no_break,constant,long,shock,False,none,regularized_poisson,gross,1269029023.4964345,973412493.2120446,2242441516.7084794,900148859.6226827,0.001,1.710438800000702,success,,,True,True,-73263633.5893619,73263633.5893619,-7.526473524867986,7.526473524867986,-0.07526473524867985,
12,20260828,long_shock_no_break,constant,long,shock,False,none,regularized_poisson,ceded,208184818.920301,522943050.5050699,731127869.4253708,514288283.89070934,0.1,1.4611197000012908,success,,,True,True,-8654766.61436057,8654766.61436057,-1.6550113068720593,1.6550113068720593,-0.016550113068720593,
12,20260828,long_shock_no_break,constant,long,shock,False,none,regularized_tweedie,gross,1269029023.4964345,973412493.2120446,2242441516.7084794,898132842.2954352,0.001,6.955069200001162,success,,,True,True,-75279650.9166094,75279650.9166094,-7.733581748905165,7.733581748905165,-0.07733581748905165,1.1
12,20260828,long_shock_no_break,constant,long,shock,False,none,regularized_tweedie,ceded,208184818.920301,522943050.5050699,731127869.4253708,483688815.2260534,0.01,6.694899199999782,success,,,True,True,-39254235.279016495,39254235.279016495,-7.50640729255392,7.50640729255392,-0.0750640729255392,1.1
12,20260828,long_stable_break,constant,long,stable,True,none,regularized_poisson,gross,1328661582.9819155,583792001.0262423,1912453584.0081575,818834241.5784459,0.001,1.6182451999993646,success,,,True,True,235042240.55220366,235042240.55220366,40.26129856850132,40.26129856850132,0.40261298568501314,
12,20260828,long_stable_break,constant,long,stable,True,none,regularized_poisson,ceded,226075515.33464292,256138382.5904678,482213897.9251107,559377076.763726,0.01,1.4440295999993396,success,,,True,True,303238694.1732582,303238694.1732582,118.38861911535442,118.38861911535442,1.183886191153544,
12,20260828,long_stable_break,constant,long,stable,True,none,regularized_tweedie,gross,1328661582.9819155,583792001.0262423,1912453584.0081575,837725692.3414644,0.0001,6.598511100000906,success,,,True,True,253933691.31522214,253933691.31522214,43.49728856661869,43.49728856661869,0.4349728856661869,1.9
12,20260828,long_stable_break,constant,long,stable,True,none,regularized_tweedie,ceded,226075515.33464292,256138382.5904678,482213897.9251107,542741978.8579321,0.01,6.616908899999544,success,,,True,True,286603596.2674643,286603596.2674643,111.89404468353594,111.89404468353594,1.1189404468353594,1.1
12,20260828,long_emerging_break,constant,long,emerging,True,none,regularized_poisson,gross,1359083913.8109555,666743048.8152063,2025826962.6261616,846268014.5181688,0.01,1.9402056999970227,success,,,True,True,179524965.70296252,179524965.70296252,26.92565989581384,26.92565989581384,0.2692565989581384,
12,20260828,long_emerging_break,constant,long,emerging,True,none,regularized_poisson,ceded,238979523.67264524,325126140.5975815,564105664.2702267,798625168.5652293,0.01,1.6393797999990056,success,,,True,True,473499027.9676478,473499027.9676478,145.635483845549,145.635483845549,1.45635483845549,
12,20260828,long_emerging_break,constant,long,emerging,True,none,regularized_tweedie,gross,1359083913.8109555,666743048.8152063,2025826962.6261616,822009209.7194804,0.001,7.376318899998296,success,,,True,True,155266160.9042741,155266160.9042741,23.287256039666264,23.287256039666264,0.23287256039666263,1.7
12,20260828,long_emerging_break,constant,long,emerging,True,none,regularized_tweedie,ceded,238979523.67264524,325126140.5975815,564105664.2702267,775138781.8602247,0.01,7.236900899999455,success,,,True,True,450012641.2626432,450012641.2626432,138.41170704869208,138.41170704869208,1.3841170704869208,1.1
12,20260828,long_shock_break,constant,long,shock,True,none,regularized_poisson,gross,1384914891.5569196,750017185.8934898,2134932077.450409,1025414955.7926062,0.01,1.8235119999990275,success,,,True,True,275397769.8991164,275397769.8991164,36.718861257963994,36.718861257963994,0.3671886125796399,
12,20260828,long_shock_break,constant,long,shock,True,none,regularized_poisson,ceded,249790323.42382798,396764543.5095545,646554866.9333824,898824781.6766058,0.01,1.6316910999994434,success,,,True,True,502060238.1670513,502060238.1670513,126.53858475510707,126.53858475510707,1.2653858475510706,
12,20260828,long_shock_break,constant,long,shock,True,none,regularized_tweedie,gross,1384914891.5569196,750017185.8934898,2134932077.450409,1033122853.2767563,0.001,7.256769300001906,success,,,True,True,283105667.38326645,283105667.38326645,37.74655737334936,37.74655737334936,0.3774655737334936,1.1
12,20260828,long_shock_break,constant,long,shock,True,none,regularized_tweedie,ceded,249790323.42382798,396764543.5095545,646554866.9333824,876694214.1596212,0.01,7.221695600001112,success,,,True,True,479929670.65006673,479929670.65006673,120.96082638959635,120.96082638959635,1.2096082638959635,1.1
13,20260829,short_stable_no_break,constant,short,stable,False,none,regularized_poisson,gross,1681276185.8743362,119092300.91678554,1800368486.791122,119809826.85273483,0.0001,1.3419892999991134,success,,,True,True,717525.9359492958,717525.9359492958,0.602495652889148,0.602495652889148,0.00602495652889148,
13,20260829,short_stable_no_break,constant,short,stable,False,none,regularized_poisson,ceded,307315345.19271266,55324389.44217353,362639734.63488626,69744435.40423684,0.001,1.195534200000111,success,,,True,True,14420045.962063305,14420045.962063305,26.06453701063526,26.06453701063526,0.2606453701063526,
13,20260829,short_stable_no_break,constant,short,stable,False,none,regularized_tweedie,gross,1681276185.8743362,119092300.91678554,1800368486.791122,107375933.59119669,0.01,5.5277108999980555,success,,,True,True,-11716367.325588852,11716367.325588852,-9.838056058531892,9.838056058531892,-0.09838056058531892,1.9
13,20260829,short_stable_no_break,constant,short,stable,False,none,regularized_tweedie,ceded,307315345.19271266,55324389.44217353,362639734.63488626,70461237.09959947,0.001,5.208248800001456,success,,,True,True,15136847.657425933,15136847.657425933,27.36017118317655,27.36017118317655,0.2736017118317655,1.1
13,20260829,short_emerging_no_break,constant,short,emerging,False,none,regularized_poisson,gross,1707445991.1112978,132458414.43206944,1839904405.5433671,100390584.1203416,0.01,1.4135040000001027,success,,,True,True,-32067830.311727837,32067830.311727837,-24.209734390391368,24.209734390391368,-0.2420973439039137,
13,20260829,short_emerging_no_break,constant,short,emerging,False,none,regularized_poisson,ceded,321191332.4107942,71131128.73172837,392322461.1425226,51054505.17016074,0.001,1.2290694000002986,success,,,True,True,-20076623.561567634,20076623.561567634,-28.22480666275771,28.22480666275771,-0.2822480666275771,
13,20260829,short_emerging_no_break,constant,short,emerging,False,none,regularized_tweedie,gross,1707445991.1112978,132458414.43206944,1839904405.5433671,96614516.2140334,0.0001,5.78504989999783,success,,,True,True,-35843898.21803604,35843898.21803604,-27.060491680895353,27.060491680895353,-0.27060491680895354,1.7
13,20260829,short_emerging_no_break,constant,short,emerging,False,none,regularized_tweedie,ceded,321191332.4107942,71131128.73172837,392322461.1425226,56424956.91466444,0.01,5.3969685999982175,success,,,True,True,-14706171.817063935,14706171.817063935,-20.674734225754214,20.674734225754214,-0.20674734225754213,1.1
13,20260829,short_shock_no_break,constant,short,shock,False,none,regularized_poisson,gross,1728485884.8121176,148563830.71604544,1877049715.5281632,113171013.68648863,0.001,1.3994525999987673,success,,,True,True,-35392817.02955681,35392817.02955681,-23.823306695156628,23.823306695156628,-0.23823306695156626,
13,20260829,short_shock_no_break,constant,short,shock,False,none,regularized_poisson,ceded,332337485.473507,92709672.71563783,425047158.1891448,60994537.186427474,0.001,1.2159565999972983,success,,,True,True,-31715135.52921036,31715135.52921036,-34.20909016310312,34.20909016310312,-0.3420909016310312,
13,20260829,short_shock_no_break,constant,short,shock,False,none,regularized_tweedie,gross,1728485884.8121176,148563830.71604544,1877049715.5281632,113557285.07400833,0.001,5.751057600002241,success,,,True,True,-35006545.64203711,35006545.64203711,-23.563303041738457,23.563303041738457,-0.2356330304173846,1.1
13,20260829,short_shock_no_break,constant,short,shock,False,none,regularized_tweedie,ceded,332337485.473507,92709672.71563783,425047158.1891448,60846042.1249418,0.0001,5.381242199997359,success,,,True,True,-31863630.59069603,31863630.59069603,-34.36926229739717,34.36926229739717,-0.34369262297397174,1.1
13,20260829,long_stable_no_break,constant,long,stable,False,none,regularized_poisson,gross,1324845650.2232876,775111178.433075,2099956828.6563625,875636636.6075788,0.001,1.5316028999986884,success,,,True,True,100525458.1745038,100525458.1745038,12.969166355944047,12.969166355944047,0.12969166355944048,
13,20260829,long_stable_no_break,constant,long,stable,False,none,regularized_poisson,ceded,189876295.52771914,343895833.6100101,533772129.1377292,530083606.5067378,0.1,1.3150083999971685,success,,,True,True,186187772.89672774,186187772.89672774,54.14074690648075,54.14074690648075,0.5414074690648075,
13,20260829,long_stable_no_break,constant,long,stable,False,none,regularized_tweedie,gross,1324845650.2232876,775111178.433075,2099956828.6563625,852508978.7350464,0.0001,6.272791299998062,success,,,True,True,77397800.30197144,77397800.30197144,9.985380479021714,9.985380479021714,0.09985380479021715,1.9
13,20260829,long_stable_no_break,constant,long,stable,False,none,regularized_tweedie,ceded,189876295.52771914,343895833.6100101,533772129.1377292,336318454.9440983,1.0,6.170783399997163,success,,,True,True,-7577378.665911794,7577378.665911794,-2.203393564373567,2.203393564373567,-0.022033935643735673,1.1
13,20260829,long_emerging_no_break,constant,long,emerging,False,none,regularized_poisson,gross,1354634574.9158595,902828928.381405,2257463503.2972646,877019533.0792477,0.01,1.7297624999991967,success,,,True,True,-25809395.302157283,25809395.302157283,-2.8587248913732153,2.8587248913732153,-0.02858724891373215,
13,20260829,long_emerging_no_break,constant,long,emerging,False,none,regularized_poisson,ceded,199303107.1747045,457401365.75274265,656704472.9274471,739849264.0647111,0.1,1.4254598000006808,success,,,True,True,282447898.31196845,282447898.31196845,61.750558581552475,61.750558581552475,0.6175055858155247,
13,20260829,long_emerging_no_break,constant,long,emerging,False,none,regularized_tweedie,gross,1354634574.9158595,902828928.381405,2257463503.2972646,894281821.2156355,0.0001,6.805330799998046,success,,,True,True,-8547107.165769458,8547107.165769458,-0.9467028466946383,0.9467028466946383,-0.009467028466946383,1.9
13,20260829,long_emerging_no_break,constant,long,emerging,False,none,regularized_tweedie,ceded,199303107.1747045,457401365.75274265,656704472.9274471,440388087.17059845,1.0,6.506429000000935,success,,,True,True,-17013278.5821442,17013278.5821442,-3.719551329748557,3.719551329748557,-0.03719551329748557,1.1
13,20260829,long_shock_no_break,constant,long,shock,False,none,regularized_poisson,gross,1380171993.0273166,1016362258.6692474,2396534251.696564,1094760563.2196667,0.001,1.6890103000005183,success,,,True,True,78398304.55041933,78398304.55041933,7.713618238153443,7.713618238153443,0.07713618238153443,
13,20260829,long_shock_no_break,constant,long,shock,False,none,regularized_poisson,ceded,207377177.23473242,555662962.8926797,763040140.1274122,780461983.053153,0.1,1.4313836000001174,success,,,True,True,224799020.16047335,224799020.16047335,40.45600214025617,40.45600214025617,0.4045600214025617,
13,20260829,long_shock_no_break,constant,long,shock,False,none,regularized_tweedie,gross,1380171993.0273166,1016362258.6692474,2396534251.696564,1052417677.9184172,0.0001,6.848003800001607,success,,,True,True,36055419.24916983,36055419.24916983,3.547496863606312,3.547496863606312,0.03547496863606312,1.9
13,20260829,long_shock_no_break,constant,long,shock,False,none,regularized_tweedie,ceded,207377177.23473242,555662962.8926797,763040140.1274122,491977067.90254897,1.0,6.436635099998966,success,,,True,True,-63685894.99013072,63685894.99013072,-11.461245258923432,11.461245258923432,-0.11461245258923432,1.1
13,20260829,long_stable_break,constant,long,stable,True,none,regularized_poisson,gross,1453568206.1983473,590184965.3035393,2043753171.5018861,1023354536.9550638,0.001,1.6375944999999774,success,,,True,True,433169571.65152454,433169571.65152454,73.39556191993813,73.39556191993813,0.7339556191993813,
13,20260829,long_stable_break,constant,long,stable,True,none,regularized_poisson,ceded,232812707.7705757,259310089.688469,492122797.45904464,676886833.7225457,0.1,1.378393999999389,success,,,True,True,417576744.03407675,417576744.03407675,161.03374324375378,161.03374324375378,1.6103374324375377,
13,20260829,long_stable_break,constant,long,stable,True,none,regularized_tweedie,gross,1453568206.1983473,590184965.3035393,2043753171.5018861,993904572.7868607,0.0001,6.523163599998952,success,,,True,True,403719607.4833214,403719607.4833214,68.405606922854,68.405606922854,0.6840560692285401,1.9
13,20260829,long_stable_break,constant,long,stable,True,none,regularized_tweedie,ceded,232812707.7705757,259310089.688469,492122797.45904464,666939207.9261346,0.1,6.3892588000016985,success,,,True,True,407629118.2376656,407629118.2376656,157.1975539892739,157.1975539892739,1.5719755398927389,1.1
13,20260829,long_emerging_break,constant,long,emerging,True,none,regularized_poisson,gross,1488176245.789681,674726389.3585835,2162902635.1482644,1057979992.9708624,0.01,1.8726706000015838,success,,,True,True,383253603.61227894,383253603.61227894,56.8013360166055,56.8013360166055,0.568013360166055,
13,20260829,long_emerging_break,constant,long,emerging,True,none,regularized_poisson,ceded,246268453.35277498,337192029.1110455,583460482.4638203,918752021.4314389,0.1,1.4767618000005314,success,,,True,True,581559992.3203934,581559992.3203934,172.47145309264465,172.47145309264465,1.7247145309264464,
13,20260829,long_emerging_break,constant,long,emerging,True,none,regularized_tweedie,gross,1488176245.789681,674726389.3585835,2162902635.1482644,986917503.0058498,0.0001,7.173125699999218,success,,,True,True,312191113.6472664,312191113.6472664,46.26929057036664,46.26929057036664,0.46269290570366645,1.9
13,20260829,long_emerging_break,constant,long,emerging,True,none,regularized_tweedie,ceded,246268453.35277498,337192029.1110455,583460482.4638203,617345055.5460045,1.0,6.861727300001803,success,,,True,True,280153026.43495905,280153026.43495905,83.08411891394321,83.08411891394321,0.8308411891394322,1.1
13,20260829,long_shock_break,constant,long,shock,True,none,regularized_poisson,gross,1517758096.7024777,758960478.8341562,2276718575.5366335,1271839203.3604217,0.01,1.8627806000004057,success,,,True,True,512878724.5262655,512878724.5262655,67.57647319318941,67.57647319318941,0.6757647319318941,
13,20260829,long_shock_break,constant,long,shock,True,none,regularized_poisson,ceded,258249010.85145894,413741968.298162,671990979.1496208,1000203823.0940665,0.1,1.534328399997321,success,,,True,True,586461854.7959045,586461854.7959045,141.74579804127399,141.74579804127399,1.4174579804127398,
13,20260829,long_shock_break,constant,long,shock,True,none,regularized_tweedie,gross,1517758096.7024777,758960478.8341562,2276718575.5366335,1208503264.8557596,0.0001,7.105878499998653,success,,,True,True,449542786.02160347,449542786.02160347,59.23138273446713,59.23138273446713,0.5923138273446713,1.7
13,20260829,long_shock_break,constant,long,shock,True,none,regularized_tweedie,ceded,258249010.85145894,413741968.298162,671990979.1496208,709017417.2863194,1.0,6.927649200002634,success,,,True,True,295275448.9881574,295275448.9881574,71.36705280412066,71.36705280412066,0.7136705280412066,1.1
14,20260830,short_stable_no_break,constant,short,stable,False,none,regularized_poisson,gross,1539365772.9965062,114866079.21356876,1654231852.2100744,111945413.53374666,0.001,1.3613992999999027,success,,,True,True,-2920665.679822102,2920665.679822102,-2.5426702990286216,2.5426702990286216,-0.025426702990286217,
14,20260830,short_stable_no_break,constant,short,stable,False,none,regularized_poisson,ceded,277889383.31743217,55065670.70444464,332955054.0218768,58080299.880671784,0.001,1.188131799997791,success,,,True,True,3014629.176227145,3014629.176227145,5.474607205653846,5.474607205653846,0.054746072056538454,
14,20260830,short_stable_no_break,constant,short,stable,False,none,regularized_tweedie,gross,1539365772.9965062,114866079.21356876,1654231852.2100744,113906120.87727226,0.1,5.556845099999919,success,,,True,True,-959958.3362964988,959958.3362964988,-0.8357195987439101,0.8357195987439101,-0.0083571959874391,1.9
14,20260830,short_stable_no_break,constant,short,stable,False,none,regularized_tweedie,ceded,277889383.31743217,55065670.70444464,332955054.0218768,58258764.90124359,0.001,5.190979999999399,success,,,True,True,3193094.1967989504,3193094.1967989504,5.798702087798631,5.798702087798631,0.05798702087798631,1.1
14,20260830,short_emerging_no_break,constant,short,emerging,False,none,regularized_poisson,gross,1563705506.8826013,127655754.61127774,1691361261.4938788,103688271.05918676,0.0001,1.4250767000012274,success,,,True,True,-23967483.552090988,23967483.552090988,-18.77509057470534,18.77509057470534,-0.18775090574705341,
14,20260830,short_emerging_no_break,constant,short,emerging,False,none,regularized_poisson,ceded,289739034.7339919,69250427.68212922,358989462.4161212,55209753.81264805,0.01,1.2522614000008616,success,,,True,True,-14040673.869481169,14040673.869481169,-20.275216109754812,20.275216109754812,-0.20275216109754812,
14,20260830,short_emerging_no_break,constant,short,emerging,False,none,regularized_tweedie,gross,1563705506.8826013,127655754.61127774,1691361261.4938788,102657437.59536509,0.0001,5.842009999996662,success,,,True,True,-24998317.015912652,24998317.015912652,-19.582600950528693,19.582600950528693,-0.19582600950528695,1.3
14,20260830,short_emerging_no_break,constant,short,emerging,False,none,regularized_tweedie,ceded,289739034.7339919,69250427.68212922,358989462.4161212,54558744.6994283,0.01,5.406066399998963,success,,,True,True,-14691682.982700922,14691682.982700922,-21.215295665953356,21.215295665953356,-0.21215295665953354,1.1
14,20260830,short_shock_no_break,constant,short,shock,False,none,regularized_poisson,gross,1585207015.102358,143151909.0512076,1728358924.153566,125797792.87286562,0.0001,1.4601392000004125,success,,,True,True,-17354116.178341985,17354116.178341985,-12.122867444355322,12.122867444355322,-0.12122867444355322,
14,20260830,short_shock_no_break,constant,short,shock,False,none,regularized_poisson,ceded,299701395.8390414,89142238.07303554,388843633.91207695,69669457.74537824,0.01,1.2372236000010162,success,,,True,True,-19472780.327657297,19472780.327657297,-21.844616815322677,21.844616815322677,-0.2184461681532268,
14,20260830,short_shock_no_break,constant,short,shock,False,none,regularized_tweedie,gross,1585207015.102358,143151909.0512076,1728358924.153566,123698598.23720315,0.0001,5.809706500000175,success,,,True,True,-19453310.81400445,19453310.81400445,-13.589277951609926,13.589277951609926,-0.13589277951609927,1.3
14,20260830,short_shock_no_break,constant,short,shock,False,none,regularized_tweedie,ceded,299701395.8390414,89142238.07303554,388843633.91207695,68189427.30144535,0.01,5.376153599998361,success,,,True,True,-20952810.77159019,20952810.77159019,-23.504918907716053,23.504918907716053,-0.23504918907716052,1.1
14,20260830,long_stable_no_break,constant,long,stable,False,none,regularized_poisson,gross,1213748351.5780506,714550779.4004691,1928299130.9785197,774914721.1334888,0.0001,1.595680500002345,success,,,True,True,60363941.73301971,60363941.73301971,8.447816932432287,8.447816932432287,0.08447816932432288,
14,20260830,long_stable_no_break,constant,long,stable,False,none,regularized_poisson,ceded,180622667.17708865,310778910.8105192,491401577.98760784,392890385.85190773,0.01,1.3433062000003702,success,,,True,True,82111475.04138851,82111475.04138851,26.421186311271804,26.421186311271804,0.26421186311271805,
14,20260830,long_stable_no_break,constant,long,stable,False,none,regularized_tweedie,gross,1213748351.5780506,714550779.4004691,1928299130.9785197,799604887.4683188,0.0001,6.32641429999785,success,,,True,True,85054108.06784976,85054108.06784976,11.903157972791362,11.903157972791362,0.11903157972791363,1.9
14,20260830,long_stable_no_break,constant,long,stable,False,none,regularized_tweedie,ceded,180622667.17708865,310778910.8105192,491401577.98760784,398100105.53916806,0.1,6.122018799997022,success,,,True,True,87321194.72864884,87321194.72864884,28.09752904433347,28.09752904433347,0.2809752904433347,1.1
14,20260830,long_emerging_no_break,constant,long,emerging,False,none,regularized_poisson,gross,1239981457.0006087,831336589.2148616,2071318046.2154703,730886265.2306738,0.0001,1.8098620000018855,success,,,True,True,-100450323.98418784,100450323.98418784,-12.082990847191756,12.082990847191756,-0.12082990847191755,
14,20260830,long_emerging_no_break,constant,long,emerging,False,none,regularized_poisson,ceded,190492980.456642,413449654.86983955,603942635.3264816,585783094.2557824,0.01,1.4485926999986987,success,,,True,True,172333439.38594282,172333439.38594282,41.68184381244582,41.68184381244582,0.4168184381244582,
14,20260830,long_emerging_no_break,constant,long,emerging,False,none,regularized_tweedie,gross,1239981457.0006087,831336589.2148616,2071318046.2154703,718087999.9232062,0.001,6.801517600000807,success,,,True,True,-113248589.29165542,113248589.29165542,-13.622471422629271,13.622471422629271,-0.1362247142262927,1.9
14,20260830,long_emerging_no_break,constant,long,emerging,False,none,regularized_tweedie,ceded,190492980.456642,413449654.86983955,603942635.3264816,568630639.4065448,0.01,6.6082597999993595,success,,,True,True,155180984.53670526,155180984.53670526,37.53322386629121,37.53322386629121,0.3753322386629121,1.1
14,20260830,long_shock_no_break,constant,long,shock,False,none,regularized_poisson,gross,1262058775.7210307,935875536.3826001,2197934312.1036305,883806400.1706384,0.0001,1.7979057999982615,success,,,True,True,-52069136.21196163,52069136.21196163,-5.56368172772442,5.56368172772442,-0.0556368172772442,
14,20260830,long_shock_no_break,constant,long,shock,False,none,regularized_poisson,ceded,198801316.46989253,504572074.8683126,703373391.3382051,670587001.1886437,0.01,1.4680837000014435,success,,,True,True,166014926.3203311,166014926.3203311,32.90212332175915,32.90212332175915,0.32902123321759147,
14,20260830,long_shock_no_break,constant,long,shock,False,none,regularized_tweedie,gross,1262058775.7210307,935875536.3826001,2197934312.1036305,942408156.4684948,0.0001,6.765290899998945,success,,,True,True,6532620.085894704,6532620.085894704,0.6980223151408533,0.6980223151408533,0.006980223151408533,1.5
14,20260830,long_shock_no_break,constant,long,shock,False,none,regularized_tweedie,ceded,198801316.46989253,504572074.8683126,703373391.3382051,658163509.497098,0.01,6.60838750000039,success,,,True,True,153591434.62878537,153591434.62878537,30.439939560442568,30.439939560442568,0.3043993956044257,1.1
14,20260830,long_stable_break,constant,long,stable,True,none,regularized_poisson,gross,1320833523.4365091,558426568.3072968,1879260091.7438064,835275554.3809085,0.0001,1.6951762000026065,success,,,True,True,276848986.07361174,276848986.07361174,49.576614327788285,49.576614327788285,0.4957661432778829,
14,20260830,long_stable_break,constant,long,stable,True,none,regularized_poisson,ceded,217493622.2646629,236606391.00806683,454100013.2727298,634025108.9009384,0.01,1.4552803000005952,success,,,True,True,397418717.89287156,397418717.89287156,167.9661805413033,167.9661805413033,1.679661805413033,
14,20260830,long_stable_break,constant,long,stable,True,none,regularized_tweedie,gross,1320833523.4365091,558426568.3072968,1879260091.7438064,843269843.3933876,0.0001,6.64336639999965,success,,,True,True,284843275.0860908,284843275.0860908,51.00818822956581,51.00818822956581,0.5100818822956581,1.1
14,20260830,long_stable_break,constant,long,stable,True,none,regularized_tweedie,ceded,217493622.2646629,236606391.00806683,454100013.2727298,621241849.1398813,0.01,6.374256899998727,success,,,True,True,384635458.1318144,384635458.1318144,162.56342717247256,162.56342717247256,1.6256342717247256,1.1
14,20260830,long_emerging_break,constant,long,emerging,True,none,regularized_poisson,gross,1351042197.1330185,637567991.0950687,1988610188.228087,830083093.58676,0.01,1.8101445000029344,success,,,True,True,192515102.49169135,192515102.49169135,30.195227047241325,30.195227047241325,0.30195227047241324,
14,20260830,long_emerging_break,constant,long,emerging,True,none,regularized_poisson,ceded,229928960.64665794,307592092.7292216,537521053.3758795,894205269.3619455,0.01,1.6144764000018768,success,,,True,True,586613176.6327239,586613176.6327239,190.7113968463192,190.7113968463192,1.907113968463192,
14,20260830,long_emerging_break,constant,long,emerging,True,none,regularized_tweedie,gross,1351042197.1330185,637567991.0950687,1988610188.228087,864983341.3047472,0.001,7.272272199999861,success,,,True,True,227415350.20967853,227415350.20967853,35.66919189576572,35.66919189576572,0.3566919189576572,1.9
14,20260830,long_emerging_break,constant,long,emerging,True,none,regularized_tweedie,ceded,229928960.64665794,307592092.7292216,537521053.3758795,884820407.8401189,0.01,7.058095800002775,success,,,True,True,577228315.1108973,577228315.1108973,187.66032312119316,187.66032312119316,1.8766032312119316,1.1
14,20260830,long_shock_break,constant,long,shock,True,none,regularized_poisson,gross,1376434027.7032547,717178006.5086138,2093612034.2118683,1003092091.682373,0.001,1.8402855999993335,success,,,True,True,285914085.1737592,285914085.1737592,39.86654395129241,39.86654395129241,0.39866543951292405,
14,20260830,long_shock_break,constant,long,shock,True,none,regularized_poisson,ceded,240694006.46506673,379043855.0887311,619737861.5537978,975292740.1868225,0.01,1.5734037999973225,success,,,True,True,596248885.0980914,596248885.0980914,157.30340357542912,157.30340357542912,1.5730340357542911,
14,20260830,long_shock_break,constant,long,shock,True,none,regularized_tweedie,gross,1376434027.7032547,717178006.5086138,2093612034.2118683,1132945909.6733873,0.0001,7.164565400002175,success,,,True,True,415767903.16477346,415767903.16477346,57.97276260447898,57.97276260447898,0.5797276260447898,1.9
14,20260830,long_shock_break,constant,long,shock,True,none,regularized_tweedie,ceded,240694006.46506673,379043855.0887311,619737861.5537978,931751056.9729644,0.1,6.939607700001943,success,,,True,True,552707201.8842332,552707201.8842332,145.81616202559172,145.81616202559172,1.4581616202559171,1.1
15,20260831,short_stable_no_break,constant,short,stable,False,none,regularized_poisson,gross,1683593750.827911,127696575.13080329,1811290325.9587145,128681083.5734939,0.001,1.359066699998948,success,,,True,True,984508.4426906109,984508.4426906109,0.7709748219027414,0.7709748219027414,0.007709748219027413,
15,20260831,short_stable_no_break,constant,short,stable,False,none,regularized_poisson,ceded,351724586.4429856,50351765.20084126,402076351.6438269,56787225.69071698,0.001,1.1845442999983788,success,,,True,True,6435460.489875719,6435460.489875719,12.781002739836808,12.781002739836808,0.12781002739836808,
15,20260831,short_stable_no_break,constant,short,stable,False,none,regularized_tweedie,gross,1683593750.827911,127696575.13080329,1811290325.9587145,122208189.32386868,0.01,5.56615629999942,success,,,True,True,-5488385.80693461,5488385.80693461,-4.297989825735496,4.297989825735496,-0.042979898257354966,1.9
15,20260831,short_stable_no_break,constant,short,stable,False,none,regularized_tweedie,ceded,351724586.4429856,50351765.20084126,402076351.6438269,57828450.90236221,0.01,5.227814800000488,success,,,True,True,7476685.70152095,7476685.70152095,14.848904843153408,14.848904843153408,0.14848904843153407,1.1
15,20260831,short_emerging_no_break,constant,short,emerging,False,none,regularized_poisson,gross,1711832083.5669985,141931759.932108,1853763843.4991066,127038296.46149796,0.0001,1.4912413999991259,success,,,True,True,-14893463.470610052,14893463.470610052,-10.493397304263844,10.493397304263844,-0.10493397304263843,
15,20260831,short_emerging_no_break,constant,short,emerging,False,none,regularized_poisson,ceded,366018258.5919321,64784910.56973085,430803169.16166294,61696945.84184775,0.0001,1.241508099999919,success,,,True,True,-3087964.7278831005,3087964.7278831005,-4.766487598311012,4.766487598311012,-0.04766487598311012,
15,20260831,short_emerging_no_break,constant,short,emerging,False,none,regularized_tweedie,gross,1711832083.5669985,141931759.932108,1853763843.4991066,129842868.49775508,0.0001,5.7654853999993065,success,,,True,True,-12088891.434352934,12088891.434352934,-8.517396980165373,8.517396980165373,-0.08517396980165373,1.9
15,20260831,short_emerging_no_break,constant,short,emerging,False,none,regularized_tweedie,ceded,366018258.5919321,64784910.56973085,430803169.16166294,61294189.32346515,0.0001,5.388162800001737,success,,,True,True,-3490721.2462656945,3490721.2462656945,-5.388170201313279,5.388170201313279,-0.05388170201313279,1.1
15,20260831,short_shock_no_break,constant,short,shock,False,none,regularized_poisson,gross,1736869674.954896,159169676.1087862,1896039351.0636823,151504156.76461074,0.0001,1.4458192999991297,success,,,True,True,-7665519.344175458,7665519.344175458,-4.815942038442284,4.815942038442284,-0.048159420384422835,
15,20260831,short_shock_no_break,constant,short,shock,False,none,regularized_poisson,ceded,377575077.440326,85237534.42865795,462812611.868984,80669354.84023899,0.0001,1.305445599999075,success,,,True,True,-4568179.588418961,4568179.588418961,-5.35935209651381,5.35935209651381,-0.0535935209651381,
15,20260831,short_shock_no_break,constant,short,shock,False,none,regularized_tweedie,gross,1736869674.954896,159169676.1087862,1896039351.0636823,142498420.76732498,0.0001,5.783211900001334,success,,,True,True,-16671255.341461211,16671255.341461211,-10.473889090574682,10.473889090574682,-0.10473889090574681,1.9
15,20260831,short_shock_no_break,constant,short,shock,False,none,regularized_tweedie,ceded,377575077.440326,85237534.42865795,462812611.868984,79963192.70927352,0.0001,5.411193500000081,success,,,True,True,-5274341.719384432,5274341.719384432,-6.1878159131866335,6.1878159131866335,-0.06187815913186633,1.1
15,20260831,long_stable_no_break,constant,long,stable,False,none,regularized_poisson,gross,1311151575.878732,801427600.4875928,2112579176.366325,894301781.492066,0.0001,1.5413365000022168,success,,,True,True,92874181.00447321,92874181.00447321,11.588592774689573,11.588592774689573,0.11588592774689574,
15,20260831,long_stable_no_break,constant,long,stable,False,none,regularized_poisson,ceded,244870895.71628976,330696194.215333,575567089.9316227,409350015.6466082,0.1,1.4161346000000776,success,,,True,True,78653821.43127519,78653821.43127519,23.78431406442486,23.78431406442486,0.23784314064424858,
15,20260831,long_stable_no_break,constant,long,stable,False,none,regularized_tweedie,gross,1311151575.878732,801427600.4875928,2112579176.366325,908452534.802294,0.01,6.269107799998892,success,,,True,True,107024934.3147012,107024934.3147012,13.354286057728315,13.354286057728315,0.13354286057728315,1.9
15,20260831,long_stable_no_break,constant,long,stable,False,none,regularized_tweedie,ceded,244870895.71628976,330696194.215333,575567089.9316227,412146676.36045086,0.1,6.273267099997611,success,,,True,True,81450482.14511788,81450482.14511788,24.63000287571539,24.63000287571539,0.24630002875715393,1.1
15,20260831,long_emerging_no_break,constant,long,emerging,False,none,regularized_poisson,gross,1340089763.712333,933739326.0117816,2273829089.724114,834729169.8106508,0.0001,1.6819899000001897,success,,,True,True,-99010156.20113075,99010156.20113075,-10.603618530669177,10.603618530669177,-0.10603618530669177,
15,20260831,long_emerging_no_break,constant,long,emerging,False,none,regularized_poisson,ceded,254957474.65789375,442539573.47243255,697497048.1303263,539898281.9872748,0.1,1.4655234000019846,success,,,True,True,97358708.51484221,97358708.51484221,22.00000053123092,22.00000053123092,0.2200000053123092,
15,20260831,long_emerging_no_break,constant,long,emerging,False,none,regularized_tweedie,gross,1340089763.712333,933739326.0117816,2273829089.724114,833126465.2528007,0.01,6.652264000000287,success,,,True,True,-100612860.75898087,100612860.75898087,-10.775262212497985,10.775262212497985,-0.10775262212497985,1.9
15,20260831,long_emerging_no_break,constant,long,emerging,False,none,regularized_tweedie,ceded,254957474.65789375,442539573.47243255,697497048.1303263,545217391.8865519,0.1,6.667084099997737,success,,,True,True,102677818.4141193,102677818.4141193,23.201951773136848,23.201951773136848,0.23201951773136847,1.1
15,20260831,long_shock_no_break,constant,long,shock,False,none,regularized_poisson,gross,1364645227.8035493,1051167030.903139,2415812258.7066884,1025016772.6067455,0.0001,1.7065903000002436,success,,,True,True,-26150258.296393514,26150258.296393514,-2.4877357762948296,2.4877357762948296,-0.024877357762948294,
15,20260831,long_shock_no_break,constant,long,shock,False,none,regularized_poisson,ceded,263017927.3539383,541572070.8683144,804589998.2222526,602962955.3528042,0.1,1.5126490000002377,success,,,True,True,61390884.4844898,61390884.4844898,11.335681396210195,11.335681396210195,0.11335681396210194,
15,20260831,long_shock_no_break,constant,long,shock,False,none,regularized_tweedie,gross,1364645227.8035493,1051167030.903139,2415812258.7066884,1048866185.5198345,0.0001,6.683843099999649,success,,,True,True,-2300845.3833044767,2300845.3833044767,-0.21888485042454597,0.21888485042454597,-0.00218884850424546,1.3
15,20260831,long_shock_no_break,constant,long,shock,False,none,regularized_tweedie,ceded,263017927.3539383,541572070.8683144,804589998.2222526,607256302.9666151,0.1,6.626071200000297,success,,,True,True,65684232.098300695,65684232.098300695,12.128437862939965,12.128437862939965,0.12128437862939964,1.1
15,20260831,long_stable_break,constant,long,stable,True,none,regularized_poisson,gross,1427935642.8444822,630346883.8524225,2058282526.6969047,1016397463.7674562,0.0001,1.649539800000639,success,,,True,True,386050579.9150337,386050579.9150337,61.24414823083607,61.24414823083607,0.6124414823083607,
15,20260831,long_stable_break,constant,long,stable,True,none,regularized_poisson,ceded,286506153.9117973,248017242.12603492,534523396.03783226,590063570.4553034,0.1,1.4505204999986745,success,,,True,True,342046328.3292685,342046328.3292685,137.91231827158649,137.91231827158649,1.3791231827158648,
15,20260831,long_stable_break,constant,long,stable,True,none,regularized_tweedie,gross,1427935642.8444822,630346883.8524225,2058282526.6969047,1035407969.4282968,0.01,6.576658499998302,success,,,True,True,405061085.5758743,405061085.5758743,64.26002824037243,64.26002824037243,0.6426002824037244,1.1
15,20260831,long_stable_break,constant,long,stable,True,none,regularized_tweedie,ceded,286506153.9117973,248017242.12603492,534523396.03783226,586345992.3481607,0.1,6.484063600000809,success,,,True,True,338328750.2221258,338328750.2221258,136.41339905319862,136.41339905319862,1.3641339905319863,1.1
15,20260831,long_emerging_break,constant,long,emerging,True,none,regularized_poisson,gross,1461340867.6372125,720691751.0748918,2182032618.712105,963127394.2056854,0.0001,1.8886464000024716,success,,,True,True,242435643.13079357,242435643.13079357,33.63929762886942,33.63929762886942,0.3363929762886942,
15,20260831,long_emerging_break,constant,long,emerging,True,none,regularized_poisson,ceded,300425226.7545602,323906786.8950167,624332013.6495768,777339119.813395,0.1,1.61130459999913,success,,,True,True,453432332.91837835,453432332.91837835,139.9885248669837,139.9885248669837,1.3998852486698372,
15,20260831,long_emerging_break,constant,long,emerging,True,none,regularized_tweedie,gross,1461340867.6372125,720691751.0748918,2182032618.712105,968724714.2044793,0.0001,7.078846599997632,success,,,True,True,248032963.12958753,248032963.12958753,34.4159569968233,34.4159569968233,0.34415956996823294,1.1
15,20260831,long_emerging_break,constant,long,emerging,True,none,regularized_tweedie,ceded,300425226.7545602,323906786.8950167,624332013.6495768,770749451.8384943,0.1,6.9927411999997275,success,,,True,True,446842664.94347763,446842664.94347763,137.95409143072587,137.95409143072587,1.3795409143072586,1.1
15,20260831,long_shock_break,constant,long,shock,True,none,regularized_poisson,gross,1489747370.4548416,810702410.0336542,2300449780.488496,1211594679.5286083,0.0001,1.8149322999997821,success,,,True,True,400892269.4949541,400892269.4949541,49.44999108591673,49.44999108591673,0.4944999108591673,
15,20260831,long_shock_break,constant,long,shock,True,none,regularized_poisson,ceded,311618999.89984685,401332616.19657946,712951616.0964264,854363563.9193555,0.1,1.5799860999977682,success,,,True,True,453030947.72277606,453030947.72277606,112.8816670860546,112.8816670860546,1.128816670860546,
15,20260831,long_shock_break,constant,long,shock,True,none,regularized_tweedie,gross,1489747370.4548416,810702410.0336542,2300449780.488496,1230712575.6051884,0.0001,7.042310900000302,success,,,True,True,420010165.57153416,420010165.57153416,51.808180211786784,51.808180211786784,0.5180818021178678,1.3
15,20260831,long_shock_break,constant,long,shock,True,none,regularized_tweedie,ceded,311618999.89984685,401332616.19657946,712951616.0964264,846305248.1866395,0.1,6.896916099998634,success,,,True,True,444972631.9900601,444972631.9900601,110.87377751827303,110.87377751827303,1.1087377751827303,1.1
16,20260832,short_stable_no_break,constant,short,stable,False,none,regularized_poisson,gross,1687236195.0187352,123002524.48652634,1810238719.5052614,108475986.64498746,0.001,1.3397584000013012,success,,,True,True,-14526537.841538876,14526537.841538876,-11.809950976355863,11.809950976355863,-0.11809950976355862,
16,20260832,short_stable_no_break,constant,short,stable,False,none,regularized_poisson,ceded,308621461.89055383,56998013.749120295,365619475.639674,45524568.937798716,0.001,1.2031628000004275,success,,,True,True,-11473444.811321579,11473444.811321579,-20.129551990745746,20.129551990745746,-0.20129551990745748,
16,20260832,short_stable_no_break,constant,short,stable,False,none,regularized_tweedie,gross,1687236195.0187352,123002524.48652634,1810238719.5052614,106664127.92938179,0.1,5.57162690000041,success,,,True,True,-16338396.557144552,16338396.557144552,-13.282976609910357,13.282976609910357,-0.13282976609910357,1.9
16,20260832,short_stable_no_break,constant,short,stable,False,none,regularized_tweedie,ceded,308621461.89055383,56998013.749120295,365619475.639674,42859510.17215653,0.1,5.278629599997657,success,,,True,True,-14138503.576963767,14138503.576963767,-24.805256616827247,24.805256616827247,-0.24805256616827248,1.9
16,20260832,short_emerging_no_break,constant,short,emerging,False,none,regularized_poisson,gross,1712604401.846468,136717365.79140747,1849321767.6378756,102517488.86540115,0.0001,1.435724900002242,success,,,True,True,-34199876.92600632,34199876.92600632,-25.015020387523982,25.015020387523982,-0.25015020387523984,
16,20260832,short_emerging_no_break,constant,short,emerging,False,none,regularized_poisson,ceded,321074012.4576857,71969747.70479466,393043760.16248035,56721315.34462192,0.001,1.258426700002019,success,,,True,True,-15248432.360172741,15248432.360172741,-21.187280553933196,21.187280553933196,-0.21187280553933197,
16,20260832,short_emerging_no_break,constant,short,emerging,False,none,regularized_tweedie,gross,1712604401.846468,136717365.79140747,1849321767.6378756,97088210.4343853,0.0001,5.843242399998417,success,,,True,True,-39629155.357022166,39629155.357022166,-28.98618996030482,28.98618996030482,-0.2898618996030482,1.7
16,20260832,short_emerging_no_break,constant,short,emerging,False,none,regularized_tweedie,ceded,321074012.4576857,71969747.70479466,393043760.16248035,49029285.71018188,0.01,5.464725900001213,success,,,True,True,-22940461.994612783,22940461.994612783,-31.87514577473568,31.87514577473568,-0.3187514577473568,1.1
16,20260832,short_shock_no_break,constant,short,shock,False,none,regularized_poisson,gross,1735235634.4717076,153320309.3764697,1888555943.848177,125672525.05388659,0.0001,1.4211888000027102,success,,,True,True,-27647784.32258311,27647784.32258311,-18.032695365031827,18.032695365031827,-0.18032695365031826,
16,20260832,short_shock_no_break,constant,short,shock,False,none,regularized_poisson,ceded,332997724.19822955,88988006.79260848,421985730.99083805,78574589.26082131,0.001,1.2394534000013664,success,,,True,True,-10413417.531787172,10413417.531787172,-11.702046047683956,11.702046047683956,-0.11702046047683956,
16,20260832,short_shock_no_break,constant,short,shock,False,none,regularized_tweedie,gross,1735235634.4717076,153320309.3764697,1888555943.848177,107574658.6166761,0.0001,5.743715799999336,success,,,True,True,-45745650.759793594,45745650.759793594,-29.83665435181691,29.83665435181691,-0.2983665435181691,1.9
16,20260832,short_shock_no_break,constant,short,shock,False,none,regularized_tweedie,ceded,332997724.19822955,88988006.79260848,421985730.99083805,77224822.63817126,0.001,5.478787000000011,success,,,True,True,-11763184.154437229,11763184.154437229,-13.218842154597288,13.218842154597288,-0.13218842154597288,1.1
16,20260832,long_stable_no_break,constant,long,stable,False,none,regularized_poisson,gross,1352264400.9846022,757710732.8203168,2109975133.8049192,785996320.3238165,0.0001,1.5549203000009584,success,,,True,True,28285587.503499746,28285587.503499746,3.733032446065058,3.733032446065058,0.03733032446065058,
16,20260832,long_stable_no_break,constant,long,stable,False,none,regularized_poisson,ceded,228433801.93953872,308015453.66492426,536449255.604463,346850796.968992,0.01,1.3297891000001982,success,,,True,True,38835343.30406773,38835343.30406773,12.608245087051673,12.608245087051673,0.12608245087051673,
16,20260832,long_stable_no_break,constant,long,stable,False,none,regularized_tweedie,gross,1352264400.9846022,757710732.8203168,2109975133.8049192,796002480.0110323,0.001,6.33524910000051,success,,,True,True,38291747.19071555,38291747.19071555,5.053610240967253,5.053610240967253,0.05053610240967253,1.9
16,20260832,long_stable_no_break,constant,long,stable,False,none,regularized_tweedie,ceded,228433801.93953872,308015453.66492426,536449255.604463,368541301.2991545,0.1,6.172194800001307,success,,,True,True,60525847.634230256,60525847.634230256,19.650263294929847,19.650263294929847,0.19650263294929846,1.1
16,20260832,long_emerging_no_break,constant,long,emerging,False,none,regularized_poisson,gross,1380367170.5201597,881699615.693645,2262066786.2138057,740783147.84693,0.01,1.7268764000000374,success,,,True,True,-140916467.84671497,140916467.84671497,-15.982366935234976,15.982366935234976,-0.15982366935234976,
16,20260832,long_emerging_no_break,constant,long,emerging,False,none,regularized_poisson,ceded,237102319.33635494,410639150.634794,647741469.971149,426322555.3794012,0.01,1.4738404000017908,success,,,True,True,15683404.74460721,15683404.74460721,3.819266799174588,3.819266799174588,0.03819266799174588,
16,20260832,long_emerging_no_break,constant,long,emerging,False,none,regularized_tweedie,gross,1380367170.5201597,881699615.693645,2262066786.2138057,742047435.1296575,0.001,6.894284400001197,success,,,True,True,-139652180.5639875,139652180.5639875,-15.838974870610695,15.838974870610695,-0.15838974870610695,1.9
16,20260832,long_emerging_no_break,constant,long,emerging,False,none,regularized_tweedie,ceded,237102319.33635494,410639150.634794,647741469.971149,474387556.20729053,0.1,6.638062300000456,success,,,True,True,63748405.57249653,63748405.57249653,15.52419087998548,15.52419087998548,0.1552419087998548,1.1
16,20260832,long_shock_no_break,constant,long,shock,False,none,regularized_poisson,gross,1403695593.2468648,992519822.6008084,2396215415.8476734,874227338.833651,0.01,1.6789858000011009,success,,,True,True,-118292483.76715744,118292483.76715744,-11.918400123957493,11.918400123957493,-0.11918400123957493,
16,20260832,long_shock_no_break,constant,long,shock,False,none,regularized_poisson,ceded,244038281.67086256,500742547.0395919,744780828.7104545,461953657.9940121,0.01,1.4835817000021052,success,,,True,True,-38788889.04557979,38788889.04557979,-7.746273863665293,7.746273863665293,-0.07746273863665293,
16,20260832,long_shock_no_break,constant,long,shock,False,none,regularized_tweedie,gross,1403695593.2468648,992519822.6008084,2396215415.8476734,910612846.161034,0.001,6.8578326999995625,success,,,True,True,-81906976.4397744,81906976.4397744,-8.252427263885226,8.252427263885226,-0.08252427263885226,1.9
16,20260832,long_shock_no_break,constant,long,shock,False,none,regularized_tweedie,ceded,244038281.67086256,500742547.0395919,744780828.7104545,507249315.75288314,0.1,6.609378900000593,success,,,True,True,6506768.713291228,6506768.713291228,1.2994239758054276,1.2994239758054276,0.012994239758054275,1.1
16,20260832,long_stable_break,constant,long,stable,True,none,regularized_poisson,gross,1468310723.0786102,588755800.4030962,2057066523.4817061,911262462.804852,0.0001,1.6640533999998297,success,,,True,True,322506662.4017558,322506662.4017558,54.77766200875629,54.77766200875629,0.5477766200875629,
16,20260832,long_stable_break,constant,long,stable,True,none,regularized_poisson,ceded,255486537.99741465,246078084.06827366,501564622.0656883,405770889.05245423,0.01,1.435920799998712,success,,,True,True,159692804.98418057,159692804.98418057,64.89517568735388,64.89517568735388,0.6489517568735388,
16,20260832,long_stable_break,constant,long,stable,True,none,regularized_tweedie,gross,1468310723.0786102,588755800.4030962,2057066523.4817061,942115832.6522889,0.01,6.587226600000577,success,,,True,True,353360032.2491927,353360032.2491927,60.01809782719118,60.01809782719118,0.6001809782719117,1.9
16,20260832,long_stable_break,constant,long,stable,True,none,regularized_tweedie,ceded,255486537.99741465,246078084.06827366,501564622.0656883,405372082.4474018,0.1,6.523649799997656,success,,,True,True,159293998.37912816,159293998.37912816,64.73311062310306,64.73311062310306,0.6473311062310306,1.1
16,20260832,long_emerging_break,constant,long,emerging,True,none,regularized_poisson,gross,1500585275.2087324,672302290.0199585,2172887565.2286906,892893212.3749309,0.01,1.8859061999974074,success,,,True,True,220590922.35497236,220590922.35497236,32.81127041058029,32.81127041058029,0.32811270410580295,
16,20260832,long_emerging_break,constant,long,emerging,True,none,regularized_poisson,ceded,267085072.70985538,318161411.8648353,585246484.5746908,498578131.99592274,0.01,1.5365190999982588,success,,,True,True,180416720.13108742,180416720.13108742,56.70603454819152,56.70603454819152,0.5670603454819152,
16,20260832,long_emerging_break,constant,long,emerging,True,none,regularized_tweedie,gross,1500585275.2087324,672302290.0199585,2172887565.2286906,924448277.2669187,0.001,7.277000500002032,success,,,True,True,252145987.24696016,252145987.24696016,37.504853246814726,37.504853246814726,0.3750485324681473,1.9
16,20260832,long_emerging_break,constant,long,emerging,True,none,regularized_tweedie,ceded,267085072.70985538,318161411.8648353,585246484.5746908,506076652.62393564,0.1,6.976300000002084,success,,,True,True,187915240.75910032,187915240.75910032,59.06286361305577,59.06286361305577,0.5906286361305577,1.1
16,20260832,long_shock_break,constant,long,shock,True,none,regularized_poisson,gross,1527362099.0880826,756180251.1935749,2283542350.2816577,1066432326.7026883,0.01,1.8627307000024302,success,,,True,True,310252075.50911343,310252075.50911343,41.02885191981718,41.02885191981718,0.4102885191981718,
16,20260832,long_shock_break,constant,long,shock,True,none,regularized_poisson,ceded,276588953.1274733,390841016.9025936,667429970.0300668,581756338.6409013,0.01,1.5091829000011785,success,,,True,True,190915321.7383077,190915321.7383077,48.847309643012245,48.847309643012245,0.48847309643012243,
16,20260832,long_shock_break,constant,long,shock,True,none,regularized_tweedie,gross,1527362099.0880826,756180251.1935749,2283542350.2816577,1130871715.4898982,0.001,7.188884600000165,success,,,True,True,374691464.2963233,374691464.2963233,49.5505487884536,49.5505487884536,0.49550548788453597,1.9
16,20260832,long_shock_break,constant,long,shock,True,none,regularized_tweedie,ceded,276588953.1274733,390841016.9025936,667429970.0300668,570096500.5241133,0.1,7.051257300001453,success,,,True,True,179255483.62151968,179255483.62151968,45.86404084251838,45.86404084251838,0.4586404084251838,1.1
17,20260833,short_stable_no_break,constant,short,stable,False,none,regularized_poisson,gross,1497839398.6947765,127354373.57373068,1625193772.2685075,113405901.10870549,0.0001,1.355033200001344,success,,,True,True,-13948472.465025187,13948472.465025187,-10.952487985777609,10.952487985777609,-0.10952487985777609,
17,20260833,short_stable_no_break,constant,short,stable,False,none,regularized_poisson,ceded,229849410.98236105,59361349.67702557,289210760.65938663,62725885.74407472,0.0001,1.161308499998995,success,,,True,True,3364536.0670491457,3364536.0670491457,5.66789010922929,5.66789010922929,0.056678901092292906,
17,20260833,short_stable_no_break,constant,short,stable,False,none,regularized_tweedie,gross,1497839398.6947765,127354373.57373068,1625193772.2685075,113051928.8552902,0.0001,5.550624900002731,success,,,True,True,-14302444.718440473,14302444.718440473,-11.230430739907177,11.230430739907177,-0.11230430739907178,1.1
17,20260833,short_stable_no_break,constant,short,stable,False,none,regularized_tweedie,ceded,229849410.98236105,59361349.67702557,289210760.65938663,74179457.95526065,0.1,5.08207979999861,success,,,True,True,14818108.278235078,14818108.278235078,24.9625528375917,24.9625528375917,0.249625528375917,1.1
17,20260833,short_emerging_no_break,constant,short,emerging,False,none,regularized_poisson,gross,1526132785.166074,141369076.47240236,1667501861.6384766,146411985.36564964,0.0001,1.4752767999998468,success,,,True,True,5042908.893247277,5042908.893247277,3.5671937732660632,3.5671937732660632,0.035671937732660634,
17,20260833,short_emerging_no_break,constant,short,emerging,False,none,regularized_poisson,ceded,242977851.4637997,75324245.91706921,318302097.38086885,72926692.95009321,0.001,1.2303756999972393,success,,,True,True,-2397552.966976002,2397552.966976002,-3.1829763946335015,3.1829763946335015,-0.031829763946335014,
17,20260833,short_emerging_no_break,constant,short,emerging,False,none,regularized_tweedie,gross,1526132785.166074,141369076.47240236,1667501861.6384766,144906723.10717154,0.0001,5.794294999999693,success,,,True,True,3537646.6347691715,3537646.6347691715,2.502419003536307,2.502419003536307,0.025024190035363072,1.1
17,20260833,short_emerging_no_break,constant,short,emerging,False,none,regularized_tweedie,ceded,242977851.4637997,75324245.91706921,318302097.38086885,68379675.97955185,0.01,5.272154300000693,success,,,True,True,-6944569.93751736,6944569.93751736,-9.219567820384448,9.219567820384448,-0.09219567820384449,1.1
17,20260833,short_shock_no_break,constant,short,shock,False,none,regularized_poisson,gross,1552042419.3948054,158483762.03176558,1710526181.426571,169038205.1576211,0.0001,1.4328005999996094,success,,,True,True,10554443.125855505,10554443.125855505,6.6596369183487925,6.6596369183487925,0.06659636918348792,
17,20260833,short_shock_no_break,constant,short,shock,False,none,regularized_poisson,ceded,255169602.83987865,96654698.30503473,351824301.1449134,95143399.02776366,0.001,1.196784600000683,success,,,True,True,-1511299.2772710621,1511299.2772710621,-1.5636066365874102,1.5636066365874102,-0.015636066365874102,
17,20260833,short_shock_no_break,constant,short,shock,False,none,regularized_tweedie,gross,1552042419.3948054,158483762.03176558,1710526181.426571,167722112.95289028,0.0001,5.765980400003173,success,,,True,True,9238350.921124697,9238350.921124697,5.829209757951741,5.829209757951741,0.058292097579517414,1.1
17,20260833,short_shock_no_break,constant,short,shock,False,none,regularized_tweedie,ceded,255169602.83987865,96654698.30503473,351824301.1449134,94384888.49348103,0.001,5.247159899998223,success,,,True,True,-2269809.8115537018,2269809.8115537018,-2.348369868571063,2.348369868571063,-0.02348369868571063,1.1
17,20260833,long_stable_no_break,constant,long,stable,False,none,regularized_poisson,gross,1135416125.6091468,758355721.4750607,1893771847.0842078,708517808.7553619,0.0001,1.571031600000424,success,,,True,True,-49837912.71969879,49837912.71969879,-6.571838427322758,6.571838427322758,-0.06571838427322758,
17,20260833,long_stable_no_break,constant,long,stable,False,none,regularized_poisson,ceded,145783366.49694258,298375335.4047164,444158701.90165895,692398800.1127214,0.1,1.1738268999979482,success,,,True,True,394023464.7080051,394023464.7080051,132.05631228652047,132.05631228652047,1.3205631228652046,
17,20260833,long_stable_no_break,constant,long,stable,False,none,regularized_tweedie,gross,1135416125.6091468,758355721.4750607,1893771847.0842078,731473747.2344991,0.0001,6.268547100000433,success,,,True,True,-26881974.240561604,26881974.240561604,-3.5447710723767045,3.5447710723767045,-0.03544771072376705,1.9
17,20260833,long_stable_no_break,constant,long,stable,False,none,regularized_tweedie,ceded,145783366.49694258,298375335.4047164,444158701.90165895,723207168.4005566,0.1,5.683801300001505,success,,,True,True,424831832.9958402,424831832.9958402,142.38168594585682,142.38168594585682,1.423816859458568,1.1
17,20260833,long_emerging_no_break,constant,long,emerging,False,none,regularized_poisson,gross,1159954172.9466534,884665963.6343496,2044620136.5810034,721426313.92465,0.0001,1.7275958999998693,success,,,True,True,-163239649.70969963,163239649.70969963,-18.45212276948974,18.45212276948974,-0.1845212276948974,
17,20260833,long_emerging_no_break,constant,long,emerging,False,none,regularized_poisson,ceded,153436291.80198085,406853022.4221317,560289314.2241126,1036558184.3666422,0.1,1.2761365000005753,success,,,True,True,629705161.9445105,629705161.9445105,154.77460587503214,154.77460587503214,1.5477460587503213,
17,20260833,long_emerging_no_break,constant,long,emerging,False,none,regularized_tweedie,gross,1159954172.9466534,884665963.6343496,2044620136.5810034,749601587.7264473,0.0001,6.819130500000028,success,,,True,True,-135064375.90790224,135064375.90790224,-15.267273915799375,15.267273915799375,-0.15267273915799376,1.9
17,20260833,long_emerging_no_break,constant,long,emerging,False,none,regularized_tweedie,ceded,153436291.80198085,406853022.4221317,560289314.2241126,440130323.99432683,1.0,6.058564600003592,success,,,True,True,33277301.572195113,33277301.572195113,8.179194878308692,8.179194878308692,0.08179194878308692,1.9
17,20260833,long_shock_no_break,constant,long,shock,False,none,regularized_poisson,gross,1180974133.6079051,995988168.6338453,2176962302.2417502,864836046.3718861,0.0001,1.6942960999986099,success,,,True,True,-131152122.2619592,131152122.2619592,-13.168040182832192,13.168040182832192,-0.1316804018283219,
17,20260833,long_shock_no_break,constant,long,shock,False,none,regularized_poisson,ceded,159137137.4439868,503727820.52972233,662864957.9737091,959126609.599105,0.1,1.3000566000009712,success,,,True,True,455398789.06938267,455398789.06938267,90.40572517723626,90.40572517723626,0.9040572517723626,
17,20260833,long_shock_no_break,constant,long,shock,False,none,regularized_tweedie,gross,1180974133.6079051,995988168.6338453,2176962302.2417502,904245761.0537105,0.0001,6.762825599998905,success,,,True,True,-91742407.58013487,91742407.58013487,-9.211194517096928,9.211194517096928,-0.09211194517096928,1.9
17,20260833,long_shock_no_break,constant,long,shock,False,none,regularized_tweedie,ceded,159137137.4439868,503727820.52972233,662864957.9737091,449599944.7954535,1.0,6.036467300000368,success,,,True,True,-54127875.734268844,54127875.734268844,-10.745460847754593,10.745460847754593,-0.10745460847754594,1.9
17,20260833,long_stable_break,constant,long,stable,True,none,regularized_poisson,gross,1235423212.1296368,608541086.5662742,1843964298.695911,827683148.843153,0.0001,1.6321578000024601,success,,,True,True,219142062.27687883,219142062.27687883,36.011054489911224,36.011054489911224,0.36011054489911226,
17,20260833,long_stable_break,constant,long,stable,True,none,regularized_poisson,ceded,169808752.08912534,238325391.9078823,408134143.9970076,651492691.6985397,0.1,1.2226420000006328,success,,,True,True,413167299.7906574,413167299.7906574,173.3626855632551,173.3626855632551,1.733626855632551,
17,20260833,long_stable_break,constant,long,stable,True,none,regularized_tweedie,gross,1235423212.1296368,608541086.5662742,1843964298.695911,831664612.3262843,0.0001,6.5735280999979295,success,,,True,True,223123525.76001012,223123525.76001012,36.665318198808336,36.665318198808336,0.3666531819880834,1.1
17,20260833,long_stable_break,constant,long,stable,True,none,regularized_tweedie,ceded,169808752.08912534,238325391.9078823,408134143.9970076,661574871.18696,0.1,5.838316399996984,success,,,True,True,423249479.27907765,423249479.27907765,177.59311162390634,177.59311162390634,1.7759311162390634,1.1
17,20260833,long_emerging_break,constant,long,emerging,True,none,regularized_poisson,gross,1264015230.5123606,695951031.1028775,1959966261.6152382,851332604.741601,0.001,1.8305384999985108,success,,,True,True,155381573.6387235,155381573.6387235,22.326509581067715,22.326509581067715,0.22326509581067713,
17,20260833,long_emerging_break,constant,long,emerging,True,none,regularized_poisson,ceded,180214964.7152387,315284076.6553456,495499041.37058437,917492611.5283736,0.1,1.3153020999998262,success,,,True,True,602208534.873028,602208534.873028,191.00505844173517,191.00505844173517,1.9100505844173519,
17,20260833,long_emerging_break,constant,long,emerging,True,none,regularized_tweedie,gross,1264015230.5123606,695951031.1028775,1959966261.6152382,847593262.8301505,0.001,7.23832240000047,success,,,True,True,151642231.727273,151642231.727273,21.789210009066974,21.789210009066974,0.21789210009066973,1.1
17,20260833,long_emerging_break,constant,long,emerging,True,none,regularized_tweedie,ceded,180214964.7152387,315284076.6553456,495499041.37058437,931872222.8402641,0.1,6.279045600000245,success,,,True,True,616588146.1849184,616588146.1849184,195.56590130587054,195.56590130587054,1.9556590130587053,1.1
17,20260833,long_shock_break,constant,long,shock,True,none,regularized_poisson,gross,1288575754.133901,782936779.6048996,2071512533.7388003,1032055998.4801738,0.0001,1.84192659999826,success,,,True,True,249119218.87527418,249119218.87527418,31.818561263782936,31.818561263782936,0.31818561263782935,
17,20260833,long_shock_break,constant,long,shock,True,none,regularized_poisson,ceded,188819717.7783895,393029957.3509383,581849675.1293278,916398594.3008335,0.1,1.3191040000019711,success,,,True,True,523368636.94989514,523368636.94989514,133.16253053010328,133.16253053010328,1.3316253053010327,
17,20260833,long_shock_break,constant,long,shock,True,none,regularized_tweedie,gross,1288575754.133901,782936779.6048996,2071512533.7388003,1033533814.1928493,0.0001,7.129960099999153,success,,,True,True,250597034.58794963,250597034.58794963,32.00731414283675,32.00731414283675,0.3200731414283675,1.1
17,20260833,long_shock_break,constant,long,shock,True,none,regularized_tweedie,ceded,188819717.7783895,393029957.3509383,581849675.1293278,924501526.8095258,0.1,6.313422100000025,success,,,True,True,531471569.4585875,531471569.4585875,135.22418826309314,135.22418826309314,1.3522418826309315,1.1
18,20260834,short_stable_no_break,constant,short,stable,False,none,regularized_poisson,gross,1558508506.8093915,93885351.40182678,1652393858.2112186,117024480.45319468,0.01,1.3475928000007116,success,,,True,True,23139129.051367894,23139129.051367894,24.64615481102376,24.64615481102376,0.2464615481102376,
18,20260834,short_stable_no_break,constant,short,stable,False,none,regularized_poisson,ceded,301861452.4590682,48910691.05964556,350772143.5187137,58379274.35167752,0.01,1.2139712999996846,success,,,True,True,9468583.292031959,9468583.292031959,19.358923554126886,19.358923554126886,0.19358923554126886,
18,20260834,short_stable_no_break,constant,short,stable,False,none,regularized_tweedie,gross,1558508506.8093915,93885351.40182678,1652393858.2112186,120363829.36708805,0.01,5.569227799998771,success,,,True,True,26478477.965261266,26478477.965261266,28.202991808524093,28.202991808524093,0.2820299180852409,1.7
18,20260834,short_stable_no_break,constant,short,stable,False,none,regularized_tweedie,ceded,301861452.4590682,48910691.05964556,350772143.5187137,60013524.53767124,0.1,5.28240150000056,success,,,True,True,11102833.478025675,11102833.478025675,22.700217963565475,22.700217963565475,0.22700217963565475,1.9
18,20260834,short_emerging_no_break,constant,short,emerging,False,none,regularized_poisson,gross,1585018804.062756,104232568.99276167,1689251373.055518,121661986.51563416,0.01,1.4055801999966206,success,,,True,True,17429417.522872493,17429417.522872493,16.721661656523942,16.721661656523942,0.16721661656523942,
18,20260834,short_emerging_no_break,constant,short,emerging,False,none,regularized_poisson,ceded,316238922.60034245,60457798.29753109,376696720.8978735,63971082.39923283,0.01,1.2516503000006196,success,,,True,True,3513284.1017017365,3513284.1017017365,5.81113470988772,5.81113470988772,0.058111347098877206,
18,20260834,short_emerging_no_break,constant,short,emerging,False,none,regularized_tweedie,gross,1585018804.062756,104232568.99276167,1689251373.055518,145160648.43685597,0.0001,5.781254699999408,success,,,True,True,40928079.4440943,40928079.4440943,39.26611407508963,39.26611407508963,0.3926611407508963,1.9
18,20260834,short_emerging_no_break,constant,short,emerging,False,none,regularized_tweedie,ceded,316238922.60034245,60457798.29753109,376696720.8978735,58627722.86305091,0.1,5.530586699998821,success,,,True,True,-1830075.4344801828,1830075.4344801828,-3.0270295743715785,3.0270295743715785,-0.030270295743715786,1.9
18,20260834,short_shock_no_break,constant,short,shock,False,none,regularized_poisson,gross,1607570997.630127,116856328.26867697,1724427325.8988035,141639861.21947443,0.0001,1.4178629000016372,success,,,True,True,24783532.95079747,24783532.95079747,21.208550121320755,21.208550121320755,0.21208550121320754,
18,20260834,short_shock_no_break,constant,short,shock,False,none,regularized_poisson,ceded,328879163.760746,75816256.45911387,404695420.2198599,86322866.82497355,0.01,1.256966699998884,success,,,True,True,10506610.365859687,10506610.365859687,13.857991486991558,13.857991486991558,0.13857991486991558,
18,20260834,short_shock_no_break,constant,short,shock,False,none,regularized_tweedie,gross,1607570997.630127,116856328.26867697,1724427325.8988035,152867121.30242324,0.0001,5.788367900000594,success,,,True,True,36010793.03374627,36010793.03374627,30.816296872643456,30.816296872643456,0.30816296872643456,1.7
18,20260834,short_shock_no_break,constant,short,shock,False,none,regularized_tweedie,ceded,328879163.760746,75816256.45911387,404695420.2198599,89524206.38530645,0.001,5.4648086999986845,success,,,True,True,13707949.926192582,13707949.926192582,18.08048902227848,18.08048902227848,0.18080489022278481,1.1
18,20260834,long_stable_no_break,constant,long,stable,False,none,regularized_poisson,gross,1213244433.9925115,713298882.5965943,1926543316.5891056,769350298.2521834,0.001,1.5728646999996272,success,,,True,True,56051415.6555891,56051415.6555891,7.858054599994227,7.858054599994227,0.07858054599994227,
18,20260834,long_stable_no_break,constant,long,stable,False,none,regularized_poisson,ceded,210806498.76129815,301848369.40359706,512654868.16489524,429653329.64580214,0.1,1.3970771999993303,success,,,True,True,127804960.24220508,127804960.24220508,42.34078206045199,42.34078206045199,0.4234078206045199,
18,20260834,long_stable_no_break,constant,long,stable,False,none,regularized_tweedie,gross,1213244433.9925115,713298882.5965943,1926543316.5891056,765975274.043407,0.01,6.327208399998199,success,,,True,True,52676391.44681263,52676391.44681263,7.384897513796293,7.384897513796293,0.07384897513796293,1.9
18,20260834,long_stable_no_break,constant,long,stable,False,none,regularized_tweedie,ceded,210806498.76129815,301848369.40359706,512654868.16489524,438723502.2892288,0.1,6.465854900001432,success,,,True,True,136875132.88563174,136875132.88563174,45.345659198383146,45.345659198383146,0.4534565919838314,1.1
18,20260834,long_emerging_no_break,constant,long,emerging,False,none,regularized_poisson,gross,1239888443.2530491,829111400.8503416,2068999844.1033902,833353758.025671,0.0001,1.7808521000006294,success,,,True,True,4242357.175329447,4242357.175329447,0.5116751706680742,0.5116751706680742,0.005116751706680743,
18,20260834,long_emerging_no_break,constant,long,emerging,False,none,regularized_poisson,ceded,218781350.38432556,407229929.28623265,626011279.6705582,552652475.0332096,0.1,1.507602500001667,success,,,True,True,145422545.7469769,145422545.7469769,35.71018122412185,35.71018122412185,0.35710181224121845,
18,20260834,long_emerging_no_break,constant,long,emerging,False,none,regularized_tweedie,gross,1239888443.2530491,829111400.8503416,2068999844.1033902,842025402.233235,0.0001,6.9353455000018585,success,,,True,True,12914001.382893443,12914001.382893443,1.5575713190831495,1.5575713190831495,0.015575713190831494,1.3
18,20260834,long_emerging_no_break,constant,long,emerging,False,none,regularized_tweedie,ceded,218781350.38432556,407229929.28623265,626011279.6705582,568889479.4086256,0.1,6.818213400001696,success,,,True,True,161659550.12239295,161659550.12239295,39.697364681849336,39.697364681849336,0.3969736468184934,1.1
18,20260834,long_shock_no_break,constant,long,shock,False,none,regularized_poisson,gross,1263176029.5923707,933277332.1962502,2196453361.7886214,996345590.7287543,0.0001,1.7760189999971772,success,,,True,True,63068258.53250408,63068258.53250408,6.757718885562951,6.757718885562951,0.06757718885562951,
18,20260834,long_shock_no_break,constant,long,shock,False,none,regularized_poisson,ceded,225339634.69486734,501714174.7515366,727053809.446404,566991907.858365,0.1,1.469117600001482,success,,,True,True,65277733.10682845,65277733.10682845,13.010940569728946,13.010940569728946,0.13010940569728946,
18,20260834,long_shock_no_break,constant,long,shock,False,none,regularized_tweedie,gross,1263176029.5923707,933277332.1962502,2196453361.7886214,1024282438.3984132,0.0001,6.806684999999561,success,,,True,True,91005106.20216298,91005106.20216298,9.751132172899101,9.751132172899101,0.09751132172899102,1.7
18,20260834,long_shock_no_break,constant,long,shock,False,none,regularized_tweedie,ceded,225339634.69486734,501714174.7515366,727053809.446404,373528839.04616266,1.0,6.7577401000016835,success,,,True,True,-128185335.70537394,128185335.70537394,-25.549474612483298,25.549474612483298,-0.25549474612483297,1.9
18,20260834,long_stable_break,constant,long,stable,True,none,regularized_poisson,gross,1322155049.3714833,555450199.1058099,1877605248.4772935,922177142.5182966,0.001,1.6203738000003796,success,,,True,True,366726943.4124867,366726943.4124867,66.02337059251417,66.02337059251417,0.6602337059251416,
18,20260834,long_stable_break,constant,long,stable,True,none,regularized_poisson,ceded,239035213.88836318,237985737.90646398,477020951.7948272,490169028.7039175,0.1,1.4970362999993085,success,,,True,True,252183290.79745352,252183290.79745352,105.96571585166572,105.96571585166572,1.0596571585166572,
18,20260834,long_stable_break,constant,long,stable,True,none,regularized_tweedie,gross,1322155049.3714833,555450199.1058099,1877605248.4772935,937100233.8837912,0.01,6.517491700000392,success,,,True,True,381650034.7779813,381650034.7779813,68.71003654195815,68.71003654195815,0.6871003654195814,1.9
18,20260834,long_stable_break,constant,long,stable,True,none,regularized_tweedie,ceded,239035213.88836318,237985737.90646398,477020951.7948272,496029938.6255557,0.1,6.679653600000165,success,,,True,True,258044200.7190917,258044200.7190917,108.42843062322976,108.42843062322976,1.0842843062322975,1.1
18,20260834,long_emerging_break,constant,long,emerging,True,none,regularized_poisson,gross,1353237967.9109383,633155586.1706187,1986393554.0815568,978132064.4891316,0.001,1.8671635999999125,success,,,True,True,344976478.3185129,344976478.3185129,54.48526173558088,54.48526173558088,0.5448526173558088,
18,20260834,long_emerging_break,constant,long,emerging,True,none,regularized_poisson,ceded,250509811.02639866,309103360.71021956,559613171.7366183,615736318.7222522,0.1,1.6225916999974288,success,,,True,True,306632958.0120327,306632958.0120327,99.20078426436041,99.20078426436041,0.9920078426436041,
18,20260834,long_emerging_break,constant,long,emerging,True,none,regularized_tweedie,gross,1353237967.9109383,633155586.1706187,1986393554.0815568,890255741.828044,0.01,7.3496249000018,success,,,True,True,257100155.6574254,257100155.6574254,40.60615767640779,40.60615767640779,0.4060615767640779,1.9
18,20260834,long_emerging_break,constant,long,emerging,True,none,regularized_tweedie,ceded,250509811.02639866,309103360.71021956,559613171.7366183,469590700.8443337,1.0,7.21108760000061,success,,,True,True,160487340.13411415,160487340.13411415,51.92028315880039,51.92028315880039,0.5192028315880038,1.1
18,20260834,long_shock_break,constant,long,shock,True,none,regularized_poisson,gross,1380494482.8850937,712088571.4194571,2092583054.3045511,1188313247.7185905,0.0001,1.84779079999862,success,,,True,True,476224676.2991334,476224676.2991334,66.87716885412733,66.87716885412733,0.6687716885412733,
18,20260834,long_shock_break,constant,long,shock,True,none,regularized_poisson,ceded,259891911.83125377,384461423.09931284,644353334.9305665,668941028.1505095,0.1,1.6073266999992484,success,,,True,True,284479605.05119663,284479605.05119663,73.99431723419251,73.99431723419251,0.7399431723419251,
18,20260834,long_shock_break,constant,long,shock,True,none,regularized_tweedie,gross,1380494482.8850937,712088571.4194571,2092583054.3045511,1199623117.2680588,0.0001,7.284003000000666,success,,,True,True,487534545.8486017,487534545.8486017,68.46543610112492,68.46543610112492,0.6846543610112492,1.5
18,20260834,long_shock_break,constant,long,shock,True,none,regularized_tweedie,ceded,259891911.83125377,384461423.09931284,644353334.9305665,521789075.3137667,1.0,7.195209800000157,success,,,True,True,137327652.21445388,137327652.21445388,35.719488084758986,35.719488084758986,0.3571948808475898,1.1
19,20260835,short_stable_no_break,constant,short,stable,False,none,regularized_poisson,gross,1724136833.0844514,104078477.64588739,1828215310.7303388,130128426.39684927,0.001,1.3342957999993814,success,,,True,True,26049948.750961885,26049948.750961885,25.029140836968455,25.029140836968455,0.25029140836968455,
19,20260835,short_stable_no_break,constant,short,stable,False,none,regularized_poisson,ceded,339292221.20416504,45623545.43055571,384915766.63472074,77947966.70273456,0.001,1.1949146000006294,success,,,True,True,32324421.27217885,32324421.27217885,70.85030540070663,70.85030540070663,0.7085030540070663,
19,20260835,short_stable_no_break,constant,short,stable,False,none,regularized_tweedie,gross,1724136833.0844514,104078477.64588739,1828215310.7303388,140195307.29033342,0.0001,5.5869931999986875,success,,,True,True,36116829.64444603,36116829.64444603,34.701535285064935,34.701535285064935,0.34701535285064933,1.9
19,20260835,short_stable_no_break,constant,short,stable,False,none,regularized_tweedie,ceded,339292221.20416504,45623545.43055571,384915766.63472074,77600180.47045189,0.01,5.291632899999968,success,,,True,True,31976635.039896183,31976635.039896183,70.08800990393941,70.08800990393941,0.7008800990393941,1.5
19,20260835,short_emerging_no_break,constant,short,emerging,False,none,regularized_poisson,gross,1753393981.1191564,115546911.83594021,1868940892.9550965,138371391.58537412,0.01,1.4232867999999144,success,,,True,True,22824479.749433905,22824479.749433905,19.753431214017507,19.753431214017507,0.19753431214017508,
19,20260835,short_emerging_no_break,constant,short,emerging,False,none,regularized_poisson,ceded,355534353.87866634,60771227.54762366,416305581.42629004,82286336.1289776,0.01,1.2427611999992223,success,,,True,True,21515108.58135394,21515108.58135394,35.40344575809913,35.40344575809913,0.35403445758099134,
19,20260835,short_emerging_no_break,constant,short,emerging,False,none,regularized_tweedie,gross,1753393981.1191564,115546911.83594021,1868940892.9550965,137474958.35274816,0.01,5.793447899999592,success,,,True,True,21928046.516807944,21928046.516807944,18.977613653528515,18.977613653528515,0.18977613653528513,1.1
19,20260835,short_emerging_no_break,constant,short,emerging,False,none,regularized_tweedie,ceded,355534353.87866634,60771227.54762366,416305581.42629004,81653526.28731513,0.01,5.442170400001487,success,,,True,True,20882298.739691474,20882298.739691474,34.36214732264041,34.36214732264041,0.3436214732264041,1.1
19,20260835,short_shock_no_break,constant,short,shock,False,none,regularized_poisson,gross,1777077761.5700445,129538837.58795127,1906616599.1579957,150361844.97774377,0.01,1.4312703999967198,success,,,True,True,20823007.389792502,20823007.389792502,16.07472151018383,16.07472151018383,0.16074721510183831,
19,20260835,short_shock_no_break,constant,short,shock,False,none,regularized_poisson,ceded,367854962.73650557,82000230.91981938,449855193.6563249,92217790.37441802,0.01,1.2443017000005057,success,,,True,True,10217559.454598635,10217559.454598635,12.460403269582818,12.460403269582818,0.12460403269582818,
19,20260835,short_shock_no_break,constant,short,shock,False,none,regularized_tweedie,gross,1777077761.5700445,129538837.58795127,1906616599.1579957,151210950.60841393,0.01,5.7443475000000035,success,,,True,True,21672113.020462662,21672113.020462662,16.730204951660337,16.730204951660337,0.16730204951660335,1.1
19,20260835,short_shock_no_break,constant,short,shock,False,none,regularized_tweedie,ceded,367854962.73650557,82000230.91981938,449855193.6563249,91887879.76274726,0.01,5.408176499997353,success,,,True,True,9887648.842927873,9887648.842927873,12.058074388346677,12.058074388346677,0.12058074388346676,1.1
19,20260835,long_stable_no_break,constant,long,stable,False,none,regularized_poisson,gross,1344090998.1207616,788902838.609515,2132993836.7302766,838682982.5719464,0.0001,1.5775326999973913,success,,,True,True,49780143.96243143,49780143.96243143,6.310047514871628,6.310047514871628,0.06310047514871628,
19,20260835,long_stable_no_break,constant,long,stable,False,none,regularized_poisson,ceded,212866821.6643813,359797520.68867296,572664342.3530542,492363134.1945468,0.1,1.3566075000017008,success,,,True,True,132565613.50587386,132565613.50587386,36.84450444576042,36.84450444576042,0.3684450444576042,
19,20260835,long_stable_no_break,constant,long,stable,False,none,regularized_tweedie,gross,1344090998.1207616,788902838.609515,2132993836.7302766,806268312.3921587,0.01,6.28509860000122,success,,,True,True,17365473.782643795,17365473.782643795,2.2012183164724575,2.2012183164724575,0.022012183164724575,1.9
19,20260835,long_stable_no_break,constant,long,stable,False,none,regularized_tweedie,ceded,212866821.6643813,359797520.68867296,572664342.3530542,493339152.21984607,0.1,6.344918800001324,success,,,True,True,133541631.53117311,133541631.53117311,37.11577313694848,37.11577313694848,0.37115773136948477,1.1
19,20260835,long_emerging_no_break,constant,long,emerging,False,none,regularized_poisson,gross,1374233954.197801,918491321.1212709,2292725275.3190722,901986191.2009965,0.01,1.729356399999233,success,,,True,True,-16505129.920274377,16505129.920274377,-1.796982675908721,1.796982675908721,-0.01796982675908721,
19,20260835,long_emerging_no_break,constant,long,emerging,False,none,regularized_poisson,ceded,224013654.87706542,482874646.8153434,706888301.6924088,728523705.0695734,0.1,1.5106006000023626,success,,,True,True,245649058.25423002,245649058.25423002,50.872221160157316,50.872221160157316,0.5087222116015732,
19,20260835,long_emerging_no_break,constant,long,emerging,False,none,regularized_tweedie,gross,1374233954.197801,918491321.1212709,2292725275.3190722,902821495.118231,0.0001,6.916183199999068,success,,,True,True,-15669826.003039837,15669826.003039837,-1.7060396372510642,1.7060396372510642,-0.017060396372510642,1.9
19,20260835,long_emerging_no_break,constant,long,emerging,False,none,regularized_tweedie,ceded,224013654.87706542,482874646.8153434,706888301.6924088,733724691.3545014,0.1,6.917256199998519,success,,,True,True,250850044.539158,250850044.539158,51.949309451959245,51.949309451959245,0.5194930945195925,1.1
19,20260835,long_shock_no_break,constant,long,shock,False,none,regularized_poisson,gross,1400276041.039289,1034021788.2337497,2434297829.2730384,1098157668.7466605,0.01,1.7681737000020803,success,,,True,True,64135880.51291072,64135880.51291072,6.202565675377455,6.202565675377455,0.062025656753774555,
19,20260835,long_shock_no_break,constant,long,shock,False,none,regularized_poisson,ceded,233042006.98546773,588354389.3336549,821396396.3191228,802777733.9261723,0.1,1.4568324000028952,success,,,True,True,214423344.59251738,214423344.59251738,36.444589940998675,36.444589940998675,0.3644458994099868,
19,20260835,long_shock_no_break,constant,long,shock,False,none,regularized_tweedie,gross,1400276041.039289,1034021788.2337497,2434297829.2730384,1065401069.1743888,0.0001,6.90349100000094,success,,,True,True,31379280.94063902,31379280.94063902,3.0346827598516186,3.0346827598516186,0.030346827598516188,1.9
19,20260835,long_shock_no_break,constant,long,shock,False,none,regularized_tweedie,ceded,233042006.98546773,588354389.3336549,821396396.3191228,805441264.217866,0.1,6.970194699999411,success,,,True,True,217086874.88421106,217086874.88421106,36.89729843437973,36.89729843437973,0.3689729843437973,1.1
19,20260835,long_stable_break,constant,long,stable,True,none,regularized_poisson,gross,1473240535.3996458,602987440.6868263,2076227976.086472,1136619492.6691322,0.0001,1.6681005999998888,success,,,True,True,533632051.9823059,533632051.9823059,88.4980376000001,88.4980376000001,0.884980376000001,
19,20260835,long_stable_break,constant,long,stable,True,none,regularized_poisson,ceded,260428851.01826903,267381657.62293702,527810508.641206,818571976.0135118,0.1,1.4479334999996354,success,,,True,True,551190318.3905747,551190318.3905747,206.14365371609225,206.14365371609225,2.0614365371609225,
19,20260835,long_stable_break,constant,long,stable,True,none,regularized_tweedie,gross,1473240535.3996458,602987440.6868263,2076227976.086472,1010441130.6007174,0.01,6.657905899999605,success,,,True,True,407453689.9138911,407453689.9138911,67.5725002580129,67.5725002580129,0.6757250025801289,1.9
19,20260835,long_stable_break,constant,long,stable,True,none,regularized_tweedie,ceded,260428851.01826903,267381657.62293702,527810508.641206,799673737.5786915,0.1,6.851607599997806,success,,,True,True,532292079.95575446,532292079.95575446,199.0757648403824,199.0757648403824,1.9907576484038239,1.1
19,20260835,long_emerging_break,constant,long,emerging,True,none,regularized_poisson,gross,1508517804.6143866,688457630.0276934,2196975434.6420803,1212648908.149209,0.01,1.8413514999992913,success,,,True,True,524191278.12151563,524191278.12151563,76.13994750852422,76.13994750852422,0.7613994750852422,
19,20260835,long_emerging_break,constant,long,emerging,True,none,regularized_poisson,ceded,275599219.6434201,351360784.4941069,626960004.1375271,1166188423.1713634,0.1,1.5565411999996286,success,,,True,True,814827638.6772565,814827638.6772565,231.90625551751717,231.90625551751717,2.319062555175172,
19,20260835,long_emerging_break,constant,long,emerging,True,none,regularized_tweedie,gross,1508517804.6143866,688457630.0276934,2196975434.6420803,1015641084.6153085,0.01,7.19716850000259,success,,,True,True,327183454.58761513,327183454.58761513,47.524123536034324,47.524123536034324,0.47524123536034324,1.7
19,20260835,long_emerging_break,constant,long,emerging,True,none,regularized_tweedie,ceded,275599219.6434201,351360784.4941069,626960004.1375271,1138206765.3187952,0.1,7.367574399999285,success,,,True,True,786845980.8246883,786845980.8246883,223.94245901903872,223.94245901903872,2.2394245901903873,1.1
19,20260835,long_shock_break,constant,long,shock,True,none,regularized_poisson,gross,1538913647.4799447,774398830.4839265,2313312477.9638715,1449969028.3663025,0.01,1.899630600000819,success,,,True,True,675570197.882376,675570197.882376,87.23801887203368,87.23801887203368,0.8723801887203368,
19,20260835,long_shock_break,constant,long,shock,True,none,regularized_poisson,ceded,289076897.55287236,434770527.391416,723847424.9442884,1241856572.4936757,0.1,1.6390127000013308,success,,,True,True,807086045.1022596,807086045.1022596,185.6349486117891,185.6349486117891,1.856349486117891,
19,20260835,long_shock_break,constant,long,shock,True,none,regularized_tweedie,gross,1538913647.4799447,774398830.4839265,2313312477.9638715,1375184069.8233712,0.001,7.876838099997258,success,,,True,True,600785239.3394446,600785239.3394446,77.58085571539543,77.58085571539543,0.7758085571539542,1.3
19,20260835,long_shock_break,constant,long,shock,True,none,regularized_tweedie,ceded,289076897.55287236,434770527.391416,723847424.9442884,1210919900.399274,0.1,8.107437900001969,success,,,True,True,776149373.007858,776149373.007858,178.51931630800374,178.51931630800374,1.7851931630800375,1.1
20,20260836,short_stable_no_break,constant,short,stable,False,none,regularized_poisson,gross,1631772115.8520877,124506894.50862205,1756279010.3607101,128632107.00034879,0.01,1.5674700999989,success,,,True,True,4125212.491726741,4125212.491726741,3.313240208911541,3.313240208911541,0.03313240208911541,
20,20260836,short_stable_no_break,constant,short,stable,False,none,regularized_poisson,ceded,302224892.1625747,54266755.164201364,356491647.3267761,78312695.201866,0.001,1.341016900001705,success,,,True,True,24045940.037664637,24045940.037664637,44.31062805377985,44.31062805377985,0.44310628053779855,
20,20260836,short_stable_no_break,constant,short,stable,False,none,regularized_tweedie,gross,1631772115.8520877,124506894.50862205,1756279010.3607101,127492963.11816144,0.0001,6.541795200002525,success,,,True,True,2986068.6095393896,2986068.6095393896,2.3983158694337248,2.3983158694337248,0.02398315869433725,1.1
20,20260836,short_stable_no_break,constant,short,stable,False,none,regularized_tweedie,ceded,302224892.1625747,54266755.164201364,356491647.3267761,85051747.74572842,0.01,5.340191699997376,success,,,True,True,30784992.581527054,30784992.581527054,56.72900929561248,56.72900929561248,0.5672900929561248,1.9
20,20260836,short_emerging_no_break,constant,short,emerging,False,none,regularized_poisson,gross,1661704167.0304685,138247098.0627088,1799951265.0931773,145680973.3690268,0.01,1.435456700000941,success,,,True,True,7433875.306318015,7433875.306318015,5.377237866465749,5.377237866465749,0.05377237866465749,
20,20260836,short_emerging_no_break,constant,short,emerging,False,none,regularized_poisson,ceded,316913386.84080374,68662957.49297115,385576344.3337749,82404855.56595853,0.01,1.25460430000021,success,,,True,True,13741898.072987378,13741898.072987378,20.01355399582679,20.01355399582679,0.20013553995826788,
20,20260836,short_emerging_no_break,constant,short,emerging,False,none,regularized_tweedie,gross,1661704167.0304685,138247098.0627088,1799951265.0931773,142713333.94590145,0.01,5.776699900001404,success,,,True,True,4466235.883192658,4466235.883192658,3.230618179896099,3.230618179896099,0.03230618179896099,1.1
20,20260836,short_emerging_no_break,constant,short,emerging,False,none,regularized_tweedie,ceded,316913386.84080374,68662957.49297115,385576344.3337749,94652496.80579428,0.001,5.429163200002222,success,,,True,True,25989539.31282313,25989539.31282313,37.850888254389005,37.850888254389005,0.37850888254389004,1.7
20,20260836,short_shock_no_break,constant,short,shock,False,none,regularized_poisson,gross,1687392389.3129208,154993233.33428323,1842385622.647204,165446244.2201622,0.01,1.447887599999376,success,,,True,True,10453010.88587898,10453010.88587898,6.74417241385909,6.74417241385909,0.0674417241385909,
20,20260836,short_shock_no_break,constant,short,shock,False,none,regularized_poisson,ceded,329040562.10316396,88244351.52385226,417284913.62701625,101482478.0345752,0.001,1.2372055999985605,success,,,True,True,13238126.510722935,13238126.510722935,15.001670114992796,15.001670114992796,0.15001670114992796,
20,20260836,short_shock_no_break,constant,short,shock,False,none,regularized_tweedie,gross,1687392389.3129208,154993233.33428323,1842385622.647204,170843945.31171107,0.001,5.783603399999265,success,,,True,True,15850711.97742784,15850711.97742784,10.226712248296451,10.226712248296451,0.1022671224829645,1.3
20,20260836,short_shock_no_break,constant,short,shock,False,none,regularized_tweedie,ceded,329040562.10316396,88244351.52385226,417284913.62701625,108950675.71669392,0.001,5.4210367999985465,success,,,True,True,20706324.192841664,20706324.192841664,23.464758746903804,23.464758746903804,0.23464758746903805,1.5
20,20260836,long_stable_no_break,constant,long,stable,False,none,regularized_poisson,gross,1229928373.649594,817748469.2216032,2047676842.8711972,728764949.3438232,0.0001,1.5576223000025493,success,,,True,True,-88983519.87777996,88983519.87777996,-10.881526927525945,10.881526927525945,-0.10881526927525945,
20,20260836,long_stable_no_break,constant,long,stable,False,none,regularized_poisson,ceded,183049449.39301714,344832767.6794761,527882217.0724933,523847955.40167236,0.1,1.3100021999998717,success,,,True,True,179015187.72219628,179015187.72219628,51.91362437127549,51.91362437127549,0.5191362437127549,
20,20260836,long_stable_no_break,constant,long,stable,False,none,regularized_tweedie,gross,1229928373.649594,817748469.2216032,2047676842.8711972,714577468.6515033,0.0001,6.322446000001946,success,,,True,True,-103171000.57009983,103171000.57009983,-12.616471256535162,12.616471256535162,-0.1261647125653516,1.5
20,20260836,long_stable_no_break,constant,long,stable,False,none,regularized_tweedie,ceded,183049449.39301714,344832767.6794761,527882217.0724933,527055908.74592817,0.1,6.222613100002491,success,,,True,True,182223141.0664521,182223141.0664521,52.84391686228308,52.84391686228308,0.5284391686228308,1.1
20,20260836,long_emerging_no_break,constant,long,emerging,False,none,regularized_poisson,gross,1257647532.1896665,953814828.8638831,2211462361.05355,796779783.9430944,0.01,1.7541661000032036,success,,,True,True,-157035044.92078876,157035044.92078876,-16.46389216949351,16.46389216949351,-0.16463892169493508,
20,20260836,long_emerging_no_break,constant,long,emerging,False,none,regularized_poisson,ceded,192984474.10506442,456773414.90214616,649757889.0072106,778502002.0517709,0.1,1.4070668999993359,success,,,True,True,321728587.14962476,321728587.14962476,70.43505087058277,70.43505087058277,0.7043505087058277,
20,20260836,long_emerging_no_break,constant,long,emerging,False,none,regularized_tweedie,gross,1257647532.1896665,953814828.8638831,2211462361.05355,953526535.0702364,0.0001,6.866530200000852,success,,,True,True,-288293.79364669323,288293.79364669323,-0.03022534195553328,0.03022534195553328,-0.0003022534195553328,1.7
20,20260836,long_emerging_no_break,constant,long,emerging,False,none,regularized_tweedie,ceded,192984474.10506442,456773414.90214616,649757889.0072106,786752728.2752454,0.1,6.571953999999096,success,,,True,True,329979313.37309927,329979313.37309927,72.24135700712577,72.24135700712577,0.7224135700712577,1.1
20,20260836,long_shock_no_break,constant,long,shock,False,none,regularized_poisson,gross,1282085813.9936757,1073805639.7808008,2355891453.7744765,1000626135.2144322,0.01,1.7522183999972185,success,,,True,True,-73179504.56636858,73179504.56636858,-6.814967425697907,6.814967425697907,-0.06814967425697907,
20,20260836,long_shock_no_break,constant,long,shock,False,none,regularized_poisson,ceded,201764256.6242766,556051434.6074005,757815691.231677,865475588.0482618,0.1,1.418018899999879,success,,,True,True,309424153.4408612,309424153.4408612,55.646678379551304,55.646678379551304,0.5564667837955131,
20,20260836,long_shock_no_break,constant,long,shock,False,none,regularized_tweedie,gross,1282085813.9936757,1073805639.7808008,2355891453.7744765,1049781217.0906641,0.0001,6.800886400000309,success,,,True,True,-24024422.69013667,24024422.69013667,-2.2373157487830713,2.2373157487830713,-0.02237315748783071,1.7
20,20260836,long_shock_no_break,constant,long,shock,False,none,regularized_tweedie,ceded,201764256.6242766,556051434.6074005,757815691.231677,870168620.5434546,0.1,6.574637300000177,success,,,True,True,314117185.9360541,314117185.9360541,56.490670895910235,56.490670895910235,0.5649067089591023,1.1
20,20260836,long_stable_break,constant,long,stable,True,none,regularized_poisson,gross,1349983409.7720363,641628083.1381425,1991611492.9101791,906907940.7152634,0.0001,1.66900440000245,success,,,True,True,265279857.5771209,265279857.5771209,41.34480153668807,41.34480153668807,0.41344801536688064,
20,20260836,long_stable_break,constant,long,stable,True,none,regularized_poisson,ceded,225076932.20226234,262013043.90070623,487089976.1029686,901200178.4725671,0.01,1.3971235999997589,success,,,True,True,639187134.5718608,639187134.5718608,243.95240979456366,243.95240979456366,2.4395240979456365,
20,20260836,long_stable_break,constant,long,stable,True,none,regularized_tweedie,gross,1349983409.7720363,641628083.1381425,1991611492.9101791,853601264.9599797,0.0001,6.510398300000816,success,,,True,True,211973181.8218372,211973181.8218372,33.03676808924826,33.03676808924826,0.33036768089248264,1.9
20,20260836,long_stable_break,constant,long,stable,True,none,regularized_tweedie,ceded,225076932.20226234,262013043.90070623,487089976.1029686,898544382.5086973,0.01,6.565421200000856,success,,,True,True,636531338.607991,636531338.607991,242.9387976765058,242.9387976765058,2.429387976765058,1.1
20,20260836,long_emerging_break,constant,long,emerging,True,none,regularized_poisson,gross,1382642596.5713172,733795094.58424,2116437691.1555576,1025374304.171999,0.01,1.8517781999980798,success,,,True,True,291579209.587759,291579209.587759,39.73578070223603,39.73578070223603,0.3973578070223603,
20,20260836,long_emerging_break,constant,long,emerging,True,none,regularized_poisson,ceded,238854634.78647417,339177091.73262715,578031726.5191014,1269698669.6134686,0.01,1.4963706000016828,success,,,True,True,930521577.8808415,930521577.8808415,274.34682369833234,274.34682369833234,2.743468236983323,
20,20260836,long_emerging_break,constant,long,emerging,True,none,regularized_tweedie,gross,1382642596.5713172,733795094.58424,2116437691.1555576,1030263219.8951784,0.0001,7.2670126000011805,success,,,True,True,296468125.3109385,296468125.3109385,40.40203150702635,40.40203150702635,0.40402031507026354,1.9
20,20260836,long_emerging_break,constant,long,emerging,True,none,regularized_tweedie,ceded,238854634.78647417,339177091.73262715,578031726.5191014,1265073169.63203,0.01,7.120533100001921,success,,,True,True,925896077.8994029,925896077.8994029,272.98308183775737,272.98308183775737,2.7298308183775735,1.1
20,20260836,long_shock_break,constant,long,shock,True,none,regularized_poisson,gross,1411444129.464631,825456703.9981307,2236900833.462762,1256431464.3431575,0.01,1.930302099997789,success,,,True,True,430974760.34502685,430974760.34502685,52.21046219112212,52.21046219112212,0.5221046219112212,
20,20260836,long_shock_break,constant,long,shock,True,none,regularized_poisson,ceded,250475860.61266387,416751535.2918438,667227395.9045078,1315851317.6254234,0.1,1.508652800002892,success,,,True,True,899099782.3335797,899099782.3335797,215.7400048218073,215.7400048218073,2.157400048218073,
20,20260836,long_shock_break,constant,long,shock,True,none,regularized_tweedie,gross,1411444129.464631,825456703.9981307,2236900833.462762,1167356529.27167,0.0001,7.183707700001833,success,,,True,True,341899825.2735394,341899825.2735394,41.41947404600808,41.41947404600808,0.41419474046008076,1.9
20,20260836,long_shock_break,constant,long,shock,True,none,regularized_tweedie,ceded,250475860.61266387,416751535.2918438,667227395.9045078,1284527419.1477427,0.1,7.024701599999389,success,,,True,True,867775883.855899,867775883.855899,208.22380012306633,208.22380012306633,2.0822380012306634,1.1
21,20260837,short_stable_no_break,constant,short,stable,False,none,regularized_poisson,gross,1587712873.6898978,99984220.00134787,1687697093.6912453,134614076.2240421,0.0001,1.3391461999999592,success,,,True,True,34629856.22269422,34629856.22269422,34.63532167598785,34.63532167598785,0.3463532167598785,
21,20260837,short_stable_no_break,constant,short,stable,False,none,regularized_poisson,ceded,270864421.3374974,41005306.84397526,311869728.18147266,57735934.64587962,0.001,1.1712865000008605,success,,,True,True,16730627.801904358,16730627.801904358,40.80112816998105,40.80112816998105,0.4080112816998105,
21,20260837,short_stable_no_break,constant,short,stable,False,none,regularized_tweedie,gross,1587712873.6898978,99984220.00134787,1687697093.6912453,127964286.92005792,0.01,5.506769599996915,success,,,True,True,27980066.918710053,27980066.918710053,27.984482869729703,27.984482869729703,0.27984482869729704,1.9
21,20260837,short_stable_no_break,constant,short,stable,False,none,regularized_tweedie,ceded,270864421.3374974,41005306.84397526,311869728.18147266,52293105.558252156,0.01,5.158759900001314,success,,,True,True,11287798.714276895,11287798.714276895,27.527653328450498,27.527653328450498,0.27527653328450497,1.9
21,20260837,short_emerging_no_break,constant,short,emerging,False,none,regularized_poisson,gross,1614256477.255598,111040279.69460358,1725296756.9502017,127836406.00787246,0.0001,1.4038798000001407,success,,,True,True,16796126.313268885,16796126.313268885,15.126156345664496,15.126156345664496,0.15126156345664496,
21,20260837,short_emerging_no_break,constant,short,emerging,False,none,regularized_poisson,ceded,284948051.53827566,54484522.17886736,339432573.71714306,63768987.363882095,0.01,1.1982300000017858,success,,,True,True,9284465.185014732,9284465.185014732,17.04055539761318,17.04055539761318,0.1704055539761318,
21,20260837,short_emerging_no_break,constant,short,emerging,False,none,regularized_tweedie,gross,1614256477.255598,111040279.69460358,1725296756.9502017,104256127.25999346,0.0001,5.716438000003109,success,,,True,True,-6784152.4346101135,6784152.4346101135,-6.1096319761339855,6.1096319761339855,-0.061096319761339855,1.9
21,20260837,short_emerging_no_break,constant,short,emerging,False,none,regularized_tweedie,ceded,284948051.53827566,54484522.17886736,339432573.71714306,62031857.27010141,0.01,5.316626899999392,success,,,True,True,7547335.091234051,7547335.091234051,13.852255263351465,13.852255263351465,0.13852255263351465,1.1
21,20260837,short_shock_no_break,constant,short,shock,False,none,regularized_poisson,gross,1636492808.3668318,124498306.61176643,1760991114.9785984,144219332.97332668,0.0001,1.386224100002437,success,,,True,True,19721026.361560255,19721026.361560255,15.840397269866486,15.840397269866486,0.15840397269866485,
21,20260837,short_shock_no_break,constant,short,shock,False,none,regularized_poisson,ceded,296840378.52952754,72928903.41659532,369769281.9461229,87398106.65814024,0.01,1.199868299998343,success,,,True,True,14469203.241544917,14469203.241544917,19.840149191455385,19.840149191455385,0.19840149191455386,
21,20260837,short_shock_no_break,constant,short,shock,False,none,regularized_tweedie,gross,1636492808.3668318,124498306.61176643,1760991114.9785984,143189069.05910468,0.0001,5.655541800002538,success,,,True,True,18690762.447338253,18690762.447338253,15.012864797931137,15.012864797931137,0.15012864797931136,1.1
21,20260837,short_shock_no_break,constant,short,shock,False,none,regularized_tweedie,ceded,296840378.52952754,72928903.41659532,369769281.9461229,89172498.19310324,0.001,5.2698898000016925,success,,,True,True,16243594.776507914,16243594.776507914,22.27319213031195,22.27319213031195,0.22273192130311953,1.1
21,20260837,long_stable_no_break,constant,long,stable,False,none,regularized_poisson,gross,1224850837.7671535,747867583.0741976,1972718420.8413513,870591613.5431372,0.0001,1.5136816999984148,success,,,True,True,122724030.46893954,122724030.46893954,16.40986094951034,16.40986094951034,0.16409860949510338,
21,20260837,long_stable_no_break,constant,long,stable,False,none,regularized_poisson,ceded,177589830.29012975,293817676.39181364,471407506.6819433,352013021.1766295,0.1,1.2923773000002257,success,,,True,True,58195344.78481585,58195344.78481585,19.806618001842345,19.806618001842345,0.19806618001842347,
21,20260837,long_stable_no_break,constant,long,stable,False,none,regularized_tweedie,gross,1224850837.7671535,747867583.0741976,1972718420.8413513,882199949.3053961,0.0001,6.20734309999898,success,,,True,True,134332366.23119843,134332366.23119843,17.962052276555355,17.962052276555355,0.17962052276555354,1.9
21,20260837,long_stable_no_break,constant,long,stable,False,none,regularized_tweedie,ceded,177589830.29012975,293817676.39181364,471407506.6819433,351579661.041196,0.1,6.202916999998706,success,,,True,True,57761984.64938235,57761984.64938235,19.65912512777319,19.65912512777319,0.19659125127773192,1.1
21,20260837,long_emerging_no_break,constant,long,emerging,False,none,regularized_poisson,gross,1252645037.2247272,870441471.9957026,2123086509.22043,885462407.2918644,0.0001,1.6825637000001734,success,,,True,True,15020935.29616177,15020935.29616177,1.7256686152283804,1.7256686152283804,0.017256686152283804,
21,20260837,long_emerging_no_break,constant,long,emerging,False,none,regularized_poisson,ceded,185364292.5687822,404544870.1766237,589909162.7454059,486507054.9651351,0.1,1.386425099997723,success,,,True,True,81962184.7885114,81962184.7885114,20.260344607194455,20.260344607194455,0.20260344607194455,
21,20260837,long_emerging_no_break,constant,long,emerging,False,none,regularized_tweedie,gross,1252645037.2247272,870441471.9957026,2123086509.22043,836832811.9892498,0.001,6.636292199997115,success,,,True,True,-33608660.0064528,33608660.0064528,-3.861105092958935,3.861105092958935,-0.03861105092958935,1.9
21,20260837,long_emerging_no_break,constant,long,emerging,False,none,regularized_tweedie,ceded,185364292.5687822,404544870.1766237,589909162.7454059,488458533.22006804,0.1,6.580439199999091,success,,,True,True,83913663.04344434,83913663.04344434,20.742733187250096,20.742733187250096,0.20742733187250095,1.1
21,20260837,long_shock_no_break,constant,long,shock,False,none,regularized_poisson,gross,1276422845.404154,979935487.2974848,2256358332.701639,1051318339.3703845,0.0001,1.6391989000003377,success,,,True,True,71382852.0728997,71382852.0728997,7.284444027000482,7.284444027000482,0.07284444027000482,
21,20260837,long_shock_no_break,constant,long,shock,False,none,regularized_poisson,ceded,191235353.63243318,506133519.18876314,697368872.8211962,516656040.5920799,0.1,1.3621109999985492,success,,,True,True,10522521.403316736,10522521.403316736,2.0790010944508,2.0790010944508,0.020790010944508,
21,20260837,long_shock_no_break,constant,long,shock,False,none,regularized_tweedie,gross,1276422845.404154,979935487.2974848,2256358332.701639,1054308478.6144339,0.0001,6.6377315999998245,success,,,True,True,74372991.31694913,74372991.31694913,7.589580363301128,7.589580363301128,0.07589580363301128,1.9
21,20260837,long_shock_no_break,constant,long,shock,False,none,regularized_tweedie,ceded,191235353.63243318,506133519.18876314,697368872.8211962,517547190.90390426,0.1,6.569629599998734,success,,,True,True,11413671.715141118,11413671.715141118,2.2550712968852737,2.2550712968852737,0.022550712968852738,1.1
21,20260837,long_stable_break,constant,long,stable,True,none,regularized_poisson,gross,1335109909.7320125,587112556.203232,1922222465.9352448,950665099.3702064,0.0001,1.5893883999997342,success,,,True,True,363552543.1669743,363552543.1669743,61.922120269069616,61.922120269069616,0.6192212026906961,
21,20260837,long_stable_break,constant,long,stable,True,none,regularized_poisson,ceded,201664936.7311677,231881573.71837398,433546510.4495416,337708185.4121199,0.1,1.3748859999977867,success,,,True,True,105826611.69374594,105826611.69374594,45.63821523062243,45.63821523062243,0.4563821523062243,
21,20260837,long_stable_break,constant,long,stable,True,none,regularized_tweedie,gross,1335109909.7320125,587112556.203232,1922222465.9352448,953179705.6602197,0.0001,6.45162849999906,success,,,True,True,366067149.4569876,366067149.4569876,62.35042081611888,62.35042081611888,0.6235042081611888,1.1
21,20260837,long_stable_break,constant,long,stable,True,none,regularized_tweedie,ceded,201664936.7311677,231881573.71837398,433546510.4495416,332281679.34177434,0.1,6.475056299997959,success,,,True,True,100400105.62340036,100400105.62340036,43.29800941636648,43.29800941636648,0.43298009416366484,1.1
21,20260837,long_emerging_break,constant,long,emerging,True,none,regularized_poisson,gross,1367147376.8908615,670714660.9840623,2037862037.8749237,987365895.3787667,0.01,1.7749688000003516,success,,,True,True,316651234.39470434,316651234.39470434,47.21102024669007,47.21102024669007,0.4721102024669007,
21,20260837,long_emerging_break,constant,long,emerging,True,none,regularized_poisson,ceded,212488072.6058526,308303999.9153445,520792072.5211971,459798681.0207536,0.1,1.525373500000569,success,,,True,True,151494681.10540915,151494681.10540915,49.13808486007552,49.13808486007552,0.49138084860075526,
21,20260837,long_emerging_break,constant,long,emerging,True,none,regularized_tweedie,gross,1367147376.8908615,670714660.9840623,2037862037.8749237,957355292.7154497,0.001,7.050350900000922,success,,,True,True,286640631.7313874,286640631.7313874,42.73659849791156,42.73659849791156,0.4273659849791156,1.9
21,20260837,long_emerging_break,constant,long,emerging,True,none,regularized_tweedie,ceded,212488072.6058526,308303999.9153445,520792072.5211971,451557901.0254005,0.01,7.076578399999562,success,,,True,True,143253901.11005604,143253901.11005604,46.46514516496424,46.46514516496424,0.4646514516496424,1.1
21,20260837,long_shock_break,constant,long,shock,True,none,regularized_poisson,gross,1394498188.5171752,754509359.2499065,2149007547.7670817,1187580620.669681,0.01,1.7221405000018422,success,,,True,True,433071261.41977453,433071261.41977453,57.39773219649802,57.39773219649802,0.5739773219649802,
21,20260837,long_shock_break,constant,long,shock,True,none,regularized_poisson,ceded,221637837.06623343,386948735.9032155,608586572.969449,538278044.402926,0.1,1.4995518000032462,success,,,True,True,151329308.49971044,151329308.49971044,39.10836099424841,39.10836099424841,0.3910836099424841,
21,20260837,long_shock_break,constant,long,shock,True,none,regularized_tweedie,gross,1394498188.5171752,754509359.2499065,2149007547.7670817,1178960067.1451445,0.0001,6.958590100002766,success,,,True,True,424450707.8952379,424450707.8952379,56.25519454353813,56.25519454353813,0.5625519454353813,1.9
21,20260837,long_shock_break,constant,long,shock,True,none,regularized_tweedie,ceded,221637837.06623343,386948735.9032155,608586572.969449,527096922.3913013,0.01,7.0418855999996595,success,,,True,True,140148186.48808575,140148186.48808575,36.21879941304161,36.21879941304161,0.3621879941304161,1.1
22,20260838,short_stable_no_break,constant,short,stable,False,none,regularized_poisson,gross,1511269745.686391,107923515.78230163,1619193261.4686928,121263227.3920076,0.01,1.3829171999968821,success,,,True,True,13339711.60970597,13339711.60970597,12.360338257154469,12.360338257154469,0.12360338257154468,
22,20260838,short_stable_no_break,constant,short,stable,False,none,regularized_poisson,ceded,276917502.78690517,57648324.65838912,334565827.44529426,59612313.95848104,0.01,1.2100466999982018,success,,,True,True,1963989.3000919223,1963989.3000919223,3.406845405707931,3.406845405707931,0.03406845405707931,
22,20260838,short_stable_no_break,constant,short,stable,False,none,regularized_tweedie,gross,1511269745.686391,107923515.78230163,1619193261.4686928,124431557.86650841,0.1,5.662906699999439,success,,,True,True,16508042.084206775,16508042.084206775,15.296056623568527,15.296056623568527,0.15296056623568527,1.9
22,20260838,short_stable_no_break,constant,short,stable,False,none,regularized_tweedie,ceded,276917502.78690517,57648324.65838912,334565827.44529426,63786892.176481254,0.1,5.3224053000012645,success,,,True,True,6138567.518092133,6138567.518092133,10.648301671328507,10.648301671328507,0.10648301671328508,1.9
22,20260838,short_emerging_no_break,constant,short,emerging,False,none,regularized_poisson,gross,1535777651.0700061,119820365.71170437,1655598016.7817104,100420006.5763262,0.001,1.4456018999990192,success,,,True,True,-19400359.135378167,19400359.135378167,-16.191203406987338,16.191203406987338,-0.1619120340698734,
22,20260838,short_emerging_no_break,constant,short,emerging,False,none,regularized_poisson,ceded,291521781.68603647,70899698.54095288,362421480.2269894,52252724.48007803,0.01,1.2523173000008683,success,,,True,True,-18646974.06087485,18646974.06087485,-26.300498372505825,26.300498372505825,-0.26300498372505826,
22,20260838,short_emerging_no_break,constant,short,emerging,False,none,regularized_tweedie,gross,1535777651.0700061,119820365.71170437,1655598016.7817104,101788839.1224672,0.001,5.836588099999062,success,,,True,True,-18031526.58923717,18031526.58923717,-15.048799494254759,15.048799494254759,-0.15048799494254758,1.5
22,20260838,short_emerging_no_break,constant,short,emerging,False,none,regularized_tweedie,ceded,291521781.68603647,70899698.54095288,362421480.2269894,60500820.712814055,0.1,5.445140399999218,success,,,True,True,-10398877.82813882,10398877.82813882,-14.667026859264078,14.667026859264078,-0.1466702685926408,1.9
22,20260838,short_shock_no_break,constant,short,shock,False,none,regularized_poisson,gross,1556472885.781347,134325999.0140538,1690798884.7954013,117727691.77266894,0.0001,1.4452492000018538,success,,,True,True,-16598307.241384849,16598307.241384849,-12.356734633068509,12.356734633068509,-0.12356734633068508,
22,20260838,short_shock_no_break,constant,short,shock,False,none,regularized_poisson,ceded,304869032.99658775,86293025.80521232,391162058.8018001,79138063.5302678,0.1,1.2319485999978497,success,,,True,True,-7154962.274944514,7154962.274944514,-8.291472234494686,8.291472234494686,-0.08291472234494686,
22,20260838,short_shock_no_break,constant,short,shock,False,none,regularized_tweedie,gross,1556472885.781347,134325999.0140538,1690798884.7954013,120010909.57191917,0.0001,5.791378699999768,success,,,True,True,-14315089.442134619,14315089.442134619,-10.656975974276513,10.656975974276513,-0.10656975974276513,1.5
22,20260838,short_shock_no_break,constant,short,shock,False,none,regularized_tweedie,ceded,304869032.99658775,86293025.80521232,391162058.8018001,61880646.50865887,0.1,5.450919499999145,success,,,True,True,-24412379.296553448,24412379.296553448,-28.29009536837782,28.29009536837782,-0.2829009536837782,1.9
22,20260838,long_stable_no_break,constant,long,stable,False,none,regularized_poisson,gross,1169558104.8044868,719428049.2432202,1888986154.047707,806008628.4427731,0.001,1.5547585999993316,success,,,True,True,86580579.1995529,86580579.1995529,12.03464047455873,12.03464047455873,0.1203464047455873,
22,20260838,long_stable_no_break,constant,long,stable,False,none,regularized_poisson,ceded,181223263.94614393,311236465.83629763,492459729.7824416,462554242.1375773,0.1,1.439972599997418,success,,,True,True,151317776.30127966,151317776.30127966,48.61826710912111,48.61826710912111,0.48618267109121116,
22,20260838,long_stable_no_break,constant,long,stable,False,none,regularized_tweedie,gross,1169558104.8044868,719428049.2432202,1888986154.047707,805065677.9043926,0.0001,6.376339499998721,success,,,True,True,85637628.66117239,85637628.66117239,11.903571003557092,11.903571003557092,0.11903571003557091,1.1
22,20260838,long_stable_no_break,constant,long,stable,False,none,regularized_tweedie,ceded,181223263.94614393,311236465.83629763,492459729.7824416,294402666.0582705,1.0,6.4322508000004746,success,,,True,True,-16833799.778027117,16833799.778027117,-5.408684915115718,5.408684915115718,-0.05408684915115718,1.9
22,20260838,long_emerging_no_break,constant,long,emerging,False,none,regularized_poisson,gross,1196217281.4984682,837855382.4450485,2034072663.9435167,769492242.7647307,0.01,1.7945747999983723,success,,,True,True,-68363139.68031776,68363139.68031776,-8.159300651720933,8.159300651720933,-0.08159300651720934,
22,20260838,long_emerging_no_break,constant,long,emerging,False,none,regularized_poisson,ceded,189300911.3947878,417744754.7690689,607045666.1638566,607830331.3090576,0.1,1.5066831999974966,success,,,True,True,190085576.5399887,190085576.5399887,45.50280389398757,45.50280389398757,0.4550280389398757,
22,20260838,long_emerging_no_break,constant,long,emerging,False,none,regularized_tweedie,gross,1196217281.4984682,837855382.4450485,2034072663.9435167,764257803.9722688,0.01,7.018764500000543,success,,,True,True,-73597578.47277963,73597578.47277963,-8.784043167211687,8.784043167211687,-0.08784043167211687,1.1
22,20260838,long_emerging_no_break,constant,long,emerging,False,none,regularized_tweedie,ceded,189300911.3947878,417744754.7690689,607045666.1638566,363914535.0506724,1.0,6.871417199999996,success,,,True,True,-53830219.718396485,53830219.718396485,-12.885911577310901,12.885911577310901,-0.12885911577310902,1.9
22,20260838,long_shock_no_break,constant,long,shock,False,none,regularized_poisson,gross,1218520289.8157299,943285616.5844144,2161805906.400144,897470713.5633894,0.01,1.6985970999994606,success,,,True,True,-45814903.02102494,45814903.02102494,-4.8569491801346665,4.8569491801346665,-0.04856949180134666,
22,20260838,long_shock_no_break,constant,long,shock,False,none,regularized_poisson,ceded,195419396.2859807,515017898.025792,710437294.3117728,598847240.5926328,0.1,1.443363499998668,success,,,True,True,83829342.56684077,83829342.56684077,16.276976564927576,16.276976564927576,0.16276976564927575,
22,20260838,long_shock_no_break,constant,long,shock,False,none,regularized_tweedie,gross,1218520289.8157299,943285616.5844144,2161805906.400144,924615885.1032003,0.001,7.074149700001726,success,,,True,True,-18669731.481214046,18669731.481214046,-1.9792235938904827,1.9792235938904827,-0.019792235938904827,1.3
22,20260838,long_shock_no_break,constant,long,shock,False,none,regularized_tweedie,ceded,195419396.2859807,515017898.025792,710437294.3117728,376133567.64179033,1.0,6.792652000000089,success,,,True,True,-138884330.38400167,138884330.38400167,-26.966893949974214,26.966893949974214,-0.26966893949974213,1.9
22,20260838,long_stable_break,constant,long,stable,True,none,regularized_poisson,gross,1278812339.4125516,560863540.8955141,1839675880.3080654,878642369.3271223,0.001,1.6407757999986643,success,,,True,True,317778828.4316082,317778828.4316082,56.658849303026585,56.658849303026585,0.5665884930302658,
22,20260838,long_stable_break,constant,long,stable,True,none,regularized_poisson,ceded,212846586.0791038,242912960.2702518,455759546.34935564,457089541.7867126,0.1,1.437631799999508,success,,,True,True,214176581.51646078,214176581.51646078,88.17009239777882,88.17009239777882,0.8817009239777882,
22,20260838,long_stable_break,constant,long,stable,True,none,regularized_tweedie,gross,1278812339.4125516,560863540.8955141,1839675880.3080654,881055749.3908684,0.0001,6.7170658000031835,success,,,True,True,320192208.4953543,320192208.4953543,57.08914649437061,57.08914649437061,0.5708914649437061,1.1
22,20260838,long_stable_break,constant,long,stable,True,none,regularized_tweedie,ceded,212846586.0791038,242912960.2702518,455759546.34935564,357297723.43386513,1.0,6.703177800001868,success,,,True,True,114384763.16361332,114384763.16361332,47.08878564418919,47.08878564418919,0.47088785644189185,1.9
22,20260838,long_emerging_break,constant,long,emerging,True,none,regularized_poisson,gross,1309553898.3863566,641287802.3653271,1950841700.751684,890250695.5161471,0.01,1.9425659000007727,success,,,True,True,248962893.15082002,248962893.15082002,38.822334095946445,38.822334095946445,0.3882233409594644,
22,20260838,long_emerging_break,constant,long,emerging,True,none,regularized_poisson,ceded,223923880.55819485,315854607.4999018,539778488.0580965,567196860.7029849,0.1,1.629681399997935,success,,,True,True,251342253.20308316,251342253.20308316,79.57530054493864,79.57530054493864,0.7957530054493864,
22,20260838,long_emerging_break,constant,long,emerging,True,none,regularized_tweedie,gross,1309553898.3863566,641287802.3653271,1950841700.751684,870322863.4453659,0.001,7.677325999997265,success,,,True,True,229035061.0800388,229035061.0800388,35.71486316054437,35.71486316054437,0.3571486316054437,1.9
22,20260838,long_emerging_break,constant,long,emerging,True,none,regularized_tweedie,ceded,223923880.55819485,315854607.4999018,539778488.0580965,438113174.80324316,1.0,7.329926700000215,success,,,True,True,122258567.30334139,122258567.30334139,38.70722933917607,38.70722933917607,0.3870722933917607,1.9
22,20260838,long_shock_break,constant,long,shock,True,none,regularized_poisson,gross,1335204107.0044487,721453584.8393507,2056657691.8437996,1057075834.7994156,0.01,1.851347399999213,success,,,True,True,335622249.9600649,335622249.9600649,46.52028308027597,46.52028308027597,0.4652028308027597,
22,20260838,long_shock_break,constant,long,shock,True,none,regularized_poisson,ceded,232654925.20378175,391323534.80216134,623978460.0059432,592744407.7281574,0.1,1.5837175999986357,success,,,True,True,201420872.92599607,201420872.92599607,51.471699249529415,51.471699249529415,0.5147169924952941,
22,20260838,long_shock_break,constant,long,shock,True,none,regularized_tweedie,gross,1335204107.0044487,721453584.8393507,2056657691.8437996,1052826575.7641039,0.01,7.482262400000764,success,,,True,True,331372990.9247532,331372990.9247532,45.931297298708614,45.931297298708614,0.4593129729870862,1.1
22,20260838,long_shock_break,constant,long,shock,True,none,regularized_tweedie,ceded,232654925.20378175,391323534.80216134,623978460.0059432,460422310.0921234,1.0,7.253404399998544,success,,,True,True,69098775.28996205,69098775.28996205,17.657710090167676,17.657710090167676,0.17657710090167675,1.9
23,20260839,short_stable_no_break,constant,short,stable,False,none,regularized_poisson,gross,1557185964.5102024,131889539.48261106,1689075503.9928136,132287537.31466842,0.01,1.3249890000006417,success,,,True,True,397997.83205735683,397997.83205735683,0.3017660336207564,0.3017660336207564,0.0030176603362075637,
23,20260839,short_stable_no_break,constant,short,stable,False,none,regularized_poisson,ceded,296917041.09315604,62637929.17204631,359554970.2652024,73785340.00964166,0.01,1.1909371000001556,success,,,True,True,11147410.837595351,11147410.837595351,17.796582653581964,17.796582653581964,0.17796582653581966,
23,20260839,short_stable_no_break,constant,short,stable,False,none,regularized_tweedie,gross,1557185964.5102024,131889539.48261106,1689075503.9928136,130627269.77818926,0.0001,5.468434599999455,success,,,True,True,-1262269.7044218034,1262269.7044218034,-0.9570658214241676,0.9570658214241676,-0.009570658214241676,1.1
23,20260839,short_stable_no_break,constant,short,stable,False,none,regularized_tweedie,ceded,296917041.09315604,62637929.17204631,359554970.2652024,72069815.83839965,0.0001,5.294825100001617,success,,,True,True,9431886.666353337,9431886.666353337,15.057788134162239,15.057788134162239,0.1505778813416224,1.1
23,20260839,short_emerging_no_break,constant,short,emerging,False,none,regularized_poisson,gross,1586684230.5785196,146496238.93990734,1733180469.5184271,165032712.75110352,0.01,1.3944946000010532,success,,,True,True,18536473.81119618,18536473.81119618,12.653207990411158,12.653207990411158,0.12653207990411158,
23,20260839,short_emerging_no_break,constant,short,emerging,False,none,regularized_poisson,ceded,312003252.43256915,78387981.19540745,390391233.6279765,123213291.7803289,0.001,1.2204109000012977,success,,,True,True,44825310.58492145,44825310.58492145,57.18390740690188,57.18390740690188,0.5718390740690188,
23,20260839,short_emerging_no_break,constant,short,emerging,False,none,regularized_tweedie,gross,1586684230.5785196,146496238.93990734,1733180469.5184271,163309508.8660503,0.0001,5.644110299999738,success,,,True,True,16813269.92614296,16813269.92614296,11.476929406385478,11.476929406385478,0.11476929406385479,1.7
23,20260839,short_emerging_no_break,constant,short,emerging,False,none,regularized_tweedie,ceded,312003252.43256915,78387981.19540745,390391233.6279765,99420018.69400625,0.01,5.374443700002303,success,,,True,True,21032037.4985988,21032037.4985988,26.830691616065007,26.830691616065007,0.26830691616065006,1.1
23,20260839,short_shock_no_break,constant,short,shock,False,none,regularized_poisson,gross,1612261328.051496,164253491.3102482,1776514819.3617442,185844253.32477862,0.01,1.388533000001189,success,,,True,True,21590762.01453042,21590762.01453042,13.14478118078414,13.14478118078414,0.1314478118078414,
23,20260839,short_shock_no_break,constant,short,shock,False,none,regularized_poisson,ceded,324860699.57547736,98920315.12066408,423781014.6961415,126392940.43668059,0.01,1.2302549999985786,success,,,True,True,27472625.31601651,27472625.31601651,27.77248058955848,27.77248058955848,0.2777248058955848,
23,20260839,short_shock_no_break,constant,short,shock,False,none,regularized_tweedie,gross,1612261328.051496,164253491.3102482,1776514819.3617442,179905089.45962393,0.001,5.668463599999086,success,,,True,True,15651598.149375737,15651598.149375737,9.528928745759448,9.528928745759448,0.09528928745759448,1.5
23,20260839,short_shock_no_break,constant,short,shock,False,none,regularized_tweedie,ceded,324860699.57547736,98920315.12066408,423781014.6961415,124756542.4068436,0.01,5.4523938999991515,success,,,True,True,25836227.286179528,25836227.286179528,26.118221777462207,26.118221777462207,0.2611822177746221,1.1
23,20260839,long_stable_no_break,constant,long,stable,False,none,regularized_poisson,gross,1167612271.0072868,808953197.8976305,1976565468.9049172,776540130.3512462,0.01,1.4959086999988358,success,,,True,True,-32413067.546384215,32413067.546384215,-4.006791447344763,4.006791447344763,-0.04006791447344763,
23,20260839,long_stable_no_break,constant,long,stable,False,none,regularized_poisson,ceded,167935786.40313375,361210837.2146398,529146623.61777353,259553592.0743812,0.1,1.3461504000006244,success,,,True,True,-101657245.14025858,101657245.14025858,-28.143464887198693,28.143464887198693,-0.28143464887198694,
23,20260839,long_stable_no_break,constant,long,stable,False,none,regularized_tweedie,gross,1167612271.0072868,808953197.8976305,1976565468.9049172,775649171.0663074,0.01,6.251441999997041,success,,,True,True,-33304026.831323028,33304026.831323028,-4.116928756555519,4.116928756555519,-0.04116928756555519,1.1
23,20260839,long_stable_no_break,constant,long,stable,False,none,regularized_tweedie,ceded,167935786.40313375,361210837.2146398,529146623.61777353,260429038.02471185,0.1,6.238110500002222,success,,,True,True,-100781799.18992794,100781799.18992794,-27.901100633379134,27.901100633379134,-0.27901100633379133,1.1
23,20260839,long_emerging_no_break,constant,long,emerging,False,none,regularized_poisson,gross,1194298371.9517908,943927910.9992571,2138226282.9510477,859341498.4996396,0.01,1.7394494999971357,success,,,True,True,-84586412.49961746,84586412.49961746,-8.961109372226629,8.961109372226629,-0.08961109372226629,
23,20260839,long_emerging_no_break,constant,long,emerging,False,none,regularized_poisson,ceded,176205207.33352518,479069173.1568164,655274380.4903417,373221268.68596566,0.1,1.4727601999984472,success,,,True,True,-105847904.47085077,105847904.47085077,-22.09449290451485,22.09449290451485,-0.2209449290451485,
23,20260839,long_emerging_no_break,constant,long,emerging,False,none,regularized_tweedie,gross,1194298371.9517908,943927910.9992571,2138226282.9510477,839416396.4789674,0.01,6.823036699999648,success,,,True,True,-104511514.52028966,104511514.52028966,-11.071980529705082,11.071980529705082,-0.11071980529705082,1.1
23,20260839,long_emerging_no_break,constant,long,emerging,False,none,regularized_tweedie,ceded,176205207.33352518,479069173.1568164,655274380.4903417,377100885.31770664,0.1,6.660368500000914,success,,,True,True,-101968287.83910978,101968287.83910978,-21.284669010780185,21.284669010780185,-0.21284669010780186,1.1
23,20260839,long_shock_no_break,constant,long,shock,False,none,regularized_poisson,gross,1217754443.895353,1062664920.798289,2280419364.693642,1052260800.9264119,0.01,1.693758400000661,success,,,True,True,-10404119.871877074,10404119.871877074,-0.9790593128887092,0.9790593128887092,-0.009790593128887092,
23,20260839,long_shock_no_break,constant,long,shock,False,none,regularized_poisson,ceded,183821446.7320588,578828338.7857236,762649785.5177824,444760353.1120582,0.1,1.4900120999991486,success,,,True,True,-134067985.67366534,134067985.67366534,-23.161959546575684,23.161959546575684,-0.23161959546575683,
23,20260839,long_shock_no_break,constant,long,shock,False,none,regularized_tweedie,gross,1217754443.895353,1062664920.798289,2280419364.693642,1114418276.112821,0.001,6.854718399998092,success,,,True,True,51753355.31453216,51753355.31453216,4.870148087287411,4.870148087287411,0.04870148087287412,1.1
23,20260839,long_shock_no_break,constant,long,shock,False,none,regularized_tweedie,ceded,183821446.7320588,578828338.7857236,762649785.5177824,448361583.56660116,0.1,6.643920700000308,success,,,True,True,-130466755.21912241,130466755.21912241,-22.53980091797473,22.53980091797473,-0.2253980091797473,1.1
23,20260839,long_stable_break,constant,long,stable,True,none,regularized_poisson,gross,1279261631.096116,643475755.4662353,1922737386.5623517,1066567868.8162708,0.01,1.5764415999983612,success,,,True,True,423092113.35003555,423092113.35003555,65.75105740285132,65.75105740285132,0.6575105740285132,
23,20260839,long_stable_break,constant,long,stable,True,none,regularized_poisson,ceded,203580846.76674375,284791008.68740845,488371855.45415217,569530467.9574928,0.1,1.4229692000008072,success,,,True,True,284739459.2700844,284739459.2700844,99.98189921178985,99.98189921178985,0.9998189921178985,
23,20260839,long_stable_break,constant,long,stable,True,none,regularized_tweedie,gross,1279261631.096116,643475755.4662353,1922737386.5623517,1059342350.6169313,0.01,6.674498599997605,success,,,True,True,415866595.15069604,415866595.15069604,64.62816844581451,64.62816844581451,0.6462816844581452,1.1
23,20260839,long_stable_break,constant,long,stable,True,none,regularized_tweedie,ceded,203580846.76674375,284791008.68740845,488371855.45415217,562344965.7845653,0.1,6.646837199998117,success,,,True,True,277553957.0971569,277553957.0971569,97.45882019814921,97.45882019814921,0.9745882019814921,1.1
23,20260839,long_emerging_break,constant,long,emerging,True,none,regularized_poisson,gross,1310693364.9731216,736060139.9627335,2046753504.9358554,1184862500.5196347,0.01,1.7855079000000842,success,,,True,True,448802360.5569012,448802360.5569012,60.97359932839509,60.97359932839509,0.6097359932839509,
23,20260839,long_emerging_break,constant,long,emerging,True,none,regularized_poisson,ceded,216131291.27327377,366872921.985839,583004213.2591128,873218303.2927055,0.1,1.5828972999988764,success,,,True,True,506345381.3068665,506345381.3068665,138.0165585854851,138.0165585854851,1.380165585854851,
23,20260839,long_emerging_break,constant,long,emerging,True,none,regularized_tweedie,gross,1310693364.9731216,736060139.9627335,2046753504.9358554,1163721890.4807744,0.01,7.302229500000976,success,,,True,True,427661750.5180409,427661750.5180409,58.10146852126693,58.10146852126693,0.5810146852126693,1.1
23,20260839,long_emerging_break,constant,long,emerging,True,none,regularized_tweedie,ceded,216131291.27327377,366872921.985839,583004213.2591128,859612593.7947241,0.1,7.252283599998918,success,,,True,True,492739671.8088851,492739671.8088851,134.30799666046337,134.30799666046337,1.3430799666046338,1.1
23,20260839,long_shock_break,constant,long,shock,True,none,regularized_poisson,gross,1338428907.6218548,827996734.5778254,2166425642.19968,1417585849.6201196,0.01,1.7483016999976826,success,,,True,True,589589115.0422941,589589115.0422941,71.20669568134358,71.20669568134358,0.7120669568134357,
23,20260839,long_shock_break,constant,long,shock,True,none,regularized_poisson,ceded,227115339.83906373,447552612.8081651,674667952.647229,995420056.5359236,0.1,1.569794200000615,success,,,True,True,547867443.7277585,547867443.7277585,122.41408675734655,122.41408675734655,1.2241408675734655,
23,20260839,long_shock_break,constant,long,shock,True,none,regularized_tweedie,gross,1338428907.6218548,827996734.5778254,2166425642.19968,1397820919.8214612,0.01,7.132546699998784,success,,,True,True,569824185.2436358,569824185.2436358,68.81961745104886,68.81961745104886,0.6881961745104885,1.1
23,20260839,long_shock_break,constant,long,shock,True,none,regularized_tweedie,ceded,227115339.83906373,447552612.8081651,674667952.647229,977131294.4157715,0.1,7.1679542000019865,success,,,True,True,529578681.6076064,529578681.6076064,118.32769297999836,118.32769297999836,1.1832769297999837,1.1
24,20260840,short_stable_no_break,constant,short,stable,False,none,regularized_poisson,gross,1770376690.7547855,118342118.97838429,1888718809.7331698,119613401.79509234,0.0001,1.3733944000014162,success,,,True,True,1271282.8167080581,1271282.8167080581,1.0742437499705946,1.0742437499705946,0.010742437499705946,
24,20260840,short_stable_no_break,constant,short,stable,False,none,regularized_poisson,ceded,334979144.4189991,46324811.78115249,381303956.20015156,62022959.98378192,0.001,1.22876560000077,success,,,True,True,15698148.202629432,15698148.202629432,33.88712786743866,33.88712786743866,0.3388712786743866,
24,20260840,short_stable_no_break,constant,short,stable,False,none,regularized_tweedie,gross,1770376690.7547855,118342118.97838429,1888718809.7331698,124120200.48882335,0.1,5.559358200000133,success,,,True,True,5778081.510439068,5778081.510439068,4.882523281076673,4.882523281076673,0.04882523281076673,1.7
24,20260840,short_stable_no_break,constant,short,stable,False,none,regularized_tweedie,ceded,334979144.4189991,46324811.78115249,381303956.20015156,97526668.0263115,1.0,5.388471199999913,success,,,True,True,51201856.245159015,51201856.245159015,110.52793152629879,110.52793152629879,1.1052793152629878,1.7
24,20260840,short_emerging_no_break,constant,short,emerging,False,none,regularized_poisson,gross,1797074959.8277657,131514834.12503251,1928589793.9527986,106339114.24595088,0.001,1.447735499998089,success,,,True,True,-25175719.879081637,25175719.879081637,-19.142874677655616,19.142874677655616,-0.19142874677655616,
24,20260840,short_emerging_no_break,constant,short,emerging,False,none,regularized_poisson,ceded,346371794.7601698,63769885.24600458,410141680.0061744,36252040.26744945,0.001,1.2601603000002797,success,,,True,True,-27517844.978555128,27517844.978555128,-43.15178688561184,43.15178688561184,-0.4315178688561184,
24,20260840,short_emerging_no_break,constant,short,emerging,False,none,regularized_tweedie,gross,1797074959.8277657,131514834.12503251,1928589793.9527986,100999950.02437498,0.0001,5.806768200000079,success,,,True,True,-30514884.100657538,30514884.100657538,-23.2026176390465,23.2026176390465,-0.232026176390465,1.9
24,20260840,short_emerging_no_break,constant,short,emerging,False,none,regularized_tweedie,ceded,346371794.7601698,63769885.24600458,410141680.0061744,36590587.40277398,0.001,5.497092599998723,success,,,True,True,-27179297.843230605,27179297.843230605,-42.620898153385795,42.620898153385795,-0.42620898153385794,1.1
24,20260840,short_shock_no_break,constant,short,shock,False,none,regularized_poisson,gross,1819817530.4824805,147479038.64580846,1967296569.128289,125391041.9698464,0.0001,1.4073736000027566,success,,,True,True,-22087996.67596206,22087996.67596206,-14.977041401123772,14.977041401123772,-0.14977041401123772,
24,20260840,short_shock_no_break,constant,short,shock,False,none,regularized_poisson,ceded,355504223.49531287,87721052.42628112,443225275.921594,45887267.23651987,0.01,1.256717000000208,success,,,True,True,-41833785.18976125,41833785.18976125,-47.689561436711514,47.689561436711514,-0.47689561436711514,
24,20260840,short_shock_no_break,constant,short,shock,False,none,regularized_tweedie,gross,1819817530.4824805,147479038.64580846,1967296569.128289,112092689.44040197,0.0001,5.8289471000025515,success,,,True,True,-35386349.20540649,35386349.20540649,-23.994155054395055,23.994155054395055,-0.23994155054395055,1.9
24,20260840,short_shock_no_break,constant,short,shock,False,none,regularized_tweedie,ceded,355504223.49531287,87721052.42628112,443225275.921594,54713298.921518326,0.1,5.498746199999005,success,,,True,True,-33007753.5047628,33007753.5047628,-37.62808652176375,37.62808652176375,-0.3762808652176375,1.9
24,20260840,long_stable_no_break,constant,long,stable,False,none,regularized_poisson,gross,1413500510.0509386,786445084.3680733,2199945594.4190116,838389816.3924234,0.0001,1.5917088000023796,success,,,True,True,51944732.02435005,51944732.02435005,6.605004348916344,6.605004348916344,0.06605004348916343,
24,20260840,long_stable_no_break,constant,long,stable,False,none,regularized_poisson,ceded,227254251.1937296,323707142.96329314,550961394.1570227,558362598.8523791,0.1,1.4127631999981531,success,,,True,True,234655455.88908595,234655455.88908595,72.49004570643496,72.49004570643496,0.7249004570643496,
24,20260840,long_stable_no_break,constant,long,stable,False,none,regularized_tweedie,gross,1413500510.0509386,786445084.3680733,2199945594.4190116,845883847.7935385,0.0001,6.319684599999164,success,,,True,True,59438763.42546511,59438763.42546511,7.557903864733991,7.557903864733991,0.0755790386473399,1.9
24,20260840,long_stable_no_break,constant,long,stable,False,none,regularized_tweedie,ceded,227254251.1937296,323707142.96329314,550961394.1570227,519917117.8611461,0.01,6.379644799999369,success,,,True,True,196209974.89785296,196209974.89785296,60.61342147154974,60.61342147154974,0.6061342147154974,1.1
24,20260840,long_emerging_no_break,constant,long,emerging,False,none,regularized_poisson,gross,1443518391.3387692,915663146.7850547,2359181538.123824,805047609.1316524,0.01,1.7852848000002268,success,,,True,True,-110615537.65340233,110615537.65340233,-12.080374539674308,12.080374539674308,-0.12080374539674307,
24,20260840,long_emerging_no_break,constant,long,emerging,False,none,regularized_poisson,ceded,237867390.952799,436460586.6554656,674327977.6082646,750447838.3600184,0.1,1.5344141999994463,success,,,True,True,313987251.70455277,313987251.70455277,71.93942850844603,71.93942850844603,0.7193942850844602,
24,20260840,long_emerging_no_break,constant,long,emerging,False,none,regularized_tweedie,gross,1443518391.3387692,915663146.7850547,2359181538.123824,794079398.4665768,0.001,6.913656999997329,success,,,True,True,-121583748.31847787,121583748.31847787,-13.278217950057869,13.278217950057869,-0.1327821795005787,1.9
24,20260840,long_emerging_no_break,constant,long,emerging,False,none,regularized_tweedie,ceded,237867390.952799,436460586.6554656,674327977.6082646,619566126.4384105,0.001,6.933285200000682,success,,,True,True,183105539.78294492,183105539.78294492,41.95236531803621,41.95236531803621,0.41952365318036205,1.1
24,20260840,long_shock_no_break,constant,long,shock,False,none,regularized_poisson,gross,1468650356.4990034,1030849956.3198844,2499500312.8188877,957155764.6069009,0.01,1.701290600001812,success,,,True,True,-73694191.71298349,73694191.71298349,-7.148876639241506,7.148876639241506,-0.07148876639241507,
24,20260840,long_shock_no_break,constant,long,shock,False,none,regularized_poisson,ceded,246215867.66052395,537303375.7724771,783519243.4330012,746213229.8648205,0.01,1.5359542999976838,success,,,True,True,208909854.09234333,208909854.09234333,38.88117281824168,38.88117281824168,0.38881172818241677,
24,20260840,long_shock_no_break,constant,long,shock,False,none,regularized_tweedie,gross,1468650356.4990034,1030849956.3198844,2499500312.8188877,1095938708.2250924,0.0001,6.850723799998377,success,,,True,True,65088751.90520799,65088751.90520799,6.314085915817821,6.314085915817821,0.06314085915817821,1.9
24,20260840,long_shock_no_break,constant,long,shock,False,none,regularized_tweedie,ceded,246215867.66052395,537303375.7724771,783519243.4330012,699013426.4337704,0.001,6.79304140000022,success,,,True,True,161710050.66129327,161710050.66129327,30.096600533879748,30.096600533879748,0.30096600533879747,1.1
24,20260840,long_stable_break,constant,long,stable,True,none,regularized_poisson,gross,1536520537.4136438,608293069.2819995,2144813606.6956434,939081378.7684793,0.0001,1.6836755000003905,success,,,True,True,330788309.4864799,330788309.4864799,54.37975972287944,54.37975972287944,0.5437975972287944,
24,20260840,long_stable_break,constant,long,stable,True,none,regularized_poisson,ceded,270139356.89787513,240195288.976933,510334645.87480813,596361756.1192076,0.01,1.4568269000010332,success,,,True,True,356166467.1422746,356166467.1422746,148.28203694556174,148.28203694556174,1.4828203694556175,
24,20260840,long_stable_break,constant,long,stable,True,none,regularized_tweedie,gross,1536520537.4136438,608293069.2819995,2144813606.6956434,965766319.6528101,0.001,6.621871600000304,success,,,True,True,357473250.3708106,357473250.3708106,58.76661570265057,58.76661570265057,0.5876661570265057,1.7
24,20260840,long_stable_break,constant,long,stable,True,none,regularized_tweedie,ceded,270139356.89787513,240195288.976933,510334645.87480813,583015519.9529054,0.01,6.486850699999195,success,,,True,True,342820230.9759724,342820230.9759724,142.72562648341324,142.72562648341324,1.4272562648341323,1.1
24,20260840,long_emerging_break,constant,long,emerging,True,none,regularized_poisson,gross,1571005312.7491932,695242579.8894112,2266247892.638604,944833091.2859881,0.01,1.9952182000015455,success,,,True,True,249590511.39657688,249590511.39657688,35.899773491473724,35.899773491473724,0.35899773491473724,
24,20260840,long_emerging_break,constant,long,emerging,True,none,regularized_poisson,ceded,283822256.2153398,318321479.60916555,602143735.8245053,760154017.8927826,0.01,1.6394237999993493,success,,,True,True,441832538.283617,441832538.283617,138.80073026366242,138.80073026366242,1.3880073026366242,
24,20260840,long_emerging_break,constant,long,emerging,True,none,regularized_tweedie,gross,1571005312.7491932,695242579.8894112,2266247892.638604,944143327.2067173,0.001,7.281131299998378,success,,,True,True,248900747.31730604,248900747.31730604,35.800561489904354,35.800561489904354,0.35800561489904353,1.9
24,20260840,long_emerging_break,constant,long,emerging,True,none,regularized_tweedie,ceded,283822256.2153398,318321479.60916555,602143735.8245053,745807308.0266253,0.01,6.901636500002496,success,,,True,True,427485828.4174597,427485828.4174597,134.29374258448595,134.29374258448595,1.3429374258448596,1.1
24,20260840,long_shock_break,constant,long,shock,True,none,regularized_poisson,gross,1599740355.8564835,782093251.8954546,2381833607.751938,1129797499.8761864,0.01,1.9115873000009742,success,,,True,True,347704247.9807317,347704247.9807317,44.458157277031546,44.458157277031546,0.44458157277031546,
24,20260840,long_shock_break,constant,long,shock,True,none,regularized_poisson,ceded,294791294.64714557,397126306.2678751,691917600.9150207,837671095.6245922,0.01,1.6350515999984054,success,,,True,True,440544789.3567171,440544789.3567171,110.93316720740096,110.93316720740096,1.1093316720740096,
24,20260840,long_shock_break,constant,long,shock,True,none,regularized_tweedie,gross,1599740355.8564835,782093251.8954546,2381833607.751938,1232404697.7013884,0.0001,7.240287700002227,success,,,True,True,450311445.8059337,450311445.8059337,57.577717837939936,57.577717837939936,0.5757771783793993,1.9
24,20260840,long_shock_break,constant,long,shock,True,none,regularized_tweedie,ceded,294791294.64714557,397126306.2678751,691917600.9150207,794161721.9568434,0.01,6.958669999999984,success,,,True,True,397035415.6889683,397035415.6889683,99.9771129291935,99.9771129291935,0.999771129291935,1.3
25,20260841,short_stable_no_break,constant,short,stable,False,none,regularized_poisson,gross,1663070440.3984003,157284835.93575907,1820355276.3341599,132562102.43622923,0.01,1.3568296000012197,success,,,True,True,-24722733.49952984,24722733.49952984,-15.718446951635896,15.718446951635896,-0.15718446951635895,
25,20260841,short_stable_no_break,constant,short,stable,False,none,regularized_poisson,ceded,329426897.70361316,70838895.44249286,400265793.14610606,64435891.586043745,0.01,1.1998177999994368,success,,,True,True,-6403003.856449112,6403003.856449112,-9.03882509241986,9.03882509241986,-0.0903882509241986,
25,20260841,short_stable_no_break,constant,short,stable,False,none,regularized_tweedie,gross,1663070440.3984003,157284835.93575907,1820355276.3341599,131269560.76469989,0.0001,5.600068300002022,success,,,True,True,-26015275.171059176,26015275.171059176,-16.54023098684782,16.54023098684782,-0.1654023098684782,1.1
25,20260841,short_stable_no_break,constant,short,stable,False,none,regularized_tweedie,ceded,329426897.70361316,70838895.44249286,400265793.14610606,64132651.46983196,0.0001,5.319083599999431,success,,,True,True,-6706243.972660899,6706243.972660899,-9.46689517216575,9.46689517216575,-0.09466895172165748,1.3
25,20260841,short_emerging_no_break,constant,short,emerging,False,none,regularized_poisson,gross,1692811565.8038528,174792250.52559975,1867603816.329453,141054409.41947466,0.001,1.446075899999414,success,,,True,True,-33737841.10612509,33737841.10612509,-19.301680140095172,19.301680140095172,-0.19301680140095173,
25,20260841,short_emerging_no_break,constant,short,emerging,False,none,regularized_poisson,ceded,343099626.4513144,90963359.60613754,434062986.0574519,58590513.68001777,0.01,1.25168720000147,success,,,True,True,-32372845.926119775,32372845.926119775,-35.58888553181306,35.58888553181306,-0.35588885531813064,
25,20260841,short_emerging_no_break,constant,short,emerging,False,none,regularized_tweedie,gross,1692811565.8038528,174792250.52559975,1867603816.329453,113270202.7226592,0.0001,5.793028799998865,success,,,True,True,-61522047.80294055,61522047.80294055,-35.19723993366064,35.19723993366064,-0.3519723993366064,1.9
25,20260841,short_emerging_no_break,constant,short,emerging,False,none,regularized_tweedie,ceded,343099626.4513144,90963359.60613754,434062986.0574519,57431076.57264906,0.001,5.434584400001768,success,,,True,True,-33532283.033488482,33532283.033488482,-36.863505458329584,36.863505458329584,-0.3686350545832959,1.9
25,20260841,short_shock_no_break,constant,short,shock,False,none,regularized_poisson,gross,1720029611.0854402,196004988.7531731,1916034599.8386135,171071321.65743834,0.0001,1.4333738000023004,success,,,True,True,-24933667.095734775,24933667.095734775,-12.72093493861703,12.72093493861703,-0.1272093493861703,
25,20260841,short_shock_no_break,constant,short,shock,False,none,regularized_poisson,ceded,354821697.0009514,117526740.60372524,472348437.6046766,74645051.19778672,0.01,1.2331731999984186,success,,,True,True,-42881689.40593852,42881689.40593852,-36.48675117310221,36.48675117310221,-0.36486751173102216,
25,20260841,short_shock_no_break,constant,short,shock,False,none,regularized_tweedie,gross,1720029611.0854402,196004988.7531731,1916034599.8386135,128517594.88522333,0.0001,5.768932300001325,success,,,True,True,-67487393.86794978,67487393.86794978,-34.431467432155976,34.431467432155976,-0.34431467432155977,1.9
25,20260841,short_shock_no_break,constant,short,shock,False,none,regularized_tweedie,ceded,354821697.0009514,117526740.60372524,472348437.6046766,65587677.98719376,0.0001,5.414704900002107,success,,,True,True,-51939062.61653148,51939062.61653148,-44.19340002941013,44.19340002941013,-0.4419340002941013,1.9
25,20260841,long_stable_no_break,constant,long,stable,False,none,regularized_poisson,gross,1256096345.09212,866259735.073673,2122356080.165793,791656486.9401784,0.001,1.5953082999985781,success,,,True,True,-74603248.13349462,74603248.13349462,-8.612110792284467,8.612110792284467,-0.08612110792284466,
25,20260841,long_stable_no_break,constant,long,stable,False,none,regularized_poisson,ceded,216288335.10296252,363276899.847718,579565234.9506805,408282788.437675,0.1,1.4043318000003637,success,,,True,True,45005888.589957,45005888.589957,12.38886607125942,12.38886607125942,0.1238886607125942,
25,20260841,long_stable_no_break,constant,long,stable,False,none,regularized_tweedie,gross,1256096345.09212,866259735.073673,2122356080.165793,778578610.0576959,0.01,6.364285599996947,success,,,True,True,-87681125.01597714,87681125.01597714,-10.121805443089203,10.121805443089203,-0.10121805443089203,1.9
25,20260841,long_stable_no_break,constant,long,stable,False,none,regularized_tweedie,ceded,216288335.10296252,363276899.847718,579565234.9506805,286855924.0227123,1.0,6.320677299998351,success,,,True,True,-76420975.82500571,76420975.82500571,-21.036563529649314,21.036563529649314,-0.21036563529649313,1.9
25,20260841,long_emerging_no_break,constant,long,emerging,False,none,regularized_poisson,gross,1283758157.0839994,1010446645.696698,2294204802.7806973,768929510.1575866,0.01,1.8169740000012098,success,,,True,True,-241517135.53911138,241517135.53911138,-23.902017644146518,23.902017644146518,-0.23902017644146517,
25,20260841,long_emerging_no_break,constant,long,emerging,False,none,regularized_poisson,ceded,226057121.13184682,483451898.3606769,709509019.4925238,538404100.3115855,0.1,1.4422584000021743,success,,,True,True,54952201.95090866,54952201.95090866,11.366632779237086,11.366632779237086,0.11366632779237086,
25,20260841,long_emerging_no_break,constant,long,emerging,False,none,regularized_tweedie,gross,1283758157.0839994,1010446645.696698,2294204802.7806973,676924841.4496388,0.01,7.044947099999263,success,,,True,True,-333521804.2470591,333521804.2470591,-33.00736418567627,33.00736418567627,-0.33007364185676275,1.9
25,20260841,long_emerging_no_break,constant,long,emerging,False,none,regularized_tweedie,ceded,226057121.13184682,483451898.3606769,709509019.4925238,349846556.3701512,1.0,6.79303489999802,success,,,True,True,-133605341.99052566,133605341.99052566,-27.635705319094654,27.635705319094654,-0.27635705319094656,1.9
25,20260841,long_shock_no_break,constant,long,shock,False,none,regularized_poisson,gross,1306922533.5946443,1137589952.1263585,2444512485.721002,908104628.3888807,0.01,1.7426806000003126,success,,,True,True,-229485323.73747778,229485323.73747778,-20.17293870331122,20.17293870331122,-0.20172938703311222,
25,20260841,long_shock_no_break,constant,long,shock,False,none,regularized_poisson,ceded,233968647.7871918,588661721.2584822,822630369.0456741,578179475.1519405,0.1,1.4214300999992702,success,,,True,True,-10482246.106541753,10482246.106541753,-1.7806909686826713,1.7806909686826713,-0.017806909686826713,
25,20260841,long_shock_no_break,constant,long,shock,False,none,regularized_tweedie,gross,1306922533.5946443,1137589952.1263585,2444512485.721002,1005075615.2859017,0.0001,6.859998399999313,success,,,True,True,-132514336.84045684,132514336.84045684,-11.64869086552355,11.64869086552355,-0.11648690865523549,1.7
25,20260841,long_shock_no_break,constant,long,shock,False,none,regularized_tweedie,ceded,233968647.7871918,588661721.2584822,822630369.0456741,374155021.83299965,1.0,6.726126300000033,success,,,True,True,-214506699.42548257,214506699.42548257,-36.4397227947649,36.4397227947649,-0.364397227947649,1.9
25,20260841,long_stable_break,constant,long,stable,True,none,regularized_poisson,gross,1380758159.0409737,681863916.6557088,2062622075.6966825,906453768.484788,0.001,1.6999728999981016,success,,,True,True,224589851.82907915,224589851.82907915,32.937635552062886,32.937635552062886,0.3293763555206288,
25,20260841,long_stable_break,constant,long,stable,True,none,regularized_poisson,ceded,260199576.61630076,275809625.6100403,536009202.226341,566986621.1380817,0.1,1.4463743999986036,success,,,True,True,291176995.52804136,291176995.52804136,105.57173082121818,105.57173082121818,1.0557173082121818,
25,20260841,long_stable_break,constant,long,stable,True,none,regularized_tweedie,gross,1380758159.0409737,681863916.6557088,2062622075.6966825,906656883.4401592,0.01,6.73953039999833,success,,,True,True,224792966.7844504,224792966.7844504,32.96742374739187,32.96742374739187,0.32967423747391866,1.9
25,20260841,long_stable_break,constant,long,stable,True,none,regularized_tweedie,ceded,260199576.61630076,275809625.6100403,536009202.226341,559855089.0354016,0.1,6.729158300000563,success,,,True,True,284045463.4253613,284045463.4253613,102.98605887923773,102.98605887923773,1.0298605887923773,1.1
25,20260841,long_emerging_break,constant,long,emerging,True,none,regularized_poisson,gross,1412944883.3239694,780262403.0145211,2193207286.3384905,917205976.7476206,0.01,1.8775490999978501,success,,,True,True,136943573.73309946,136943573.73309946,17.55096403517867,17.55096403517867,0.1755096403517867,
25,20260841,long_emerging_break,constant,long,emerging,True,none,regularized_poisson,ceded,273473281.13834596,359259980.0107991,632733261.1491451,720699914.8542439,0.1,1.567477600001439,success,,,True,True,361439934.84344476,361439934.84344476,100.60679033400272,100.60679033400272,1.0060679033400273,
25,20260841,long_emerging_break,constant,long,emerging,True,none,regularized_tweedie,gross,1412944883.3239694,780262403.0145211,2193207286.3384905,841409536.2266201,0.01,7.462793300001067,success,,,True,True,61147133.212098956,61147133.212098956,7.836739662946565,7.836739662946565,0.07836739662946565,1.9
25,20260841,long_emerging_break,constant,long,emerging,True,none,regularized_tweedie,ceded,273473281.13834596,359259980.0107991,632733261.1491451,547911700.1543304,1.0,7.0620522999997775,success,,,True,True,188651720.14353126,188651720.14353126,52.511198196320265,52.511198196320265,0.5251119819632026,1.1
25,20260841,long_shock_break,constant,long,shock,True,none,regularized_poisson,gross,1439921128.2816482,877767581.9124196,2317688710.194068,1097601377.1420877,0.01,1.9566231999997399,success,,,True,True,219833795.22966814,219833795.22966814,25.044647325743043,25.044647325743043,0.2504464732574304,
25,20260841,long_shock_break,constant,long,shock,True,none,regularized_poisson,ceded,283972251.46656597,441627230.37880164,725599481.8453676,769233652.450623,0.1,1.5750334000003932,success,,,True,True,327606422.0718214,327606422.0718214,74.18166261867957,74.18166261867957,0.7418166261867957,
25,20260841,long_shock_break,constant,long,shock,True,none,regularized_tweedie,gross,1439921128.2816482,877767581.9124196,2317688710.194068,1151370793.66955,0.0001,7.551297999998496,success,,,True,True,273603211.7571304,273603211.7571304,31.170348210060634,31.170348210060634,0.31170348210060633,1.7
25,20260841,long_shock_break,constant,long,shock,True,none,regularized_tweedie,ceded,283972251.46656597,441627230.37880164,725599481.8453676,606304480.7706554,1.0,7.076770599996962,success,,,True,True,164677250.39185375,164677250.39185375,37.2887446841997,37.2887446841997,0.372887446841997,1.1
26,20260842,short_stable_no_break,constant,short,stable,False,none,regularized_poisson,gross,1558550185.960247,116528553.07240757,1675078739.0326545,96807539.58285996,0.001,1.3962283000000753,success,,,True,True,-19721013.48954761,19721013.48954761,-16.92376071750717,16.92376071750717,-0.16923760717507172,
26,20260842,short_stable_no_break,constant,short,stable,False,none,regularized_poisson,ceded,274792317.51809984,59500057.73544209,334292375.2535419,46556349.187551774,0.001,1.2390110999986064,success,,,True,True,-12943708.547890313,12943708.547890313,-21.754110904299512,21.754110904299512,-0.21754110904299512,
26,20260842,short_stable_no_break,constant,short,stable,False,none,regularized_tweedie,gross,1558550185.960247,116528553.07240757,1675078739.0326545,97539922.504305,0.0001,5.568758400000661,success,,,True,True,-18988630.56810257,18988630.56810257,-16.2952598890536,16.2952598890536,-0.162952598890536,1.3
26,20260842,short_stable_no_break,constant,short,stable,False,none,regularized_tweedie,ceded,274792317.51809984,59500057.73544209,334292375.2535419,46945050.31482897,0.0001,5.336550200001511,success,,,True,True,-12555007.420613118,12555007.420613118,-21.100832332696278,21.100832332696278,-0.2110083233269628,1.5
26,20260842,short_emerging_no_break,constant,short,emerging,False,none,regularized_poisson,gross,1582270393.5851297,129397270.0917339,1711667663.6768637,103704195.41436604,0.001,1.43772479999825,success,,,True,True,-25693074.677367866,25693074.677367866,-19.85596346750841,19.85596346750841,-0.19855963467508408,
26,20260842,short_emerging_no_break,constant,short,emerging,False,none,regularized_poisson,ceded,287215540.2427672,75377848.32444328,362593388.56721044,51043362.10185739,0.01,1.2785441999985778,success,,,True,True,-24334486.222585894,24334486.222585894,-32.28333889002081,32.28333889002081,-0.3228333889002081,
26,20260842,short_emerging_no_break,constant,short,emerging,False,none,regularized_tweedie,gross,1582270393.5851297,129397270.0917339,1711667663.6768637,111807595.41056219,0.001,5.727752999999211,success,,,True,True,-17589674.681171715,17589674.681171715,-13.593543873608638,13.593543873608638,-0.13593543873608638,1.9
26,20260842,short_emerging_no_break,constant,short,emerging,False,none,regularized_tweedie,ceded,287215540.2427672,75377848.32444328,362593388.56721044,53806806.73830815,0.001,5.4528276000019105,success,,,True,True,-21571041.586135134,21571041.586135134,-28.617215887204022,28.617215887204022,-0.2861721588720402,1.3
26,20260842,short_shock_no_break,constant,short,shock,False,none,regularized_poisson,gross,1602989738.4515946,145067559.04803687,1748057297.4996314,121997261.92080316,0.0001,1.4291800999999396,success,,,True,True,-23070297.127233714,23070297.127233714,-15.90314008081872,15.90314008081872,-0.1590314008081872,
26,20260842,short_shock_no_break,constant,short,shock,False,none,regularized_poisson,ceded,298038272.87957525,95777834.72130537,393816107.6008806,70865332.65665026,0.001,1.262087999999494,success,,,True,True,-24912502.06465511,24912502.06465511,-26.010717549781308,26.010717549781308,-0.2601071754978131,
26,20260842,short_shock_no_break,constant,short,shock,False,none,regularized_tweedie,gross,1602989738.4515946,145067559.04803687,1748057297.4996314,130973292.19018805,0.001,5.748389500000485,success,,,True,True,-14094266.857848823,14094266.857848823,-9.71565727743563,9.71565727743563,-0.0971565727743563,1.9
26,20260842,short_shock_no_break,constant,short,shock,False,none,regularized_tweedie,ceded,298038272.87957525,95777834.72130537,393816107.6008806,67287685.50476745,0.001,5.473154600000271,success,,,True,True,-28490149.216537923,28490149.216537923,-29.746077784529838,29.746077784529838,-0.2974607778452984,1.9
26,20260842,long_stable_no_break,constant,long,stable,False,none,regularized_poisson,gross,1259507214.06652,693117276.2720695,1952624490.3385892,686515121.7859917,0.0001,1.519586900001741,success,,,True,True,-6602154.4860777855,6602154.4860777855,-0.952530648433331,0.952530648433331,-0.00952530648433331,
26,20260842,long_stable_no_break,constant,long,stable,False,none,regularized_poisson,ceded,189185173.08683586,313802914.5115156,502988087.59835136,234217890.56044114,1.0,1.3051476000000548,success,,,True,True,-79585023.95107448,79585023.95107448,-25.36146742772013,25.36146742772013,-0.2536146742772013,
26,20260842,long_stable_no_break,constant,long,stable,False,none,regularized_tweedie,gross,1259507214.06652,693117276.2720695,1952624490.3385892,691487637.4693104,0.0001,6.274892400000681,success,,,True,True,-1629638.8027590513,1629638.8027590513,-0.23511732553025683,0.23511732553025683,-0.0023511732553025684,1.9
26,20260842,long_stable_no_break,constant,long,stable,False,none,regularized_tweedie,ceded,189185173.08683586,313802914.5115156,502988087.59835136,267647296.23415664,0.01,6.177051200000278,success,,,True,True,-46155618.27735898,46155618.27735898,-14.708473421672192,14.708473421672192,-0.1470847342167219,1.1
26,20260842,long_emerging_no_break,constant,long,emerging,False,none,regularized_poisson,gross,1285472744.2686315,807357403.9386041,2092830148.2072358,754718098.1852293,0.001,1.7137662999994063,success,,,True,True,-52639305.753374815,52639305.753374815,-6.5199508292832595,6.5199508292832595,-0.0651995082928326,
26,20260842,long_emerging_no_break,constant,long,emerging,False,none,regularized_poisson,ceded,198198159.6040766,419609729.32777995,617807888.9318566,302733241.1207747,1.0,1.443420600000536,success,,,True,True,-116876488.20700526,116876488.20700526,-27.853617311076857,27.853617311076857,-0.27853617311076856,
26,20260842,long_emerging_no_break,constant,long,emerging,False,none,regularized_tweedie,gross,1285472744.2686315,807357403.9386041,2092830148.2072358,736857968.1855417,0.0001,6.767896999997902,success,,,True,True,-70499435.75306237,70499435.75306237,-8.732122280558603,8.732122280558603,-0.08732122280558603,1.9
26,20260842,long_emerging_no_break,constant,long,emerging,False,none,regularized_tweedie,ceded,198198159.6040766,419609729.32777995,617807888.9318566,383447925.4536212,0.01,6.678056300002936,success,,,True,True,-36161803.87415874,36161803.87415874,-8.617961249871495,8.617961249871495,-0.08617961249871495,1.1
26,20260842,long_shock_no_break,constant,long,shock,False,none,regularized_poisson,gross,1307504685.5009503,908915820.6572937,2216420506.1582437,881922287.9223545,0.001,1.7415338999999221,success,,,True,True,-26993532.734939218,26993532.734939218,-2.9698605879055457,2.9698605879055457,-0.029698605879055456,
26,20260842,long_shock_no_break,constant,long,shock,False,none,regularized_poisson,ceded,205743769.48685873,511129478.25110245,716873247.7379612,352036196.96889967,1.0,1.4035542000019632,success,,,True,True,-159093281.28220278,159093281.28220278,-31.125827809141747,31.125827809141747,-0.3112582780914175,
26,20260842,long_shock_no_break,constant,long,shock,False,none,regularized_tweedie,gross,1307504685.5009503,908915820.6572937,2216420506.1582437,892960949.7245946,0.0001,6.769506699998601,success,,,True,True,-15954870.932699084,15954870.932699084,-1.7553738828268082,1.7553738828268082,-0.017553738828268082,1.3
26,20260842,long_shock_no_break,constant,long,shock,False,none,regularized_tweedie,ceded,205743769.48685873,511129478.25110245,716873247.7379612,464458459.83140516,0.01,6.634930799998983,success,,,True,True,-46671018.419697285,46671018.419697285,-9.130958085099765,9.130958085099765,-0.09130958085099765,1.1
26,20260842,long_stable_break,constant,long,stable,True,none,regularized_poisson,gross,1365096622.7379746,539186259.8711406,1904282882.6091151,837011048.6700506,0.0001,1.622339000001375,success,,,True,True,297824788.79891,297824788.79891,55.235975202722486,55.235975202722486,0.5523597520272249,
26,20260842,long_stable_break,constant,long,stable,True,none,regularized_poisson,ceded,224673995.42983425,240337604.38350868,465011599.8133429,346185391.666791,1.0,1.3734886999991431,success,,,True,True,105847787.28328234,105847787.28328234,44.04129247888323,44.04129247888323,0.4404129247888323,
26,20260842,long_stable_break,constant,long,stable,True,none,regularized_tweedie,gross,1365096622.7379746,539186259.8711406,1904282882.6091151,843814168.3814582,0.0001,6.538058699999965,success,,,True,True,304627908.51031756,304627908.51031756,56.49771353281891,56.49771353281891,0.5649771353281892,1.7
26,20260842,long_stable_break,constant,long,stable,True,none,regularized_tweedie,ceded,224673995.42983425,240337604.38350868,465011599.8133429,524734589.64867365,0.01,6.509822399999393,success,,,True,True,284396985.265165,284396985.265165,118.33228761461329,118.33228761461329,1.183322876146133,1.1
26,20260842,long_emerging_break,constant,long,emerging,True,none,regularized_poisson,gross,1395071767.8438296,616133559.4522468,2011205327.2960763,860124154.1531587,0.01,1.8182625000008557,success,,,True,True,243990594.70091188,243990594.70091188,39.60027675133029,39.60027675133029,0.39600276751330293,
26,20260842,long_emerging_break,constant,long,emerging,True,none,regularized_poisson,ceded,236886779.6941265,314689582.873816,551576362.5679425,463042264.3094041,1.0,1.5717711000033887,success,,,True,True,148352681.43558806,148352681.43558806,47.142546022908675,47.142546022908675,0.47142546022908677,
26,20260842,long_emerging_break,constant,long,emerging,True,none,regularized_tweedie,gross,1395071767.8438296,616133559.4522468,2011205327.2960763,791256411.3891039,0.001,7.2608450000007,success,,,True,True,175122851.9368571,175122851.9368571,28.42287183521448,28.42287183521448,0.2842287183521448,1.9
26,20260842,long_emerging_break,constant,long,emerging,True,none,regularized_tweedie,ceded,236886779.6941265,314689582.873816,551576362.5679425,762692712.0278213,0.01,7.025563499999407,success,,,True,True,448003129.1540053,448003129.1540053,142.36350789331507,142.36350789331507,1.4236350789331507,1.1
26,20260842,long_shock_break,constant,long,shock,True,none,regularized_poisson,gross,1420457840.1226585,693091337.2512838,2113549177.3739424,1046463833.8007244,0.001,1.8355443999971612,success,,,True,True,353372496.5494406,353372496.5494406,50.98498243404298,50.98498243404298,0.5098498243404298,
26,20260842,long_shock_break,constant,long,shock,True,none,regularized_poisson,ceded,247127755.36795723,387317049.10468125,634444804.4726384,554345233.5954726,1.0,1.535256399998616,success,,,True,True,167028184.49079132,167028184.49079132,43.124407995179205,43.124407995179205,0.43124407995179204,
26,20260842,long_shock_break,constant,long,shock,True,none,regularized_tweedie,gross,1420457840.1226585,693091337.2512838,2113549177.3739424,1043260719.3496727,0.0001,7.1237820999995165,success,,,True,True,350169382.0983889,350169382.0983889,50.522833467680925,50.522833467680925,0.5052283346768093,1.5
26,20260842,long_shock_break,constant,long,shock,True,none,regularized_tweedie,ceded,247127755.36795723,387317049.10468125,634444804.4726384,868527453.0691788,0.01,7.011131999999634,success,,,True,True,481210403.96449757,481210403.96449757,124.2419885922552,124.2419885922552,1.242419885922552,1.1
27,20260843,short_stable_no_break,constant,short,stable,False,none,regularized_poisson,gross,1605785552.5739386,157932124.15747842,1763717676.731417,114026956.18936393,0.0001,1.341013599998405,success,,,True,True,-43905167.968114495,43905167.968114495,-27.80002371419728,27.80002371419728,-0.2780002371419728,
27,20260843,short_stable_no_break,constant,short,stable,False,none,regularized_poisson,ceded,321030820.7384137,71206593.66970244,392237414.40811604,45546329.69187908,0.0001,1.2266980999993393,success,,,True,True,-25660263.97782336,25660263.97782336,-36.03635935297028,36.03635935297028,-0.3603635935297028,
27,20260843,short_stable_no_break,constant,short,stable,False,none,regularized_tweedie,gross,1605785552.5739386,157932124.15747842,1763717676.731417,113508959.23508798,0.0001,5.5382728000004136,success,,,True,True,-44423164.922390446,44423164.922390446,-28.128010789049412,28.128010789049412,-0.2812801078904941,1.1
27,20260843,short_stable_no_break,constant,short,stable,False,none,regularized_tweedie,ceded,321030820.7384137,71206593.66970244,392237414.40811604,42121282.99569773,0.0001,5.3463697000006505,success,,,True,True,-29085310.67400471,29085310.67400471,-40.846372751545005,40.846372751545005,-0.40846372751545007,1.9
27,20260843,short_emerging_no_break,constant,short,emerging,False,none,regularized_poisson,gross,1634527820.7725604,175476418.08967456,1810004238.8622348,145803213.72767812,0.0001,1.4132110999998986,success,,,True,True,-29673204.361996442,29673204.361996442,-16.91008095847523,16.91008095847523,-0.1691008095847523,
27,20260843,short_emerging_no_break,constant,short,emerging,False,none,regularized_poisson,ceded,336111474.0826874,87100520.20406541,423211994.2867527,80974270.64429513,0.0001,1.2571281999989878,success,,,True,True,-6126249.559770286,6126249.559770286,-7.033539576362189,7.033539576362189,-0.0703353957636219,
27,20260843,short_emerging_no_break,constant,short,emerging,False,none,regularized_tweedie,gross,1634527820.7725604,175476418.08967456,1810004238.8622348,144936821.38028786,0.0001,5.792872799996985,success,,,True,True,-30539596.709386706,30539596.709386706,-17.403818155086746,17.403818155086746,-0.17403818155086748,1.1
27,20260843,short_emerging_no_break,constant,short,emerging,False,none,regularized_tweedie,ceded,336111474.0826874,87100520.20406541,423211994.2867527,79847067.11837472,0.0001,5.524676900000486,success,,,True,True,-7253453.085690692,7253453.085690692,-8.327680556553252,8.327680556553252,-0.08327680556553252,1.1
27,20260843,short_shock_no_break,constant,short,shock,False,none,regularized_poisson,gross,1660432195.3676727,196756902.11073998,1857189097.4784126,167104134.26712105,0.0001,1.420425800002704,success,,,True,True,-29652767.84361893,29652767.84361893,-15.070763732054274,15.070763732054274,-0.15070763732054274,
27,20260843,short_shock_no_break,constant,short,shock,False,none,regularized_poisson,ceded,349537667.3068145,107600077.5615052,457137744.8683197,99911083.85598129,0.0001,1.262319599998591,success,,,True,True,-7688993.705523908,7688993.705523908,-7.145899779792267,7.145899779792267,-0.07145899779792267,
27,20260843,short_shock_no_break,constant,short,shock,False,none,regularized_tweedie,gross,1660432195.3676727,196756902.11073998,1857189097.4784126,165540382.57012144,0.001,5.750032899999496,success,,,True,True,-31216519.54061854,31216519.54061854,-15.865527056859769,15.865527056859769,-0.15865527056859768,1.1
27,20260843,short_shock_no_break,constant,short,shock,False,none,regularized_tweedie,ceded,349537667.3068145,107600077.5615052,457137744.8683197,99134663.89562544,0.0001,5.539804500000173,success,,,True,True,-8465413.665879756,8465413.665879756,-7.867479148461438,7.867479148461438,-0.07867479148461438,1.1
27,20260843,long_stable_no_break,constant,long,stable,False,none,regularized_poisson,gross,1229155946.008617,829310666.3580804,2058466612.3666973,713567019.3928429,0.0001,1.4887643000001844,success,,,True,True,-115743646.9652375,115743646.9652375,-13.956608983883683,13.956608983883683,-0.13956608983883684,
27,20260843,long_stable_no_break,constant,long,stable,False,none,regularized_poisson,ceded,219245414.0576838,344542605.0799607,563788019.1376445,221768846.8047291,0.1,1.4455859000008786,success,,,True,True,-122773758.2752316,122773758.2752316,-35.63383931770602,35.63383931770602,-0.3563383931770602,
27,20260843,long_stable_no_break,constant,long,stable,False,none,regularized_tweedie,gross,1229155946.008617,829310666.3580804,2058466612.3666973,708856228.7154807,0.001,6.258737100000872,success,,,True,True,-120454437.6425997,120454437.6425997,-14.524645893145886,14.524645893145886,-0.14524645893145885,1.9
27,20260843,long_stable_no_break,constant,long,stable,False,none,regularized_tweedie,ceded,219245414.0576838,344542605.0799607,563788019.1376445,210231966.255821,1.0,6.344491300002119,success,,,True,True,-134310638.8241397,134310638.8241397,-38.982301998026976,38.982301998026976,-0.38982301998026975,1.1
27,20260843,long_emerging_no_break,constant,long,emerging,False,none,regularized_poisson,gross,1255548782.6577399,967739501.045684,2223288283.703424,739191891.0997078,0.01,1.7263553000011598,success,,,True,True,-228547609.94597614,228547609.94597614,-23.616645770790655,23.616645770790655,-0.23616645770790656,
27,20260843,long_emerging_no_break,constant,long,emerging,False,none,regularized_poisson,ceded,227849020.79334182,459310590.3335314,687159611.1268731,292329168.3981154,0.1,1.566477300002589,success,,,True,True,-166981421.93541598,166981421.93541598,-36.35479465303888,36.35479465303888,-0.3635479465303888,
27,20260843,long_emerging_no_break,constant,long,emerging,False,none,regularized_tweedie,gross,1255548782.6577399,967739501.045684,2223288283.703424,674132555.4649655,0.001,6.723601800000324,success,,,True,True,-293606945.5807185,293606945.5807185,-30.339460698200664,30.339460698200664,-0.30339460698200665,1.9
27,20260843,long_emerging_no_break,constant,long,emerging,False,none,regularized_tweedie,ceded,227849020.79334182,459310590.3335314,687159611.1268731,255593972.84683067,1.0,6.852450999998837,success,,,True,True,-203716617.4867007,203716617.4867007,-44.35269331342231,44.35269331342231,-0.4435269331342231,1.1
27,20260843,long_shock_no_break,constant,long,shock,False,none,regularized_poisson,gross,1278092929.1599915,1089558805.1140485,2367651734.2740397,895117382.708139,0.01,1.6136776999992435,success,,,True,True,-194441422.40590954,194441422.40590954,-17.845886013059804,17.845886013059804,-0.17845886013059806,
27,20260843,long_shock_no_break,constant,long,shock,False,none,regularized_poisson,ceded,234723857.59745318,561194884.76305,795918742.3605031,344606294.31295127,0.1,1.5353838999981235,success,,,True,True,-216588590.4500987,216588590.4500987,-38.594184717408396,38.594184717408396,-0.385941847174084,
27,20260843,long_shock_no_break,constant,long,shock,False,none,regularized_tweedie,gross,1278092929.1599915,1089558805.1140485,2367651734.2740397,901461035.1745063,0.0001,6.741734399998677,success,,,True,True,-188097769.93954217,188097769.93954217,-17.26366388456227,17.26366388456227,-0.1726366388456227,1.9
27,20260843,long_shock_no_break,constant,long,shock,False,none,regularized_tweedie,ceded,234723857.59745318,561194884.76305,795918742.3605031,289569768.9198121,1.0,6.803724099998362,success,,,True,True,-271625115.8432379,271625115.8432379,-48.401210206669035,48.401210206669035,-0.4840121020666904,1.1
27,20260843,long_stable_break,constant,long,stable,True,none,regularized_poisson,gross,1338369631.4939897,665893784.8470347,2004263416.3410242,863286662.1943238,0.0001,1.6702699000015855,success,,,True,True,197392877.3472891,197392877.3472891,29.643297750951835,29.643297750951835,0.29643297750951836,
27,20260843,long_stable_break,constant,long,stable,True,none,regularized_poisson,ceded,250470400.86134043,273521756.59783304,523992157.45917344,369774407.46348894,0.1,1.5378094000006968,success,,,True,True,96252650.8656559,96252650.8656559,35.190126029783784,35.190126029783784,0.35190126029783786,
27,20260843,long_stable_break,constant,long,stable,True,none,regularized_tweedie,gross,1338369631.4939897,665893784.8470347,2004263416.3410242,850976528.8440236,0.001,6.526784599998791,success,,,True,True,185082743.9969889,185082743.9969889,27.794634551140167,27.794634551140167,0.2779463455114017,1.9
27,20260843,long_stable_break,constant,long,stable,True,none,regularized_tweedie,ceded,250470400.86134043,273521756.59783304,523992157.45917344,295130583.7430589,1.0,6.762512599998445,success,,,True,True,21608827.145225883,21608827.145225883,7.9002224225248625,7.9002224225248625,0.07900222422524862,1.1
27,20260843,long_emerging_break,constant,long,emerging,True,none,regularized_poisson,gross,1369231985.7863526,761865734.1144851,2131097719.9008374,933645355.9896176,0.01,1.81169520000185,success,,,True,True,171779621.87513244,171779621.87513244,22.54723032986797,22.54723032986797,0.22547230329867968,
27,20260843,long_emerging_break,constant,long,emerging,True,none,regularized_poisson,ceded,262807555.48537755,353410428.2791988,616217983.7645763,522314087.19130266,0.1,1.7719185999994806,success,,,True,True,168903658.91210383,168903658.91210383,47.79249433428369,47.79249433428369,0.4779249433428369,
27,20260843,long_emerging_break,constant,long,emerging,True,none,regularized_tweedie,gross,1369231985.7863526,761865734.1144851,2131097719.9008374,831245141.8536879,0.001,7.161614000000554,success,,,True,True,69379407.73920274,69379407.73920274,9.106513737600007,9.106513737600007,0.09106513737600008,1.9
27,20260843,long_emerging_break,constant,long,emerging,True,none,regularized_tweedie,ceded,262807555.48537755,353410428.2791988,616217983.7645763,376224023.6395043,1.0,7.42698499999824,success,,,True,True,22813595.360305488,22813595.360305488,6.455269435989153,6.455269435989153,0.06455269435989153,1.1
27,20260843,long_shock_break,constant,long,shock,True,none,regularized_poisson,gross,1395707549.964386,857139762.9814484,2252847312.9458346,1125603710.9048858,0.01,1.7470083000007435,success,,,True,True,268463947.92343736,268463947.92343736,31.320906988332997,31.320906988332997,0.31320906988332997,
27,20260843,long_shock_break,constant,long,shock,True,none,regularized_poisson,ceded,272971731.1343161,435090220.70363057,708061951.8379467,624496891.8994013,0.1,1.6838109000018449,success,,,True,True,189406671.19577074,189406671.19577074,43.532734633626355,43.532734633626355,0.4353273463362636,
27,20260843,long_shock_break,constant,long,shock,True,none,regularized_tweedie,gross,1395707549.964386,857139762.9814484,2252847312.9458346,1058937065.0437089,0.0001,7.160628899997391,success,,,True,True,201797302.0622605,201797302.0622605,23.543103561119956,23.543103561119956,0.23543103561119955,1.9
27,20260843,long_shock_break,constant,long,shock,True,none,regularized_tweedie,ceded,272971731.1343161,435090220.70363057,708061951.8379467,443486321.1343541,1.0,7.40530089999811,success,,,True,True,8396100.430723548,8396100.430723548,1.9297377948751235,1.9297377948751235,0.019297377948751235,1.1
28,20260844,short_stable_no_break,constant,short,stable,False,none,regularized_poisson,gross,1525661596.9006667,130071257.585858,1655732854.4865246,101914954.439078,0.01,1.3477018000012322,success,,,True,True,-28156303.14678,28156303.14678,-21.646829337522522,21.646829337522522,-0.21646829337522522,
28,20260844,short_stable_no_break,constant,short,stable,False,none,regularized_poisson,ceded,248521845.78785586,62314503.85059279,310836349.63844866,41212452.45996365,0.001,1.180569000000105,success,,,True,True,-21102051.390629143,21102051.390629143,-33.8637878610477,33.8637878610477,-0.338637878610477,
28,20260844,short_stable_no_break,constant,short,stable,False,none,regularized_tweedie,gross,1525661596.9006667,130071257.585858,1655732854.4865246,100639839.122532,0.001,5.5115808000009565,success,,,True,True,-29431418.463326007,29431418.463326007,-22.627149925031507,22.627149925031507,-0.22627149925031506,1.1
28,20260844,short_stable_no_break,constant,short,stable,False,none,regularized_tweedie,ceded,248521845.78785586,62314503.85059279,310836349.63844866,39959792.7562095,0.01,5.199138500000117,success,,,True,True,-22354711.094383292,22354711.094383292,-35.87400960133077,35.87400960133077,-0.3587400960133077,1.7
28,20260844,short_emerging_no_break,constant,short,emerging,False,none,regularized_poisson,gross,1550672221.3982053,144554464.3427375,1695226685.7409427,122097205.73524988,0.001,1.436901699998998,success,,,True,True,-22457258.60748762,22457258.60748762,-15.535499861312921,15.535499861312921,-0.1553549986131292,
28,20260844,short_emerging_no_break,constant,short,emerging,False,none,regularized_poisson,ceded,260609447.24578178,77732209.13579196,338341656.38157374,50774606.032523036,0.001,1.1945559000014327,success,,,True,True,-26957603.10326892,26957603.10326892,-34.68009387997213,34.68009387997213,-0.3468009387997213,
28,20260844,short_emerging_no_break,constant,short,emerging,False,none,regularized_tweedie,gross,1550672221.3982053,144554464.3427375,1695226685.7409427,118040986.00112909,0.001,5.781757299999299,success,,,True,True,-26513478.341608405,26513478.341608405,-18.341514710154616,18.341514710154616,-0.18341514710154616,1.3
28,20260844,short_emerging_no_break,constant,short,emerging,False,none,regularized_tweedie,ceded,260609447.24578178,77732209.13579196,338341656.38157374,49400509.65051255,0.001,5.3565616000014415,success,,,True,True,-28331699.48527941,28331699.48527941,-36.44782491101751,36.44782491101751,-0.3644782491101751,1.3
28,20260844,short_shock_no_break,constant,short,shock,False,none,regularized_poisson,gross,1572514754.793467,162097058.64125526,1734611813.4347224,138567225.65991098,0.001,1.4419185999977344,success,,,True,True,-23529832.981344283,23529832.981344283,-14.51589139160093,14.51589139160093,-0.1451589139160093,
28,20260844,short_shock_no_break,constant,short,shock,False,none,regularized_poisson,ceded,271889938.04038614,97906415.33349863,369796353.37388474,68527430.17737621,0.001,1.218656799999735,success,,,True,True,-29378985.156122416,29378985.156122416,-30.007211535678003,30.007211535678003,-0.30007211535678,
28,20260844,short_shock_no_break,constant,short,shock,False,none,regularized_tweedie,gross,1572514754.793467,162097058.64125526,1734611813.4347224,134921728.67476913,0.001,5.686923500001285,success,,,True,True,-27175329.966486126,27175329.966486126,-16.7648507593399,16.7648507593399,-0.167648507593399,1.3
28,20260844,short_shock_no_break,constant,short,shock,False,none,regularized_tweedie,ceded,271889938.04038614,97906415.33349863,369796353.37388474,68131725.50625454,0.001,5.3619448999997985,success,,,True,True,-29774689.827244088,29774689.827244088,-30.411377769089555,30.411377769089555,-0.30411377769089554,1.1
28,20260844,long_stable_no_break,constant,long,stable,False,none,regularized_poisson,gross,1216435364.9789364,715269395.3629525,1931704760.3418887,686907197.7743592,0.001,1.5965431999975408,success,,,True,True,-28362197.588593245,28362197.588593245,-3.9652469087121065,3.9652469087121065,-0.03965246908712106,
28,20260844,long_stable_no_break,constant,long,stable,False,none,regularized_poisson,ceded,184604096.5292171,283540734.37113667,468144830.9003537,342218240.4595436,0.1,1.4052101000015682,success,,,True,True,58677506.08840692,58677506.08840692,20.694559537819995,20.694559537819995,0.20694559537819995,
28,20260844,long_stable_no_break,constant,long,stable,False,none,regularized_tweedie,gross,1216435364.9789364,715269395.3629525,1931704760.3418887,701518783.9267209,0.0001,6.379387199998746,success,,,True,True,-13750611.436231613,13750611.436231613,-1.9224381086868783,1.9224381086868783,-0.01922438108686878,1.9
28,20260844,long_stable_no_break,constant,long,stable,False,none,regularized_tweedie,ceded,184604096.5292171,283540734.37113667,468144830.9003537,233102444.22387347,1.0,6.33100370000102,success,,,True,True,-50438290.1472632,50438290.1472632,-17.788728049650427,17.788728049650427,-0.17788728049650426,1.9
28,20260844,long_emerging_no_break,constant,long,emerging,False,none,regularized_poisson,gross,1241845435.1575487,835693945.6206794,2077539380.778228,694867536.5549401,0.01,1.7547226999995473,success,,,True,True,-140826409.06573927,140826409.06573927,-16.85143344686384,16.85143344686384,-0.1685143344686384,
28,20260844,long_emerging_no_break,constant,long,emerging,False,none,regularized_poisson,ceded,192912848.0718561,390130644.5869427,583043492.6587988,477768399.25196314,0.1,1.4683686999997008,success,,,True,True,87637754.66502047,87637754.66502047,22.46369411913499,22.46369411913499,0.2246369411913499,
28,20260844,long_emerging_no_break,constant,long,emerging,False,none,regularized_tweedie,gross,1241845435.1575487,835693945.6206794,2077539380.778228,778316966.9327483,0.0001,6.876111599998694,success,,,True,True,-57376978.68793106,57376978.68793106,-6.86578848495983,6.86578848495983,-0.0686578848495983,1.9
28,20260844,long_emerging_no_break,constant,long,emerging,False,none,regularized_tweedie,ceded,192912848.0718561,390130644.5869427,583043492.6587988,289119067.43960524,1.0,6.7964456000008795,success,,,True,True,-101011577.14733744,101011577.14733744,-25.891731026227156,25.891731026227156,-0.25891731026227155,1.9
28,20260844,long_shock_no_break,constant,long,shock,False,none,regularized_poisson,gross,1263602272.5236697,940881857.9268727,2204484130.4505424,901056472.5987896,0.001,1.7087108999985503,success,,,True,True,-39825385.32808316,39825385.32808316,-4.232772158646348,4.232772158646348,-0.04232772158646348,
28,20260844,long_shock_no_break,constant,long,shock,False,none,regularized_poisson,ceded,199699076.63201597,484014588.919872,683713665.551888,521355421.4240787,0.1,1.4645352000006824,success,,,True,True,37340832.50420672,37340832.50420672,7.714815495032205,7.714815495032205,0.07714815495032205,
28,20260844,long_shock_no_break,constant,long,shock,False,none,regularized_tweedie,gross,1263602272.5236697,940881857.9268727,2204484130.4505424,928657162.7615669,0.0001,6.7844138000000385,success,,,True,True,-12224695.165305853,12224695.165305853,-1.2992805698519465,1.2992805698519465,-0.012992805698519464,1.9
28,20260844,long_shock_no_break,constant,long,shock,False,none,regularized_tweedie,ceded,199699076.63201597,484014588.919872,683713665.551888,313186189.57354504,1.0,6.875742100000934,success,,,True,True,-170828399.34632695,170828399.34632695,-35.29405998433807,35.29405998433807,-0.3529405998433807,1.9
28,20260844,long_stable_break,constant,long,stable,True,none,regularized_poisson,gross,1317001631.5796447,566308382.5568337,1883310014.136478,888484416.1623658,0.001,1.6511709000005794,success,,,True,True,322176033.60553205,322176033.60553205,56.890564139442,56.890564139442,0.56890564139442,
28,20260844,long_stable_break,constant,long,stable,True,none,regularized_poisson,ceded,215536000.43278524,215862813.9340627,431398814.36684793,478848566.40045,0.1,1.4299692999993567,success,,,True,True,262985752.4663873,262985752.4663873,121.8300399561727,121.8300399561727,1.218300399561727,
28,20260844,long_stable_break,constant,long,stable,True,none,regularized_tweedie,gross,1317001631.5796447,566308382.5568337,1883310014.136478,879163366.867654,0.0001,6.5740040999990015,success,,,True,True,312854984.3108202,312854984.3108202,55.24463242064452,55.24463242064452,0.5524463242064452,1.9
28,20260844,long_stable_break,constant,long,stable,True,none,regularized_tweedie,ceded,215536000.43278524,215862813.9340627,431398814.36684793,306704961.05577695,1.0,6.690275799999654,success,,,True,True,90842147.12171426,90842147.12171426,42.08327755305869,42.08327755305869,0.42083277553058696,1.9
28,20260844,long_emerging_break,constant,long,emerging,True,none,regularized_poisson,gross,1346372859.7708485,649024592.3090057,1995397452.0798538,914330288.5544047,0.01,1.9056182999993325,success,,,True,True,265305696.245399,265305696.245399,40.87760300446133,40.87760300446133,0.40877603004461327,
28,20260844,long_emerging_break,constant,long,emerging,True,none,regularized_poisson,ceded,225842254.76056522,290834789.60206765,516677044.3626329,628320899.1818894,0.1,1.5951893000019481,success,,,True,True,337486109.57982177,337486109.57982177,116.04048815534908,116.04048815534908,1.1604048815534909,
28,20260844,long_emerging_break,constant,long,emerging,True,none,regularized_tweedie,gross,1346372859.7708485,649024592.3090057,1995397452.0798538,882798040.5114975,0.0001,7.265645699997549,success,,,True,True,233773448.20249176,233773448.20249176,36.01919726505376,36.01919726505376,0.36019197265053765,1.9
28,20260844,long_emerging_break,constant,long,emerging,True,none,regularized_tweedie,ceded,225842254.76056522,290834789.60206765,516677044.3626329,374271482.8511592,1.0,7.156562099997245,success,,,True,True,83436693.24909157,83436693.24909157,28.68869070418059,28.68869070418059,0.2868869070418059,1.9
28,20260844,long_shock_break,constant,long,shock,True,none,regularized_poisson,gross,1371519930.0962746,730183841.8742095,2101703771.9704843,1109339911.237474,0.001,1.8566495000013674,success,,,True,True,379156069.36326444,379156069.36326444,51.92611060661933,51.92611060661933,0.5192611060661934,
28,20260844,long_shock_break,constant,long,shock,True,none,regularized_poisson,ceded,233582715.7325012,365739264.73113674,599321980.4636381,648236845.1368412,0.1,1.528801399999793,success,,,True,True,282497580.40570444,282497580.40570444,77.2401564850782,77.2401564850782,0.772401564850782,
28,20260844,long_shock_break,constant,long,shock,True,none,regularized_tweedie,gross,1371519930.0962746,730183841.8742095,2101703771.9704843,1081709290.6905932,0.0001,7.130789100003312,success,,,True,True,351525448.8163837,351525448.8163837,48.14204706503788,48.14204706503788,0.4814204706503788,1.7
28,20260844,long_shock_break,constant,long,shock,True,none,regularized_tweedie,ceded,233582715.7325012,365739264.73113674,599321980.4636381,399471633.35876894,1.0,7.180684899998596,success,,,True,True,33732368.6276322,33732368.6276322,9.223064592867718,9.223064592867718,0.09223064592867718,1.9
29,20260845,short_stable_no_break,constant,short,stable,False,none,regularized_poisson,gross,1381273425.9603493,105743776.3705659,1487017202.330915,104641716.08762494,0.01,1.3346989000019676,success,,,True,True,-1102060.2829409689,1102060.2829409689,-1.0421987191746733,1.0421987191746733,-0.010421987191746734,
29,20260845,short_stable_no_break,constant,short,stable,False,none,regularized_poisson,ceded,244453200.06704935,56963023.1644543,301416223.23150367,63714776.081975296,0.001,1.1727680000003602,success,,,True,True,6751752.917520992,6751752.917520992,11.852869708176193,11.852869708176193,0.11852869708176193,
29,20260845,short_stable_no_break,constant,short,stable,False,none,regularized_tweedie,gross,1381273425.9603493,105743776.3705659,1487017202.330915,104694943.38072209,0.01,5.565462800001114,success,,,True,True,-1048832.9898438156,1048832.9898438156,-0.9918626190995021,0.9918626190995021,-0.009918626190995022,1.1
29,20260845,short_stable_no_break,constant,short,stable,False,none,regularized_tweedie,ceded,244453200.06704935,56963023.1644543,301416223.23150367,67924197.28128313,0.1,5.135095999998157,success,,,True,True,10961174.116828822,10961174.116828822,19.24261302842638,19.24261302842638,0.1924261302842638,1.7
29,20260845,short_emerging_no_break,constant,short,emerging,False,none,regularized_poisson,gross,1402434780.9813876,117659817.94940494,1520094598.930792,89665129.17237848,0.001,1.451136799998494,success,,,True,True,-27994688.77702646,27994688.77702646,-23.792905058772483,23.792905058772483,-0.23792905058772482,
29,20260845,short_emerging_no_break,constant,short,emerging,False,none,regularized_poisson,ceded,256594382.939571,71148516.3041015,327742899.24367243,57718423.60001839,0.001,1.2071762999985367,success,,,True,True,-13430092.704083107,13430092.704083107,-18.876138817400616,18.876138817400616,-0.18876138817400615,
29,20260845,short_emerging_no_break,constant,short,emerging,False,none,regularized_tweedie,gross,1402434780.9813876,117659817.94940494,1520094598.930792,90197292.74969572,0.0001,5.769067500001256,success,,,True,True,-27462525.19970922,27462525.19970922,-23.340615070064462,23.340615070064462,-0.23340615070064463,1.1
29,20260845,short_emerging_no_break,constant,short,emerging,False,none,regularized_tweedie,ceded,256594382.939571,71148516.3041015,327742899.24367243,57254883.35551902,0.001,5.299819299998489,success,,,True,True,-13893632.948582478,13893632.948582478,-19.527649584706168,19.527649584706168,-0.1952764958470617,1.1
29,20260845,short_shock_no_break,constant,short,shock,False,none,regularized_poisson,gross,1420292530.8191154,131983367.53074291,1552275898.3498583,104979903.2518754,0.0001,1.412057300000015,success,,,True,True,-27003464.278867513,27003464.278867513,-20.459747909203475,20.459747909203475,-0.20459747909203477,
29,20260845,short_shock_no_break,constant,short,shock,False,none,regularized_poisson,ceded,267488881.94015187,87437629.10602704,354926511.0461789,74229408.45251612,0.01,1.1931580000018585,success,,,True,True,-13208220.653510913,13208220.653510913,-15.105876941716478,15.105876941716478,-0.15105876941716478,
29,20260845,short_shock_no_break,constant,short,shock,False,none,regularized_tweedie,gross,1420292530.8191154,131983367.53074291,1552275898.3498583,105114978.63095728,0.0001,5.771987000000081,success,,,True,True,-26868388.899785638,26868388.899785638,-20.357405181018116,20.357405181018116,-0.20357405181018115,1.1
29,20260845,short_shock_no_break,constant,short,shock,False,none,regularized_tweedie,ceded,267488881.94015187,87437629.10602704,354926511.0461789,72809068.82306907,0.01,5.230560799998784,success,,,True,True,-14628560.282957971,14628560.282957971,-16.73028012369749,16.73028012369749,-0.16730280123697489,1.1
29,20260845,long_stable_no_break,constant,long,stable,False,none,regularized_poisson,gross,1097399994.792897,638435474.6701584,1735835469.4630554,717599977.3255978,0.001,1.5567577999972855,success,,,True,True,79164502.65543938,79164502.65543938,12.399765645281375,12.399765645281375,0.12399765645281376,
29,20260845,long_stable_no_break,constant,long,stable,False,none,regularized_poisson,ceded,160487973.66532907,290019944.5808143,450507918.2461434,657152066.3550076,0.1,1.3104841999993369,success,,,True,True,367132121.77419335,367132121.77419335,126.58857731485831,126.58857731485831,1.265885773148583,
29,20260845,long_stable_no_break,constant,long,stable,False,none,regularized_tweedie,gross,1097399994.792897,638435474.6701584,1735835469.4630554,701646269.6000128,0.01,6.261822200001916,success,,,True,True,63210794.92985439,63210794.92985439,9.90089013498375,9.90089013498375,0.0990089013498375,1.9
29,20260845,long_stable_no_break,constant,long,stable,False,none,regularized_tweedie,ceded,160487973.66532907,290019944.5808143,450507918.2461434,674015981.5138351,0.1,6.215792599999986,success,,,True,True,383996036.9330208,383996036.9330208,132.40332056749978,132.40332056749978,1.3240332056749977,1.1
29,20260845,long_emerging_no_break,constant,long,emerging,False,none,regularized_poisson,gross,1121519009.374872,745015080.9615617,1866534090.336434,691967159.4296105,0.01,1.677900500002579,success,,,True,True,-53047921.53195119,53047921.53195119,-7.120382242931823,7.120382242931823,-0.07120382242931823,
29,20260845,long_emerging_no_break,constant,long,emerging,False,none,regularized_poisson,ceded,169030917.95902392,381484844.30180925,550515762.2608331,1010217316.9173512,0.1,1.3904545000004873,success,,,True,True,628732472.6155419,628732472.6155419,164.81191376455428,164.81191376455428,1.6481191376455426,
29,20260845,long_emerging_no_break,constant,long,emerging,False,none,regularized_tweedie,gross,1121519009.374872,745015080.9615617,1866534090.336434,619110561.4005108,0.01,6.877445900001476,success,,,True,True,-125904519.56105089,125904519.56105089,-16.899593414746835,16.899593414746835,-0.16899593414746836,1.9
29,20260845,long_emerging_no_break,constant,long,emerging,False,none,regularized_tweedie,ceded,169030917.95902392,381484844.30180925,550515762.2608331,1048135021.8784238,0.1,6.473907300001883,success,,,True,True,666650177.5766146,666650177.5766146,174.75141870883832,174.75141870883832,1.7475141870883832,1.1
29,20260845,long_shock_no_break,constant,long,shock,False,none,regularized_poisson,gross,1141669158.5810294,838779217.8170916,1980448376.3981209,808351363.8387073,0.01,1.7018215999996755,success,,,True,True,-30427853.978384256,30427853.978384256,-3.6276356557297906,3.6276356557297906,-0.036276356557297905,
29,20260845,long_shock_no_break,constant,long,shock,False,none,regularized_poisson,ceded,175869762.3696588,461340465.36553705,637210227.735196,959487327.811635,0.1,1.372757900000579,success,,,True,True,498146862.44609797,498146862.44609797,107.97814192418562,107.97814192418562,1.0797814192418562,
29,20260845,long_shock_no_break,constant,long,shock,False,none,regularized_tweedie,gross,1141669158.5810294,838779217.8170916,1980448376.3981209,823444522.0768796,0.1,6.909486199998355,success,,,True,True,-15334695.740211964,15334695.740211964,-1.8282159851456794,1.8282159851456794,-0.018282159851456793,1.1
29,20260845,long_shock_no_break,constant,long,shock,False,none,regularized_tweedie,ceded,175869762.3696588,461340465.36553705,637210227.735196,990995515.0509547,0.1,6.615820099999837,success,,,True,True,529655049.68541765,529655049.68541765,114.80784571233144,114.80784571233144,1.1480784571233145,1.1
29,20260845,long_stable_break,constant,long,stable,True,none,regularized_poisson,gross,1197656712.8188295,493079029.0703968,1690735741.8892262,839418491.6234647,0.01,1.6445949000008113,success,,,True,True,346339462.5530679,346339462.5530679,70.24015261935244,70.24015261935244,0.7024015261935245,
29,20260845,long_stable_break,constant,long,stable,True,none,regularized_poisson,ceded,192031534.39799488,225852297.40184218,417883831.79983705,843960864.1215489,0.1,1.3477139999995416,success,,,True,True,618108566.7197068,618108566.7197068,273.6782285725224,273.6782285725224,2.736782285725224,
29,20260845,long_stable_break,constant,long,stable,True,none,regularized_tweedie,gross,1197656712.8188295,493079029.0703968,1690735741.8892262,817428016.4886453,0.01,6.643330300001253,success,,,True,True,324348987.41824853,324348987.41824853,65.78032491662535,65.78032491662535,0.6578032491662534,1.9
29,20260845,long_stable_break,constant,long,stable,True,none,regularized_tweedie,ceded,192031534.39799488,225852297.40184218,417883831.79983705,846803807.027724,0.1,6.547090799998841,success,,,True,True,620951509.6258819,620951509.6258819,274.9369905771067,274.9369905771067,2.749369905771067,1.1
29,20260845,long_emerging_break,constant,long,emerging,True,none,regularized_poisson,gross,1225403329.1523201,565019115.9561379,1790422445.108458,826882405.8934631,0.01,1.9003460999992967,success,,,True,True,261863289.93732524,261863289.93732524,46.34591689773086,46.34591689773086,0.4634591689773086,
29,20260845,long_emerging_break,constant,long,emerging,True,none,regularized_poisson,ceded,204233534.7641881,289092639.04094255,493326173.8051306,1225389613.7562413,0.1,1.4495893999992404,success,,,True,True,936296974.7152988,936296974.7152988,323.8743739105361,323.8743739105361,3.2387437391053613,
29,20260845,long_emerging_break,constant,long,emerging,True,none,regularized_tweedie,gross,1225403329.1523201,565019115.9561379,1790422445.108458,756421955.8849951,0.01,7.440710999999283,success,,,True,True,191402839.9288572,191402839.9288572,33.87546270978126,33.87546270978126,0.33875462709781257,1.9
29,20260845,long_emerging_break,constant,long,emerging,True,none,regularized_tweedie,ceded,204233534.7641881,289092639.04094255,493326173.8051306,1230797901.807343,0.1,7.1026538999976765,success,,,True,True,941705262.7664005,941705262.7664005,325.7451541798102,325.7451541798102,3.257451541798102,1.1
29,20260845,long_shock_break,constant,long,shock,True,none,regularized_poisson,gross,1248498506.0248494,635669401.7649539,1884167907.7898033,979124300.1604702,0.01,1.8873760999995284,success,,,True,True,343454898.3955164,343454898.3955164,54.03042799321538,54.03042799321538,0.5403042799321538,
29,20260845,long_shock_break,constant,long,shock,True,none,regularized_poisson,ceded,214247610.43856177,351201311.80938095,565448922.2479427,1185480516.070057,0.1,1.4800233000023582,success,,,True,True,834279204.2606759,834279204.2606759,237.55013896801495,237.55013896801495,2.3755013896801493,
29,20260845,long_shock_break,constant,long,shock,True,none,regularized_tweedie,gross,1248498506.0248494,635669401.7649539,1884167907.7898033,1024114300.7252816,0.1,7.307007799998246,success,,,True,True,388444898.96032774,388444898.96032774,61.10800643885007,61.10800643885007,0.6110800643885007,1.1
29,20260845,long_shock_break,constant,long,shock,True,none,regularized_tweedie,ceded,214247610.43856177,351201311.80938095,565448922.2479427,1187624986.4236605,0.1,6.958321599999181,success,,,True,True,836423674.6142795,836423674.6142795,238.16074897472456,238.16074897472456,2.3816074897472457,1.1
30,20260846,short_stable_no_break,constant,short,stable,False,none,regularized_poisson,gross,1453473522.7651565,120655934.49988824,1574129457.2650447,98954836.77316311,0.001,1.379257399999915,success,,,True,True,-21701097.72672513,21701097.72672513,-17.98593481263471,17.98593481263471,-0.1798593481263471,
30,20260846,short_stable_no_break,constant,short,stable,False,none,regularized_poisson,ceded,228030114.94224325,62387330.11787935,290417445.0601226,40938572.296129465,0.001,1.1851878999987093,success,,,True,True,-21448757.82174989,21448757.82174989,-34.37998994543119,34.37998994543119,-0.34379989945431194,
30,20260846,short_stable_no_break,constant,short,stable,False,none,regularized_tweedie,gross,1453473522.7651565,120655934.49988824,1574129457.2650447,98767314.08508876,0.0001,5.533703199998854,success,,,True,True,-21888620.41479948,21888620.41479948,-18.141354178330744,18.141354178330744,-0.18141354178330743,1.1
30,20260846,short_stable_no_break,constant,short,stable,False,none,regularized_tweedie,ceded,228030114.94224325,62387330.11787935,290417445.0601226,37023058.8478482,0.01,5.252718799998547,success,,,True,True,-25364271.270031154,25364271.270031154,-40.656125566049994,40.656125566049994,-0.40656125566049994,1.9
30,20260846,short_emerging_no_break,constant,short,emerging,False,none,regularized_poisson,gross,1478472527.2836914,133967662.78688279,1612440190.070574,130116411.28693938,0.001,1.4233605000008538,success,,,True,True,-3851251.4999434054,3851251.4999434054,-2.8747620282590267,2.8747620282590267,-0.02874762028259027,
30,20260846,short_emerging_no_break,constant,short,emerging,False,none,regularized_poisson,ceded,240371256.82662123,77296777.61764812,317668034.44426936,69489141.49882883,0.001,1.2162712999997893,success,,,True,True,-7807636.118819296,7807636.118819296,-10.100855895235515,10.100855895235515,-0.10100855895235515,
30,20260846,short_emerging_no_break,constant,short,emerging,False,none,regularized_tweedie,gross,1478472527.2836914,133967662.78688279,1612440190.070574,128435165.29299985,0.001,5.753564700000425,success,,,True,True,-5532497.493882939,5532497.493882939,-4.129726068808185,4.129726068808185,-0.041297260688081844,1.1
30,20260846,short_emerging_no_break,constant,short,emerging,False,none,regularized_tweedie,ceded,240371256.82662123,77296777.61764812,317668034.44426936,72120161.32312874,0.0001,5.411044700002094,success,,,True,True,-5176616.29451938,5176616.29451938,-6.697066105557125,6.697066105557125,-0.06697066105557126,1.1
30,20260846,short_shock_no_break,constant,short,shock,False,none,regularized_poisson,gross,1500545301.095295,150188914.14911425,1650734215.2444093,146167945.49138194,0.001,1.442153200001485,success,,,True,True,-4020968.657732308,4020968.657732308,-2.677273938967367,2.677273938967367,-0.02677273938967367,
30,20260846,short_shock_no_break,constant,short,shock,False,none,regularized_poisson,ceded,252161589.74753386,96643206.08115312,348804795.82868695,88973309.3754196,0.001,1.2329074000008404,success,,,True,True,-7669896.705733523,7669896.705733523,-7.936302008951324,7.936302008951324,-0.07936302008951324,
30,20260846,short_shock_no_break,constant,short,shock,False,none,regularized_tweedie,gross,1500545301.095295,150188914.14911425,1650734215.2444093,145073005.1344061,0.001,5.7242942999982915,success,,,True,True,-5115909.014708161,5115909.014708161,-3.4063160012122196,3.4063160012122196,-0.034063160012122194,1.1
30,20260846,short_shock_no_break,constant,short,shock,False,none,regularized_tweedie,ceded,252161589.74753386,96643206.08115312,348804795.82868695,89356865.97413099,0.0001,5.4415020999986154,success,,,True,True,-7286340.107022136,7286340.107022136,-7.539422999795412,7.539422999795412,-0.07539422999795412,1.1
30,20260846,long_stable_no_break,constant,long,stable,False,none,regularized_poisson,gross,1142921950.832036,690814542.0379773,1833736492.8700135,623626606.9401766,0.001,1.5241416999997455,success,,,True,True,-67187935.09780073,67187935.09780073,-9.725900514425923,9.725900514425923,-0.09725900514425924,
30,20260846,long_stable_no_break,constant,long,stable,False,none,regularized_poisson,ceded,156192251.24879923,281357250.1070676,437549501.3558668,164895632.56512383,1.0,1.323030800002016,success,,,True,True,-116461617.54194376,116461617.54194376,-41.39279065942871,41.39279065942871,-0.41392790659428713,
30,20260846,long_stable_no_break,constant,long,stable,False,none,regularized_tweedie,gross,1142921950.832036,690814542.0379773,1833736492.8700135,622883397.9069109,0.0001,6.366745399998763,success,,,True,True,-67931144.13106644,67931144.13106644,-9.833484965539702,9.833484965539702,-0.09833484965539702,1.1
30,20260846,long_stable_no_break,constant,long,stable,False,none,regularized_tweedie,ceded,156192251.24879923,281357250.1070676,437549501.3558668,159034874.20814204,1.0,6.075258500000928,success,,,True,True,-122322375.89892554,122322375.89892554,-43.47582152312657,43.47582152312657,-0.4347582152312657,1.9
30,20260846,long_emerging_no_break,constant,long,emerging,False,none,regularized_poisson,gross,1166920127.5973678,805568290.9158989,1972488418.513266,740339233.8728039,0.001,1.744084699999803,success,,,True,True,-65229057.04309499,65229057.04309499,-8.09727217154143,8.09727217154143,-0.0809727217154143,
30,20260846,long_emerging_no_break,constant,long,emerging,False,none,regularized_poisson,ceded,162936602.07091877,382295881.04328835,545232483.1142071,201272063.3291722,1.0,1.3665843999988283,success,,,True,True,-181023817.71411616,181023817.71411616,-47.35175728812479,47.35175728812479,-0.47351757288124785,
30,20260846,long_emerging_no_break,constant,long,emerging,False,none,regularized_tweedie,gross,1166920127.5973678,805568290.9158989,1972488418.513266,728071196.149043,0.001,6.929085899999336,success,,,True,True,-77497094.76685596,77497094.76685596,-9.620176916192277,9.620176916192277,-0.09620176916192277,1.1
30,20260846,long_emerging_no_break,constant,long,emerging,False,none,regularized_tweedie,ceded,162936602.07091877,382295881.04328835,545232483.1142071,190442646.84878492,1.0,6.434560000001511,success,,,True,True,-191853234.19450343,191853234.19450343,-50.18448895419289,50.18448895419289,-0.5018448895419289,1.9
30,20260846,long_shock_no_break,constant,long,shock,False,none,regularized_poisson,gross,1187855556.1525638,906917778.9163955,2094773335.0689595,870044907.4603072,0.001,1.762742300001264,success,,,True,True,-36872871.456088305,36872871.456088305,-4.065734768166612,4.065734768166612,-0.04065734768166612,
30,20260846,long_shock_no_break,constant,long,shock,False,none,regularized_poisson,ceded,168550492.33794644,471111242.75754035,639661735.0954868,231110674.7481933,1.0,1.3694404999987455,success,,,True,True,-240000568.00934705,240000568.00934705,-50.943502558877476,50.943502558877476,-0.5094350255887747,
30,20260846,long_shock_no_break,constant,long,shock,False,none,regularized_tweedie,gross,1187855556.1525638,906917778.9163955,2094773335.0689595,882394210.3945735,0.0001,6.948750999999902,success,,,True,True,-24523568.521822095,24523568.521822095,-2.7040564306858523,2.7040564306858523,-0.027040564306858524,1.1
30,20260846,long_shock_no_break,constant,long,shock,False,none,regularized_tweedie,ceded,168550492.33794644,471111242.75754035,639661735.0954868,211617728.4902206,1.0,6.580872899998212,success,,,True,True,-259493514.26731974,259493514.26731974,-55.08115508949323,55.08115508949323,-0.5508115508949323,1.9
30,20260846,long_stable_break,constant,long,stable,True,none,regularized_poisson,gross,1240228802.2119026,547004785.4747375,1787233587.6866405,775546000.7999296,0.001,1.6863205999979982,success,,,True,True,228541215.3251921,228541215.3251921,41.7804782323512,41.7804782323512,0.417804782323512,
30,20260846,long_stable_break,constant,long,stable,True,none,regularized_poisson,ceded,182179549.0663217,219982674.7681759,402162223.83449763,234130770.3189548,1.0,1.3913629999988189,success,,,True,True,14148095.550778896,14148095.550778896,6.431459007255261,6.431459007255261,0.06431459007255261,
30,20260846,long_stable_break,constant,long,stable,True,none,regularized_tweedie,gross,1240228802.2119026,547004785.4747375,1787233587.6866405,773193304.7832986,0.0001,6.592990199998894,success,,,True,True,226188519.3085611,226188519.3085611,41.35037303416922,41.35037303416922,0.41350373034169224,1.5
30,20260846,long_stable_break,constant,long,stable,True,none,regularized_tweedie,ceded,182179549.0663217,219982674.7681759,402162223.83449763,222216314.71139097,1.0,6.600294300002133,success,,,True,True,2233639.943215072,2233639.943215072,1.0153708448035492,1.0153708448035492,0.010153708448035493,1.9
30,20260846,long_emerging_break,constant,long,emerging,True,none,regularized_poisson,gross,1268168623.1553185,625499222.5128746,1893667845.6681929,829303823.5525974,0.01,1.91685839999991,success,,,True,True,203804601.0397228,203804601.0397228,32.58271053015224,32.58271053015224,0.3258271053015224,
30,20260846,long_emerging_break,constant,long,emerging,True,none,regularized_poisson,ceded,191005215.60268074,291157767.08729905,482162982.68997973,292419150.5836115,1.0,1.5631448999993154,success,,,True,True,1261383.4963124394,1261383.4963124394,0.433230241092704,0.433230241092704,0.00433230241092704,
30,20260846,long_emerging_break,constant,long,emerging,True,none,regularized_tweedie,gross,1268168623.1553185,625499222.5128746,1893667845.6681929,790800936.7927128,0.001,7.336703799999668,success,,,True,True,165301714.2798382,165301714.2798382,26.427165427281697,26.427165427281697,0.26427165427281696,1.7
30,20260846,long_emerging_break,constant,long,emerging,True,none,regularized_tweedie,ceded,191005215.60268074,291157767.08729905,482162982.68997973,266616350.479575,1.0,7.055867999999464,success,,,True,True,-24541416.60772404,24541416.60772404,-8.428906724087385,8.428906724087385,-0.08428906724087386,1.9
30,20260846,long_shock_break,constant,long,shock,True,none,regularized_poisson,gross,1292588377.358778,703654415.0465567,1996242792.4053347,1040154897.0678692,0.001,1.8741448000000673,success,,,True,True,336500482.0213125,336500482.0213125,47.82183907693497,47.82183907693497,0.47821839076934974,
30,20260846,long_shock_break,constant,long,shock,True,none,regularized_poisson,ceded,198363394.30452785,362164258.8152298,560527653.1197577,341331072.230078,1.0,1.5062648000021,success,,,True,True,-20833186.58515179,20833186.58515179,-5.752413739915881,5.752413739915881,-0.05752413739915881,
30,20260846,long_shock_break,constant,long,shock,True,none,regularized_tweedie,gross,1292588377.358778,703654415.0465567,1996242792.4053347,1040730712.5309589,0.0001,7.288485599998239,success,,,True,True,337076297.4844022,337076297.4844022,47.90367121651611,47.90367121651611,0.4790367121651611,1.9
30,20260846,long_shock_break,constant,long,shock,True,none,regularized_tweedie,ceded,198363394.30452785,362164258.8152298,560527653.1197577,295471749.35510117,1.0,7.019157199996698,success,,,True,True,-66692509.460128605,66692509.460128605,-18.41498928643702,18.41498928643702,-0.1841498928643702,1.9
31,20260847,short_stable_no_break,constant,short,stable,False,none,regularized_poisson,gross,1677936473.6025276,122081952.54001437,1800018426.1425416,132173121.62790161,0.0001,1.3274406000018644,success,,,True,True,10091169.087887242,10091169.087887242,8.265897520421534,8.265897520421534,0.08265897520421535,
31,20260847,short_stable_no_break,constant,short,stable,False,none,regularized_poisson,ceded,333827622.47373134,57760920.24673401,391588542.7204653,61299067.464756444,0.001,1.199328400001832,success,,,True,True,3538147.218022436,3538147.218022436,6.125503546184402,6.125503546184402,0.06125503546184402,
31,20260847,short_stable_no_break,constant,short,stable,False,none,regularized_tweedie,gross,1677936473.6025276,122081952.54001437,1800018426.1425416,122292538.3000182,0.01,5.523819099998946,success,,,True,True,210585.76000383496,210585.76000383496,0.17249540625983356,0.17249540625983356,0.0017249540625983355,1.9
31,20260847,short_stable_no_break,constant,short,stable,False,none,regularized_tweedie,ceded,333827622.47373134,57760920.24673401,391588542.7204653,60660449.39185651,0.1,5.234870699998282,success,,,True,True,2899529.1451224983,2899529.1451224983,5.019880453318171,5.019880453318171,0.05019880453318171,1.9
31,20260847,short_emerging_no_break,constant,short,emerging,False,none,regularized_poisson,gross,1708242367.4399233,135553905.77080107,1843796273.2107246,156172764.15640396,0.0001,1.4062699999994948,success,,,True,True,20618858.38560289,20618858.38560289,15.210818359203845,15.210818359203845,0.15210818359203845,
31,20260847,short_emerging_no_break,constant,short,emerging,False,none,regularized_poisson,ceded,348627481.4404566,73102486.68446147,421729968.1249181,63050999.66055174,0.01,1.2145203000000038,success,,,True,True,-10051487.023909733,10051487.023909733,-13.749856509390476,13.749856509390476,-0.13749856509390476,
31,20260847,short_emerging_no_break,constant,short,emerging,False,none,regularized_tweedie,gross,1708242367.4399233,135553905.77080107,1843796273.2107246,155276639.75983948,0.0001,5.701510099999723,success,,,True,True,19722733.989038408,19722733.989038408,14.549734938944692,14.549734938944692,0.14549734938944692,1.1
31,20260847,short_emerging_no_break,constant,short,emerging,False,none,regularized_tweedie,ceded,348627481.4404566,73102486.68446147,421729968.1249181,56697328.38530636,0.1,5.358682800000679,success,,,True,True,-16405158.299155116,16405158.299155116,-22.441313617642184,22.441313617642184,-0.22441313617642183,1.9
31,20260847,short_shock_no_break,constant,short,shock,False,none,regularized_poisson,gross,1735115822.1452506,151978119.49120846,1887093941.636459,178114098.06996235,0.0001,1.3897431000004872,success,,,True,True,26135978.57875389,26135978.57875389,17.19719829818383,17.19719829818383,0.1719719829818383,
31,20260847,short_shock_no_break,constant,short,shock,False,none,regularized_poisson,ceded,362170816.40541357,93300270.72113782,455471087.1265514,86176509.65033947,0.1,1.21557219999886,success,,,True,True,-7123761.070798352,7123761.070798352,-7.635305895403382,7.635305895403382,-0.07635305895403383,
31,20260847,short_shock_no_break,constant,short,shock,False,none,regularized_tweedie,gross,1735115822.1452506,151978119.49120846,1887093941.636459,177909063.91910815,0.0001,5.7402454999974,success,,,True,True,25930944.42789969,25930944.42789969,17.0622879890284,17.0622879890284,0.170622879890284,1.1
31,20260847,short_shock_no_break,constant,short,shock,False,none,regularized_tweedie,ceded,362170816.40541357,93300270.72113782,455471087.1265514,58690077.85560574,0.1,5.348012400001608,success,,,True,True,-34610192.865532085,34610192.865532085,-37.095490289602026,37.095490289602026,-0.3709549028960203,1.9
31,20260847,long_stable_no_break,constant,long,stable,False,none,regularized_poisson,gross,1285749764.9783924,812802346.8376273,2098552111.8160193,843075458.7980855,0.0001,1.533724799999618,success,,,True,True,30273111.96045816,30273111.96045816,3.7245355009421237,3.7245355009421237,0.037245355009421235,
31,20260847,long_stable_no_break,constant,long,stable,False,none,regularized_poisson,ceded,225935057.11198,332551525.6775034,558486582.7894834,433463715.4462504,0.1,1.3355268999985128,success,,,True,True,100912189.76874697,100912189.76874697,30.344828388070006,30.344828388070006,0.30344828388070005,
31,20260847,long_stable_no_break,constant,long,stable,False,none,regularized_tweedie,gross,1285749764.9783924,812802346.8376273,2098552111.8160193,849915705.9931318,0.001,6.2039731000004394,success,,,True,True,37113359.155504465,37113359.155504465,4.566098916901696,4.566098916901696,0.04566098916901696,1.9
31,20260847,long_stable_no_break,constant,long,stable,False,none,regularized_tweedie,ceded,225935057.11198,332551525.6775034,558486582.7894834,315484730.2863116,1.0,6.124616599998262,success,,,True,True,-17066795.39119178,17066795.39119178,-5.13207550511813,5.13207550511813,-0.0513207550511813,1.9
31,20260847,long_emerging_no_break,constant,long,emerging,False,none,regularized_poisson,gross,1314290812.1582818,946591100.182494,2260881912.3407764,910345732.2257991,0.0001,1.7188559000023815,success,,,True,True,-36245367.95669496,36245367.95669496,-3.829041700234366,3.829041700234366,-0.03829041700234366,
31,20260847,long_emerging_no_break,constant,long,emerging,False,none,regularized_poisson,ceded,235475170.7670295,445372841.25377375,680848012.0208032,549129547.1847723,0.1,1.4477271999967343,success,,,True,True,103756705.9309985,103756705.9309985,23.296594744958384,23.296594744958384,0.23296594744958385,
31,20260847,long_emerging_no_break,constant,long,emerging,False,none,regularized_tweedie,gross,1314290812.1582818,946591100.182494,2260881912.3407764,899360412.921672,0.0001,6.7002716999995755,success,,,True,True,-47230687.26082206,47230687.26082206,-4.989555390042904,4.989555390042904,-0.04989555390042904,1.9
31,20260847,long_emerging_no_break,constant,long,emerging,False,none,regularized_tweedie,ceded,235475170.7670295,445372841.25377375,680848012.0208032,377019172.22440743,1.0,6.695158400001674,success,,,True,True,-68353669.02936631,68353669.02936631,-15.347516215165518,15.347516215165518,-0.1534751621516552,1.9
31,20260847,long_shock_no_break,constant,long,shock,False,none,regularized_poisson,gross,1339241057.1612883,1065642248.7398392,2404883305.9011273,1087435001.0068774,0.0001,1.6773811000020942,success,,,True,True,21792752.267038226,21792752.267038226,2.045034559469555,2.045034559469555,0.020450345594695548,
31,20260847,long_shock_no_break,constant,long,shock,False,none,regularized_poisson,ceded,243476673.5463041,545882603.4409287,789359276.9872328,587884118.8581046,0.1,1.383449799999653,success,,,True,True,42001515.41717589,42001515.41717589,7.694239595184495,7.694239595184495,0.07694239595184495,
31,20260847,long_shock_no_break,constant,long,shock,False,none,regularized_tweedie,gross,1339241057.1612883,1065642248.7398392,2404883305.9011273,1063942294.2368919,0.0001,6.659872699998232,success,,,True,True,-1699954.5029473305,1699954.5029473305,-0.15952394013634394,0.15952394013634394,-0.0015952394013634395,1.9
31,20260847,long_shock_no_break,constant,long,shock,False,none,regularized_tweedie,ceded,243476673.5463041,545882603.4409287,789359276.9872328,400150683.8560698,1.0,6.5216096000003745,success,,,True,True,-145731919.5848589,145731919.5848589,-26.696567845586035,26.696567845586035,-0.26696567845586033,1.9
31,20260847,long_stable_break,constant,long,stable,True,none,regularized_poisson,gross,1398775385.707623,646223455.3267366,2044998841.0343597,1010712892.4313799,0.0001,1.6345672999996168,success,,,True,True,364489437.10464334,364489437.10464334,56.40300334198704,56.40300334198704,0.5640300334198703,
31,20260847,long_stable_break,constant,long,stable,True,none,regularized_poisson,ceded,259237748.31542376,260791367.4203238,520029115.7357475,485832199.779083,0.1,1.4041789999973844,success,,,True,True,225040832.35875922,225040832.35875922,86.29151899650705,86.29151899650705,0.8629151899650706,
31,20260847,long_stable_break,constant,long,stable,True,none,regularized_tweedie,gross,1398775385.707623,646223455.3267366,2044998841.0343597,1027589155.2624785,0.01,6.529107700000168,success,,,True,True,381365699.9357419,381365699.9357419,59.01452458777124,59.01452458777124,0.5901452458777124,1.3
31,20260847,long_stable_break,constant,long,stable,True,none,regularized_tweedie,ceded,259237748.31542376,260791367.4203238,520029115.7357475,409202189.23281944,1.0,6.3497940999986895,success,,,True,True,148410821.81249565,148410821.81249565,56.907873631146046,56.907873631146046,0.5690787363114604,1.1
31,20260847,long_emerging_break,constant,long,emerging,True,none,regularized_poisson,gross,1432059271.4387395,738012142.2479068,2170071413.6866465,1101891889.0307336,0.0001,1.7946678000007523,success,,,True,True,363879746.7828268,363879746.7828268,49.3053875339351,49.3053875339351,0.49305387533935097,
31,20260847,long_emerging_break,constant,long,emerging,True,none,regularized_poisson,ceded,270632193.3548211,340746313.9475435,611378507.3023645,583149294.4329379,0.1,1.5243492999979935,success,,,True,True,242402980.48539436,242402980.48539436,71.13884158486049,71.13884158486049,0.7113884158486049,
31,20260847,long_emerging_break,constant,long,emerging,True,none,regularized_tweedie,gross,1432059271.4387395,738012142.2479068,2170071413.6866465,1061851086.0288854,0.0001,7.031360199998744,success,,,True,True,323838943.78097856,323838943.78097856,43.879893736517595,43.879893736517595,0.43879893736517595,1.7
31,20260847,long_emerging_break,constant,long,emerging,True,none,regularized_tweedie,ceded,270632193.3548211,340746313.9475435,611378507.3023645,494357032.353803,1.0,6.965203799998562,success,,,True,True,153610718.40625948,153610718.40625948,45.08066914258894,45.08066914258894,0.4508066914258894,1.1
31,20260847,long_shock_break,constant,long,shock,True,none,regularized_poisson,gross,1461278714.2151167,830176970.9717033,2291455685.18682,1305996221.2248979,0.0001,1.7680018999999447,success,,,True,True,475819250.2531946,475819250.2531946,57.315399835321735,57.315399835321735,0.5731539983532173,
31,20260847,long_shock_break,constant,long,shock,True,none,regularized_poisson,ceded,280727385.8354254,420737137.6768234,701464523.5122488,658590719.1549265,0.1,1.5411292999997386,success,,,True,True,237853581.47810316,237853581.47810316,56.53258535518281,56.53258535518281,0.5653258535518281,
31,20260847,long_shock_break,constant,long,shock,True,none,regularized_tweedie,gross,1461278714.2151167,830176970.9717033,2291455685.18682,1282736591.7749538,0.0001,7.021816899999976,success,,,True,True,452559620.80325055,452559620.80325055,54.51363222874514,54.51363222874514,0.5451363222874513,1.7
31,20260847,long_shock_break,constant,long,shock,True,none,regularized_tweedie,ceded,280727385.8354254,420737137.6768234,701464523.5122488,553186695.8242288,1.0,7.00945689999935,success,,,True,True,132449558.14740539,132449558.14740539,31.480358230022127,31.480358230022127,0.31480358230022126,1.1
32,20260848,short_stable_no_break,constant,short,stable,False,none,regularized_poisson,gross,1626457376.0486395,110584025.71817082,1737041401.7668102,119059981.62636381,0.01,1.3447759000009682,success,,,True,True,8475955.908192992,8475955.908192992,7.664719974831093,7.664719974831093,0.07664719974831093,
32,20260848,short_stable_no_break,constant,short,stable,False,none,regularized_poisson,ceded,303273594.5465333,46887955.63871187,350161550.18524516,51199304.86941679,0.001,1.1926587000016298,success,,,True,True,4311349.2307049185,4311349.2307049185,9.195003646406287,9.195003646406287,0.09195003646406287,
32,20260848,short_stable_no_break,constant,short,stable,False,none,regularized_tweedie,gross,1626457376.0486395,110584025.71817082,1737041401.7668102,128646910.56569007,0.001,5.61561090000032,success,,,True,True,18062884.84751925,18062884.84751925,16.33408146449059,16.33408146449059,0.1633408146449059,1.9
32,20260848,short_stable_no_break,constant,short,stable,False,none,regularized_tweedie,ceded,303273594.5465333,46887955.63871187,350161550.18524516,48240662.38428648,0.1,5.154861900002288,success,,,True,True,1352706.7455746084,1352706.7455746084,2.884977020533136,2.884977020533136,0.028849770205331363,1.9
32,20260848,short_emerging_no_break,constant,short,emerging,False,none,regularized_poisson,gross,1654011954.9313507,122719052.61469321,1776731007.5460436,137972356.6385559,0.001,1.5050520000004326,success,,,True,True,15253304.023862705,15253304.023862705,12.42945060189979,12.42945060189979,0.1242945060189979,
32,20260848,short_emerging_no_break,constant,short,emerging,False,none,regularized_poisson,ceded,315480822.43127525,59611145.25632675,375091967.6876019,68324055.33956057,0.001,1.2635503000019526,success,,,True,True,8712910.083233818,8712910.083233818,14.616243398392156,14.616243398392156,0.14616243398392156,
32,20260848,short_emerging_no_break,constant,short,emerging,False,none,regularized_tweedie,gross,1654011954.9313507,122719052.61469321,1776731007.5460436,186482570.6911538,0.0001,5.874017500002083,success,,,True,True,63763518.076460585,63763518.076460585,51.95893931536606,51.95893931536606,0.5195893931536606,1.9
32,20260848,short_emerging_no_break,constant,short,emerging,False,none,regularized_tweedie,ceded,315480822.43127525,59611145.25632675,375091967.6876019,67198042.73047936,0.001,5.410777299999609,success,,,True,True,7586897.47415261,7586897.47415261,12.727313728882578,12.727313728882578,0.12727313728882578,1.1
32,20260848,short_shock_no_break,constant,short,shock,False,none,regularized_poisson,gross,1678097977.1704264,137564271.0944117,1815662248.2648382,157268145.01260388,0.001,1.390144799999689,success,,,True,True,19703873.918192178,19703873.918192178,14.323394993071433,14.323394993071433,0.14323394993071434,
32,20260848,short_shock_no_break,constant,short,shock,False,none,regularized_poisson,ceded,326703813.45461977,76170535.19235647,402874348.64697623,87258344.97226301,0.001,1.245052599999326,success,,,True,True,11087809.779906541,11087809.779906541,14.556560160573975,14.556560160573975,0.14556560160573975,
32,20260848,short_shock_no_break,constant,short,shock,False,none,regularized_tweedie,gross,1678097977.1704264,137564271.0944117,1815662248.2648382,218245587.14957243,0.0001,5.769047699999646,success,,,True,True,80681316.05516073,80681316.05516073,58.64990626802242,58.64990626802242,0.5864990626802242,1.9
32,20260848,short_shock_no_break,constant,short,shock,False,none,regularized_tweedie,ceded,326703813.45461977,76170535.19235647,402874348.64697623,86934457.26986304,0.0001,5.321467199999461,success,,,True,True,10763922.077506572,10763922.077506572,14.131346261811098,14.131346261811098,0.14131346261811098,1.1
32,20260848,long_stable_no_break,constant,long,stable,False,none,regularized_poisson,gross,1270098468.1734135,753704745.1874814,2023803213.360895,744790844.8825698,0.0001,1.5515272000011464,success,,,True,True,-8913900.304911613,8913900.304911613,-1.1826780130851255,1.1826780130851255,-0.011826780130851255,
32,20260848,long_stable_no_break,constant,long,stable,False,none,regularized_poisson,ceded,211020629.8660634,293222850.623987,504243480.4900504,267622468.7244128,1.0,1.277734800001781,success,,,True,True,-25600381.89957422,25600381.89957422,-8.730691296771667,8.730691296771667,-0.08730691296771667,
32,20260848,long_stable_no_break,constant,long,stable,False,none,regularized_tweedie,gross,1270098468.1734135,753704745.1874814,2023803213.360895,762057610.660143,0.0001,6.406592300001648,success,,,True,True,8352865.472661614,8352865.472661614,1.1082410620333654,1.1082410620333654,0.011082410620333653,1.9
32,20260848,long_stable_no_break,constant,long,stable,False,none,regularized_tweedie,ceded,211020629.8660634,293222850.623987,504243480.4900504,265744263.2168196,1.0,6.116430799997033,success,,,True,True,-27478587.407167405,27478587.407167405,-9.371229884946603,9.371229884946603,-0.09371229884946602,1.1
32,20260848,long_emerging_no_break,constant,long,emerging,False,none,regularized_poisson,gross,1296407242.6530855,876628637.4508647,2173035880.10395,722778433.4049053,0.0001,1.7743897999971523,success,,,True,True,-153850204.04595935,153850204.04595935,-17.550214249598103,17.550214249598103,-0.17550214249598103,
32,20260848,long_emerging_no_break,constant,long,emerging,False,none,regularized_poisson,ceded,219614189.69984436,390768912.1781554,610383101.8779998,327727441.7574781,1.0,1.4038203000018257,success,,,True,True,-63041470.420677304,63041470.420677304,-16.132672906164057,16.132672906164057,-0.16132672906164058,
32,20260848,long_emerging_no_break,constant,long,emerging,False,none,regularized_tweedie,gross,1296407242.6530855,876628637.4508647,2173035880.10395,698259924.1855192,0.0001,6.868246099998942,success,,,True,True,-178368713.26534545,178368713.26534545,-20.347123701550657,20.347123701550657,-0.20347123701550657,1.7
32,20260848,long_emerging_no_break,constant,long,emerging,False,none,regularized_tweedie,ceded,219614189.69984436,390768912.1781554,610383101.8779998,324349082.48867375,1.0,6.469744300000457,success,,,True,True,-66419829.689481676,66419829.689481676,-16.9972143687828,16.9972143687828,-0.169972143687828,1.1
32,20260848,long_shock_no_break,constant,long,shock,False,none,regularized_poisson,gross,1318633383.012058,986844249.6948497,2305477632.7069077,877298571.2180789,0.0001,1.7095781999996689,success,,,True,True,-109545678.47677088,109545678.47677088,-11.100604630431237,11.100604630431237,-0.11100604630431236,
32,20260848,long_shock_no_break,constant,long,shock,False,none,regularized_poisson,ceded,226586283.80233014,478333467.9938602,704919751.7961903,365140097.8423983,1.0,1.363444200000231,success,,,True,True,-113193370.1514619,113193370.1514619,-23.66411253350034,23.66411253350034,-0.2366411253350034,
32,20260848,long_shock_no_break,constant,long,shock,False,none,regularized_tweedie,gross,1318633383.012058,986844249.6948497,2305477632.7069077,870067178.1308562,0.0001,6.8334420999999566,success,,,True,True,-116777071.56399357,116777071.56399357,-11.83338420425545,11.83338420425545,-0.11833384204255451,1.7
32,20260848,long_shock_no_break,constant,long,shock,False,none,regularized_tweedie,ceded,226586283.80233014,478333467.9938602,704919751.7961903,360139483.9367591,1.0,6.445517199997994,success,,,True,True,-118193984.05710107,118193984.05710107,-24.70953674908196,24.70953674908196,-0.2470953674908196,1.1
32,20260848,long_stable_break,constant,long,stable,True,none,regularized_poisson,gross,1380603316.2988164,591356811.3197736,1971960127.61859,867139235.018771,0.0001,1.6690106000023661,success,,,True,True,275782423.6989975,275782423.6989975,46.63553685692975,46.63553685692975,0.4663553685692975,
32,20260848,long_stable_break,constant,long,stable,True,none,regularized_poisson,ceded,243276641.84856558,226772033.53442088,470048675.3829865,446405279.18110394,0.1,1.3614112000032037,success,,,True,True,219633245.64668307,219633245.64668307,96.85199811613708,96.85199811613708,0.9685199811613708,
32,20260848,long_stable_break,constant,long,stable,True,none,regularized_tweedie,gross,1380603316.2988164,591356811.3197736,1971960127.61859,878192892.4670565,0.0001,6.605051700000331,success,,,True,True,286836081.14728296,286836081.14728296,48.504739550920235,48.504739550920235,0.48504739550920234,1.5
32,20260848,long_stable_break,constant,long,stable,True,none,regularized_tweedie,ceded,243276641.84856558,226772033.53442088,470048675.3829865,349502609.0212362,1.0,6.434750799999165,success,,,True,True,122730575.4868153,122730575.4868153,54.120683919424515,54.120683919424515,0.5412068391942452,1.1
32,20260848,long_emerging_break,constant,long,emerging,True,none,regularized_poisson,gross,1411030981.7609017,674588726.370204,2085619708.131106,837706401.0913439,0.0001,1.8812580999983766,success,,,True,True,163117674.7211399,163117674.7211399,24.180314367071624,24.180314367071624,0.24180314367071623,
32,20260848,long_emerging_break,constant,long,emerging,True,none,regularized_poisson,ceded,254547201.78333896,294051928.4134518,548599130.1967907,570905893.2709365,0.1,1.499512300000788,success,,,True,True,276853964.8574847,276853964.8574847,94.15138555670823,94.15138555670823,0.9415138555670823,
32,20260848,long_emerging_break,constant,long,emerging,True,none,regularized_tweedie,gross,1411030981.7609017,674588726.370204,2085619708.131106,795535670.3650523,0.0001,7.183952899998985,success,,,True,True,120946943.99484837,120946943.99484837,17.928989807706117,17.928989807706117,0.17928989807706117,1.7
32,20260848,long_emerging_break,constant,long,emerging,True,none,regularized_tweedie,ceded,254547201.78333896,294051928.4134518,548599130.1967907,431576260.90223867,1.0,6.902186899998924,success,,,True,True,137524332.48878688,137524332.48878688,46.76872320844662,46.76872320844662,0.4676872320844662,1.1
32,20260848,long_shock_break,constant,long,shock,True,none,regularized_poisson,gross,1436881202.4604588,758782001.7761803,2195663204.236639,1042209430.9698286,0.0001,1.8291876000002958,success,,,True,True,283427429.19364834,283427429.19364834,37.35294571170542,37.35294571170542,0.37352945711705426,
32,20260848,long_shock_break,constant,long,shock,True,none,regularized_poisson,ceded,263996559.23431906,362645239.55470467,626641798.7890238,645669183.056771,0.1,1.4887821000011172,success,,,True,True,283023943.5020664,283023943.5020664,78.0443013258892,78.0443013258892,0.7804430132588919,
32,20260848,long_shock_break,constant,long,shock,True,none,regularized_tweedie,gross,1436881202.4604588,758782001.7761803,2195663204.236639,1011497821.5654521,0.001,7.111504500000592,success,,,True,True,252715819.78927183,252715819.78927183,33.30545785188722,33.30545785188722,0.33305457851887216,1.5
32,20260848,long_shock_break,constant,long,shock,True,none,regularized_tweedie,ceded,263996559.23431906,362645239.55470467,626641798.7890238,489871375.58971095,1.0,6.898896099999547,success,,,True,True,127226136.03500628,127226136.03500628,35.08280880543983,35.08280880543983,0.3508280880543983,1.1
33,20260849,short_stable_no_break,constant,short,stable,False,none,regularized_poisson,gross,1663532972.6883743,117942981.21017799,1781475953.898553,129461188.27147134,0.001,1.3512743999999657,success,,,True,True,11518207.061293349,11518207.061293349,9.765911411691004,9.765911411691004,0.09765911411691004,
33,20260849,short_stable_no_break,constant,short,stable,False,none,regularized_poisson,ceded,317229108.8172032,50303056.34022081,367532165.157424,73799597.55298045,0.001,1.2548395000012533,success,,,True,True,23496541.212759644,23496541.212759644,46.70996739013752,46.70996739013752,0.4670996739013752,
33,20260849,short_stable_no_break,constant,short,stable,False,none,regularized_tweedie,gross,1663532972.6883743,117942981.21017799,1781475953.898553,129088383.95942146,0.001,5.556985200000781,success,,,True,True,11145402.749243468,11145402.749243468,9.449822816825378,9.449822816825378,0.09449822816825378,1.1
33,20260849,short_stable_no_break,constant,short,stable,False,none,regularized_tweedie,ceded,317229108.8172032,50303056.34022081,367532165.157424,74608759.67578655,0.1,5.228725400000258,success,,,True,True,24305703.335565746,24305703.335565746,48.31854186190201,48.31854186190201,0.48318541861902015,1.9
33,20260849,short_emerging_no_break,constant,short,emerging,False,none,regularized_poisson,gross,1692958228.6207385,130967825.68861759,1823926054.3093562,143619340.49400234,0.0001,1.4000317999998515,success,,,True,True,12651514.805384755,12651514.805384755,9.660017442348284,9.660017442348284,0.09660017442348284,
33,20260849,short_emerging_no_break,constant,short,emerging,False,none,regularized_poisson,ceded,330188174.6209585,64851470.02798017,395039644.64893866,72921340.53390685,0.01,1.2170987000026798,success,,,True,True,8069870.505926676,8069870.505926676,12.443620017317926,12.443620017317926,0.12443620017317926,
33,20260849,short_emerging_no_break,constant,short,emerging,False,none,regularized_tweedie,gross,1692958228.6207385,130967825.68861759,1823926054.3093562,143006663.0319742,0.0001,5.817976600003021,success,,,True,True,12038837.34335661,12038837.34335661,9.192209827152155,9.192209827152155,0.09192209827152155,1.1
33,20260849,short_emerging_no_break,constant,short,emerging,False,none,regularized_tweedie,ceded,330188174.6209585,64851470.02798017,395039644.64893866,70318691.95011023,0.1,5.539032500000758,success,,,True,True,5467221.922130056,5467221.922130056,8.430374700482846,8.430374700482846,0.08430374700482846,1.9
33,20260849,short_shock_no_break,constant,short,shock,False,none,regularized_poisson,gross,1718752830.2189686,146838308.77061096,1865591138.9895797,164194317.6503188,0.0001,1.4161654999988968,success,,,True,True,17356008.879707843,17356008.879707843,11.819809847320697,11.819809847320697,0.11819809847320696,
33,20260849,short_shock_no_break,constant,short,shock,False,none,regularized_poisson,ceded,341202872.3530997,83982657.97744577,425185530.3305454,87927573.62576462,0.001,1.2207439000012528,success,,,True,True,3944915.648318857,3944915.648318857,4.697297922361896,4.697297922361896,0.04697297922361896,
33,20260849,short_shock_no_break,constant,short,shock,False,none,regularized_tweedie,gross,1718752830.2189686,146838308.77061096,1865591138.9895797,161111834.8987059,0.0001,5.750861900000018,success,,,True,True,14273526.128094941,14273526.128094941,9.720573770972036,9.720573770972036,0.09720573770972037,1.3
33,20260849,short_shock_no_break,constant,short,shock,False,none,regularized_tweedie,ceded,341202872.3530997,83982657.97744577,425185530.3305454,77046071.64723168,0.1,5.3813111999988905,success,,,True,True,-6936586.330214083,6936586.330214083,-8.259546074472853,8.259546074472853,-0.08259546074472852,1.7
33,20260849,long_stable_no_break,constant,long,stable,False,none,regularized_poisson,gross,1285213903.8034296,789753133.156526,2074967036.9599557,881594743.4548384,0.01,1.5406298999987484,success,,,True,True,91841610.29831243,91841610.29831243,11.629154281570894,11.629154281570894,0.11629154281570894,
33,20260849,long_stable_no_break,constant,long,stable,False,none,regularized_poisson,ceded,194763619.0988664,335790889.91233647,530554509.0112029,568282392.7896814,0.1,1.3610727999985102,success,,,True,True,232491502.87734497,232491502.87734497,69.2369894067229,69.2369894067229,0.692369894067229,
33,20260849,long_stable_no_break,constant,long,stable,False,none,regularized_tweedie,gross,1285213903.8034296,789753133.156526,2074967036.9599557,861526559.3588995,0.01,6.264737699999387,success,,,True,True,71773426.2023735,71773426.2023735,9.088083755426938,9.088083755426938,0.09088083755426937,1.9
33,20260849,long_stable_no_break,constant,long,stable,False,none,regularized_tweedie,ceded,194763619.0988664,335790889.91233647,530554509.0112029,578254630.6841983,0.1,6.293580199999269,success,,,True,True,242463740.7718618,242463740.7718618,72.20676559604127,72.20676559604127,0.7220676559604127,1.1
33,20260849,long_emerging_no_break,constant,long,emerging,False,none,regularized_poisson,gross,1314230120.470196,918942030.0526403,2233172150.522836,878046630.106041,0.01,1.6915266000032716,success,,,True,True,-40895399.946599364,40895399.946599364,-4.450269833044499,4.450269833044499,-0.04450269833044499,
33,20260849,long_emerging_no_break,constant,long,emerging,False,none,regularized_poisson,ceded,205030820.99653944,445550729.2321248,650581550.2286644,817521666.83208,0.1,1.4523999000011827,success,,,True,True,371970937.5999552,371970937.5999552,83.48565341617122,83.48565341617122,0.8348565341617122,
33,20260849,long_emerging_no_break,constant,long,emerging,False,none,regularized_tweedie,gross,1314230120.470196,918942030.0526403,2233172150.522836,938647489.0386505,0.0001,6.775966799999878,success,,,True,True,19705458.986010194,19705458.986010194,2.144363664036718,2.144363664036718,0.021443636640367178,1.7
33,20260849,long_emerging_no_break,constant,long,emerging,False,none,regularized_tweedie,ceded,205030820.99653944,445550729.2321248,650581550.2286644,837597916.5046732,0.1,6.670311400001083,success,,,True,True,392047187.27254844,392047187.27254844,87.99159367289423,87.99159367289423,0.8799159367289423,1.1
33,20260849,long_shock_no_break,constant,long,shock,False,none,regularized_poisson,gross,1339468456.1822488,1034476974.6133876,2373945430.7956367,1122478025.3841958,0.0001,1.7596962999996322,success,,,True,True,88001050.77080822,88001050.77080822,8.5068158045467,8.5068158045467,0.08506815804546701,
33,20260849,long_shock_no_break,constant,long,shock,False,none,regularized_poisson,ceded,214246782.2784268,542023894.6689991,756270676.947426,882963170.4492381,0.1,1.4522577000025194,success,,,True,True,340939275.780239,340939275.780239,62.901152353890666,62.901152353890666,0.6290115235389067,
33,20260849,long_shock_no_break,constant,long,shock,False,none,regularized_tweedie,gross,1339468456.1822488,1034476974.6133876,2373945430.7956367,1121527828.6951516,0.0001,6.764417400001548,success,,,True,True,87050854.08176398,87050854.08176398,8.414962944370732,8.414962944370732,0.08414962944370731,1.1
33,20260849,long_shock_no_break,constant,long,shock,False,none,regularized_tweedie,ceded,214246782.2784268,542023894.6689991,756270676.947426,464054847.8579139,1.0,6.701271499998256,success,,,True,True,-77969046.81108516,77969046.81108516,-14.384798821221523,14.384798821221523,-0.14384798821221523,1.9
33,20260849,long_stable_break,constant,long,stable,True,none,regularized_poisson,gross,1407351978.1264768,612204993.7536974,2019556971.8801746,1088473192.6465364,0.01,1.6288275999977486,success,,,True,True,476268198.89283895,476268198.89283895,77.79554295573932,77.79554295573932,0.7779554295573933,
33,20260849,long_stable_break,constant,long,stable,True,none,regularized_poisson,ceded,238850589.3975889,253005457.5214731,491856046.919062,787656697.5558211,0.1,1.4704495999976643,success,,,True,True,534651240.03434795,534651240.03434795,211.32004237061602,211.32004237061602,2.1132004237061603,
33,20260849,long_stable_break,constant,long,stable,True,none,regularized_tweedie,gross,1407351978.1264768,612204993.7536974,2019556971.8801746,1085419599.5633307,0.01,6.513044899998931,success,,,True,True,473214605.80963326,473214605.80963326,77.29675690950296,77.29675690950296,0.7729675690950296,1.1
33,20260849,long_stable_break,constant,long,stable,True,none,regularized_tweedie,ceded,238850589.3975889,253005457.5214731,491856046.919062,786135968.2019393,0.1,6.553631899998436,success,,,True,True,533130510.68046623,533130510.68046623,210.7189765403453,210.7189765403453,2.107189765403453,1.1
33,20260849,long_emerging_break,constant,long,emerging,True,none,regularized_poisson,gross,1441169053.4433792,698547627.2716047,2139716680.7149837,1111616344.9646473,0.01,1.866088700000546,success,,,True,True,413068717.69304264,413068717.69304264,59.132506011996796,59.132506011996796,0.591325060119968,
33,20260849,long_emerging_break,constant,long,emerging,True,none,regularized_poisson,ceded,253967964.83099526,325296152.4202118,579264117.2512071,1120512398.5465899,0.1,1.5289693999984593,success,,,True,True,795216246.126378,795216246.126378,244.45916135495258,244.45916135495258,2.444591613549526,
33,20260849,long_emerging_break,constant,long,emerging,True,none,regularized_tweedie,gross,1441169053.4433792,698547627.2716047,2139716680.7149837,1083453296.6866283,0.01,7.213449499999115,success,,,True,True,384905669.4150237,384905669.4150237,55.100848444420706,55.100848444420706,0.551008484444207,1.3
33,20260849,long_emerging_break,constant,long,emerging,True,none,regularized_tweedie,ceded,253967964.83099526,325296152.4202118,579264117.2512071,1112409797.374373,0.1,7.111748299997998,success,,,True,True,787113644.9541612,787113644.9541612,241.9683230490171,241.9683230490171,2.419683230490171,1.1
33,20260849,long_shock_break,constant,long,shock,True,none,regularized_poisson,gross,1470573968.2326965,785707528.2337258,2256281496.4664226,1351754018.4957874,0.01,1.8215076999986195,success,,,True,True,566046490.2620616,566046490.2620616,72.04290017871368,72.04290017871368,0.7204290017871368,
33,20260849,long_shock_break,constant,long,shock,True,none,regularized_poisson,ceded,267275899.62866688,400625885.16308933,667901784.7917563,1253276064.1499615,0.1,1.4715218999990611,success,,,True,True,852650178.9868722,852650178.9868722,212.82952763767872,212.82952763767872,2.1282952763767873,
33,20260849,long_shock_break,constant,long,shock,True,none,regularized_tweedie,gross,1470573968.2326965,785707528.2337258,2256281496.4664226,1340466077.6292915,0.001,7.057574400001613,success,,,True,True,554758549.3955657,554758549.3955657,70.60624080345337,70.60624080345337,0.7060624080345337,1.1
33,20260849,long_shock_break,constant,long,shock,True,none,regularized_tweedie,ceded,267275899.62866688,400625885.16308933,667901784.7917563,1236119403.5174382,0.1,7.081418699999631,success,,,True,True,835493518.3543489,835493518.3543489,208.54706330676333,208.54706330676333,2.0854706330676334,1.1
34,20260850,short_stable_no_break,constant,short,stable,False,none,regularized_poisson,gross,1592647130.5661001,112093368.49628347,1704740499.0623837,134693048.94838607,0.0001,1.3271477000016603,success,,,True,True,22599680.4521026,22599680.4521026,20.161478556023507,20.161478556023507,0.20161478556023507,
34,20260850,short_stable_no_break,constant,short,stable,False,none,regularized_poisson,ceded,294881088.6034311,61527410.567614056,356408499.1710451,69512471.85871688,0.0001,1.1844777000005706,success,,,True,True,7985061.291102819,7985061.291102819,12.978055174819733,12.978055174819733,0.12978055174819733,
34,20260850,short_stable_no_break,constant,short,stable,False,none,regularized_tweedie,gross,1592647130.5661001,112093368.49628347,1704740499.0623837,129392343.5756151,0.0001,5.514895399999659,success,,,True,True,17298975.07933162,17298975.07933162,15.432648078467889,15.432648078467889,0.1543264807846789,1.7
34,20260850,short_stable_no_break,constant,short,stable,False,none,regularized_tweedie,ceded,294881088.6034311,61527410.567614056,356408499.1710451,64439898.50969821,0.0001,5.273862699999881,success,,,True,True,2912487.942084156,2912487.942084156,4.733642965330953,4.733642965330953,0.047336429653309524,1.7
34,20260850,short_emerging_no_break,constant,short,emerging,False,none,regularized_poisson,gross,1623162667.3351495,124349171.90954629,1747511839.2446961,164021024.6848166,0.0001,1.427922099999705,success,,,True,True,39671852.77527031,39671852.77527031,31.903592252410252,31.903592252410252,0.3190359225241025,
34,20260850,short_emerging_no_break,constant,short,emerging,False,none,regularized_poisson,ceded,310858626.7304884,77147866.95155402,388006493.6820425,94557014.7822179,0.001,1.230741899998975,success,,,True,True,17409147.83066389,17409147.83066389,22.565948377543847,22.565948377543847,0.22565948377543849,
34,20260850,short_emerging_no_break,constant,short,emerging,False,none,regularized_tweedie,gross,1623162667.3351495,124349171.90954629,1747511839.2446961,164192336.6311671,0.0001,5.787258799999108,success,,,True,True,39843164.72162083,39843164.72162083,32.04135910981653,32.04135910981653,0.3204135910981653,1.3
34,20260850,short_emerging_no_break,constant,short,emerging,False,none,regularized_tweedie,ceded,310858626.7304884,77147866.95155402,388006493.6820425,90481245.65269569,0.0001,5.351059000000532,success,,,True,True,13333378.70114167,13333378.70114167,17.282887042767538,17.282887042767538,0.1728288704276754,1.5
34,20260850,short_shock_no_break,constant,short,shock,False,none,regularized_poisson,gross,1649466317.5851545,139378193.6656845,1788844511.2508385,178569161.7935304,0.001,1.4165495000015653,success,,,True,True,39190968.12784591,39190968.12784591,28.118435959824676,28.118435959824676,0.2811843595982468,
34,20260850,short_shock_no_break,constant,short,shock,False,none,regularized_poisson,ceded,324932812.6905299,97630102.64478233,422562915.3353122,113855248.28025529,0.001,1.2317261999996845,success,,,True,True,16225145.635472953,16225145.635472953,16.618998849675055,16.618998849675055,0.16618998849675057,
34,20260850,short_shock_no_break,constant,short,shock,False,none,regularized_tweedie,gross,1649466317.5851545,139378193.6656845,1788844511.2508385,175022733.01492116,0.0001,5.737509699996735,success,,,True,True,35644539.34923667,35644539.34923667,25.573971373695958,25.573971373695958,0.2557397137369596,1.7
34,20260850,short_shock_no_break,constant,short,shock,False,none,regularized_tweedie,ceded,324932812.6905299,97630102.64478233,422562915.3353122,113438963.6178999,0.0001,5.375708499999746,success,,,True,True,15808860.97311756,15808860.97311756,16.192609190053368,16.192609190053368,0.16192609190053367,1.1
34,20260850,long_stable_no_break,constant,long,stable,False,none,regularized_poisson,gross,1195652379.18135,792216396.3558958,1987868775.537246,826361159.9985559,0.0001,1.5170610999994096,success,,,True,True,34144763.64266014,34144763.64266014,4.310029910984186,4.310029910984186,0.04310029910984186,
34,20260850,long_stable_no_break,constant,long,stable,False,none,regularized_poisson,ceded,180068883.1566266,344455918.59654194,524524801.7531685,399921732.1484163,0.1,1.3637875999993412,success,,,True,True,55465813.55187434,55465813.55187434,16.10244172254765,16.10244172254765,0.1610244172254765,
34,20260850,long_stable_no_break,constant,long,stable,False,none,regularized_tweedie,gross,1195652379.18135,792216396.3558958,1987868775.537246,826973633.3323348,0.0001,6.249156899997615,success,,,True,True,34757236.976439,34757236.976439,4.3873412790139525,4.3873412790139525,0.043873412790139524,1.1
34,20260850,long_stable_no_break,constant,long,stable,False,none,regularized_tweedie,ceded,180068883.1566266,344455918.59654194,524524801.7531685,269843760.9828304,1.0,6.186224900000525,success,,,True,True,-74612157.61371154,74612157.61371154,-21.660872577748933,21.660872577748933,-0.21660872577748932,1.1
34,20260850,long_emerging_no_break,constant,long,emerging,False,none,regularized_poisson,gross,1223217367.7331333,922671088.9591588,2145888456.6922925,955987536.4614189,0.0001,1.7531466000000364,success,,,True,True,33316447.50226009,33316447.50226009,3.610869344550885,3.610869344550885,0.03610869344550885,
34,20260850,long_emerging_no_break,constant,long,emerging,False,none,regularized_poisson,ceded,188378700.43732032,458783167.6076964,647161868.0450168,555240771.8271829,0.1,1.4326590999990003,success,,,True,True,96457604.21948647,96457604.21948647,21.02466067411762,21.02466067411762,0.2102466067411762,
34,20260850,long_emerging_no_break,constant,long,emerging,False,none,regularized_tweedie,gross,1223217367.7331333,922671088.9591588,2145888456.6922925,863557769.8426102,0.0001,6.6369690999999875,success,,,True,True,-59113319.11654854,59113319.11654854,-6.406759659418042,6.406759659418042,-0.06406759659418042,1.9
34,20260850,long_emerging_no_break,constant,long,emerging,False,none,regularized_tweedie,ceded,188378700.43732032,458783167.6076964,647161868.0450168,345879981.3472918,1.0,6.580773899997439,success,,,True,True,-112903186.26040459,112903186.26040459,-24.60926952685144,24.60926952685144,-0.24609269526851438,1.1
34,20260850,long_shock_no_break,constant,long,shock,False,none,regularized_poisson,gross,1247374236.6495545,1038742826.1828674,2286117062.8324223,1099934287.5258958,0.0001,1.6570997000017087,success,,,True,True,61191461.343028426,61191461.343028426,5.8909154220484465,5.8909154220484465,0.05890915422048447,
34,20260850,long_shock_no_break,constant,long,shock,False,none,regularized_poisson,ceded,195323114.81527704,559154037.5305896,754477152.3458664,597087251.6141193,0.1,1.3900437000011152,success,,,True,True,37933214.08352971,37933214.08352971,6.784036515421657,6.784036515421657,0.06784036515421657,
34,20260850,long_shock_no_break,constant,long,shock,False,none,regularized_tweedie,gross,1247374236.6495545,1038742826.1828674,2286117062.8324223,1065833820.6815181,0.0001,6.648922600001242,success,,,True,True,27090994.49865067,27090994.49865067,2.608055989970455,2.608055989970455,0.026080559899704554,1.5
34,20260850,long_shock_no_break,constant,long,shock,False,none,regularized_tweedie,ceded,195323114.81527704,559154037.5305896,754477152.3458664,385542264.75741214,1.0,6.620428500002163,success,,,True,True,-173611772.77317744,173611772.77317744,-31.049006377545773,31.049006377545773,-0.31049006377545774,1.1
34,20260850,long_stable_break,constant,long,stable,True,none,regularized_poisson,gross,1310441637.6661615,623567954.7445554,1934009592.410717,1050413325.6357508,0.0001,1.6008705000022019,success,,,True,True,426845370.8911954,426845370.8911954,68.45210175466002,68.45210175466002,0.6845210175466002,
34,20260850,long_stable_break,constant,long,stable,True,none,regularized_poisson,ceded,211329761.60925564,273828789.94901365,485158551.55826926,510142165.6805203,0.1,1.35080310000194,success,,,True,True,236313375.73150665,236313375.73150665,86.29968228523659,86.29968228523659,0.8629968228523659,
34,20260850,long_stable_break,constant,long,stable,True,none,regularized_tweedie,gross,1310441637.6661615,623567954.7445554,1934009592.410717,1048414238.8299608,0.0001,6.480935799998406,success,,,True,True,424846284.08540547,424846284.08540547,68.13151331027647,68.13151331027647,0.6813151331027647,1.1
34,20260850,long_stable_break,constant,long,stable,True,none,regularized_tweedie,ceded,211329761.60925564,273828789.94901365,485158551.55826926,506747915.58845603,0.1,6.403111899999203,success,,,True,True,232919125.63944238,232919125.63944238,85.06013034013387,85.06013034013387,0.8506013034013387,1.1
34,20260850,long_emerging_break,constant,long,emerging,True,none,regularized_poisson,gross,1342734116.7504215,711979917.6094036,2054714034.3598251,1124521009.2130218,0.001,1.7552971999975853,success,,,True,True,412541091.60361814,412541091.60361814,57.94279886275396,57.94279886275396,0.5794279886275396,
34,20260850,long_emerging_break,constant,long,emerging,True,none,regularized_poisson,ceded,223192823.42473143,353659686.90908873,576852510.3338202,706020511.5741625,0.1,1.4703995999989274,success,,,True,True,352360824.66507375,352360824.66507375,99.63273669799158,99.63273669799158,0.9963273669799158,
34,20260850,long_emerging_break,constant,long,emerging,True,none,regularized_tweedie,gross,1342734116.7504215,711979917.6094036,2054714034.3598251,1108820637.4161642,0.001,6.9831407999990915,success,,,True,True,396840719.80676055,396840719.80676055,55.73762826614861,55.73762826614861,0.5573762826614861,1.1
34,20260850,long_emerging_break,constant,long,emerging,True,none,regularized_tweedie,ceded,223192823.42473143,353659686.90908873,576852510.3338202,699759636.6616048,0.1,6.934625599998981,success,,,True,True,346099949.75251603,346099949.75251603,97.86242610158845,97.86242610158845,0.9786242610158845,1.1
34,20260850,long_shock_break,constant,long,shock,True,none,regularized_poisson,gross,1371102583.768464,800906081.456087,2172008665.224551,1345422703.6947565,0.0001,1.7837040000013076,success,,,True,True,544516622.2386695,544516622.2386695,67.98757492872464,67.98757492872464,0.6798757492872464,
34,20260850,long_shock_break,constant,long,shock,True,none,regularized_poisson,ceded,233023396.38285688,434190328.6126816,667213724.9955386,780337653.2525064,0.1,1.5072776000015438,success,,,True,True,346147324.63982475,346147324.63982475,79.72248616081096,79.72248616081096,0.7972248616081096,
34,20260850,long_shock_break,constant,long,shock,True,none,regularized_tweedie,gross,1371102583.768464,800906081.456087,2172008665.224551,1335310225.7508607,0.0001,6.986187999998947,success,,,True,True,534404144.2947737,534404144.2947737,66.72494524241849,66.72494524241849,0.6672494524241849,1.1
34,20260850,long_shock_break,constant,long,shock,True,none,regularized_tweedie,ceded,233023396.38285688,434190328.6126816,667213724.9955386,771025904.2010463,0.1,6.907451099999889,success,,,True,True,336835575.5883647,336835575.5883647,77.57786237768507,77.57786237768507,0.7757786237768507,1.1
35,20260851,short_stable_no_break,constant,short,stable,False,none,regularized_poisson,gross,1555067765.639846,111310007.17121792,1666377772.811064,126306832.13372329,0.001,1.3539707999989332,success,,,True,True,14996824.96250537,14996824.96250537,13.4730248821538,13.4730248821538,0.134730248821538,
35,20260851,short_stable_no_break,constant,short,stable,False,none,regularized_poisson,ceded,286689518.89968246,52999778.68140803,339689297.5810905,62698879.58629377,0.001,1.2117460000008577,success,,,True,True,9699100.90488574,9699100.90488574,18.30026680524256,18.30026680524256,0.18300266805242563,
35,20260851,short_stable_no_break,constant,short,stable,False,none,regularized_tweedie,gross,1555067765.639846,111310007.17121792,1666377772.811064,135057675.8411577,0.1,5.555029099999956,success,,,True,True,23747668.669939786,23747668.669939786,21.334711292768976,21.334711292768976,0.21334711292768976,1.7
35,20260851,short_stable_no_break,constant,short,stable,False,none,regularized_tweedie,ceded,286689518.89968246,52999778.68140803,339689297.5810905,61646484.92482659,0.1,5.390111799999431,success,,,True,True,8646706.24341856,8646706.24341856,16.314608208829682,16.314608208829682,0.16314608208829684,1.9
35,20260851,short_emerging_no_break,constant,short,emerging,False,none,regularized_poisson,gross,1581799969.3812752,123658034.22795688,1705458003.609232,122698537.22692655,0.0001,1.4649764000023424,success,,,True,True,-959497.0010303259,959497.0010303259,-0.7759277486665729,0.7759277486665729,-0.007759277486665729,
35,20260851,short_emerging_no_break,constant,short,emerging,False,none,regularized_poisson,ceded,300293113.96154636,67301150.01232633,367594263.97387266,55782489.87659251,0.01,1.2736389999990934,success,,,True,True,-11518660.13573382,11518660.13573382,-17.115101500678897,17.115101500678897,-0.17115101500678898,
35,20260851,short_emerging_no_break,constant,short,emerging,False,none,regularized_tweedie,gross,1581799969.3812752,123658034.22795688,1705458003.609232,125366821.74172136,0.0001,5.8326948000030825,success,,,True,True,1708787.5137644857,1708787.5137644857,1.3818653389026294,1.3818653389026294,0.013818653389026294,1.3
35,20260851,short_emerging_no_break,constant,short,emerging,False,none,regularized_tweedie,ceded,300293113.96154636,67301150.01232633,367594263.97387266,72278173.88745339,0.0001,5.556408200001897,success,,,True,True,4977023.875127062,4977023.875127062,7.395154279258989,7.395154279258989,0.07395154279258989,1.7
35,20260851,short_shock_no_break,constant,short,shock,False,none,regularized_poisson,gross,1604493447.9474807,138655688.11791325,1743149136.065394,139467302.5607393,0.0001,1.414308899999014,success,,,True,True,811614.4428260624,811614.4428260624,0.5853452201224251,0.5853452201224251,0.00585345220122425,
35,20260851,short_shock_no_break,constant,short,shock,False,none,regularized_poisson,ceded,312100775.099193,85880883.24703082,397981658.34622383,71861369.96945535,0.01,1.2888370000000577,success,,,True,True,-14019513.277575478,14019513.277575478,-16.324370159595645,16.324370159595645,-0.16324370159595647,
35,20260851,short_shock_no_break,constant,short,shock,False,none,regularized_tweedie,gross,1604493447.9474807,138655688.11791325,1743149136.065394,141520901.43390363,0.0001,5.799731800001609,success,,,True,True,2865213.3159903884,2865213.3159903884,2.0664232062039907,2.0664232062039907,0.020664232062039906,1.3
35,20260851,short_shock_no_break,constant,short,shock,False,none,regularized_tweedie,ceded,312100775.099193,85880883.24703082,397981658.34622383,93668166.08381939,0.0001,5.640232199999446,success,,,True,True,7787282.836788565,7787282.836788565,9.067539296712807,9.067539296712807,0.09067539296712807,1.7
35,20260851,long_stable_no_break,constant,long,stable,False,none,regularized_poisson,gross,1192532604.6545396,751712532.1194391,1944245136.7739787,812564241.3376074,0.0001,1.552144799999951,success,,,True,True,60851709.21816826,60851709.21816826,8.095077122979182,8.095077122979182,0.08095077122979183,
35,20260851,long_stable_no_break,constant,long,stable,False,none,regularized_poisson,ceded,187259581.46333602,318840831.4535011,506100412.9168371,562918797.8446525,0.01,1.3393328999991354,success,,,True,True,244077966.39115143,244077966.39115143,76.55166538064529,76.55166538064529,0.765516653806453,
35,20260851,long_stable_no_break,constant,long,stable,False,none,regularized_tweedie,gross,1192532604.6545396,751712532.1194391,1944245136.7739787,814366492.9878622,0.001,6.287867499999265,success,,,True,True,62653960.868423104,62653960.868423104,8.33482989724429,8.33482989724429,0.0833482989724429,1.9
35,20260851,long_stable_no_break,constant,long,stable,False,none,regularized_tweedie,ceded,187259581.46333602,318840831.4535011,506100412.9168371,554821427.6723689,0.01,6.312917600000219,success,,,True,True,235980596.21886778,235980596.21886778,74.01203764997788,74.01203764997788,0.7401203764997789,1.1
35,20260851,long_emerging_no_break,constant,long,emerging,False,none,regularized_poisson,gross,1219872055.136942,875873501.33177,2095745556.468712,814109090.8126168,0.01,1.703422300000966,success,,,True,True,-61764410.51915312,61764410.51915312,-7.051750101497537,7.051750101497537,-0.07051750101497536,
35,20260851,long_emerging_no_break,constant,long,emerging,False,none,regularized_poisson,ceded,197039142.75728858,425364646.6460891,622403789.4033775,824249557.1820472,0.01,1.4685368000027665,success,,,True,True,398884910.5359582,398884910.5359582,93.77481501602965,93.77481501602965,0.9377481501602964,
35,20260851,long_emerging_no_break,constant,long,emerging,False,none,regularized_tweedie,gross,1219872055.136942,875873501.33177,2095745556.468712,747879584.8214698,0.001,6.788329300001351,success,,,True,True,-127993916.51030016,127993916.51030016,-14.613287913800885,14.613287913800885,-0.14613287913800885,1.9
35,20260851,long_emerging_no_break,constant,long,emerging,False,none,regularized_tweedie,ceded,197039142.75728858,425364646.6460891,622403789.4033775,815939032.810185,0.01,6.84083660000033,success,,,True,True,390574386.1640959,390574386.1640959,91.82107381130352,91.82107381130352,0.9182107381130352,1.1
35,20260851,long_shock_no_break,constant,long,shock,False,none,regularized_poisson,gross,1243075196.8891487,986070074.1810882,2229145271.0702367,964669355.6773231,0.01,1.6839047000030405,success,,,True,True,-21400718.503765106,21400718.503765106,-2.170304024441466,2.170304024441466,-0.02170304024441466,
35,20260851,long_shock_no_break,constant,long,shock,False,none,regularized_poisson,ceded,205179855.45514166,518507655.9516281,723687511.4067698,882023131.0443249,0.01,1.4597242999989248,success,,,True,True,363515475.0926968,363515475.0926968,70.10802462029787,70.10802462029787,0.7010802462029787,
35,20260851,long_shock_no_break,constant,long,shock,False,none,regularized_tweedie,gross,1243075196.8891487,986070074.1810882,2229145271.0702367,878994406.9432724,0.001,6.777830200000608,success,,,True,True,-107075667.23781586,107075667.23781586,-10.858829411970552,10.858829411970552,-0.10858829411970553,1.9
35,20260851,long_shock_no_break,constant,long,shock,False,none,regularized_tweedie,ceded,205179855.45514166,518507655.9516281,723687511.4067698,875170687.0963252,0.01,6.7690752999988035,success,,,True,True,356663031.14469707,356663031.14469707,68.78645417300653,68.78645417300653,0.6878645417300654,1.1
35,20260851,long_stable_break,constant,long,stable,True,none,regularized_poisson,gross,1311691639.5764148,578791421.0430834,1890483060.619498,996161982.9236441,0.0001,1.6821989999989455,success,,,True,True,417370561.88056064,417370561.88056064,72.11070287261443,72.11070287261443,0.7211070287261443,
35,20260851,long_stable_break,constant,long,stable,True,none,regularized_poisson,ceded,229063806.4408265,237624630.76057592,466688437.20140254,924534330.1692727,0.01,1.4424518999985594,success,,,True,True,686909699.4086968,686909699.4086968,289.0734420965006,289.0734420965006,2.890734420965006,
35,20260851,long_stable_break,constant,long,stable,True,none,regularized_tweedie,gross,1311691639.5764148,578791421.0430834,1890483060.619498,979084263.431108,0.001,6.5554878000002645,success,,,True,True,400292842.38802457,400292842.38802457,69.1601201805353,69.1601201805353,0.691601201805353,1.9
35,20260851,long_stable_break,constant,long,stable,True,none,regularized_tweedie,ceded,229063806.4408265,237624630.76057592,466688437.20140254,829863546.1881398,0.1,6.463942000002135,success,,,True,True,592238915.4275639,592238915.4275639,249.23296609949816,249.23296609949816,2.4923296609949817,1.1
35,20260851,long_emerging_break,constant,long,emerging,True,none,regularized_poisson,gross,1343469777.0458,661633631.7672038,2005103408.8130038,1015215824.1653802,0.01,1.862698900000396,success,,,True,True,353582192.39817643,353582192.39817643,53.440782847414944,53.440782847414944,0.5344078284741495,
35,20260851,long_emerging_break,constant,long,emerging,True,none,regularized_poisson,ceded,241745290.35351172,310671306.8566615,552416597.2101731,1222394910.436874,0.01,1.552145699999528,success,,,True,True,911723603.5802124,911723603.5802124,293.4688796351786,293.4688796351786,2.9346887963517863,
35,20260851,long_emerging_break,constant,long,emerging,True,none,regularized_tweedie,gross,1343469777.0458,661633631.7672038,2005103408.8130038,916570052.9030511,0.001,7.165909699997428,success,,,True,True,254936421.13584733,254936421.13584733,38.53135767220897,38.53135767220897,0.3853135767220897,1.9
35,20260851,long_emerging_break,constant,long,emerging,True,none,regularized_tweedie,ceded,241745290.35351172,310671306.8566615,552416597.2101731,1173576134.3386016,0.1,6.945304199998645,success,,,True,True,862904827.48194,862904827.48194,277.75491602771984,277.75491602771984,2.7775491602771987,1.1
35,20260851,long_shock_break,constant,long,shock,True,none,regularized_poisson,gross,1370304652.9629521,744276179.3819773,2114580832.3449297,1207431890.9835982,0.01,1.7939292000010028,success,,,True,True,463155711.6016209,463155711.6016209,62.22901181470167,62.22901181470167,0.6222901181470167,
35,20260851,long_shock_break,constant,long,shock,True,none,regularized_poisson,ceded,252258460.98175123,383540663.9225669,635799124.9043181,1230353721.6643896,0.01,1.5452182000008179,success,,,True,True,846813057.7418227,846813057.7418227,220.78833808161366,220.78833808161366,2.2078833808161367,
35,20260851,long_shock_break,constant,long,shock,True,none,regularized_tweedie,gross,1370304652.9629521,744276179.3819773,2114580832.3449297,1083291421.910684,0.001,7.157853400000022,success,,,True,True,339015242.5287068,339015242.5287068,45.549656420579524,45.549656420579524,0.4554965642057952,1.9
35,20260851,long_shock_break,constant,long,shock,True,none,regularized_tweedie,ceded,252258460.98175123,383540663.9225669,635799124.9043181,1171326103.6487837,0.1,6.947590700001456,success,,,True,True,787785439.7262168,787785439.7262168,205.39815300660348,205.39815300660348,2.053981530066035,1.1
36,20260852,short_stable_no_break,constant,short,stable,False,none,regularized_poisson,gross,1484137853.2969055,108015276.40986973,1592153129.7067754,104264280.15688227,0.0001,1.348809999999503,success,,,True,True,-3750996.2529874593,3750996.2529874593,-3.4726534779711193,3.4726534779711193,-0.034726534779711195,
36,20260852,short_stable_no_break,constant,short,stable,False,none,regularized_poisson,ceded,239321306.30568445,49542202.26595014,288863508.5716346,48610329.73013837,0.001,1.1812314000017068,success,,,True,True,-931872.5358117744,931872.5358117744,-1.880967121343011,1.880967121343011,-0.01880967121343011,
36,20260852,short_stable_no_break,constant,short,stable,False,none,regularized_tweedie,gross,1484137853.2969055,108015276.40986973,1592153129.7067754,103881834.26591042,0.0001,5.531575299999531,success,,,True,True,-4133442.1439593136,4133442.1439593136,-3.826719961605011,3.826719961605011,-0.03826719961605011,1.1
36,20260852,short_stable_no_break,constant,short,stable,False,none,regularized_tweedie,ceded,239321306.30568445,49542202.26595014,288863508.5716346,45029693.379295096,0.1,5.176722300002439,success,,,True,True,-4512508.886655048,4512508.886655048,-9.108413999101629,9.108413999101629,-0.09108413999101629,1.9
36,20260852,short_emerging_no_break,constant,short,emerging,False,none,regularized_poisson,gross,1508736142.4964054,119940823.62801841,1628676966.1244237,123709510.56990072,0.0001,1.4178451000007044,success,,,True,True,3768686.9418823123,3768686.9418823123,3.1421219463778467,3.1421219463778467,0.03142121946377847,
36,20260852,short_emerging_no_break,constant,short,emerging,False,none,regularized_poisson,ceded,250191363.42502883,65429549.88102793,315620913.3060568,56462114.94124465,0.001,1.2162685000002966,success,,,True,True,-8967434.939783283,8967434.939783283,-13.705481630377983,13.705481630377983,-0.13705481630377983,
36,20260852,short_emerging_no_break,constant,short,emerging,False,none,regularized_tweedie,gross,1508736142.4964054,119940823.62801841,1628676966.1244237,122301200.39055453,0.0001,5.714069400000881,success,,,True,True,2360376.7625361234,2360376.7625361234,1.967951103834787,1.967951103834787,0.01967951103834787,1.1
36,20260852,short_emerging_no_break,constant,short,emerging,False,none,regularized_tweedie,ceded,250191363.42502883,65429549.88102793,315620913.3060568,55186033.50950152,0.0001,5.328211200001533,success,,,True,True,-10243516.371526413,10243516.371526413,-15.655795263993772,15.655795263993772,-0.15655795263993771,1.3
36,20260852,short_shock_no_break,constant,short,shock,False,none,regularized_poisson,gross,1530916919.0044687,134471661.35442173,1665388580.3588903,145461479.5571858,0.0001,1.4082149999994726,success,,,True,True,10989818.202764064,10989818.202764064,8.17259048640637,8.17259048640637,0.08172590486406371,
36,20260852,short_shock_no_break,constant,short,shock,False,none,regularized_poisson,ceded,260383308.7412161,85841426.93886314,346224735.6800793,73028487.75165397,0.001,1.2083897000011348,success,,,True,True,-12812939.187209174,12812939.187209174,-14.926288674505187,14.926288674505187,-0.14926288674505186,
36,20260852,short_shock_no_break,constant,short,shock,False,none,regularized_tweedie,gross,1530916919.0044687,134471661.35442173,1665388580.3588903,144172652.31411794,0.0001,5.689429199999722,success,,,True,True,9700990.959696203,9700990.959696203,7.214152678702821,7.214152678702821,0.07214152678702822,1.1
36,20260852,short_shock_no_break,constant,short,shock,False,none,regularized_tweedie,ceded,260383308.7412161,85841426.93886314,346224735.6800793,72773778.11464138,0.0001,5.407707700000174,success,,,True,True,-13067648.82422176,13067648.82422176,-15.223009787021166,15.223009787021166,-0.15223009787021166,1.1
36,20260852,long_stable_no_break,constant,long,stable,False,none,regularized_poisson,gross,1170008567.7079782,687940031.2982723,1857948599.0062504,693976473.9755692,0.001,1.5531870999984676,success,,,True,True,6036442.677296996,6036442.677296996,0.8774664073415082,0.8774664073415082,0.008774664073415081,
36,20260852,long_stable_no_break,constant,long,stable,False,none,regularized_poisson,ceded,156980143.97418284,285155330.521339,442135474.4955219,315254186.47609276,0.1,1.359051700001146,success,,,True,True,30098855.954753757,30098855.954753757,10.555249274044826,10.555249274044826,0.10555249274044826,
36,20260852,long_stable_no_break,constant,long,stable,False,none,regularized_tweedie,gross,1170008567.7079782,687940031.2982723,1857948599.0062504,712685347.4919356,0.001,6.333724299998721,success,,,True,True,24745316.19366336,24745316.19366336,3.597016464787533,3.597016464787533,0.03597016464787533,1.9
36,20260852,long_stable_no_break,constant,long,stable,False,none,regularized_tweedie,ceded,156980143.97418284,285155330.521339,442135474.4955219,318101646.0731068,0.1,6.306608800001413,success,,,True,True,32946315.551767826,32946315.551767826,11.553813667636263,11.553813667636263,0.11553813667636263,1.1
36,20260852,long_emerging_no_break,constant,long,emerging,False,none,regularized_poisson,gross,1194187658.329935,801034682.7797661,1995222341.1097014,674743738.0046082,0.0001,1.6976146999986668,success,,,True,True,-126290944.77515793,126290944.77515793,-15.765977115610106,15.765977115610106,-0.15765977115610105,
36,20260852,long_emerging_no_break,constant,long,emerging,False,none,regularized_poisson,ceded,164392376.64610615,386555486.37458676,550947863.0206928,436150092.0175176,0.1,1.4579499999999825,success,,,True,True,49594605.642930865,49594605.642930865,12.829880157197362,12.829880157197362,0.12829880157197363,
36,20260852,long_emerging_no_break,constant,long,emerging,False,none,regularized_tweedie,gross,1194187658.329935,801034682.7797661,1995222341.1097014,747179567.893014,0.0001,6.789622100000997,success,,,True,True,-53855114.88675213,53855114.88675213,-6.723193894659225,6.723193894659225,-0.06723193894659225,1.9
36,20260852,long_emerging_no_break,constant,long,emerging,False,none,regularized_tweedie,ceded,164392376.64610615,386555486.37458676,550947863.0206928,442802931.7400743,0.1,6.737013999998453,success,,,True,True,56247445.365487516,56247445.365487516,14.55093701890487,14.55093701890487,0.1455093701890487,1.1
36,20260852,long_shock_no_break,constant,long,shock,False,none,regularized_poisson,gross,1214660502.1741142,901751895.9175947,2116412398.0917087,820546755.3763845,0.0001,1.6919969999980822,success,,,True,True,-81205140.54121017,81205140.54121017,-9.005264187282728,9.005264187282728,-0.09005264187282729,
36,20260852,long_shock_no_break,constant,long,shock,False,none,regularized_poisson,ceded,170390306.01313472,475657647.85271573,646047953.8658504,479953232.1068754,0.1,1.4629559999993944,success,,,True,True,4295584.254159689,4295584.254159689,0.9030831888337026,0.9030831888337026,0.009030831888337027,
36,20260852,long_shock_no_break,constant,long,shock,False,none,regularized_tweedie,gross,1214660502.1741142,901751895.9175947,2116412398.0917087,894891138.3255694,0.0001,6.719484999997803,success,,,True,True,-6860757.59202528,6860757.59202528,-0.7608254136293205,0.7608254136293205,-0.007608254136293206,1.9
36,20260852,long_shock_no_break,constant,long,shock,False,none,regularized_tweedie,ceded,170390306.01313472,475657647.85271573,646047953.8658504,485443834.8252106,0.1,6.810795600002166,success,,,True,True,9786186.97249484,9786186.97249484,2.057401371905423,2.057401371905423,0.02057401371905423,1.1
36,20260852,long_stable_break,constant,long,stable,True,none,regularized_poisson,gross,1263932445.713696,548717274.3071092,1812649720.020805,791762344.9830804,0.001,1.6089245999974082,success,,,True,True,243045070.67597115,243045070.67597115,44.29331498318063,44.29331498318063,0.44293314983180626,
36,20260852,long_stable_break,constant,long,stable,True,none,regularized_poisson,ceded,182713749.30562484,225883142.35749954,408596891.6631244,369095358.92930996,0.1,1.437951100000646,success,,,True,True,143212216.57181042,143212216.57181042,63.40102013684229,63.40102013684229,0.6340102013684229,
36,20260852,long_stable_break,constant,long,stable,True,none,regularized_tweedie,gross,1263932445.713696,548717274.3071092,1812649720.020805,804007393.2115121,0.01,6.633119499998429,success,,,True,True,255290118.90440285,255290118.90440285,46.52489193579144,46.52489193579144,0.4652489193579144,1.1
36,20260852,long_stable_break,constant,long,stable,True,none,regularized_tweedie,ceded,182713749.30562484,225883142.35749954,408596891.6631244,369717931.2850014,0.1,6.5528421999988495,success,,,True,True,143834788.92750186,143834788.92750186,63.67663714358027,63.67663714358027,0.6367663714358027,1.1
36,20260852,long_emerging_break,constant,long,emerging,True,none,regularized_poisson,gross,1291787820.3999248,626685541.6008736,1918473362.000799,792264531.7475088,0.001,1.867385400000785,success,,,True,True,165578990.14663517,165578990.14663517,26.421383477854338,26.421383477854338,0.2642138347785434,
36,20260852,long_emerging_break,constant,long,emerging,True,none,regularized_poisson,ceded,192300750.61002493,298373766.60150135,490674517.21152633,491249489.21781904,0.1,1.6192002999996475,success,,,True,True,192875722.6163177,192875722.6163177,64.6423192002387,64.6423192002387,0.646423192002387,
36,20260852,long_emerging_break,constant,long,emerging,True,none,regularized_tweedie,gross,1291787820.3999248,626685541.6008736,1918473362.000799,798828477.6167483,0.0001,7.137209500000608,success,,,True,True,172142936.01587474,172142936.01587474,27.468790101034422,27.468790101034422,0.27468790101034424,1.1
36,20260852,long_emerging_break,constant,long,emerging,True,none,regularized_tweedie,ceded,192300750.61002493,298373766.60150135,490674517.21152633,491705776.0736872,0.1,7.14477640000041,success,,,True,True,193332009.47218585,193332009.47218585,64.79524378910764,64.79524378910764,0.6479524378910765,1.1
36,20260852,long_shock_break,constant,long,shock,True,none,regularized_poisson,gross,1315441177.1209202,704931598.8429883,2020372775.9639087,968203481.630559,0.0001,1.7554726999987906,success,,,True,True,263271882.78757071,263271882.78757071,37.3471530031682,37.3471530031682,0.37347153003168204,
36,20260852,long_shock_break,constant,long,shock,True,none,regularized_poisson,ceded,200394510.8549237,369844933.2565078,570239444.1114315,554240892.9976556,0.1,1.5793162000009033,success,,,True,True,184395959.74114782,184395959.74114782,49.85764117883942,49.85764117883942,0.49857641178839424,
36,20260852,long_shock_break,constant,long,shock,True,none,regularized_tweedie,gross,1315441177.1209202,704931598.8429883,2020372775.9639087,983070286.7467685,0.0001,7.133107099998597,success,,,True,True,278138687.9037802,278138687.9037802,39.45612430486762,39.45612430486762,0.39456124304867624,1.3
36,20260852,long_shock_break,constant,long,shock,True,none,regularized_tweedie,ceded,200394510.8549237,369844933.2565078,570239444.1114315,552220810.910644,0.1,7.10183490000054,success,,,True,True,182375877.65413624,182375877.65413624,49.31144413641285,49.31144413641285,0.4931144413641285,1.1
37,20260853,short_stable_no_break,constant,short,stable,False,none,regularized_poisson,gross,1543569586.0997567,83948525.57900588,1627518111.6787627,102379679.92487419,0.01,1.3415745000020252,success,,,True,True,18431154.345868304,18431154.345868304,21.955304418684904,21.955304418684904,0.21955304418684904,
37,20260853,short_stable_no_break,constant,short,stable,False,none,regularized_poisson,ceded,293223819.3186947,44777687.51000127,338001506.828696,40865762.57542989,0.001,1.1932496000008541,success,,,True,True,-3911924.9345713854,3911924.9345713854,-8.736326398493986,8.736326398493986,-0.08736326398493986,
37,20260853,short_stable_no_break,constant,short,stable,False,none,regularized_tweedie,gross,1543569586.0997567,83948525.57900588,1627518111.6787627,102470619.61094822,0.01,5.49345109999922,success,,,True,True,18522094.031942338,18522094.031942338,22.06363233206612,22.06363233206612,0.2206363233206612,1.1
37,20260853,short_stable_no_break,constant,short,stable,False,none,regularized_tweedie,ceded,293223819.3186947,44777687.51000127,338001506.828696,40847946.10004853,0.001,5.202256000000489,success,,,True,True,-3929741.409952745,3929741.409952745,-8.776115133402147,8.776115133402147,-0.08776115133402147,1.1
37,20260853,short_emerging_no_break,constant,short,emerging,False,none,regularized_poisson,gross,1565009275.936563,93165068.26747675,1658174344.2040396,97976116.1905196,0.0001,1.4004007000003185,success,,,True,True,4811047.923042849,4811047.923042849,5.164004076324335,5.164004076324335,0.05164004076324335,
37,20260853,short_emerging_no_break,constant,short,emerging,False,none,regularized_poisson,ceded,304732750.9802174,55556780.25223562,360289531.23245305,55399568.67825044,0.0001,1.249171600000409,success,,,True,True,-157211.57398518175,157211.57398518175,-0.2829745951284776,0.2829745951284776,-0.002829745951284776,
37,20260853,short_emerging_no_break,constant,short,emerging,False,none,regularized_tweedie,gross,1565009275.936563,93165068.26747675,1658174344.2040396,98622573.34414887,0.0001,5.676425500001642,success,,,True,True,5457505.076672122,5457505.076672122,5.857887702076956,5.857887702076956,0.05857887702076957,1.1
37,20260853,short_emerging_no_break,constant,short,emerging,False,none,regularized_tweedie,ceded,304732750.9802174,55556780.25223562,360289531.23245305,54760214.939806506,0.0001,5.400295700001152,success,,,True,True,-796565.3124291152,796565.3124291152,-1.4337859552202201,1.4337859552202201,-0.014337859552202202,1.1
37,20260853,short_shock_no_break,constant,short,shock,False,none,regularized_poisson,gross,1582675758.6055772,104432409.07019822,1687108167.6757753,110744170.40418264,0.0001,1.4830320000000938,success,,,True,True,6311761.33398442,6311761.33398442,6.043872194638093,6.043872194638093,0.060438721946380926,
37,20260853,short_shock_no_break,constant,short,shock,False,none,regularized_poisson,ceded,314922397.1159244,70006630.76242268,384929027.87834716,70872231.8992717,0.0001,1.24376669999765,success,,,True,True,865601.136849016,865601.136849016,1.2364559291341342,1.2364559291341342,0.012364559291341342,
37,20260853,short_shock_no_break,constant,short,shock,False,none,regularized_tweedie,gross,1582675758.6055772,104432409.07019822,1687108167.6757753,111460190.91262317,0.0001,5.644094200000836,success,,,True,True,7027781.842424944,7027781.842424944,6.729502752063253,6.729502752063253,0.06729502752063253,1.1
37,20260853,short_shock_no_break,constant,short,shock,False,none,regularized_tweedie,ceded,314922397.1159244,70006630.76242268,384929027.87834716,70181198.79680733,0.0001,5.40866879999885,success,,,True,True,174568.03438465297,174568.03438465297,0.24935928566120266,0.24935928566120266,0.0024935928566120267,1.1
37,20260853,long_stable_no_break,constant,long,stable,False,none,regularized_poisson,gross,1260414374.56804,642954360.8421648,1903368735.4102051,698431398.1444974,0.001,1.524766800001089,success,,,True,True,55477037.30233264,55477037.30233264,8.628456494122977,8.628456494122977,0.08628456494122977,
37,20260853,long_stable_no_break,constant,long,stable,False,none,regularized_poisson,ceded,220316378.33218807,275566464.44821846,495882842.7804066,249326464.7476569,0.1,1.365859099998488,success,,,True,True,-26239999.700561553,26239999.700561553,-9.522203564611287,9.522203564611287,-0.09522203564611287,
37,20260853,long_stable_no_break,constant,long,stable,False,none,regularized_tweedie,gross,1260414374.56804,642954360.8421648,1903368735.4102051,691715118.9469322,0.01,6.326501300001837,success,,,True,True,48760758.10476744,48760758.10476744,7.583859924505193,7.583859924505193,0.07583859924505193,1.9
37,20260853,long_stable_no_break,constant,long,stable,False,none,regularized_tweedie,ceded,220316378.33218807,275566464.44821846,495882842.7804066,222180825.95986807,1.0,6.202973800001928,success,,,True,True,-53385638.48835039,53385638.48835039,-19.373053464704903,19.373053464704903,-0.19373053464704904,1.3
37,20260853,long_emerging_no_break,constant,long,emerging,False,none,regularized_poisson,gross,1285683099.487956,747082931.3936037,2032766030.8815596,669500939.3939269,0.01,1.7251338999994914,success,,,True,True,-77581991.99967682,77581991.99967682,-10.384655938391722,10.384655938391722,-0.10384655938391722,
37,20260853,long_emerging_no_break,constant,long,emerging,False,none,regularized_poisson,ceded,227453620.20548162,368065063.67763555,595518683.8831171,304710360.01685846,0.1,1.4895137999992585,success,,,True,True,-63354703.66077709,63354703.66077709,-17.21290877970026,17.21290877970026,-0.17212908779700262,
37,20260853,long_emerging_no_break,constant,long,emerging,False,none,regularized_tweedie,gross,1285683099.487956,747082931.3936037,2032766030.8815596,640766647.2293546,0.01,6.781333000002633,success,,,True,True,-106316284.16424906,106316284.16424906,-14.230854393357287,14.230854393357287,-0.14230854393357287,1.9
37,20260853,long_emerging_no_break,constant,long,emerging,False,none,regularized_tweedie,ceded,227453620.20548162,368065063.67763555,595518683.8831171,257310855.8736614,1.0,6.714477199999237,success,,,True,True,-110754207.80397415,110754207.80397415,-30.09093193940749,30.09093193940749,-0.3009093193940749,1.3
37,20260853,long_shock_no_break,constant,long,shock,False,none,regularized_poisson,gross,1306943996.9756277,840927901.6283157,2147871898.6039433,836363942.1884263,0.001,1.672993199998018,success,,,True,True,-4563959.439889431,4563959.439889431,-0.542728982003343,0.542728982003343,-0.005427289820033429,
37,20260853,long_shock_no_break,constant,long,shock,False,none,regularized_poisson,ceded,232917061.2284178,451023852.19317865,683940913.4215964,324019253.7363601,0.1,1.5261616000025242,success,,,True,True,-127004598.45681858,127004598.45681858,-28.159175582230862,28.159175582230862,-0.2815917558223086,
37,20260853,long_shock_no_break,constant,long,shock,False,none,regularized_tweedie,gross,1306943996.9756277,840927901.6283157,2147871898.6039433,878753649.1720932,0.0001,6.731918499997846,success,,,True,True,37825747.543777466,37825747.543777466,4.498096385021149,4.498096385021149,0.04498096385021148,1.5
37,20260853,long_shock_no_break,constant,long,shock,False,none,regularized_tweedie,ceded,232917061.2284178,451023852.19317865,683940913.4215964,278566107.2115835,1.0,6.643179099999543,success,,,True,True,-172457744.98159516,172457744.98159516,-38.23694559456016,38.23694559456016,-0.3823694559456016,1.1
37,20260853,long_stable_break,constant,long,stable,True,none,regularized_poisson,gross,1356992759.2858267,502639009.28330755,1859631768.569134,833923202.1960201,0.01,1.6451512999992701,success,,,True,True,331284192.9127126,331284192.9127126,65.90896981614642,65.90896981614642,0.6590896981614642,
37,20260853,long_stable_break,constant,long,stable,True,none,regularized_poisson,ceded,246160588.8090359,216265281.0484224,462425869.85745835,293238128.6702827,0.1,1.4550994000019273,success,,,True,True,76972847.62186033,76972847.62186033,35.59186534644268,35.59186534644268,0.3559186534644268,
37,20260853,long_stable_break,constant,long,stable,True,none,regularized_tweedie,gross,1356992759.2858267,502639009.28330755,1859631768.569134,826795254.5981343,0.01,6.566963699999178,success,,,True,True,324156245.3148267,324156245.3148267,64.49086507969764,64.49086507969764,0.6449086507969763,1.9
37,20260853,long_stable_break,constant,long,stable,True,none,regularized_tweedie,ceded,246160588.8090359,216265281.0484224,462425869.85745835,265440406.02117974,1.0,6.644152699998813,success,,,True,True,49175124.97275734,49175124.97275734,22.738335406572677,22.738335406572677,0.22738335406572677,1.9
37,20260853,long_emerging_break,constant,long,emerging,True,none,regularized_poisson,gross,1385902786.217814,573192608.4815664,1959095394.6993804,823981426.2618123,0.01,1.783858799997688,success,,,True,True,250788817.7802459,250788817.7802459,43.752974841145594,43.752974841145594,0.4375297484114559,
37,20260853,long_emerging_break,constant,long,emerging,True,none,regularized_poisson,ceded,256743789.89922518,280012844.6247065,536756634.5239317,358663389.945905,0.1,1.6496067000007315,success,,,True,True,78650545.32119852,78650545.32119852,28.088191963697838,28.088191963697838,0.2808819196369784,
37,20260853,long_emerging_break,constant,long,emerging,True,none,regularized_tweedie,gross,1385902786.217814,573192608.4815664,1959095394.6993804,801088294.7697802,0.01,7.254261000001861,success,,,True,True,227895686.28821373,227895686.28821373,39.75900646938344,39.75900646938344,0.39759006469383446,1.9
37,20260853,long_emerging_break,constant,long,emerging,True,none,regularized_tweedie,ceded,256743789.89922518,280012844.6247065,536756634.5239317,310028419.72163266,1.0,7.288287200000923,success,,,True,True,30015575.096926153,30015575.096926153,10.719356512789691,10.719356512789691,0.1071935651278969,1.9
37,20260853,long_shock_break,constant,long,shock,True,none,regularized_poisson,gross,1410295688.1262074,644659046.3804226,2054954734.5066304,993352643.3298814,0.01,1.8020522999977402,success,,,True,True,348693596.94945884,348693596.94945884,54.08961510852509,54.08961510852509,0.5408961510852509,
37,20260853,long_shock_break,constant,long,shock,True,none,regularized_poisson,ceded,265471573.6560725,344271507.54818845,609743081.204261,411218615.639496,0.1,1.650467799998296,success,,,True,True,66947108.09130758,66947108.09130758,19.446020545843993,19.446020545843993,0.19446020545843992,
37,20260853,long_shock_break,constant,long,shock,True,none,regularized_tweedie,gross,1410295688.1262074,644659046.3804226,2054954734.5066304,1022030684.2146721,0.1,7.123582800002623,success,,,True,True,377371637.8342495,377371637.8342495,58.538174551816816,58.538174551816816,0.5853817455181681,1.1
37,20260853,long_shock_break,constant,long,shock,True,none,regularized_tweedie,ceded,265471573.6560725,344271507.54818845,609743081.204261,336260766.0098896,1.0,7.217045800000051,success,,,True,True,-8010741.538298845,8010741.538298845,-2.326867417913626,2.326867417913626,-0.023268674179136258,1.9
38,20260854,short_stable_no_break,constant,short,stable,False,none,regularized_poisson,gross,1581800976.291488,101511072.491788,1683312048.783276,126776570.12806554,0.001,1.3846182999986922,success,,,True,True,25265497.63627754,25265497.63627754,24.889400748200604,24.889400748200604,0.24889400748200605,
38,20260854,short_stable_no_break,constant,short,stable,False,none,regularized_poisson,ceded,293240790.72001183,42850688.332212985,336091479.0522248,66874449.82055583,0.001,1.1897576000010304,success,,,True,True,24023761.488342844,24023761.488342844,56.06388700711488,56.06388700711488,0.5606388700711488,
38,20260854,short_stable_no_break,constant,short,stable,False,none,regularized_tweedie,gross,1581800976.291488,101511072.491788,1683312048.783276,132971329.36059333,0.1,5.632085699999152,success,,,True,True,31460256.868805334,31460256.868805334,30.991946096668805,30.991946096668805,0.30991946096668804,1.9
38,20260854,short_stable_no_break,constant,short,stable,False,none,regularized_tweedie,ceded,293240790.72001183,42850688.332212985,336091479.0522248,67179550.76721913,0.0001,5.234220199999982,success,,,True,True,24328862.43500614,24328862.43500614,56.775896448592015,56.775896448592015,0.5677589644859201,1.1
38,20260854,short_emerging_no_break,constant,short,emerging,False,none,regularized_poisson,gross,1608362458.8552413,112646768.9247545,1721009227.779996,113765506.7257976,0.001,1.4822491000013542,success,,,True,True,1118737.8010430932,1118737.8010430932,0.9931379405923172,0.9931379405923172,0.009931379405923172,
38,20260854,short_emerging_no_break,constant,short,emerging,False,none,regularized_poisson,ceded,306331363.52348995,55946590.89043021,362277954.41392016,67687445.25089169,0.01,1.2453473999994458,success,,,True,True,11740854.360461473,11740854.360461473,20.985826256072688,20.985826256072688,0.20985826256072687,
38,20260854,short_emerging_no_break,constant,short,emerging,False,none,regularized_tweedie,gross,1608362458.8552413,112646768.9247545,1721009227.779996,114265443.17195678,0.001,5.903453099999751,success,,,True,True,1618674.2472022772,1618674.2472022772,1.4369468939526486,1.4369468939526486,0.014369468939526486,1.1
38,20260854,short_emerging_no_break,constant,short,emerging,False,none,regularized_tweedie,ceded,306331363.52348995,55946590.89043021,362277954.41392016,72430107.64445943,0.001,5.433478100003413,success,,,True,True,16483516.754029214,16483516.754029214,29.462951167680096,29.462951167680096,0.29462951167680096,1.7
38,20260854,short_shock_no_break,constant,short,shock,False,none,regularized_poisson,gross,1630738379.6482232,126271075.07221937,1757009454.7204423,130905744.64018875,0.0001,1.4679734999990615,success,,,True,True,4634669.567969382,4634669.567969382,3.6704126937373682,3.6704126937373682,0.03670412693737368,
38,20260854,short_shock_no_break,constant,short,shock,False,none,regularized_poisson,ceded,317155417.78367734,73199320.98395583,390354738.7676331,83667488.52129851,0.01,1.2306071999992128,success,,,True,True,10468167.537342682,10468167.537342682,14.300907981970411,14.300907981970411,0.14300907981970412,
38,20260854,short_shock_no_break,constant,short,shock,False,none,regularized_tweedie,gross,1630738379.6482232,126271075.07221937,1757009454.7204423,137502198.33995512,0.0001,5.843405999999959,success,,,True,True,11231123.26773575,11231123.26773575,8.894454459433588,8.894454459433588,0.08894454459433587,1.5
38,20260854,short_shock_no_break,constant,short,shock,False,none,regularized_tweedie,ceded,317155417.78367734,73199320.98395583,390354738.7676331,88873816.22779691,0.0001,5.405789000000368,success,,,True,True,15674495.243841082,15674495.243841082,21.413443503494644,21.413443503494644,0.21413443503494645,1.7
38,20260854,long_stable_no_break,constant,long,stable,False,none,regularized_poisson,gross,1206855788.3593411,756118517.7845571,1962974306.143898,806943188.0793495,0.0001,1.6140492000013182,success,,,True,True,50824670.29479241,50824670.29479241,6.7217862146412894,6.7217862146412894,0.0672178621464129,
38,20260854,long_stable_no_break,constant,long,stable,False,none,regularized_poisson,ceded,188181054.6006414,306004779.9733002,494185834.5739415,487177855.76392615,0.1,1.342180499999813,success,,,True,True,181173075.79062593,181173075.79062593,59.205962667130166,59.205962667130166,0.5920596266713016,
38,20260854,long_stable_no_break,constant,long,stable,False,none,regularized_tweedie,gross,1206855788.3593411,756118517.7845571,1962974306.143898,796415881.5590825,0.01,6.398128300003009,success,,,True,True,40297363.774525404,40297363.774525404,5.3295036196967525,5.3295036196967525,0.05329503619696752,1.9
38,20260854,long_stable_no_break,constant,long,stable,False,none,regularized_tweedie,ceded,188181054.6006414,306004779.9733002,494185834.5739415,487495578.4306593,0.1,6.11906039999667,success,,,True,True,181490798.45735908,181490798.45735908,59.30979198207121,59.30979198207121,0.5930979198207121,1.1
38,20260854,long_emerging_no_break,constant,long,emerging,False,none,regularized_poisson,gross,1234225077.1844044,879407324.6027644,2113632401.7871685,832820528.0248537,0.001,1.774447700001474,success,,,True,True,-46586796.57791066,46586796.57791066,-5.297522009946222,5.297522009946222,-0.05297522009946222,
38,20260854,long_emerging_no_break,constant,long,emerging,False,none,regularized_poisson,ceded,197414845.3863646,406746810.9691389,604161656.3555036,692200411.2381667,0.1,1.43476450000162,success,,,True,True,285453600.26902777,285453600.26902777,70.17967752196735,70.17967752196735,0.7017967752196734,
38,20260854,long_emerging_no_break,constant,long,emerging,False,none,regularized_tweedie,gross,1234225077.1844044,879407324.6027644,2113632401.7871685,830624946.4069946,0.001,7.01886800000284,success,,,True,True,-48782378.19576979,48782378.19576979,-5.5471880698520675,5.5471880698520675,-0.05547188069852067,1.1
38,20260854,long_emerging_no_break,constant,long,emerging,False,none,regularized_tweedie,ceded,197414845.3863646,406746810.9691389,604161656.3555036,696472794.2983114,0.1,6.681420599998091,success,,,True,True,289725983.32917243,289725983.32917243,71.23005651571164,71.23005651571164,0.7123005651571164,1.1
38,20260854,long_shock_no_break,constant,long,shock,False,none,regularized_poisson,gross,1257717024.478458,989982657.6689515,2247699682.1474094,999552902.7693765,0.0001,1.7580468000014662,success,,,True,True,9570245.100425005,9570245.100425005,0.966708358604932,0.966708358604932,0.00966708358604932,
38,20260854,long_shock_no_break,constant,long,shock,False,none,regularized_poisson,ceded,204917072.06193167,498152941.3919744,703070013.453906,730978412.748738,0.1,1.4481607000016083,success,,,True,True,232825471.35676366,232825471.35676366,46.737748994552994,46.737748994552994,0.4673774899455299,
38,20260854,long_shock_no_break,constant,long,shock,False,none,regularized_tweedie,gross,1257717024.478458,989982657.6689515,2247699682.1474094,1046018940.919833,0.0001,6.8630536000018765,success,,,True,True,56036283.25088143,56036283.25088143,5.6603297862637785,5.6603297862637785,0.056603297862637784,1.7
38,20260854,long_shock_no_break,constant,long,shock,False,none,regularized_tweedie,ceded,204917072.06193167,498152941.3919744,703070013.453906,734518212.6603994,0.1,6.538694400001987,success,,,True,True,236365271.26842505,236365271.26842505,47.448333961043446,47.448333961043446,0.4744833396104345,1.1
38,20260854,long_stable_break,constant,long,stable,True,none,regularized_poisson,gross,1320125183.519459,590713333.2441022,1910838516.7635617,949028010.2265184,0.0001,1.6844940000009956,success,,,True,True,358314676.98241615,358314676.98241615,60.65796331608257,60.65796331608257,0.6065796331608257,
38,20260854,long_stable_break,constant,long,stable,True,none,regularized_poisson,ceded,217411486.7157335,240838392.9348655,458249879.650599,552054835.3705604,0.1,1.399651299998368,success,,,True,True,311216442.43569493,311216442.43569493,129.22210559670322,129.22210559670322,1.2922210559670322,
38,20260854,long_stable_break,constant,long,stable,True,none,regularized_tweedie,gross,1320125183.519459,590713333.2441022,1910838516.7635617,955207733.4193364,0.0001,6.655317400000058,success,,,True,True,364494400.1752342,364494400.1752342,61.704109195147126,61.704109195147126,0.6170410919514713,1.1
38,20260854,long_stable_break,constant,long,stable,True,none,regularized_tweedie,ceded,217411486.7157335,240838392.9348655,458249879.650599,546607164.9642223,0.1,6.39970479999829,success,,,True,True,305768772.02935684,305768772.02935684,126.96014464440131,126.96014464440131,1.269601446444013,1.1
38,20260854,long_emerging_break,constant,long,emerging,True,none,regularized_poisson,gross,1351925952.3326542,673701907.4173647,2025627859.7500188,981425544.7983944,0.001,1.969080099999701,success,,,True,True,307723637.3810297,307723637.3810297,45.67652755514495,45.67652755514495,0.4567652755514495,
38,20260854,long_emerging_break,constant,long,emerging,True,none,regularized_poisson,ceded,229182517.23708963,312303097.24901414,541485614.4861038,753915817.8988866,0.1,1.5102210000004561,success,,,True,True,441612720.6498724,441612720.6498724,141.40516842128966,141.40516842128966,1.4140516842128965,
38,20260854,long_emerging_break,constant,long,emerging,True,none,regularized_tweedie,gross,1351925952.3326542,673701907.4173647,2025627859.7500188,912828534.0934069,0.01,7.3229429999992135,success,,,True,True,239126626.6760422,239126626.6760422,35.49442625043675,35.49442625043675,0.3549442625043675,1.9
38,20260854,long_emerging_break,constant,long,emerging,True,none,regularized_tweedie,ceded,229182517.23708963,312303097.24901414,541485614.4861038,746492787.2962928,0.1,7.003831400001218,success,,,True,True,434189690.04727864,434189690.04727864,139.02830099090517,139.02830099090517,1.3902830099090517,1.1
38,20260854,long_shock_break,constant,long,shock,True,none,regularized_poisson,gross,1379091025.5037467,757774575.3067439,2136865600.8104906,1171500210.579064,0.001,1.9200041000003694,success,,,True,True,413725635.27232003,413725635.27232003,54.59745533225969,54.59745533225969,0.5459745533225969,
38,20260854,long_shock_break,constant,long,shock,True,none,regularized_poisson,ceded,239179555.45596355,384335613.89886,623515169.3548235,811888439.7996998,0.1,1.6006171999979415,success,,,True,True,427552825.9008398,427552825.9008398,111.24465452565443,111.24465452565443,1.1124465452565442,
38,20260854,long_shock_break,constant,long,shock,True,none,regularized_tweedie,gross,1379091025.5037467,757774575.3067439,2136865600.8104906,1175812061.8980184,0.001,7.423951400000078,success,,,True,True,418037486.5912745,418037486.5912745,55.16647037439264,55.16647037439264,0.5516647037439264,1.1
38,20260854,long_shock_break,constant,long,shock,True,none,regularized_tweedie,ceded,239179555.45596355,384335613.89886,623515169.3548235,803255418.5508806,0.1,7.059069899998576,success,,,True,True,418919804.6520206,418919804.6520206,108.9984350922685,108.9984350922685,1.089984350922685,1.1
39,20260855,short_stable_no_break,constant,short,stable,False,none,regularized_poisson,gross,1617444367.4433131,133031161.75087953,1750475529.1941926,133072663.27683026,0.001,1.337485200001538,success,,,True,True,41501.52595072985,41501.52595072985,0.031196845464258646,0.031196845464258646,0.00031196845464258647,
39,20260855,short_stable_no_break,constant,short,stable,False,none,regularized_poisson,ceded,272375560.54572684,62043310.71688711,334418871.262614,64603571.29991909,0.001,1.167321599998104,success,,,True,True,2560260.583031982,2560260.583031982,4.126569896817457,4.126569896817457,0.041265698968174565,
39,20260855,short_stable_no_break,constant,short,stable,False,none,regularized_tweedie,gross,1617444367.4433131,133031161.75087953,1750475529.1941926,122627755.75472818,0.01,5.532505899998796,success,,,True,True,-10403405.996151343,10403405.996151343,-7.820277489294767,7.820277489294767,-0.07820277489294768,1.9
39,20260855,short_stable_no_break,constant,short,stable,False,none,regularized_tweedie,ceded,272375560.54572684,62043310.71688711,334418871.262614,59117871.131506585,0.001,5.155285799999547,success,,,True,True,-2925439.5853805244,2925439.5853805244,-4.715157124238167,4.715157124238167,-0.04715157124238167,1.9
39,20260855,short_emerging_no_break,constant,short,emerging,False,none,regularized_poisson,gross,1645203594.0650148,148125613.36085498,1793329207.4258695,119495406.24293448,0.01,1.3971865999992588,success,,,True,True,-28630207.117920503,28630207.117920503,-19.328329833256632,19.328329833256632,-0.1932832983325663,
39,20260855,short_emerging_no_break,constant,short,emerging,False,none,regularized_poisson,ceded,286572289.4827907,77381440.70153117,363953730.18432176,63962492.50200609,0.01,1.2073706000010134,success,,,True,True,-13418948.19952508,13418948.19952508,-17.34130054683714,17.34130054683714,-0.17341300546837138,
39,20260855,short_emerging_no_break,constant,short,emerging,False,none,regularized_tweedie,gross,1645203594.0650148,148125613.36085498,1793329207.4258695,118911663.73025441,0.01,5.772866999999678,success,,,True,True,-29213949.63060057,29213949.63060057,-19.722415973685287,19.722415973685287,-0.19722415973685287,1.1
39,20260855,short_emerging_no_break,constant,short,emerging,False,none,regularized_tweedie,ceded,286572289.4827907,77381440.70153117,363953730.18432176,63427420.720290154,0.001,5.33982130000004,success,,,True,True,-13954019.981241018,13954019.981241018,-18.03277356267277,18.03277356267277,-0.1803277356267277,1.7
39,20260855,short_shock_no_break,constant,short,shock,False,none,regularized_poisson,gross,1667852609.888075,166188215.0004006,1834040824.8884761,134215343.67282844,0.001,1.4034783999995852,success,,,True,True,-31972871.327572167,31972871.327572167,-19.23895224910809,19.23895224910809,-0.19238952249108093,
39,20260855,short_shock_no_break,constant,short,shock,False,none,regularized_poisson,ceded,299170940.7609899,96892399.45970033,396063340.22069025,78223193.8738306,0.01,1.2059226999990642,success,,,True,True,-18669205.58586973,18669205.58586973,-19.26797735423475,19.26797735423475,-0.19267977354234747,
39,20260855,short_shock_no_break,constant,short,shock,False,none,regularized_tweedie,gross,1667852609.888075,166188215.0004006,1834040824.8884761,134940701.71319097,0.001,5.705254399999831,success,,,True,True,-31247513.28720963,31247513.28720963,-18.802484452423,18.802484452423,-0.18802484452423,1.7
39,20260855,short_shock_no_break,constant,short,shock,False,none,regularized_tweedie,ceded,299170940.7609899,96892399.45970033,396063340.22069025,79297534.26993856,0.001,5.368423100000655,success,,,True,True,-17594865.189761773,17594865.189761773,-18.15917996445104,18.15917996445104,-0.18159179964451042,1.5
39,20260855,long_stable_no_break,constant,long,stable,False,none,regularized_poisson,gross,1234900191.2718046,807488237.7061844,2042388428.977989,872738031.6560853,0.001,1.5444072000027518,success,,,True,True,65249793.949900866,65249793.949900866,8.080587543325045,8.080587543325045,0.08080587543325045,
39,20260855,long_stable_no_break,constant,long,stable,False,none,regularized_poisson,ceded,169240373.13893017,329251731.71843934,498492104.8573695,430638975.9969264,0.01,1.3040737000010267,success,,,True,True,101387244.27848709,101387244.27848709,30.793230380087632,30.793230380087632,0.30793230380087633,
39,20260855,long_stable_no_break,constant,long,stable,False,none,regularized_tweedie,gross,1234900191.2718046,807488237.7061844,2042388428.977989,832494688.2311438,0.001,6.307107500000711,success,,,True,True,25006450.524959445,25006450.524959445,3.096819168040734,3.096819168040734,0.03096819168040734,1.9
39,20260855,long_stable_no_break,constant,long,stable,False,none,regularized_tweedie,ceded,169240373.13893017,329251731.71843934,498492104.8573695,430597642.5516205,0.1,6.099878100001661,success,,,True,True,101345910.83318114,101345910.83318114,30.780676628254582,30.780676628254582,0.30780676628254583,1.1
39,20260855,long_emerging_no_break,constant,long,emerging,False,none,regularized_poisson,gross,1264180447.4162803,942266835.898837,2206447283.3151174,927572851.5995297,0.01,1.7303969000022335,success,,,True,True,-14693984.299307227,14693984.299307227,-1.559429212563817,1.559429212563817,-0.01559429212563817,
39,20260855,long_emerging_no_break,constant,long,emerging,False,none,regularized_poisson,ceded,178442540.3238128,445548978.2166198,623991518.5404326,626591364.6925464,0.01,1.4106915999982448,success,,,True,True,181042386.47592658,181042386.47592658,40.63355440754849,40.63355440754849,0.4063355440754849,
39,20260855,long_emerging_no_break,constant,long,emerging,False,none,regularized_tweedie,gross,1264180447.4162803,942266835.898837,2206447283.3151174,862624383.8999557,0.01,6.922454600000492,success,,,True,True,-79642451.99888122,79642451.99888122,-8.452218518643878,8.452218518643878,-0.08452218518643878,1.3
39,20260855,long_emerging_no_break,constant,long,emerging,False,none,regularized_tweedie,ceded,178442540.3238128,445548978.2166198,623991518.5404326,639740332.1766278,0.1,6.567778399999952,success,,,True,True,194191353.96000797,194191353.96000797,43.584737807567095,43.584737807567095,0.435847378075671,1.1
39,20260855,long_shock_no_break,constant,long,shock,False,none,regularized_poisson,gross,1289291116.8916402,1060826218.4463428,2350117335.337983,1100324143.1097038,0.01,1.6987953999996535,success,,,True,True,39497924.66336095,39497924.66336095,3.7233171632209974,3.7233171632209974,0.037233171632209974,
39,20260855,long_shock_no_break,constant,long,shock,False,none,regularized_poisson,ceded,186260815.41373762,549188294.1231586,735449109.5368961,683830625.8689451,0.01,1.3833866999993916,success,,,True,True,134642331.74578655,134642331.74578655,24.5166062690317,24.5166062690317,0.24516606269031702,
39,20260855,long_shock_no_break,constant,long,shock,False,none,regularized_tweedie,gross,1289291116.8916402,1060826218.4463428,2350117335.337983,1077169918.1161058,0.01,6.821293400000286,success,,,True,True,16343699.669762969,16343699.669762969,1.5406575917495238,1.5406575917495238,0.015406575917495238,1.1
39,20260855,long_shock_no_break,constant,long,shock,False,none,regularized_tweedie,ceded,186260815.41373762,549188294.1231586,735449109.5368961,699599512.0520604,0.1,6.685384699998394,success,,,True,True,150411217.9289018,150411217.9289018,27.387914043042443,27.387914043042443,0.27387914043042444,1.1
39,20260855,long_stable_break,constant,long,stable,True,none,regularized_poisson,gross,1367613255.9517994,616181844.9205705,1983795100.8723698,1050962967.2199787,0.001,1.6785005999990972,success,,,True,True,434781122.2994082,434781122.2994082,70.56052135964084,70.56052135964084,0.7056052135964085,
39,20260855,long_stable_break,constant,long,stable,True,none,regularized_poisson,ceded,208418399.99882382,248628660.0713047,457047060.07012844,607464405.9185829,0.1,1.3711118000028364,success,,,True,True,358835745.84727824,358835745.84727824,144.32597824577707,144.32597824577707,1.4432597824577706,
39,20260855,long_stable_break,constant,long,stable,True,none,regularized_tweedie,gross,1367613255.9517994,616181844.9205705,1983795100.8723698,962880533.7961911,0.01,6.6502092000009725,success,,,True,True,346698688.8756206,346698688.8756206,56.26564491206523,56.26564491206523,0.5626564491206523,1.9
39,20260855,long_stable_break,constant,long,stable,True,none,regularized_tweedie,ceded,208418399.99882382,248628660.0713047,457047060.07012844,591806325.576094,0.1,6.3772952999970585,success,,,True,True,343177665.50478935,343177665.50478935,138.02820053262113,138.02820053262113,1.3802820053262113,1.1
39,20260855,long_emerging_break,constant,long,emerging,True,none,regularized_poisson,gross,1401885533.9993968,705695914.6879461,2107581448.687343,1129465506.570108,0.01,1.922009200003231,success,,,True,True,423769591.88216186,423769591.88216186,60.04988594408257,60.04988594408257,0.6004988594408257,
39,20260855,long_emerging_break,constant,long,emerging,True,none,regularized_poisson,ceded,220314862.68303677,329071260.7806257,549386123.4636625,849741268.3399282,0.1,1.4848663000011584,success,,,True,True,520670007.55930245,520670007.55930245,158.2240899202697,158.2240899202697,1.582240899202697,
39,20260855,long_emerging_break,constant,long,emerging,True,none,regularized_tweedie,gross,1401885533.9993968,705695914.6879461,2107581448.687343,982675525.3163545,0.01,7.22647280000092,success,,,True,True,276979610.62840843,276979610.62840843,39.24914469015835,39.24914469015835,0.39249144690158355,1.7
39,20260855,long_emerging_break,constant,long,emerging,True,none,regularized_tweedie,ceded,220314862.68303677,329071260.7806257,549386123.4636625,826652994.5989058,0.1,6.995543500001077,success,,,True,True,497581733.8182801,497581733.8182801,151.20789723110806,151.20789723110806,1.5120789723110806,1.1
39,20260855,long_shock_break,constant,long,shock,True,none,regularized_poisson,gross,1431099139.0420845,793850831.1601003,2224949970.202185,1335100367.4655182,0.01,1.8002096000018355,success,,,True,True,541249536.3054179,541249536.3054179,68.18025692742029,68.18025692742029,0.6818025692742029,
39,20260855,long_shock_break,constant,long,shock,True,none,regularized_poisson,ceded,229954473.71130925,411609718.6487835,641564192.3600928,900092488.1634877,0.1,1.4944906999990053,success,,,True,True,488482769.51470417,488482769.51470417,118.67619917194293,118.67619917194293,1.1867619917194292,
39,20260855,long_shock_break,constant,long,shock,True,none,regularized_tweedie,gross,1431099139.0420845,793850831.1601003,2224949970.202185,1275218980.8358727,0.01,7.288914799999475,success,,,True,True,481368149.6757723,481368149.6757723,60.63710344326542,60.63710344326542,0.6063710344326542,1.3
39,20260855,long_shock_break,constant,long,shock,True,none,regularized_tweedie,ceded,229954473.71130925,411609718.6487835,641564192.3600928,877358207.9984432,0.1,6.97009270000126,success,,,True,True,465748489.34965974,465748489.34965974,113.15293790404195,113.15293790404195,1.1315293790404195,1.1
40,20260856,short_stable_no_break,constant,short,stable,False,none,regularized_poisson,gross,1683538178.4583576,87949018.04320787,1771487196.5015655,110296895.61974546,0.0001,1.3768327999969188,success,,,True,True,22347877.576537594,22347877.576537594,25.410036489046938,25.410036489046938,0.2541003648904694,
40,20260856,short_stable_no_break,constant,short,stable,False,none,regularized_poisson,ceded,306146751.496003,38742016.33400515,344888767.8300081,45354951.88449911,0.001,1.2388678999996046,success,,,True,True,6612935.550493963,6612935.550493963,17.06915689024056,17.06915689024056,0.1706915689024056,
40,20260856,short_stable_no_break,constant,short,stable,False,none,regularized_tweedie,gross,1683538178.4583576,87949018.04320787,1771487196.5015655,109335864.80329752,0.1,5.618497499999648,success,,,True,True,21386846.76008965,21386846.76008965,24.31732296269943,24.31732296269943,0.24317322962699428,1.9
40,20260856,short_stable_no_break,constant,short,stable,False,none,regularized_tweedie,ceded,306146751.496003,38742016.33400515,344888767.8300081,46110988.50567968,0.1,5.385450899997522,success,,,True,True,7368972.171674535,7368972.171674535,19.020621198815984,19.020621198815984,0.19020621198815985,1.9
40,20260856,short_emerging_no_break,constant,short,emerging,False,none,regularized_poisson,gross,1706443695.2058828,97745686.8126559,1804189382.0185387,77381189.05173834,0.0001,1.4528661999975157,success,,,True,True,-20364497.76091756,20364497.76091756,-20.83416509206093,20.83416509206093,-0.2083416509206093,
40,20260856,short_emerging_no_break,constant,short,emerging,False,none,regularized_poisson,ceded,317834875.0614119,49403368.690146185,367238243.7515581,40726657.16831412,0.01,1.3411147000006167,success,,,True,True,-8676711.521832064,8676711.521832064,-17.562995706328604,17.562995706328604,-0.17562995706328602,
40,20260856,short_emerging_no_break,constant,short,emerging,False,none,regularized_tweedie,gross,1706443695.2058828,97745686.8126559,1804189382.0185387,84963710.54478455,0.001,6.0005538999976125,success,,,True,True,-12781976.26787135,12781976.26787135,-13.076767563534444,13.076767563534444,-0.13076767563534444,1.5
40,20260856,short_emerging_no_break,constant,short,emerging,False,none,regularized_tweedie,ceded,317834875.0614119,49403368.690146185,367238243.7515581,42197874.24175296,0.1,5.685906300001079,success,,,True,True,-7205494.448393226,7205494.448393226,-14.5850265668835,14.5850265668835,-0.145850265668835,1.9
40,20260856,short_shock_no_break,constant,short,shock,False,none,regularized_poisson,gross,1724492257.7325313,109610270.24552748,1834102527.9780588,87719858.32730342,0.0001,1.4524764999987383,success,,,True,True,-21890411.91822405,21890411.91822405,-19.971132147735275,19.971132147735275,-0.19971132147735277,
40,20260856,short_shock_no_break,constant,short,shock,False,none,regularized_poisson,ceded,326893997.8924973,62525344.66199358,389419342.55449086,53091965.53466447,0.1,1.2542825000018638,success,,,True,True,-9433379.127329111,9433379.127329111,-15.087288488092494,15.087288488092494,-0.15087288488092493,
40,20260856,short_shock_no_break,constant,short,shock,False,none,regularized_tweedie,gross,1724492257.7325313,109610270.24552748,1834102527.9780588,99779924.93785009,0.001,5.841074799998751,success,,,True,True,-9830345.307677388,9830345.307677388,-8.968452760546409,8.968452760546409,-0.0896845276054641,1.7
40,20260856,short_shock_no_break,constant,short,shock,False,none,regularized_tweedie,ceded,326893997.8924973,62525344.66199358,389419342.55449086,41411928.745924115,0.1,5.723470000000816,success,,,True,True,-21113415.916069463,21113415.916069463,-33.76777214137196,33.76777214137196,-0.33767772141371954,1.9
40,20260856,long_stable_no_break,constant,long,stable,False,none,regularized_poisson,gross,1370002793.9745126,692555761.5870862,2062558555.5615983,864754954.3280187,0.0001,1.5792022999994515,success,,,True,True,172199192.74093246,172199192.74093246,24.86430729365596,24.86430729365596,0.2486430729365596,
40,20260856,long_stable_no_break,constant,long,stable,False,none,regularized_poisson,ceded,221953904.2836685,272935019.0575721,494888923.3412406,351464734.63680047,0.1,1.3586890000005951,success,,,True,True,78529715.57922834,78529715.57922834,28.77231212410435,28.77231212410435,0.2877231212410435,
40,20260856,long_stable_no_break,constant,long,stable,False,none,regularized_tweedie,gross,1370002793.9745126,692555761.5870862,2062558555.5615983,841602672.164008,0.0001,6.369001600000047,success,,,True,True,149046910.57692182,149046910.57692182,21.52128663767961,21.52128663767961,0.21521286637679607,1.9
40,20260856,long_stable_no_break,constant,long,stable,False,none,regularized_tweedie,ceded,221953904.2836685,272935019.0575721,494888923.3412406,278874666.2467837,1.0,6.3978805000006105,success,,,True,True,5939647.189211547,5939647.189211547,2.176212935123087,2.176212935123087,0.02176212935123087,1.9
40,20260856,long_emerging_no_break,constant,long,emerging,False,none,regularized_poisson,gross,1399201904.4186425,804105976.2744855,2203307880.6931276,787807007.1093786,0.001,1.7526070000021718,success,,,True,True,-16298969.165106893,16298969.165106893,-2.0269677935515253,2.0269677935515253,-0.020269677935515255,
40,20260856,long_emerging_no_break,constant,long,emerging,False,none,regularized_poisson,ceded,230683937.7375565,366223212.8383131,596907150.5758696,425402674.3352599,0.1,1.4886767999996664,success,,,True,True,59179461.49694681,59179461.49694681,16.159396625433036,16.159396625433036,0.16159396625433037,
40,20260856,long_emerging_no_break,constant,long,emerging,False,none,regularized_tweedie,gross,1399201904.4186425,804105976.2744855,2203307880.6931276,786635638.4909348,0.0001,6.902777299997979,success,,,True,True,-17470337.78355062,17470337.78355062,-2.17264120638584,2.17264120638584,-0.0217264120638584,1.9
40,20260856,long_emerging_no_break,constant,long,emerging,False,none,regularized_tweedie,ceded,230683937.7375565,366223212.8383131,596907150.5758696,323511608.0997835,1.0,6.637438800000382,success,,,True,True,-42711604.73852962,42711604.73852962,-11.662724601071838,11.662724601071838,-0.11662724601071839,1.9
40,20260856,long_shock_no_break,constant,long,shock,False,none,regularized_poisson,gross,1423442126.9173675,905146122.5079912,2328588249.4253583,946471845.8931515,0.001,1.7477677999995649,success,,,True,True,41325723.38516033,41325723.38516033,4.5656411000971255,4.5656411000971255,0.04565641100097126,
40,20260856,long_shock_no_break,constant,long,shock,False,none,regularized_poisson,ceded,237466720.15813327,452780648.94832695,690247369.1064602,457067357.0750438,0.1,1.5036801999995077,success,,,True,True,4286708.126716852,4286708.126716852,0.9467516195035242,0.9467516195035242,0.009467516195035242,
40,20260856,long_shock_no_break,constant,long,shock,False,none,regularized_tweedie,gross,1423442126.9173675,905146122.5079912,2328588249.4253583,892402089.6634145,0.001,6.775813799999014,success,,,True,True,-12744032.844576716,12744032.844576716,-1.4079530948290844,1.4079530948290844,-0.014079530948290843,1.9
40,20260856,long_shock_no_break,constant,long,shock,False,none,regularized_tweedie,ceded,237466720.15813327,452780648.94832695,690247369.1064602,342365016.0360945,1.0,6.681354799999099,success,,,True,True,-110415632.91223246,110415632.91223246,-24.386120115489636,24.386120115489636,-0.24386120115489635,1.9
40,20260856,long_stable_break,constant,long,stable,True,none,regularized_poisson,gross,1498111917.3405318,511167251.494045,2009279168.8345766,947769822.0775386,0.0001,1.648098099998606,success,,,True,True,436602570.5834936,436602570.5834936,85.41286033238377,85.41286033238377,0.8541286033238378,
40,20260856,long_stable_break,constant,long,stable,True,none,regularized_poisson,ceded,257464926.7408313,202538327.5274703,460003254.26830167,384704120.7391331,0.1,1.4067021000009845,success,,,True,True,182165793.21166283,182165793.21166283,89.94139303680963,89.94139303680963,0.8994139303680962,
40,20260856,long_stable_break,constant,long,stable,True,none,regularized_tweedie,gross,1498111917.3405318,511167251.494045,2009279168.8345766,962279435.2119448,0.0001,6.569438099999388,success,,,True,True,451112183.7178998,451112183.7178998,88.2513859014607,88.2513859014607,0.882513859014607,1.9
40,20260856,long_stable_break,constant,long,stable,True,none,regularized_tweedie,ceded,257464926.7408313,202538327.5274703,460003254.26830167,349711409.40451634,1.0,6.46832859999995,success,,,True,True,147173081.87704605,147173081.87704605,72.66431182368925,72.66431182368925,0.7266431182368924,1.9
40,20260856,long_emerging_break,constant,long,emerging,True,none,regularized_poisson,gross,1531507199.8343709,582855653.1355705,2114362852.9699414,862825097.2392528,0.001,1.8158088000018324,success,,,True,True,279969444.1036823,279969444.1036823,48.03409602318161,48.03409602318161,0.4803409602318161,
40,20260856,long_emerging_break,constant,long,emerging,True,none,regularized_poisson,ceded,268855700.24092674,264420912.58280376,533276612.82373035,450091503.5816983,0.1,1.5587741000017559,success,,,True,True,185670590.99889454,185670590.99889454,70.2178164296107,70.2178164296107,0.702178164296107,
40,20260856,long_emerging_break,constant,long,emerging,True,none,regularized_tweedie,gross,1531507199.8343709,582855653.1355705,2114362852.9699414,855130996.8749001,0.0001,7.086518900003284,success,,,True,True,272275343.7393296,272275343.7393296,46.71402641024039,46.71402641024039,0.46714026410240395,1.9
40,20260856,long_emerging_break,constant,long,emerging,True,none,regularized_tweedie,ceded,268855700.24092674,264420912.58280376,533276612.82373035,403894130.8981897,1.0,6.952270100002352,success,,,True,True,139473218.31538597,139473218.31538597,52.74666702911017,52.74666702911017,0.5274666702911017,1.9
40,20260856,long_shock_break,constant,long,shock,True,none,regularized_poisson,gross,1558999080.059336,655514909.5629809,2214513989.6223173,1070867847.9484024,0.01,1.7486822999999276,success,,,True,True,415352938.3854215,415352938.3854215,63.362851450980614,63.362851450980614,0.6336285145098062,
40,20260856,long_shock_break,constant,long,shock,True,none,regularized_poisson,ceded,278120789.22321624,329379459.9084445,607500249.1316608,506383314.58774793,0.1,1.556147899998905,success,,,True,True,177003854.6793034,177003854.6793034,53.73858307026917,53.73858307026917,0.5373858307026917,
40,20260856,long_shock_break,constant,long,shock,True,none,regularized_tweedie,gross,1558999080.059336,655514909.5629809,2214513989.6223173,1047265385.3055744,0.001,7.000851699998748,success,,,True,True,391750475.7425935,391750475.7425935,59.762252547965076,59.762252547965076,0.5976225254796508,1.9
40,20260856,long_shock_break,constant,long,shock,True,none,regularized_tweedie,ceded,278120789.22321624,329379459.9084445,607500249.1316608,430458039.95269215,1.0,7.000742100000934,success,,,True,True,101078580.04424763,101078580.04424763,30.687578415589055,30.687578415589055,0.30687578415589056,1.9
41,20260857,short_stable_no_break,constant,short,stable,False,none,regularized_poisson,gross,1528950933.795194,123158929.75021431,1652109863.5454082,114243426.21538857,0.001,1.3648331000003964,success,,,True,True,-8915503.534825742,8915503.534825742,-7.239023230315322,7.239023230315322,-0.07239023230315322,
41,20260857,short_stable_no_break,constant,short,stable,False,none,regularized_poisson,ceded,278664020.88495904,57088104.59741693,335752125.482376,45459880.86318168,0.001,1.1998543000008794,success,,,True,True,-11628223.73423525,11628223.73423525,-20.368908402612114,20.368908402612114,-0.20368908402612113,
41,20260857,short_stable_no_break,constant,short,stable,False,none,regularized_tweedie,gross,1528950933.795194,123158929.75021431,1652109863.5454082,113847098.21184413,0.0001,5.528606300002139,success,,,True,True,-9311831.538370177,9311831.538370177,-7.560825315107915,7.560825315107915,-0.07560825315107915,1.1
41,20260857,short_stable_no_break,constant,short,stable,False,none,regularized_tweedie,ceded,278664020.88495904,57088104.59741693,335752125.482376,44970773.362911314,0.0001,5.233593799999653,success,,,True,True,-12117331.234505616,12117331.234505616,-21.225667448510613,21.225667448510613,-0.21225667448510613,1.1
41,20260857,short_emerging_no_break,constant,short,emerging,False,none,regularized_poisson,gross,1556865851.8625774,136938932.24920055,1693804784.1117778,140719141.52549386,0.01,1.468873399997392,success,,,True,True,3780209.2762933075,3780209.2762933075,2.7605073401727043,2.7605073401727043,0.02760507340172704,
41,20260857,short_emerging_no_break,constant,short,emerging,False,none,regularized_poisson,ceded,292474400.28289527,74295111.45766601,366769511.7405613,66807204.82482393,0.01,1.2590589000028558,success,,,True,True,-7487906.632842079,7487906.632842079,-10.078599366674014,10.078599366674014,-0.10078599366674014,
41,20260857,short_emerging_no_break,constant,short,emerging,False,none,regularized_tweedie,gross,1556865851.8625774,136938932.24920055,1693804784.1117778,147077095.35853842,0.001,5.769177300000592,success,,,True,True,10138163.109337866,10138163.109337866,7.403419132032156,7.403419132032156,0.07403419132032156,1.5
41,20260857,short_emerging_no_break,constant,short,emerging,False,none,regularized_tweedie,ceded,292474400.28289527,74295111.45766601,366769511.7405613,84690451.4036473,0.001,5.41286819999732,success,,,True,True,10395339.945981294,10395339.945981294,13.991956862336288,13.991956862336288,0.13991956862336288,1.5
41,20260857,short_shock_no_break,constant,short,shock,False,none,regularized_poisson,gross,1580846418.1082785,153585392.93719518,1734431811.0454736,158926595.0953648,0.01,1.443625100000645,success,,,True,True,5341202.158169627,5341202.158169627,3.4776758753052612,3.4776758753052612,0.03477675875305261,
41,20260857,short_shock_no_break,constant,short,shock,False,none,regularized_poisson,ceded,304872886.2215009,96702867.80750936,401575754.0290103,89324923.14637187,0.01,1.2361027999977523,success,,,True,True,-7377944.661137491,7377944.661137491,-7.629499340002576,7.629499340002576,-0.07629499340002577,
41,20260857,short_shock_no_break,constant,short,shock,False,none,regularized_tweedie,gross,1580846418.1082785,153585392.93719518,1734431811.0454736,157225320.06689814,0.01,5.700073300002259,success,,,True,True,3639927.1297029555,3639927.1297029555,2.369969604590855,2.369969604590855,0.02369969604590855,1.1
41,20260857,short_shock_no_break,constant,short,shock,False,none,regularized_tweedie,ceded,304872886.2215009,96702867.80750936,401575754.0290103,106988420.80912286,0.001,5.4196653999970295,success,,,True,True,10285553.001613498,10285553.001613498,10.63624402751661,10.63624402751661,0.1063624402751661,1.7
41,20260857,long_stable_no_break,constant,long,stable,False,none,regularized_poisson,gross,1182671069.1401386,741840532.335838,1924511601.475977,745326165.8790565,0.01,1.4934408999979496,success,,,True,True,3485633.5432184935,3485633.5432184935,0.4698629141013982,0.4698629141013982,0.004698629141013982,
41,20260857,long_stable_no_break,constant,long,stable,False,none,regularized_poisson,ceded,192780710.6364094,308169176.8968511,500949887.5332604,211014901.29288682,1.0,1.3543804000000819,success,,,True,True,-97154275.6039643,97154275.6039643,-31.52627935806938,31.52627935806938,-0.3152627935806938,
41,20260857,long_stable_no_break,constant,long,stable,False,none,regularized_tweedie,gross,1182671069.1401386,741840532.335838,1924511601.475977,721255013.5091531,0.01,6.272990400000708,success,,,True,True,-20585518.826684833,20585518.826684833,-2.7749250586062044,2.7749250586062044,-0.027749250586062046,1.9
41,20260857,long_stable_no_break,constant,long,stable,False,none,regularized_tweedie,ceded,192780710.6364094,308169176.8968511,500949887.5332604,209188424.0816407,1.0,6.164126799998485,success,,,True,True,-98980752.81521043,98980752.81521043,-32.118965891368426,32.118965891368426,-0.32118965891368423,1.1
41,20260857,long_emerging_no_break,constant,long,emerging,False,none,regularized_poisson,gross,1208817978.4345126,865137455.8668487,2073955434.3013616,768381994.3131449,0.01,1.7411495000014838,success,,,True,True,-96755461.55370378,96755461.55370378,-11.183825286671578,11.183825286671578,-0.11183825286671578,
41,20260857,long_emerging_no_break,constant,long,emerging,False,none,regularized_poisson,ceded,201639275.29950824,424695016.0459147,626334291.345423,269639796.5350959,1.0,1.508318700001837,success,,,True,True,-155055219.51081884,155055219.51081884,-36.50978081976255,36.50978081976255,-0.3650978081976255,
41,20260857,long_emerging_no_break,constant,long,emerging,False,none,regularized_tweedie,gross,1208817978.4345126,865137455.8668487,2073955434.3013616,684623308.7867494,0.01,6.869306399999914,success,,,True,True,-180514147.08009934,180514147.08009934,-20.865371838424004,20.865371838424004,-0.20865371838424004,1.7
41,20260857,long_emerging_no_break,constant,long,emerging,False,none,regularized_tweedie,ceded,201639275.29950824,424695016.0459147,626334291.345423,266165496.40704566,1.0,6.739219200000662,success,,,True,True,-158529519.63886905,158529519.63886905,-37.32785025707249,37.32785025707249,-0.3732785025707249,1.1
41,20260857,long_shock_no_break,constant,long,shock,False,none,regularized_poisson,gross,1231486246.5866163,973940941.6181208,2205427188.204737,993653181.4350747,0.001,1.7351643000001786,success,,,True,True,19712239.816953897,19712239.816953897,2.0239666467048476,2.0239666467048476,0.020239666467048476,
41,20260857,long_shock_no_break,constant,long,shock,False,none,regularized_poisson,ceded,208471969.16565883,527723637.3780477,736195606.5437067,312253120.85446566,1.0,1.4832974999990256,success,,,True,True,-215470516.52358204,215470516.52358204,-40.830181038342324,40.830181038342324,-0.4083018103834232,
41,20260857,long_shock_no_break,constant,long,shock,False,none,regularized_tweedie,gross,1231486246.5866163,973940941.6181208,2205427188.204737,959450106.224811,0.001,6.70167649999712,success,,,True,True,-14490835.393309832,14490835.393309832,-1.4878556567541488,1.4878556567541488,-0.014878556567541487,1.3
41,20260857,long_shock_no_break,constant,long,shock,False,none,regularized_tweedie,ceded,208471969.16565883,527723637.3780477,736195606.5437067,306764278.4814288,1.0,6.688218600000255,success,,,True,True,-220959358.8966189,220959358.8966189,-41.87027891993576,41.87027891993576,-0.41870278919935755,1.1
41,20260857,long_stable_break,constant,long,stable,True,none,regularized_poisson,gross,1293171579.385695,580137284.556185,1873308863.94188,988764228.7943997,0.01,1.5807979999990494,success,,,True,True,408626944.23821473,408626944.23821473,70.43624933550365,70.43624933550365,0.7043624933550364,
41,20260857,long_stable_break,constant,long,stable,True,none,regularized_poisson,ceded,224592091.82244006,237761727.8131146,462353819.6355547,307547152.7206449,1.0,1.4412692000005336,success,,,True,True,69785424.90753028,69785424.90753028,29.350991662704857,29.350991662704857,0.29350991662704856,
41,20260857,long_stable_break,constant,long,stable,True,none,regularized_tweedie,gross,1293171579.385695,580137284.556185,1873308863.94188,980304265.7766393,0.01,6.538197999998374,success,,,True,True,400166981.22045434,400166981.22045434,68.97798019077311,68.97798019077311,0.6897798019077311,1.1
41,20260857,long_stable_break,constant,long,stable,True,none,regularized_tweedie,ceded,224592091.82244006,237761727.8131146,462353819.6355547,302127593.8280193,1.0,6.558750799998961,success,,,True,True,64365866.01490471,64365866.01490471,27.071584063141373,27.071584063141373,0.27071584063141374,1.1
41,20260857,long_emerging_break,constant,long,emerging,True,none,regularized_poisson,gross,1323862676.6737494,663356288.9427022,1987218965.616452,1036362503.6219025,0.01,1.7902754999995523,success,,,True,True,373006214.6792003,373006214.6792003,56.23014673965335,56.23014673965335,0.5623014673965335,
41,20260857,long_emerging_break,constant,long,emerging,True,none,regularized_poisson,ceded,235399757.03356037,319130515.04039764,554530272.0739582,398248474.2798706,1.0,1.5769517999979143,success,,,True,True,79117959.23947299,79117959.23947299,24.791724861991877,24.791724861991877,0.24791724861991876,
41,20260857,long_emerging_break,constant,long,emerging,True,none,regularized_tweedie,gross,1323862676.6737494,663356288.9427022,1987218965.616452,948783902.4581707,0.01,7.246104199999536,success,,,True,True,285427613.5154685,285427613.5154685,43.027799430438876,43.027799430438876,0.4302779943043888,1.5
41,20260857,long_emerging_break,constant,long,emerging,True,none,regularized_tweedie,ceded,235399757.03356037,319130515.04039764,554530272.0739582,388403055.4069876,1.0,7.1645524999985355,success,,,True,True,69272540.36658996,69272540.36658996,21.706648879321673,21.706648879321673,0.21706648879321674,1.1
41,20260857,long_shock_break,constant,long,shock,True,none,regularized_poisson,gross,1350487355.4040182,746170673.8772634,2096658029.2812815,1247631356.50632,0.01,1.813676999998279,success,,,True,True,501460682.6290566,501460682.6290566,67.20455522908169,67.20455522908169,0.672045552290817,
41,20260857,long_shock_break,constant,long,shock,True,none,regularized_poisson,ceded,244397651.09459057,402235467.7553806,646633118.8499712,461482572.0993551,1.0,1.5880650999970385,success,,,True,True,59247104.34397453,59247104.34397453,14.729458014877405,14.729458014877405,0.14729458014877406,
41,20260857,long_shock_break,constant,long,shock,True,none,regularized_tweedie,gross,1350487355.4040182,746170673.8772634,2096658029.2812815,1224116878.4366481,0.01,7.189732800001366,success,,,True,True,477946204.5593847,477946204.5593847,64.05320140442848,64.05320140442848,0.6405320140442847,1.1
41,20260857,long_shock_break,constant,long,shock,True,none,regularized_tweedie,ceded,244397651.09459057,402235467.7553806,646633118.8499712,447826104.4402545,1.0,7.1568719999995665,success,,,True,True,45590636.68487394,45590636.68487394,11.334315429538371,11.334315429538371,0.1133431542953837,1.1
42,20260858,short_stable_no_break,constant,short,stable,False,none,regularized_poisson,gross,1677917474.3280518,125158875.48925014,1803076349.817302,138807455.32054436,0.001,1.368205200000375,success,,,True,True,13648579.831294224,13648579.831294224,10.905003562824833,10.905003562824833,0.10905003562824833,
42,20260858,short_stable_no_break,constant,short,stable,False,none,regularized_poisson,ceded,341417783.63064206,67141295.93403164,408559079.5646737,63826547.193056084,0.001,1.1901026999985334,success,,,True,True,-3314748.7409755513,3314748.7409755513,-4.9369746217475345,4.9369746217475345,-0.04936974621747535,
42,20260858,short_stable_no_break,constant,short,stable,False,none,regularized_tweedie,gross,1677917474.3280518,125158875.48925014,1803076349.817302,139558308.98527792,0.0001,5.594607499999256,success,,,True,True,14399433.496027783,14399433.496027783,11.504923993396334,11.504923993396334,0.11504923993396333,1.9
42,20260858,short_stable_no_break,constant,short,stable,False,none,regularized_tweedie,ceded,341417783.63064206,67141295.93403164,408559079.5646737,63073978.91735405,0.0001,5.28261360000397,success,,,True,True,-4067317.016677588,4067317.016677588,-6.057847052392094,6.057847052392094,-0.06057847052392094,1.9
42,20260858,short_emerging_no_break,constant,short,emerging,False,none,regularized_poisson,gross,1708997909.287126,138936170.3538267,1847934079.6409526,151155785.05223516,0.001,1.436150399997132,success,,,True,True,12219614.698408455,12219614.698408455,8.795128487627766,8.795128487627766,0.08795128487627765,
42,20260858,short_emerging_no_break,constant,short,emerging,False,none,regularized_poisson,ceded,358055028.32080686,81418024.02154228,439473052.3423492,86149098.02665962,0.0001,1.2344866999992519,success,,,True,True,4731074.005117342,4731074.005117342,5.810843559486967,5.810843559486967,0.058108435594869674,
42,20260858,short_emerging_no_break,constant,short,emerging,False,none,regularized_tweedie,gross,1708997909.287126,138936170.3538267,1847934079.6409526,150773438.6726267,0.0001,5.798579100002826,success,,,True,True,11837268.318800002,11837268.318800002,8.51993277823493,8.51993277823493,0.0851993277823493,1.1
42,20260858,short_emerging_no_break,constant,short,emerging,False,none,regularized_tweedie,ceded,358055028.32080686,81418024.02154228,439473052.3423492,85660671.51122677,0.0001,5.447992499997781,success,,,True,True,4242647.489684492,4242647.489684492,5.210943818240954,5.210943818240954,0.05210943818240954,1.1
42,20260858,short_shock_no_break,constant,short,shock,False,none,regularized_poisson,gross,1736542830.5098472,155759929.40357077,1892302759.913418,175204974.32123286,0.0001,1.4357470999966608,success,,,True,True,19445044.917662084,19445044.917662084,12.483984162114233,12.483984162114233,0.12483984162114233,
42,20260858,short_shock_no_break,constant,short,shock,False,none,regularized_poisson,ceded,372734281.528491,100744920.0350441,473479201.5635351,105970866.99902086,0.0001,1.2343228999961866,success,,,True,True,5225946.963976756,5225946.963976756,5.187305684652795,5.187305684652795,0.05187305684652795,
42,20260858,short_shock_no_break,constant,short,shock,False,none,regularized_tweedie,gross,1736542830.5098472,155759929.40357077,1892302759.913418,174206027.74760258,0.0001,5.8942482999991626,success,,,True,True,18446098.34403181,18446098.34403181,11.84264683135439,11.84264683135439,0.1184264683135439,1.1
42,20260858,short_shock_no_break,constant,short,shock,False,none,regularized_tweedie,ceded,372734281.528491,100744920.0350441,473479201.5635351,105567012.57822719,0.0001,5.34629870000208,success,,,True,True,4822092.543183088,4822092.543183088,4.786437411936725,4.786437411936725,0.04786437411936725,1.1
42,20260858,long_stable_no_break,constant,long,stable,False,none,regularized_poisson,gross,1257733965.6131942,847163481.6272483,2104897447.2404423,885402489.5449173,0.001,1.5547671999956947,success,,,True,True,38239007.91766906,38239007.91766906,4.513769626166938,4.513769626166938,0.04513769626166938,
42,20260858,long_stable_no_break,constant,long,stable,False,none,regularized_poisson,ceded,218132371.98481292,360547450.55849314,578679822.543306,367661010.6381341,0.01,1.3699890000061714,success,,,True,True,7113560.079640985,7113560.079640985,1.9729885951549453,1.9729885951549453,0.019729885951549453,
42,20260858,long_stable_no_break,constant,long,stable,False,none,regularized_tweedie,gross,1257733965.6131942,847163481.6272483,2104897447.2404423,891562445.2603974,0.0001,6.376605400000699,success,,,True,True,44398963.63314915,44398963.63314915,5.240896780379005,5.240896780379005,0.052408967803790056,1.9
42,20260858,long_stable_no_break,constant,long,stable,False,none,regularized_tweedie,ceded,218132371.98481292,360547450.55849314,578679822.543306,384743244.8496597,0.1,6.22738379999646,success,,,True,True,24195794.291166544,24195794.291166544,6.710848808856341,6.710848808856341,0.06710848808856341,1.1
42,20260858,long_emerging_no_break,constant,long,emerging,False,none,regularized_poisson,gross,1287209943.1762266,986247475.7602297,2273457418.9364567,916745814.0172107,0.01,1.7446822999991127,success,,,True,True,-69501661.74301898,69501661.74301898,-7.047081331127868,7.047081331127868,-0.07047081331127868,
42,20260858,long_emerging_no_break,constant,long,emerging,False,none,regularized_poisson,ceded,227824699.73086935,474560924.9910196,702385624.721889,501153626.5560299,0.01,1.4893278000017744,success,,,True,True,26592701.56501031,26592701.56501031,5.603643318402908,5.603643318402908,0.05603643318402909,
42,20260858,long_emerging_no_break,constant,long,emerging,False,none,regularized_tweedie,gross,1287209943.1762266,986247475.7602297,2273457418.9364567,957223538.8433293,0.001,6.9653439999965485,success,,,True,True,-29023936.916900396,29023936.916900396,-2.9428655211033985,2.9428655211033985,-0.029428655211033983,1.5
42,20260858,long_emerging_no_break,constant,long,emerging,False,none,regularized_tweedie,ceded,227824699.73086935,474560924.9910196,702385624.721889,524925277.81906474,0.1,6.708232500001031,success,,,True,True,50364352.82804513,50364352.82804513,10.612831814797689,10.612831814797689,0.1061283181479769,1.1
42,20260858,long_shock_no_break,constant,long,shock,False,none,regularized_poisson,gross,1312792686.7634604,1110285123.427882,2423077810.1913424,1109091433.5166118,0.01,1.7066657000032137,success,,,True,True,-1193689.9112701416,1193689.9112701416,-0.1075120152546723,0.1075120152546723,-0.001075120152546723,
42,20260858,long_shock_no_break,constant,long,shock,False,none,regularized_poisson,ceded,236032390.53896675,573216126.4132847,809248516.9522514,585066535.5715759,0.01,1.4445569999952568,success,,,True,True,11850409.15829122,11850409.15829122,2.067354460601334,2.067354460601334,0.02067354460601334,
42,20260858,long_shock_no_break,constant,long,shock,False,none,regularized_tweedie,gross,1312792686.7634604,1110285123.427882,2423077810.1913424,1157708214.079875,0.001,6.922435799999221,success,,,True,True,47423090.651993036,47423090.651993036,4.271253361080757,4.271253361080757,0.04271253361080757,1.3
42,20260858,long_shock_no_break,constant,long,shock,False,none,regularized_tweedie,ceded,236032390.53896675,573216126.4132847,809248516.9522514,602502579.6976159,0.1,6.762018100002024,success,,,True,True,29286453.284331203,29286453.284331203,5.109146783357571,5.109146783357571,0.05109146783357571,1.1
42,20260858,long_stable_break,constant,long,stable,True,none,regularized_poisson,gross,1381351907.1989136,666449220.282101,2047801127.4810143,1093726164.4175763,0.001,1.6515692999964813,success,,,True,True,427276944.1354753,427276944.1354753,64.11245315203661,64.11245315203661,0.6411245315203661,
42,20260858,long_stable_break,constant,long,stable,True,none,regularized_poisson,ceded,253616705.3399506,286086171.4392781,539702876.7792288,510684054.92575026,0.01,1.44017470000108,success,,,True,True,224597883.48647213,224597883.48647213,78.5070744092722,78.5070744092722,0.785070744092722,
42,20260858,long_stable_break,constant,long,stable,True,none,regularized_tweedie,gross,1381351907.1989136,666449220.282101,2047801127.4810143,1132166955.2537243,0.001,6.638073299996904,success,,,True,True,465717734.9716233,465717734.9716233,69.88045312356878,69.88045312356878,0.6988045312356879,1.9
42,20260858,long_stable_break,constant,long,stable,True,none,regularized_tweedie,ceded,253616705.3399506,286086171.4392781,539702876.7792288,500482011.8509892,0.1,6.417533399995591,success,,,True,True,214395840.4117111,214395840.4117111,74.94100093447427,74.94100093447427,0.7494100093447428,1.1
42,20260858,long_emerging_break,constant,long,emerging,True,none,regularized_poisson,gross,1415955653.3596005,760742684.7051454,2176698338.0647464,1170659696.2863693,0.01,1.8964050999929896,success,,,True,True,409917011.58122396,409917011.58122396,53.88379274920045,53.88379274920045,0.5388379274920045,
42,20260858,long_emerging_break,constant,long,emerging,True,none,regularized_poisson,ceded,267155652.35912377,365620897.7543769,632776550.1135006,728490753.2786517,0.01,1.635479899996426,success,,,True,True,362869855.5242748,362869855.5242748,99.2475697513466,99.2475697513466,0.992475697513466,
42,20260858,long_emerging_break,constant,long,emerging,True,none,regularized_tweedie,gross,1415955653.3596005,760742684.7051454,2176698338.0647464,1160383169.98556,0.001,7.428581899999699,success,,,True,True,399640485.2804146,399640485.2804146,52.53293831347329,52.53293831347329,0.5253293831347329,1.7
42,20260858,long_emerging_break,constant,long,emerging,True,none,regularized_tweedie,ceded,267155652.35912377,365620897.7543769,632776550.1135006,702311890.21794,0.1,7.166204900000594,success,,,True,True,336690992.4635631,336690992.4635631,92.08745849362012,92.08745849362012,0.9208745849362012,1.1
42,20260858,long_shock_break,constant,long,shock,True,none,regularized_poisson,gross,1446060482.054326,855730060.6889951,2301790542.7433214,1412445039.1684792,0.01,1.875337400000717,success,,,True,True,556714978.4794841,556714978.4794841,65.05731235282799,65.05731235282799,0.6505731235282799,
42,20260858,long_shock_break,constant,long,shock,True,none,regularized_poisson,ceded,279010447.12856674,444967640.80671847,723978087.9352853,860507012.630538,0.01,1.6019029000017326,success,,,True,True,415539371.8238195,415539371.8238195,93.38642492529434,93.38642492529434,0.9338642492529434,
42,20260858,long_shock_break,constant,long,shock,True,none,regularized_tweedie,gross,1446060482.054326,855730060.6889951,2301790542.7433214,1502445876.236846,0.0001,7.304076799999166,success,,,True,True,646715815.5478508,646715815.5478508,75.5747455017701,75.5747455017701,0.7557474550177009,1.9
42,20260858,long_shock_break,constant,long,shock,True,none,regularized_tweedie,ceded,279010447.12856674,444967640.80671847,723978087.9352853,845197893.9509981,0.1,7.075789599999553,success,,,True,True,400230253.1442796,400230253.1442796,89.94592335268902,89.94592335268902,0.8994592335268903,1.1
43,20260859,short_stable_no_break,constant,short,stable,False,none,regularized_poisson,gross,1583334694.3387604,121067304.32348245,1704401998.662243,119533178.79913503,0.0001,1.344746100003249,success,,,True,True,-1534125.5243474245,1534125.5243474245,-1.2671674924291367,1.2671674924291367,-0.012671674924291368,
43,20260859,short_stable_no_break,constant,short,stable,False,none,regularized_poisson,ceded,308225846.9115249,65576553.60604402,373802400.5175688,63957589.04409185,0.0001,1.2199863999994704,success,,,True,True,-1618964.5619521663,1618964.5619521663,-2.4688161742659047,2.4688161742659047,-0.02468816174265905,
43,20260859,short_stable_no_break,constant,short,stable,False,none,regularized_tweedie,gross,1583334694.3387604,121067304.32348245,1704401998.662243,118788204.5996105,0.0001,5.63226179999765,success,,,True,True,-2279099.7238719612,2279099.7238719612,-1.8825063766038628,1.8825063766038628,-0.018825063766038628,1.1
43,20260859,short_stable_no_break,constant,short,stable,False,none,regularized_tweedie,ceded,308225846.9115249,65576553.60604402,373802400.5175688,62639216.31429207,0.0001,5.232978699998057,success,,,True,True,-2937337.2917519435,2937337.2917519435,-4.479249259420088,4.479249259420088,-0.04479249259420088,1.1
43,20260859,short_emerging_no_break,constant,short,emerging,False,none,regularized_poisson,gross,1614511360.4007688,134334242.06847864,1748845602.469247,175812746.53887925,0.001,1.419823300006101,success,,,True,True,41478504.4704006,41478504.4704006,30.8770897365516,30.8770897365516,0.308770897365516,
43,20260859,short_emerging_no_break,constant,short,emerging,False,none,regularized_poisson,ceded,326653921.35270166,80545010.80252193,407198932.15522355,115123539.59749976,0.001,1.234849899999972,success,,,True,True,34578528.79497783,34578528.79497783,42.93068987197299,42.93068987197299,0.4293068987197299,
43,20260859,short_emerging_no_break,constant,short,emerging,False,none,regularized_tweedie,gross,1614511360.4007688,134334242.06847864,1748845602.469247,177444976.8909566,0.0001,5.779291999999259,success,,,True,True,43110734.82247797,43110734.82247797,32.0921413324398,32.0921413324398,0.320921413324398,1.3
43,20260859,short_emerging_no_break,constant,short,emerging,False,none,regularized_tweedie,ceded,326653921.35270166,80545010.80252193,407198932.15522355,113765209.7516048,0.0001,5.371930900000734,success,,,True,True,33220198.949082866,33220198.949082866,41.24426655119738,41.24426655119738,0.4124426655119738,1.7
43,20260859,short_shock_no_break,constant,short,shock,False,none,regularized_poisson,gross,1641676617.1504252,150579036.84899837,1792255653.9994235,184051990.11194208,0.01,1.4227301999999327,success,,,True,True,33472953.262943715,33472953.262943715,22.22949087960405,22.22949087960405,0.2222949087960405,
43,20260859,short_shock_no_break,constant,short,shock,False,none,regularized_poisson,ceded,342603546.7615547,101253622.25781557,443857169.0193703,123574679.75701728,0.01,1.2434210999999777,success,,,True,True,22321057.499201715,22321057.499201715,22.044700230444146,22.044700230444146,0.22044700230444148,
43,20260859,short_shock_no_break,constant,short,shock,False,none,regularized_tweedie,gross,1641676617.1504252,150579036.84899837,1792255653.9994235,181670907.66142032,0.01,5.688194600006682,success,,,True,True,31091870.812421948,31091870.812421948,20.64820672455295,20.64820672455295,0.2064820672455295,1.1
43,20260859,short_shock_no_break,constant,short,shock,False,none,regularized_tweedie,ceded,342603546.7615547,101253622.25781557,443857169.0193703,120518569.28476904,0.001,5.3621611000053235,success,,,True,True,19264947.026953474,19264947.026953474,19.026427496984137,19.026427496984137,0.19026427496984138,1.7
43,20260859,long_stable_no_break,constant,long,stable,False,none,regularized_poisson,gross,1195869880.7007208,788673834.2569517,1984543714.9576724,724073220.8990335,0.0001,1.5170715000058408,success,,,True,True,-64600613.35791814,64600613.35791814,-8.19104305885608,8.19104305885608,-0.08191043058856079,
43,20260859,long_stable_no_break,constant,long,stable,False,none,regularized_poisson,ceded,184496272.5466939,358094696.74800676,542590969.2947006,262761477.18297264,0.1,1.3116019000008237,success,,,True,True,-95333219.56503412,95333219.56503412,-26.622348901223923,26.622348901223923,-0.26622348901223924,
43,20260859,long_stable_no_break,constant,long,stable,False,none,regularized_tweedie,gross,1195869880.7007208,788673834.2569517,1984543714.9576724,719897658.3716929,0.0001,6.207193299997016,success,,,True,True,-68776175.8852588,68776175.8852588,-8.720484045227163,8.720484045227163,-0.08720484045227163,1.9
43,20260859,long_stable_no_break,constant,long,stable,False,none,regularized_tweedie,ceded,184496272.5466939,358094696.74800676,542590969.2947006,264071423.43123594,0.1,6.0347374999983,success,,,True,True,-94023273.31677082,94023273.31677082,-26.25653889058724,26.25653889058724,-0.2625653889058724,1.1
43,20260859,long_emerging_no_break,constant,long,emerging,False,none,regularized_poisson,gross,1222513440.4183822,918916423.9708107,2141429864.389193,785047963.6674739,0.01,1.675393499994243,success,,,True,True,-133868460.30333674,133868460.30333674,-14.568077880778969,14.568077880778969,-0.14568077880778968,
43,20260859,long_emerging_no_break,constant,long,emerging,False,none,regularized_poisson,ceded,192569591.94516844,474862628.7575,667432220.7026684,361484488.50954884,0.1,1.4446673999991617,success,,,True,True,-113378140.24795115,113378140.24795115,-23.8759871554033,23.8759871554033,-0.238759871554033,
43,20260859,long_emerging_no_break,constant,long,emerging,False,none,regularized_tweedie,gross,1222513440.4183822,918916423.9708107,2141429864.389193,710754999.760564,0.001,6.685906700004125,success,,,True,True,-208161424.21024668,208161424.21024668,-22.65292237467495,22.65292237467495,-0.2265292237467495,1.9
43,20260859,long_emerging_no_break,constant,long,emerging,False,none,regularized_tweedie,ceded,192569591.94516844,474862628.7575,667432220.7026684,364291900.03468585,0.1,6.51085449999664,success,,,True,True,-110570728.72281414,110570728.72281414,-23.284782172083656,23.284782172083656,-0.23284782172083654,1.1
43,20260859,long_shock_no_break,constant,long,shock,False,none,regularized_poisson,gross,1246044137.3971674,1034493764.3754232,2280537901.772591,1052872995.74223,0.001,1.7096858000004431,success,,,True,True,18379231.366806865,18379231.366806865,1.7766401306346535,1.7766401306346535,0.017766401306346536,
43,20260859,long_shock_no_break,constant,long,shock,False,none,regularized_poisson,ceded,199661404.02006716,575741925.04194,775403329.0620071,426011310.53452873,0.1,1.4259979000053136,success,,,True,True,-149730614.50741124,149730614.50741124,-26.00655050377026,26.00655050377026,-0.2600655050377026,
43,20260859,long_shock_no_break,constant,long,shock,False,none,regularized_tweedie,gross,1246044137.3971674,1034493764.3754232,2280537901.772591,973485126.6438644,0.0001,6.677727700000105,success,,,True,True,-61008637.7315588,61008637.7315588,-5.897438905143409,5.897438905143409,-0.058974389051434095,1.9
43,20260859,long_shock_no_break,constant,long,shock,False,none,regularized_tweedie,ceded,199661404.02006716,575741925.04194,775403329.0620071,427077386.178613,0.1,6.448614499997348,success,,,True,True,-148664538.86332697,148664538.86332697,-25.821384963844256,25.821384963844256,-0.25821384963844257,1.1
43,20260859,long_stable_break,constant,long,stable,True,none,regularized_poisson,gross,1310513022.378449,620191074.6254302,1930704097.0038788,945075167.6655463,0.0001,1.667867700001807,success,,,True,True,324884093.0401161,324884093.0401161,52.38451605198166,52.38451605198166,0.5238451605198167,
43,20260859,long_stable_break,constant,long,stable,True,none,regularized_poisson,ceded,221705245.09184572,279696329.06412506,501401574.15597075,471502514.93517244,0.1,1.3590932000006433,success,,,True,True,191806185.87104738,191806185.87104738,68.5765832225394,68.5765832225394,0.685765832225394,
43,20260859,long_stable_break,constant,long,stable,True,none,regularized_tweedie,gross,1310513022.378449,620191074.6254302,1930704097.0038788,937702654.9745314,0.0001,6.500362999999197,success,,,True,True,317511580.3491012,317511580.3491012,51.195767456161,51.195767456161,0.51195767456161,1.1
43,20260859,long_stable_break,constant,long,stable,True,none,regularized_tweedie,ceded,221705245.09184572,279696329.06412506,501401574.15597075,461247436.7834682,0.1,6.233029000002716,success,,,True,True,181551107.71934313,181551107.71934313,64.9100788440164,64.9100788440164,0.649100788440164,1.1
43,20260859,long_emerging_break,constant,long,emerging,True,none,regularized_poisson,gross,1341966844.1141706,708200244.9624375,2050167089.0766077,1047986192.989948,0.01,1.82085989999905,success,,,True,True,339785948.0275105,339785948.0275105,47.97879560822978,47.97879560822978,0.4797879560822978,
43,20260859,long_emerging_break,constant,long,emerging,True,none,regularized_poisson,ceded,234298260.44717127,361095337.33123547,595393597.7784066,690677954.669216,0.1,1.4580133000054047,success,,,True,True,329582617.33798057,329582617.33798057,91.27301941194881,91.27301941194881,0.9127301941194881,
43,20260859,long_emerging_break,constant,long,emerging,True,none,regularized_tweedie,gross,1341966844.1141706,708200244.9624375,2050167089.0766077,932216337.0763997,0.001,7.074251999998523,success,,,True,True,224016092.11396217,224016092.11396217,31.631744511164893,31.631744511164893,0.31631744511164894,1.7
43,20260859,long_emerging_break,constant,long,emerging,True,none,regularized_tweedie,ceded,234298260.44717127,361095337.33123547,595393597.7784066,671531031.804272,0.1,6.7142709999970975,success,,,True,True,310435694.4730366,310435694.4730366,85.97056300072676,85.97056300072676,0.8597056300072675,1.1
43,20260859,long_shock_break,constant,long,shock,True,none,regularized_poisson,gross,1369811785.7178724,796623825.1628985,2166435610.880771,1280292971.7866633,0.01,1.804738400001952,success,,,True,True,483669146.62376475,483669146.62376475,60.71487336257626,60.71487336257626,0.6071487336257626,
43,20260859,long_shock_break,constant,long,shock,True,none,regularized_poisson,ceded,245490595.54839236,441745711.4342898,687236306.9826822,805744595.94433,0.1,1.4636045000006561,success,,,True,True,363998884.51004016,363998884.51004016,82.40009468981239,82.40009468981239,0.8240009468981239,
43,20260859,long_shock_break,constant,long,shock,True,none,regularized_tweedie,gross,1369811785.7178724,796623825.1628985,2166435610.880771,1180669608.780032,0.001,7.0730350999947404,success,,,True,True,384045783.6171334,384045783.6171334,48.20917621169582,48.20917621169582,0.4820917621169582,1.5
43,20260859,long_shock_break,constant,long,shock,True,none,regularized_tweedie,ceded,245490595.54839236,441745711.4342898,687236306.9826822,780896797.02931,0.1,6.6751030000014,success,,,True,True,339151085.5950202,339151085.5950202,76.77518464046692,76.77518464046692,0.7677518464046692,1.1
44,20260860,short_stable_no_break,constant,short,stable,False,none,regularized_poisson,gross,1611442961.9395523,147069367.4822454,1758512329.4217978,128401872.749339,0.001,1.3332328999968013,success,,,True,True,-18667494.732906386,18667494.732906386,-12.6929863454808,12.6929863454808,-0.126929863454808,
44,20260860,short_stable_no_break,constant,short,stable,False,none,regularized_poisson,ceded,285377332.4028701,73696631.7427887,359073964.1456589,63489213.87060313,0.001,1.1870668000046862,success,,,True,True,-10207417.872185573,10207417.872185573,-13.85058941066785,13.85058941066785,-0.1385058941066785,
44,20260860,short_stable_no_break,constant,short,stable,False,none,regularized_tweedie,gross,1611442961.9395523,147069367.4822454,1758512329.4217978,134210432.60180071,0.0001,5.510354400001233,success,,,True,True,-12858934.880444676,12858934.880444676,-8.743448823220811,8.743448823220811,-0.08743448823220812,1.9
44,20260860,short_stable_no_break,constant,short,stable,False,none,regularized_tweedie,ceded,285377332.4028701,73696631.7427887,359073964.1456589,61989712.64151015,0.0001,5.200867100000323,success,,,True,True,-11706919.10127855,11706919.10127855,-15.885283797144616,15.885283797144616,-0.15885283797144617,1.9
44,20260860,short_emerging_no_break,constant,short,emerging,False,none,regularized_poisson,gross,1642004736.933618,163496631.05783105,1805501367.9914489,172975636.80086675,0.001,1.4151926999984425,success,,,True,True,9479005.743035704,9479005.743035704,5.797676491378496,5.797676491378496,0.057976764913784964,
44,20260860,short_emerging_no_break,constant,short,emerging,False,none,regularized_poisson,ceded,302423050.478,89425856.1445056,391848906.62250555,143034139.48678622,0.0001,1.2017673000009381,success,,,True,True,53608283.34228061,53608283.34228061,59.94718491221774,59.94718491221774,0.5994718491221774,
44,20260860,short_emerging_no_break,constant,short,emerging,False,none,regularized_tweedie,gross,1642004736.933618,163496631.05783105,1805501367.9914489,170579818.19937333,0.001,5.722703100000217,success,,,True,True,7083187.141542286,7083187.141542286,4.33231381938192,4.33231381938192,0.043323138193819194,1.1
44,20260860,short_emerging_no_break,constant,short,emerging,False,none,regularized_tweedie,ceded,302423050.478,89425856.1445056,391848906.62250555,136612293.22415584,0.0001,5.324501600000076,success,,,True,True,47186437.07965024,47186437.07965024,52.76598862346974,52.76598862346974,0.5276598862346974,1.7
44,20260860,short_shock_no_break,constant,short,shock,False,none,regularized_poisson,gross,1669438090.0119236,183360483.9781164,1852798573.9900403,194090022.5222466,0.001,1.420277500001248,success,,,True,True,10729538.544130206,10729538.544130206,5.851608978852144,5.851608978852144,0.05851608978852144,
44,20260860,short_shock_no_break,constant,short,shock,False,none,regularized_poisson,ceded,317520267.0277474,109292278.7683586,426812545.796106,153913846.7016403,0.001,1.2068120000039926,success,,,True,True,44621567.933281705,44621567.933281705,40.827740473648326,40.827740473648326,0.4082774047364833,
44,20260860,short_shock_no_break,constant,short,shock,False,none,regularized_tweedie,gross,1669438090.0119236,183360483.9781164,1852798573.9900403,187636554.37494183,0.001,5.726146200002404,success,,,True,True,4276070.396825433,4276070.396825433,2.3320566700378973,2.3320566700378973,0.02332056670037897,1.3
44,20260860,short_shock_no_break,constant,short,shock,False,none,regularized_tweedie,ceded,317520267.0277474,109292278.7683586,426812545.796106,141133907.74995452,0.001,5.388006800007133,success,,,True,True,31841628.98159592,31841628.98159592,29.13438107469898,29.13438107469898,0.2913438107469898,1.9
44,20260860,long_stable_no_break,constant,long,stable,False,none,regularized_poisson,gross,1207151285.8533332,850786106.4820993,2057937392.3354328,742957949.5441637,0.0001,1.5596781999993254,success,,,True,True,-107828156.93793559,107828156.93793559,-12.673944263593157,12.673944263593157,-0.12673944263593157,
44,20260860,long_stable_no_break,constant,long,stable,False,none,regularized_poisson,ceded,169861485.031722,370398801.8839722,540260286.9156942,208581984.78324693,0.1,1.4341913999960525,success,,,True,True,-161816817.1007253,161816817.1007253,-43.687186966499574,43.687186966499574,-0.43687186966499575,
44,20260860,long_stable_no_break,constant,long,stable,False,none,regularized_tweedie,gross,1207151285.8533332,850786106.4820993,2057937392.3354328,744212451.4212335,0.0001,6.3125833999947645,success,,,True,True,-106573655.06086576,106573655.06086576,-12.526492175752061,12.526492175752061,-0.1252649217575206,1.5
44,20260860,long_stable_no_break,constant,long,stable,False,none,regularized_tweedie,ceded,169861485.031722,370398801.8839722,540260286.9156942,208647948.28409314,0.1,6.621302100000321,success,,,True,True,-161750853.5998791,161750853.5998791,-43.669378188363495,43.669378188363495,-0.43669378188363495,1.1
44,20260860,long_emerging_no_break,constant,long,emerging,False,none,regularized_poisson,gross,1234275159.5544894,994076102.3980607,2228351261.9525504,808315987.4459445,0.01,1.772202499996638,success,,,True,True,-185760114.95211613,185760114.95211613,-18.68670964969357,18.68670964969357,-0.1868670964969357,
44,20260860,long_emerging_no_break,constant,long,emerging,False,none,regularized_poisson,ceded,177872215.04596287,493819589.16525805,671691804.211221,297032275.11149985,0.1,1.560570399997232,success,,,True,True,-196787314.0537582,196787314.0537582,-39.850042074354164,39.850042074354164,-0.39850042074354164,
44,20260860,long_emerging_no_break,constant,long,emerging,False,none,regularized_tweedie,gross,1234275159.5544894,994076102.3980607,2228351261.9525504,913115184.5174419,0.001,6.812894000002416,success,,,True,True,-80960917.88061881,80960917.88061881,-8.144338012483415,8.144338012483415,-0.08144338012483415,1.3
44,20260860,long_emerging_no_break,constant,long,emerging,False,none,regularized_tweedie,ceded,177872215.04596287,493819589.16525805,671691804.211221,299359239.4606756,0.1,7.163598600003752,success,,,True,True,-194460349.70458245,194460349.70458245,-39.37882456896739,39.37882456896739,-0.39378824568967385,1.1
44,20260860,long_shock_no_break,constant,long,shock,False,none,regularized_poisson,gross,1257981455.4691412,1119251471.2466414,2377232926.715782,1000098352.9369262,0.01,1.678910700000415,success,,,True,True,-119153118.30971515,119153118.30971515,-10.645786167875247,10.645786167875247,-0.10645786167875247,
44,20260860,long_shock_no_break,constant,long,shock,False,none,regularized_poisson,ceded,184894301.27525622,602022957.4882786,786917258.7635348,360242406.2230933,0.1,1.5015926999985822,success,,,True,True,-241780551.26518536,241780551.26518536,-40.16135070229325,40.16135070229325,-0.40161350702293247,
44,20260860,long_shock_no_break,constant,long,shock,False,none,regularized_tweedie,gross,1257981455.4691412,1119251471.2466414,2377232926.715782,1070172050.278307,0.001,6.697954100003699,success,,,True,True,-49079420.96833444,49079420.96833444,-4.385021796189282,4.385021796189282,-0.04385021796189282,1.1
44,20260860,long_shock_no_break,constant,long,shock,False,none,regularized_tweedie,ceded,184894301.27525622,602022957.4882786,786917258.7635348,362328255.190987,0.1,7.048034699997515,success,,,True,True,-239694702.29729164,239694702.29729164,-39.81487737566196,39.81487737566196,-0.39814877375661956,1.1
44,20260860,long_stable_break,constant,long,stable,True,none,regularized_poisson,gross,1316893072.1567857,685998419.9205058,2002891492.0772915,948659421.952248,0.0001,1.615824699998484,success,,,True,True,262661002.03174222,262661002.03174222,38.288863997992834,38.288863997992834,0.38288863997992834,
44,20260860,long_stable_break,constant,long,stable,True,none,regularized_poisson,ceded,200384605.6619699,299182246.8399219,499566852.50189185,372095724.7579731,0.1,1.461653500002285,success,,,True,True,72913477.91805118,72913477.91805118,24.370923972993523,24.370923972993523,0.24370923972993525,
44,20260860,long_stable_break,constant,long,stable,True,none,regularized_tweedie,gross,1316893072.1567857,685998419.9205058,2002891492.0772915,932693301.0608245,0.0001,6.550352500002191,success,,,True,True,246694881.14031875,246694881.14031875,35.96143576670425,35.96143576670425,0.3596143576670425,1.9
44,20260860,long_stable_break,constant,long,stable,True,none,regularized_tweedie,ceded,200384605.6619699,299182246.8399219,499566852.50189185,367959236.4717977,0.1,6.940104399996926,success,,,True,True,68776989.63187581,68776989.63187581,22.98832579751134,22.98832579751134,0.2298832579751134,1.1
44,20260860,long_emerging_break,constant,long,emerging,True,none,regularized_poisson,gross,1348676528.2640097,785838536.0565786,2134515064.3205886,1062656506.878194,0.01,1.7731701000011526,success,,,True,True,276817970.82161534,276817970.82161534,35.22580760810196,35.22580760810196,0.3522580760810196,
44,20260860,long_emerging_break,constant,long,emerging,True,none,regularized_poisson,ceded,212488746.3546732,385637467.7939311,598126214.1486044,571291315.3399891,0.1,1.606502000002365,success,,,True,True,185653847.54605794,185653847.54605794,48.14206685053325,48.14206685053325,0.48142066850533244,
44,20260860,long_emerging_break,constant,long,emerging,True,none,regularized_tweedie,gross,1348676528.2640097,785838536.0565786,2134515064.3205886,981119853.8696778,0.001,7.2631406000000425,success,,,True,True,195281317.81309915,195281317.81309915,24.850056195136673,24.850056195136673,0.24850056195136672,1.9
44,20260860,long_emerging_break,constant,long,emerging,True,none,regularized_tweedie,ceded,212488746.3546732,385637467.7939311,598126214.1486044,562922456.2061145,0.1,7.544291900005192,success,,,True,True,177284988.4121834,177284988.4121834,45.971930431541274,45.971930431541274,0.45971930431541275,1.1
44,20260860,long_shock_break,constant,long,shock,True,none,regularized_poisson,gross,1376536492.235824,884160408.2422583,2260696900.478082,1288807681.8409455,0.01,1.8783565000048839,success,,,True,True,404647273.5986872,404647273.5986872,45.76627383747481,45.76627383747481,0.45766273837474813,
44,20260860,long_shock_break,constant,long,shock,True,none,regularized_poisson,ceded,223521394.5954271,471451543.60707635,694972938.2025034,722270040.998311,0.1,1.6095273999962956,success,,,True,True,250818497.3912347,250818497.3912347,53.2013312486416,53.2013312486416,0.532013312486416,
44,20260860,long_shock_break,constant,long,shock,True,none,regularized_tweedie,gross,1376536492.235824,884160408.2422583,2260696900.478082,1256197354.0417314,0.001,7.231783899995207,success,,,True,True,372036945.79947305,372036945.79947305,42.07799199458563,42.07799199458563,0.4207799199458563,1.5
44,20260860,long_shock_break,constant,long,shock,True,none,regularized_tweedie,ceded,223521394.5954271,471451543.60707635,694972938.2025034,707886489.1569761,0.1,7.37710170000355,success,,,True,True,236434945.54989976,236434945.54989976,50.15042346471829,50.15042346471829,0.5015042346471829,1.1
45,20260861,short_stable_no_break,constant,short,stable,False,none,regularized_poisson,gross,1710549630.314341,100186367.4636596,1810735997.7780008,126725553.76308522,0.0001,1.3305313000018941,success,,,True,True,26539186.299425617,26539186.299425617,26.48981789768166,26.48981789768166,0.2648981789768166,
45,20260861,short_stable_no_break,constant,short,stable,False,none,regularized_poisson,ceded,341156333.3295826,58034007.127416834,399190340.45699936,55980482.717000015,0.001,1.199165300000459,success,,,True,True,-2053524.4104168192,2053524.4104168192,-3.5384846093915145,3.5384846093915145,-0.035384846093915144,
45,20260861,short_stable_no_break,constant,short,stable,False,none,regularized_tweedie,gross,1710549630.314341,100186367.4636596,1810735997.7780008,132921819.9442794,0.1,5.575243000006594,success,,,True,True,32735452.480619803,32735452.480619803,32.67455773610503,32.67455773610503,0.3267455773610503,1.7
45,20260861,short_stable_no_break,constant,short,stable,False,none,regularized_tweedie,ceded,341156333.3295826,58034007.127416834,399190340.45699936,54424722.9314405,0.01,5.354226700001163,success,,,True,True,-3609284.195976332,3609284.195976332,-6.21925725041173,6.21925725041173,-0.062192572504117305,1.7
45,20260861,short_emerging_no_break,constant,short,emerging,False,none,regularized_poisson,gross,1736375093.7749748,111359418.55829473,1847734512.3332698,108036939.72284882,0.01,1.4286503000039374,success,,,True,True,-3322478.8354459107,3322478.8354459107,-2.983563382837394,2.983563382837394,-0.02983563382837394,
45,20260861,short_emerging_no_break,constant,short,emerging,False,none,regularized_poisson,ceded,355097244.95000386,69213083.93238875,424310328.8823926,52276911.42095719,0.01,1.2372191999966162,success,,,True,True,-16936172.51143156,16936172.51143156,-24.469611161923908,24.469611161923908,-0.24469611161923907,
45,20260861,short_emerging_no_break,constant,short,emerging,False,none,regularized_tweedie,gross,1736375093.7749748,111359418.55829473,1847734512.3332698,107413779.81894761,0.01,5.76215499999671,success,,,True,True,-3945638.739347115,3945638.739347115,-3.5431567355765616,3.5431567355765616,-0.035431567355765616,1.3
45,20260861,short_emerging_no_break,constant,short,emerging,False,none,regularized_tweedie,ceded,355097244.95000386,69213083.93238875,424310328.8823926,52857320.78863765,0.0001,5.450589000000036,success,,,True,True,-16355763.1437511,16355763.1437511,-23.631027855554496,23.631027855554496,-0.23631027855554496,1.1
45,20260861,short_shock_no_break,constant,short,shock,False,none,regularized_poisson,gross,1757441633.793781,124885211.79947071,1882326845.5932517,123288115.51741032,0.01,1.4108475000030012,success,,,True,True,-1597096.2820603848,1597096.2820603848,-1.2788514020578003,1.2788514020578003,-0.012788514020578004,
45,20260861,short_shock_no_break,constant,short,shock,False,none,regularized_poisson,ceded,367410913.61359906,83758652.38629352,451169565.99989253,68751716.87877323,0.001,1.2682397999960813,success,,,True,True,-15006935.507520288,15006935.507520288,-17.916877934363782,17.916877934363782,-0.17916877934363784,
45,20260861,short_shock_no_break,constant,short,shock,False,none,regularized_tweedie,gross,1757441633.793781,124885211.79947071,1882326845.5932517,134981605.6448375,0.001,5.754280299996026,success,,,True,True,10096393.84536679,10096393.84536679,8.084539153906116,8.084539153906116,0.08084539153906116,1.5
45,20260861,short_shock_no_break,constant,short,shock,False,none,regularized_tweedie,ceded,367410913.61359906,83758652.38629352,451169565.99989253,68817290.82507563,0.0001,5.467203500003961,success,,,True,True,-14941361.56121789,14941361.56121789,-17.83858877326318,17.83858877326318,-0.1783858877326318,1.1
45,20260861,long_stable_no_break,constant,long,stable,False,none,regularized_poisson,gross,1350292041.2519982,767129379.2780486,2117421420.5300467,855581199.889051,0.0001,1.5553748000020278,success,,,True,True,88451820.61100233,88451820.61100233,11.530235055558036,11.530235055558036,0.11530235055558036,
45,20260861,long_stable_no_break,constant,long,stable,False,none,regularized_poisson,ceded,242779992.89630613,334276857.95551425,577056850.8518203,427761978.260203,0.1,1.3508490999956848,success,,,True,True,93485120.30468875,93485120.30468875,27.96637520062182,27.96637520062182,0.2796637520062182,
45,20260861,long_stable_no_break,constant,long,stable,False,none,regularized_tweedie,gross,1350292041.2519982,767129379.2780486,2117421420.5300467,819562370.3964788,0.01,6.305459300005168,success,,,True,True,52432991.11843014,52432991.11843014,6.834960638292229,6.834960638292229,0.0683496063829223,1.9
45,20260861,long_stable_no_break,constant,long,stable,False,none,regularized_tweedie,ceded,242779992.89630613,334276857.95551425,577056850.8518203,428703150.9440921,0.1,6.247944800001278,success,,,True,True,94426292.98857784,94426292.98857784,28.247930044006857,28.247930044006857,0.2824793004400686,1.1
45,20260861,long_emerging_no_break,constant,long,emerging,False,none,regularized_poisson,gross,1379488072.784252,892605780.5206447,2272093853.3048973,829187708.2968512,0.01,1.7120161000057124,success,,,True,True,-63418072.22379351,63418072.22379351,-7.104824280524221,7.104824280524221,-0.07104824280524222,
45,20260861,long_emerging_no_break,constant,long,emerging,False,none,regularized_poisson,ceded,252931534.45574477,438947693.55025476,691879228.0059994,570396794.6967099,0.1,1.447785100004694,success,,,True,True,131449101.14645511,131449101.14645511,29.946415729692315,29.946415729692315,0.29946415729692316,
45,20260861,long_emerging_no_break,constant,long,emerging,False,none,regularized_tweedie,gross,1379488072.784252,892605780.5206447,2272093853.3048973,766991282.011173,0.001,6.831773999998404,success,,,True,True,-125614498.50947165,125614498.50947165,-14.072785685546698,14.072785685546698,-0.140727856855467,1.9
45,20260861,long_emerging_no_break,constant,long,emerging,False,none,regularized_tweedie,ceded,252931534.45574477,438947693.55025476,691879228.0059994,574250968.8874509,0.1,6.679232300004514,success,,,True,True,135303275.33719617,135303275.33719617,30.82446435538803,30.82446435538803,0.3082446435538803,1.1
45,20260861,long_shock_no_break,constant,long,shock,False,none,regularized_poisson,gross,1403912429.433808,1004854902.0327575,2408767331.466565,973841488.19372,0.01,1.6642874000026495,success,,,True,True,-31013413.839037538,31013413.839037538,-3.086357420986789,3.086357420986789,-0.030863574209867888,
45,20260861,long_shock_no_break,constant,long,shock,False,none,regularized_poisson,ceded,261354642.92559406,530862191.2236451,792216834.1492392,628431758.9777071,0.1,1.4447511000034865,success,,,True,True,97569567.75406206,97569567.75406206,18.379453155095256,18.379453155095256,0.18379453155095257,
45,20260861,long_shock_no_break,constant,long,shock,False,none,regularized_tweedie,gross,1403912429.433808,1004854902.0327575,2408767331.466565,1006953452.8949517,0.0001,6.753865799997584,success,,,True,True,2098550.8621941805,2098550.8621941805,0.20884118273682556,0.20884118273682556,0.0020884118273682556,1.9
45,20260861,long_shock_no_break,constant,long,shock,False,none,regularized_tweedie,ceded,261354642.92559406,530862191.2236451,792216834.1492392,630749988.5257314,0.1,6.603904700001294,success,,,True,True,99887797.30208635,99887797.30208635,18.81614455756277,18.81614455756277,0.1881614455756277,1.1
45,20260861,long_stable_break,constant,long,stable,True,none,regularized_poisson,gross,1472400860.9717574,590828088.6831056,2063228949.6548629,921659335.3076633,0.0001,1.6979234000027645,success,,,True,True,330831246.62455773,330831246.62455773,55.994502116841836,55.994502116841836,0.5599450211684184,
45,20260861,long_stable_break,constant,long,stable,True,none,regularized_poisson,ceded,282816249.71687794,256522651.401729,539338901.1186068,555713318.2788973,0.1,1.4208620999997947,success,,,True,True,299190666.8771683,299190666.8771683,116.63323501542122,116.63323501542122,1.1663323501542122,
45,20260861,long_stable_break,constant,long,stable,True,none,regularized_tweedie,gross,1472400860.9717574,590828088.6831056,2063228949.6548629,900876931.8951633,0.01,6.537472099997103,success,,,True,True,310048843.2120577,310048843.2120577,52.47699781896361,52.47699781896361,0.5247699781896361,1.9
45,20260861,long_stable_break,constant,long,stable,True,none,regularized_tweedie,ceded,282816249.71687794,256522651.401729,539338901.1186068,549357350.0003811,0.1,6.328543100004026,success,,,True,True,292834698.5986521,292834698.5986521,114.1554934811805,114.1554934811805,1.141554934811805,1.1
45,20260861,long_emerging_break,constant,long,emerging,True,none,regularized_poisson,gross,1506058175.2744732,674736006.6359785,2180794181.910452,946501829.0018569,0.01,1.823817999997118,success,,,True,True,271765822.36587846,271765822.36587846,40.27735583888837,40.27735583888837,0.4027735583888837,
45,20260861,long_emerging_break,constant,long,emerging,True,none,regularized_poisson,ceded,296871161.51876533,326853781.3478096,623724942.8665749,739321388.0030975,0.1,1.5413735000038287,success,,,True,True,412467606.6552879,412467606.6552879,126.19331034031254,126.19331034031254,1.2619331034031254,
45,20260861,long_emerging_break,constant,long,emerging,True,none,regularized_tweedie,gross,1506058175.2744732,674736006.6359785,2180794181.910452,876346886.3740559,0.001,7.255561199999647,success,,,True,True,201610879.7380774,201610879.7380774,29.879964572106633,29.879964572106633,0.2987996457210663,1.9
45,20260861,long_emerging_break,constant,long,emerging,True,none,regularized_tweedie,ceded,296871161.51876533,326853781.3478096,623724942.8665749,729208801.76175,0.1,6.853766600004747,success,,,True,True,402355020.41394037,402355020.41394037,123.09939287065761,123.09939287065761,1.230993928706576,1.1
45,20260861,long_shock_break,constant,long,shock,True,none,regularized_poisson,gross,1534017273.3330984,758982085.7695277,2292999359.102626,1120762532.756345,0.01,1.8255643000011332,success,,,True,True,361780446.98681736,361780446.98681736,47.66653308029137,47.66653308029137,0.47666533080291373,
45,20260861,long_shock_break,constant,long,shock,True,none,regularized_poisson,ceded,308521784.10859555,398276787.6761124,706798571.7847079,825483024.1515028,0.1,1.5410454000011669,success,,,True,True,427206236.47539043,427206236.47539043,107.26365424610287,107.26365424610287,1.0726365424610287,
45,20260861,long_shock_break,constant,long,shock,True,none,regularized_tweedie,gross,1534017273.3330984,758982085.7695277,2292999359.102626,1116510161.7928915,0.0001,7.2395873999994365,success,,,True,True,357528076.0233638,357528076.0233638,47.106260177520284,47.106260177520284,0.4710626017752028,1.9
45,20260861,long_shock_break,constant,long,shock,True,none,regularized_tweedie,ceded,308521784.10859555,398276787.6761124,706798571.7847079,817164076.5851846,0.01,6.837860799998452,success,,,True,True,418887288.90907216,418887288.90907216,105.17491901881077,105.17491901881077,1.0517491901881078,1.1
46,20260862,short_stable_no_break,constant,short,stable,False,none,regularized_poisson,gross,1640482971.3500764,127471667.13252124,1767954638.4825978,122289679.39848533,0.0001,1.3338530999972136,success,,,True,True,-5181987.734035909,5181987.734035909,-4.065207469710619,4.065207469710619,-0.04065207469710619,
46,20260862,short_stable_no_break,constant,short,stable,False,none,regularized_poisson,ceded,316374218.4140265,52398991.278506756,368773209.6925333,75170078.31861567,0.001,1.1863741999986814,success,,,True,True,22771087.04010892,22771087.04010892,43.45710954449091,43.45710954449091,0.43457109544490913,
46,20260862,short_stable_no_break,constant,short,stable,False,none,regularized_tweedie,gross,1640482971.3500764,127471667.13252124,1767954638.4825978,116998229.80988786,0.01,5.524619999996503,success,,,True,True,-10473437.322633386,10473437.322633386,-8.216286456617109,8.216286456617109,-0.08216286456617108,1.9
46,20260862,short_stable_no_break,constant,short,stable,False,none,regularized_tweedie,ceded,316374218.4140265,52398991.278506756,368773209.6925333,75855410.56317696,0.01,5.21316740000475,success,,,True,True,23456419.284670204,23456419.284670204,44.76502068522006,44.76502068522006,0.4476502068522006,1.3
46,20260862,short_emerging_no_break,constant,short,emerging,False,none,regularized_poisson,gross,1668238587.0837386,141738776.99498373,1809977364.0787227,141605069.29875267,0.0001,1.381355400000757,success,,,True,True,-133707.69623106718,133707.69623106718,-0.09433388594555124,0.09433388594555124,-0.0009433388594555125,
46,20260862,short_emerging_no_break,constant,short,emerging,False,none,regularized_poisson,ceded,330634191.57667595,67227742.86518183,397861934.44185776,94491817.02895898,0.001,1.2497781999991275,success,,,True,True,27264074.163777143,27264074.163777143,40.5547962817261,40.5547962817261,0.40554796281726097,
46,20260862,short_emerging_no_break,constant,short,emerging,False,none,regularized_tweedie,gross,1668238587.0837386,141738776.99498373,1809977364.0787227,137308339.20916218,0.0001,5.754782600000908,success,,,True,True,-4430437.785821557,4430437.785821557,-3.1257767844140174,3.1257767844140174,-0.03125776784414017,1.3
46,20260862,short_emerging_no_break,constant,short,emerging,False,none,regularized_tweedie,ceded,330634191.57667595,67227742.86518183,397861934.44185776,95184893.7176775,0.0001,5.377537299995311,success,,,True,True,27957150.85249567,27957150.85249567,41.58573478892605,41.58573478892605,0.4158573478892605,1.1
46,20260862,short_shock_no_break,constant,short,shock,False,none,regularized_poisson,gross,1693286935.5559227,158972321.05648673,1852259256.6124096,167075854.94093248,0.0001,1.3987464000019827,success,,,True,True,8103533.884445757,8103533.884445757,5.097449562660896,5.097449562660896,0.050974495626608954,
46,20260862,short_shock_no_break,constant,short,shock,False,none,regularized_poisson,ceded,343007162.8051442,86282794.7088791,429289957.5140233,112083828.88108835,0.001,1.2207802000048105,success,,,True,True,25801034.172209248,25801034.172209248,29.902872593849978,29.902872593849978,0.2990287259384998,
46,20260862,short_shock_no_break,constant,short,shock,False,none,regularized_tweedie,gross,1693286935.5559227,158972321.05648673,1852259256.6124096,161730996.78014362,0.0001,5.692530499996792,success,,,True,True,2758675.723656893,2758675.723656893,1.7353182650435532,1.7353182650435532,0.017353182650435534,1.3
46,20260862,short_shock_no_break,constant,short,shock,False,none,regularized_tweedie,ceded,343007162.8051442,86282794.7088791,429289957.5140233,108075484.5782925,0.001,5.484428800002206,success,,,True,True,21792689.869413406,21792689.869413406,25.257283265965867,25.257283265965867,0.2525728326596587,1.3
46,20260862,long_stable_no_break,constant,long,stable,False,none,regularized_poisson,gross,1282620781.149201,780256848.3780754,2062877629.5272763,771763402.0296799,0.0001,1.6129321000044001,success,,,True,True,-8493446.348395467,8493446.348395467,-1.08854492800042,1.08854492800042,-0.0108854492800042,
46,20260862,long_stable_no_break,constant,long,stable,False,none,regularized_poisson,ceded,196347305.4651174,346477413.3494035,542824718.8145208,392650327.8544784,0.01,1.6407607000001008,success,,,True,True,46172914.50507492,46172914.50507492,13.32638513394582,13.32638513394582,0.1332638513394582,
46,20260862,long_stable_no_break,constant,long,stable,False,none,regularized_tweedie,gross,1282620781.149201,780256848.3780754,2062877629.5272763,773792072.0459523,0.0001,6.54064689999359,success,,,True,True,-6464776.332123041,6464776.332123041,-0.8285446446976288,0.8285446446976288,-0.008285446446976288,1.1
46,20260862,long_stable_no_break,constant,long,stable,False,none,regularized_tweedie,ceded,196347305.4651174,346477413.3494035,542824718.8145208,406969137.27542245,0.1,6.530545399997209,success,,,True,True,60491723.92601895,60491723.92601895,17.459067054687445,17.459067054687445,0.17459067054687447,1.1
46,20260862,long_emerging_no_break,constant,long,emerging,False,none,regularized_poisson,gross,1309776484.8176923,910365707.2006652,2220142192.0183578,804429130.3438061,0.0001,1.7723961000010604,success,,,True,True,-105936576.85685909,105936576.85685909,-11.636705558979086,11.636705558979086,-0.11636705558979087,
46,20260862,long_emerging_no_break,constant,long,emerging,False,none,regularized_poisson,ceded,206069649.48042452,453784607.42143095,659854256.9018555,537914175.9704376,0.01,1.4986702999958652,success,,,True,True,84129568.5490067,84129568.5490067,18.539537739515115,18.539537739515115,0.18539537739515116,
46,20260862,long_emerging_no_break,constant,long,emerging,False,none,regularized_tweedie,gross,1309776484.8176923,910365707.2006652,2220142192.0183578,815357088.3297253,0.0001,6.989086899993708,success,,,True,True,-95008618.87093997,95008618.87093997,-10.436313463859191,10.436313463859191,-0.10436313463859191,1.3
46,20260862,long_emerging_no_break,constant,long,emerging,False,none,regularized_tweedie,ceded,206069649.48042452,453784607.42143095,659854256.9018555,578680714.0405014,0.1,6.9365729999990435,success,,,True,True,124896106.61907041,124896106.61907041,27.523213563539645,27.523213563539645,0.27523213563539645,1.1
46,20260862,long_shock_no_break,constant,long,shock,False,none,regularized_poisson,gross,1333056024.102989,1024945497.8013945,2358001521.904383,961187424.5347106,0.0001,1.7590829999971902,success,,,True,True,-63758073.26668382,63758073.26668382,-6.220630599719785,6.220630599719785,-0.06220630599719785,
46,20260862,long_shock_no_break,constant,long,shock,False,none,regularized_poisson,ceded,214093839.48109493,548516975.5585554,762610815.0396503,595995922.4153136,0.01,1.523118200006138,success,,,True,True,47478946.85675824,47478946.85675824,8.655875564910344,8.655875564910344,0.08655875564910344,
46,20260862,long_shock_no_break,constant,long,shock,False,none,regularized_tweedie,gross,1333056024.102989,1024945497.8013945,2358001521.904383,987725688.3744931,0.0001,6.944310300001234,success,,,True,True,-37219809.42690134,37219809.42690134,-3.6313940113636645,3.6313940113636645,-0.036313940113636645,1.7
46,20260862,long_shock_no_break,constant,long,shock,False,none,regularized_tweedie,ceded,214093839.48109493,548516975.5585554,762610815.0396503,631375280.2565352,0.1,7.009399000002304,success,,,True,True,82858304.69797981,82858304.69797981,15.105877919932217,15.105877919932217,0.15105877919932217,1.1
46,20260862,long_stable_break,constant,long,stable,True,none,regularized_poisson,gross,1390288110.4973583,620386392.4287188,2010674502.926077,926405885.1707091,0.0001,1.6632714000006672,success,,,True,True,306019492.7419903,306019492.7419903,49.327241292957815,49.327241292957815,0.4932724129295782,
46,20260862,long_stable_break,constant,long,stable,True,none,regularized_poisson,ceded,231919406.31332365,271693077.38419163,503612483.69751525,542261768.6231741,0.01,1.5430661999998847,success,,,True,True,270568691.23898244,270568691.23898244,99.58615576221722,99.58615576221722,0.9958615576221722,
46,20260862,long_stable_break,constant,long,stable,True,none,regularized_tweedie,gross,1390288110.4973583,620386392.4287188,2010674502.926077,929910498.2867922,0.0001,6.807299899999634,success,,,True,True,309524105.85807335,309524105.85807335,49.892149414550076,49.892149414550076,0.49892149414550074,1.1
46,20260862,long_stable_break,constant,long,stable,True,none,regularized_tweedie,ceded,231919406.31332365,271693077.38419163,503612483.69751525,537336809.0368966,0.01,6.9222210999942035,success,,,True,True,265643731.65270495,265643731.65270495,97.77346342802377,97.77346342802377,0.9777346342802378,1.1
46,20260862,long_emerging_break,constant,long,emerging,True,none,regularized_poisson,gross,1421634499.3131194,709992671.0915889,2131627170.4047081,942268856.579102,0.0001,1.9735045000052196,success,,,True,True,232276185.48751318,232276185.48751318,32.71529340301452,32.71529340301452,0.3271529340301452,
46,20260862,long_emerging_break,constant,long,emerging,True,none,regularized_poisson,ceded,246236385.92678764,344662403.1959149,590898789.1227025,772936128.8629851,0.01,1.6845929999981308,success,,,True,True,428273725.6670702,428273725.6670702,124.2589042773048,124.2589042773048,1.242589042773048,
46,20260862,long_emerging_break,constant,long,emerging,True,none,regularized_tweedie,gross,1421634499.3131194,709992671.0915889,2131627170.4047081,947759353.644941,0.0001,7.3507274000003235,success,,,True,True,237766682.55335212,237766682.55335212,33.48861083140396,33.48861083140396,0.3348861083140396,1.5
46,20260862,long_emerging_break,constant,long,emerging,True,none,regularized_tweedie,ceded,246236385.92678764,344662403.1959149,590898789.1227025,767837376.6220133,0.01,7.365078499999072,success,,,True,True,423174973.4260984,423174973.4260984,122.77955747484152,122.77955747484152,1.2277955747484153,1.1
46,20260862,long_shock_break,constant,long,shock,True,none,regularized_poisson,gross,1448574993.676218,798768522.9955536,2247343516.6717715,1147901548.30085,0.0001,1.8857684999966295,success,,,True,True,349133025.3052963,349133025.3052963,43.70891131212487,43.70891131212487,0.4370891131212487,
46,20260862,long_shock_break,constant,long,shock,True,none,regularized_poisson,ceded,258566355.01481184,417206528.94205534,675772883.9568672,894274128.7495515,0.01,1.6808517000026768,success,,,True,True,477067599.8074962,477067599.8074962,114.3480666559163,114.3480666559163,1.143480666559163,
46,20260862,long_shock_break,constant,long,shock,True,none,regularized_tweedie,gross,1448574993.676218,798768522.9955536,2247343516.6717715,1159978128.515576,0.0001,7.293096499997773,success,,,True,True,361209605.5200223,361209605.5200223,45.22081117636041,45.22081117636041,0.4522081117636041,1.5
46,20260862,long_shock_break,constant,long,shock,True,none,regularized_tweedie,ceded,258566355.01481184,417206528.94205534,675772883.9568672,889476124.677511,0.01,7.259629300002416,success,,,True,True,472269595.73545563,472269595.73545563,113.19803573856531,113.19803573856531,1.131980357385653,1.1
47,20260863,short_stable_no_break,constant,short,stable,False,none,regularized_poisson,gross,1575998932.84449,114442302.6173637,1690441235.4618537,100062047.76612839,0.001,1.352968500003044,success,,,True,True,-14380254.851235315,14380254.851235315,-12.565506392610349,12.565506392610349,-0.12565506392610348,
47,20260863,short_stable_no_break,constant,short,stable,False,none,regularized_poisson,ceded,288446056.85551494,44983595.74274394,333429652.59825885,41590902.9101325,0.001,1.2606050000031246,success,,,True,True,-3392692.8326114416,3392692.8326114416,-7.542066783664573,7.542066783664573,-0.07542066783664574,
47,20260863,short_stable_no_break,constant,short,stable,False,none,regularized_tweedie,gross,1575998932.84449,114442302.6173637,1690441235.4618537,99855178.19421023,0.0001,5.5031831999949645,success,,,True,True,-14587124.423153475,14587124.423153475,-12.746269595715257,12.746269595715257,-0.12746269595715257,1.1
47,20260863,short_stable_no_break,constant,short,stable,False,none,regularized_tweedie,ceded,288446056.85551494,44983595.74274394,333429652.59825885,43242759.98329103,0.0001,5.34559459999582,success,,,True,True,-1740835.7594529092,1740835.7594529092,-3.8699346521975495,3.8699346521975495,-0.03869934652197549,1.5
47,20260863,short_emerging_no_break,constant,short,emerging,False,none,regularized_poisson,gross,1600777624.2199378,127136519.57788654,1727914143.7978244,118406454.86583087,0.0001,1.436648500006413,success,,,True,True,-8730064.712055668,8730064.712055668,-6.8666853088639455,6.8666853088639455,-0.06866685308863946,
47,20260863,short_emerging_no_break,constant,short,emerging,False,none,regularized_poisson,ceded,300640233.9909214,60094204.61255132,360734438.6034727,59397741.30167957,0.0001,1.2923474999988684,success,,,True,True,-696463.3108717501,696463.3108717501,-1.1589525402026644,1.1589525402026644,-0.011589525402026643,
47,20260863,short_emerging_no_break,constant,short,emerging,False,none,regularized_tweedie,gross,1600777624.2199378,127136519.57788654,1727914143.7978244,116847063.7343336,0.001,5.7982843999998295,success,,,True,True,-10289455.843552932,10289455.843552932,-8.093233854218726,8.093233854218726,-0.08093233854218726,1.1
47,20260863,short_emerging_no_break,constant,short,emerging,False,none,regularized_tweedie,ceded,300640233.9909214,60094204.61255132,360734438.6034727,57515734.48901439,0.001,5.545627100000274,success,,,True,True,-2578470.1235369295,2578470.1235369295,-4.290713455916826,4.290713455916826,-0.04290713455916827,1.7
47,20260863,short_shock_no_break,constant,short,shock,False,none,regularized_poisson,gross,1621989476.6947546,142550111.19503152,1764539587.889786,132286119.01157622,0.0001,1.4371937999967486,success,,,True,True,-10263992.183455303,10263992.183455303,-7.200269503411687,7.200269503411687,-0.07200269503411687,
47,20260863,short_shock_no_break,constant,short,shock,False,none,regularized_poisson,ceded,310191128.892431,80327683.4453013,390518812.3377322,72560398.02929156,0.0001,1.2993793999994523,success,,,True,True,-7767285.416009739,7767285.416009739,-9.669500081250108,9.669500081250108,-0.09669500081250108,
47,20260863,short_shock_no_break,constant,short,shock,False,none,regularized_tweedie,gross,1621989476.6947546,142550111.19503152,1764539587.889786,129730219.57617089,0.001,5.8118780000004335,success,,,True,True,-12819891.618860632,12819891.618860632,-8.993252626313952,8.993252626313952,-0.08993252626313952,1.3
47,20260863,short_shock_no_break,constant,short,shock,False,none,regularized_tweedie,ceded,310191128.892431,80327683.4453013,390518812.3377322,72760928.75839122,0.0001,5.668480399996042,success,,,True,True,-7566754.686910078,7566754.686910078,-9.41985920963676,9.41985920963676,-0.0941985920963676,1.5
47,20260863,long_stable_no_break,constant,long,stable,False,none,regularized_poisson,gross,1259544367.2553902,712355945.2466264,1971900312.5020163,650519068.8143457,0.0001,1.5630918000024394,success,,,True,True,-61836876.43228066,61836876.43228066,-8.680614915184288,8.680614915184288,-0.08680614915184287,
47,20260863,long_stable_no_break,constant,long,stable,False,none,regularized_poisson,ceded,205432403.73799777,292656654.2204359,498089057.9584336,228299580.96921128,0.1,1.4362221999981557,success,,,True,True,-64357073.25122464,64357073.25122464,-21.990640678461855,21.990640678461855,-0.21990640678461856,
47,20260863,long_stable_no_break,constant,long,stable,False,none,regularized_tweedie,gross,1259544367.2553902,712355945.2466264,1971900312.5020163,642059111.0503991,0.0001,6.987830499994743,success,,,True,True,-70296834.19622731,70296834.19622731,-9.868217520370337,9.868217520370337,-0.09868217520370337,1.7
47,20260863,long_stable_no_break,constant,long,stable,False,none,regularized_tweedie,ceded,205432403.73799777,292656654.2204359,498089057.9584336,207715677.87843728,1.0,6.388179300003685,success,,,True,True,-84940976.34199864,84940976.34199864,-29.024105591673678,29.024105591673678,-0.29024105591673677,1.1
47,20260863,long_emerging_no_break,constant,long,emerging,False,none,regularized_poisson,gross,1284926026.2562587,830501611.0156143,2115427637.2718732,648655816.3000754,0.01,1.6690633999969577,success,,,True,True,-181845794.71553886,181845794.71553886,-21.895899093219214,21.895899093219214,-0.21895899093219215,
47,20260863,long_emerging_no_break,constant,long,emerging,False,none,regularized_poisson,ceded,213519174.6764711,399791703.5359767,613310878.2124479,299088848.7203505,0.1,1.5123825999980909,success,,,True,True,-100702854.8156262,100702854.8156262,-25.188830564755353,25.188830564755353,-0.25188830564755355,
47,20260863,long_emerging_no_break,constant,long,emerging,False,none,regularized_tweedie,gross,1284926026.2562587,830501611.0156143,2115427637.2718732,607875452.7393377,0.001,6.80854520000139,success,,,True,True,-222626158.2762766,222626158.2762766,-26.806228347230864,26.806228347230864,-0.26806228347230865,1.7
47,20260863,long_emerging_no_break,constant,long,emerging,False,none,regularized_tweedie,ceded,213519174.6764711,399791703.5359767,613310878.2124479,251939750.2303583,1.0,6.739949599999818,success,,,True,True,-147851953.3056184,147851953.3056184,-36.98224650435083,36.98224650435083,-0.36982246504350835,1.1
47,20260863,long_shock_no_break,constant,long,shock,False,none,regularized_poisson,gross,1306173574.933521,935004338.9855454,2241177913.9190664,779079890.6773924,0.01,1.699016099999426,success,,,True,True,-155924448.30815303,155924448.30815303,-16.676334195125435,16.676334195125435,-0.16676334195125433,
47,20260863,long_shock_no_break,constant,long,shock,False,none,regularized_poisson,ceded,220048368.247523,496091452.87260747,716139821.1201305,342438081.76905537,0.1,1.5450139999957173,success,,,True,True,-153653371.1035521,153653371.1035521,-30.972791450815247,30.972791450815247,-0.30972791450815246,
47,20260863,long_shock_no_break,constant,long,shock,False,none,regularized_tweedie,gross,1306173574.933521,935004338.9855454,2241177913.9190664,793523609.9775939,0.001,6.8121051999987685,success,,,True,True,-141480729.0079515,141480729.0079515,-15.131558550996061,15.131558550996061,-0.1513155855099606,1.3
47,20260863,long_shock_no_break,constant,long,shock,False,none,regularized_tweedie,ceded,220048368.247523,496091452.87260747,716139821.1201305,281498799.5101602,1.0,6.760252299995045,success,,,True,True,-214592653.36244726,214592653.36244726,-43.2566721558803,43.2566721558803,-0.43256672155880305,1.1
47,20260863,long_stable_break,constant,long,stable,True,none,regularized_poisson,gross,1362157082.9668868,561155380.2123573,1923312463.1792436,769356188.1627567,0.0001,1.6298972000004142,success,,,True,True,208200807.9503994,208200807.9503994,37.102167294842694,37.102167294842694,0.371021672948427,
47,20260863,long_stable_break,constant,long,stable,True,none,regularized_poisson,ceded,236428614.2297229,224925177.75972947,461353791.9894524,354658806.8309943,0.1,1.4580862000002526,success,,,True,True,129733629.07126483,129733629.07126483,57.67857132021451,57.67857132021451,0.5767857132021451,
47,20260863,long_stable_break,constant,long,stable,True,none,regularized_tweedie,gross,1362157082.9668868,561155380.2123573,1923312463.1792436,726045016.8761991,0.0001,6.500183299998753,success,,,True,True,164889636.66384184,164889636.66384184,29.383953621088487,29.383953621088487,0.2938395362108849,1.9
47,20260863,long_stable_break,constant,long,stable,True,none,regularized_tweedie,ceded,236428614.2297229,224925177.75972947,461353791.9894524,284593677.6194519,1.0,6.65998249999393,success,,,True,True,59668499.859722406,59668499.859722406,26.528155030941775,26.528155030941775,0.26528155030941775,1.1
47,20260863,long_emerging_break,constant,long,emerging,True,none,regularized_poisson,gross,1391366885.9805894,641971582.1862807,2033338468.16687,796593920.7578429,0.01,1.86600520000502,success,,,True,True,154622338.57156217,154622338.57156217,24.085542547691066,24.085542547691066,0.24085542547691066,
47,20260863,long_emerging_break,constant,long,emerging,True,none,regularized_poisson,ceded,248103732.30536455,298208536.8960704,546312269.201435,480585832.62767184,0.1,1.6566843000036897,success,,,True,True,182377295.73160142,182377295.73160142,61.15763741370097,61.15763741370097,0.6115763741370097,
47,20260863,long_emerging_break,constant,long,emerging,True,none,regularized_tweedie,gross,1391366885.9805894,641971582.1862807,2033338468.16687,674353125.8091792,0.001,7.206138100002136,success,,,True,True,32381543.62289846,32381543.62289846,5.044077420470976,5.044077420470976,0.05044077420470976,1.9
47,20260863,long_emerging_break,constant,long,emerging,True,none,regularized_tweedie,ceded,248103732.30536455,298208536.8960704,546312269.201435,356319256.0783347,1.0,7.192462400002114,success,,,True,True,58110719.18226427,58110719.18226427,19.486604839390168,19.486604839390168,0.19486604839390168,1.1
47,20260863,long_shock_break,constant,long,shock,True,none,regularized_poisson,gross,1415847107.8732576,722215878.1384668,2138062986.011724,955744833.2470027,0.01,1.777142200000526,success,,,True,True,233528955.1085359,233528955.1085359,32.335062434581715,32.335062434581715,0.3233506243458172,
47,20260863,long_shock_break,constant,long,shock,True,none,regularized_poisson,ceded,257286572.55853194,374346090.2077977,631632662.7663296,551173720.8956187,0.1,1.6379583000016282,success,,,True,True,176827630.68782097,176827630.68782097,47.236403775357935,47.236403775357935,0.4723640377535793,
47,20260863,long_shock_break,constant,long,shock,True,none,regularized_tweedie,gross,1415847107.8732576,722215878.1384668,2138062986.011724,840086359.2540876,0.001,7.160779099998763,success,,,True,True,117870481.11562073,117870481.11562073,16.32067151714186,16.32067151714186,0.1632067151714186,1.7
47,20260863,long_shock_break,constant,long,shock,True,none,regularized_tweedie,ceded,257286572.55853194,374346090.2077977,631632662.7663296,408357150.69762397,1.0,7.2127406999934465,success,,,True,True,34011060.48982626,34011060.48982626,9.085458985546472,9.085458985546472,0.09085458985546473,1.1
48,20260864,short_stable_no_break,constant,short,stable,False,none,regularized_poisson,gross,1496624070.607405,115591115.90067059,1612215186.5080755,109056218.92256902,0.001,1.3383200000025681,success,,,True,True,-6534896.978101566,6534896.978101566,-5.653459547632635,5.653459547632635,-0.05653459547632635,
48,20260864,short_stable_no_break,constant,short,stable,False,none,regularized_poisson,ceded,283031638.12714964,58328671.740978256,341360309.86812794,57526479.47348001,0.001,1.1545847000015783,success,,,True,True,-802192.2674982473,802192.2674982473,-1.3752966483800022,1.3752966483800022,-0.013752966483800021,
48,20260864,short_stable_no_break,constant,short,stable,False,none,regularized_tweedie,gross,1496624070.607405,115591115.90067059,1612215186.5080755,108263443.1764696,0.0001,5.538440199998149,success,,,True,True,-7327672.724200994,7327672.724200994,-6.339304424137395,6.339304424137395,-0.06339304424137394,1.1
48,20260864,short_stable_no_break,constant,short,stable,False,none,regularized_tweedie,ceded,283031638.12714964,58328671.740978256,341360309.86812794,57016546.49570377,0.001,5.152070199997979,success,,,True,True,-1312125.2452744842,1312125.2452744842,-2.2495373306309374,2.2495373306309374,-0.022495373306309373,1.1
48,20260864,short_emerging_no_break,constant,short,emerging,False,none,regularized_poisson,gross,1523925086.7753582,128298342.85292622,1652223429.6282842,160191594.17202494,0.001,1.3923225999969873,success,,,True,True,31893251.31909871,31893251.31909871,24.858661935843774,24.858661935843774,0.24858661935843773,
48,20260864,short_emerging_no_break,constant,short,emerging,False,none,regularized_poisson,ceded,298227368.4229874,73634234.31973028,371861602.7427177,84271231.78546122,0.001,1.1750709999978426,success,,,True,True,10636997.465730935,10636997.465730935,14.445722922226073,14.445722922226073,0.14445722922226073,
48,20260864,short_emerging_no_break,constant,short,emerging,False,none,regularized_tweedie,gross,1523925086.7753582,128298342.85292622,1652223429.6282842,128014968.80847573,0.0001,5.612484899997071,success,,,True,True,-283374.04445049167,283374.04445049167,-0.2208711649341685,0.2208711649341685,-0.002208711649341685,1.9
48,20260864,short_emerging_no_break,constant,short,emerging,False,none,regularized_tweedie,ceded,298227368.4229874,73634234.31973028,371861602.7427177,74970770.54166798,0.001,5.281874700005574,success,,,True,True,1336536.221937701,1336536.221937701,1.8151016769377561,1.8151016769377561,0.01815101676937756,1.5
48,20260864,short_shock_no_break,constant,short,shock,False,none,regularized_poisson,gross,1548162963.7107627,143826037.418006,1691989001.1287687,175145588.85441643,0.001,1.4282631000023684,success,,,True,True,31319551.436410427,31319551.436410427,21.775995500303925,21.775995500303925,0.21775995500303924,
48,20260864,short_shock_no_break,constant,short,shock,False,none,regularized_poisson,ceded,312329527.3408133,93913852.25459364,406243379.5954069,103154656.07712655,0.001,1.2287130999975489,success,,,True,True,9240803.822532907,9240803.822532907,9.839660072170991,9.839660072170991,0.09839660072170991,
48,20260864,short_shock_no_break,constant,short,shock,False,none,regularized_tweedie,gross,1548162963.7107627,143826037.418006,1691989001.1287687,140667641.92232895,0.0001,5.60046849999344,success,,,True,True,-3158395.495677054,3158395.495677054,-2.1959831143075386,2.1959831143075386,-0.021959831143075384,1.9
48,20260864,short_shock_no_break,constant,short,shock,False,none,regularized_tweedie,ceded,312329527.3408133,93913852.25459364,406243379.5954069,87056759.8065905,0.001,5.306402300004265,success,,,True,True,-6857092.448003143,6857092.448003143,-7.3014707451399845,7.3014707451399845,-0.07301470745139985,1.7
48,20260864,long_stable_no_break,constant,long,stable,False,none,regularized_poisson,gross,1154603647.9043257,724498962.0587697,1879102609.9630952,622626635.4580262,0.001,1.4708734000014374,success,,,True,True,-101872326.60074353,101872326.60074353,-14.061072815240264,14.061072815240264,-0.14061072815240264,
48,20260864,long_stable_no_break,constant,long,stable,False,none,regularized_poisson,ceded,189312051.18423724,313950165.8981865,503262217.0824237,360526273.96988213,0.1,1.3260692999974708,success,,,True,True,46576108.071695626,46576108.071695626,14.835509941026812,14.835509941026812,0.14835509941026812,
48,20260864,long_stable_no_break,constant,long,stable,False,none,regularized_tweedie,gross,1154603647.9043257,724498962.0587697,1879102609.9630952,607157864.5631865,0.001,6.25430729999789,success,,,True,True,-117341097.49558318,117341097.49558318,-16.196171925787347,16.196171925787347,-0.16196171925787348,1.9
48,20260864,long_stable_no_break,constant,long,stable,False,none,regularized_tweedie,ceded,189312051.18423724,313950165.8981865,503262217.0824237,367198507.5476855,0.1,6.1713471000039135,success,,,True,True,53248341.649499,53248341.649499,16.960762386335972,16.960762386335972,0.1696076238633597,1.1
48,20260864,long_emerging_no_break,constant,long,emerging,False,none,regularized_poisson,gross,1178716802.5314312,845387332.416242,2024104134.9476733,658253865.3158653,0.01,1.662998300002073,success,,,True,True,-187133467.10037673,187133467.10037673,-22.135825783611118,22.135825783611118,-0.22135825783611118,
48,20260864,long_emerging_no_break,constant,long,emerging,False,none,regularized_poisson,ceded,197198354.46411264,419090658.56936455,616289013.0334772,481255167.6291696,0.1,1.4266054000036092,success,,,True,True,62164509.059805036,62164509.059805036,14.83318890285312,14.83318890285312,0.1483318890285312,
48,20260864,long_emerging_no_break,constant,long,emerging,False,none,regularized_tweedie,gross,1178716802.5314312,845387332.416242,2024104134.9476733,602079874.1746116,0.001,6.704325400001835,success,,,True,True,-243307458.24163043,243307458.24163043,-28.780589548961157,28.780589548961157,-0.28780589548961155,1.9
48,20260864,long_emerging_no_break,constant,long,emerging,False,none,regularized_tweedie,ceded,197198354.46411264,419090658.56936455,616289013.0334772,302332170.200971,1.0,6.635374199999205,success,,,True,True,-116758488.36839354,116758488.36839354,-27.859959648580094,27.859959648580094,-0.27859959648580096,1.9
48,20260864,long_shock_no_break,constant,long,shock,False,none,regularized_poisson,gross,1199363087.5116546,951791360.9105369,2151154448.4221916,803147707.559679,0.01,1.60134609999659,success,,,True,True,-148643653.35085785,148643653.35085785,-15.617251790209256,15.617251790209256,-0.15617251790209255,
48,20260864,long_shock_no_break,constant,long,shock,False,none,regularized_poisson,ceded,203528833.92710313,510679603.9629408,714208437.890044,507264939.1751969,0.1,1.3956177000000025,success,,,True,True,-3414664.787743926,3414664.787743926,-0.6686510996808329,0.6686510996808329,-0.006686510996808329,
48,20260864,long_shock_no_break,constant,long,shock,False,none,regularized_tweedie,gross,1199363087.5116546,951791360.9105369,2151154448.4221916,788863802.5663421,0.0001,6.712948500004131,success,,,True,True,-162927558.34419477,162927558.34419477,-17.117990878623772,17.117990878623772,-0.17117990878623773,1.9
48,20260864,long_shock_no_break,constant,long,shock,False,none,regularized_tweedie,ceded,203528833.92710313,510679603.9629408,714208437.890044,321570901.0469644,1.0,6.614925299996685,success,,,True,True,-189108702.9159764,189108702.9159764,-37.03079219308311,37.03079219308311,-0.37030792193083106,1.9
48,20260864,long_stable_break,constant,long,stable,True,none,regularized_poisson,gross,1255911825.4087007,574089898.6171857,1830001724.025886,756372665.2764673,0.001,1.5588107999938074,success,,,True,True,182282766.6592816,182282766.6592816,31.75160669058058,31.75160669058058,0.3175160669058058,
48,20260864,long_stable_break,constant,long,stable,True,none,regularized_poisson,ceded,220381712.6415111,247220420.87265116,467602133.51416224,392908170.2882263,0.1,1.3712367999978596,success,,,True,True,145687749.41557515,145687749.41557515,58.93030555539027,58.93030555539027,0.5893030555539027,
48,20260864,long_stable_break,constant,long,stable,True,none,regularized_tweedie,gross,1255911825.4087007,574089898.6171857,1830001724.025886,718658951.2758117,0.001,6.518730299998424,success,,,True,True,144569052.65862596,144569052.65862596,25.182302111019624,25.182302111019624,0.2518230211101962,1.7
48,20260864,long_stable_break,constant,long,stable,True,none,regularized_tweedie,ceded,220381712.6415111,247220420.87265116,467602133.51416224,394069218.1663927,0.1,6.479359800003294,success,,,True,True,146848797.29374152,146848797.29374152,59.39994632133835,59.39994632133835,0.5939994632133835,1.1
48,20260864,long_emerging_break,constant,long,emerging,True,none,regularized_poisson,gross,1283947321.0383334,657056027.2257503,1941003348.2640839,824157486.8485912,0.01,1.7948775999975624,success,,,True,True,167101459.62284088,167101459.62284088,25.431843358683388,25.431843358683388,0.25431843358683387,
48,20260864,long_emerging_break,constant,long,emerging,True,none,regularized_poisson,ceded,230578102.13831803,322795334.15957254,553373436.2978905,494209508.13861966,0.1,1.475069899999653,success,,,True,True,171414173.97904712,171414173.97904712,53.10305194631755,53.10305194631755,0.5310305194631755,
48,20260864,long_emerging_break,constant,long,emerging,True,none,regularized_tweedie,gross,1283947321.0383334,657056027.2257503,1941003348.2640839,737063932.6932772,0.01,7.153468500000599,success,,,True,True,80007905.46752691,80007905.46752691,12.176724990308614,12.176724990308614,0.12176724990308614,1.5
48,20260864,long_emerging_break,constant,long,emerging,True,none,regularized_tweedie,ceded,230578102.13831803,322795334.15957254,553373436.2978905,495751054.6300306,0.1,6.977217899999232,success,,,True,True,172955720.47045803,172955720.47045803,53.580613524282874,53.580613524282874,0.5358061352428287,1.1
48,20260864,long_shock_break,constant,long,shock,True,none,regularized_poisson,gross,1307974911.9396832,739204803.5749645,2047179715.514648,993910762.4602364,0.01,1.7207722000021022,success,,,True,True,254705958.8852719,254705958.8852719,34.45675104564463,34.45675104564463,0.3445675104564463,
48,20260864,long_shock_break,constant,long,shock,True,none,regularized_poisson,ceded,239694593.18337438,396701492.4502405,636396085.6336149,554553965.1185381,0.1,1.4931152000062866,success,,,True,True,157852472.66829765,157852472.66829765,39.79124749274735,39.79124749274735,0.3979124749274735,
48,20260864,long_shock_break,constant,long,shock,True,none,regularized_tweedie,gross,1307974911.9396832,739204803.5749645,2047179715.514648,924177806.3089976,0.001,7.119356399998651,success,,,True,True,184973002.7340331,184973002.7340331,25.023241439917747,25.023241439917747,0.2502324143991775,1.5
48,20260864,long_shock_break,constant,long,shock,True,none,regularized_tweedie,ceded,239694593.18337438,396701492.4502405,636396085.6336149,552815130.9800209,0.1,6.980461199993442,success,,,True,True,156113638.5297804,156113638.5297804,39.35292442827454,39.35292442827454,0.39352924428274544,1.1
49,20260865,short_stable_no_break,constant,short,stable,False,none,regularized_poisson,gross,1529424715.1176233,96635126.74102601,1626059841.8586493,109293190.74915391,0.001,1.3371686000027694,success,,,True,True,12658064.008127898,12658064.008127898,13.098822793548399,13.098822793548399,0.13098822793548398,
49,20260865,short_stable_no_break,constant,short,stable,False,none,regularized_poisson,ceded,292094418.81736904,46310329.00987116,338404747.82724017,51767285.63133621,0.001,1.2007537000026787,success,,,True,True,5456956.62146505,5456956.62146505,11.78345465933072,11.78345465933072,0.11783454659330721,
49,20260865,short_stable_no_break,constant,short,stable,False,none,regularized_tweedie,gross,1529424715.1176233,96635126.74102601,1626059841.8586493,108818671.5249601,0.0001,5.441324800005532,success,,,True,True,12183544.783934087,12183544.783934087,12.60778062265594,12.60778062265594,0.1260778062265594,1.1
49,20260865,short_stable_no_break,constant,short,stable,False,none,regularized_tweedie,ceded,292094418.81736904,46310329.00987116,338404747.82724017,51022756.41670707,0.0001,5.302167900001223,success,,,True,True,4712427.406835906,4712427.406835906,10.175758858960904,10.175758858960904,0.10175758858960904,1.3
49,20260865,short_emerging_no_break,constant,short,emerging,False,none,regularized_poisson,gross,1553577750.7320895,107294776.465985,1660872527.1980746,117726544.92121416,0.0001,1.3941591000038898,success,,,True,True,10431768.455229163,10431768.455229163,9.722531514417463,9.722531514417463,0.09722531514417464,
49,20260865,short_emerging_no_break,constant,short,emerging,False,none,regularized_poisson,ceded,303965303.23128504,57917615.23518233,361882918.4664674,63628502.612896636,0.001,1.2431246999985888,success,,,True,True,5710887.377714306,5710887.377714306,9.860363474090695,9.860363474090695,0.09860363474090696,
49,20260865,short_emerging_no_break,constant,short,emerging,False,none,regularized_tweedie,gross,1553577750.7320895,107294776.465985,1660872527.1980746,118443211.36889222,0.0001,5.651388899997983,success,,,True,True,11148434.902907223,11148434.902907223,10.390473115381848,10.390473115381848,0.10390473115381849,1.1
49,20260865,short_emerging_no_break,constant,short,emerging,False,none,regularized_tweedie,ceded,303965303.23128504,57917615.23518233,361882918.4664674,55721773.29579601,0.01,5.514003099997353,success,,,True,True,-2195841.939386323,2195841.939386323,-3.7913196710013164,3.7913196710013164,-0.03791319671001316,1.1
49,20260865,short_shock_no_break,constant,short,shock,False,none,regularized_poisson,gross,1573428539.2202933,120284470.26459551,1693713009.4848888,127916882.64696592,0.001,1.393126700000721,success,,,True,True,7632412.382370412,7632412.382370412,6.34530157183303,6.34530157183303,0.0634530157183303,
49,20260865,short_shock_no_break,constant,short,shock,False,none,regularized_poisson,ceded,314397622.3817801,72987549.7051973,387385172.08697736,71417577.14031056,0.01,1.2423159000027226,success,,,True,True,-1569972.5648867488,1569972.5648867488,-2.151014208900006,2.151014208900006,-0.021510142089000064,
49,20260865,short_shock_no_break,constant,short,shock,False,none,regularized_tweedie,gross,1573428539.2202933,120284470.26459551,1693713009.4848888,128841963.23606196,0.001,5.620609899997362,success,,,True,True,8557492.971466452,8557492.971466452,7.114378899156412,7.114378899156412,0.07114378899156412,1.1
49,20260865,short_shock_no_break,constant,short,shock,False,none,regularized_tweedie,ceded,314397622.3817801,72987549.7051973,387385172.08697736,69444358.97020036,0.01,5.430162800003018,success,,,True,True,-3543190.7349969447,3543190.7349969447,-4.854513885324528,4.854513885324528,-0.04854513885324528,1.1
49,20260865,long_stable_no_break,constant,long,stable,False,none,regularized_poisson,gross,1217698546.0509992,681615342.377451,1899313888.4284496,796124576.7411422,0.1,1.4741015999970841,success,,,True,True,114509234.36369121,114509234.36369121,16.79968557695414,16.79968557695414,0.1679968557695414,
49,20260865,long_stable_no_break,constant,long,stable,False,none,regularized_poisson,ceded,199403597.9030817,296424848.4121561,495828446.3152378,317300641.8431659,0.1,1.433348599995952,success,,,True,True,20875793.43100977,20875793.43100977,7.042524789279329,7.042524789279329,0.0704252478927933,
49,20260865,long_stable_no_break,constant,long,stable,False,none,regularized_tweedie,gross,1217698546.0509992,681615342.377451,1899313888.4284496,741227519.0011299,0.01,6.21099089999916,success,,,True,True,59612176.62367892,59612176.62367892,8.745721071323555,8.745721071323555,0.08745721071323555,1.7
49,20260865,long_stable_no_break,constant,long,stable,False,none,regularized_tweedie,ceded,199403597.9030817,296424848.4121561,495828446.3152378,317538533.98787755,0.1,6.586074099999678,success,,,True,True,21113685.575721443,21113685.575721443,7.1227785689425325,7.1227785689425325,0.07122778568942532,1.1
49,20260865,long_emerging_no_break,constant,long,emerging,False,none,regularized_poisson,gross,1243532633.6041281,793650608.2937913,2037183241.8979194,789324300.4179515,0.1,1.7050484999999753,success,,,True,True,-4326307.875839829,4326307.875839829,-0.5451149196673115,0.5451149196673115,-0.005451149196673115,
49,20260865,long_emerging_no_break,constant,long,emerging,False,none,regularized_poisson,ceded,208331259.76870748,393826467.8881044,602157727.6568118,442260763.10041374,0.1,1.5405366999984835,success,,,True,True,48434295.21230936,48434295.21230936,12.298384989723624,12.298384989723624,0.12298384989723625,
49,20260865,long_emerging_no_break,constant,long,emerging,False,none,regularized_tweedie,gross,1243532633.6041281,793650608.2937913,2037183241.8979194,726054609.5400743,0.01,6.730108299998392,success,,,True,True,-67595998.75371695,67595998.75371695,-8.517097832135025,8.517097832135025,-0.08517097832135026,1.5
49,20260865,long_emerging_no_break,constant,long,emerging,False,none,regularized_tweedie,ceded,208331259.76870748,393826467.8881044,602157727.6568118,444984318.5781543,0.1,7.188274000000092,success,,,True,True,51157850.69004995,51157850.69004995,12.989947314710479,12.989947314710479,0.1298994731471048,1.1
49,20260865,long_shock_no_break,constant,long,shock,False,none,regularized_poisson,gross,1265542645.8780363,893481496.458144,2159024142.3361807,883011769.9287022,0.1,1.6038655999946059,success,,,True,True,-10469726.529441714,10469726.529441714,-1.171789966657936,1.171789966657936,-0.011717899666579362,
49,20260865,long_shock_no_break,constant,long,shock,False,none,regularized_poisson,ceded,216216759.76837623,480424965.9308472,696641725.6992236,509395961.6585472,0.1,1.5373392999972566,success,,,True,True,28970995.727699995,28970995.727699995,6.030285222910357,6.030285222910357,0.060302852229103567,
49,20260865,long_shock_no_break,constant,long,shock,False,none,regularized_tweedie,gross,1265542645.8780363,893481496.458144,2159024142.3361807,910388826.1503112,0.0001,6.710150600003544,success,,,True,True,16907329.692167282,16907329.692167282,1.892297687102614,1.892297687102614,0.01892297687102614,1.5
49,20260865,long_shock_no_break,constant,long,shock,False,none,regularized_tweedie,ceded,216216759.76837623,480424965.9308472,696641725.6992236,510132844.6526009,0.1,7.034853699995438,success,,,True,True,29707878.721753657,29707878.721753657,6.183666717692984,6.183666717692984,0.06183666717692984,1.1
49,20260865,long_stable_break,constant,long,stable,True,none,regularized_poisson,gross,1322340906.1930714,529473273.1568675,1851814179.349939,971833843.109151,0.1,1.6013028000015765,success,,,True,True,442360569.9522835,442360569.9522835,83.54728980271398,83.54728980271398,0.8354728980271398,
49,20260865,long_stable_break,constant,long,stable,True,none,regularized_poisson,ceded,238498478.38711953,221377259.30378357,459875737.6909031,605685160.6125398,0.1,1.5804183000000194,success,,,True,True,384307901.30875623,384307901.30875623,173.59863543228354,173.59863543228354,1.7359863543228353,
49,20260865,long_stable_break,constant,long,stable,True,none,regularized_tweedie,gross,1322340906.1930714,529473273.1568675,1851814179.349939,907493162.2154863,0.01,6.46643739999854,success,,,True,True,378019889.0586188,378019889.0586188,71.39546190967462,71.39546190967462,0.7139546190967462,1.5
49,20260865,long_stable_break,constant,long,stable,True,none,regularized_tweedie,ceded,238498478.38711953,221377259.30378357,459875737.6909031,593554583.37682,0.1,6.879023599998618,success,,,True,True,372177324.07303643,372177324.07303643,168.11904043057936,168.11904043057936,1.6811904043057937,1.1
49,20260865,long_emerging_break,constant,long,emerging,True,none,regularized_poisson,gross,1352198325.3490694,604805252.3114972,1957003577.6605666,1002808540.7605712,0.1,1.7633426999964286,success,,,True,True,398003288.44907403,398003288.44907403,65.80685054039304,65.80685054039304,0.6580685054039305,
49,20260865,long_emerging_break,constant,long,emerging,True,none,regularized_poisson,ceded,250614859.85099673,287480166.4890658,538095026.3400626,848527075.344951,0.1,1.672291499999119,success,,,True,True,561046908.8558853,561046908.8558853,195.16021425332812,195.16021425332812,1.9516021425332812,
49,20260865,long_emerging_break,constant,long,emerging,True,none,regularized_tweedie,gross,1352198325.3490694,604805252.3114972,1957003577.6605666,911184960.9436668,0.01,6.981828399999358,success,,,True,True,306379708.6321696,306379708.6321696,50.6575806776183,50.6575806776183,0.506575806776183,1.5
49,20260865,long_emerging_break,constant,long,emerging,True,none,regularized_tweedie,ceded,250614859.85099673,287480166.4890658,538095026.3400626,829163225.049204,0.1,7.492925300000934,success,,,True,True,541683058.5601382,541683058.5601382,188.4244973055353,188.4244973055353,1.884244973055353,1.1
49,20260865,long_shock_break,constant,long,shock,True,none,regularized_poisson,gross,1377640788.2602863,680344587.2157975,2057985375.4760835,1164391132.4342055,0.1,1.6835161000053631,success,,,True,True,484046545.218408,484046545.218408,71.14726188963915,71.14726188963915,0.7114726188963916,
49,20260865,long_shock_break,constant,long,shock,True,none,regularized_poisson,ceded,260693917.5929132,354884987.05735826,615578904.6502715,912638492.7112278,0.1,1.6988404000003356,success,,,True,True,557753505.6538695,557753505.6538695,157.1645817645486,157.1645817645486,1.571645817645486,
49,20260865,long_shock_break,constant,long,shock,True,none,regularized_tweedie,gross,1377640788.2602863,680344587.2157975,2057985375.4760835,1125500209.8046114,0.0001,6.9878647000005,success,,,True,True,445155622.5888139,445155622.5888139,65.4309053020533,65.4309053020533,0.654309053020533,1.1
49,20260865,long_shock_break,constant,long,shock,True,none,regularized_tweedie,ceded,260693917.5929132,354884987.05735826,615578904.6502715,888350487.016402,0.1,7.320107100000314,success,,,True,True,533465499.95904374,533465499.95904374,150.32067272905584,150.32067272905584,1.5032067272905585,1.1
50,20260866,short_stable_no_break,constant,short,stable,False,none,regularized_poisson,gross,1578412847.0602808,117777512.20470117,1696190359.264982,118044024.35190922,0.0001,1.31730019999668,success,,,True,True,266512.1472080499,266512.1472080499,0.22628440881383455,0.22628440881383455,0.0022628440881383455,
50,20260866,short_stable_no_break,constant,short,stable,False,none,regularized_poisson,ceded,302339754.2952026,53129851.3526064,355469605.647809,68217045.47789413,0.0001,1.1632552000010037,success,,,True,True,15087194.125287727,15087194.125287727,28.396831049194326,28.396831049194326,0.28396831049194327,
50,20260866,short_stable_no_break,constant,short,stable,False,none,regularized_tweedie,gross,1578412847.0602808,117777512.20470117,1696190359.264982,117382160.77165353,0.0001,5.520074599997315,success,,,True,True,-395351.43304763734,395351.43304763734,-0.3356765019458923,0.3356765019458923,-0.0033567650194589235,1.1
50,20260866,short_stable_no_break,constant,short,stable,False,none,regularized_tweedie,ceded,302339754.2952026,53129851.3526064,355469605.647809,67459769.45365246,0.0001,5.165059899998596,success,,,True,True,14329918.101046056,14329918.101046056,26.971500458269343,26.971500458269343,0.26971500458269343,1.1
50,20260866,short_emerging_no_break,constant,short,emerging,False,none,regularized_poisson,gross,1607010974.0658743,130767234.30868511,1737778208.3745594,159732550.75023144,0.001,1.4223645000020042,success,,,True,True,28965316.441546336,28965316.441546336,22.15028603661656,22.15028603661656,0.2215028603661656,
50,20260866,short_emerging_no_break,constant,short,emerging,False,none,regularized_poisson,ceded,316100799.3584898,66213381.583072916,382314180.9415628,111294205.05211368,0.001,1.2036682999969344,success,,,True,True,45080823.46904077,45080823.46904077,68.08415820370278,68.08415820370278,0.6808415820370278,
50,20260866,short_emerging_no_break,constant,short,emerging,False,none,regularized_tweedie,gross,1607010974.0658743,130767234.30868511,1737778208.3745594,158260330.44021294,0.001,5.726820800002315,success,,,True,True,27493096.131527826,27493096.131527826,21.024453317280127,21.024453317280127,0.21024453317280128,1.1
50,20260866,short_emerging_no_break,constant,short,emerging,False,none,regularized_tweedie,ceded,316100799.3584898,66213381.583072916,382314180.9415628,94456148.29820001,0.0001,5.302111600001808,success,,,True,True,28242766.715127096,28242766.715127096,42.654167541183554,42.654167541183554,0.4265416754118355,1.9
50,20260866,short_shock_no_break,constant,short,shock,False,none,regularized_poisson,gross,1631928150.277752,146605046.77015415,1778533197.047906,172054693.100693,0.01,1.3905692000043928,success,,,True,True,25449646.33053884,25449646.33053884,17.359324860377097,17.359324860377097,0.17359324860377096,
50,20260866,short_shock_no_break,constant,short,shock,False,none,regularized_poisson,ceded,327687904.13636845,83518505.67483574,411206409.81120425,111837633.37143144,0.01,1.2152048000061768,success,,,True,True,28319127.6965957,28319127.6965957,33.90760822140559,33.90760822140559,0.3390760822140559,
50,20260866,short_shock_no_break,constant,short,shock,False,none,regularized_tweedie,gross,1631928150.277752,146605046.77015415,1778533197.047906,171022062.34266168,0.001,5.712443200005509,success,,,True,True,24417015.57250753,24417015.57250753,16.6549625067057,16.6549625067057,0.166549625067057,1.3
50,20260866,short_shock_no_break,constant,short,shock,False,none,regularized_tweedie,ceded,327687904.13636845,83518505.67483574,411206409.81120425,110081650.96921483,0.01,5.271703300000809,success,,,True,True,26563145.294379085,26563145.294379085,31.805101252407347,31.805101252407347,0.3180510125240735,1.1
50,20260866,long_stable_no_break,constant,long,stable,False,none,regularized_poisson,gross,1208394797.4988666,777888626.3469107,1986283423.8457773,718755338.2477367,0.0001,1.5035339999958524,success,,,True,True,-59133288.09917402,59133288.09917402,-7.6017679261970175,7.6017679261970175,-0.07601767926197017,
50,20260866,long_stable_no_break,constant,long,stable,False,none,regularized_poisson,ceded,181442916.26053345,338468329.66566014,519911245.9261936,286228865.06626296,0.1,1.3071800000034273,success,,,True,True,-52239464.59939718,52239464.59939718,-15.434077584452128,15.434077584452128,-0.15434077584452127,
50,20260866,long_stable_no_break,constant,long,stable,False,none,regularized_tweedie,gross,1208394797.4988666,777888626.3469107,1986283423.8457773,706215309.6790218,0.0001,6.1854936000017915,success,,,True,True,-71673316.66788888,71673316.66788888,-9.213827563526443,9.213827563526443,-0.09213827563526443,1.9
50,20260866,long_stable_no_break,constant,long,stable,False,none,regularized_tweedie,ceded,181442916.26053345,338468329.66566014,519911245.9261936,288463299.4800984,0.1,6.086874900000112,success,,,True,True,-50005030.18556172,50005030.18556172,-14.773917026433997,14.773917026433997,-0.14773917026433997,1.1
50,20260866,long_emerging_no_break,constant,long,emerging,False,none,regularized_poisson,gross,1234635293.6473475,908619372.1816502,2143254665.8289976,769196310.6150155,0.01,1.6928026000023237,success,,,True,True,-139423061.56663465,139423061.56663465,-15.344495818075224,15.344495818075224,-0.15344495818075224,
50,20260866,long_emerging_no_break,constant,long,emerging,False,none,regularized_poisson,ceded,190751546.20159122,438703459.59901375,629455005.800605,414622258.58844864,0.1,1.3816071000037482,success,,,True,True,-24081201.010565102,24081201.010565102,-5.489175087102331,5.489175087102331,-0.05489175087102331,
50,20260866,long_emerging_no_break,constant,long,emerging,False,none,regularized_tweedie,gross,1234635293.6473475,908619372.1816502,2143254665.8289976,811066996.5836825,0.0001,6.706239600003755,success,,,True,True,-97552375.59796762,97552375.59796762,-10.736330149305365,10.736330149305365,-0.10736330149305365,1.9
50,20260866,long_emerging_no_break,constant,long,emerging,False,none,regularized_tweedie,ceded,190751546.20159122,438703459.59901375,629455005.800605,419024028.33179766,0.1,6.348168200005603,success,,,True,True,-19679431.267216086,19679431.267216086,-4.485816292673778,4.485816292673778,-0.044858162926737784,1.1
50,20260866,long_shock_no_break,constant,long,shock,False,none,regularized_poisson,gross,1257445104.4682267,1023033990.7949061,2280479095.263133,1007964797.4768488,0.001,1.6503307000020868,success,,,True,True,-15069193.318057299,15069193.318057299,-1.4729904825887952,1.4729904825887952,-0.014729904825887952,
50,20260866,long_shock_no_break,constant,long,shock,False,none,regularized_poisson,ceded,198697011.954529,525605218.50871205,724302230.463241,500518202.1248759,0.1,1.377121099998476,success,,,True,True,-25087016.38383615,25087016.38383615,-4.772977036836693,4.772977036836693,-0.04772977036836693,
50,20260866,long_shock_no_break,constant,long,shock,False,none,regularized_tweedie,gross,1257445104.4682267,1023033990.7949061,2280479095.263133,993393892.8818734,0.0001,6.612665099994047,success,,,True,True,-29640097.91303277,29640097.91303277,-2.8972740084620416,2.8972740084620416,-0.028972740084620415,1.3
50,20260866,long_shock_no_break,constant,long,shock,False,none,regularized_tweedie,ceded,198697011.954529,525605218.50871205,724302230.463241,502186268.4963938,0.1,6.365590499997779,success,,,True,True,-23418950.012318254,23418950.012318254,-4.45561596187426,4.45561596187426,-0.0445561596187426,1.1
50,20260866,long_stable_break,constant,long,stable,True,none,regularized_poisson,gross,1315148662.02894,619596704.155204,1934745366.184144,880415968.2772403,0.0001,1.6070930999994744,success,,,True,True,260819264.12203622,260819264.12203622,42.095005085227676,42.095005085227676,0.42095005085227677,
50,20260866,long_stable_break,constant,long,stable,True,none,regularized_poisson,ceded,218362728.43124676,265956734.7603047,484319463.19155145,460590762.6264533,0.1,1.3598094000044512,success,,,True,True,194634027.8661486,194634027.8661486,73.18259040951297,73.18259040951297,0.7318259040951297,
50,20260866,long_stable_break,constant,long,stable,True,none,regularized_tweedie,gross,1315148662.02894,619596704.155204,1934745366.184144,837815309.9608265,0.0001,6.442031999999017,success,,,True,True,218218605.80562246,218218605.80562246,35.21945877732759,35.21945877732759,0.3521945877732759,1.9
50,20260866,long_stable_break,constant,long,stable,True,none,regularized_tweedie,ceded,218362728.43124676,265956734.7603047,484319463.19155145,450195799.7786639,0.1,6.394417399998929,success,,,True,True,184239065.01835918,184239065.01835918,69.27407391446803,69.27407391446803,0.6927407391446804,1.1
50,20260866,long_emerging_break,constant,long,emerging,True,none,regularized_poisson,gross,1345847013.3235111,709759978.3841977,2055606991.7077088,979076423.6646459,0.01,1.82773320000706,success,,,True,True,269316445.2804482,269316445.2804482,37.94472124133568,37.94472124133568,0.37944721241335677,
50,20260866,long_emerging_break,constant,long,emerging,True,none,regularized_poisson,ceded,231311769.1026501,335576286.10000974,566888055.2026598,684831273.7408227,0.1,1.5078476999988197,success,,,True,True,349254987.64081293,349254987.64081293,104.07618240840971,104.07618240840971,1.040761824084097,
50,20260866,long_emerging_break,constant,long,emerging,True,none,regularized_tweedie,gross,1345847013.3235111,709759978.3841977,2055606991.7077088,922257129.6941013,0.0001,7.106341700004123,success,,,True,True,212497151.30990362,212497151.30990362,29.939297478235318,29.939297478235318,0.29939297478235316,1.9
50,20260866,long_emerging_break,constant,long,emerging,True,none,regularized_tweedie,ceded,231311769.1026501,335576286.10000974,566888055.2026598,663549607.9971693,0.1,6.930319599996437,success,,,True,True,327973321.8971595,327973321.8971595,97.73435593700313,97.73435593700313,0.9773435593700314,1.1
50,20260866,long_shock_break,constant,long,shock,True,none,regularized_poisson,gross,1372568885.721659,798575480.5610548,2171144366.282714,1184321158.1620758,0.01,1.7171862000031979,success,,,True,True,385745677.60102093,385745677.60102093,48.30422258018838,48.30422258018838,0.48304222580188383,
50,20260866,long_shock_break,constant,long,shock,True,none,regularized_poisson,ceded,242674220.2252005,404040428.71112746,646714648.9363279,848462465.454287,0.1,1.4818965000013122,success,,,True,True,444422036.7431596,444422036.7431596,109.99444737766659,109.99444737766659,1.099944473776666,
50,20260866,long_shock_break,constant,long,shock,True,none,regularized_tweedie,gross,1372568885.721659,798575480.5610548,2171144366.282714,1079624673.8707738,0.0001,7.0544398999991245,success,,,True,True,281049193.30971897,281049193.30971897,35.19381700929039,35.19381700929039,0.3519381700929039,1.9
50,20260866,long_shock_break,constant,long,shock,True,none,regularized_tweedie,ceded,242674220.2252005,404040428.71112746,646714648.9363279,817478265.0106399,0.1,6.806973700004164,success,,,True,True,413437836.29951245,413437836.29951245,102.32585823610829,102.32585823610829,1.023258582361083,1.1
