simulation_id,scenario_id,tail_type,inflation_scenario,structural_break,clause_type,model,basis,success_or_failure,estimated_reserve,true_reserve,signed_error,absolute_error,percentage_error,absolute_percentage_error,runtime_seconds,pricing_assumption_version
1,long_emerging_break,long,emerging,True,none,bornhuetter_ferguson_standard,ceded,success,223325333.25591165,305729466.5237079,-82404133.26779628,82404133.26779628,-26.953284616223346,26.953284616223346,0.013409500999841839,pricing_mc_v1
1,long_emerging_break,long,emerging,True,none,bornhuetter_ferguson_break_aware,ceded,success,175324229.08050472,305729466.5237079,-130405237.44320321,130405237.44320321,-42.653800736309094,42.653800736309094,0.006674652000583592,pricing_mc_v1
1,long_emerging_break,long,emerging,True,none,bornhuetter_ferguson_standard,gross,success,641845162.9428357,690279196.5937967,-48434033.65096104,48434033.65096104,-7.016586026344155,7.016586026344155,0.007247555999128963,pricing_mc_v1
1,long_emerging_break,long,emerging,True,none,bornhuetter_ferguson_break_aware,gross,success,489322879.937446,690279196.5937967,-200956316.65635073,200956316.65635073,-29.11232406365072,29.11232406365072,0.005087196999738808,pricing_mc_v1
2,long_emerging_break,long,emerging,True,none,bornhuetter_ferguson_standard,ceded,success,223325333.25591165,332662627.84441507,-109337294.58850342,109337294.58850342,-32.86732125486606,32.86732125486606,0.005169285999727435,pricing_mc_v1
2,long_emerging_break,long,emerging,True,none,bornhuetter_ferguson_break_aware,ceded,success,175324229.08050472,332662627.84441507,-157338398.76391035,157338398.76391035,-47.29668607003756,47.29668607003756,0.0049250970005232375,pricing_mc_v1
2,long_emerging_break,long,emerging,True,none,bornhuetter_ferguson_standard,gross,success,641845162.9428357,668155030.1461858,-26309867.203350067,26309867.203350067,-3.937689011724379,3.937689011724379,0.005127757000082056,pricing_mc_v1
2,long_emerging_break,long,emerging,True,none,bornhuetter_ferguson_break_aware,gross,success,489322879.937446,668155030.1461858,-178832150.20873976,178832150.20873976,-26.765068306020694,26.765068306020694,0.005206408000958618,pricing_mc_v1
3,long_emerging_break,long,emerging,True,none,bornhuetter_ferguson_standard,ceded,success,223325333.25591165,320146536.2610667,-96821203.00515503,96821203.00515503,-30.242776990784375,30.242776990784375,0.004929496000841027,pricing_mc_v1
3,long_emerging_break,long,emerging,True,none,bornhuetter_ferguson_break_aware,ceded,success,175324229.08050472,320146536.2610667,-144822307.18056196,144822307.18056196,-45.23625614442543,45.23625614442543,0.005047970000305213,pricing_mc_v1
3,long_emerging_break,long,emerging,True,none,bornhuetter_ferguson_standard,gross,success,641845162.9428357,612750479.1523004,29094683.79053533,29094683.79053533,4.74821069594036,4.74821069594036,0.004946914999891305,pricing_mc_v1
3,long_emerging_break,long,emerging,True,none,bornhuetter_ferguson_break_aware,gross,success,489322879.937446,612750479.1523004,-123427599.21485436,123427599.21485436,-20.143207294690043,20.143207294690043,0.005142927999258973,pricing_mc_v1
4,long_emerging_break,long,emerging,True,none,bornhuetter_ferguson_standard,ceded,success,223325333.25591165,291028961.26191354,-67703628.00600189,67703628.00600189,-23.26353628602328,23.26353628602328,0.005009643000448705,pricing_mc_v1
4,long_emerging_break,long,emerging,True,none,bornhuetter_ferguson_break_aware,ceded,success,175324229.08050472,291028961.26191354,-115704732.18140882,115704732.18140882,-39.75711959377113,39.75711959377113,0.004967011000189814,pricing_mc_v1
4,long_emerging_break,long,emerging,True,none,bornhuetter_ferguson_standard,gross,success,641845162.9428357,638032626.5490856,3812536.3937500715,3812536.3937500715,0.597545679500884,0.597545679500884,0.005151089000719367,pricing_mc_v1
4,long_emerging_break,long,emerging,True,none,bornhuetter_ferguson_break_aware,gross,success,489322879.937446,638032626.5490856,-148709746.61163962,148709746.61163962,-23.307545793694448,23.307545793694448,0.005218234000494704,pricing_mc_v1
5,long_emerging_break,long,emerging,True,none,bornhuetter_ferguson_standard,ceded,success,223325333.25591165,289187037.304331,-65861704.04841936,65861704.04841936,-22.7747774113086,22.7747774113086,0.005227738000030513,pricing_mc_v1
5,long_emerging_break,long,emerging,True,none,bornhuetter_ferguson_break_aware,ceded,success,175324229.08050472,289187037.304331,-113862808.22382629,113862808.22382629,-39.37341358215887,39.37341358215887,0.005522325000129058,pricing_mc_v1
5,long_emerging_break,long,emerging,True,none,bornhuetter_ferguson_standard,gross,success,641845162.9428357,605818407.3254896,36026755.61734605,36026755.61734605,5.946791180610307,5.946791180610307,0.007371083000180079,pricing_mc_v1
5,long_emerging_break,long,emerging,True,none,bornhuetter_ferguson_break_aware,gross,success,489322879.937446,605818407.3254896,-116495527.38804364,116495527.38804364,-19.229446642656036,19.229446642656036,0.006999966000876157,pricing_mc_v1
6,long_emerging_break,long,emerging,True,none,bornhuetter_ferguson_standard,ceded,success,223325333.25591165,289354248.35185045,-66028915.0959388,66028915.0959388,-22.819404059915037,22.819404059915037,0.005970905000140192,pricing_mc_v1
6,long_emerging_break,long,emerging,True,none,bornhuetter_ferguson_break_aware,ceded,success,175324229.08050472,289354248.35185045,-114030019.27134573,114030019.27134573,-39.408448267428554,39.408448267428554,0.0065569420003157575,pricing_mc_v1
6,long_emerging_break,long,emerging,True,none,bornhuetter_ferguson_standard,gross,success,641845162.9428357,630638873.3665171,11206289.576318622,11206289.576318622,1.7769741209412742,1.7769741209412742,0.005763556000601966,pricing_mc_v1
6,long_emerging_break,long,emerging,True,none,bornhuetter_ferguson_break_aware,gross,success,489322879.937446,630638873.3665171,-141315993.42907107,141315993.42907107,-22.408386066448603,22.408386066448603,0.0054654369996569585,pricing_mc_v1
7,long_emerging_break,long,emerging,True,none,bornhuetter_ferguson_standard,ceded,success,223325333.25591165,299182332.8180118,-75856999.56210017,75856999.56210017,-25.35477240504133,25.35477240504133,0.005014804999518674,pricing_mc_v1
7,long_emerging_break,long,emerging,True,none,bornhuetter_ferguson_break_aware,ceded,success,175324229.08050472,299182332.8180118,-123858103.7375071,123858103.7375071,-41.39886956922959,41.39886956922959,0.005171794000489172,pricing_mc_v1
7,long_emerging_break,long,emerging,True,none,bornhuetter_ferguson_standard,gross,success,641845162.9428357,617962544.134271,23882618.808564663,23882618.808564663,3.8647356599942153,3.8647356599942153,0.005124663999595214,pricing_mc_v1
7,long_emerging_break,long,emerging,True,none,bornhuetter_ferguson_break_aware,gross,success,489322879.937446,617962544.134271,-128639664.19682503,128639664.19682503,-20.816741308656756,20.816741308656756,0.005135003999384935,pricing_mc_v1
8,long_emerging_break,long,emerging,True,none,bornhuetter_ferguson_standard,ceded,success,223325333.25591165,346654795.58985996,-123329462.33394831,123329462.33394831,-35.57702472400351,35.57702472400351,0.005041112000981229,pricing_mc_v1
8,long_emerging_break,long,emerging,True,none,bornhuetter_ferguson_break_aware,ceded,success,175324229.08050472,346654795.58985996,-171330566.50935525,171330566.50935525,-49.42397125007979,49.42397125007979,0.008057818999077426,pricing_mc_v1
8,long_emerging_break,long,emerging,True,none,bornhuetter_ferguson_standard,gross,success,641845162.9428357,715750060.6047767,-73904897.66194105,73904897.66194105,-10.325517485740026,10.325517485740026,0.005217031999563915,pricing_mc_v1
8,long_emerging_break,long,emerging,True,none,bornhuetter_ferguson_break_aware,gross,success,489322879.937446,715750060.6047767,-226427180.66733074,226427180.66733074,-31.63495095983784,31.63495095983784,0.006722145999447093,pricing_mc_v1
9,long_emerging_break,long,emerging,True,none,bornhuetter_ferguson_standard,ceded,success,223325333.25591165,331981768.2247377,-108656434.96882606,108656434.96882606,-32.72963920575007,32.72963920575007,0.007011932000750676,pricing_mc_v1
9,long_emerging_break,long,emerging,True,none,bornhuetter_ferguson_break_aware,ceded,success,175324229.08050472,331981768.2247377,-156657539.144233,156657539.144233,-47.1885971274731,47.1885971274731,0.007080053999743541,pricing_mc_v1
9,long_emerging_break,long,emerging,True,none,bornhuetter_ferguson_standard,gross,success,641845162.9428357,671990795.7794589,-30145632.83662319,30145632.83662319,-4.48601871126174,4.48601871126174,0.006331344000500394,pricing_mc_v1
9,long_emerging_break,long,emerging,True,none,bornhuetter_ferguson_break_aware,gross,success,489322879.937446,671990795.7794589,-182667915.84201288,182667915.84201288,-27.18309789200785,27.18309789200785,0.005928475000473554,pricing_mc_v1
10,long_emerging_break,long,emerging,True,none,bornhuetter_ferguson_standard,ceded,success,223325333.25591165,341665288.94157326,-118339955.68566161,118339955.68566161,-34.63622425686282,34.63622425686282,0.007146396999814897,pricing_mc_v1
10,long_emerging_break,long,emerging,True,none,bornhuetter_ferguson_break_aware,ceded,success,175324229.08050472,341665288.94157326,-166341059.86106855,166341059.86106855,-48.68538456931569,48.68538456931569,0.005768593000539113,pricing_mc_v1
10,long_emerging_break,long,emerging,True,none,bornhuetter_ferguson_standard,gross,success,641845162.9428357,753339760.4341314,-111494597.4912957,111494597.4912957,-14.800041541288632,14.800041541288632,0.005906061000132468,pricing_mc_v1
10,long_emerging_break,long,emerging,True,none,bornhuetter_ferguson_break_aware,gross,success,489322879.937446,753339760.4341314,-264016880.4966854,264016880.4966854,-35.046189563197736,35.046189563197736,0.006115297001088038,pricing_mc_v1
11,long_emerging_break,long,emerging,True,none,bornhuetter_ferguson_standard,ceded,success,223325333.25591165,347078090.3447683,-123752757.08885664,123752757.08885664,-35.655594672059955,35.655594672059955,0.006819031001214171,pricing_mc_v1
11,long_emerging_break,long,emerging,True,none,bornhuetter_ferguson_break_aware,ceded,success,175324229.08050472,347078090.3447683,-171753861.26426357,171753861.26426357,-49.48565352934054,49.48565352934054,0.0060114310017524986,pricing_mc_v1
11,long_emerging_break,long,emerging,True,none,bornhuetter_ferguson_standard,gross,success,641845162.9428357,686489796.4635129,-44644633.52067721,44644633.52067721,-6.503320770485782,6.503320770485782,0.007284979999894858,pricing_mc_v1
11,long_emerging_break,long,emerging,True,none,bornhuetter_ferguson_break_aware,gross,success,489322879.937446,686489796.4635129,-197166916.5260669,197166916.5260669,-28.721026523887506,28.721026523887506,0.005653103000440751,pricing_mc_v1
12,long_emerging_break,long,emerging,True,none,bornhuetter_ferguson_standard,ceded,success,223325333.25591165,325126140.5975815,-101800807.34166986,101800807.34166986,-31.311172689639807,31.311172689639807,0.005631588001051568,pricing_mc_v1
12,long_emerging_break,long,emerging,True,none,bornhuetter_ferguson_break_aware,ceded,success,175324229.08050472,325126140.5975815,-149801911.5170768,149801911.5170768,-46.075012990878264,46.075012990878264,0.005298827998558409,pricing_mc_v1
12,long_emerging_break,long,emerging,True,none,bornhuetter_ferguson_standard,gross,success,641845162.9428357,666743048.8152063,-24897885.8723706,24897885.8723706,-3.7342550352214126,3.7342550352214126,0.005261952999717323,pricing_mc_v1
12,long_emerging_break,long,emerging,True,none,bornhuetter_ferguson_break_aware,gross,success,489322879.937446,666743048.8152063,-177420168.8777603,177420168.8777603,-26.60997654089287,26.60997654089287,0.005617148000965244,pricing_mc_v1
13,long_emerging_break,long,emerging,True,none,bornhuetter_ferguson_standard,ceded,success,223325333.25591165,337192029.1110455,-113866695.85513383,113866695.85513383,-33.769094766363764,33.769094766363764,0.005445515998871997,pricing_mc_v1
13,long_emerging_break,long,emerging,True,none,bornhuetter_ferguson_break_aware,ceded,success,175324229.08050472,337192029.1110455,-161867800.03054076,161867800.03054076,-48.004634171596564,48.004634171596564,0.005081665000034263,pricing_mc_v1
13,long_emerging_break,long,emerging,True,none,bornhuetter_ferguson_standard,gross,success,641845162.9428357,674726389.3585835,-32881226.41574776,32881226.41574776,-4.8732681771948645,4.8732681771948645,0.005957321000096272,pricing_mc_v1
13,long_emerging_break,long,emerging,True,none,bornhuetter_ferguson_break_aware,gross,success,489322879.937446,674726389.3585835,-185403509.42113745,185403509.42113745,-27.478324895130896,27.478324895130896,0.005343504999473225,pricing_mc_v1
14,long_emerging_break,long,emerging,True,none,bornhuetter_ferguson_standard,ceded,success,223325333.25591165,307592092.7292216,-84266759.47330993,84266759.47330993,-27.395619544580217,27.395619544580217,0.004897631999483565,pricing_mc_v1
14,long_emerging_break,long,emerging,True,none,bornhuetter_ferguson_break_aware,ceded,success,175324229.08050472,307592092.7292216,-132267863.64871687,132267863.64871687,-43.00106107251413,43.00106107251413,0.004919562001305167,pricing_mc_v1
14,long_emerging_break,long,emerging,True,none,bornhuetter_ferguson_standard,gross,success,641845162.9428357,637567991.0950687,4277171.847766995,4277171.847766995,0.6708573685483561,0.6708573685483561,0.004971131000274909,pricing_mc_v1
14,long_emerging_break,long,emerging,True,none,bornhuetter_ferguson_break_aware,gross,success,489322879.937446,637567991.0950687,-148245111.1576227,148245111.1576227,-23.251655231781807,23.251655231781807,0.004830263998883311,pricing_mc_v1
15,long_emerging_break,long,emerging,True,none,bornhuetter_ferguson_standard,ceded,success,223325333.25591165,323906786.8950166,-100581453.63910496,100581453.63910496,-31.052592198910922,31.052592198910922,0.004960817999744904,pricing_mc_v1
15,long_emerging_break,long,emerging,True,none,bornhuetter_ferguson_break_aware,ceded,success,175324229.08050472,323906786.8950166,-148582557.8145119,148582557.8145119,-45.872011277945184,45.872011277945184,0.004803600000741426,pricing_mc_v1
15,long_emerging_break,long,emerging,True,none,bornhuetter_ferguson_standard,gross,success,641845162.9428357,720691751.0748918,-78846588.13205612,78846588.13205612,-10.940403857052425,10.940403857052425,0.005032240000218735,pricing_mc_v1
15,long_emerging_break,long,emerging,True,none,bornhuetter_ferguson_break_aware,gross,success,489322879.937446,720691751.0748918,-231368871.1374458,231368871.1374458,-32.10372129171252,32.10372129171252,0.004807313998753671,pricing_mc_v1
16,long_emerging_break,long,emerging,True,none,bornhuetter_ferguson_standard,ceded,success,223325333.25591165,318161411.8648353,-94836078.60892367,94836078.60892367,-29.807536386346232,29.807536386346232,0.007891908000601688,pricing_mc_v1
16,long_emerging_break,long,emerging,True,none,bornhuetter_ferguson_break_aware,ceded,success,175324229.08050472,318161411.8648353,-142837182.7843306,142837182.7843306,-44.89456529222726,44.89456529222726,0.005324443000063184,pricing_mc_v1
16,long_emerging_break,long,emerging,True,none,bornhuetter_ferguson_standard,gross,success,641845162.9428357,672302290.0199585,-30457127.077122808,30457127.077122808,-4.530272695667693,4.530272695667693,0.005026377000831417,pricing_mc_v1
16,long_emerging_break,long,emerging,True,none,bornhuetter_ferguson_break_aware,gross,success,489322879.937446,672302290.0199585,-182979410.0825125,182979410.0825125,-27.216835759562926,27.216835759562926,0.0053566870010399725,pricing_mc_v1
17,long_emerging_break,long,emerging,True,none,bornhuetter_ferguson_standard,ceded,success,223325333.25591165,315284076.6553456,-91958743.39943397,91958743.39943397,-29.16694822490485,29.16694822490485,0.004990462999558076,pricing_mc_v1
17,long_emerging_break,long,emerging,True,none,bornhuetter_ferguson_break_aware,ceded,success,175324229.08050472,315284076.6553456,-139959847.5748409,139959847.5748409,-44.39166387963155,44.39166387963155,0.0049720150000212016,pricing_mc_v1
17,long_emerging_break,long,emerging,True,none,bornhuetter_ferguson_standard,gross,success,641845162.9428357,695951031.1028775,-54105868.16004181,54105868.16004181,-7.774378618895059,7.774378618895059,0.0049997740006801905,pricing_mc_v1
17,long_emerging_break,long,emerging,True,none,bornhuetter_ferguson_break_aware,gross,success,489322879.937446,695951031.1028775,-206628151.1654315,206628151.1654315,-29.690041674050935,29.690041674050935,0.004893509001703933,pricing_mc_v1
18,long_emerging_break,long,emerging,True,none,bornhuetter_ferguson_standard,ceded,success,223325333.25591165,309103360.71021956,-85778027.45430791,85778027.45430791,-27.750596841528267,27.750596841528267,0.005031284001233871,pricing_mc_v1
18,long_emerging_break,long,emerging,True,none,bornhuetter_ferguson_break_aware,ceded,success,175324229.08050472,309103360.71021956,-133779131.62971485,133779131.62971485,-43.279740253335866,43.279740253335866,0.0050761300008161925,pricing_mc_v1
18,long_emerging_break,long,emerging,True,none,bornhuetter_ferguson_standard,gross,success,641845162.9428357,633155586.1706187,8689576.772217035,8689576.772217035,1.372423613092063,1.372423613092063,0.005095319998872583,pricing_mc_v1
18,long_emerging_break,long,emerging,True,none,bornhuetter_ferguson_break_aware,gross,success,489322879.937446,633155586.1706187,-143832706.23317266,143832706.23317266,-22.71680284826762,22.71680284826762,0.005203598999287351,pricing_mc_v1
19,long_emerging_break,long,emerging,True,none,bornhuetter_ferguson_standard,ceded,success,223325333.25591165,351360784.4941069,-128035451.23819524,128035451.23819524,-36.439880854245615,36.439880854245615,0.0050392809989716625,pricing_mc_v1
19,long_emerging_break,long,emerging,True,none,bornhuetter_ferguson_break_aware,ceded,success,175324229.08050472,351360784.4941069,-176036555.41360217,176036555.41360217,-50.101366795119596,50.101366795119596,0.006098412000937969,pricing_mc_v1
19,long_emerging_break,long,emerging,True,none,bornhuetter_ferguson_standard,gross,success,641845162.9428357,688457630.0276934,-46612467.0848577,46612467.0848577,-6.770564382151259,6.770564382151259,0.005014173999370541,pricing_mc_v1
19,long_emerging_break,long,emerging,True,none,bornhuetter_ferguson_break_aware,gross,success,489322879.937446,688457630.0276934,-199134750.0902474,199134750.0902474,-28.924764779240974,28.924764779240974,0.004929253998852801,pricing_mc_v1
20,long_emerging_break,long,emerging,True,none,bornhuetter_ferguson_standard,ceded,success,223325333.25591165,339177091.73262715,-115851758.4767155,115851758.4767155,-34.15671674195535,34.15671674195535,0.005171793000045,pricing_mc_v1
20,long_emerging_break,long,emerging,True,none,bornhuetter_ferguson_break_aware,ceded,success,175324229.08050472,339177091.73262715,-163852862.65212244,163852862.65212244,-48.308941448583276,48.308941448583276,0.0049046399999497226,pricing_mc_v1
20,long_emerging_break,long,emerging,True,none,bornhuetter_ferguson_standard,gross,success,641845162.9428357,733795094.58424,-91949931.64140427,91949931.64140427,-12.530736757446173,12.530736757446173,0.004951867000272614,pricing_mc_v1
20,long_emerging_break,long,emerging,True,none,bornhuetter_ferguson_break_aware,gross,success,489322879.937446,733795094.58424,-244472214.64679396,244472214.64679396,-33.31614185637329,33.31614185637329,0.005061808000391466,pricing_mc_v1
21,long_emerging_break,long,emerging,True,none,bornhuetter_ferguson_standard,ceded,success,223325333.25591165,308303999.9153445,-84978666.65943283,84978666.65943283,-27.563270889371097,27.563270889371097,0.0049841429990920005,pricing_mc_v1
21,long_emerging_break,long,emerging,True,none,bornhuetter_ferguson_break_aware,ceded,success,175324229.08050472,308303999.9153445,-132979770.83483976,132979770.83483976,-43.132677769783704,43.132677769783704,0.005144155000380124,pricing_mc_v1
21,long_emerging_break,long,emerging,True,none,bornhuetter_ferguson_standard,gross,success,641845162.9428357,670714660.9840623,-28869498.041226625,28869498.041226625,-4.304289099461422,4.304289099461422,0.00497886099947209,pricing_mc_v1
21,long_emerging_break,long,emerging,True,none,bornhuetter_ferguson_break_aware,gross,success,489322879.937446,670714660.9840623,-181391781.04661632,181391781.04661632,-27.044552862536367,27.044552862536367,0.005167703000552137,pricing_mc_v1
22,long_emerging_break,long,emerging,True,none,bornhuetter_ferguson_standard,ceded,success,223325333.25591165,315854607.4999018,-92529274.24399012,92529274.24399012,-29.2948945644299,29.2948945644299,0.005010306000258424,pricing_mc_v1
22,long_emerging_break,long,emerging,True,none,bornhuetter_ferguson_break_aware,ceded,success,175324229.08050472,315854607.4999018,-140530378.41939706,140530378.41939706,-44.492109686714244,44.492109686714244,0.004996187999495305,pricing_mc_v1
22,long_emerging_break,long,emerging,True,none,bornhuetter_ferguson_standard,gross,success,641845162.9428357,641287802.3653271,557360.5775085688,557360.5775085688,0.08691270525539375,0.08691270525539375,0.0051168530007998925,pricing_mc_v1
22,long_emerging_break,long,emerging,True,none,bornhuetter_ferguson_break_aware,gross,success,489322879.937446,641287802.3653271,-151964922.42788112,151964922.42788112,-23.69683656345457,23.69683656345457,0.004921806999846012,pricing_mc_v1
23,long_emerging_break,long,emerging,True,none,bornhuetter_ferguson_standard,ceded,success,223325333.25591165,366872921.985839,-143547588.72992736,143547588.72992736,-39.12733268863822,39.12733268863822,0.005137158001161879,pricing_mc_v1
23,long_emerging_break,long,emerging,True,none,bornhuetter_ferguson_break_aware,ceded,success,175324229.08050472,366872921.985839,-191548692.9053343,191548692.9053343,-52.21118306265402,52.21118306265402,0.005328635999831022,pricing_mc_v1
23,long_emerging_break,long,emerging,True,none,bornhuetter_ferguson_standard,gross,success,641845162.9428357,736060139.9627335,-94214977.01989782,94214977.01989782,-12.799902060267508,12.799902060267508,0.00516195500131289,pricing_mc_v1
23,long_emerging_break,long,emerging,True,none,bornhuetter_ferguson_break_aware,gross,success,489322879.937446,736060139.9627335,-246737260.0252875,246737260.0252875,-33.52134514956614,33.52134514956614,0.005018756999561447,pricing_mc_v1
24,long_emerging_break,long,emerging,True,none,bornhuetter_ferguson_standard,ceded,success,223325333.25591165,318321479.60916555,-94996146.3532539,94996146.3532539,-29.84283261999472,29.84283261999472,0.004994605000320007,pricing_mc_v1
24,long_emerging_break,long,emerging,True,none,bornhuetter_ferguson_break_aware,ceded,success,175324229.08050472,318321479.60916555,-142997250.52866083,142997250.52866083,-44.922275023423666,44.922275023423666,0.005022539000492543,pricing_mc_v1
24,long_emerging_break,long,emerging,True,none,bornhuetter_ferguson_standard,gross,success,641845162.9428357,695242579.8894112,-53397416.94657552,53397416.94657552,-7.680400840102341,7.680400840102341,0.005159070000445354,pricing_mc_v1
24,long_emerging_break,long,emerging,True,none,bornhuetter_ferguson_break_aware,gross,success,489322879.937446,695242579.8894112,-205919699.9519652,205919699.9519652,-29.61839592516325,29.61839592516325,0.0050853180000558496,pricing_mc_v1
25,long_emerging_break,long,emerging,True,none,bornhuetter_ferguson_standard,ceded,success,223325333.25591165,359259980.0107991,-135934646.75488746,135934646.75488746,-37.83740308363914,37.83740308363914,0.005269236000458477,pricing_mc_v1
25,long_emerging_break,long,emerging,True,none,bornhuetter_ferguson_break_aware,ceded,success,175324229.08050472,359259980.0107991,-183935750.9302944,183935750.9302944,-51.19850836844265,51.19850836844265,0.004799995998837403,pricing_mc_v1
25,long_emerging_break,long,emerging,True,none,bornhuetter_ferguson_standard,gross,success,641845162.9428357,780262403.0145211,-138417240.07168543,138417240.07168543,-17.739832079171627,17.739832079171627,0.005266239999400568,pricing_mc_v1
25,long_emerging_break,long,emerging,True,none,bornhuetter_ferguson_break_aware,gross,success,489322879.937446,780262403.0145211,-290939523.0770751,290939523.0770751,-37.28739484986573,37.28739484986573,0.007932655000331579,pricing_mc_v1
26,long_emerging_break,long,emerging,True,none,bornhuetter_ferguson_standard,ceded,success,223325333.25591165,314689582.873816,-91364249.61790437,91364249.61790437,-29.033134425215316,29.033134425215316,0.006173472000227775,pricing_mc_v1
26,long_emerging_break,long,emerging,True,none,bornhuetter_ferguson_break_aware,ceded,success,175324229.08050472,314689582.873816,-139365353.7933113,139365353.7933113,-44.28661175263431,44.28661175263431,0.005590988999756519,pricing_mc_v1
26,long_emerging_break,long,emerging,True,none,bornhuetter_ferguson_standard,gross,success,641845162.9428357,616133559.4522468,25711603.490588903,25711603.490588903,4.173056814734609,4.173056814734609,0.0049826949998532655,pricing_mc_v1
26,long_emerging_break,long,emerging,True,none,bornhuetter_ferguson_break_aware,gross,success,489322879.937446,616133559.4522468,-126810679.51480079,126810679.51480079,-20.581686806272597,20.581686806272597,0.00486633000036818,pricing_mc_v1
27,long_emerging_break,long,emerging,True,none,bornhuetter_ferguson_standard,ceded,success,223325333.25591165,353410428.2791988,-130085095.02328718,130085095.02328718,-36.808504960277595,36.808504960277595,0.006534604999615112,pricing_mc_v1
27,long_emerging_break,long,emerging,True,none,bornhuetter_ferguson_break_aware,ceded,success,175324229.08050472,353410428.2791988,-178086199.1986941,178086199.1986941,-50.39075956694852,50.39075956694852,0.0053686849987570895,pricing_mc_v1
27,long_emerging_break,long,emerging,True,none,bornhuetter_ferguson_standard,gross,success,641845162.9428357,761865734.1144851,-120020571.17164946,120020571.17164946,-15.75350692351968,15.75350692351968,0.005178740000701509,pricing_mc_v1
27,long_emerging_break,long,emerging,True,none,bornhuetter_ferguson_break_aware,gross,success,489322879.937446,761865734.1144851,-272542854.17703915,272542854.17703915,-35.77308205018764,35.77308205018764,0.004893285000434844,pricing_mc_v1
28,long_emerging_break,long,emerging,True,none,bornhuetter_ferguson_standard,ceded,success,223325333.25591165,290834789.60206765,-67509456.346156,67509456.346156,-23.212304290874304,23.212304290874304,0.005105956999614136,pricing_mc_v1
28,long_emerging_break,long,emerging,True,none,bornhuetter_ferguson_break_aware,ceded,success,175324229.08050472,290834789.60206765,-115510560.52156293,115510560.52156293,-39.71689930204338,39.71689930204338,0.005168973999388982,pricing_mc_v1
28,long_emerging_break,long,emerging,True,none,bornhuetter_ferguson_standard,gross,success,641845162.9428357,649024592.3090057,-7179429.366170049,7179429.366170049,-1.106187569969901,1.106187569969901,0.005092663999676006,pricing_mc_v1
28,long_emerging_break,long,emerging,True,none,bornhuetter_ferguson_break_aware,gross,success,489322879.937446,649024592.3090057,-159701712.37155974,159701712.37155974,-24.60641927348178,24.60641927348178,0.0048527660001127515,pricing_mc_v1
29,long_emerging_break,long,emerging,True,none,bornhuetter_ferguson_standard,ceded,success,223325333.25591165,289092639.0409425,-65767305.78503084,65767305.78503084,-22.749560833929294,22.749560833929294,0.004962835999322124,pricing_mc_v1
29,long_emerging_break,long,emerging,True,none,bornhuetter_ferguson_break_aware,ceded,success,175324229.08050472,289092639.0409425,-113768409.96043777,113768409.96043777,-39.35361700590565,39.35361700590565,0.004975129000740708,pricing_mc_v1
29,long_emerging_break,long,emerging,True,none,bornhuetter_ferguson_standard,gross,success,641845162.9428357,565019115.9561379,76826046.9866978,76826046.9866978,13.597070402952836,13.597070402952836,0.005504407999978866,pricing_mc_v1
29,long_emerging_break,long,emerging,True,none,bornhuetter_ferguson_break_aware,gross,success,489322879.937446,565019115.9561379,-75696236.0186919,75696236.0186919,-13.397110625292218,13.397110625292218,0.005023373998483294,pricing_mc_v1
30,long_emerging_break,long,emerging,True,none,bornhuetter_ferguson_standard,ceded,success,223325333.25591165,291157767.08729905,-67832433.8313874,67832433.8313874,-23.297483872737946,23.297483872737946,0.005121821001011995,pricing_mc_v1
30,long_emerging_break,long,emerging,True,none,bornhuetter_ferguson_break_aware,ceded,success,175324229.08050472,291157767.08729905,-115833538.00679433,115833538.00679433,-39.78377055353069,39.78377055353069,0.004944936001265887,pricing_mc_v1
30,long_emerging_break,long,emerging,True,none,bornhuetter_ferguson_standard,gross,success,641845162.9428357,625499222.5128746,16345940.429961085,16345940.429961085,2.6132631091519283,2.6132631091519283,0.004920043000311125,pricing_mc_v1
30,long_emerging_break,long,emerging,True,none,bornhuetter_ferguson_break_aware,gross,success,489322879.937446,625499222.5128746,-136176342.5754286,136176342.5754286,-21.77082523433923,21.77082523433923,0.00497750599970459,pricing_mc_v1
31,long_emerging_break,long,emerging,True,none,bornhuetter_ferguson_standard,ceded,success,223325333.25591165,340746313.9475435,-117420980.69163185,117420980.69163185,-34.45994157099182,34.45994157099182,0.005189327999687521,pricing_mc_v1
31,long_emerging_break,long,emerging,True,none,bornhuetter_ferguson_break_aware,ceded,success,175324229.08050472,340746313.9475435,-165422084.8670388,165422084.8670388,-48.54699173429792,48.54699173429792,0.00521705799837946,pricing_mc_v1
31,long_emerging_break,long,emerging,True,none,bornhuetter_ferguson_standard,gross,success,641845162.9428357,738012142.2479068,-96166979.30507112,96166979.30507112,-13.030541613062988,13.030541613062988,0.004927477999444818,pricing_mc_v1
31,long_emerging_break,long,emerging,True,none,bornhuetter_ferguson_break_aware,gross,success,489322879.937446,738012142.2479068,-248689262.3104608,248689262.3104608,-33.697177603742354,33.697177603742354,0.004897705000985297,pricing_mc_v1
32,long_emerging_break,long,emerging,True,none,bornhuetter_ferguson_standard,ceded,success,223325333.25591165,294051928.4134518,-70726595.15754014,70726595.15754014,-24.052416707192954,24.052416707192954,0.005297531999531202,pricing_mc_v1
32,long_emerging_break,long,emerging,True,none,bornhuetter_ferguson_break_aware,ceded,success,175324229.08050472,294051928.4134518,-118727699.33294708,118727699.33294708,-40.376439621919424,40.376439621919424,0.005205303999900934,pricing_mc_v1
32,long_emerging_break,long,emerging,True,none,bornhuetter_ferguson_standard,gross,success,641845162.9428357,674588726.370204,-32743563.427368283,32743563.427368283,-4.853855711991119,4.853855711991119,0.005028390000006766,pricing_mc_v1
32,long_emerging_break,long,emerging,True,none,bornhuetter_ferguson_break_aware,gross,success,489322879.937446,674588726.370204,-185265846.43275797,185265846.43275797,-27.463525432692588,27.463525432692588,0.004835960999116651,pricing_mc_v1
33,long_emerging_break,long,emerging,True,none,bornhuetter_ferguson_standard,ceded,success,223325333.25591165,325296152.4202118,-101970819.16430014,101970819.16430014,-31.347072015956723,31.347072015956723,0.0049408449995098636,pricing_mc_v1
33,long_emerging_break,long,emerging,True,none,bornhuetter_ferguson_break_aware,ceded,success,175324229.08050472,325296152.4202118,-149971923.33970708,149971923.33970708,-46.103196187201135,46.103196187201135,0.005273153999951319,pricing_mc_v1
33,long_emerging_break,long,emerging,True,none,bornhuetter_ferguson_standard,gross,success,641845162.9428357,698547627.2716045,-56702464.32876885,56702464.32876885,-8.117193748154008,8.117193748154008,0.004940085998896393,pricing_mc_v1
33,long_emerging_break,long,emerging,True,none,bornhuetter_ferguson_break_aware,gross,success,489322879.937446,698547627.2716045,-209224747.33415854,209224747.33415854,-29.951393314633535,29.951393314633535,0.0051588339993031695,pricing_mc_v1
34,long_emerging_break,long,emerging,True,none,bornhuetter_ferguson_standard,ceded,success,223325333.25591165,353659686.90908873,-130334353.65317708,130334353.65317708,-36.85304219778961,36.85304219778961,0.00490758300111338,pricing_mc_v1
34,long_emerging_break,long,emerging,True,none,bornhuetter_ferguson_break_aware,ceded,success,175324229.08050472,353659686.90908873,-178335457.82858402,178335457.82858402,-50.425724058967084,50.425724058967084,0.005336123000233783,pricing_mc_v1
34,long_emerging_break,long,emerging,True,none,bornhuetter_ferguson_standard,gross,success,641845162.9428357,711979917.6094035,-70134754.6665678,70134754.6665678,-9.850664735328133,9.850664735328133,0.005291585001032217,pricing_mc_v1
34,long_emerging_break,long,emerging,True,none,bornhuetter_ferguson_break_aware,gross,success,489322879.937446,711979917.6094035,-222657037.6719575,222657037.6719575,-31.272937924930137,31.272937924930137,0.00518336799905228,pricing_mc_v1
35,long_emerging_break,long,emerging,True,none,bornhuetter_ferguson_standard,ceded,success,223325333.25591165,310671306.8566615,-87345973.60074985,87345973.60074985,-28.115236802686066,28.115236802686066,0.005509844000698649,pricing_mc_v1
35,long_emerging_break,long,emerging,True,none,bornhuetter_ferguson_break_aware,ceded,success,175324229.08050472,310671306.8566615,-135347077.77615678,135347077.77615678,-43.56600522448751,43.56600522448751,0.00592390200108639,pricing_mc_v1
35,long_emerging_break,long,emerging,True,none,bornhuetter_ferguson_standard,gross,success,641845162.9428357,661633631.7672038,-19788468.82436812,19788468.82436812,-2.9908499015555945,2.9908499015555945,0.005927612000959925,pricing_mc_v1
35,long_emerging_break,long,emerging,True,none,bornhuetter_ferguson_break_aware,gross,success,489322879.937446,661633631.7672038,-172310751.8297578,172310751.8297578,-26.04322748369379,26.04322748369379,0.0056042109990812605,pricing_mc_v1
36,long_emerging_break,long,emerging,True,none,bornhuetter_ferguson_standard,ceded,success,223325333.25591165,298373766.60150135,-75048433.3455897,75048433.3455897,-25.152490515636394,25.152490515636394,0.005052810000051977,pricing_mc_v1
36,long_emerging_break,long,emerging,True,none,bornhuetter_ferguson_break_aware,ceded,success,175324229.08050472,298373766.60150135,-123049537.52099663,123049537.52099663,-41.240065747917356,41.240065747917356,0.004853811000430142,pricing_mc_v1
36,long_emerging_break,long,emerging,True,none,bornhuetter_ferguson_standard,gross,success,641845162.9428357,626685541.6008736,15159621.3419621,15159621.3419621,2.4190156522897777,2.4190156522897777,0.005104588000904187,pricing_mc_v1
36,long_emerging_break,long,emerging,True,none,bornhuetter_ferguson_break_aware,gross,success,489322879.937446,626685541.6008736,-137362661.6634276,137362661.6634276,-21.918913481318476,21.918913481318476,0.004981729000064661,pricing_mc_v1
37,long_emerging_break,long,emerging,True,none,bornhuetter_ferguson_standard,ceded,success,223325333.25591165,280012844.6247065,-56687511.36879486,56687511.36879486,-20.244611080170827,20.244611080170827,0.00544071300100768,pricing_mc_v1
37,long_emerging_break,long,emerging,True,none,bornhuetter_ferguson_break_aware,ceded,success,175324229.08050472,280012844.6247065,-104688615.54420179,104688615.54420179,-37.38707618377759,37.38707618377759,0.0049327980013913475,pricing_mc_v1
37,long_emerging_break,long,emerging,True,none,bornhuetter_ferguson_standard,gross,success,641845162.9428357,573192608.4815664,68652554.46126926,68652554.46126926,11.977222568018703,11.977222568018703,0.005175174999749288,pricing_mc_v1
37,long_emerging_break,long,emerging,True,none,bornhuetter_ferguson_break_aware,gross,success,489322879.937446,573192608.4815664,-83869728.54412043,83869728.54412043,-14.632032462229079,14.632032462229079,0.00484916800087376,pricing_mc_v1
38,long_emerging_break,long,emerging,True,none,bornhuetter_ferguson_standard,ceded,success,223325333.25591165,312303097.24901414,-88977763.99310249,88977763.99310249,-28.490836234696797,28.490836234696797,0.006864822000352433,pricing_mc_v1
38,long_emerging_break,long,emerging,True,none,bornhuetter_ferguson_break_aware,ceded,success,175324229.08050472,312303097.24901414,-136978868.16850942,136978868.16850942,-43.86087405956453,43.86087405956453,0.0060656360001303256,pricing_mc_v1
38,long_emerging_break,long,emerging,True,none,bornhuetter_ferguson_standard,gross,success,641845162.9428357,673701907.4173647,-31856744.474529028,31856744.474529028,-4.728611292886465,4.728611292886465,0.018369146000623005,pricing_mc_v1
38,long_emerging_break,long,emerging,True,none,bornhuetter_ferguson_break_aware,gross,success,489322879.937446,673701907.4173647,-184379027.47991872,184379027.47991872,-27.36804296528348,27.36804296528348,0.006112690998634207,pricing_mc_v1
39,long_emerging_break,long,emerging,True,none,bornhuetter_ferguson_standard,ceded,success,223325333.25591165,329071260.7806257,-105745927.52471405,105745927.52471405,-32.13465900178054,32.13465900178054,0.005200259000048391,pricing_mc_v1
39,long_emerging_break,long,emerging,True,none,bornhuetter_ferguson_break_aware,ceded,success,175324229.08050472,329071260.7806257,-153747031.700121,153747031.700121,-46.721500788431335,46.721500788431335,0.005110283000249183,pricing_mc_v1
39,long_emerging_break,long,emerging,True,none,bornhuetter_ferguson_standard,gross,success,641845162.9428357,705695914.6879461,-63850751.74511039,63850751.74511039,-9.047912906417315,9.047912906417315,0.0049619510009506484,pricing_mc_v1
39,long_emerging_break,long,emerging,True,none,bornhuetter_ferguson_break_aware,gross,success,489322879.937446,705695914.6879461,-216373034.75050008,216373034.75050008,-30.66094478472059,30.66094478472059,0.004993757998818182,pricing_mc_v1
40,long_emerging_break,long,emerging,True,none,bornhuetter_ferguson_standard,ceded,success,223325333.25591165,264420912.58280376,-41095579.32689211,41095579.32689211,-15.541728120321412,15.541728120321412,0.005100002999824937,pricing_mc_v1
40,long_emerging_break,long,emerging,True,none,bornhuetter_ferguson_break_aware,ceded,success,175324229.08050472,264420912.58280376,-89096683.50229904,89096683.50229904,-33.69502155938528,33.69502155938528,0.005062103999080136,pricing_mc_v1
40,long_emerging_break,long,emerging,True,none,bornhuetter_ferguson_standard,gross,success,641845162.9428357,582855653.1355705,58989509.80726516,58989509.80726516,10.120775099275631,10.120775099275631,0.005175244999918505,pricing_mc_v1
40,long_emerging_break,long,emerging,True,none,bornhuetter_ferguson_break_aware,gross,success,489322879.937446,582855653.1355705,-93532773.19812453,93532773.19812453,-16.04733053457561,16.04733053457561,0.0066693080007098615,pricing_mc_v1
41,long_emerging_break,long,emerging,True,none,bornhuetter_ferguson_standard,ceded,success,223325333.25591165,319130515.04039764,-95805181.784486,95805181.784486,-30.020689739543815,30.020689739543815,0.004984396999134333,pricing_mc_v1
41,long_emerging_break,long,emerging,True,none,bornhuetter_ferguson_break_aware,ceded,success,175324229.08050472,319130515.04039764,-143806285.95989293,143806285.95989293,-45.06190388646757,45.06190388646757,0.005334616000254755,pricing_mc_v1
41,long_emerging_break,long,emerging,True,none,bornhuetter_ferguson_standard,gross,success,641845162.9428357,663356288.9427022,-21511125.999866486,21511125.999866486,-3.242771095779047,3.242771095779047,0.005425912999271532,pricing_mc_v1
41,long_emerging_break,long,emerging,True,none,bornhuetter_ferguson_break_aware,gross,success,489322879.937446,663356288.9427022,-174033409.00525618,174033409.00525618,-26.235284402389745,26.235284402389745,0.005175053000129992,pricing_mc_v1
42,long_emerging_break,long,emerging,True,none,bornhuetter_ferguson_standard,ceded,success,223325333.25591165,365620897.7543769,-142295564.49846524,142295564.49846524,-38.91888165376668,38.91888165376668,0.00499728800059529,pricing_mc_v1
42,long_emerging_break,long,emerging,True,none,bornhuetter_ferguson_break_aware,ceded,success,175324229.08050472,365620897.7543769,-190296668.67387217,190296668.67387217,-52.04753607976559,52.04753607976559,0.004882891000306699,pricing_mc_v1
42,long_emerging_break,long,emerging,True,none,bornhuetter_ferguson_standard,gross,success,641845162.9428357,760742684.7051454,-118897521.76230967,118897521.76230967,-15.629137703557793,15.629137703557793,0.005326672000592225,pricing_mc_v1
42,long_emerging_break,long,emerging,True,none,bornhuetter_ferguson_break_aware,gross,success,489322879.937446,760742684.7051454,-271419804.76769936,271419804.76769936,-35.67826680750777,35.67826680750777,0.00498649499968451,pricing_mc_v1
43,long_emerging_break,long,emerging,True,none,bornhuetter_ferguson_standard,ceded,success,223325333.25591165,361095337.33123547,-137770004.07532382,137770004.07532382,-38.15336002218892,38.15336002218892,0.0053664879997086246,pricing_mc_v1
43,long_emerging_break,long,emerging,True,none,bornhuetter_ferguson_break_aware,ceded,success,175324229.08050472,361095337.33123547,-185771108.25073075,185771108.25073075,-51.446554149305314,51.446554149305314,0.005183436000152142,pricing_mc_v1
43,long_emerging_break,long,emerging,True,none,bornhuetter_ferguson_standard,gross,success,641845162.9428357,708200244.9624375,-66355082.01960182,66355082.01960182,-9.36953672236039,9.36953672236039,0.005189425000935444,pricing_mc_v1
43,long_emerging_break,long,emerging,True,none,bornhuetter_ferguson_break_aware,gross,success,489322879.937446,708200244.9624375,-218877365.0249915,218877365.0249915,-30.906140824139456,30.906140824139456,0.005121172998769907,pricing_mc_v1
44,long_emerging_break,long,emerging,True,none,bornhuetter_ferguson_standard,ceded,success,223325333.25591165,385637467.7939311,-162312134.53801948,162312134.53801948,-42.08930617311087,42.08930617311087,0.005070134999186848,pricing_mc_v1
44,long_emerging_break,long,emerging,True,none,bornhuetter_ferguson_break_aware,ceded,success,175324229.08050472,385637467.7939311,-210313238.7134264,210313238.7134264,-54.53651584130025,54.53651584130025,0.00540323899986106,pricing_mc_v1
44,long_emerging_break,long,emerging,True,none,bornhuetter_ferguson_standard,gross,success,641845162.9428357,785838536.0565786,-143993373.11374295,143993373.11374295,-18.323531680733932,18.323531680733932,0.0053166310008236906,pricing_mc_v1
44,long_emerging_break,long,emerging,True,none,bornhuetter_ferguson_break_aware,gross,success,489322879.937446,785838536.0565786,-296515656.11913264,296515656.11913264,-37.73238935406245,37.73238935406245,0.005400977999670431,pricing_mc_v1
45,long_emerging_break,long,emerging,True,none,bornhuetter_ferguson_standard,ceded,success,223325333.25591165,326853781.3478096,-103528448.09189796,103528448.09189796,-31.67423906340919,31.67423906340919,0.005315615000654361,pricing_mc_v1
45,long_emerging_break,long,emerging,True,none,bornhuetter_ferguson_break_aware,ceded,success,175324229.08050472,326853781.3478096,-151529552.2673049,151529552.2673049,-46.360042598393626,46.360042598393626,0.0049786500003392575,pricing_mc_v1
45,long_emerging_break,long,emerging,True,none,bornhuetter_ferguson_standard,gross,success,641845162.9428357,674736006.6359785,-32890843.69314277,32890843.69314277,-4.874624055877227,4.874624055877227,0.0052502719991025515,pricing_mc_v1
45,long_emerging_break,long,emerging,True,none,bornhuetter_ferguson_break_aware,gross,success,489322879.937446,674736006.6359785,-185413126.69853246,185413126.69853246,-27.479358575058708,27.479358575058708,0.0054018520004319726,pricing_mc_v1
46,long_emerging_break,long,emerging,True,none,bornhuetter_ferguson_standard,ceded,success,223325333.25591165,344662403.1959149,-121337069.94000328,121337069.94000328,-35.20461437478929,35.20461437478929,0.005155597000339185,pricing_mc_v1
46,long_emerging_break,long,emerging,True,none,bornhuetter_ferguson_break_aware,ceded,success,175324229.08050472,344662403.1959149,-169338174.1154102,169338174.1154102,-49.13160604266839,49.13160604266839,0.005179170000701561,pricing_mc_v1
46,long_emerging_break,long,emerging,True,none,bornhuetter_ferguson_standard,gross,success,641845162.9428357,709992671.0915889,-68147508.14875317,68147508.14875317,-9.598339662292394,9.598339662292394,0.005464608000693261,pricing_mc_v1
46,long_emerging_break,long,emerging,True,none,bornhuetter_ferguson_break_aware,gross,success,489322879.937446,709992671.0915889,-220669791.15414286,220669791.15414286,-31.08057310153227,31.08057310153227,0.004981079999197391,pricing_mc_v1
47,long_emerging_break,long,emerging,True,none,bornhuetter_ferguson_standard,ceded,success,223325333.25591165,298208536.8960704,-74883203.64015877,74883203.64015877,-25.111019429419134,25.111019429419134,0.005960779000815819,pricing_mc_v1
47,long_emerging_break,long,emerging,True,none,bornhuetter_ferguson_break_aware,ceded,success,175324229.08050472,298208536.8960704,-122884307.8155657,122884307.8155657,-41.20750837471581,41.20750837471581,0.004970936999598052,pricing_mc_v1
47,long_emerging_break,long,emerging,True,none,bornhuetter_ferguson_standard,gross,success,641845162.9428357,641971582.1862807,-126419.2434450388,126419.2434450388,-0.019692342613439197,0.019692342613439197,0.00602301599974453,pricing_mc_v1
47,long_emerging_break,long,emerging,True,none,bornhuetter_ferguson_break_aware,gross,success,489322879.937446,641971582.1862807,-152648702.24883473,152648702.24883473,-23.778108951330605,23.778108951330605,0.005229378999501932,pricing_mc_v1
48,long_emerging_break,long,emerging,True,none,bornhuetter_ferguson_standard,ceded,success,223325333.25591165,322795334.1595725,-99470000.90366083,99470000.90366083,-30.8151916639812,30.8151916639812,0.005074595001133275,pricing_mc_v1
48,long_emerging_break,long,emerging,True,none,bornhuetter_ferguson_break_aware,ceded,success,175324229.08050472,322795334.1595725,-147471105.07906777,147471105.07906777,-45.68563714312118,45.68563714312118,0.005213440001170966,pricing_mc_v1
48,long_emerging_break,long,emerging,True,none,bornhuetter_ferguson_standard,gross,success,641845162.9428357,657056027.2257503,-15210864.282914639,15210864.282914639,-2.3150026257484604,2.3150026257484604,0.005275850000543869,pricing_mc_v1
48,long_emerging_break,long,emerging,True,none,bornhuetter_ferguson_break_aware,gross,success,489322879.937446,657056027.2257503,-167733147.28830433,167733147.28830433,-25.52798244565449,25.52798244565449,0.005021568000302068,pricing_mc_v1
49,long_emerging_break,long,emerging,True,none,bornhuetter_ferguson_standard,ceded,success,223325333.25591165,287480166.4890658,-64154833.23315418,64154833.23315418,-22.316264115421777,22.316264115421777,0.005520663000424975,pricing_mc_v1
49,long_emerging_break,long,emerging,True,none,bornhuetter_ferguson_break_aware,ceded,success,175324229.08050472,287480166.4890658,-112155937.40856111,112155937.40856111,-39.013452224651786,39.013452224651786,0.005148172000190243,pricing_mc_v1
49,long_emerging_break,long,emerging,True,none,bornhuetter_ferguson_standard,gross,success,641845162.9428357,604805252.3114972,37039910.63133848,37039910.63133848,6.124270662296025,6.124270662296025,0.005284594999466208,pricing_mc_v1
49,long_emerging_break,long,emerging,True,none,bornhuetter_ferguson_break_aware,gross,success,489322879.937446,604805252.3114972,-115482372.37405121,115482372.37405121,-19.094141780794835,19.094141780794835,0.005570474999331054,pricing_mc_v1
50,long_emerging_break,long,emerging,True,none,bornhuetter_ferguson_standard,ceded,success,223325333.25591165,335576286.10000974,-112250952.84409809,112250952.84409809,-33.45020416926738,33.45020416926738,0.005309804000717122,pricing_mc_v1
50,long_emerging_break,long,emerging,True,none,bornhuetter_ferguson_break_aware,ceded,success,175324229.08050472,335576286.10000974,-160252057.01950502,160252057.01950502,-47.75428528693654,47.75428528693654,0.005178641000384232,pricing_mc_v1
50,long_emerging_break,long,emerging,True,none,bornhuetter_ferguson_standard,gross,success,641845162.9428357,709759978.3841977,-67914815.44136202,67914815.44136202,-9.568701745620164,9.568701745620164,0.005051886999353883,pricing_mc_v1
50,long_emerging_break,long,emerging,True,none,bornhuetter_ferguson_break_aware,gross,success,489322879.937446,709759978.3841977,-220437098.4467517,220437098.4467517,-31.057978071486538,31.057978071486538,0.005942038998909993,pricing_mc_v1
1,long_emerging_no_break,long,emerging,False,none,bornhuetter_ferguson_standard,ceded,success,261066904.0584011,408650367.9529617,-147583463.89456058,147583463.89456058,-36.114849139582425,36.114849139582425,0.005306421000568662,pricing_mc_v1
1,long_emerging_no_break,long,emerging,False,none,bornhuetter_ferguson_break_aware,ceded,success,261066904.0584011,408650367.9529617,-147583463.89456058,147583463.89456058,-36.114849139582425,36.114849139582425,0.004957130999173387,pricing_mc_v1
1,long_emerging_no_break,long,emerging,False,none,bornhuetter_ferguson_standard,gross,success,689409699.3878429,880522805.4172088,-191113106.0293659,191113106.0293659,-21.7045038304048,21.7045038304048,0.0053255559996614465,pricing_mc_v1
1,long_emerging_no_break,long,emerging,False,none,bornhuetter_ferguson_break_aware,gross,success,689409699.3878429,880522805.4172088,-191113106.0293659,191113106.0293659,-21.7045038304048,21.7045038304048,0.00501671200072451,pricing_mc_v1
2,long_emerging_no_break,long,emerging,False,none,bornhuetter_ferguson_standard,ceded,success,261066904.0584011,435759123.7895667,-174692219.7311656,174692219.7311656,-40.08917087310983,40.08917087310983,0.0050929990011354676,pricing_mc_v1
2,long_emerging_no_break,long,emerging,False,none,bornhuetter_ferguson_break_aware,ceded,success,261066904.0584011,435759123.7895667,-174692219.7311656,174692219.7311656,-40.08917087310983,40.08917087310983,0.005094725000162725,pricing_mc_v1
2,long_emerging_no_break,long,emerging,False,none,bornhuetter_ferguson_standard,gross,success,689409699.3878429,873630936.4761838,-184221237.08834088,184221237.08834088,-21.086849079704375,21.086849079704375,0.0057368060006410815,pricing_mc_v1
2,long_emerging_no_break,long,emerging,False,none,bornhuetter_ferguson_break_aware,gross,success,689409699.3878429,873630936.4761838,-184221237.08834088,184221237.08834088,-21.086849079704375,21.086849079704375,0.006083761998525006,pricing_mc_v1
3,long_emerging_no_break,long,emerging,False,none,bornhuetter_ferguson_standard,ceded,success,261066904.0584011,430686769.09559107,-169619865.03718996,169619865.03718996,-39.383579252591986,39.383579252591986,0.0051099150005029514,pricing_mc_v1
3,long_emerging_no_break,long,emerging,False,none,bornhuetter_ferguson_break_aware,ceded,success,261066904.0584011,430686769.09559107,-169619865.03718996,169619865.03718996,-39.383579252591986,39.383579252591986,0.0050121709991799435,pricing_mc_v1
3,long_emerging_no_break,long,emerging,False,none,bornhuetter_ferguson_standard,gross,success,689409699.3878429,817379242.251468,-127969542.86362505,127969542.86362505,-15.656079363005775,15.656079363005775,0.00842212799943809,pricing_mc_v1
3,long_emerging_no_break,long,emerging,False,none,bornhuetter_ferguson_break_aware,gross,success,689409699.3878429,817379242.251468,-127969542.86362505,127969542.86362505,-15.656079363005775,15.656079363005775,0.008625585000118008,pricing_mc_v1
4,long_emerging_no_break,long,emerging,False,none,bornhuetter_ferguson_standard,ceded,success,261066904.0584011,394207720.42512184,-133140816.36672074,133140816.36672074,-33.774279261486534,33.774279261486534,0.012480908999350504,pricing_mc_v1
4,long_emerging_no_break,long,emerging,False,none,bornhuetter_ferguson_break_aware,ceded,success,261066904.0584011,394207720.42512184,-133140816.36672074,133140816.36672074,-33.774279261486534,33.774279261486534,0.0052293579992692685,pricing_mc_v1
4,long_emerging_no_break,long,emerging,False,none,bornhuetter_ferguson_standard,gross,success,689409699.3878429,832237899.2516149,-142828199.86377203,142828199.86377203,-17.161943717320426,17.161943717320426,0.006106811000790913,pricing_mc_v1
4,long_emerging_no_break,long,emerging,False,none,bornhuetter_ferguson_break_aware,gross,success,689409699.3878429,832237899.2516149,-142828199.86377203,142828199.86377203,-17.161943717320426,17.161943717320426,0.005143258000316564,pricing_mc_v1
5,long_emerging_no_break,long,emerging,False,none,bornhuetter_ferguson_standard,ceded,success,261066904.0584011,390448899.05505055,-129381994.99664944,129381994.99664944,-33.1367293670887,33.1367293670887,0.00522952600113058,pricing_mc_v1
5,long_emerging_no_break,long,emerging,False,none,bornhuetter_ferguson_break_aware,ceded,success,261066904.0584011,390448899.05505055,-129381994.99664944,129381994.99664944,-33.1367293670887,33.1367293670887,0.005276498000966967,pricing_mc_v1
5,long_emerging_no_break,long,emerging,False,none,bornhuetter_ferguson_standard,gross,success,689409699.3878429,808012959.1105715,-118603259.72272861,118603259.72272861,-14.678385833475042,14.678385833475042,0.005497637001099065,pricing_mc_v1
5,long_emerging_no_break,long,emerging,False,none,bornhuetter_ferguson_break_aware,gross,success,689409699.3878429,808012959.1105715,-118603259.72272861,118603259.72272861,-14.678385833475042,14.678385833475042,0.0051357440006540855,pricing_mc_v1
6,long_emerging_no_break,long,emerging,False,none,bornhuetter_ferguson_standard,ceded,success,261066904.0584011,383883858.86950636,-122816954.81110525,122816954.81110525,-31.99325837058818,31.99325837058818,0.006687697001325432,pricing_mc_v1
6,long_emerging_no_break,long,emerging,False,none,bornhuetter_ferguson_break_aware,ceded,success,261066904.0584011,383883858.86950636,-122816954.81110525,122816954.81110525,-31.99325837058818,31.99325837058818,0.0049809009997261455,pricing_mc_v1
6,long_emerging_no_break,long,emerging,False,none,bornhuetter_ferguson_standard,gross,success,689409699.3878429,831330641.7837005,-141920942.39585757,141920942.39585757,-17.071539921992102,17.071539921992102,0.005317438000929542,pricing_mc_v1
6,long_emerging_no_break,long,emerging,False,none,bornhuetter_ferguson_break_aware,gross,success,689409699.3878429,831330641.7837005,-141920942.39585757,141920942.39585757,-17.071539921992102,17.071539921992102,0.00531558100010443,pricing_mc_v1
7,long_emerging_no_break,long,emerging,False,none,bornhuetter_ferguson_standard,ceded,success,261066904.0584011,390762234.94918907,-129695330.89078796,129695330.89078796,-33.19034422752042,33.19034422752042,0.005205614001170034,pricing_mc_v1
7,long_emerging_no_break,long,emerging,False,none,bornhuetter_ferguson_break_aware,ceded,success,261066904.0584011,390762234.94918907,-129695330.89078796,129695330.89078796,-33.19034422752042,33.19034422752042,0.005064163000497501,pricing_mc_v1
7,long_emerging_no_break,long,emerging,False,none,bornhuetter_ferguson_standard,gross,success,689409699.3878429,810141677.1862512,-120731977.79840827,120731977.79840827,-14.902575833122095,14.902575833122095,0.005250561000138987,pricing_mc_v1
7,long_emerging_no_break,long,emerging,False,none,bornhuetter_ferguson_break_aware,gross,success,689409699.3878429,810141677.1862512,-120731977.79840827,120731977.79840827,-14.902575833122095,14.902575833122095,0.004885871001533815,pricing_mc_v1
8,long_emerging_no_break,long,emerging,False,none,bornhuetter_ferguson_standard,ceded,success,261066904.0584011,466654718.757437,-205587814.69903588,205587814.69903588,-44.0556596634135,44.0556596634135,0.00570579200029897,pricing_mc_v1
8,long_emerging_no_break,long,emerging,False,none,bornhuetter_ferguson_break_aware,ceded,success,261066904.0584011,466654718.757437,-205587814.69903588,205587814.69903588,-44.0556596634135,44.0556596634135,0.005003876000046148,pricing_mc_v1
8,long_emerging_no_break,long,emerging,False,none,bornhuetter_ferguson_standard,gross,success,689409699.3878429,946527722.776804,-257118023.38896108,257118023.38896108,-27.164341540326,27.164341540326,0.00534349299960013,pricing_mc_v1
8,long_emerging_no_break,long,emerging,False,none,bornhuetter_ferguson_break_aware,gross,success,689409699.3878429,946527722.776804,-257118023.38896108,257118023.38896108,-27.164341540326,27.164341540326,0.005007746000046609,pricing_mc_v1
9,long_emerging_no_break,long,emerging,False,none,bornhuetter_ferguson_standard,ceded,success,261066904.0584011,430188839.7616966,-169121935.70329547,169121935.70329547,-39.31341775323151,39.31341775323151,0.0050747799996315734,pricing_mc_v1
9,long_emerging_no_break,long,emerging,False,none,bornhuetter_ferguson_break_aware,ceded,success,261066904.0584011,430188839.7616966,-169121935.70329547,169121935.70329547,-39.31341775323151,39.31341775323151,0.00515241699940816,pricing_mc_v1
9,long_emerging_no_break,long,emerging,False,none,bornhuetter_ferguson_standard,gross,success,689409699.3878429,864050659.6168107,-174640960.2289678,174640960.2289678,-20.211889000399303,20.211889000399303,0.005077624999103136,pricing_mc_v1
9,long_emerging_no_break,long,emerging,False,none,bornhuetter_ferguson_break_aware,gross,success,689409699.3878429,864050659.6168107,-174640960.2289678,174640960.2289678,-20.211889000399303,20.211889000399303,0.0053193410003586905,pricing_mc_v1
10,long_emerging_no_break,long,emerging,False,none,bornhuetter_ferguson_standard,ceded,success,261066904.0584011,448150465.0327139,-187083560.97431278,187083560.97431278,-41.74570274308566,41.74570274308566,0.005045406000135699,pricing_mc_v1
10,long_emerging_no_break,long,emerging,False,none,bornhuetter_ferguson_break_aware,ceded,success,261066904.0584011,448150465.0327139,-187083560.97431278,187083560.97431278,-41.74570274308566,41.74570274308566,0.004824376999749802,pricing_mc_v1
10,long_emerging_no_break,long,emerging,False,none,bornhuetter_ferguson_standard,gross,success,689409699.3878429,974852670.2191871,-285442970.83134425,285442970.83134425,-29.280626657889226,29.280626657889226,0.0053125559988984605,pricing_mc_v1
10,long_emerging_no_break,long,emerging,False,none,bornhuetter_ferguson_break_aware,gross,success,689409699.3878429,974852670.2191871,-285442970.83134425,285442970.83134425,-29.280626657889226,29.280626657889226,0.0048939259995677276,pricing_mc_v1
11,long_emerging_no_break,long,emerging,False,none,bornhuetter_ferguson_standard,ceded,success,261066904.0584011,447353470.6937061,-186286566.635305,186286566.635305,-41.64191826799342,41.64191826799342,0.005474502000652137,pricing_mc_v1
11,long_emerging_no_break,long,emerging,False,none,bornhuetter_ferguson_break_aware,ceded,success,261066904.0584011,447353470.6937061,-186286566.635305,186286566.635305,-41.64191826799342,41.64191826799342,0.005402205999416765,pricing_mc_v1
11,long_emerging_no_break,long,emerging,False,none,bornhuetter_ferguson_standard,gross,success,689409699.3878429,898223559.7310822,-208813860.3432393,208813860.3432393,-23.24742633178713,23.24742633178713,0.005306140999891795,pricing_mc_v1
11,long_emerging_no_break,long,emerging,False,none,bornhuetter_ferguson_break_aware,gross,success,689409699.3878429,898223559.7310822,-208813860.3432393,208813860.3432393,-23.24742633178713,23.24742633178713,0.005361118999644532,pricing_mc_v1
12,long_emerging_no_break,long,emerging,False,none,bornhuetter_ferguson_standard,ceded,success,261066904.0584011,429313850.2498671,-168246946.19146597,168246946.19146597,-39.18973172972261,39.18973172972261,0.005041447999246884,pricing_mc_v1
12,long_emerging_no_break,long,emerging,False,none,bornhuetter_ferguson_break_aware,ceded,success,261066904.0584011,429313850.2498671,-168246946.19146597,168246946.19146597,-39.18973172972261,39.18973172972261,0.00511079199895903,pricing_mc_v1
12,long_emerging_no_break,long,emerging,False,none,bornhuetter_ferguson_standard,gross,success,689409699.3878429,864654893.3003402,-175245193.91249728,175245193.91249728,-20.26764611758525,20.26764611758525,0.005857155001649517,pricing_mc_v1
12,long_emerging_no_break,long,emerging,False,none,bornhuetter_ferguson_break_aware,gross,success,689409699.3878429,864654893.3003402,-175245193.91249728,175245193.91249728,-20.26764611758525,20.26764611758525,0.005201381000006222,pricing_mc_v1
13,long_emerging_no_break,long,emerging,False,none,bornhuetter_ferguson_standard,ceded,success,261066904.0584011,457401365.7527426,-196334461.69434148,196334461.69434148,-42.92389056845842,42.92389056845842,0.005258782999590039,pricing_mc_v1
13,long_emerging_no_break,long,emerging,False,none,bornhuetter_ferguson_break_aware,ceded,success,261066904.0584011,457401365.7527426,-196334461.69434148,196334461.69434148,-42.92389056845842,42.92389056845842,0.004939892000038526,pricing_mc_v1
13,long_emerging_no_break,long,emerging,False,none,bornhuetter_ferguson_standard,gross,success,689409699.3878429,902828928.381405,-213419228.9935621,213419228.9935621,-23.638944464947624,23.638944464947624,0.004975527001079172,pricing_mc_v1
13,long_emerging_no_break,long,emerging,False,none,bornhuetter_ferguson_break_aware,gross,success,689409699.3878429,902828928.381405,-213419228.9935621,213419228.9935621,-23.638944464947624,23.638944464947624,0.004862250998485251,pricing_mc_v1
14,long_emerging_no_break,long,emerging,False,none,bornhuetter_ferguson_standard,ceded,success,261066904.0584011,413449654.86983955,-152382750.81143844,152382750.81143844,-36.856422303559775,36.856422303559775,0.005106672999318107,pricing_mc_v1
14,long_emerging_no_break,long,emerging,False,none,bornhuetter_ferguson_break_aware,ceded,success,261066904.0584011,413449654.86983955,-152382750.81143844,152382750.81143844,-36.856422303559775,36.856422303559775,0.005849060000400641,pricing_mc_v1
14,long_emerging_no_break,long,emerging,False,none,bornhuetter_ferguson_standard,gross,success,689409699.3878429,831336589.2148616,-141926889.82701874,141926889.82701874,-17.072133197103547,17.072133197103547,0.005458651001390535,pricing_mc_v1
14,long_emerging_no_break,long,emerging,False,none,bornhuetter_ferguson_break_aware,gross,success,689409699.3878429,831336589.2148616,-141926889.82701874,141926889.82701874,-17.072133197103547,17.072133197103547,0.007788124999933643,pricing_mc_v1
15,long_emerging_no_break,long,emerging,False,none,bornhuetter_ferguson_standard,ceded,success,261066904.0584011,442539573.47243255,-181472669.41403145,181472669.41403145,-41.007105418863986,41.007105418863986,0.005151178000232903,pricing_mc_v1
15,long_emerging_no_break,long,emerging,False,none,bornhuetter_ferguson_break_aware,ceded,success,261066904.0584011,442539573.47243255,-181472669.41403145,181472669.41403145,-41.007105418863986,41.007105418863986,0.004890182999588433,pricing_mc_v1
15,long_emerging_no_break,long,emerging,False,none,bornhuetter_ferguson_standard,gross,success,689409699.3878429,933739326.0117816,-244329626.62393868,244329626.62393868,-26.16679193191182,26.16679193191182,0.005945652999798767,pricing_mc_v1
15,long_emerging_no_break,long,emerging,False,none,bornhuetter_ferguson_break_aware,gross,success,689409699.3878429,933739326.0117816,-244329626.62393868,244329626.62393868,-26.16679193191182,26.16679193191182,0.005721080000512302,pricing_mc_v1
16,long_emerging_no_break,long,emerging,False,none,bornhuetter_ferguson_standard,ceded,success,261066904.0584011,410639150.634794,-149572246.5763929,149572246.5763929,-36.424253835800585,36.424253835800585,0.005054284998550429,pricing_mc_v1
16,long_emerging_no_break,long,emerging,False,none,bornhuetter_ferguson_break_aware,ceded,success,261066904.0584011,410639150.634794,-149572246.5763929,149572246.5763929,-36.424253835800585,36.424253835800585,0.006219965000127559,pricing_mc_v1
16,long_emerging_no_break,long,emerging,False,none,bornhuetter_ferguson_standard,gross,success,689409699.3878429,881699615.693645,-192289916.3058021,192289916.3058021,-21.80900534413016,21.80900534413016,0.006926478001332725,pricing_mc_v1
16,long_emerging_no_break,long,emerging,False,none,bornhuetter_ferguson_break_aware,gross,success,689409699.3878429,881699615.693645,-192289916.3058021,192289916.3058021,-21.80900534413016,21.80900534413016,0.008390368000618764,pricing_mc_v1
17,long_emerging_no_break,long,emerging,False,none,bornhuetter_ferguson_standard,ceded,success,261066904.0584011,406853022.42213166,-145786118.36373055,145786118.36373055,-35.83262513224486,35.83262513224486,0.00649746899944148,pricing_mc_v1
17,long_emerging_no_break,long,emerging,False,none,bornhuetter_ferguson_break_aware,ceded,success,261066904.0584011,406853022.42213166,-145786118.36373055,145786118.36373055,-35.83262513224486,35.83262513224486,0.005340531000911142,pricing_mc_v1
17,long_emerging_no_break,long,emerging,False,none,bornhuetter_ferguson_standard,gross,success,689409699.3878429,884665963.6343496,-195256264.2465067,195256264.2465067,-22.071185314326172,22.071185314326172,0.008237839001594693,pricing_mc_v1
17,long_emerging_no_break,long,emerging,False,none,bornhuetter_ferguson_break_aware,gross,success,689409699.3878429,884665963.6343496,-195256264.2465067,195256264.2465067,-22.071185314326172,22.071185314326172,0.005354163999072625,pricing_mc_v1
18,long_emerging_no_break,long,emerging,False,none,bornhuetter_ferguson_standard,ceded,success,261066904.0584011,407229929.28623265,-146163025.22783154,146163025.22783154,-35.89201449019649,35.89201449019649,0.005890111999178771,pricing_mc_v1
18,long_emerging_no_break,long,emerging,False,none,bornhuetter_ferguson_break_aware,ceded,success,261066904.0584011,407229929.28623265,-146163025.22783154,146163025.22783154,-35.89201449019649,35.89201449019649,0.007410341999275261,pricing_mc_v1
18,long_emerging_no_break,long,emerging,False,none,bornhuetter_ferguson_standard,gross,success,689409699.3878429,829111400.8503416,-139701701.46249866,139701701.46249866,-16.84956946909906,16.84956946909906,0.006021076000251924,pricing_mc_v1
18,long_emerging_no_break,long,emerging,False,none,bornhuetter_ferguson_break_aware,gross,success,689409699.3878429,829111400.8503416,-139701701.46249866,139701701.46249866,-16.84956946909906,16.84956946909906,0.006433025000660564,pricing_mc_v1
19,long_emerging_no_break,long,emerging,False,none,bornhuetter_ferguson_standard,ceded,success,261066904.0584011,482874646.8153434,-221807742.75694227,221807742.75694227,-45.93484959705578,45.93484959705578,0.005435742999907234,pricing_mc_v1
19,long_emerging_no_break,long,emerging,False,none,bornhuetter_ferguson_break_aware,ceded,success,261066904.0584011,482874646.8153434,-221807742.75694227,221807742.75694227,-45.93484959705578,45.93484959705578,0.006319423999229912,pricing_mc_v1
19,long_emerging_no_break,long,emerging,False,none,bornhuetter_ferguson_standard,gross,success,689409699.3878429,918491321.1212709,-229081621.733428,229081621.733428,-24.94107635701674,24.94107635701674,0.005737994999435614,pricing_mc_v1
19,long_emerging_no_break,long,emerging,False,none,bornhuetter_ferguson_break_aware,gross,success,689409699.3878429,918491321.1212709,-229081621.733428,229081621.733428,-24.94107635701674,24.94107635701674,0.010948592998829554,pricing_mc_v1
20,long_emerging_no_break,long,emerging,False,none,bornhuetter_ferguson_standard,ceded,success,261066904.0584011,456773414.90214616,-195706510.84374505,195706510.84374505,-42.845424987281916,42.845424987281916,0.006419571000151336,pricing_mc_v1
20,long_emerging_no_break,long,emerging,False,none,bornhuetter_ferguson_break_aware,ceded,success,261066904.0584011,456773414.90214616,-195706510.84374505,195706510.84374505,-42.845424987281916,42.845424987281916,0.007204231000287109,pricing_mc_v1
20,long_emerging_no_break,long,emerging,False,none,bornhuetter_ferguson_standard,gross,success,689409699.3878429,953814828.8638831,-264405129.47604024,264405129.47604024,-27.720802977133513,27.720802977133513,0.00627292699937243,pricing_mc_v1
20,long_emerging_no_break,long,emerging,False,none,bornhuetter_ferguson_break_aware,gross,success,689409699.3878429,953814828.8638831,-264405129.47604024,264405129.47604024,-27.720802977133513,27.720802977133513,0.006712377999065211,pricing_mc_v1
21,long_emerging_no_break,long,emerging,False,none,bornhuetter_ferguson_standard,ceded,success,261066904.0584011,404544870.1766237,-143477966.1182226,143477966.1182226,-35.46651476647827,35.46651476647827,0.008354913999937708,pricing_mc_v1
21,long_emerging_no_break,long,emerging,False,none,bornhuetter_ferguson_break_aware,ceded,success,261066904.0584011,404544870.1766237,-143477966.1182226,143477966.1182226,-35.46651476647827,35.46651476647827,0.007493524999517831,pricing_mc_v1
21,long_emerging_no_break,long,emerging,False,none,bornhuetter_ferguson_standard,gross,success,689409699.3878429,870441471.9957026,-181031772.60785973,181031772.60785973,-20.797696161328293,20.797696161328293,0.005805303000670392,pricing_mc_v1
21,long_emerging_no_break,long,emerging,False,none,bornhuetter_ferguson_break_aware,gross,success,689409699.3878429,870441471.9957026,-181031772.60785973,181031772.60785973,-20.797696161328293,20.797696161328293,0.005880163998881471,pricing_mc_v1
22,long_emerging_no_break,long,emerging,False,none,bornhuetter_ferguson_standard,ceded,success,261066904.0584011,417744754.7690689,-156677850.7106678,156677850.7106678,-37.50564164408958,37.50564164408958,0.00915403099861578,pricing_mc_v1
22,long_emerging_no_break,long,emerging,False,none,bornhuetter_ferguson_break_aware,ceded,success,261066904.0584011,417744754.7690689,-156677850.7106678,156677850.7106678,-37.50564164408958,37.50564164408958,0.011598488999879919,pricing_mc_v1
22,long_emerging_no_break,long,emerging,False,none,bornhuetter_ferguson_standard,gross,success,689409699.3878429,837855382.4450485,-148445683.05720556,148445683.05720556,-17.717339551368404,17.717339551368404,0.009844139000051655,pricing_mc_v1
22,long_emerging_no_break,long,emerging,False,none,bornhuetter_ferguson_break_aware,gross,success,689409699.3878429,837855382.4450485,-148445683.05720556,148445683.05720556,-17.717339551368404,17.717339551368404,0.007657248999748845,pricing_mc_v1
23,long_emerging_no_break,long,emerging,False,none,bornhuetter_ferguson_standard,ceded,success,261066904.0584011,479069173.15681636,-218002269.09841526,218002269.09841526,-45.505384465022836,45.505384465022836,0.007106166000085068,pricing_mc_v1
23,long_emerging_no_break,long,emerging,False,none,bornhuetter_ferguson_break_aware,ceded,success,261066904.0584011,479069173.15681636,-218002269.09841526,218002269.09841526,-45.505384465022836,45.505384465022836,0.00790258199958771,pricing_mc_v1
23,long_emerging_no_break,long,emerging,False,none,bornhuetter_ferguson_standard,gross,success,689409699.3878429,943927910.9992571,-254518211.6114142,254518211.6114142,-26.96373405697657,26.96373405697657,0.009365576999698533,pricing_mc_v1
23,long_emerging_no_break,long,emerging,False,none,bornhuetter_ferguson_break_aware,gross,success,689409699.3878429,943927910.9992571,-254518211.6114142,254518211.6114142,-26.96373405697657,26.96373405697657,0.007779187999403803,pricing_mc_v1
24,long_emerging_no_break,long,emerging,False,none,bornhuetter_ferguson_standard,ceded,success,261066904.0584011,436460586.6554656,-175393682.5970645,175393682.5970645,-40.185457280594555,40.185457280594555,0.007397461999062216,pricing_mc_v1
24,long_emerging_no_break,long,emerging,False,none,bornhuetter_ferguson_break_aware,ceded,success,261066904.0584011,436460586.6554656,-175393682.5970645,175393682.5970645,-40.185457280594555,40.185457280594555,0.008019015000172658,pricing_mc_v1
24,long_emerging_no_break,long,emerging,False,none,bornhuetter_ferguson_standard,gross,success,689409699.3878429,915663146.7850547,-226253447.3972118,226253447.3972118,-24.709244681474896,24.709244681474896,0.007835214000806445,pricing_mc_v1
24,long_emerging_no_break,long,emerging,False,none,bornhuetter_ferguson_break_aware,gross,success,689409699.3878429,915663146.7850547,-226253447.3972118,226253447.3972118,-24.709244681474896,24.709244681474896,0.008891764000509284,pricing_mc_v1
25,long_emerging_no_break,long,emerging,False,none,bornhuetter_ferguson_standard,ceded,success,261066904.0584011,483451898.3606768,-222384994.30227572,222384994.30227572,-45.999404502568844,45.999404502568844,0.0064912800007732585,pricing_mc_v1
25,long_emerging_no_break,long,emerging,False,none,bornhuetter_ferguson_break_aware,ceded,success,261066904.0584011,483451898.3606768,-222384994.30227572,222384994.30227572,-45.999404502568844,45.999404502568844,0.0050899159996333765,pricing_mc_v1
25,long_emerging_no_break,long,emerging,False,none,bornhuetter_ferguson_standard,gross,success,689409699.3878429,1010446645.696698,-321036946.30885506,321036946.30885506,-31.771786038984935,31.771786038984935,0.007153020000259858,pricing_mc_v1
25,long_emerging_no_break,long,emerging,False,none,bornhuetter_ferguson_break_aware,gross,success,689409699.3878429,1010446645.696698,-321036946.30885506,321036946.30885506,-31.771786038984935,31.771786038984935,0.007855521000237786,pricing_mc_v1
26,long_emerging_no_break,long,emerging,False,none,bornhuetter_ferguson_standard,ceded,success,261066904.0584011,419609729.32777995,-158542825.26937884,158542825.26937884,-37.78340066694031,37.78340066694031,0.01026130500031286,pricing_mc_v1
26,long_emerging_no_break,long,emerging,False,none,bornhuetter_ferguson_break_aware,ceded,success,261066904.0584011,419609729.32777995,-158542825.26937884,158542825.26937884,-37.78340066694031,37.78340066694031,0.015028617999632843,pricing_mc_v1
26,long_emerging_no_break,long,emerging,False,none,bornhuetter_ferguson_standard,gross,success,689409699.3878429,807357403.9386041,-117947704.55076122,117947704.55076122,-14.609106694924249,14.609106694924249,0.008754368998779682,pricing_mc_v1
26,long_emerging_no_break,long,emerging,False,none,bornhuetter_ferguson_break_aware,gross,success,689409699.3878429,807357403.9386041,-117947704.55076122,117947704.55076122,-14.609106694924249,14.609106694924249,0.012671332000536495,pricing_mc_v1
27,long_emerging_no_break,long,emerging,False,none,bornhuetter_ferguson_standard,ceded,success,261066904.0584011,459310590.3335314,-198243686.27513027,198243686.27513027,-43.161139857710296,43.161139857710296,0.009983752999687567,pricing_mc_v1
27,long_emerging_no_break,long,emerging,False,none,bornhuetter_ferguson_break_aware,ceded,success,261066904.0584011,459310590.3335314,-198243686.27513027,198243686.27513027,-43.161139857710296,43.161139857710296,0.009717872999317478,pricing_mc_v1
27,long_emerging_no_break,long,emerging,False,none,bornhuetter_ferguson_standard,gross,success,689409699.3878429,967739501.0456841,-278329801.6578412,278329801.6578412,-28.760818521626312,28.760818521626312,0.01074038599836058,pricing_mc_v1
27,long_emerging_no_break,long,emerging,False,none,bornhuetter_ferguson_break_aware,gross,success,689409699.3878429,967739501.0456841,-278329801.6578412,278329801.6578412,-28.760818521626312,28.760818521626312,0.016568644001381472,pricing_mc_v1
28,long_emerging_no_break,long,emerging,False,none,bornhuetter_ferguson_standard,ceded,success,261066904.0584011,390130644.5869427,-129063740.52854156,129063740.52854156,-33.08218472947439,33.08218472947439,0.008317490000990801,pricing_mc_v1
28,long_emerging_no_break,long,emerging,False,none,bornhuetter_ferguson_break_aware,ceded,success,261066904.0584011,390130644.5869427,-129063740.52854156,129063740.52854156,-33.08218472947439,33.08218472947439,0.005251180000414024,pricing_mc_v1
28,long_emerging_no_break,long,emerging,False,none,bornhuetter_ferguson_standard,gross,success,689409699.3878429,835693945.6206794,-146284246.23283648,146284246.23283648,-17.50452387496831,17.50452387496831,0.0054513260001840536,pricing_mc_v1
28,long_emerging_no_break,long,emerging,False,none,bornhuetter_ferguson_break_aware,gross,success,689409699.3878429,835693945.6206794,-146284246.23283648,146284246.23283648,-17.50452387496831,17.50452387496831,0.005094664000353077,pricing_mc_v1
29,long_emerging_no_break,long,emerging,False,none,bornhuetter_ferguson_standard,ceded,success,261066904.0584011,381484844.30180925,-120417940.24340814,120417940.24340814,-31.565589575071108,31.565589575071108,0.00661708999905386,pricing_mc_v1
29,long_emerging_no_break,long,emerging,False,none,bornhuetter_ferguson_break_aware,ceded,success,261066904.0584011,381484844.30180925,-120417940.24340814,120417940.24340814,-31.565589575071108,31.565589575071108,0.004923127999063581,pricing_mc_v1
29,long_emerging_no_break,long,emerging,False,none,bornhuetter_ferguson_standard,gross,success,689409699.3878429,745015080.9615617,-55605381.573718786,55605381.573718786,-7.463658521106862,7.463658521106862,0.00598915899900021,pricing_mc_v1
29,long_emerging_no_break,long,emerging,False,none,bornhuetter_ferguson_break_aware,gross,success,689409699.3878429,745015080.9615617,-55605381.573718786,55605381.573718786,-7.463658521106862,7.463658521106862,0.004990371999156196,pricing_mc_v1
30,long_emerging_no_break,long,emerging,False,none,bornhuetter_ferguson_standard,ceded,success,261066904.0584011,382295881.0432883,-121228976.98488718,121228976.98488718,-31.71077246609417,31.71077246609417,0.005243667001195718,pricing_mc_v1
30,long_emerging_no_break,long,emerging,False,none,bornhuetter_ferguson_break_aware,ceded,success,261066904.0584011,382295881.0432883,-121228976.98488718,121228976.98488718,-31.71077246609417,31.71077246609417,0.0055743930006428855,pricing_mc_v1
30,long_emerging_no_break,long,emerging,False,none,bornhuetter_ferguson_standard,gross,success,689409699.3878429,805568290.9158988,-116158591.5280559,116158591.5280559,-14.419459260988074,14.419459260988074,0.005834764000610448,pricing_mc_v1
30,long_emerging_no_break,long,emerging,False,none,bornhuetter_ferguson_break_aware,gross,success,689409699.3878429,805568290.9158988,-116158591.5280559,116158591.5280559,-14.419459260988074,14.419459260988074,0.005936227998972754,pricing_mc_v1
31,long_emerging_no_break,long,emerging,False,none,bornhuetter_ferguson_standard,ceded,success,261066904.0584011,445372841.2537738,-184305937.1953727,184305937.1953727,-41.38239248637863,41.38239248637863,0.0053831490004085936,pricing_mc_v1
31,long_emerging_no_break,long,emerging,False,none,bornhuetter_ferguson_break_aware,ceded,success,261066904.0584011,445372841.2537738,-184305937.1953727,184305937.1953727,-41.38239248637863,41.38239248637863,0.0073394980008743005,pricing_mc_v1
31,long_emerging_no_break,long,emerging,False,none,bornhuetter_ferguson_standard,gross,success,689409699.3878429,946591100.182494,-257181400.79465115,257181400.79465115,-27.16921812861635,27.16921812861635,0.006604561000131071,pricing_mc_v1
31,long_emerging_no_break,long,emerging,False,none,bornhuetter_ferguson_break_aware,gross,success,689409699.3878429,946591100.182494,-257181400.79465115,257181400.79465115,-27.16921812861635,27.16921812861635,0.006139564000477549,pricing_mc_v1
32,long_emerging_no_break,long,emerging,False,none,bornhuetter_ferguson_standard,ceded,success,261066904.0584011,390768912.1781554,-129702008.11975431,129702008.11975431,-33.191485831560186,33.191485831560186,0.006870065999464714,pricing_mc_v1
32,long_emerging_no_break,long,emerging,False,none,bornhuetter_ferguson_break_aware,ceded,success,261066904.0584011,390768912.1781554,-129702008.11975431,129702008.11975431,-33.191485831560186,33.191485831560186,0.0054044630014686845,pricing_mc_v1
32,long_emerging_no_break,long,emerging,False,none,bornhuetter_ferguson_standard,gross,success,689409699.3878429,876628637.4508647,-187218938.06302178,187218938.06302178,-21.356698841990028,21.356698841990028,0.006449602000429877,pricing_mc_v1
32,long_emerging_no_break,long,emerging,False,none,bornhuetter_ferguson_break_aware,gross,success,689409699.3878429,876628637.4508647,-187218938.06302178,187218938.06302178,-21.356698841990028,21.356698841990028,0.005204813998716418,pricing_mc_v1
33,long_emerging_no_break,long,emerging,False,none,bornhuetter_ferguson_standard,ceded,success,261066904.0584011,445550729.2321248,-184483825.1737237,184483825.1737237,-41.40579580952959,41.40579580952959,0.005714968001484522,pricing_mc_v1
33,long_emerging_no_break,long,emerging,False,none,bornhuetter_ferguson_break_aware,ceded,success,261066904.0584011,445550729.2321248,-184483825.1737237,184483825.1737237,-41.40579580952959,41.40579580952959,0.005085828999654041,pricing_mc_v1
33,long_emerging_no_break,long,emerging,False,none,bornhuetter_ferguson_standard,gross,success,689409699.3878429,918942030.0526402,-229532330.6647973,229532330.6647973,-24.977890134337297,24.977890134337297,0.005453302999740117,pricing_mc_v1
33,long_emerging_no_break,long,emerging,False,none,bornhuetter_ferguson_break_aware,gross,success,689409699.3878429,918942030.0526402,-229532330.6647973,229532330.6647973,-24.977890134337297,24.977890134337297,0.0051146049991075415,pricing_mc_v1
34,long_emerging_no_break,long,emerging,False,none,bornhuetter_ferguson_standard,ceded,success,261066904.0584011,458783167.6076964,-197716263.5492953,197716263.5492953,-43.095797210755926,43.095797210755926,0.005656171999362414,pricing_mc_v1
34,long_emerging_no_break,long,emerging,False,none,bornhuetter_ferguson_break_aware,ceded,success,261066904.0584011,458783167.6076964,-197716263.5492953,197716263.5492953,-43.095797210755926,43.095797210755926,0.006547975999637856,pricing_mc_v1
34,long_emerging_no_break,long,emerging,False,none,bornhuetter_ferguson_standard,gross,success,689409699.3878429,922671088.9591588,-233261389.57131588,233261389.57131588,-25.281098797021155,25.281098797021155,0.005463464000058593,pricing_mc_v1
34,long_emerging_no_break,long,emerging,False,none,bornhuetter_ferguson_break_aware,gross,success,689409699.3878429,922671088.9591588,-233261389.57131588,233261389.57131588,-25.281098797021155,25.281098797021155,0.005163804000403616,pricing_mc_v1
35,long_emerging_no_break,long,emerging,False,none,bornhuetter_ferguson_standard,ceded,success,261066904.0584011,425364646.64608896,-164297742.58768785,164297742.58768785,-38.625152297714706,38.625152297714706,0.005441954999696463,pricing_mc_v1
35,long_emerging_no_break,long,emerging,False,none,bornhuetter_ferguson_break_aware,ceded,success,261066904.0584011,425364646.64608896,-164297742.58768785,164297742.58768785,-38.625152297714706,38.625152297714706,0.005296077000821242,pricing_mc_v1
35,long_emerging_no_break,long,emerging,False,none,bornhuetter_ferguson_standard,gross,success,689409699.3878429,875873501.33177,-186463801.94392705,186463801.94392705,-21.288896360080297,21.288896360080297,0.005393037001340417,pricing_mc_v1
35,long_emerging_no_break,long,emerging,False,none,bornhuetter_ferguson_break_aware,gross,success,689409699.3878429,875873501.33177,-186463801.94392705,186463801.94392705,-21.288896360080297,21.288896360080297,0.005320743999618571,pricing_mc_v1
36,long_emerging_no_break,long,emerging,False,none,bornhuetter_ferguson_standard,ceded,success,261066904.0584011,386555486.37458676,-125488582.31618565,125488582.31618565,-32.463278038843434,32.463278038843434,0.00567680600033782,pricing_mc_v1
36,long_emerging_no_break,long,emerging,False,none,bornhuetter_ferguson_break_aware,ceded,success,261066904.0584011,386555486.37458676,-125488582.31618565,125488582.31618565,-32.463278038843434,32.463278038843434,0.005523955000171554,pricing_mc_v1
36,long_emerging_no_break,long,emerging,False,none,bornhuetter_ferguson_standard,gross,success,689409699.3878429,801034682.7797661,-111624983.39192319,111624983.39192319,-13.935099914096103,13.935099914096103,0.005983965000268654,pricing_mc_v1
36,long_emerging_no_break,long,emerging,False,none,bornhuetter_ferguson_break_aware,gross,success,689409699.3878429,801034682.7797661,-111624983.39192319,111624983.39192319,-13.935099914096103,13.935099914096103,0.005167843000890571,pricing_mc_v1
37,long_emerging_no_break,long,emerging,False,none,bornhuetter_ferguson_standard,ceded,success,261066904.0584011,368065063.67763555,-106998159.61923444,106998159.61923444,-29.070447097078258,29.070447097078258,0.015726913999969838,pricing_mc_v1
37,long_emerging_no_break,long,emerging,False,none,bornhuetter_ferguson_break_aware,ceded,success,261066904.0584011,368065063.67763555,-106998159.61923444,106998159.61923444,-29.070447097078258,29.070447097078258,0.005114691999551724,pricing_mc_v1
37,long_emerging_no_break,long,emerging,False,none,bornhuetter_ferguson_standard,gross,success,689409699.3878429,747082931.3936037,-57673232.00576079,57673232.00576079,-7.719789809436217,7.719789809436217,0.005730632999984664,pricing_mc_v1
37,long_emerging_no_break,long,emerging,False,none,bornhuetter_ferguson_break_aware,gross,success,689409699.3878429,747082931.3936037,-57673232.00576079,57673232.00576079,-7.719789809436217,7.719789809436217,0.0052874240009259665,pricing_mc_v1
38,long_emerging_no_break,long,emerging,False,none,bornhuetter_ferguson_standard,ceded,success,261066904.0584011,406746810.9691389,-145679906.9107378,145679906.9107378,-35.81586947507524,35.81586947507524,0.006744551999872783,pricing_mc_v1
38,long_emerging_no_break,long,emerging,False,none,bornhuetter_ferguson_break_aware,ceded,success,261066904.0584011,406746810.9691389,-145679906.9107378,145679906.9107378,-35.81586947507524,35.81586947507524,0.0051901039987569675,pricing_mc_v1
38,long_emerging_no_break,long,emerging,False,none,bornhuetter_ferguson_standard,gross,success,689409699.3878429,879407324.6027645,-189997625.2149216,189997625.2149216,-21.605190211571763,21.605190211571763,0.005556153000725317,pricing_mc_v1
38,long_emerging_no_break,long,emerging,False,none,bornhuetter_ferguson_break_aware,gross,success,689409699.3878429,879407324.6027645,-189997625.2149216,189997625.2149216,-21.605190211571763,21.605190211571763,0.005913033999604522,pricing_mc_v1
39,long_emerging_no_break,long,emerging,False,none,bornhuetter_ferguson_standard,ceded,success,261066904.0584011,445548978.2166198,-184482074.15821868,184482074.15821868,-41.405565533252336,41.405565533252336,0.005729155000153696,pricing_mc_v1
39,long_emerging_no_break,long,emerging,False,none,bornhuetter_ferguson_break_aware,ceded,success,261066904.0584011,445548978.2166198,-184482074.15821868,184482074.15821868,-41.405565533252336,41.405565533252336,0.005032900999140111,pricing_mc_v1
39,long_emerging_no_break,long,emerging,False,none,bornhuetter_ferguson_standard,gross,success,689409699.3878429,942266835.8988371,-252857136.5109942,252857136.5109942,-26.834982074880244,26.834982074880244,0.005080239998278557,pricing_mc_v1
39,long_emerging_no_break,long,emerging,False,none,bornhuetter_ferguson_break_aware,gross,success,689409699.3878429,942266835.8988371,-252857136.5109942,252857136.5109942,-26.834982074880244,26.834982074880244,0.005166508999536745,pricing_mc_v1
40,long_emerging_no_break,long,emerging,False,none,bornhuetter_ferguson_standard,ceded,success,261066904.0584011,366223212.838313,-105156308.77991188,105156308.77991188,-28.713720237700564,28.713720237700564,0.008796504000201821,pricing_mc_v1
40,long_emerging_no_break,long,emerging,False,none,bornhuetter_ferguson_break_aware,ceded,success,261066904.0584011,366223212.838313,-105156308.77991188,105156308.77991188,-28.713720237700564,28.713720237700564,0.0071087779997469625,pricing_mc_v1
40,long_emerging_no_break,long,emerging,False,none,bornhuetter_ferguson_standard,gross,success,689409699.3878429,804105976.2744855,-114696276.88664258,114696276.88664258,-14.263825947177196,14.263825947177196,0.006988708999415394,pricing_mc_v1
40,long_emerging_no_break,long,emerging,False,none,bornhuetter_ferguson_break_aware,gross,success,689409699.3878429,804105976.2744855,-114696276.88664258,114696276.88664258,-14.263825947177196,14.263825947177196,0.0066495740011305315,pricing_mc_v1
41,long_emerging_no_break,long,emerging,False,none,bornhuetter_ferguson_standard,ceded,success,261066904.0584011,424695016.0459147,-163628111.9875136,163628111.9875136,-38.528380556701286,38.528380556701286,0.005700347999663791,pricing_mc_v1
41,long_emerging_no_break,long,emerging,False,none,bornhuetter_ferguson_break_aware,ceded,success,261066904.0584011,424695016.0459147,-163628111.9875136,163628111.9875136,-38.528380556701286,38.528380556701286,0.0053741199990327004,pricing_mc_v1
41,long_emerging_no_break,long,emerging,False,none,bornhuetter_ferguson_standard,gross,success,689409699.3878429,865137455.8668487,-175727756.4790058,175727756.4790058,-20.312119801000925,20.312119801000925,0.005405678000897751,pricing_mc_v1
41,long_emerging_no_break,long,emerging,False,none,bornhuetter_ferguson_break_aware,gross,success,689409699.3878429,865137455.8668487,-175727756.4790058,175727756.4790058,-20.312119801000925,20.312119801000925,0.0053056540000397945,pricing_mc_v1
42,long_emerging_no_break,long,emerging,False,none,bornhuetter_ferguson_standard,ceded,success,261066904.0584011,474560924.9910196,-213494020.9326185,213494020.9326185,-44.987694875354215,44.987694875354215,0.00549472900092951,pricing_mc_v1
42,long_emerging_no_break,long,emerging,False,none,bornhuetter_ferguson_break_aware,ceded,success,261066904.0584011,474560924.9910196,-213494020.9326185,213494020.9326185,-44.987694875354215,44.987694875354215,0.00531372499972349,pricing_mc_v1
42,long_emerging_no_break,long,emerging,False,none,bornhuetter_ferguson_standard,gross,success,689409699.3878429,986247475.7602297,-296837776.3723868,296837776.3723868,-30.097696944022612,30.097696944022612,0.005304574000547291,pricing_mc_v1
42,long_emerging_no_break,long,emerging,False,none,bornhuetter_ferguson_break_aware,gross,success,689409699.3878429,986247475.7602297,-296837776.3723868,296837776.3723868,-30.097696944022612,30.097696944022612,0.005382039000323857,pricing_mc_v1
43,long_emerging_no_break,long,emerging,False,none,bornhuetter_ferguson_standard,ceded,success,261066904.0584011,474862628.7575,-213795724.69909889,213795724.69909889,-45.02264691970082,45.02264691970082,0.005981365000479855,pricing_mc_v1
43,long_emerging_no_break,long,emerging,False,none,bornhuetter_ferguson_break_aware,ceded,success,261066904.0584011,474862628.7575,-213795724.69909889,213795724.69909889,-45.02264691970082,45.02264691970082,0.005237119999947026,pricing_mc_v1
43,long_emerging_no_break,long,emerging,False,none,bornhuetter_ferguson_standard,gross,success,689409699.3878429,918916423.9708107,-229506724.58296776,229506724.58296776,-24.975799604410817,24.975799604410817,0.005692394999641692,pricing_mc_v1
43,long_emerging_no_break,long,emerging,False,none,bornhuetter_ferguson_break_aware,gross,success,689409699.3878429,918916423.9708107,-229506724.58296776,229506724.58296776,-24.975799604410817,24.975799604410817,0.005139397000675672,pricing_mc_v1
44,long_emerging_no_break,long,emerging,False,none,bornhuetter_ferguson_standard,ceded,success,261066904.0584011,493819589.16525805,-232752685.10685694,232752685.10685694,-47.13314137665074,47.13314137665074,0.005197526001211372,pricing_mc_v1
44,long_emerging_no_break,long,emerging,False,none,bornhuetter_ferguson_break_aware,ceded,success,261066904.0584011,493819589.16525805,-232752685.10685694,232752685.10685694,-47.13314137665074,47.13314137665074,0.005318215999068343,pricing_mc_v1
44,long_emerging_no_break,long,emerging,False,none,bornhuetter_ferguson_standard,gross,success,689409699.3878429,994076102.3980608,-304666403.0102179,304666403.0102179,-30.648197082220918,30.648197082220918,0.00540996200106747,pricing_mc_v1
44,long_emerging_no_break,long,emerging,False,none,bornhuetter_ferguson_break_aware,gross,success,689409699.3878429,994076102.3980608,-304666403.0102179,304666403.0102179,-30.648197082220918,30.648197082220918,0.005516638999324641,pricing_mc_v1
45,long_emerging_no_break,long,emerging,False,none,bornhuetter_ferguson_standard,ceded,success,261066904.0584011,438947693.55025476,-177880789.49185365,177880789.49185365,-40.52437046727259,40.52437046727259,0.0052881520005030325,pricing_mc_v1
45,long_emerging_no_break,long,emerging,False,none,bornhuetter_ferguson_break_aware,ceded,success,261066904.0584011,438947693.55025476,-177880789.49185365,177880789.49185365,-40.52437046727259,40.52437046727259,0.005146317998878658,pricing_mc_v1
45,long_emerging_no_break,long,emerging,False,none,bornhuetter_ferguson_standard,gross,success,689409699.3878429,892605780.5206447,-203196081.13280177,203196081.13280177,-22.764369844690037,22.764369844690037,0.005440266000732663,pricing_mc_v1
45,long_emerging_no_break,long,emerging,False,none,bornhuetter_ferguson_break_aware,gross,success,689409699.3878429,892605780.5206447,-203196081.13280177,203196081.13280177,-22.764369844690037,22.764369844690037,0.006768314000510145,pricing_mc_v1
46,long_emerging_no_break,long,emerging,False,none,bornhuetter_ferguson_standard,ceded,success,261066904.0584011,453784607.42143095,-192717703.36302984,192717703.36302984,-42.468982026103056,42.468982026103056,0.005313208999723429,pricing_mc_v1
46,long_emerging_no_break,long,emerging,False,none,bornhuetter_ferguson_break_aware,ceded,success,261066904.0584011,453784607.42143095,-192717703.36302984,192717703.36302984,-42.468982026103056,42.468982026103056,0.005666185999871232,pricing_mc_v1
46,long_emerging_no_break,long,emerging,False,none,bornhuetter_ferguson_standard,gross,success,689409699.3878429,910365707.2006651,-220956007.81282222,220956007.81282222,-24.271125995315916,24.271125995315916,0.005225652001172421,pricing_mc_v1
46,long_emerging_no_break,long,emerging,False,none,bornhuetter_ferguson_break_aware,gross,success,689409699.3878429,910365707.2006651,-220956007.81282222,220956007.81282222,-24.271125995315916,24.271125995315916,0.0050573520002217265,pricing_mc_v1
47,long_emerging_no_break,long,emerging,False,none,bornhuetter_ferguson_standard,ceded,success,261066904.0584011,399791703.5359767,-138724799.4775756,138724799.4775756,-34.69926920709398,34.69926920709398,0.005397287000960205,pricing_mc_v1
47,long_emerging_no_break,long,emerging,False,none,bornhuetter_ferguson_break_aware,ceded,success,261066904.0584011,399791703.5359767,-138724799.4775756,138724799.4775756,-34.69926920709398,34.69926920709398,0.005246204998911708,pricing_mc_v1
47,long_emerging_no_break,long,emerging,False,none,bornhuetter_ferguson_standard,gross,success,689409699.3878429,830501611.0156143,-141091911.62777138,141091911.62777138,-16.988758330670922,16.988758330670922,0.005130440998982522,pricing_mc_v1
47,long_emerging_no_break,long,emerging,False,none,bornhuetter_ferguson_break_aware,gross,success,689409699.3878429,830501611.0156143,-141091911.62777138,141091911.62777138,-16.988758330670922,16.988758330670922,0.005219606999162352,pricing_mc_v1
48,long_emerging_no_break,long,emerging,False,none,bornhuetter_ferguson_standard,ceded,success,261066904.0584011,419090658.56936455,-158023754.51096344,158023754.51096344,-37.706341403648494,37.706341403648494,0.005706279000150971,pricing_mc_v1
48,long_emerging_no_break,long,emerging,False,none,bornhuetter_ferguson_break_aware,ceded,success,261066904.0584011,419090658.56936455,-158023754.51096344,158023754.51096344,-37.706341403648494,37.706341403648494,0.006654814000285114,pricing_mc_v1
48,long_emerging_no_break,long,emerging,False,none,bornhuetter_ferguson_standard,gross,success,689409699.3878429,845387332.416242,-155977633.0283991,155977633.0283991,-18.450434143907973,18.450434143907973,0.005229389000305673,pricing_mc_v1
48,long_emerging_no_break,long,emerging,False,none,bornhuetter_ferguson_break_aware,gross,success,689409699.3878429,845387332.416242,-155977633.0283991,155977633.0283991,-18.450434143907973,18.450434143907973,0.00582843299889646,pricing_mc_v1
49,long_emerging_no_break,long,emerging,False,none,bornhuetter_ferguson_standard,ceded,success,261066904.0584011,393826467.8881044,-132759563.82970327,132759563.82970327,-33.710167968553975,33.710167968553975,0.005549057999814977,pricing_mc_v1
49,long_emerging_no_break,long,emerging,False,none,bornhuetter_ferguson_break_aware,ceded,success,261066904.0584011,393826467.8881044,-132759563.82970327,132759563.82970327,-33.710167968553975,33.710167968553975,0.005381464001402492,pricing_mc_v1
49,long_emerging_no_break,long,emerging,False,none,bornhuetter_ferguson_standard,gross,success,689409699.3878429,793650608.2937913,-104240908.9059484,104240908.9059484,-13.134357589676389,13.134357589676389,0.006096950999562978,pricing_mc_v1
49,long_emerging_no_break,long,emerging,False,none,bornhuetter_ferguson_break_aware,gross,success,689409699.3878429,793650608.2937913,-104240908.9059484,104240908.9059484,-13.134357589676389,13.134357589676389,0.0054214159990806365,pricing_mc_v1
50,long_emerging_no_break,long,emerging,False,none,bornhuetter_ferguson_standard,ceded,success,261066904.0584011,438703459.59901375,-177636555.54061264,177636555.54061264,-40.491259335628904,40.491259335628904,0.005127153999637812,pricing_mc_v1
50,long_emerging_no_break,long,emerging,False,none,bornhuetter_ferguson_break_aware,ceded,success,261066904.0584011,438703459.59901375,-177636555.54061264,177636555.54061264,-40.491259335628904,40.491259335628904,0.00507995999942068,pricing_mc_v1
50,long_emerging_no_break,long,emerging,False,none,bornhuetter_ferguson_standard,gross,success,689409699.3878429,908619372.1816502,-219209672.79380727,219209672.79380727,-24.125577717705,24.125577717705,0.005276575999232591,pricing_mc_v1
50,long_emerging_no_break,long,emerging,False,none,bornhuetter_ferguson_break_aware,gross,success,689409699.3878429,908619372.1816502,-219209672.79380727,219209672.79380727,-24.125577717705,24.125577717705,0.005362202999094734,pricing_mc_v1
1,long_shock_break,long,shock,True,none,bornhuetter_ferguson_standard,ceded,success,273081335.77148175,379285494.58321106,-106204158.81172931,106204158.81172931,-28.00111270493876,28.00111270493876,0.005447900999570265,pricing_mc_v1
1,long_shock_break,long,shock,True,none,bornhuetter_ferguson_break_aware,ceded,success,215827609.4594226,379285494.58321106,-163457885.12378848,163457885.12378848,-43.09626586258168,43.09626586258168,0.005303066998749273,pricing_mc_v1
1,long_shock_break,long,shock,True,none,bornhuetter_ferguson_standard,gross,success,704399053.2755469,776649688.4045899,-72250635.12904298,72250635.12904298,-9.302860248030456,9.302860248030456,0.00519123599951854,pricing_mc_v1
1,long_shock_break,long,shock,True,none,bornhuetter_ferguson_break_aware,gross,success,540165233.9948423,776649688.4045899,-236484454.4097476,236484454.4097476,-30.449307833437615,30.449307833437615,0.005171097000129521,pricing_mc_v1
2,long_shock_break,long,shock,True,none,bornhuetter_ferguson_standard,ceded,success,273081335.77148175,410910544.1490245,-137829208.37754273,137829208.37754273,-33.54238783601434,33.54238783601434,0.005039178999140859,pricing_mc_v1
2,long_shock_break,long,shock,True,none,bornhuetter_ferguson_break_aware,ceded,success,215827609.4594226,410910544.1490245,-195082934.6896019,195082934.6896019,-47.475767528333705,47.475767528333705,0.005057739001131267,pricing_mc_v1
2,long_shock_break,long,shock,True,none,bornhuetter_ferguson_standard,gross,success,704399053.2755469,751561324.2684755,-47162270.992928624,47162270.992928624,-6.275239221341456,6.275239221341456,0.005374127000322915,pricing_mc_v1
2,long_shock_break,long,shock,True,none,bornhuetter_ferguson_break_aware,gross,success,540165233.9948423,751561324.2684755,-211396090.27363324,211396090.27363324,-28.127590317316212,28.127590317316212,0.005485939000209328,pricing_mc_v1
3,long_shock_break,long,shock,True,none,bornhuetter_ferguson_standard,ceded,success,273081335.77148175,394227884.4940707,-121146548.72258896,121146548.72258896,-30.730081125048127,30.730081125048127,0.0052879269987897715,pricing_mc_v1
3,long_shock_break,long,shock,True,none,bornhuetter_ferguson_break_aware,ceded,success,215827609.4594226,394227884.4940707,-178400275.03464812,178400275.03464812,-45.253083825766595,45.253083825766595,0.005029523999837693,pricing_mc_v1
3,long_shock_break,long,shock,True,none,bornhuetter_ferguson_standard,gross,success,704399053.2755469,689230652.0957656,15168401.179781318,15168401.179781318,2.2007728666242974,2.2007728666242974,0.005162288000065018,pricing_mc_v1
3,long_shock_break,long,shock,True,none,bornhuetter_ferguson_break_aware,gross,success,540165233.9948423,689230652.0957656,-149065418.1009233,149065418.1009233,-21.627798712616066,21.627798712616066,0.005226040000707144,pricing_mc_v1
4,long_shock_break,long,shock,True,none,bornhuetter_ferguson_standard,ceded,success,273081335.77148175,363312484.70784414,-90231148.93636239,90231148.93636239,-24.835686285023012,24.835686285023012,0.005384047999541508,pricing_mc_v1
4,long_shock_break,long,shock,True,none,bornhuetter_ferguson_break_aware,ceded,success,215827609.4594226,363312484.70784414,-147484875.24842155,147484875.24842155,-40.59449687423232,40.59449687423232,0.005081649998828652,pricing_mc_v1
4,long_shock_break,long,shock,True,none,bornhuetter_ferguson_standard,gross,success,704399053.2755469,717712792.2217093,-13313738.946162343,13313738.946162343,-1.8550232196571446,1.8550232196571446,0.0053019979986856924,pricing_mc_v1
4,long_shock_break,long,shock,True,none,bornhuetter_ferguson_break_aware,gross,success,540165233.9948423,717712792.2217093,-177547558.22686696,177547558.22686696,-24.737967631489642,24.737967631489642,0.004981009000402992,pricing_mc_v1
5,long_shock_break,long,shock,True,none,bornhuetter_ferguson_standard,ceded,success,273081335.77148175,359919568.68550766,-86838232.9140259,86838232.9140259,-24.12712185424512,24.12712185424512,0.005218233000050532,pricing_mc_v1
5,long_shock_break,long,shock,True,none,bornhuetter_ferguson_break_aware,ceded,success,215827609.4594226,359919568.68550766,-144091959.22608507,144091959.22608507,-40.03448874767642,40.03448874767642,0.005000051998649724,pricing_mc_v1
5,long_shock_break,long,shock,True,none,bornhuetter_ferguson_standard,gross,success,704399053.2755469,681358143.6880698,23040909.587477088,23040909.587477088,3.3816150582365925,3.3816150582365925,0.006350202000248828,pricing_mc_v1
5,long_shock_break,long,shock,True,none,bornhuetter_ferguson_break_aware,gross,success,540165233.9948423,681358143.6880698,-141192909.69322753,141192909.69322753,-20.722275208890228,20.722275208890228,0.0053694230009568855,pricing_mc_v1
6,long_shock_break,long,shock,True,none,bornhuetter_ferguson_standard,ceded,success,273081335.77148175,363923938.1663605,-90842602.39487875,90842602.39487875,-24.96197498097855,24.96197498097855,0.005094718999316683,pricing_mc_v1
6,long_shock_break,long,shock,True,none,bornhuetter_ferguson_break_aware,ceded,success,215827609.4594226,363923938.1663605,-148096328.7069379,148096328.7069379,-40.69430811645005,40.69430811645005,0.0050116729998990195,pricing_mc_v1
6,long_shock_break,long,shock,True,none,bornhuetter_ferguson_standard,gross,success,704399053.2755469,709299075.0873535,-4900021.81180656,4900021.81180656,-0.6908259130611581,0.6908259130611581,0.0053804449999006465,pricing_mc_v1
6,long_shock_break,long,shock,True,none,bornhuetter_ferguson_break_aware,gross,success,540165233.9948423,709299075.0873535,-169133841.09251118,169133841.09251118,-23.845208182695227,23.845208182695227,0.0050360950008325744,pricing_mc_v1
7,long_shock_break,long,shock,True,none,bornhuetter_ferguson_standard,ceded,success,273081335.77148175,373454165.2832909,-100372829.51180917,100372829.51180917,-26.876880442789925,26.876880442789925,0.005333653998604859,pricing_mc_v1
7,long_shock_break,long,shock,True,none,bornhuetter_ferguson_break_aware,ceded,success,215827609.4594226,373454165.2832909,-157626555.82386833,157626555.82386833,-42.207738051146826,42.207738051146826,0.00513396599853877,pricing_mc_v1
7,long_shock_break,long,shock,True,none,bornhuetter_ferguson_standard,gross,success,704399053.2755469,695144327.9768064,9254725.298740506,9254725.298740506,1.3313386769156363,1.3313386769156363,0.005547332000787719,pricing_mc_v1
7,long_shock_break,long,shock,True,none,bornhuetter_ferguson_break_aware,gross,success,540165233.9948423,695144327.9768064,-154979093.9819641,154979093.9819641,-22.29452039593352,22.29452039593352,0.005201518999456312,pricing_mc_v1
8,long_shock_break,long,shock,True,none,bornhuetter_ferguson_standard,ceded,success,273081335.77148175,430098532.3937574,-157017196.62227565,157017196.62227565,-36.50726166127105,36.50726166127105,0.005136114001288661,pricing_mc_v1
8,long_shock_break,long,shock,True,none,bornhuetter_ferguson_break_aware,ceded,success,215827609.4594226,430098532.3937574,-214270922.9343348,214270922.9343348,-49.819031407009945,49.819031407009945,0.00514384300004167,pricing_mc_v1
8,long_shock_break,long,shock,True,none,bornhuetter_ferguson_standard,gross,success,704399053.2755469,805124636.3642868,-100725583.08873987,100725583.08873987,-12.510557811718181,12.510557811718181,0.007509397999456269,pricing_mc_v1
8,long_shock_break,long,shock,True,none,bornhuetter_ferguson_break_aware,gross,success,540165233.9948423,805124636.3642868,-264959402.3694445,264959402.3694445,-32.909116229000965,32.909116229000965,0.005270679999739514,pricing_mc_v1
9,long_shock_break,long,shock,True,none,bornhuetter_ferguson_standard,ceded,success,273081335.77148175,411775479.8543498,-138694144.08286804,138694144.08286804,-33.68198226177186,33.68198226177186,0.00551527400057239,pricing_mc_v1
9,long_shock_break,long,shock,True,none,bornhuetter_ferguson_break_aware,ceded,success,215827609.4594226,411775479.8543498,-195947870.3949272,195947870.3949272,-47.58609484572429,47.58609484572429,0.0051008589998673415,pricing_mc_v1
9,long_shock_break,long,shock,True,none,bornhuetter_ferguson_standard,gross,success,704399053.2755469,755907880.0472257,-51508826.771678805,51508826.771678805,-6.8141671930263215,6.8141671930263215,0.005560478999541374,pricing_mc_v1
9,long_shock_break,long,shock,True,none,bornhuetter_ferguson_break_aware,gross,success,540165233.9948423,755907880.0472257,-215742646.05238342,215742646.05238342,-28.540864799412436,28.540864799412436,0.005489025999850128,pricing_mc_v1
10,long_shock_break,long,shock,True,none,bornhuetter_ferguson_standard,ceded,success,273081335.77148175,419800063.420129,-146718727.64864725,146718727.64864725,-34.949667814083575,34.949667814083575,0.005583317000855459,pricing_mc_v1
10,long_shock_break,long,shock,True,none,bornhuetter_ferguson_break_aware,ceded,success,215827609.4594226,419800063.420129,-203972453.9607064,203972453.9607064,-48.58799979660178,48.58799979660178,0.005143460000908817,pricing_mc_v1
10,long_shock_break,long,shock,True,none,bornhuetter_ferguson_standard,gross,success,704399053.2755469,847363480.4536366,-142964427.17808974,142964427.17808974,-16.871676733289664,16.871676733289664,0.005333995999535546,pricing_mc_v1
10,long_shock_break,long,shock,True,none,bornhuetter_ferguson_break_aware,gross,success,540165233.9948423,847363480.4536366,-307198246.45879436,307198246.45879436,-36.25342058573678,36.25342058573678,0.005214982000325108,pricing_mc_v1
11,long_shock_break,long,shock,True,none,bornhuetter_ferguson_standard,ceded,success,273081335.77148175,424758999.50439,-151677663.73290825,151677663.73290825,-35.70911126306592,35.70911126306592,0.0052245699989725836,pricing_mc_v1
11,long_shock_break,long,shock,True,none,bornhuetter_ferguson_break_aware,ceded,success,215827609.4594226,424758999.50439,-208931390.0449674,208931390.0449674,-49.18821974078222,49.18821974078222,0.005330595000486937,pricing_mc_v1
11,long_shock_break,long,shock,True,none,bornhuetter_ferguson_standard,gross,success,704399053.2755469,772277757.1219689,-67878703.84642196,67878703.84642196,-8.789415883138222,8.789415883138222,0.01116193500092777,pricing_mc_v1
11,long_shock_break,long,shock,True,none,bornhuetter_ferguson_break_aware,gross,success,540165233.9948423,772277757.1219689,-232112523.12712657,232112523.12712657,-30.05557534016458,30.05557534016458,0.00540845900104614,pricing_mc_v1
12,long_shock_break,long,shock,True,none,bornhuetter_ferguson_standard,ceded,success,273081335.77148175,396764543.5095545,-123683207.73807275,123683207.73807275,-31.172948732777666,31.172948732777666,0.005775208999693859,pricing_mc_v1
12,long_shock_break,long,shock,True,none,bornhuetter_ferguson_break_aware,ceded,success,215827609.4594226,396764543.5095545,-180936934.05013192,180936934.05013192,-45.60310063234639,45.60310063234639,0.0050020649996440625,pricing_mc_v1
12,long_shock_break,long,shock,True,none,bornhuetter_ferguson_standard,gross,success,704399053.2755469,750017185.8934898,-45618132.61794293,45618132.61794293,-6.082278309876111,6.082278309876111,0.005414792000010493,pricing_mc_v1
12,long_shock_break,long,shock,True,none,bornhuetter_ferguson_break_aware,gross,success,540165233.9948423,750017185.8934898,-209851951.89864755,209851951.89864755,-27.979619113481043,27.979619113481043,0.00518028099941148,pricing_mc_v1
13,long_shock_break,long,shock,True,none,bornhuetter_ferguson_standard,ceded,success,273081335.77148175,413741968.298162,-140660632.52668023,140660632.52668023,-33.997187451216824,33.997187451216824,0.005144102000485873,pricing_mc_v1
13,long_shock_break,long,shock,True,none,bornhuetter_ferguson_break_aware,ceded,success,215827609.4594226,413741968.298162,-197914358.8387394,197914358.8387394,-47.83521469983267,47.83521469983267,0.005951568000455154,pricing_mc_v1
13,long_shock_break,long,shock,True,none,bornhuetter_ferguson_standard,gross,success,704399053.2755469,758960478.8341562,-54561425.55860925,54561425.55860925,-7.188967947635612,7.188967947635612,0.005370748000132153,pricing_mc_v1
13,long_shock_break,long,shock,True,none,bornhuetter_ferguson_break_aware,gross,success,540165233.9948423,758960478.8341562,-218795244.83931386,218795244.83931386,-28.82827906604657,28.82827906604657,0.005203642000196851,pricing_mc_v1
14,long_shock_break,long,shock,True,none,bornhuetter_ferguson_standard,ceded,success,273081335.77148175,379043855.08873105,-105962519.3172493,105962519.3172493,-27.955213597235165,27.955213597235165,0.005111806000059005,pricing_mc_v1
14,long_shock_break,long,shock,True,none,bornhuetter_ferguson_break_aware,ceded,success,215827609.4594226,379043855.08873105,-163216245.62930846,163216245.62930846,-43.059989876659756,43.059989876659756,0.0050041230006172555,pricing_mc_v1
14,long_shock_break,long,shock,True,none,bornhuetter_ferguson_standard,gross,success,704399053.2755469,717178006.5086138,-12778953.233066916,12778953.233066916,-1.7818384162779581,1.7818384162779581,0.005595530999926268,pricing_mc_v1
14,long_shock_break,long,shock,True,none,bornhuetter_ferguson_break_aware,gross,success,540165233.9948423,717178006.5086138,-177012772.51377153,177012772.51377153,-24.681846195411104,24.681846195411104,0.005436204999568872,pricing_mc_v1
15,long_shock_break,long,shock,True,none,bornhuetter_ferguson_standard,ceded,success,273081335.77148175,401332616.19657946,-128251280.4250977,128251280.4250977,-31.956356211596333,31.956356211596333,0.005277975000353763,pricing_mc_v1
15,long_shock_break,long,shock,True,none,bornhuetter_ferguson_break_aware,ceded,success,215827609.4594226,401332616.19657946,-185505006.73715687,185505006.73715687,-46.22226035231918,46.22226035231918,0.005088757001431077,pricing_mc_v1
15,long_shock_break,long,shock,True,none,bornhuetter_ferguson_standard,gross,success,704399053.2755469,810702410.0336542,-106303356.7581073,106303356.7581073,-13.112500399954946,13.112500399954946,0.005248803998256335,pricing_mc_v1
15,long_shock_break,long,shock,True,none,bornhuetter_ferguson_break_aware,gross,success,540165233.9948423,810702410.0336542,-270537176.0388119,270537176.0388119,-33.370713185320525,33.370713185320525,0.005274185999951442,pricing_mc_v1
16,long_shock_break,long,shock,True,none,bornhuetter_ferguson_standard,ceded,success,273081335.77148175,390841016.9025937,-117759681.13111192,117759681.13111192,-30.12981648250605,30.12981648250605,0.0051791019996016985,pricing_mc_v1
16,long_shock_break,long,shock,True,none,bornhuetter_ferguson_break_aware,ceded,success,215827609.4594226,390841016.9025937,-175013407.44317108,175013407.44317108,-44.77866955473313,44.77866955473313,0.005544563999137608,pricing_mc_v1
16,long_shock_break,long,shock,True,none,bornhuetter_ferguson_standard,gross,success,704399053.2755469,756180251.1935748,-51781197.91802788,51781197.91802788,-6.847732116290405,6.847732116290405,0.005790915000034147,pricing_mc_v1
16,long_shock_break,long,shock,True,none,bornhuetter_ferguson_break_aware,gross,success,540165233.9948423,756180251.1935748,-216015017.1987325,216015017.1987325,-28.566603909288652,28.566603909288652,0.004941396999129211,pricing_mc_v1
17,long_shock_break,long,shock,True,none,bornhuetter_ferguson_standard,ceded,success,273081335.77148175,393029957.3509383,-119948621.57945657,119948621.57945657,-30.518951376613224,30.518951376613224,0.005272745998809114,pricing_mc_v1
17,long_shock_break,long,shock,True,none,bornhuetter_ferguson_break_aware,ceded,success,215827609.4594226,393029957.3509383,-177202347.89151573,177202347.89151573,-45.0862191487584,45.0862191487584,0.0053938850014674244,pricing_mc_v1
17,long_shock_break,long,shock,True,none,bornhuetter_ferguson_standard,gross,success,704399053.2755469,782936779.6048996,-78537726.32935274,78537726.32935274,-10.031170890833092,10.031170890833092,0.005265296000288799,pricing_mc_v1
17,long_shock_break,long,shock,True,none,bornhuetter_ferguson_break_aware,gross,success,540165233.9948423,782936779.6048996,-242771545.61005735,242771545.61005735,-31.00780956191244,31.00780956191244,0.005427897998742992,pricing_mc_v1
18,long_shock_break,long,shock,True,none,bornhuetter_ferguson_standard,ceded,success,273081335.77148175,384461423.09931284,-111380087.32783109,111380087.32783109,-28.97041956250049,28.97041956250049,0.005809602000226732,pricing_mc_v1
18,long_shock_break,long,shock,True,none,bornhuetter_ferguson_break_aware,ceded,success,215827609.4594226,384461423.09931284,-168633813.63989025,168633813.63989025,-43.86234964237993,43.86234964237993,0.005247559000054025,pricing_mc_v1
18,long_shock_break,long,shock,True,none,bornhuetter_ferguson_standard,gross,success,704399053.2755469,712088571.419457,-7689518.14391005,7689518.14391005,-1.0798541715930063,1.0798541715930063,0.005362820998925599,pricing_mc_v1
18,long_shock_break,long,shock,True,none,bornhuetter_ferguson_break_aware,gross,success,540165233.9948423,712088571.419457,-171923337.42461467,171923337.42461467,-24.14353274648231,24.14353274648231,0.005308420999426744,pricing_mc_v1
19,long_shock_break,long,shock,True,none,bornhuetter_ferguson_standard,ceded,success,273081335.77148175,434770527.391416,-161689191.61993426,161689191.61993426,-37.189547458530555,37.189547458530555,0.005591674000243074,pricing_mc_v1
19,long_shock_break,long,shock,True,none,bornhuetter_ferguson_break_aware,ceded,success,215827609.4594226,434770527.391416,-218942917.93199342,218942917.93199342,-50.35827042960598,50.35827042960598,0.005896220000067842,pricing_mc_v1
19,long_shock_break,long,shock,True,none,bornhuetter_ferguson_standard,gross,success,704399053.2755469,774398830.4839265,-69999777.20837963,69999777.20837963,-9.039241080030601,9.039241080030601,0.005710621999241994,pricing_mc_v1
19,long_shock_break,long,shock,True,none,bornhuetter_ferguson_break_aware,gross,success,540165233.9948423,774398830.4839265,-234233596.48908424,234233596.48908424,-30.247152664565654,30.247152664565654,0.006314412999927299,pricing_mc_v1
20,long_shock_break,long,shock,True,none,bornhuetter_ferguson_standard,ceded,success,273081335.77148175,416751535.2918438,-143670199.52036202,143670199.52036202,-34.473826093946435,34.473826093946435,0.006025736998708453,pricing_mc_v1
20,long_shock_break,long,shock,True,none,bornhuetter_ferguson_break_aware,ceded,success,215827609.4594226,416751535.2918438,-200923925.83242118,200923925.83242118,-48.21192216885721,48.21192216885721,0.0060432930004026275,pricing_mc_v1
20,long_shock_break,long,shock,True,none,bornhuetter_ferguson_standard,gross,success,704399053.2755469,825456703.9981307,-121057650.72258377,121057650.72258377,-14.66553607672413,14.66553607672413,0.0057379460013180505,pricing_mc_v1
20,long_shock_break,long,shock,True,none,bornhuetter_ferguson_break_aware,gross,success,540165233.9948423,825456703.9981307,-285291470.0032884,285291470.0032884,-34.56165158287144,34.56165158287144,0.006297033000009833,pricing_mc_v1
21,long_shock_break,long,shock,True,none,bornhuetter_ferguson_standard,ceded,success,273081335.77148175,386948735.9032155,-113867400.13173378,113867400.13173378,-29.426998867419623,29.426998867419623,0.005292965999615262,pricing_mc_v1
21,long_shock_break,long,shock,True,none,bornhuetter_ferguson_break_aware,ceded,success,215827609.4594226,386948735.9032155,-171121126.44379294,171121126.44379294,-44.223203377150746,44.223203377150746,0.005846834999829298,pricing_mc_v1
21,long_shock_break,long,shock,True,none,bornhuetter_ferguson_standard,gross,success,704399053.2755469,754509359.2499065,-50110305.97435963,50110305.97435963,-6.64144259577862,6.64144259577862,0.00539841999852797,pricing_mc_v1
21,long_shock_break,long,shock,True,none,bornhuetter_ferguson_break_aware,gross,success,540165233.9948423,754509359.2499065,-214344125.25506425,214344125.25506425,-28.408411721778226,28.408411721778226,0.005937945999903604,pricing_mc_v1
22,long_shock_break,long,shock,True,none,bornhuetter_ferguson_standard,ceded,success,273081335.77148175,391323534.8021614,-118242199.03067964,118242199.03067964,-30.215969272192766,30.215969272192766,0.005569709001065348,pricing_mc_v1
22,long_shock_break,long,shock,True,none,bornhuetter_ferguson_break_aware,ceded,success,215827609.4594226,391323534.8021614,-175495925.3427388,175495925.3427388,-44.84675971034122,44.84675971034122,0.005768316001194762,pricing_mc_v1
22,long_shock_break,long,shock,True,none,bornhuetter_ferguson_standard,gross,success,704399053.2755469,721453584.8393507,-17054531.563803792,17054531.563803792,-2.363912512487051,2.363912512487051,0.006410410000171396,pricing_mc_v1
22,long_shock_break,long,shock,True,none,bornhuetter_ferguson_break_aware,gross,success,540165233.9948423,721453584.8393507,-181288350.8445084,181288350.8445084,-25.128207088315555,25.128207088315555,0.005291091998515185,pricing_mc_v1
23,long_shock_break,long,shock,True,none,bornhuetter_ferguson_standard,ceded,success,273081335.77148175,447552612.8081651,-174471277.03668332,174471277.03668332,-38.983411568522584,38.983411568522584,0.006177976998515078,pricing_mc_v1
23,long_shock_break,long,shock,True,none,bornhuetter_ferguson_break_aware,ceded,success,215827609.4594226,447552612.8081651,-231725003.34874249,231725003.34874249,-51.776036317783046,51.776036317783046,0.005258938001134084,pricing_mc_v1
23,long_shock_break,long,shock,True,none,bornhuetter_ferguson_standard,gross,success,704399053.2755469,827996734.5778254,-123597681.30227852,123597681.30227852,-14.92731506547521,14.92731506547521,0.0052960449993406655,pricing_mc_v1
23,long_shock_break,long,shock,True,none,bornhuetter_ferguson_break_aware,gross,success,540165233.9948423,827996734.5778254,-287831500.58298314,287831500.58298314,-34.76239561859397,34.76239561859397,0.005720852999729686,pricing_mc_v1
24,long_shock_break,long,shock,True,none,bornhuetter_ferguson_standard,ceded,success,273081335.77148175,397126306.2678751,-124044970.49639332,124044970.49639332,-31.235646830386706,31.235646830386706,0.005370711000068695,pricing_mc_v1
24,long_shock_break,long,shock,True,none,bornhuetter_ferguson_break_aware,ceded,success,215827609.4594226,397126306.2678751,-181298696.8084525,181298696.8084525,-45.65265356311108,45.65265356311108,0.00553005100118753,pricing_mc_v1
24,long_shock_break,long,shock,True,none,bornhuetter_ferguson_standard,gross,success,704399053.2755469,782093251.8954546,-77694198.61990774,77694198.61990774,-9.93413489140978,9.93413489140978,0.0051863360004063,pricing_mc_v1
24,long_shock_break,long,shock,True,none,bornhuetter_ferguson_break_aware,gross,success,540165233.9948423,782093251.8954546,-241928017.90061235,241928017.90061235,-30.93339794382368,30.93339794382368,0.0055111910005507525,pricing_mc_v1
25,long_shock_break,long,shock,True,none,bornhuetter_ferguson_standard,ceded,success,273081335.77148175,441627230.37880164,-168545894.6073199,168545894.6073199,-38.164742346786724,38.164742346786724,0.005125199999383767,pricing_mc_v1
25,long_shock_break,long,shock,True,none,bornhuetter_ferguson_break_aware,ceded,success,215827609.4594226,441627230.37880164,-225799620.91937906,225799620.91937906,-51.12900776650514,51.12900776650514,0.005429947999800788,pricing_mc_v1
25,long_shock_break,long,shock,True,none,bornhuetter_ferguson_standard,gross,success,704399053.2755469,877767581.9124196,-173368528.63687265,173368528.63687265,-19.751074454031354,19.751074454031354,0.005245929000011529,pricing_mc_v1
25,long_shock_break,long,shock,True,none,bornhuetter_ferguson_break_aware,gross,success,540165233.9948423,877767581.9124196,-337602347.91757727,337602347.91757727,-38.4614737288466,38.4614737288466,0.005165413000213448,pricing_mc_v1
26,long_shock_break,long,shock,True,none,bornhuetter_ferguson_standard,ceded,success,273081335.77148175,387317049.10468125,-114235713.3331995,114235713.3331995,-29.49410917935727,29.49410917935727,0.005567793999944115,pricing_mc_v1
26,long_shock_break,long,shock,True,none,bornhuetter_ferguson_break_aware,ceded,success,215827609.4594226,387317049.10468125,-171489439.64525867,171489439.64525867,-44.27624346557224,44.27624346557224,0.004983917000572546,pricing_mc_v1
26,long_shock_break,long,shock,True,none,bornhuetter_ferguson_standard,gross,success,704399053.2755469,693091337.2512838,11307716.024263144,11307716.024263144,1.6314900239711803,1.6314900239711803,0.005247740999038797,pricing_mc_v1
26,long_shock_break,long,shock,True,none,bornhuetter_ferguson_break_aware,gross,success,540165233.9948423,693091337.2512838,-152926103.25644147,152926103.25644147,-22.064350690477227,22.064350690477227,0.005414279001342948,pricing_mc_v1
27,long_shock_break,long,shock,True,none,bornhuetter_ferguson_standard,ceded,success,273081335.77148175,435090220.70363057,-162008884.9321488,162008884.9321488,-37.2356989936816,37.2356989936816,0.0051168369991501095,pricing_mc_v1
27,long_shock_break,long,shock,True,none,bornhuetter_ferguson_break_aware,ceded,success,215827609.4594226,435090220.70363057,-219262611.24420798,219262611.24420798,-50.39474591950496,50.39474591950496,0.005184259000088787,pricing_mc_v1
27,long_shock_break,long,shock,True,none,bornhuetter_ferguson_standard,gross,success,704399053.2755469,857139762.9814484,-152740709.7059015,152740709.7059015,-17.819813792632015,17.819813792632015,0.0054846379989612615,pricing_mc_v1
27,long_shock_break,long,shock,True,none,bornhuetter_ferguson_break_aware,gross,success,540165233.9948423,857139762.9814484,-316974528.9866061,316974528.9866061,-36.98049520932873,36.98049520932873,0.005390493999584578,pricing_mc_v1
28,long_shock_break,long,shock,True,none,bornhuetter_ferguson_standard,ceded,success,273081335.77148175,365739264.7311368,-92657928.95965505,92657928.95965505,-25.334422058230466,25.334422058230466,0.005458526999063906,pricing_mc_v1
28,long_shock_break,long,shock,True,none,bornhuetter_ferguson_break_aware,ceded,success,215827609.4594226,365739264.7311368,-149911655.2717142,149911655.2717142,-40.98866863034726,40.98866863034726,0.004935937999107409,pricing_mc_v1
28,long_shock_break,long,shock,True,none,bornhuetter_ferguson_standard,gross,success,704399053.2755469,730183841.8742096,-25784788.598662734,25784788.598662734,-3.5312735122266283,3.5312735122266283,0.005407655000453815,pricing_mc_v1
28,long_shock_break,long,shock,True,none,bornhuetter_ferguson_break_aware,gross,success,540165233.9948423,730183841.8742096,-190018607.87936735,190018607.87936735,-26.023392600914647,26.023392600914647,0.005311741000696202,pricing_mc_v1
29,long_shock_break,long,shock,True,none,bornhuetter_ferguson_standard,ceded,success,273081335.77148175,351201311.80938095,-78119976.0378992,78119976.0378992,-22.24364585525803,22.24364585525803,0.006233253001482808,pricing_mc_v1
29,long_shock_break,long,shock,True,none,bornhuetter_ferguson_break_aware,ceded,success,215827609.4594226,351201311.80938095,-135373702.34995836,135373702.34995836,-38.545898832927534,38.545898832927534,0.005118154998854152,pricing_mc_v1
29,long_shock_break,long,shock,True,none,bornhuetter_ferguson_standard,gross,success,704399053.2755469,635669401.7649539,68729651.51059306,68729651.51059306,10.81216923761994,10.81216923761994,0.005281321000438766,pricing_mc_v1
29,long_shock_break,long,shock,True,none,bornhuetter_ferguson_break_aware,gross,success,540165233.9948423,635669401.7649539,-95504167.77011156,95504167.77011156,-15.024188281666786,15.024188281666786,0.005637043001115671,pricing_mc_v1
30,long_shock_break,long,shock,True,none,bornhuetter_ferguson_standard,ceded,success,273081335.77148175,362164258.8152297,-89082923.04374796,89082923.04374796,-24.597381126224445,24.597381126224445,0.0059731550009018974,pricing_mc_v1
30,long_shock_break,long,shock,True,none,bornhuetter_ferguson_break_aware,ceded,success,215827609.4594226,362164258.8152297,-146336649.35580713,146336649.35580713,-40.40615433298892,40.40615433298892,0.005776009998953668,pricing_mc_v1
30,long_shock_break,long,shock,True,none,bornhuetter_ferguson_standard,gross,success,704399053.2755469,703654415.0465567,744638.2289901972,744638.2289901972,0.10582442361864934,0.10582442361864934,0.0056249870012834435,pricing_mc_v1
30,long_shock_break,long,shock,True,none,bornhuetter_ferguson_break_aware,gross,success,540165233.9948423,703654415.0465567,-163489181.05171442,163489181.05171442,-23.234300468490247,23.234300468490247,0.005840682999405544,pricing_mc_v1
31,long_shock_break,long,shock,True,none,bornhuetter_ferguson_standard,ceded,success,273081335.77148175,420737137.6768234,-147655801.90534163,147655801.90534163,-35.094549228682304,35.094549228682304,0.005909212999540614,pricing_mc_v1
31,long_shock_break,long,shock,True,none,bornhuetter_ferguson_break_aware,ceded,success,215827609.4594226,420737137.6768234,-204909528.2174008,204909528.2174008,-48.702505642560105,48.702505642560105,0.006250296999496641,pricing_mc_v1
31,long_shock_break,long,shock,True,none,bornhuetter_ferguson_standard,gross,success,704399053.2755469,830176970.9717033,-125777917.69615638,125777917.69615638,-15.150735577371677,15.150735577371677,0.08209873299892934,pricing_mc_v1
31,long_shock_break,long,shock,True,none,bornhuetter_ferguson_break_aware,gross,success,540165233.9948423,830176970.9717033,-290011736.976861,290011736.976861,-34.93372462950988,34.93372462950988,0.03222388300127932,pricing_mc_v1
32,long_shock_break,long,shock,True,none,bornhuetter_ferguson_standard,ceded,success,273081335.77148175,362645239.55470467,-89563903.78322291,89563903.78322291,-24.697388525821886,24.697388525821886,0.011762934998841956,pricing_mc_v1
32,long_shock_break,long,shock,True,none,bornhuetter_ferguson_break_aware,ceded,success,215827609.4594226,362645239.55470467,-146817630.09528208,146817630.09528208,-40.48519436669312,40.48519436669312,0.024805934999676538,pricing_mc_v1
32,long_shock_break,long,shock,True,none,bornhuetter_ferguson_standard,gross,success,704399053.2755469,758782001.7761803,-54382948.50063336,54382948.50063336,-7.167137382453995,7.167137382453995,0.009612555999410688,pricing_mc_v1
32,long_shock_break,long,shock,True,none,bornhuetter_ferguson_break_aware,gross,success,540165233.9948423,758782001.7761803,-218616767.78133798,218616767.78133798,-28.811538395691134,28.811538395691134,0.011911560000953614,pricing_mc_v1
33,long_shock_break,long,shock,True,none,bornhuetter_ferguson_standard,ceded,success,273081335.77148175,400625885.16308933,-127544549.39160758,127544549.39160758,-31.836322642928064,31.836322642928064,0.010679944998628343,pricing_mc_v1
33,long_shock_break,long,shock,True,none,bornhuetter_ferguson_break_aware,ceded,success,215827609.4594226,400625885.16308933,-184798275.70366675,184798275.70366675,-46.12739279900446,46.12739279900446,0.009314396000263514,pricing_mc_v1
33,long_shock_break,long,shock,True,none,bornhuetter_ferguson_standard,gross,success,704399053.2755469,785707528.2337258,-81308474.95817888,81308474.95817888,-10.348440359348563,10.348440359348563,0.007217267000669381,pricing_mc_v1
33,long_shock_break,long,shock,True,none,bornhuetter_ferguson_break_aware,gross,success,540165233.9948423,785707528.2337258,-245542294.2388835,245542294.2388835,-31.251106221530517,31.251106221530517,0.005401923999670544,pricing_mc_v1
34,long_shock_break,long,shock,True,none,bornhuetter_ferguson_standard,ceded,success,273081335.77148175,434190328.6126816,-161108992.84119987,161108992.84119987,-37.105615262314316,37.105615262314316,0.005531329001314589,pricing_mc_v1
34,long_shock_break,long,shock,True,none,bornhuetter_ferguson_break_aware,ceded,success,215827609.4594226,434190328.6126816,-218362719.15325904,218362719.15325904,-50.291935301960386,50.291935301960386,0.006361256999298348,pricing_mc_v1
34,long_shock_break,long,shock,True,none,bornhuetter_ferguson_standard,gross,success,704399053.2755469,800906081.456087,-96507028.18054008,96507028.18054008,-12.049730975333027,12.049730975333027,0.010439021998536191,pricing_mc_v1
34,long_shock_break,long,shock,True,none,bornhuetter_ferguson_break_aware,gross,success,540165233.9948423,800906081.456087,-260740847.4612447,260740847.4612447,-32.55573324992175,32.55573324992175,0.007393239999146317,pricing_mc_v1
35,long_shock_break,long,shock,True,none,bornhuetter_ferguson_standard,ceded,success,273081335.77148175,383540663.9225669,-110459328.15108514,110459328.15108514,-28.79990012568414,28.79990012568414,0.005979548999675899,pricing_mc_v1
35,long_shock_break,long,shock,True,none,bornhuetter_ferguson_break_aware,ceded,success,215827609.4594226,383540663.9225669,-167713054.4631443,167713054.4631443,-43.72758099438549,43.72758099438549,0.005325771999196149,pricing_mc_v1
35,long_shock_break,long,shock,True,none,bornhuetter_ferguson_standard,gross,success,704399053.2755469,744276179.3819773,-39877126.10643041,39877126.10643041,-5.357839900175642,5.357839900175642,0.006814574999225442,pricing_mc_v1
35,long_shock_break,long,shock,True,none,bornhuetter_ferguson_break_aware,gross,success,540165233.9948423,744276179.3819773,-204110945.38713503,204110945.38713503,-27.42408678947942,27.42408678947942,0.005803336998724262,pricing_mc_v1
36,long_shock_break,long,shock,True,none,bornhuetter_ferguson_standard,ceded,success,273081335.77148175,369844933.2565078,-96763597.48502606,96763597.48502606,-26.163288660741276,26.163288660741276,0.005265419000352267,pricing_mc_v1
36,long_shock_break,long,shock,True,none,bornhuetter_ferguson_break_aware,ceded,success,215827609.4594226,369844933.2565078,-154017323.79708523,154017323.79708523,-41.64375659846224,41.64375659846224,0.0073864160003722645,pricing_mc_v1
36,long_shock_break,long,shock,True,none,bornhuetter_ferguson_standard,gross,success,704399053.2755469,704931598.8429883,-532545.5674413443,532545.5674413443,-0.07554570802549027,0.07554570802549027,0.007618316998559749,pricing_mc_v1
36,long_shock_break,long,shock,True,none,bornhuetter_ferguson_break_aware,gross,success,540165233.9948423,704931598.8429883,-164766364.84814596,164766364.84814596,-23.373383335146098,23.373383335146098,0.0056871409997256706,pricing_mc_v1
37,long_shock_break,long,shock,True,none,bornhuetter_ferguson_standard,ceded,success,273081335.77148175,344271507.54818845,-71190171.7767067,71190171.7767067,-20.678496540043195,20.678496540043195,0.006104025998865836,pricing_mc_v1
37,long_shock_break,long,shock,True,none,bornhuetter_ferguson_break_aware,ceded,success,215827609.4594226,344271507.54818845,-128443898.08876586,128443898.08876586,-37.308895819903796,37.308895819903796,0.005335095000191359,pricing_mc_v1
37,long_shock_break,long,shock,True,none,bornhuetter_ferguson_standard,gross,success,704399053.2755469,644659046.3804226,59740006.895124316,59740006.895124316,9.266915159346246,9.266915159346246,0.006833778001237079,pricing_mc_v1
37,long_shock_break,long,shock,True,none,bornhuetter_ferguson_break_aware,gross,success,540165233.9948423,644659046.3804226,-104493812.3855803,104493812.3855803,-16.209159395541466,16.209159395541466,0.07441058400036127,pricing_mc_v1
38,long_shock_break,long,shock,True,none,bornhuetter_ferguson_standard,ceded,success,273081335.77148175,384335613.89886,-111254278.12737823,111254278.12737823,-28.94716859537649,28.94716859537649,0.01826534400061064,pricing_mc_v1
38,long_shock_break,long,shock,True,none,bornhuetter_ferguson_break_aware,ceded,success,215827609.4594226,384335613.89886,-168508004.4394374,168508004.4394374,-43.84397342989432,43.84397342989432,0.015290957999241073,pricing_mc_v1
38,long_shock_break,long,shock,True,none,bornhuetter_ferguson_standard,gross,success,704399053.2755469,757774575.3067439,-53375522.03119695,53375522.03119695,-7.04372035833886,7.04372035833886,0.006139924000308383,pricing_mc_v1
38,long_shock_break,long,shock,True,none,bornhuetter_ferguson_break_aware,gross,success,540165233.9948423,757774575.3067439,-217609341.31190157,217609341.31190157,-28.716896607914595,28.716896607914595,0.009200304999467335,pricing_mc_v1
39,long_shock_break,long,shock,True,none,bornhuetter_ferguson_standard,ceded,success,273081335.77148175,411609718.6487835,-138528382.87730175,138528382.87730175,-33.65527503384939,33.65527503384939,0.014762815000722185,pricing_mc_v1
39,long_shock_break,long,shock,True,none,bornhuetter_ferguson_break_aware,ceded,success,215827609.4594226,411609718.6487835,-195782109.18936092,195782109.18936092,-47.56498700566811,47.56498700566811,0.027582298000197625,pricing_mc_v1
39,long_shock_break,long,shock,True,none,bornhuetter_ferguson_standard,gross,success,704399053.2755469,793850831.1601003,-89451777.88455343,89451777.88455343,-11.268083923755846,11.268083923755846,0.01984554000046046,pricing_mc_v1
39,long_shock_break,long,shock,True,none,bornhuetter_ferguson_break_aware,gross,success,540165233.9948423,793850831.1601003,-253685597.16525805,253685597.16525805,-31.956330737165388,31.956330737165388,0.015628835000825347,pricing_mc_v1
40,long_shock_break,long,shock,True,none,bornhuetter_ferguson_standard,ceded,success,273081335.77148175,329379459.9084445,-56298124.13696277,56298124.13696277,-17.09217816818681,17.09217816818681,0.017191145998367574,pricing_mc_v1
40,long_shock_break,long,shock,True,none,bornhuetter_ferguson_break_aware,ceded,success,215827609.4594226,329379459.9084445,-113551850.44902194,113551850.44902194,-34.47447830553405,34.47447830553405,0.013517863000743091,pricing_mc_v1
40,long_shock_break,long,shock,True,none,bornhuetter_ferguson_standard,gross,success,704399053.2755469,655514909.5629809,48884143.71256602,48884143.71256602,7.457365652469465,7.457365652469465,0.013152903999070986,pricing_mc_v1
40,long_shock_break,long,shock,True,none,bornhuetter_ferguson_break_aware,gross,success,540165233.9948423,655514909.5629809,-115349675.5681386,115349675.5681386,-17.596804265678717,17.596804265678717,0.01835492600002908,pricing_mc_v1
41,long_shock_break,long,shock,True,none,bornhuetter_ferguson_standard,ceded,success,273081335.77148175,402235467.7553805,-129154131.98389876,129154131.98389876,-32.10908593034462,32.10908593034462,0.016738201999032754,pricing_mc_v1
41,long_shock_break,long,shock,True,none,bornhuetter_ferguson_break_aware,ceded,success,215827609.4594226,402235467.7553805,-186407858.29595792,186407858.29595792,-46.342969041537096,46.342969041537096,0.006673232999673928,pricing_mc_v1
41,long_shock_break,long,shock,True,none,bornhuetter_ferguson_standard,gross,success,704399053.2755469,746170673.8772634,-41771620.60171652,41771620.60171652,-5.598132178615676,5.598132178615676,0.01122890000078769,pricing_mc_v1
41,long_shock_break,long,shock,True,none,bornhuetter_ferguson_break_aware,gross,success,540165233.9948423,746170673.8772634,-206005439.88242114,206005439.88242114,-27.60835383840168,27.60835383840168,0.01115960199967958,pricing_mc_v1
42,long_shock_break,long,shock,True,none,bornhuetter_ferguson_standard,ceded,success,273081335.77148175,444967640.80671847,-171886305.03523672,171886305.03523672,-38.62894495510053,38.62894495510053,0.01228473999981361,pricing_mc_v1
42,long_shock_break,long,shock,True,none,bornhuetter_ferguson_break_aware,ceded,success,215827609.4594226,444967640.80671847,-229140031.34729588,229140031.34729588,-51.49588651702156,51.49588651702156,0.011499544998514466,pricing_mc_v1
42,long_shock_break,long,shock,True,none,bornhuetter_ferguson_standard,gross,success,704399053.2755469,855730060.6889951,-151331007.4134482,151331007.4134482,-17.684432786152602,17.684432786152602,0.03377123399877746,pricing_mc_v1
42,long_shock_break,long,shock,True,none,bornhuetter_ferguson_break_aware,gross,success,540165233.9948423,855730060.6889951,-315564826.69415283,315564826.69415283,-36.87667889568754,36.87667889568754,0.04455694599892013,pricing_mc_v1
43,long_shock_break,long,shock,True,none,bornhuetter_ferguson_standard,ceded,success,273081335.77148175,441745711.4342898,-168664375.66280806,168664375.66280806,-38.18132724258424,38.18132724258424,0.01953732900074101,pricing_mc_v1
43,long_shock_break,long,shock,True,none,bornhuetter_ferguson_break_aware,ceded,success,215827609.4594226,441745711.4342898,-225918101.97486722,225918101.97486722,-51.14211550381351,51.14211550381351,0.01541373200052476,pricing_mc_v1
43,long_shock_break,long,shock,True,none,bornhuetter_ferguson_standard,gross,success,704399053.2755469,796623825.1628985,-92224771.88735163,92224771.88735163,-11.576953760891213,11.576953760891213,0.020080725000298116,pricing_mc_v1
43,long_shock_break,long,shock,True,none,bornhuetter_ferguson_break_aware,gross,success,540165233.9948423,796623825.1628985,-256458591.16805625,256458591.16805625,-32.19318617737977,32.19318617737977,0.013406026999291498,pricing_mc_v1
44,long_shock_break,long,shock,True,none,bornhuetter_ferguson_standard,ceded,success,273081335.77148175,471451543.6070763,-198370207.83559453,198370207.83559453,-42.07647859584122,42.07647859584122,0.04003337399990414,pricing_mc_v1
44,long_shock_break,long,shock,True,none,bornhuetter_ferguson_break_aware,ceded,success,215827609.4594226,471451543.6070763,-255623934.1476537,255623934.1476537,-54.22061664956587,54.22061664956587,0.015985668000212172,pricing_mc_v1
44,long_shock_break,long,shock,True,none,bornhuetter_ferguson_standard,gross,success,704399053.2755469,884160408.2422583,-179761354.9667114,179761354.9667114,-20.33130564216093,20.33130564216093,0.01928136300011829,pricing_mc_v1
44,long_shock_break,long,shock,True,none,bornhuetter_ferguson_break_aware,gross,success,540165233.9948423,884160408.2422583,-343995174.247416,343995174.247416,-38.906421396010074,38.906421396010074,0.012489083999753348,pricing_mc_v1
45,long_shock_break,long,shock,True,none,bornhuetter_ferguson_standard,ceded,success,273081335.77148175,398276787.67611235,-125195451.9046306,125195451.9046306,-31.434282835092656,31.434282835092656,0.013177389000702533,pricing_mc_v1
45,long_shock_break,long,shock,True,none,bornhuetter_ferguson_break_aware,ceded,success,215827609.4594226,398276787.67611235,-182449178.21668977,182449178.21668977,-45.809643911525555,45.809643911525555,0.010099445000378182,pricing_mc_v1
45,long_shock_break,long,shock,True,none,bornhuetter_ferguson_standard,gross,success,704399053.2755469,758982085.7695277,-54583032.493980765,54583032.493980765,-7.191610120631417,7.191610120631417,0.038112519001515466,pricing_mc_v1
45,long_shock_break,long,shock,True,none,bornhuetter_ferguson_break_aware,gross,success,540165233.9948423,758982085.7695277,-218816851.77468538,218816851.77468538,-28.83030520448031,28.83030520448031,0.1250686189996486,pricing_mc_v1
46,long_shock_break,long,shock,True,none,bornhuetter_ferguson_standard,ceded,success,273081335.77148175,417206528.94205534,-144125193.1705736,144125193.1705736,-34.54528708743931,34.54528708743931,0.012893589000668726,pricing_mc_v1
46,long_shock_break,long,shock,True,none,bornhuetter_ferguson_break_aware,ceded,success,215827609.4594226,417206528.94205534,-201378919.48263276,201378919.48263276,-48.26840078300925,48.26840078300925,0.012868314001025283,pricing_mc_v1
46,long_shock_break,long,shock,True,none,bornhuetter_ferguson_standard,gross,success,704399053.2755469,798768522.9955537,-94369469.72000682,94369469.72000682,-11.814370121409018,11.814370121409018,0.016487217999383574,pricing_mc_v1
46,long_shock_break,long,shock,True,none,bornhuetter_ferguson_break_aware,gross,success,540165233.9948423,798768522.9955537,-258603289.00071144,258603289.00071144,-32.375247841626695,32.375247841626695,0.020954184999936842,pricing_mc_v1
47,long_shock_break,long,shock,True,none,bornhuetter_ferguson_standard,ceded,success,273081335.77148175,374346090.2077977,-101264754.43631595,101264754.43631595,-27.05110513645391,27.05110513645391,0.02419795400055591,pricing_mc_v1
47,long_shock_break,long,shock,True,none,bornhuetter_ferguson_break_aware,ceded,success,215827609.4594226,374346090.2077977,-158518480.74837512,158518480.74837512,-42.34543511871121,42.34543511871121,0.011633069001618423,pricing_mc_v1
47,long_shock_break,long,shock,True,none,bornhuetter_ferguson_standard,gross,success,704399053.2755469,722215878.1384668,-17816824.862919927,17816824.862919927,-2.4669666511408375,2.4669666511408375,0.013574353999501909,pricing_mc_v1
47,long_shock_break,long,shock,True,none,bornhuetter_ferguson_break_aware,gross,success,540165233.9948423,722215878.1384668,-182050644.14362454,182050644.14362454,-25.207233689304303,25.207233689304303,0.016426883999884012,pricing_mc_v1
48,long_shock_break,long,shock,True,none,bornhuetter_ferguson_standard,ceded,success,273081335.77148175,396701492.4502405,-123620156.67875874,123620156.67875874,-31.16200947851609,31.16200947851609,0.009358620998682454,pricing_mc_v1
48,long_shock_break,long,shock,True,none,bornhuetter_ferguson_break_aware,ceded,success,215827609.4594226,396701492.4502405,-180873882.9908179,180873882.9908179,-45.59445488184179,45.59445488184179,0.013261523999972269,pricing_mc_v1
48,long_shock_break,long,shock,True,none,bornhuetter_ferguson_standard,gross,success,704399053.2755469,739204803.5749645,-34805750.299417615,34805750.299417615,-4.7085395185595385,4.7085395185595385,0.012516695000158506,pricing_mc_v1
48,long_shock_break,long,shock,True,none,bornhuetter_ferguson_break_aware,gross,success,540165233.9948423,739204803.5749645,-199039569.58012223,199039569.58012223,-26.926173723103673,26.926173723103673,0.00887362700086669,pricing_mc_v1
49,long_shock_break,long,shock,True,none,bornhuetter_ferguson_standard,ceded,success,273081335.77148175,354884987.05735826,-81803651.28587651,81803651.28587651,-23.050750037125407,23.050750037125407,0.015375740998933907,pricing_mc_v1
49,long_shock_break,long,shock,True,none,bornhuetter_ferguson_break_aware,ceded,success,215827609.4594226,354884987.05735826,-139057377.59793568,139057377.59793568,-39.18378704914348,39.18378704914348,0.013160423999579507,pricing_mc_v1
49,long_shock_break,long,shock,True,none,bornhuetter_ferguson_standard,gross,success,704399053.2755469,680344587.2157975,24054466.059749365,24054466.059749365,3.5356298134432813,3.5356298134432813,0.007612899999003275,pricing_mc_v1
49,long_shock_break,long,shock,True,none,bornhuetter_ferguson_break_aware,gross,success,540165233.9948423,680344587.2157975,-140179353.22095525,140179353.22095525,-20.604169689159587,20.604169689159587,0.005441802000859752,pricing_mc_v1
50,long_shock_break,long,shock,True,none,bornhuetter_ferguson_standard,ceded,success,273081335.77148175,404040428.71112746,-130959092.93964571,130959092.93964571,-32.412373523461476,32.412373523461476,0.01115749800010235,pricing_mc_v1
50,long_shock_break,long,shock,True,none,bornhuetter_ferguson_break_aware,ceded,success,215827609.4594226,404040428.71112746,-188212819.25170487,188212819.25170487,-46.58266992045724,46.58266992045724,0.012039416000334313,pricing_mc_v1
50,long_shock_break,long,shock,True,none,bornhuetter_ferguson_standard,gross,success,704399053.2755469,798575480.5610548,-94176427.28550792,94176427.28550792,-11.793052701711106,11.793052701711106,0.012602881999555393,pricing_mc_v1
50,long_shock_break,long,shock,True,none,bornhuetter_ferguson_break_aware,gross,success,540165233.9948423,798575480.5610548,-258410246.56621253,258410246.56621253,-32.358900674568844,32.358900674568844,0.01087218900102016,pricing_mc_v1
1,long_shock_no_break,long,shock,False,none,bornhuetter_ferguson_standard,ceded,success,318098900.65821815,499766947.86483264,-181668047.2066145,181668047.2066145,-36.35055258911371,36.35055258911371,0.027139479998368188,pricing_mc_v1
1,long_shock_no_break,long,shock,False,none,bornhuetter_ferguson_break_aware,ceded,success,318098900.65821815,499766947.86483264,-181668047.2066145,181668047.2066145,-36.35055258911371,36.35055258911371,0.015284682998753851,pricing_mc_v1
1,long_shock_no_break,long,shock,False,none,bornhuetter_ferguson_standard,gross,success,762170039.2813251,991396478.4184726,-229226439.13714755,229226439.13714755,-23.121570847500035,23.121570847500035,0.010093225999298738,pricing_mc_v1
1,long_shock_no_break,long,shock,False,none,bornhuetter_ferguson_break_aware,gross,success,762170039.2813251,991396478.4184726,-229226439.13714755,229226439.13714755,-23.121570847500035,23.121570847500035,0.017018438999002683,pricing_mc_v1
2,long_shock_no_break,long,shock,False,none,bornhuetter_ferguson_standard,ceded,success,318098900.65821815,534015095.1365743,-215916194.47835618,215916194.47835618,-40.43260133370118,40.43260133370118,0.014488501999949221,pricing_mc_v1
2,long_shock_no_break,long,shock,False,none,bornhuetter_ferguson_break_aware,ceded,success,318098900.65821815,534015095.1365743,-215916194.47835618,215916194.47835618,-40.43260133370118,40.43260133370118,0.01441716600129439,pricing_mc_v1
2,long_shock_no_break,long,shock,False,none,bornhuetter_ferguson_standard,gross,success,762170039.2813251,983498757.6015201,-221328718.32019496,221328718.32019496,-22.504219411517525,22.504219411517525,0.016592997000770993,pricing_mc_v1
2,long_shock_no_break,long,shock,False,none,bornhuetter_ferguson_break_aware,gross,success,762170039.2813251,983498757.6015201,-221328718.32019496,221328718.32019496,-22.504219411517525,22.504219411517525,0.016218061000472517,pricing_mc_v1
3,long_shock_no_break,long,shock,False,none,bornhuetter_ferguson_standard,ceded,success,318098900.65821815,524589288.66022575,-206490388.0020076,206490388.0020076,-39.36229588853663,39.36229588853663,0.017098301999794785,pricing_mc_v1
3,long_shock_no_break,long,shock,False,none,bornhuetter_ferguson_break_aware,ceded,success,318098900.65821815,524589288.66022575,-206490388.0020076,206490388.0020076,-39.36229588853663,39.36229588853663,0.009815364999667509,pricing_mc_v1
3,long_shock_no_break,long,shock,False,none,bornhuetter_ferguson_standard,gross,success,762170039.2813251,920138738.2321348,-157968698.95080972,157968698.95080972,-17.167921791263286,17.167921791263286,0.014072146999751567,pricing_mc_v1
3,long_shock_no_break,long,shock,False,none,bornhuetter_ferguson_break_aware,gross,success,762170039.2813251,920138738.2321348,-157968698.95080972,157968698.95080972,-17.167921791263286,17.167921791263286,0.013710459999856539,pricing_mc_v1
4,long_shock_no_break,long,shock,False,none,bornhuetter_ferguson_standard,ceded,success,318098900.65821815,487715459.4872352,-169616558.82901704,169616558.82901704,-34.77776960511878,34.77776960511878,0.010530704999837326,pricing_mc_v1
4,long_shock_no_break,long,shock,False,none,bornhuetter_ferguson_break_aware,ceded,success,318098900.65821815,487715459.4872352,-169616558.82901704,169616558.82901704,-34.77776960511878,34.77776960511878,0.0130619370011118,pricing_mc_v1
4,long_shock_no_break,long,shock,False,none,bornhuetter_ferguson_standard,gross,success,762170039.2813251,936902234.9441161,-174732195.662791,174732195.662791,-18.649992405366966,18.649992405366966,0.01472190400090767,pricing_mc_v1
4,long_shock_no_break,long,shock,False,none,bornhuetter_ferguson_break_aware,gross,success,762170039.2813251,936902234.9441161,-174732195.662791,174732195.662791,-18.649992405366966,18.649992405366966,0.010051072000351269,pricing_mc_v1
5,long_shock_no_break,long,shock,False,none,bornhuetter_ferguson_standard,ceded,success,318098900.65821815,481486210.5349081,-163387309.87668997,163387309.87668997,-33.933954140695846,33.933954140695846,0.011018362998584053,pricing_mc_v1
5,long_shock_no_break,long,shock,False,none,bornhuetter_ferguson_break_aware,ceded,success,318098900.65821815,481486210.5349081,-163387309.87668997,163387309.87668997,-33.933954140695846,33.933954140695846,0.012198784001157037,pricing_mc_v1
5,long_shock_no_break,long,shock,False,none,bornhuetter_ferguson_standard,gross,success,762170039.2813251,909567870.6769034,-147397831.39557827,147397831.39557827,-16.205259238750852,16.205259238750852,0.014976823000324657,pricing_mc_v1
5,long_shock_no_break,long,shock,False,none,bornhuetter_ferguson_break_aware,gross,success,762170039.2813251,909567870.6769034,-147397831.39557827,147397831.39557827,-16.205259238750852,16.205259238750852,0.016542579998713336,pricing_mc_v1
6,long_shock_no_break,long,shock,False,none,bornhuetter_ferguson_standard,ceded,success,318098900.65821815,479886567.1275214,-161787666.46930325,161787666.46930325,-33.7137310255886,33.7137310255886,0.013752990000284626,pricing_mc_v1
6,long_shock_no_break,long,shock,False,none,bornhuetter_ferguson_break_aware,ceded,success,318098900.65821815,479886567.1275214,-161787666.46930325,161787666.46930325,-33.7137310255886,33.7137310255886,0.014400640000530984,pricing_mc_v1
6,long_shock_no_break,long,shock,False,none,bornhuetter_ferguson_standard,gross,success,762170039.2813251,935834774.1728761,-173664734.89155102,173664734.89155102,-18.557200446525624,18.557200446525624,0.008801123000012012,pricing_mc_v1
6,long_shock_no_break,long,shock,False,none,bornhuetter_ferguson_break_aware,gross,success,762170039.2813251,935834774.1728761,-173664734.89155102,173664734.89155102,-18.557200446525624,18.557200446525624,0.009465009999985341,pricing_mc_v1
7,long_shock_no_break,long,shock,False,none,bornhuetter_ferguson_standard,ceded,success,318098900.65821815,482278592.35778266,-164179691.69956452,164179691.69956452,-34.04250039316826,34.04250039316826,0.013728421999985585,pricing_mc_v1
7,long_shock_no_break,long,shock,False,none,bornhuetter_ferguson_break_aware,ceded,success,318098900.65821815,482278592.35778266,-164179691.69956452,164179691.69956452,-34.04250039316826,34.04250039316826,0.014216405999832205,pricing_mc_v1
7,long_shock_no_break,long,shock,False,none,bornhuetter_ferguson_standard,gross,success,762170039.2813251,912044125.4589986,-149874086.17767346,149874086.17767346,-16.432767011381966,16.432767011381966,0.01566323800034297,pricing_mc_v1
7,long_shock_no_break,long,shock,False,none,bornhuetter_ferguson_break_aware,gross,success,762170039.2813251,912044125.4589986,-149874086.17767346,149874086.17767346,-16.432767011381966,16.432767011381966,0.012610402000063914,pricing_mc_v1
8,long_shock_no_break,long,shock,False,none,bornhuetter_ferguson_standard,ceded,success,318098900.65821815,573114191.107759,-255015290.44954085,255015290.44954085,-44.49641876021736,44.49641876021736,0.016292682999846875,pricing_mc_v1
8,long_shock_no_break,long,shock,False,none,bornhuetter_ferguson_break_aware,ceded,success,318098900.65821815,573114191.107759,-255015290.44954085,255015290.44954085,-44.49641876021736,44.49641876021736,0.016157121999640367,pricing_mc_v1
8,long_shock_no_break,long,shock,False,none,bornhuetter_ferguson_standard,gross,success,762170039.2813251,1065590001.3304901,-303419962.049165,303419962.049165,-28.47436271645909,28.47436271645909,0.01540713299982599,pricing_mc_v1
8,long_shock_no_break,long,shock,False,none,bornhuetter_ferguson_break_aware,gross,success,762170039.2813251,1065590001.3304901,-303419962.049165,303419962.049165,-28.47436271645909,28.47436271645909,0.013929221000580583,pricing_mc_v1
9,long_shock_no_break,long,shock,False,none,bornhuetter_ferguson_standard,ceded,success,318098900.65821815,530817477.7684608,-212718577.11024266,212718577.11024266,-40.073770367265325,40.073770367265325,0.010813890999997966,pricing_mc_v1
9,long_shock_no_break,long,shock,False,none,bornhuetter_ferguson_break_aware,ceded,success,318098900.65821815,530817477.7684608,-212718577.11024266,212718577.11024266,-40.073770367265325,40.073770367265325,0.011577765999390977,pricing_mc_v1
9,long_shock_no_break,long,shock,False,none,bornhuetter_ferguson_standard,gross,success,762170039.2813251,972722197.1362911,-210552157.85496604,210552157.85496604,-21.64566188320106,21.64566188320106,0.008508008000717382,pricing_mc_v1
9,long_shock_no_break,long,shock,False,none,bornhuetter_ferguson_break_aware,gross,success,762170039.2813251,972722197.1362911,-210552157.85496604,210552157.85496604,-21.64566188320106,21.64566188320106,0.013068256999758887,pricing_mc_v1
10,long_shock_no_break,long,shock,False,none,bornhuetter_ferguson_standard,ceded,success,318098900.65821815,546183119.412483,-228084218.75426483,228084218.75426483,-41.75966093562356,41.75966093562356,0.013028311001107795,pricing_mc_v1
10,long_shock_no_break,long,shock,False,none,bornhuetter_ferguson_break_aware,ceded,success,318098900.65821815,546183119.412483,-228084218.75426483,228084218.75426483,-41.75966093562356,41.75966093562356,0.012061650999385165,pricing_mc_v1
10,long_shock_no_break,long,shock,False,none,bornhuetter_ferguson_standard,gross,success,762170039.2813251,1097410164.2289307,-335240124.9476056,335240124.9476056,-30.548297790111516,30.548297790111516,0.009343515001091873,pricing_mc_v1
10,long_shock_no_break,long,shock,False,none,bornhuetter_ferguson_break_aware,gross,success,762170039.2813251,1097410164.2289307,-335240124.9476056,335240124.9476056,-30.548297790111516,30.548297790111516,0.010434142999656615,pricing_mc_v1
11,long_shock_no_break,long,shock,False,none,bornhuetter_ferguson_standard,ceded,success,318098900.65821815,545814304.4819006,-227715403.82368243,227715403.82368243,-41.72030706301022,41.72030706301022,0.009467013998801121,pricing_mc_v1
11,long_shock_no_break,long,shock,False,none,bornhuetter_ferguson_break_aware,ceded,success,318098900.65821815,545814304.4819006,-227715403.82368243,227715403.82368243,-41.72030706301022,41.72030706301022,0.0106154980003339,pricing_mc_v1
11,long_shock_no_break,long,shock,False,none,bornhuetter_ferguson_standard,gross,success,762170039.2813251,1011272399.076081,-249102359.79475594,249102359.79475594,-24.632567844464152,24.632567844464152,0.013612261000162107,pricing_mc_v1
11,long_shock_no_break,long,shock,False,none,bornhuetter_ferguson_break_aware,gross,success,762170039.2813251,1011272399.076081,-249102359.79475594,249102359.79475594,-24.632567844464152,24.632567844464152,0.01022787300098571,pricing_mc_v1
12,long_shock_no_break,long,shock,False,none,bornhuetter_ferguson_standard,ceded,success,318098900.65821815,522943050.50506985,-204844149.8468517,204844149.8468517,-39.17140683847098,39.17140683847098,0.01677894200111041,pricing_mc_v1
12,long_shock_no_break,long,shock,False,none,bornhuetter_ferguson_break_aware,ceded,success,318098900.65821815,522943050.50506985,-204844149.8468517,204844149.8468517,-39.17140683847098,39.17140683847098,0.017506463000245276,pricing_mc_v1
12,long_shock_no_break,long,shock,False,none,bornhuetter_ferguson_standard,gross,success,762170039.2813251,973412493.2120445,-211242453.93071938,211242453.93071938,-21.701226910871704,21.701226910871704,0.013096702999973786,pricing_mc_v1
12,long_shock_no_break,long,shock,False,none,bornhuetter_ferguson_break_aware,gross,success,762170039.2813251,973412493.2120445,-211242453.93071938,211242453.93071938,-21.701226910871704,21.701226910871704,0.014711155999975745,pricing_mc_v1
13,long_shock_no_break,long,shock,False,none,bornhuetter_ferguson_standard,ceded,success,318098900.65821815,555662962.8926797,-237564062.23446155,237564062.23446155,-42.75326557626705,42.75326557626705,0.010692333000406506,pricing_mc_v1
13,long_shock_no_break,long,shock,False,none,bornhuetter_ferguson_break_aware,ceded,success,318098900.65821815,555662962.8926797,-237564062.23446155,237564062.23446155,-42.75326557626705,42.75326557626705,0.009027784000863903,pricing_mc_v1
13,long_shock_no_break,long,shock,False,none,bornhuetter_ferguson_standard,gross,success,762170039.2813251,1016362258.6692474,-254192219.3879223,254192219.3879223,-25.01000181969995,25.01000181969995,0.01063608100048441,pricing_mc_v1
13,long_shock_no_break,long,shock,False,none,bornhuetter_ferguson_break_aware,gross,success,762170039.2813251,1016362258.6692474,-254192219.3879223,254192219.3879223,-25.01000181969995,25.01000181969995,0.008046892999118427,pricing_mc_v1
14,long_shock_no_break,long,shock,False,none,bornhuetter_ferguson_standard,ceded,success,318098900.65821815,504572074.8683126,-186473174.21009445,186473174.21009445,-36.95669726842528,36.95669726842528,0.007775334999678307,pricing_mc_v1
14,long_shock_no_break,long,shock,False,none,bornhuetter_ferguson_break_aware,ceded,success,318098900.65821815,504572074.8683126,-186473174.21009445,186473174.21009445,-36.95669726842528,36.95669726842528,0.007168918000388658,pricing_mc_v1
14,long_shock_no_break,long,shock,False,none,bornhuetter_ferguson_standard,gross,success,762170039.2813251,935875536.3826001,-173705497.10127497,173705497.10127497,-18.560747700777757,18.560747700777757,0.01345612200020696,pricing_mc_v1
14,long_shock_no_break,long,shock,False,none,bornhuetter_ferguson_break_aware,gross,success,762170039.2813251,935875536.3826001,-173705497.10127497,173705497.10127497,-18.560747700777757,18.560747700777757,0.012187942998934886,pricing_mc_v1
15,long_shock_no_break,long,shock,False,none,bornhuetter_ferguson_standard,ceded,success,318098900.65821815,541572070.8683143,-223473170.21009612,223473170.21009612,-41.263791511958274,41.263791511958274,0.011372367000149097,pricing_mc_v1
15,long_shock_no_break,long,shock,False,none,bornhuetter_ferguson_break_aware,ceded,success,318098900.65821815,541572070.8683143,-223473170.21009612,223473170.21009612,-41.263791511958274,41.263791511958274,0.011109231998489122,pricing_mc_v1
15,long_shock_no_break,long,shock,False,none,bornhuetter_ferguson_standard,gross,success,762170039.2813251,1051167030.903139,-288996991.6218139,288996991.6218139,-27.492965734809452,27.492965734809452,0.016032023000661866,pricing_mc_v1
15,long_shock_no_break,long,shock,False,none,bornhuetter_ferguson_break_aware,gross,success,762170039.2813251,1051167030.903139,-288996991.6218139,288996991.6218139,-27.492965734809452,27.492965734809452,0.24111795399949187,pricing_mc_v1
16,long_shock_no_break,long,shock,False,none,bornhuetter_ferguson_standard,ceded,success,318098900.65821815,500742547.03959185,-182643646.3813737,182643646.3813737,-36.47456112151236,36.47456112151236,0.018592655998872942,pricing_mc_v1
16,long_shock_no_break,long,shock,False,none,bornhuetter_ferguson_break_aware,ceded,success,318098900.65821815,500742547.03959185,-182643646.3813737,182643646.3813737,-36.47456112151236,36.47456112151236,0.010556260998782818,pricing_mc_v1
16,long_shock_no_break,long,shock,False,none,bornhuetter_ferguson_standard,gross,success,762170039.2813251,992519822.6008084,-230349783.31948328,230349783.31948328,-23.208582647334186,23.208582647334186,0.023013147998426575,pricing_mc_v1
16,long_shock_no_break,long,shock,False,none,bornhuetter_ferguson_break_aware,gross,success,762170039.2813251,992519822.6008084,-230349783.31948328,230349783.31948328,-23.208582647334186,23.208582647334186,0.011242857000979711,pricing_mc_v1
17,long_shock_no_break,long,shock,False,none,bornhuetter_ferguson_standard,ceded,success,318098900.65821815,503727820.5297222,-185628919.87150407,185628919.87150407,-36.851035878124804,36.851035878124804,0.010201466000580695,pricing_mc_v1
17,long_shock_no_break,long,shock,False,none,bornhuetter_ferguson_break_aware,ceded,success,318098900.65821815,503727820.5297222,-185628919.87150407,185628919.87150407,-36.851035878124804,36.851035878124804,0.023758577999615227,pricing_mc_v1
17,long_shock_no_break,long,shock,False,none,bornhuetter_ferguson_standard,gross,success,762170039.2813251,995988168.6338453,-233818129.35252023,233818129.35252023,-23.47599466700881,23.47599466700881,0.016908331999729853,pricing_mc_v1
17,long_shock_no_break,long,shock,False,none,bornhuetter_ferguson_break_aware,gross,success,762170039.2813251,995988168.6338453,-233818129.35252023,233818129.35252023,-23.47599466700881,23.47599466700881,0.009788772000320023,pricing_mc_v1
18,long_shock_no_break,long,shock,False,none,bornhuetter_ferguson_standard,ceded,success,318098900.65821815,501714174.7515366,-183615274.09331846,183615274.09331846,-36.597585504585375,36.597585504585375,0.012609151999640744,pricing_mc_v1
18,long_shock_no_break,long,shock,False,none,bornhuetter_ferguson_break_aware,ceded,success,318098900.65821815,501714174.7515366,-183615274.09331846,183615274.09331846,-36.597585504585375,36.597585504585375,0.011202349000086542,pricing_mc_v1
18,long_shock_no_break,long,shock,False,none,bornhuetter_ferguson_standard,gross,success,762170039.2813251,933277332.1962502,-171107292.9149251,171107292.9149251,-18.334024304679517,18.334024304679517,0.009997916999054723,pricing_mc_v1
18,long_shock_no_break,long,shock,False,none,bornhuetter_ferguson_break_aware,gross,success,762170039.2813251,933277332.1962502,-171107292.9149251,171107292.9149251,-18.334024304679517,18.334024304679517,0.012923180000143475,pricing_mc_v1
19,long_shock_no_break,long,shock,False,none,bornhuetter_ferguson_standard,ceded,success,318098900.65821815,588354389.333655,-270255488.67543685,270255488.67543685,-45.934133164454956,45.934133164454956,0.010567829000137863,pricing_mc_v1
19,long_shock_no_break,long,shock,False,none,bornhuetter_ferguson_break_aware,ceded,success,318098900.65821815,588354389.333655,-270255488.67543685,270255488.67543685,-45.934133164454956,45.934133164454956,0.013104969999403693,pricing_mc_v1
19,long_shock_no_break,long,shock,False,none,bornhuetter_ferguson_standard,gross,success,762170039.2813251,1034021788.2337497,-271851748.95242465,271851748.95242465,-26.290717666286756,26.290717666286756,0.017071591999410884,pricing_mc_v1
19,long_shock_no_break,long,shock,False,none,bornhuetter_ferguson_break_aware,gross,success,762170039.2813251,1034021788.2337497,-271851748.95242465,271851748.95242465,-26.290717666286756,26.290717666286756,0.010420679998787818,pricing_mc_v1
20,long_shock_no_break,long,shock,False,none,bornhuetter_ferguson_standard,ceded,success,318098900.65821815,556051434.6074005,-237952533.9491824,237952533.9491824,-42.79325960505587,42.79325960505587,0.012709461998383631,pricing_mc_v1
20,long_shock_no_break,long,shock,False,none,bornhuetter_ferguson_break_aware,ceded,success,318098900.65821815,556051434.6074005,-237952533.9491824,237952533.9491824,-42.79325960505587,42.79325960505587,0.012155475000326987,pricing_mc_v1
20,long_shock_no_break,long,shock,False,none,bornhuetter_ferguson_standard,gross,success,762170039.2813251,1073805639.7808008,-311635600.4994757,311635600.4994757,-29.021602136778757,29.021602136778757,0.012143111000114004,pricing_mc_v1
20,long_shock_no_break,long,shock,False,none,bornhuetter_ferguson_break_aware,gross,success,762170039.2813251,1073805639.7808008,-311635600.4994757,311635600.4994757,-29.021602136778757,29.021602136778757,0.012523598999905516,pricing_mc_v1
21,long_shock_no_break,long,shock,False,none,bornhuetter_ferguson_standard,ceded,success,318098900.65821815,506133519.18876314,-188034618.530545,188034618.530545,-37.151188649178806,37.151188649178806,0.011056624000048032,pricing_mc_v1
21,long_shock_no_break,long,shock,False,none,bornhuetter_ferguson_break_aware,ceded,success,318098900.65821815,506133519.18876314,-188034618.530545,188034618.530545,-37.151188649178806,37.151188649178806,0.014216440000382136,pricing_mc_v1
21,long_shock_no_break,long,shock,False,none,bornhuetter_ferguson_standard,gross,success,762170039.2813251,979935487.2974848,-217765448.01615965,217765448.01615965,-22.222426969832895,22.222426969832895,0.011516764001498814,pricing_mc_v1
21,long_shock_no_break,long,shock,False,none,bornhuetter_ferguson_break_aware,gross,success,762170039.2813251,979935487.2974848,-217765448.01615965,217765448.01615965,-22.222426969832895,22.222426969832895,0.015308779999031685,pricing_mc_v1
22,long_shock_no_break,long,shock,False,none,bornhuetter_ferguson_standard,ceded,success,318098900.65821815,515017898.02579206,-196918997.36757392,196918997.36757392,-38.23536970703729,38.23536970703729,0.01154628199947183,pricing_mc_v1
22,long_shock_no_break,long,shock,False,none,bornhuetter_ferguson_break_aware,ceded,success,318098900.65821815,515017898.02579206,-196918997.36757392,196918997.36757392,-38.23536970703729,38.23536970703729,0.014719496999532566,pricing_mc_v1
22,long_shock_no_break,long,shock,False,none,bornhuetter_ferguson_standard,gross,success,762170039.2813251,943285616.5844144,-181115577.30308926,181115577.30308926,-19.200502384304222,19.200502384304222,0.011876439999468857,pricing_mc_v1
22,long_shock_no_break,long,shock,False,none,bornhuetter_ferguson_break_aware,gross,success,762170039.2813251,943285616.5844144,-181115577.30308926,181115577.30308926,-19.200502384304222,19.200502384304222,0.011949296000238974,pricing_mc_v1
23,long_shock_no_break,long,shock,False,none,bornhuetter_ferguson_standard,ceded,success,318098900.65821815,578828338.7857237,-260729438.12750554,260729438.12750554,-45.04434573374005,45.04434573374005,0.00976592999904824,pricing_mc_v1
23,long_shock_no_break,long,shock,False,none,bornhuetter_ferguson_break_aware,ceded,success,318098900.65821815,578828338.7857237,-260729438.12750554,260729438.12750554,-45.04434573374005,45.04434573374005,0.012496542000008048,pricing_mc_v1
23,long_shock_no_break,long,shock,False,none,bornhuetter_ferguson_standard,gross,success,762170039.2813251,1062664920.7982891,-300494881.51696396,300494881.51696396,-28.27748198286511,28.27748198286511,0.015773150000313763,pricing_mc_v1
23,long_shock_no_break,long,shock,False,none,bornhuetter_ferguson_break_aware,gross,success,762170039.2813251,1062664920.7982891,-300494881.51696396,300494881.51696396,-28.27748198286511,28.27748198286511,0.023267874001248856,pricing_mc_v1
24,long_shock_no_break,long,shock,False,none,bornhuetter_ferguson_standard,ceded,success,318098900.65821815,537303375.7724771,-219204475.114259,219204475.114259,-40.79715203707967,40.79715203707967,0.019753451999349636,pricing_mc_v1
24,long_shock_no_break,long,shock,False,none,bornhuetter_ferguson_break_aware,ceded,success,318098900.65821815,537303375.7724771,-219204475.114259,219204475.114259,-40.79715203707967,40.79715203707967,0.012694598000962287,pricing_mc_v1
24,long_shock_no_break,long,shock,False,none,bornhuetter_ferguson_standard,gross,success,762170039.2813251,1030849956.3198843,-268679917.0385592,268679917.0385592,-26.063920883087743,26.063920883087743,0.012234814999828814,pricing_mc_v1
24,long_shock_no_break,long,shock,False,none,bornhuetter_ferguson_break_aware,gross,success,762170039.2813251,1030849956.3198843,-268679917.0385592,268679917.0385592,-26.063920883087743,26.063920883087743,0.02032081899960758,pricing_mc_v1
25,long_shock_no_break,long,shock,False,none,bornhuetter_ferguson_standard,ceded,success,318098900.65821815,588661721.2584822,-270562820.6002641,270562820.6002641,-45.96236018571684,45.96236018571684,0.014291429999502725,pricing_mc_v1
25,long_shock_no_break,long,shock,False,none,bornhuetter_ferguson_break_aware,ceded,success,318098900.65821815,588661721.2584822,-270562820.6002641,270562820.6002641,-45.96236018571684,45.96236018571684,0.017645402000198374,pricing_mc_v1
25,long_shock_no_break,long,shock,False,none,bornhuetter_ferguson_standard,gross,success,762170039.2813251,1137589952.1263585,-375419912.8450334,375419912.8450334,-33.00133867597078,33.00133867597078,0.013458123999953386,pricing_mc_v1
25,long_shock_no_break,long,shock,False,none,bornhuetter_ferguson_break_aware,gross,success,762170039.2813251,1137589952.1263585,-375419912.8450334,375419912.8450334,-33.00133867597078,33.00133867597078,0.012782292998963385,pricing_mc_v1
26,long_shock_no_break,long,shock,False,none,bornhuetter_ferguson_standard,ceded,success,318098900.65821815,511129478.25110245,-193030577.5928843,193030577.5928843,-37.76549500791152,37.76549500791152,0.016569609000725904,pricing_mc_v1
26,long_shock_no_break,long,shock,False,none,bornhuetter_ferguson_break_aware,ceded,success,318098900.65821815,511129478.25110245,-193030577.5928843,193030577.5928843,-37.76549500791152,37.76549500791152,0.010855789998458931,pricing_mc_v1
26,long_shock_no_break,long,shock,False,none,bornhuetter_ferguson_standard,gross,success,762170039.2813251,908915820.6572937,-146745781.37596858,146745781.37596858,-16.145145462409,16.145145462409,0.012290729000596912,pricing_mc_v1
26,long_shock_no_break,long,shock,False,none,bornhuetter_ferguson_break_aware,gross,success,762170039.2813251,908915820.6572937,-146745781.37596858,146745781.37596858,-16.145145462409,16.145145462409,0.009581775999322417,pricing_mc_v1
27,long_shock_no_break,long,shock,False,none,bornhuetter_ferguson_standard,ceded,success,318098900.65821815,561194884.76305,-243095984.1048318,243095984.1048318,-43.31756947632778,43.31756947632778,0.06984711699988111,pricing_mc_v1
27,long_shock_no_break,long,shock,False,none,bornhuetter_ferguson_break_aware,ceded,success,318098900.65821815,561194884.76305,-243095984.1048318,243095984.1048318,-43.31756947632778,43.31756947632778,0.01387393000004522,pricing_mc_v1
27,long_shock_no_break,long,shock,False,none,bornhuetter_ferguson_standard,gross,success,762170039.2813251,1089558805.1140485,-327388765.8327234,327388765.8327234,-30.047828928192114,30.047828928192114,0.013682394001079956,pricing_mc_v1
27,long_shock_no_break,long,shock,False,none,bornhuetter_ferguson_break_aware,gross,success,762170039.2813251,1089558805.1140485,-327388765.8327234,327388765.8327234,-30.047828928192114,30.047828928192114,0.012637241999982507,pricing_mc_v1
28,long_shock_no_break,long,shock,False,none,bornhuetter_ferguson_standard,ceded,success,318098900.65821815,484014588.919872,-165915688.26165384,165915688.26165384,-34.27906762726133,34.27906762726133,0.013548251999964123,pricing_mc_v1
28,long_shock_no_break,long,shock,False,none,bornhuetter_ferguson_break_aware,ceded,success,318098900.65821815,484014588.919872,-165915688.26165384,165915688.26165384,-34.27906762726133,34.27906762726133,0.012792900999556878,pricing_mc_v1
28,long_shock_no_break,long,shock,False,none,bornhuetter_ferguson_standard,gross,success,762170039.2813251,940881857.9268727,-178711818.64554763,178711818.64554763,-18.99407636994075,18.99407636994075,0.010956967998936307,pricing_mc_v1
28,long_shock_no_break,long,shock,False,none,bornhuetter_ferguson_break_aware,gross,success,762170039.2813251,940881857.9268727,-178711818.64554763,178711818.64554763,-18.99407636994075,18.99407636994075,0.005115408999699866,pricing_mc_v1
29,long_shock_no_break,long,shock,False,none,bornhuetter_ferguson_standard,ceded,success,318098900.65821815,461340465.36553705,-143241564.7073189,143241564.7073189,-31.048992113410932,31.048992113410932,0.005165491000298061,pricing_mc_v1
29,long_shock_no_break,long,shock,False,none,bornhuetter_ferguson_break_aware,ceded,success,318098900.65821815,461340465.36553705,-143241564.7073189,143241564.7073189,-31.048992113410932,31.048992113410932,0.005351211000743206,pricing_mc_v1
29,long_shock_no_break,long,shock,False,none,bornhuetter_ferguson_standard,gross,success,762170039.2813251,838779217.8170916,-76609178.53576648,76609178.53576648,-9.133414003167669,9.133414003167669,0.0051909160010836786,pricing_mc_v1
29,long_shock_no_break,long,shock,False,none,bornhuetter_ferguson_break_aware,gross,success,762170039.2813251,838779217.8170916,-76609178.53576648,76609178.53576648,-9.133414003167669,9.133414003167669,0.005196209998757695,pricing_mc_v1
30,long_shock_no_break,long,shock,False,none,bornhuetter_ferguson_standard,ceded,success,318098900.65821815,471111242.75754035,-153012342.0993222,153012342.0993222,-32.4790258036934,32.4790258036934,0.0054284310008370085,pricing_mc_v1
30,long_shock_no_break,long,shock,False,none,bornhuetter_ferguson_break_aware,ceded,success,318098900.65821815,471111242.75754035,-153012342.0993222,153012342.0993222,-32.4790258036934,32.4790258036934,0.005007566000131192,pricing_mc_v1
30,long_shock_no_break,long,shock,False,none,bornhuetter_ferguson_standard,gross,success,762170039.2813251,906917778.9163954,-144747739.63507032,144747739.63507032,-15.960403798458774,15.960403798458774,0.005218352998781484,pricing_mc_v1
30,long_shock_no_break,long,shock,False,none,bornhuetter_ferguson_break_aware,gross,success,762170039.2813251,906917778.9163954,-144747739.63507032,144747739.63507032,-15.960403798458774,15.960403798458774,0.005218900001636939,pricing_mc_v1
31,long_shock_no_break,long,shock,False,none,bornhuetter_ferguson_standard,ceded,success,318098900.65821815,545882603.4409287,-227783702.78271055,227783702.78271055,-41.727598818297864,41.727598818297864,0.005767074000686989,pricing_mc_v1
31,long_shock_no_break,long,shock,False,none,bornhuetter_ferguson_break_aware,ceded,success,318098900.65821815,545882603.4409287,-227783702.78271055,227783702.78271055,-41.727598818297864,41.727598818297864,0.005246856999292504,pricing_mc_v1
31,long_shock_no_break,long,shock,False,none,bornhuetter_ferguson_standard,gross,success,762170039.2813251,1065642248.7398392,-303472209.4585141,303472209.4585141,-28.477869549314608,28.477869549314608,0.006142711999927997,pricing_mc_v1
31,long_shock_no_break,long,shock,False,none,bornhuetter_ferguson_break_aware,gross,success,762170039.2813251,1065642248.7398392,-303472209.4585141,303472209.4585141,-28.477869549314608,28.477869549314608,0.005162059000213048,pricing_mc_v1
32,long_shock_no_break,long,shock,False,none,bornhuetter_ferguson_standard,ceded,success,318098900.65821815,478333467.9938602,-160234567.33564204,160234567.33564204,-33.498506388789586,33.498506388789586,0.005361771000025328,pricing_mc_v1
32,long_shock_no_break,long,shock,False,none,bornhuetter_ferguson_break_aware,ceded,success,318098900.65821815,478333467.9938602,-160234567.33564204,160234567.33564204,-33.498506388789586,33.498506388789586,0.004887029999736114,pricing_mc_v1
32,long_shock_no_break,long,shock,False,none,bornhuetter_ferguson_standard,gross,success,762170039.2813251,986844249.6948498,-224674210.41352475,224674210.41352475,-22.766937182133663,22.766937182133663,0.005490726998687023,pricing_mc_v1
32,long_shock_no_break,long,shock,False,none,bornhuetter_ferguson_break_aware,gross,success,762170039.2813251,986844249.6948498,-224674210.41352475,224674210.41352475,-22.766937182133663,22.766937182133663,0.004846821999308304,pricing_mc_v1
33,long_shock_no_break,long,shock,False,none,bornhuetter_ferguson_standard,ceded,success,318098900.65821815,542023894.6689991,-223924994.01078093,223924994.01078093,-41.312753222351304,41.312753222351304,0.005019426000217209,pricing_mc_v1
33,long_shock_no_break,long,shock,False,none,bornhuetter_ferguson_break_aware,ceded,success,318098900.65821815,542023894.6689991,-223924994.01078093,223924994.01078093,-41.312753222351304,41.312753222351304,0.004846177998842904,pricing_mc_v1
33,long_shock_no_break,long,shock,False,none,bornhuetter_ferguson_standard,gross,success,762170039.2813251,1034476974.6133876,-272306935.3320625,272306935.3320625,-26.32315092695331,26.32315092695331,0.00484244499966735,pricing_mc_v1
33,long_shock_no_break,long,shock,False,none,bornhuetter_ferguson_break_aware,gross,success,762170039.2813251,1034476974.6133876,-272306935.3320625,272306935.3320625,-26.32315092695331,26.32315092695331,0.004967188000591705,pricing_mc_v1
34,long_shock_no_break,long,shock,False,none,bornhuetter_ferguson_standard,ceded,success,318098900.65821815,559154037.5305896,-241055136.87237144,241055136.87237144,-43.110685194539805,43.110685194539805,0.0048195950002991594,pricing_mc_v1
34,long_shock_no_break,long,shock,False,none,bornhuetter_ferguson_break_aware,ceded,success,318098900.65821815,559154037.5305896,-241055136.87237144,241055136.87237144,-43.110685194539805,43.110685194539805,0.005554993998885038,pricing_mc_v1
34,long_shock_no_break,long,shock,False,none,bornhuetter_ferguson_standard,gross,success,762170039.2813251,1038742826.1828674,-276572786.9015423,276572786.9015423,-26.62572293450935,26.62572293450935,0.004855277000388014,pricing_mc_v1
34,long_shock_no_break,long,shock,False,none,bornhuetter_ferguson_break_aware,gross,success,762170039.2813251,1038742826.1828674,-276572786.9015423,276572786.9015423,-26.62572293450935,26.62572293450935,0.0052581459985958645,pricing_mc_v1
35,long_shock_no_break,long,shock,False,none,bornhuetter_ferguson_standard,ceded,success,318098900.65821815,518507655.951628,-200408755.29340988,200408755.29340988,-38.651069659828934,38.651069659828934,0.0058083789990632795,pricing_mc_v1
35,long_shock_no_break,long,shock,False,none,bornhuetter_ferguson_break_aware,ceded,success,318098900.65821815,518507655.951628,-200408755.29340988,200408755.29340988,-38.651069659828934,38.651069659828934,0.0048532289983995724,pricing_mc_v1
35,long_shock_no_break,long,shock,False,none,bornhuetter_ferguson_standard,gross,success,762170039.2813251,986070074.1810882,-223900034.8997631,223900034.8997631,-22.706300572574182,22.706300572574182,0.004881691000264254,pricing_mc_v1
35,long_shock_no_break,long,shock,False,none,bornhuetter_ferguson_break_aware,gross,success,762170039.2813251,986070074.1810882,-223900034.8997631,223900034.8997631,-22.706300572574182,22.706300572574182,0.004699989000073401,pricing_mc_v1
36,long_shock_no_break,long,shock,False,none,bornhuetter_ferguson_standard,ceded,success,318098900.65821815,475657647.85271573,-157558747.1944976,157558747.1944976,-33.12440111197048,33.12440111197048,0.0052486290005617775,pricing_mc_v1
36,long_shock_no_break,long,shock,False,none,bornhuetter_ferguson_break_aware,ceded,success,318098900.65821815,475657647.85271573,-157558747.1944976,157558747.1944976,-33.12440111197048,33.12440111197048,0.0050941250010509975,pricing_mc_v1
36,long_shock_no_break,long,shock,False,none,bornhuetter_ferguson_standard,gross,success,762170039.2813251,901751895.9175947,-139581856.63626957,139581856.63626957,-15.478964587508344,15.478964587508344,0.005135680001330911,pricing_mc_v1
36,long_shock_no_break,long,shock,False,none,bornhuetter_ferguson_break_aware,gross,success,762170039.2813251,901751895.9175947,-139581856.63626957,139581856.63626957,-15.478964587508344,15.478964587508344,0.0054071540016593644,pricing_mc_v1
37,long_shock_no_break,long,shock,False,none,bornhuetter_ferguson_standard,ceded,success,318098900.65821815,451023852.19317865,-132924951.53496051,132924951.53496051,-29.471823028558422,29.471823028558422,0.005118569000842399,pricing_mc_v1
37,long_shock_no_break,long,shock,False,none,bornhuetter_ferguson_break_aware,ceded,success,318098900.65821815,451023852.19317865,-132924951.53496051,132924951.53496051,-29.471823028558422,29.471823028558422,0.005226807001236011,pricing_mc_v1
37,long_shock_no_break,long,shock,False,none,bornhuetter_ferguson_standard,gross,success,762170039.2813251,840927901.6283157,-78757862.34699059,78757862.34699059,-9.365590343059043,9.365590343059043,0.005656362000081572,pricing_mc_v1
37,long_shock_no_break,long,shock,False,none,bornhuetter_ferguson_break_aware,gross,success,762170039.2813251,840927901.6283157,-78757862.34699059,78757862.34699059,-9.365590343059043,9.365590343059043,0.004896583999652648,pricing_mc_v1
38,long_shock_no_break,long,shock,False,none,bornhuetter_ferguson_standard,ceded,success,318098900.65821815,498152941.3919744,-180054040.73375624,180054040.73375624,-36.144329536755606,36.144329536755606,0.004975863001163816,pricing_mc_v1
38,long_shock_no_break,long,shock,False,none,bornhuetter_ferguson_break_aware,ceded,success,318098900.65821815,498152941.3919744,-180054040.73375624,180054040.73375624,-36.144329536755606,36.144329536755606,0.004823919000045862,pricing_mc_v1
38,long_shock_no_break,long,shock,False,none,bornhuetter_ferguson_standard,gross,success,762170039.2813251,989982657.6689516,-227812618.38762653,227812618.38762653,-23.01177870368378,23.01177870368378,0.00534870799856435,pricing_mc_v1
38,long_shock_no_break,long,shock,False,none,bornhuetter_ferguson_break_aware,gross,success,762170039.2813251,989982657.6689516,-227812618.38762653,227812618.38762653,-23.01177870368378,23.01177870368378,0.004992729000150575,pricing_mc_v1
39,long_shock_no_break,long,shock,False,none,bornhuetter_ferguson_standard,ceded,success,318098900.65821815,549188294.1231586,-231089393.46494043,231089393.46494043,-42.078353806484685,42.078353806484685,0.005023892999815871,pricing_mc_v1
39,long_shock_no_break,long,shock,False,none,bornhuetter_ferguson_break_aware,ceded,success,318098900.65821815,549188294.1231586,-231089393.46494043,231089393.46494043,-42.078353806484685,42.078353806484685,0.005712101999961305,pricing_mc_v1
39,long_shock_no_break,long,shock,False,none,bornhuetter_ferguson_standard,gross,success,762170039.2813251,1060826218.4463428,-298656179.1650177,298656179.1650177,-28.153167217380943,28.153167217380943,0.005041821999839158,pricing_mc_v1
39,long_shock_no_break,long,shock,False,none,bornhuetter_ferguson_break_aware,gross,success,762170039.2813251,1060826218.4463428,-298656179.1650177,298656179.1650177,-28.153167217380943,28.153167217380943,0.00504362200081232,pricing_mc_v1
40,long_shock_no_break,long,shock,False,none,bornhuetter_ferguson_standard,ceded,success,318098900.65821815,452780648.94832695,-134681748.2901088,134681748.2901088,-29.745473575987386,29.745473575987386,0.005316655000569881,pricing_mc_v1
40,long_shock_no_break,long,shock,False,none,bornhuetter_ferguson_break_aware,ceded,success,318098900.65821815,452780648.94832695,-134681748.2901088,134681748.2901088,-29.745473575987386,29.745473575987386,0.004833244000110426,pricing_mc_v1
40,long_shock_no_break,long,shock,False,none,bornhuetter_ferguson_standard,gross,success,762170039.2813251,905146122.5079912,-142976083.2266661,142976083.2266661,-15.795911805986199,15.795911805986199,0.005191133999687736,pricing_mc_v1
40,long_shock_no_break,long,shock,False,none,bornhuetter_ferguson_break_aware,gross,success,762170039.2813251,905146122.5079912,-142976083.2266661,142976083.2266661,-15.795911805986199,15.795911805986199,0.004863463000219781,pricing_mc_v1
41,long_shock_no_break,long,shock,False,none,bornhuetter_ferguson_standard,ceded,success,318098900.65821815,527723637.3780478,-209624736.71982968,209624736.71982968,-39.72244596837337,39.72244596837337,0.004902119999314891,pricing_mc_v1
41,long_shock_no_break,long,shock,False,none,bornhuetter_ferguson_break_aware,ceded,success,318098900.65821815,527723637.3780478,-209624736.71982968,209624736.71982968,-39.72244596837337,39.72244596837337,0.004737627999929828,pricing_mc_v1
41,long_shock_no_break,long,shock,False,none,bornhuetter_ferguson_standard,gross,success,762170039.2813251,973940941.6181208,-211770902.3367957,211770902.3367957,-21.743710864537245,21.743710864537245,0.005186479998883442,pricing_mc_v1
41,long_shock_no_break,long,shock,False,none,bornhuetter_ferguson_break_aware,gross,success,762170039.2813251,973940941.6181208,-211770902.3367957,211770902.3367957,-21.743710864537245,21.743710864537245,0.005123490000187303,pricing_mc_v1
42,long_shock_no_break,long,shock,False,none,bornhuetter_ferguson_standard,ceded,success,318098900.65821815,573216126.4132847,-255117225.7550665,255117225.7550665,-44.506288989352136,44.506288989352136,0.005006479999792646,pricing_mc_v1
42,long_shock_no_break,long,shock,False,none,bornhuetter_ferguson_break_aware,ceded,success,318098900.65821815,573216126.4132847,-255117225.7550665,255117225.7550665,-44.506288989352136,44.506288989352136,0.005311744998834911,pricing_mc_v1
42,long_shock_no_break,long,shock,False,none,bornhuetter_ferguson_standard,gross,success,762170039.2813251,1110285123.427882,-348115084.14655685,348115084.14655685,-31.353665540594672,31.353665540594672,0.0053173029991739895,pricing_mc_v1
42,long_shock_no_break,long,shock,False,none,bornhuetter_ferguson_break_aware,gross,success,762170039.2813251,1110285123.427882,-348115084.14655685,348115084.14655685,-31.353665540594672,31.353665540594672,0.0048274300006596604,pricing_mc_v1
43,long_shock_no_break,long,shock,False,none,bornhuetter_ferguson_standard,ceded,success,318098900.65821815,575741925.0419399,-257643024.3837217,257643024.3837217,-44.74974171195779,44.74974171195779,0.005030641999837826,pricing_mc_v1
43,long_shock_no_break,long,shock,False,none,bornhuetter_ferguson_break_aware,ceded,success,318098900.65821815,575741925.0419399,-257643024.3837217,257643024.3837217,-44.74974171195779,44.74974171195779,0.00500632000148471,pricing_mc_v1
43,long_shock_no_break,long,shock,False,none,bornhuetter_ferguson_standard,gross,success,762170039.2813251,1034493764.3754232,-272323725.0940981,272323725.0940981,-26.32434669710299,26.32434669710299,0.0053513729999394855,pricing_mc_v1
43,long_shock_no_break,long,shock,False,none,bornhuetter_ferguson_break_aware,gross,success,762170039.2813251,1034493764.3754232,-272323725.0940981,272323725.0940981,-26.32434669710299,26.32434669710299,0.0054879559993423754,pricing_mc_v1
44,long_shock_no_break,long,shock,False,none,bornhuetter_ferguson_standard,ceded,success,318098900.65821815,602022957.4882785,-283924056.83006036,283924056.83006036,-47.16166606247543,47.16166606247543,0.0048541750002186745,pricing_mc_v1
44,long_shock_no_break,long,shock,False,none,bornhuetter_ferguson_break_aware,ceded,success,318098900.65821815,602022957.4882785,-283924056.83006036,283924056.83006036,-47.16166606247543,47.16166606247543,0.0049450200003775535,pricing_mc_v1
44,long_shock_no_break,long,shock,False,none,bornhuetter_ferguson_standard,gross,success,762170039.2813251,1119251471.2466414,-357081431.9653163,357081431.9653163,-31.9035928152583,31.9035928152583,0.005187254000702524,pricing_mc_v1
44,long_shock_no_break,long,shock,False,none,bornhuetter_ferguson_break_aware,gross,success,762170039.2813251,1119251471.2466414,-357081431.9653163,357081431.9653163,-31.9035928152583,31.9035928152583,0.004948792000504909,pricing_mc_v1
45,long_shock_no_break,long,shock,False,none,bornhuetter_ferguson_standard,ceded,success,318098900.65821815,530862191.2236451,-212763290.56542695,212763290.56542695,-40.0788178331187,40.0788178331187,0.0049361740002495935,pricing_mc_v1
45,long_shock_no_break,long,shock,False,none,bornhuetter_ferguson_break_aware,ceded,success,318098900.65821815,530862191.2236451,-212763290.56542695,212763290.56542695,-40.0788178331187,40.0788178331187,0.0053261100001691375,pricing_mc_v1
45,long_shock_no_break,long,shock,False,none,bornhuetter_ferguson_standard,gross,success,762170039.2813251,1004854902.0327575,-242684862.75143242,242684862.75143242,-24.15123439816996,24.15123439816996,0.005210703999182442,pricing_mc_v1
45,long_shock_no_break,long,shock,False,none,bornhuetter_ferguson_break_aware,gross,success,762170039.2813251,1004854902.0327575,-242684862.75143242,242684862.75143242,-24.15123439816996,24.15123439816996,0.004912413000056404,pricing_mc_v1
46,long_shock_no_break,long,shock,False,none,bornhuetter_ferguson_standard,ceded,success,318098900.65821815,548516975.5585554,-230418074.90033722,230418074.90033722,-42.00746470347654,42.00746470347654,0.0053982670015102485,pricing_mc_v1
46,long_shock_no_break,long,shock,False,none,bornhuetter_ferguson_break_aware,ceded,success,318098900.65821815,548516975.5585554,-230418074.90033722,230418074.90033722,-42.00746470347654,42.00746470347654,0.004898377001154586,pricing_mc_v1
46,long_shock_no_break,long,shock,False,none,bornhuetter_ferguson_standard,gross,success,762170039.2813251,1024945497.8013946,-262775458.52006948,262775458.52006948,-25.63799334537766,25.63799334537766,0.005076280000139377,pricing_mc_v1
46,long_shock_no_break,long,shock,False,none,bornhuetter_ferguson_break_aware,gross,success,762170039.2813251,1024945497.8013946,-262775458.52006948,262775458.52006948,-25.63799334537766,25.63799334537766,0.005236426999545074,pricing_mc_v1
47,long_shock_no_break,long,shock,False,none,bornhuetter_ferguson_standard,ceded,success,318098900.65821815,496091452.87260747,-177992552.21438932,177992552.21438932,-35.878979809816734,35.878979809816734,0.005219374001171673,pricing_mc_v1
47,long_shock_no_break,long,shock,False,none,bornhuetter_ferguson_break_aware,ceded,success,318098900.65821815,496091452.87260747,-177992552.21438932,177992552.21438932,-35.878979809816734,35.878979809816734,0.004962033999618143,pricing_mc_v1
47,long_shock_no_break,long,shock,False,none,bornhuetter_ferguson_standard,gross,success,762170039.2813251,935004338.9855454,-172834299.7042203,172834299.7042203,-18.484866058668867,18.484866058668867,0.006219277000127477,pricing_mc_v1
47,long_shock_no_break,long,shock,False,none,bornhuetter_ferguson_break_aware,gross,success,762170039.2813251,935004338.9855454,-172834299.7042203,172834299.7042203,-18.484866058668867,18.484866058668867,0.005230171000221162,pricing_mc_v1
48,long_shock_no_break,long,shock,False,none,bornhuetter_ferguson_standard,ceded,success,318098900.65821815,510679603.9629408,-192580703.30472267,192580703.30472267,-37.71067060643721,37.71067060643721,0.005109176998303155,pricing_mc_v1
48,long_shock_no_break,long,shock,False,none,bornhuetter_ferguson_break_aware,ceded,success,318098900.65821815,510679603.9629408,-192580703.30472267,192580703.30472267,-37.71067060643721,37.71067060643721,0.004744163999930606,pricing_mc_v1
48,long_shock_no_break,long,shock,False,none,bornhuetter_ferguson_standard,gross,success,762170039.2813251,951791360.9105369,-189621321.62921178,189621321.62921178,-19.92257225867331,19.92257225867331,0.005948299000010593,pricing_mc_v1
48,long_shock_no_break,long,shock,False,none,bornhuetter_ferguson_break_aware,gross,success,762170039.2813251,951791360.9105369,-189621321.62921178,189621321.62921178,-19.92257225867331,19.92257225867331,0.005100770998978987,pricing_mc_v1
49,long_shock_no_break,long,shock,False,none,bornhuetter_ferguson_standard,ceded,success,318098900.65821815,480424965.9308472,-162326065.27262908,162326065.27262908,-33.78801619064785,33.78801619064785,0.004813326999283163,pricing_mc_v1
49,long_shock_no_break,long,shock,False,none,bornhuetter_ferguson_break_aware,ceded,success,318098900.65821815,480424965.9308472,-162326065.27262908,162326065.27262908,-33.78801619064785,33.78801619064785,0.005082136998680653,pricing_mc_v1
49,long_shock_no_break,long,shock,False,none,bornhuetter_ferguson_standard,gross,success,762170039.2813251,893481496.458144,-131311457.17681885,131311457.17681885,-14.69660621930633,14.69660621930633,0.004891814000075101,pricing_mc_v1
49,long_shock_no_break,long,shock,False,none,bornhuetter_ferguson_break_aware,gross,success,762170039.2813251,893481496.458144,-131311457.17681885,131311457.17681885,-14.69660621930633,14.69660621930633,0.0052583710003091255,pricing_mc_v1
50,long_shock_no_break,long,shock,False,none,bornhuetter_ferguson_standard,ceded,success,318098900.65821815,525605218.508712,-207506317.85049385,207506317.85049385,-39.479501067216745,39.479501067216745,0.004931059000227833,pricing_mc_v1
50,long_shock_no_break,long,shock,False,none,bornhuetter_ferguson_break_aware,ceded,success,318098900.65821815,525605218.508712,-207506317.85049385,207506317.85049385,-39.479501067216745,39.479501067216745,0.004948865000187652,pricing_mc_v1
50,long_shock_no_break,long,shock,False,none,bornhuetter_ferguson_standard,gross,success,762170039.2813251,1023033990.7949063,-260863951.51358116,260863951.51358116,-25.499050262336603,25.499050262336603,0.0051165630011382746,pricing_mc_v1
50,long_shock_no_break,long,shock,False,none,bornhuetter_ferguson_break_aware,gross,success,762170039.2813251,1023033990.7949063,-260863951.51358116,260863951.51358116,-25.499050262336603,25.499050262336603,0.005351578000045265,pricing_mc_v1
1,long_stable_break,long,stable,True,none,bornhuetter_ferguson_standard,ceded,success,171999678.57054573,231211775.9309288,-59212097.36038306,59212097.36038306,-25.60946436312648,25.60946436312648,0.005283616999804508,pricing_mc_v1
1,long_stable_break,long,stable,True,none,bornhuetter_ferguson_break_aware,ceded,success,133147496.62584512,231211775.9309288,-98064279.30508368,98064279.30508368,-42.413185448815106,42.413185448815106,0.0047837130005063955,pricing_mc_v1
1,long_stable_break,long,stable,True,none,bornhuetter_ferguson_standard,gross,success,577211426.0231543,602481291.9983402,-25269865.97518599,25269865.97518599,-4.194298862188671,4.194298862188671,0.004892516000836622,pricing_mc_v1
1,long_stable_break,long,stable,True,none,bornhuetter_ferguson_break_aware,gross,success,436730032.19517124,602481291.9983402,-165751259.803169,165751259.803169,-27.5114367872564,27.5114367872564,0.005430970999441342,pricing_mc_v1
2,long_stable_break,long,stable,True,none,bornhuetter_ferguson_standard,ceded,success,171999678.57054573,256776491.65195686,-84776813.08141112,84776813.08141112,-33.01580005864413,33.01580005864413,0.004852293999647372,pricing_mc_v1
2,long_stable_break,long,stable,True,none,bornhuetter_ferguson_break_aware,ceded,success,133147496.62584512,256776491.65195686,-123628995.02611174,123628995.02611174,-48.14653951798768,48.14653951798768,0.004952721999870846,pricing_mc_v1
2,long_stable_break,long,stable,True,none,bornhuetter_ferguson_standard,gross,success,577211426.0231543,584977012.7306271,-7765586.707472801,7765586.707472801,-1.327502882758358,1.327502882758358,0.004838143999222666,pricing_mc_v1
2,long_stable_break,long,stable,True,none,bornhuetter_ferguson_break_aware,gross,success,436730032.19517124,584977012.7306271,-148246980.53545582,148246980.53545582,-25.342360008891713,25.342360008891713,0.004923488000713405,pricing_mc_v1
3,long_stable_break,long,stable,True,none,bornhuetter_ferguson_standard,ceded,success,171999678.57054573,243243518.2918455,-71243839.72129977,71243839.72129977,-29.289100988837383,29.289100988837383,0.005042724998929771,pricing_mc_v1
3,long_stable_break,long,stable,True,none,bornhuetter_ferguson_break_aware,ceded,success,133147496.62584512,243243518.2918455,-110096021.66600038,110096021.66600038,-45.26164661617265,45.26164661617265,0.004702792999523808,pricing_mc_v1
3,long_stable_break,long,stable,True,none,bornhuetter_ferguson_standard,gross,success,577211426.0231543,536672585.6318958,40538840.39125848,40538840.39125848,7.553737879777617,7.553737879777617,0.005371582999941893,pricing_mc_v1
3,long_stable_break,long,stable,True,none,bornhuetter_ferguson_break_aware,gross,success,436730032.19517124,536672585.6318958,-99942553.43672454,99942553.43672454,-18.62263065273754,18.62263065273754,0.005403371000284096,pricing_mc_v1
4,long_stable_break,long,stable,True,none,bornhuetter_ferguson_standard,ceded,success,171999678.57054573,217461486.31199482,-45461807.74144909,45461807.74144909,-20.905682432531727,20.905682432531727,0.0052819560005445965,pricing_mc_v1
4,long_stable_break,long,stable,True,none,bornhuetter_ferguson_break_aware,ceded,success,133147496.62584512,217461486.31199482,-84313989.6861497,84313989.6861497,-38.771918244494714,38.771918244494714,0.004910270999971544,pricing_mc_v1
4,long_stable_break,long,stable,True,none,bornhuetter_ferguson_standard,gross,success,577211426.0231543,557952232.4100175,19259193.61313677,19259193.61313677,3.451763877697676,3.451763877697676,0.0048334359998989385,pricing_mc_v1
4,long_stable_break,long,stable,True,none,bornhuetter_ferguson_break_aware,gross,success,436730032.19517124,557952232.4100175,-121222200.21484625,121222200.21484625,-21.72626851786924,21.72626851786924,0.005641333000312443,pricing_mc_v1
5,long_stable_break,long,stable,True,none,bornhuetter_ferguson_standard,ceded,success,171999678.57054573,220374345.07132867,-48374666.50078294,48374666.50078294,-21.951133415790974,21.951133415790974,0.005020836999392486,pricing_mc_v1
5,long_stable_break,long,stable,True,none,bornhuetter_ferguson_break_aware,ceded,success,133147496.62584512,220374345.07132867,-87226848.44548355,87226848.44548355,-39.58121732239331,39.58121732239331,0.005495477000295068,pricing_mc_v1
5,long_stable_break,long,stable,True,none,bornhuetter_ferguson_standard,gross,success,577211426.0231543,531630045.52066636,45581380.5024879,45581380.5024879,8.573890976731109,8.573890976731109,0.004842783000640338,pricing_mc_v1
5,long_stable_break,long,stable,True,none,bornhuetter_ferguson_break_aware,gross,success,436730032.19517124,531630045.52066636,-94900013.32549512,94900013.32549512,-17.85076184558986,17.85076184558986,0.004709842000011122,pricing_mc_v1
6,long_stable_break,long,stable,True,none,bornhuetter_ferguson_standard,ceded,success,171999678.57054573,219523830.48473486,-47524151.91418913,47524151.91418913,-21.648743924179037,21.648743924179037,0.0050241999997524545,pricing_mc_v1
6,long_stable_break,long,stable,True,none,bornhuetter_ferguson_break_aware,ceded,success,133147496.62584512,219523830.48473486,-86376333.85888974,86376333.85888974,-39.347133141837254,39.347133141837254,0.004723097001260612,pricing_mc_v1
6,long_stable_break,long,stable,True,none,bornhuetter_ferguson_standard,gross,success,577211426.0231543,552707393.967971,24504032.05518329,24504032.05518329,4.433454721722663,4.433454721722663,0.005428424001365784,pricing_mc_v1
6,long_stable_break,long,stable,True,none,bornhuetter_ferguson_break_aware,gross,success,436730032.19517124,552707393.967971,-115977361.77279973,115977361.77279973,-20.983501042057803,20.983501042057803,0.004694600000220817,pricing_mc_v1
7,long_stable_break,long,stable,True,none,bornhuetter_ferguson_standard,ceded,success,171999678.57054573,225591484.27532622,-53591805.70478049,53591805.70478049,-23.756129747953445,23.756129747953445,0.005017516999942018,pricing_mc_v1
7,long_stable_break,long,stable,True,none,bornhuetter_ferguson_break_aware,ceded,success,133147496.62584512,225591484.27532622,-92443987.6494811,92443987.6494811,-40.97849169548287,40.97849169548287,0.004726432000097702,pricing_mc_v1
7,long_stable_break,long,stable,True,none,bornhuetter_ferguson_standard,gross,success,577211426.0231543,540879747.4364165,36331678.58673775,36331678.58673775,6.717145309828549,6.717145309828549,0.0049032359984266805,pricing_mc_v1
7,long_stable_break,long,stable,True,none,bornhuetter_ferguson_break_aware,gross,success,436730032.19517124,540879747.4364165,-104149715.24124527,104149715.24124527,-19.25561379121311,19.25561379121311,0.0050241600001754705,pricing_mc_v1
8,long_stable_break,long,stable,True,none,bornhuetter_ferguson_standard,ceded,success,171999678.57054573,263026821.6359476,-91027143.06540185,91027143.06540185,-34.6075516174512,34.6075516174512,0.0048505949998798314,pricing_mc_v1
8,long_stable_break,long,stable,True,none,bornhuetter_ferguson_break_aware,ceded,success,133147496.62584512,263026821.6359476,-129879325.01010247,129879325.01010247,-49.3787379561872,49.3787379561872,0.00497794500006421,pricing_mc_v1
8,long_stable_break,long,stable,True,none,bornhuetter_ferguson_standard,gross,success,577211426.0231543,626324172.9059651,-49112746.88281083,49112746.88281083,-7.841426054967945,7.841426054967945,0.004912442998829647,pricing_mc_v1
8,long_stable_break,long,stable,True,none,bornhuetter_ferguson_break_aware,gross,success,436730032.19517124,626324172.9059651,-189594140.71079385,189594140.71079385,-30.270928204979096,30.270928204979096,0.005162858000403503,pricing_mc_v1
9,long_stable_break,long,stable,True,none,bornhuetter_ferguson_standard,ceded,success,171999678.57054573,254110422.9195186,-82110744.34897286,82110744.34897286,-32.31301707564307,32.31301707564307,0.004940449998684926,pricing_mc_v1
9,long_stable_break,long,stable,True,none,bornhuetter_ferguson_break_aware,ceded,success,133147496.62584512,254110422.9195186,-120962926.29367347,120962926.29367347,-47.6025048102748,47.6025048102748,0.004791675999513245,pricing_mc_v1
9,long_stable_break,long,stable,True,none,bornhuetter_ferguson_standard,gross,success,577211426.0231543,588289564.2147598,-11078138.191605568,11078138.191605568,-1.883109758438857,1.883109758438857,0.005282730999169871,pricing_mc_v1
9,long_stable_break,long,stable,True,none,bornhuetter_ferguson_break_aware,gross,success,436730032.19517124,588289564.2147598,-151559532.0195886,151559532.0195886,-25.762743594115594,25.762743594115594,0.004975156000000425,pricing_mc_v1
10,long_stable_break,long,stable,True,none,bornhuetter_ferguson_standard,ceded,success,171999678.57054573,263302626.44822067,-91302947.87767494,91302947.87767494,-34.6760490426137,34.6760490426137,0.0050406909995217575,pricing_mc_v1
10,long_stable_break,long,stable,True,none,bornhuetter_ferguson_break_aware,ceded,success,133147496.62584512,263302626.44822067,-130155129.82237555,130155129.82237555,-49.431762826707306,49.431762826707306,0.004942051999023533,pricing_mc_v1
10,long_stable_break,long,stable,True,none,bornhuetter_ferguson_standard,gross,success,577211426.0231543,659165908.9443653,-81954482.921211,81954482.921211,-12.433058477259342,12.433058477259342,0.004932578000079957,pricing_mc_v1
10,long_stable_break,long,stable,True,none,bornhuetter_ferguson_break_aware,gross,success,436730032.19517124,659165908.9443653,-222435876.74919403,222435876.74919403,-33.745051698049515,33.745051698049515,0.004696961999798077,pricing_mc_v1
11,long_stable_break,long,stable,True,none,bornhuetter_ferguson_standard,ceded,success,171999678.57054573,269271119.8716827,-97271441.30113697,97271441.30113697,-36.123978445029785,36.123978445029785,0.004833115999645088,pricing_mc_v1
11,long_stable_break,long,stable,True,none,bornhuetter_ferguson_break_aware,ceded,success,133147496.62584512,269271119.8716827,-136123623.24583757,136123623.24583757,-50.55262640520281,50.55262640520281,0.005270940000627888,pricing_mc_v1
11,long_stable_break,long,stable,True,none,bornhuetter_ferguson_standard,gross,success,577211426.0231543,600482365.8872306,-23270939.864076376,23270939.864076376,-3.8753743966640664,3.8753743966640664,0.0052501369991659885,pricing_mc_v1
11,long_stable_break,long,stable,True,none,bornhuetter_ferguson_break_aware,gross,success,436730032.19517124,600482365.8872306,-163752333.6920594,163752333.6920594,-27.270131979664455,27.270131979664455,0.0049920929996005725,pricing_mc_v1
12,long_stable_break,long,stable,True,none,bornhuetter_ferguson_standard,ceded,success,171999678.57054573,256138382.5904678,-84138704.01992208,84138704.01992208,-32.848924541875085,32.848924541875085,0.005873422000149731,pricing_mc_v1
12,long_stable_break,long,stable,True,none,bornhuetter_ferguson_break_aware,ceded,success,133147496.62584512,256138382.5904678,-122990885.96462269,122990885.96462269,-48.01735871084547,48.01735871084547,0.005129864999616984,pricing_mc_v1
12,long_stable_break,long,stable,True,none,bornhuetter_ferguson_standard,gross,success,577211426.0231543,583792001.0262423,-6580575.003087997,6580575.003087997,-1.1272122590785878,1.1272122590785878,0.007679788001041743,pricing_mc_v1
12,long_stable_break,long,stable,True,none,bornhuetter_ferguson_break_aware,gross,success,436730032.19517124,583792001.0262423,-147061968.83107102,147061968.83107102,-25.190816005110076,25.190816005110076,0.004969048999555525,pricing_mc_v1
13,long_stable_break,long,stable,True,none,bornhuetter_ferguson_standard,ceded,success,171999678.57054573,259310089.688469,-87310411.11792326,87310411.11792326,-33.67027145870668,33.67027145870668,0.005083231999378768,pricing_mc_v1
13,long_stable_break,long,stable,True,none,bornhuetter_ferguson_break_aware,ceded,success,133147496.62584512,259310089.688469,-126162593.06262387,126162593.06262387,-48.653175514378795,48.653175514378795,0.004986721000022953,pricing_mc_v1
13,long_stable_break,long,stable,True,none,bornhuetter_ferguson_standard,gross,success,577211426.0231543,590184965.3035393,-12973539.280385017,12973539.280385017,-2.1982158209863187,2.1982158209863187,0.004868003999945358,pricing_mc_v1
13,long_stable_break,long,stable,True,none,bornhuetter_ferguson_break_aware,gross,success,436730032.19517124,590184965.3035393,-153454933.10836804,153454933.10836804,-26.001159319509995,26.001159319509995,0.005376394999984768,pricing_mc_v1
14,long_stable_break,long,stable,True,none,bornhuetter_ferguson_standard,ceded,success,171999678.57054573,236606391.00806686,-64606712.43752113,64606712.43752113,-27.305565231041637,27.305565231041637,0.0047997270012274384,pricing_mc_v1
14,long_stable_break,long,stable,True,none,bornhuetter_ferguson_break_aware,ceded,success,133147496.62584512,236606391.00806686,-103458894.38222174,103458894.38222174,-43.72616223147345,43.72616223147345,0.004866678000325919,pricing_mc_v1
14,long_stable_break,long,stable,True,none,bornhuetter_ferguson_standard,gross,success,577211426.0231543,558426568.3072968,18784857.715857506,18784857.715857506,3.363890398839401,3.363890398839401,0.005473234999954002,pricing_mc_v1
14,long_stable_break,long,stable,True,none,bornhuetter_ferguson_break_aware,gross,success,436730032.19517124,558426568.3072968,-121696536.11212552,121696536.11212552,-21.79275539862156,21.79275539862156,0.004991304998839041,pricing_mc_v1
15,long_stable_break,long,stable,True,none,bornhuetter_ferguson_standard,ceded,success,171999678.57054573,248017242.12603492,-76017563.55548918,76017563.55548918,-30.650112429223505,30.650112429223505,0.005519422000361374,pricing_mc_v1
15,long_stable_break,long,stable,True,none,bornhuetter_ferguson_break_aware,ceded,success,133147496.62584512,248017242.12603492,-114869745.5001898,114869745.5001898,-46.31522571395115,46.31522571395115,0.004815569998754654,pricing_mc_v1
15,long_stable_break,long,stable,True,none,bornhuetter_ferguson_standard,gross,success,577211426.0231543,630346883.8524225,-53135457.82926822,53135457.82926822,-8.429558262353265,8.429558262353265,0.004874267000559485,pricing_mc_v1
15,long_stable_break,long,stable,True,none,bornhuetter_ferguson_break_aware,gross,success,436730032.19517124,630346883.8524225,-193616851.65725124,193616851.65725124,-30.71592112488035,30.71592112488035,0.005032212000514846,pricing_mc_v1
16,long_stable_break,long,stable,True,none,bornhuetter_ferguson_standard,ceded,success,171999678.57054573,246078084.06827366,-74078405.49772793,74078405.49772793,-30.103617629424928,30.103617629424928,0.004822690998480539,pricing_mc_v1
16,long_stable_break,long,stable,True,none,bornhuetter_ferguson_break_aware,ceded,success,133147496.62584512,246078084.06827366,-112930587.44242854,112930587.44242854,-45.892176001783355,45.892176001783355,0.005422133999672951,pricing_mc_v1
16,long_stable_break,long,stable,True,none,bornhuetter_ferguson_standard,gross,success,577211426.0231543,588755800.4030962,-11544374.37994194,11544374.37994194,-1.9608086021467637,1.9608086021467637,0.004989502000171342,pricing_mc_v1
16,long_stable_break,long,stable,True,none,bornhuetter_ferguson_break_aware,gross,success,436730032.19517124,588755800.4030962,-152025768.20792496,152025768.20792496,-25.821532136726184,25.821532136726184,0.004977730999598862,pricing_mc_v1
17,long_stable_break,long,stable,True,none,bornhuetter_ferguson_standard,ceded,success,171999678.57054573,238325391.9078823,-66325713.33733657,66325713.33733657,-27.82989794179079,27.82989794179079,0.004958208999596536,pricing_mc_v1
17,long_stable_break,long,stable,True,none,bornhuetter_ferguson_break_aware,ceded,success,133147496.62584512,238325391.9078823,-105177895.28203718,105177895.28203718,-44.132055942528616,44.132055942528616,0.004828313998586964,pricing_mc_v1
17,long_stable_break,long,stable,True,none,bornhuetter_ferguson_standard,gross,success,577211426.0231543,608541086.5662742,-31329660.543119907,31329660.543119907,-5.148322970253201,5.148322970253201,0.004977632999725756,pricing_mc_v1
17,long_stable_break,long,stable,True,none,bornhuetter_ferguson_break_aware,gross,success,436730032.19517124,608541086.5662742,-171811054.37110293,171811054.37110293,-28.23327104182169,28.23327104182169,0.00470103800034849,pricing_mc_v1
18,long_stable_break,long,stable,True,none,bornhuetter_ferguson_standard,ceded,success,171999678.57054573,237985737.90646398,-65986059.33591825,65986059.33591825,-27.726896542788996,27.726896542788996,0.006511422998300986,pricing_mc_v1
18,long_stable_break,long,stable,True,none,bornhuetter_ferguson_break_aware,ceded,success,133147496.62584512,237985737.90646398,-104838241.28061886,104838241.28061886,-44.05232103523096,44.05232103523096,0.0048971289998007705,pricing_mc_v1
18,long_stable_break,long,stable,True,none,bornhuetter_ferguson_standard,gross,success,577211426.0231543,555450199.10581,21761226.917344213,21761226.917344213,3.9177638161578594,3.9177638161578594,0.0051382639994699275,pricing_mc_v1
18,long_stable_break,long,stable,True,none,bornhuetter_ferguson_break_aware,gross,success,436730032.19517124,555450199.10581,-118720166.91063881,118720166.91063881,-21.373683383633697,21.373683383633697,0.004844269000386703,pricing_mc_v1
19,long_stable_break,long,stable,True,none,bornhuetter_ferguson_standard,ceded,success,171999678.57054573,267381657.62293702,-95381979.05239129,95381979.05239129,-35.672596205869674,35.672596205869674,0.0051913600000261795,pricing_mc_v1
19,long_stable_break,long,stable,True,none,bornhuetter_ferguson_break_aware,ceded,success,133147496.62584512,267381657.62293702,-134234160.9970919,134234160.9970919,-50.20320473380772,50.20320473380772,0.005694092000339879,pricing_mc_v1
19,long_stable_break,long,stable,True,none,bornhuetter_ferguson_standard,gross,success,577211426.0231543,602987440.6868263,-25776014.66367209,25776014.66367209,-4.274718331498281,4.274718331498281,0.004823364999538171,pricing_mc_v1
19,long_stable_break,long,stable,True,none,bornhuetter_ferguson_break_aware,gross,success,436730032.19517124,602987440.6868263,-166257408.4916551,166257408.4916551,-27.572283811132355,27.572283811132355,0.004892811999525293,pricing_mc_v1
20,long_stable_break,long,stable,True,none,bornhuetter_ferguson_standard,ceded,success,171999678.57054573,262013043.9007062,-90013365.33016047,90013365.33016047,-34.3545359383987,34.3545359383987,0.004972259001078783,pricing_mc_v1
20,long_stable_break,long,stable,True,none,bornhuetter_ferguson_break_aware,ceded,success,133147496.62584512,262013043.9007062,-128865547.27486108,128865547.27486108,-49.18287477462253,49.18287477462253,0.005101157999888528,pricing_mc_v1
20,long_stable_break,long,stable,True,none,bornhuetter_ferguson_standard,gross,success,577211426.0231543,641628083.1381425,-64416657.11498821,64416657.11498821,-10.03956323107499,10.03956323107499,0.005300935999912326,pricing_mc_v1
20,long_stable_break,long,stable,True,none,bornhuetter_ferguson_break_aware,gross,success,436730032.19517124,641628083.1381425,-204898050.94297123,204898050.94297123,-31.93408398535709,31.93408398535709,0.004714000000603846,pricing_mc_v1
21,long_stable_break,long,stable,True,none,bornhuetter_ferguson_standard,ceded,success,171999678.57054573,231881573.71837398,-59881895.14782825,59881895.14782825,-25.824343947465323,25.824343947465323,0.004950859000018681,pricing_mc_v1
21,long_stable_break,long,stable,True,none,bornhuetter_ferguson_break_aware,ceded,success,133147496.62584512,231881573.71837398,-98734077.09252886,98734077.09252886,-42.57952691508118,42.57952691508118,0.004856211000515032,pricing_mc_v1
21,long_stable_break,long,stable,True,none,bornhuetter_ferguson_standard,gross,success,577211426.0231543,587112556.203232,-9901130.180077791,9901130.180077791,-1.686410906301664,1.686410906301664,0.008632985000076587,pricing_mc_v1
21,long_stable_break,long,stable,True,none,bornhuetter_ferguson_break_aware,gross,success,436730032.19517124,587112556.203232,-150382524.0080608,150382524.0080608,-25.613917198528647,25.613917198528647,0.005509049000465893,pricing_mc_v1
22,long_stable_break,long,stable,True,none,bornhuetter_ferguson_standard,ceded,success,171999678.57054573,242912960.27025184,-70913281.6997061,70913281.6997061,-29.192876996275462,29.192876996275462,0.006110104999606847,pricing_mc_v1
22,long_stable_break,long,stable,True,none,bornhuetter_ferguson_break_aware,ceded,success,133147496.62584512,242912960.27025184,-109765463.64440672,109765463.64440672,-45.18715819949977,45.18715819949977,0.004824818000997766,pricing_mc_v1
22,long_stable_break,long,stable,True,none,bornhuetter_ferguson_standard,gross,success,577211426.0231543,560863540.8955142,16347885.127640009,16347885.127640009,2.9147705164678426,2.9147705164678426,0.00514191999900504,pricing_mc_v1
22,long_stable_break,long,stable,True,none,bornhuetter_ferguson_break_aware,gross,success,436730032.19517124,560863540.8955142,-124133508.70034301,124133508.70034301,-22.13256873537237,22.13256873537237,0.005242862000159221,pricing_mc_v1
23,long_stable_break,long,stable,True,none,bornhuetter_ferguson_standard,ceded,success,171999678.57054573,284791008.68740845,-112791330.11686271,112791330.11686271,-39.604947725250845,39.604947725250845,0.005024960000810097,pricing_mc_v1
23,long_stable_break,long,stable,True,none,bornhuetter_ferguson_break_aware,ceded,success,133147496.62584512,284791008.68740845,-151643512.0615633,151643512.0615633,-53.2472962403142,53.2472962403142,0.004816279000806389,pricing_mc_v1
23,long_stable_break,long,stable,True,none,bornhuetter_ferguson_standard,gross,success,577211426.0231543,643475755.4662353,-66264329.44308102,66264329.44308102,-10.297875076127568,10.297875076127568,0.005068496999228955,pricing_mc_v1
23,long_stable_break,long,stable,True,none,bornhuetter_ferguson_break_aware,gross,success,436730032.19517124,643475755.4662353,-206745723.27106404,206745723.27106404,-32.129528038125514,32.129528038125514,0.005618192000838462,pricing_mc_v1
24,long_stable_break,long,stable,True,none,bornhuetter_ferguson_standard,ceded,success,171999678.57054573,240195288.976933,-68195610.40638727,68195610.40638727,-28.391735198826648,28.391735198826648,0.005086356999527197,pricing_mc_v1
24,long_stable_break,long,stable,True,none,bornhuetter_ferguson_break_aware,ceded,success,133147496.62584512,240195288.976933,-107047792.35108788,107047792.35108788,-44.5669824778987,44.5669824778987,0.005395437001425307,pricing_mc_v1
24,long_stable_break,long,stable,True,none,bornhuetter_ferguson_standard,gross,success,577211426.0231543,608293069.2819996,-31081643.25884533,31081643.25884533,-5.109649415459004,5.109649415459004,0.0048383530011051334,pricing_mc_v1
24,long_stable_break,long,stable,True,none,bornhuetter_ferguson_break_aware,gross,success,436730032.19517124,608293069.2819996,-171563037.08682835,171563037.08682835,-28.20400983514957,28.20400983514957,0.004940603999784798,pricing_mc_v1
25,long_stable_break,long,stable,True,none,bornhuetter_ferguson_standard,ceded,success,171999678.57054573,275809625.6100403,-103809947.03949457,103809947.03949457,-37.63826110487841,37.63826110487841,0.005130814999574795,pricing_mc_v1
25,long_stable_break,long,stable,True,none,bornhuetter_ferguson_break_aware,ceded,success,133147496.62584512,275809625.6100403,-142662128.98419517,142662128.98419517,-51.72485502224685,51.72485502224685,0.004814980000446667,pricing_mc_v1
25,long_stable_break,long,stable,True,none,bornhuetter_ferguson_standard,gross,success,577211426.0231543,681863916.6557088,-104652490.63255453,104652490.63255453,-15.348002449790338,15.348002449790338,0.0052776119991904125,pricing_mc_v1
25,long_stable_break,long,stable,True,none,bornhuetter_ferguson_break_aware,gross,success,436730032.19517124,681863916.6557088,-245133884.46053755,245133884.46053755,-35.950558237900154,35.950558237900154,0.004720091001217952,pricing_mc_v1
26,long_stable_break,long,stable,True,none,bornhuetter_ferguson_standard,ceded,success,171999678.57054573,240337604.38350868,-68337925.81296295,68337925.81296295,-28.434137882108356,28.434137882108356,0.004931079000016325,pricing_mc_v1
26,long_stable_break,long,stable,True,none,bornhuetter_ferguson_break_aware,ceded,success,133147496.62584512,240337604.38350868,-107190107.75766356,107190107.75766356,-44.59980702254959,44.59980702254959,0.004880920001596678,pricing_mc_v1
26,long_stable_break,long,stable,True,none,bornhuetter_ferguson_standard,gross,success,577211426.0231543,539186259.8711406,38025166.15201366,38025166.15201366,7.05232476827233,7.05232476827233,0.005208755999774439,pricing_mc_v1
26,long_stable_break,long,stable,True,none,bornhuetter_ferguson_break_aware,gross,success,436730032.19517124,539186259.8711406,-102456227.67596936,102456227.67596936,-19.00201012178152,19.00201012178152,0.004885518001174205,pricing_mc_v1
27,long_stable_break,long,stable,True,none,bornhuetter_ferguson_standard,ceded,success,171999678.57054573,273521756.59783304,-101522078.0272873,101522078.0272873,-37.116637188228566,37.116637188228566,0.011579519999941112,pricing_mc_v1
27,long_stable_break,long,stable,True,none,bornhuetter_ferguson_break_aware,ceded,success,133147496.62584512,273521756.59783304,-140374259.9719879,140374259.9719879,-51.321058228791735,51.321058228791735,0.010702757999752066,pricing_mc_v1
27,long_stable_break,long,stable,True,none,bornhuetter_ferguson_standard,gross,success,577211426.0231543,665893784.8470347,-88682358.82388043,88682358.82388043,-13.31779344422805,13.31779344422805,0.010603953000099864,pricing_mc_v1
27,long_stable_break,long,stable,True,none,bornhuetter_ferguson_break_aware,gross,success,436730032.19517124,665893784.8470347,-229163752.65186346,229163752.65186346,-34.41446036390107,34.41446036390107,0.015568593000352848,pricing_mc_v1
28,long_stable_break,long,stable,True,none,bornhuetter_ferguson_standard,ceded,success,171999678.57054573,215862813.93406266,-43863135.36351693,43863135.36351693,-20.319912709428188,20.319912709428188,0.011561462999452488,pricing_mc_v1
28,long_stable_break,long,stable,True,none,bornhuetter_ferguson_break_aware,ceded,success,133147496.62584512,215862813.93406266,-82715317.30821754,82715317.30821754,-38.31846523296213,38.31846523296213,0.010957196000163094,pricing_mc_v1
28,long_stable_break,long,stable,True,none,bornhuetter_ferguson_standard,gross,success,577211426.0231543,566308382.5568337,10903043.466320515,10903043.466320515,1.9252837856812588,1.9252837856812588,0.011220361999221495,pricing_mc_v1
28,long_stable_break,long,stable,True,none,bornhuetter_ferguson_break_aware,gross,success,436730032.19517124,566308382.5568337,-129578350.3616625,129578350.3616625,-22.881234739388347,22.881234739388347,0.014214431999789667,pricing_mc_v1
29,long_stable_break,long,stable,True,none,bornhuetter_ferguson_standard,ceded,success,171999678.57054573,225852297.40184218,-53852618.831296444,53852618.831296444,-23.844175795777048,23.844175795777048,0.01221549900037644,pricing_mc_v1
29,long_stable_break,long,stable,True,none,bornhuetter_ferguson_break_aware,ceded,success,133147496.62584512,225852297.40184218,-92704800.77599706,92704800.77599706,-41.04664944410741,41.04664944410741,0.01400857599946903,pricing_mc_v1
29,long_stable_break,long,stable,True,none,bornhuetter_ferguson_standard,gross,success,577211426.0231543,493079029.0703968,84132396.95275748,84132396.95275748,17.062659734560707,17.062659734560707,0.012381805001496105,pricing_mc_v1
29,long_stable_break,long,stable,True,none,bornhuetter_ferguson_break_aware,gross,success,436730032.19517124,493079029.0703968,-56348996.875225544,56348996.875225544,-11.42798487728437,11.42798487728437,0.010926001999905566,pricing_mc_v1
30,long_stable_break,long,stable,True,none,bornhuetter_ferguson_standard,ceded,success,171999678.57054573,219982674.7681759,-47982996.19763017,47982996.19763017,-21.812170548519802,21.812170548519802,0.012057261999871116,pricing_mc_v1
30,long_stable_break,long,stable,True,none,bornhuetter_ferguson_break_aware,ceded,success,133147496.62584512,219982674.7681759,-86835178.14233078,86835178.14233078,-39.47364411031014,39.47364411031014,0.013638622000144096,pricing_mc_v1
30,long_stable_break,long,stable,True,none,bornhuetter_ferguson_standard,gross,success,577211426.0231543,547004785.4747375,30206640.548416734,30206640.548416734,5.5221894488913525,5.5221894488913525,0.011353384001267841,pricing_mc_v1
30,long_stable_break,long,stable,True,none,bornhuetter_ferguson_break_aware,gross,success,436730032.19517124,547004785.4747375,-110274753.27956629,110274753.27956629,-20.159741963474858,20.159741963474858,0.010664473000360886,pricing_mc_v1
31,long_stable_break,long,stable,True,none,bornhuetter_ferguson_standard,ceded,success,171999678.57054573,260791367.4203238,-88791688.84977806,88791688.84977806,-34.047019933244314,34.047019933244314,0.01361222400009865,pricing_mc_v1
31,long_stable_break,long,stable,True,none,bornhuetter_ferguson_break_aware,ceded,success,133147496.62584512,260791367.4203238,-127643870.79447867,127643870.79447867,-48.94482208406536,48.94482208406536,0.011108868999144761,pricing_mc_v1
31,long_stable_break,long,stable,True,none,bornhuetter_ferguson_standard,gross,success,577211426.0231543,646223455.3267366,-69012029.30358231,69012029.30358231,-10.679282643600299,10.679282643600299,0.011029252000298584,pricing_mc_v1
31,long_stable_break,long,stable,True,none,bornhuetter_ferguson_break_aware,gross,success,436730032.19517124,646223455.3267366,-209493423.13156533,209493423.13156533,-32.41810884528224,32.41810884528224,0.011814493000201765,pricing_mc_v1
32,long_stable_break,long,stable,True,none,bornhuetter_ferguson_standard,ceded,success,171999678.57054573,226772033.53442088,-54772354.963875145,54772354.963875145,-24.153046612584813,24.153046612584813,0.010651397999026813,pricing_mc_v1
32,long_stable_break,long,stable,True,none,bornhuetter_ferguson_break_aware,ceded,success,133147496.62584512,226772033.53442088,-93624536.90857576,93624536.90857576,-41.28575091441549,41.28575091441549,0.011613779000981594,pricing_mc_v1
32,long_stable_break,long,stable,True,none,bornhuetter_ferguson_standard,gross,success,577211426.0231543,591356811.3197736,-14145385.296619296,14145385.296619296,-2.3920220458863106,2.3920220458863106,0.012102544998924714,pricing_mc_v1
32,long_stable_break,long,stable,True,none,bornhuetter_ferguson_break_aware,gross,success,436730032.19517124,591356811.3197736,-154626779.12460232,154626779.12460232,-26.14779709385787,26.14779709385787,0.010953204000543337,pricing_mc_v1
33,long_stable_break,long,stable,True,none,bornhuetter_ferguson_standard,ceded,success,171999678.57054573,253005457.5214731,-81005778.95092738,81005778.95092738,-32.01740379218983,32.01740379218983,0.011307710999972187,pricing_mc_v1
33,long_stable_break,long,stable,True,none,bornhuetter_ferguson_break_aware,ceded,success,133147496.62584512,253005457.5214731,-119857960.89562799,119857960.89562799,-47.37366619273634,47.37366619273634,0.0206660309995641,pricing_mc_v1
33,long_stable_break,long,stable,True,none,bornhuetter_ferguson_standard,gross,success,577211426.0231543,612204993.7536974,-34993567.73054314,34993567.73054314,-5.715988612896184,5.715988612896184,0.011636949999228818,pricing_mc_v1
33,long_stable_break,long,stable,True,none,bornhuetter_ferguson_break_aware,gross,success,436730032.19517124,612204993.7536974,-175474961.55852616,175474961.55852616,-28.662778538053434,28.662778538053434,0.010843733998626703,pricing_mc_v1
34,long_stable_break,long,stable,True,none,bornhuetter_ferguson_standard,ceded,success,171999678.57054573,273828789.94901365,-101829111.37846792,101829111.37846792,-37.18714580648305,37.18714580648305,0.010895916999288602,pricing_mc_v1
34,long_stable_break,long,stable,True,none,bornhuetter_ferguson_break_aware,ceded,success,133147496.62584512,273828789.94901365,-140681293.32316852,140681293.32316852,-51.37563999364826,51.37563999364826,0.011476810001113336,pricing_mc_v1
34,long_stable_break,long,stable,True,none,bornhuetter_ferguson_standard,gross,success,577211426.0231543,623567954.7445554,-46356528.721401095,46356528.721401095,-7.43407809344389,7.43407809344389,0.011344236998411361,pricing_mc_v1
34,long_stable_break,long,stable,True,none,bornhuetter_ferguson_break_aware,gross,success,436730032.19517124,623567954.7445554,-186837922.54938412,186837922.54938412,-29.962720362357665,29.962720362357665,0.011135407999972813,pricing_mc_v1
35,long_stable_break,long,stable,True,none,bornhuetter_ferguson_standard,ceded,success,171999678.57054573,237624630.76057592,-65624952.19003019,65624952.19003019,-27.617066454761623,27.617066454761623,0.011094922001575469,pricing_mc_v1
35,long_stable_break,long,stable,True,none,bornhuetter_ferguson_break_aware,ceded,success,133147496.62584512,237624630.76057592,-104477134.1347308,104477134.1347308,-43.9672999387,43.9672999387,0.010787895000248682,pricing_mc_v1
35,long_stable_break,long,stable,True,none,bornhuetter_ferguson_standard,gross,success,577211426.0231543,578791421.0430834,-1579995.0199291706,1579995.0199291706,-0.27298176207963537,0.27298176207963537,0.012275036000573891,pricing_mc_v1
35,long_stable_break,long,stable,True,none,bornhuetter_ferguson_break_aware,gross,success,436730032.19517124,578791421.0430834,-142061388.8479122,142061388.8479122,-24.54448764839892,24.54448764839892,0.01068926700099837,pricing_mc_v1
36,long_stable_break,long,stable,True,none,bornhuetter_ferguson_standard,ceded,success,171999678.57054573,225883142.35749954,-53883463.78695381,53883463.78695381,-23.85457508009775,23.85457508009775,0.011165773001266643,pricing_mc_v1
36,long_stable_break,long,stable,True,none,bornhuetter_ferguson_break_aware,ceded,success,133147496.62584512,225883142.35749954,-92735645.73165442,92735645.73165442,-41.05469968400035,41.05469968400035,0.011306667000098969,pricing_mc_v1
36,long_stable_break,long,stable,True,none,bornhuetter_ferguson_standard,gross,success,577211426.0231543,548717274.3071092,28494151.716045022,28494151.716045022,5.192865807264025,5.192865807264025,0.011563789999854635,pricing_mc_v1
36,long_stable_break,long,stable,True,none,bornhuetter_ferguson_break_aware,gross,success,436730032.19517124,548717274.3071092,-111987242.111938,111987242.111938,-20.408915001509563,20.408915001509563,0.01238068599923281,pricing_mc_v1
37,long_stable_break,long,stable,True,none,bornhuetter_ferguson_standard,ceded,success,171999678.57054573,216265281.0484224,-44265602.47787666,44265602.47787666,-20.468196403640707,20.468196403640707,0.011393540999051766,pricing_mc_v1
37,long_stable_break,long,stable,True,none,bornhuetter_ferguson_break_aware,ceded,success,133147496.62584512,216265281.0484224,-83117784.42257728,83117784.42257728,-38.43325383512066,38.43325383512066,0.010814106999532669,pricing_mc_v1
37,long_stable_break,long,stable,True,none,bornhuetter_ferguson_standard,gross,success,577211426.0231543,502639009.28330755,74572416.7398467,74572416.7398467,14.836177726471423,14.836177726471423,0.010817635000421433,pricing_mc_v1
37,long_stable_break,long,stable,True,none,bornhuetter_ferguson_break_aware,gross,success,436730032.19517124,502639009.28330755,-65908977.088136315,65908977.088136315,-13.112586940300003,13.112586940300003,0.011455296000349335,pricing_mc_v1
38,long_stable_break,long,stable,True,none,bornhuetter_ferguson_standard,ceded,success,171999678.57054573,240838392.9348655,-68838714.36431977,68838714.36431977,-28.582948725678108,28.582948725678108,0.01416279799923359,pricing_mc_v1
38,long_stable_break,long,stable,True,none,bornhuetter_ferguson_break_aware,ceded,success,133147496.62584512,240838392.9348655,-107690896.30902039,107690896.30902039,-44.715003698826905,44.715003698826905,0.010835122000571573,pricing_mc_v1
38,long_stable_break,long,stable,True,none,bornhuetter_ferguson_standard,gross,success,577211426.0231543,590713333.2441022,-13501907.22094798,13501907.22094798,-2.2856953552745605,2.2856953552745605,0.011432133000198519,pricing_mc_v1
38,long_stable_break,long,stable,True,none,bornhuetter_ferguson_break_aware,gross,success,436730032.19517124,590713333.2441022,-153983301.048931,153983301.048931,-26.067348133701262,26.067348133701262,0.015788016999067622,pricing_mc_v1
39,long_stable_break,long,stable,True,none,bornhuetter_ferguson_standard,ceded,success,171999678.57054573,248628660.0713047,-76628981.50075898,76628981.50075898,-30.82065497951137,30.82065497951137,0.013691763999304385,pricing_mc_v1
39,long_stable_break,long,stable,True,none,bornhuetter_ferguson_break_aware,ceded,success,133147496.62584512,248628660.0713047,-115481163.44545959,115481163.44545959,-46.44724522600915,46.44724522600915,0.011039069999242201,pricing_mc_v1
39,long_stable_break,long,stable,True,none,bornhuetter_ferguson_standard,gross,success,577211426.0231543,616181844.9205705,-38970418.897416234,38970418.897416234,-6.324499694151124,6.324499694151124,0.011093603001427255,pricing_mc_v1
39,long_stable_break,long,stable,True,none,bornhuetter_ferguson_break_aware,gross,success,436730032.19517124,616181844.9205705,-179451812.72539926,179451812.72539926,-29.123190532906996,29.123190532906996,0.010779698999613174,pricing_mc_v1
40,long_stable_break,long,stable,True,none,bornhuetter_ferguson_standard,ceded,success,171999678.57054573,202538327.5274703,-30538648.956924558,30538648.956924558,-15.077960467893465,15.077960467893465,0.011540564999449998,pricing_mc_v1
40,long_stable_break,long,stable,True,none,bornhuetter_ferguson_break_aware,ceded,success,133147496.62584512,202538327.5274703,-69390830.90162517,69390830.90162517,-34.26059242649453,34.26059242649453,0.011860112999784178,pricing_mc_v1
40,long_stable_break,long,stable,True,none,bornhuetter_ferguson_standard,gross,success,577211426.0231543,511167251.494045,66044174.52910924,66044174.52910924,12.920267160322698,12.920267160322698,0.011325931000101264,pricing_mc_v1
40,long_stable_break,long,stable,True,none,bornhuetter_ferguson_break_aware,gross,success,436730032.19517124,511167251.494045,-74437219.29887378,74437219.29887378,-14.562204265102645,14.562204265102645,0.010922882000159007,pricing_mc_v1
41,long_stable_break,long,stable,True,none,bornhuetter_ferguson_standard,ceded,success,171999678.57054573,237761727.8131146,-65762049.24256888,65762049.24256888,-27.658803562472066,27.658803562472066,0.010862475999601884,pricing_mc_v1
41,long_stable_break,long,stable,True,none,bornhuetter_ferguson_break_aware,ceded,success,133147496.62584512,237761727.8131146,-104614231.1872695,104614231.1872695,-43.99960925145124,43.99960925145124,0.010616272998959175,pricing_mc_v1
41,long_stable_break,long,stable,True,none,bornhuetter_ferguson_standard,gross,success,577211426.0231543,580137284.556185,-2925858.5330307484,2925858.5330307484,-0.5043389919799898,0.5043389919799898,0.011164747000293573,pricing_mc_v1
41,long_stable_break,long,stable,True,none,bornhuetter_ferguson_break_aware,gross,success,436730032.19517124,580137284.556185,-143407252.36101377,143407252.36101377,-24.719537285165664,24.719537285165664,0.011611881000135327,pricing_mc_v1
42,long_stable_break,long,stable,True,none,bornhuetter_ferguson_standard,ceded,success,171999678.57054573,286086171.4392781,-114086492.8687324,114086492.8687324,-39.87836682030864,39.87836682030864,0.010876708000068902,pricing_mc_v1
42,long_stable_break,long,stable,True,none,bornhuetter_ferguson_break_aware,ceded,success,133147496.62584512,286086171.4392781,-152938674.813433,152938674.813433,-53.458954008161236,53.458954008161236,0.01113804499982507,pricing_mc_v1
42,long_stable_break,long,stable,True,none,bornhuetter_ferguson_standard,gross,success,577211426.0231543,666449220.2821009,-89237794.25894666,89237794.25894666,-13.390036561401217,13.390036561401217,0.011515486999996938,pricing_mc_v1
42,long_stable_break,long,stable,True,none,bornhuetter_ferguson_break_aware,gross,success,436730032.19517124,666449220.2821009,-229719188.08692968,229719188.08692968,-34.46912099164764,34.46912099164764,0.010478504998900462,pricing_mc_v1
43,long_stable_break,long,stable,True,none,bornhuetter_ferguson_standard,ceded,success,171999678.57054573,279696329.06412506,-107696650.49357933,107696650.49357933,-38.504849475120594,38.504849475120594,0.011117885000203387,pricing_mc_v1
43,long_stable_break,long,stable,True,none,bornhuetter_ferguson_break_aware,ceded,success,133147496.62584512,279696329.06412506,-146548832.43827993,146548832.43827993,-52.39569390439914,52.39569390439914,0.015665187000195147,pricing_mc_v1
43,long_stable_break,long,stable,True,none,bornhuetter_ferguson_standard,gross,success,577211426.0231543,620191074.6254302,-42979648.60227597,42979648.60227597,-6.930065646016253,6.930065646016253,0.0126892409989523,pricing_mc_v1
43,long_stable_break,long,stable,True,none,bornhuetter_ferguson_break_aware,gross,success,436730032.19517124,620191074.6254302,-183461042.430259,183461042.430259,-29.58137418231339,29.58137418231339,0.01114086499910627,pricing_mc_v1
44,long_stable_break,long,stable,True,none,bornhuetter_ferguson_standard,ceded,success,171999678.57054573,299182246.83992195,-127182568.26937622,127182568.26937622,-42.510065223698085,42.510065223698085,0.010631045999616617,pricing_mc_v1
44,long_stable_break,long,stable,True,none,bornhuetter_ferguson_break_aware,ceded,success,133147496.62584512,299182246.83992195,-166034750.21407682,166034750.21407682,-55.496190689053165,55.496190689053165,0.010722148999775527,pricing_mc_v1
44,long_stable_break,long,stable,True,none,bornhuetter_ferguson_standard,gross,success,577211426.0231543,685998419.9205058,-108786993.8973515,108786993.8973515,-15.858198902259549,15.858198902259549,0.011078348999944865,pricing_mc_v1
44,long_stable_break,long,stable,True,none,bornhuetter_ferguson_break_aware,gross,success,436730032.19517124,685998419.9205058,-249268387.72533453,249268387.72533453,-36.33658336329987,36.33658336329987,0.011671373000353924,pricing_mc_v1
45,long_stable_break,long,stable,True,none,bornhuetter_ferguson_standard,ceded,success,171999678.57054573,256522651.401729,-84522972.83118325,84522972.83118325,-32.94951629780853,32.94951629780853,0.011039573000743985,pricing_mc_v1
45,long_stable_break,long,stable,True,none,bornhuetter_ferguson_break_aware,ceded,success,133147496.62584512,256522651.401729,-123375154.77588387,123375154.77588387,-48.09522827778331,48.09522827778331,0.011287912999250693,pricing_mc_v1
45,long_stable_break,long,stable,True,none,bornhuetter_ferguson_standard,gross,success,577211426.0231543,590828088.6831055,-13616662.65995121,13616662.65995121,-2.304674222632397,2.304674222632397,0.012584860000060871,pricing_mc_v1
45,long_stable_break,long,stable,True,none,bornhuetter_ferguson_break_aware,gross,success,436730032.19517124,590828088.6831055,-154098056.48793423,154098056.48793423,-26.081707934943108,26.081707934943108,0.013787185000182944,pricing_mc_v1
46,long_stable_break,long,stable,True,none,bornhuetter_ferguson_standard,ceded,success,171999678.57054573,271693077.3841916,-99693398.81364584,99693398.81364584,-36.69338938388663,36.69338938388663,0.012682738999501453,pricing_mc_v1
46,long_stable_break,long,stable,True,none,bornhuetter_ferguson_break_aware,ceded,success,133147496.62584512,271693077.3841916,-138545580.75834644,138545580.75834644,-50.99341583975437,50.99341583975437,0.011043393998988904,pricing_mc_v1
46,long_stable_break,long,stable,True,none,bornhuetter_ferguson_standard,gross,success,577211426.0231543,620386392.4287188,-43174966.40556455,43174966.40556455,-6.959367086782978,6.959367086782978,0.011264709999522893,pricing_mc_v1
46,long_stable_break,long,stable,True,none,bornhuetter_ferguson_break_aware,gross,success,436730032.19517124,620386392.4287188,-183656360.23354757,183656360.23354757,-29.603544254824918,29.603544254824918,0.020258745000319323,pricing_mc_v1
47,long_stable_break,long,stable,True,none,bornhuetter_ferguson_standard,ceded,success,171999678.57054573,224925177.75972947,-52925499.18918374,52925499.18918374,-23.530268917124094,23.530268917124094,0.01191333299902908,pricing_mc_v1
47,long_stable_break,long,stable,True,none,bornhuetter_ferguson_break_aware,ceded,success,133147496.62584512,224925177.75972947,-91777681.13388436,91777681.13388436,-40.803649483795674,40.803649483795674,0.012711896999462624,pricing_mc_v1
47,long_stable_break,long,stable,True,none,bornhuetter_ferguson_standard,gross,success,577211426.0231543,561155380.2123573,16056045.810796976,16056045.810796976,2.861247771467665,2.861247771467665,0.011662684999464545,pricing_mc_v1
47,long_stable_break,long,stable,True,none,bornhuetter_ferguson_break_aware,gross,success,436730032.19517124,561155380.2123573,-124425348.01718605,124425348.01718605,-22.173065144648515,22.173065144648515,0.011233254999751807,pricing_mc_v1
48,long_stable_break,long,stable,True,none,bornhuetter_ferguson_standard,ceded,success,171999678.57054573,247220420.8726511,-75220742.30210537,75220742.30210537,-30.426589371779,30.426589371779,0.010980043998642941,pricing_mc_v1
48,long_stable_break,long,stable,True,none,bornhuetter_ferguson_break_aware,ceded,success,133147496.62584512,247220420.8726511,-114072924.24680598,114072924.24680598,-46.142193207238144,46.142193207238144,0.010791902999699232,pricing_mc_v1
48,long_stable_break,long,stable,True,none,bornhuetter_ferguson_standard,gross,success,577211426.0231543,574089898.6171857,3121527.405968547,3121527.405968547,0.5437349469982649,0.5437349469982649,0.010867676000998472,pricing_mc_v1
48,long_stable_break,long,stable,True,none,bornhuetter_ferguson_break_aware,gross,success,436730032.19517124,574089898.6171857,-137359866.42201447,137359866.42201447,-23.92654299489925,23.92654299489925,0.011386316000425722,pricing_mc_v1
49,long_stable_break,long,stable,True,none,bornhuetter_ferguson_standard,ceded,success,171999678.57054573,221377259.30378357,-49377580.73323783,49377580.73323783,-22.3047213108189,22.3047213108189,0.010780512000565068,pricing_mc_v1
49,long_stable_break,long,stable,True,none,bornhuetter_ferguson_break_aware,ceded,success,133147496.62584512,221377259.30378357,-88229762.67793845,88229762.67793845,-39.85493494472515,39.85493494472515,0.010694394000893226,pricing_mc_v1
49,long_stable_break,long,stable,True,none,bornhuetter_ferguson_standard,gross,success,577211426.0231543,529473273.1568675,47738152.866286755,47738152.866286755,9.0161591314437,9.0161591314437,0.01153444000010495,pricing_mc_v1
49,long_stable_break,long,stable,True,none,bornhuetter_ferguson_break_aware,gross,success,436730032.19517124,529473273.1568675,-92743240.96169627,92743240.96169627,-17.51613266685496,17.51613266685496,0.01127093499962939,pricing_mc_v1
50,long_stable_break,long,stable,True,none,bornhuetter_ferguson_standard,ceded,success,171999678.57054573,265956734.7603047,-93957056.18975896,93957056.18975896,-35.327947710908084,35.327947710908084,0.010638556001140387,pricing_mc_v1
50,long_stable_break,long,stable,True,none,bornhuetter_ferguson_break_aware,ceded,success,133147496.62584512,265956734.7603047,-132809238.13445957,132809238.13445957,-49.93640723336252,49.93640723336252,0.010933864999969956,pricing_mc_v1
50,long_stable_break,long,stable,True,none,bornhuetter_ferguson_standard,gross,success,577211426.0231543,619596704.155204,-42385278.1320498,42385278.1320498,-6.840784957021434,6.840784957021434,0.011075133999838727,pricing_mc_v1
50,long_stable_break,long,stable,True,none,bornhuetter_ferguson_break_aware,gross,success,436730032.19517124,619596704.155204,-182866671.96003282,182866671.96003282,-29.51382257744001,29.51382257744001,0.011282257999482681,pricing_mc_v1
1,long_stable_no_break,long,stable,False,none,bornhuetter_ferguson_standard,ceded,success,193137076.04509047,301848095.26935834,-108711019.22426787,108711019.22426787,-36.015141698097544,36.015141698097544,0.015356631998656667,pricing_mc_v1
1,long_stable_no_break,long,stable,False,none,bornhuetter_ferguson_break_aware,ceded,success,193137076.04509047,301848095.26935834,-108711019.22426787,108711019.22426787,-36.015141698097544,36.015141698097544,0.01168337099989003,pricing_mc_v1
1,long_stable_no_break,long,stable,False,none,bornhuetter_ferguson_standard,gross,success,604780896.4224415,753698005.0920122,-148917108.66957068,148917108.66957068,-19.75819329008185,19.75819329008185,0.01111868299994967,pricing_mc_v1
1,long_stable_no_break,long,stable,False,none,bornhuetter_ferguson_break_aware,gross,success,604780896.4224415,753698005.0920122,-148917108.66957068,148917108.66957068,-19.75819329008185,19.75819329008185,0.01087701700089383,pricing_mc_v1
2,long_stable_no_break,long,stable,False,none,bornhuetter_ferguson_standard,ceded,success,193137076.04509047,326939886.65297246,-133802810.607882,133802810.607882,-40.92581421547559,40.92581421547559,0.011484139000458526,pricing_mc_v1
2,long_stable_no_break,long,stable,False,none,bornhuetter_ferguson_break_aware,ceded,success,193137076.04509047,326939886.65297246,-133802810.607882,133802810.607882,-40.92581421547559,40.92581421547559,0.01092346099903807,pricing_mc_v1
2,long_stable_no_break,long,stable,False,none,bornhuetter_ferguson_standard,gross,success,604780896.4224415,749878049.581145,-145097153.15870357,145097153.15870357,-19.349433316490547,19.349433316490547,0.011789837999458541,pricing_mc_v1
2,long_stable_no_break,long,stable,False,none,bornhuetter_ferguson_break_aware,gross,success,604780896.4224415,749878049.581145,-145097153.15870357,145097153.15870357,-19.349433316490547,19.349433316490547,0.011026318001313484,pricing_mc_v1
3,long_stable_no_break,long,stable,False,none,bornhuetter_ferguson_standard,ceded,success,193137076.04509047,321703342.23595023,-128566266.19085976,128566266.19085976,-39.964230802602,39.964230802602,0.011178979000760592,pricing_mc_v1
3,long_stable_no_break,long,stable,False,none,bornhuetter_ferguson_break_aware,ceded,success,193137076.04509047,321703342.23595023,-128566266.19085976,128566266.19085976,-39.964230802602,39.964230802602,0.010633165000399458,pricing_mc_v1
3,long_stable_no_break,long,stable,False,none,bornhuetter_ferguson_standard,gross,success,604780896.4224415,703107364.89855,-98326468.47610855,98326468.47610855,-13.984559597138608,13.984559597138608,0.011028737999367877,pricing_mc_v1
3,long_stable_no_break,long,stable,False,none,bornhuetter_ferguson_break_aware,gross,success,604780896.4224415,703107364.89855,-98326468.47610855,98326468.47610855,-13.984559597138608,13.984559597138608,0.011829724000563147,pricing_mc_v1
4,long_stable_no_break,long,stable,False,none,bornhuetter_ferguson_standard,ceded,success,193137076.04509047,289366727.59882396,-96229651.5537335,96229651.5537335,-33.255257904822294,33.255257904822294,0.01080777599963767,pricing_mc_v1
4,long_stable_no_break,long,stable,False,none,bornhuetter_ferguson_break_aware,ceded,success,193137076.04509047,289366727.59882396,-96229651.5537335,96229651.5537335,-33.255257904822294,33.255257904822294,0.010938379000435816,pricing_mc_v1
4,long_stable_no_break,long,stable,False,none,bornhuetter_ferguson_standard,gross,success,604780896.4224415,714216930.0635247,-109436033.64108324,109436033.64108324,-15.32252023644268,15.32252023644268,0.012267604000953725,pricing_mc_v1
4,long_stable_no_break,long,stable,False,none,bornhuetter_ferguson_break_aware,gross,success,604780896.4224415,714216930.0635247,-109436033.64108324,109436033.64108324,-15.32252023644268,15.32252023644268,0.010410498000055668,pricing_mc_v1
5,long_stable_no_break,long,stable,False,none,bornhuetter_ferguson_standard,ceded,success,193137076.04509047,289629750.5068464,-96492674.46175596,96492674.46175596,-33.315871139928014,33.315871139928014,0.011036501000489807,pricing_mc_v1
5,long_stable_no_break,long,stable,False,none,bornhuetter_ferguson_break_aware,ceded,success,193137076.04509047,289629750.5068464,-96492674.46175596,96492674.46175596,-33.315871139928014,33.315871139928014,0.010976838999340544,pricing_mc_v1
5,long_stable_no_break,long,stable,False,none,bornhuetter_ferguson_standard,gross,success,604780896.4224415,695347363.5357425,-90566467.11330104,90566467.11330104,-13.02463658635066,13.02463658635066,0.021335126999474596,pricing_mc_v1
5,long_stable_no_break,long,stable,False,none,bornhuetter_ferguson_break_aware,gross,success,604780896.4224415,695347363.5357425,-90566467.11330104,90566467.11330104,-13.02463658635066,13.02463658635066,0.015014791999419685,pricing_mc_v1
6,long_stable_no_break,long,stable,False,none,bornhuetter_ferguson_standard,ceded,success,193137076.04509047,279835005.07589453,-86697929.03080407,86697929.03080407,-30.98180265449298,30.98180265449298,0.011292886998489848,pricing_mc_v1
6,long_stable_no_break,long,stable,False,none,bornhuetter_ferguson_break_aware,ceded,success,193137076.04509047,279835005.07589453,-86697929.03080407,86697929.03080407,-30.98180265449298,30.98180265449298,0.01126376899992465,pricing_mc_v1
6,long_stable_no_break,long,stable,False,none,bornhuetter_ferguson_standard,gross,success,604780896.4224415,714233224.4870623,-109452328.06462085,109452328.06462085,-15.324452057411042,15.324452057411042,0.010830944000190357,pricing_mc_v1
6,long_stable_no_break,long,stable,False,none,bornhuetter_ferguson_break_aware,gross,success,604780896.4224415,714233224.4870623,-109452328.06462085,109452328.06462085,-15.324452057411042,15.324452057411042,0.010967959999106824,pricing_mc_v1
7,long_stable_no_break,long,stable,False,none,bornhuetter_ferguson_standard,ceded,success,193137076.04509047,287537090.6580973,-94400014.61300686,94400014.61300686,-32.83055218961487,32.83055218961487,0.011645336999208666,pricing_mc_v1
7,long_stable_no_break,long,stable,False,none,bornhuetter_ferguson_break_aware,ceded,success,193137076.04509047,287537090.6580973,-94400014.61300686,94400014.61300686,-32.83055218961487,32.83055218961487,0.012398871000186773,pricing_mc_v1
7,long_stable_no_break,long,stable,False,none,bornhuetter_ferguson_standard,gross,success,604780896.4224415,695792807.5049626,-91011911.08252108,91011911.08252108,-13.080317890735305,13.080317890735305,0.011081335998824215,pricing_mc_v1
7,long_stable_no_break,long,stable,False,none,bornhuetter_ferguson_break_aware,gross,success,604780896.4224415,695792807.5049626,-91011911.08252108,91011911.08252108,-13.080317890735305,13.080317890735305,0.011805532998550916,pricing_mc_v1
8,long_stable_no_break,long,stable,False,none,bornhuetter_ferguson_standard,ceded,success,193137076.04509047,345598759.9966747,-152461683.95158425,152461683.95158425,-44.115228872074425,44.115228872074425,0.010741227999460534,pricing_mc_v1
8,long_stable_no_break,long,stable,False,none,bornhuetter_ferguson_break_aware,ceded,success,193137076.04509047,345598759.9966747,-152461683.95158425,152461683.95158425,-44.115228872074425,44.115228872074425,0.011162238999531837,pricing_mc_v1
8,long_stable_no_break,long,stable,False,none,bornhuetter_ferguson_standard,gross,success,604780896.4224415,812500155.5098317,-207719259.08739018,207719259.08739018,-25.565442379152465,25.565442379152465,0.01200387800054159,pricing_mc_v1
8,long_stable_no_break,long,stable,False,none,bornhuetter_ferguson_break_aware,gross,success,604780896.4224415,812500155.5098317,-207719259.08739018,207719259.08739018,-25.565442379152465,25.565442379152465,0.012295279000682058,pricing_mc_v1
9,long_stable_no_break,long,stable,False,none,bornhuetter_ferguson_standard,ceded,success,193137076.04509047,318746390.86672753,-125609314.82163706,125609314.82163706,-39.40729006533477,39.40729006533477,0.01105729099981545,pricing_mc_v1
9,long_stable_no_break,long,stable,False,none,bornhuetter_ferguson_break_aware,ceded,success,193137076.04509047,318746390.86672753,-125609314.82163706,125609314.82163706,-39.40729006533477,39.40729006533477,0.011581216000195127,pricing_mc_v1
9,long_stable_no_break,long,stable,False,none,bornhuetter_ferguson_standard,gross,success,604780896.4224415,741596172.2498324,-136815275.8273909,136815275.8273909,-18.448757011828256,18.448757011828256,0.012457447999622673,pricing_mc_v1
9,long_stable_no_break,long,stable,False,none,bornhuetter_ferguson_break_aware,gross,success,604780896.4224415,741596172.2498324,-136815275.8273909,136815275.8273909,-18.448757011828256,18.448757011828256,0.01657536099992285,pricing_mc_v1
10,long_stable_no_break,long,stable,False,none,bornhuetter_ferguson_standard,ceded,success,193137076.04509047,336912354.9061351,-143775278.86104462,143775278.86104462,-42.674386013864314,42.674386013864314,0.01466052099931403,pricing_mc_v1
10,long_stable_no_break,long,stable,False,none,bornhuetter_ferguson_break_aware,ceded,success,193137076.04509047,336912354.9061351,-143775278.86104462,143775278.86104462,-42.674386013864314,42.674386013864314,0.015564537001409917,pricing_mc_v1
10,long_stable_no_break,long,stable,False,none,bornhuetter_ferguson_standard,gross,success,604780896.4224415,836391165.1620659,-231610268.73962438,231610268.73962438,-27.69162066588134,27.69162066588134,0.017251373999897623,pricing_mc_v1
10,long_stable_no_break,long,stable,False,none,bornhuetter_ferguson_break_aware,gross,success,604780896.4224415,836391165.1620659,-231610268.73962438,231610268.73962438,-27.69162066588134,27.69162066588134,0.014279321001595235,pricing_mc_v1
11,long_stable_no_break,long,stable,False,none,bornhuetter_ferguson_standard,ceded,success,193137076.04509047,335982274.18882424,-142845198.14373377,142845198.14373377,-42.515694760567584,42.515694760567584,0.01784444000077201,pricing_mc_v1
11,long_stable_no_break,long,stable,False,none,bornhuetter_ferguson_break_aware,ceded,success,193137076.04509047,335982274.18882424,-142845198.14373377,142845198.14373377,-42.515694760567584,42.515694760567584,0.014537476999976207,pricing_mc_v1
11,long_stable_no_break,long,stable,False,none,bornhuetter_ferguson_standard,gross,success,604780896.4224415,770407082.2857108,-165626185.86326933,165626185.86326933,-21.49852846262461,21.49852846262461,0.01902565999989747,pricing_mc_v1
11,long_stable_no_break,long,stable,False,none,bornhuetter_ferguson_break_aware,gross,success,604780896.4224415,770407082.2857108,-165626185.86326933,165626185.86326933,-21.49852846262461,21.49852846262461,0.011396890000469284,pricing_mc_v1
12,long_stable_no_break,long,stable,False,none,bornhuetter_ferguson_standard,ceded,success,193137076.04509047,326815514.8271078,-133678438.78201732,133678438.78201732,-40.90333313971829,40.90333313971829,0.012041780000799918,pricing_mc_v1
12,long_stable_no_break,long,stable,False,none,bornhuetter_ferguson_break_aware,ceded,success,193137076.04509047,326815514.8271078,-133678438.78201732,133678438.78201732,-40.90333313971829,40.90333313971829,0.010787267001433065,pricing_mc_v1
12,long_stable_no_break,long,stable,False,none,bornhuetter_ferguson_standard,gross,success,604780896.4224415,742690098.4351643,-137909202.01272285,137909202.01272285,-18.568875807459296,18.568875807459296,0.011829191998913302,pricing_mc_v1
12,long_stable_no_break,long,stable,False,none,bornhuetter_ferguson_break_aware,gross,success,604780896.4224415,742690098.4351643,-137909202.01272285,137909202.01272285,-18.568875807459296,18.568875807459296,0.01208013699942967,pricing_mc_v1
13,long_stable_no_break,long,stable,False,none,bornhuetter_ferguson_standard,ceded,success,193137076.04509047,343895833.6100101,-150758757.56491962,150758757.56491962,-43.838494925147984,43.838494925147984,0.011415798000598443,pricing_mc_v1
13,long_stable_no_break,long,stable,False,none,bornhuetter_ferguson_break_aware,ceded,success,193137076.04509047,343895833.6100101,-150758757.56491962,150758757.56491962,-43.838494925147984,43.838494925147984,0.011648153000351158,pricing_mc_v1
13,long_stable_no_break,long,stable,False,none,bornhuetter_ferguson_standard,gross,success,604780896.4224415,775111178.4330751,-170330282.0106336,170330282.0106336,-21.974948465452986,21.974948465452986,0.011361578999640187,pricing_mc_v1
13,long_stable_no_break,long,stable,False,none,bornhuetter_ferguson_break_aware,gross,success,604780896.4224415,775111178.4330751,-170330282.0106336,170330282.0106336,-21.974948465452986,21.974948465452986,0.011412076000851812,pricing_mc_v1
14,long_stable_no_break,long,stable,False,none,bornhuetter_ferguson_standard,ceded,success,193137076.04509047,310778910.8105192,-117641834.76542875,117641834.76542875,-37.85386674360107,37.85386674360107,0.011506139000630355,pricing_mc_v1
14,long_stable_no_break,long,stable,False,none,bornhuetter_ferguson_break_aware,ceded,success,193137076.04509047,310778910.8105192,-117641834.76542875,117641834.76542875,-37.85386674360107,37.85386674360107,0.01148996200026886,pricing_mc_v1
14,long_stable_no_break,long,stable,False,none,bornhuetter_ferguson_standard,gross,success,604780896.4224415,714550779.4004691,-109769882.97802758,109769882.97802758,-15.362082883756422,15.362082883756422,0.011251174999415525,pricing_mc_v1
14,long_stable_no_break,long,stable,False,none,bornhuetter_ferguson_break_aware,gross,success,604780896.4224415,714550779.4004691,-109769882.97802758,109769882.97802758,-15.362082883756422,15.362082883756422,0.011224070000025677,pricing_mc_v1
15,long_stable_no_break,long,stable,False,none,bornhuetter_ferguson_standard,ceded,success,193137076.04509047,330696194.215333,-137559118.17024252,137559118.17024252,-41.59682529659559,41.59682529659559,0.011448633998952573,pricing_mc_v1
15,long_stable_no_break,long,stable,False,none,bornhuetter_ferguson_break_aware,ceded,success,193137076.04509047,330696194.215333,-137559118.17024252,137559118.17024252,-41.59682529659559,41.59682529659559,0.010660881000148947,pricing_mc_v1
15,long_stable_no_break,long,stable,False,none,bornhuetter_ferguson_standard,gross,success,604780896.4224415,801427600.4875928,-196646704.06515133,196646704.06515133,-24.537051624564768,24.537051624564768,0.0119356630002585,pricing_mc_v1
15,long_stable_no_break,long,stable,False,none,bornhuetter_ferguson_break_aware,gross,success,604780896.4224415,801427600.4875928,-196646704.06515133,196646704.06515133,-24.537051624564768,24.537051624564768,0.011887202999787405,pricing_mc_v1
16,long_stable_no_break,long,stable,False,none,bornhuetter_ferguson_standard,ceded,success,193137076.04509047,308015453.66492426,-114878377.6198338,114878377.6198338,-37.29630323834487,37.29630323834487,0.011121953000838403,pricing_mc_v1
16,long_stable_no_break,long,stable,False,none,bornhuetter_ferguson_break_aware,ceded,success,193137076.04509047,308015453.66492426,-114878377.6198338,114878377.6198338,-37.29630323834487,37.29630323834487,0.010884397001063917,pricing_mc_v1
16,long_stable_no_break,long,stable,False,none,bornhuetter_ferguson_standard,gross,success,604780896.4224415,757710732.8203168,-152929836.3978753,152929836.3978753,-20.183142428067075,20.183142428067075,0.011306537000564276,pricing_mc_v1
16,long_stable_no_break,long,stable,False,none,bornhuetter_ferguson_break_aware,gross,success,604780896.4224415,757710732.8203168,-152929836.3978753,152929836.3978753,-20.183142428067075,20.183142428067075,0.010749450000730576,pricing_mc_v1
17,long_stable_no_break,long,stable,False,none,bornhuetter_ferguson_standard,ceded,success,193137076.04509047,298375335.4047163,-105238259.35962585,105238259.35962585,-35.27042850806709,35.27042850806709,0.010960440999042476,pricing_mc_v1
17,long_stable_no_break,long,stable,False,none,bornhuetter_ferguson_break_aware,ceded,success,193137076.04509047,298375335.4047163,-105238259.35962585,105238259.35962585,-35.27042850806709,35.27042850806709,0.010744297000201186,pricing_mc_v1
17,long_stable_no_break,long,stable,False,none,bornhuetter_ferguson_standard,gross,success,604780896.4224415,758355721.4750607,-153574825.05261922,153574825.05261922,-20.251027414140722,20.251027414140722,0.014069433998884051,pricing_mc_v1
17,long_stable_no_break,long,stable,False,none,bornhuetter_ferguson_break_aware,gross,success,604780896.4224415,758355721.4750607,-153574825.05261922,153574825.05261922,-20.251027414140722,20.251027414140722,0.011279487000138033,pricing_mc_v1
18,long_stable_no_break,long,stable,False,none,bornhuetter_ferguson_standard,ceded,success,193137076.04509047,301848369.40359706,-108711293.35850659,108711293.35850659,-36.015199808202475,36.015199808202475,0.015497002999836695,pricing_mc_v1
18,long_stable_no_break,long,stable,False,none,bornhuetter_ferguson_break_aware,ceded,success,193137076.04509047,301848369.40359706,-108711293.35850659,108711293.35850659,-36.015199808202475,36.015199808202475,0.011794628999268753,pricing_mc_v1
18,long_stable_no_break,long,stable,False,none,bornhuetter_ferguson_standard,gross,success,604780896.4224415,713298882.5965943,-108517986.17415285,108517986.17415285,-15.213536544333145,15.213536544333145,0.010917919000348775,pricing_mc_v1
18,long_stable_no_break,long,stable,False,none,bornhuetter_ferguson_break_aware,gross,success,604780896.4224415,713298882.5965943,-108517986.17415285,108517986.17415285,-15.213536544333145,15.213536544333145,0.011064151000027778,pricing_mc_v1
19,long_stable_no_break,long,stable,False,none,bornhuetter_ferguson_standard,ceded,success,193137076.04509047,359797520.68867296,-166660444.6435825,166660444.6435825,-46.320620643684514,46.320620643684514,0.011432446999606327,pricing_mc_v1
19,long_stable_no_break,long,stable,False,none,bornhuetter_ferguson_break_aware,ceded,success,193137076.04509047,359797520.68867296,-166660444.6435825,166660444.6435825,-46.320620643684514,46.320620643684514,0.011587234999751672,pricing_mc_v1
19,long_stable_no_break,long,stable,False,none,bornhuetter_ferguson_standard,gross,success,604780896.4224415,788902838.609515,-184121942.18707347,184121942.18707347,-23.338988424936918,23.338988424936918,0.011402403000829509,pricing_mc_v1
19,long_stable_no_break,long,stable,False,none,bornhuetter_ferguson_break_aware,gross,success,604780896.4224415,788902838.609515,-184121942.18707347,184121942.18707347,-23.338988424936918,23.338988424936918,0.010708308000175748,pricing_mc_v1
20,long_stable_no_break,long,stable,False,none,bornhuetter_ferguson_standard,ceded,success,193137076.04509047,344832767.6794761,-151695691.63438562,151695691.63438562,-43.99108955196149,43.99108955196149,0.012420449000273948,pricing_mc_v1
20,long_stable_no_break,long,stable,False,none,bornhuetter_ferguson_break_aware,ceded,success,193137076.04509047,344832767.6794761,-151695691.63438562,151695691.63438562,-43.99108955196149,43.99108955196149,0.01424570400013181,pricing_mc_v1
20,long_stable_no_break,long,stable,False,none,bornhuetter_ferguson_standard,gross,success,604780896.4224415,817748469.2216034,-212967572.7991619,212967572.7991619,-26.04316373736303,26.04316373736303,0.011200265998922987,pricing_mc_v1
20,long_stable_no_break,long,stable,False,none,bornhuetter_ferguson_break_aware,gross,success,604780896.4224415,817748469.2216034,-212967572.7991619,212967572.7991619,-26.04316373736303,26.04316373736303,0.011101159998361254,pricing_mc_v1
21,long_stable_no_break,long,stable,False,none,bornhuetter_ferguson_standard,ceded,success,193137076.04509047,293817676.39181364,-100680600.34672317,100680600.34672317,-34.266352379855775,34.266352379855775,0.013614614001198788,pricing_mc_v1
21,long_stable_no_break,long,stable,False,none,bornhuetter_ferguson_break_aware,ceded,success,193137076.04509047,293817676.39181364,-100680600.34672317,100680600.34672317,-34.266352379855775,34.266352379855775,0.010873261000597267,pricing_mc_v1
21,long_stable_no_break,long,stable,False,none,bornhuetter_ferguson_standard,gross,success,604780896.4224415,747867583.0741976,-143086686.65175617,143086686.65175617,-19.132623192942997,19.132623192942997,0.010750776998975198,pricing_mc_v1
21,long_stable_no_break,long,stable,False,none,bornhuetter_ferguson_break_aware,gross,success,604780896.4224415,747867583.0741976,-143086686.65175617,143086686.65175617,-19.132623192942997,19.132623192942997,0.01046686700101418,pricing_mc_v1
22,long_stable_no_break,long,stable,False,none,bornhuetter_ferguson_standard,ceded,success,193137076.04509047,311236465.8362977,-118099389.79120722,118099389.79120722,-37.945229031525,37.945229031525,0.01100907699947129,pricing_mc_v1
22,long_stable_no_break,long,stable,False,none,bornhuetter_ferguson_break_aware,ceded,success,193137076.04509047,311236465.8362977,-118099389.79120722,118099389.79120722,-37.945229031525,37.945229031525,0.011228502000449225,pricing_mc_v1
22,long_stable_no_break,long,stable,False,none,bornhuetter_ferguson_standard,gross,success,604780896.4224415,719428049.2432202,-114647152.82077873,114647152.82077873,-15.935874746804522,15.935874746804522,0.011204968999663834,pricing_mc_v1
22,long_stable_no_break,long,stable,False,none,bornhuetter_ferguson_break_aware,gross,success,604780896.4224415,719428049.2432202,-114647152.82077873,114647152.82077873,-15.935874746804522,15.935874746804522,0.011033502998543554,pricing_mc_v1
23,long_stable_no_break,long,stable,False,none,bornhuetter_ferguson_standard,ceded,success,193137076.04509047,361210837.2146398,-168073761.16954932,168073761.16954932,-46.53065297420078,46.53065297420078,0.011706891000358155,pricing_mc_v1
23,long_stable_no_break,long,stable,False,none,bornhuetter_ferguson_break_aware,ceded,success,193137076.04509047,361210837.2146398,-168073761.16954932,168073761.16954932,-46.53065297420078,46.53065297420078,0.010883350001677172,pricing_mc_v1
23,long_stable_no_break,long,stable,False,none,bornhuetter_ferguson_standard,gross,success,604780896.4224415,808953197.8976305,-204172301.47518897,204172301.47518897,-25.239074646816107,25.239074646816107,0.011027943999579293,pricing_mc_v1
23,long_stable_no_break,long,stable,False,none,bornhuetter_ferguson_break_aware,gross,success,604780896.4224415,808953197.8976305,-204172301.47518897,204172301.47518897,-25.239074646816107,25.239074646816107,0.011176390000400716,pricing_mc_v1
24,long_stable_no_break,long,stable,False,none,bornhuetter_ferguson_standard,ceded,success,193137076.04509047,323707142.96329314,-130570066.91820267,130570066.91820267,-40.33586213851596,40.33586213851596,0.011307455999485683,pricing_mc_v1
24,long_stable_no_break,long,stable,False,none,bornhuetter_ferguson_break_aware,ceded,success,193137076.04509047,323707142.96329314,-130570066.91820267,130570066.91820267,-40.33586213851596,40.33586213851596,0.011095817000750685,pricing_mc_v1
24,long_stable_no_break,long,stable,False,none,bornhuetter_ferguson_standard,gross,success,604780896.4224415,786445084.3680733,-181664187.94563186,181664187.94563186,-23.099411714373318,23.099411714373318,0.011972304999289918,pricing_mc_v1
24,long_stable_no_break,long,stable,False,none,bornhuetter_ferguson_break_aware,gross,success,604780896.4224415,786445084.3680733,-181664187.94563186,181664187.94563186,-23.099411714373318,23.099411714373318,0.010838337000677711,pricing_mc_v1
25,long_stable_no_break,long,stable,False,none,bornhuetter_ferguson_standard,ceded,success,193137076.04509047,363276899.847718,-170139823.80262753,170139823.80262753,-46.83474888547783,46.83474888547783,0.011768092999773216,pricing_mc_v1
25,long_stable_no_break,long,stable,False,none,bornhuetter_ferguson_break_aware,ceded,success,193137076.04509047,363276899.847718,-170139823.80262753,170139823.80262753,-46.83474888547783,46.83474888547783,0.011007879000317189,pricing_mc_v1
25,long_stable_no_break,long,stable,False,none,bornhuetter_ferguson_standard,gross,success,604780896.4224415,866259735.073673,-261478838.65123153,261478838.65123153,-30.18480809673019,30.18480809673019,0.012131649000366451,pricing_mc_v1
25,long_stable_no_break,long,stable,False,none,bornhuetter_ferguson_break_aware,gross,success,604780896.4224415,866259735.073673,-261478838.65123153,261478838.65123153,-30.18480809673019,30.18480809673019,0.010739531000581337,pricing_mc_v1
26,long_stable_no_break,long,stable,False,none,bornhuetter_ferguson_standard,ceded,success,193137076.04509047,313802914.5115156,-120665838.46642515,120665838.46642515,-38.452746257714274,38.452746257714274,0.010855840000658645,pricing_mc_v1
26,long_stable_no_break,long,stable,False,none,bornhuetter_ferguson_break_aware,ceded,success,193137076.04509047,313802914.5115156,-120665838.46642515,120665838.46642515,-38.452746257714274,38.452746257714274,0.01026093300060893,pricing_mc_v1
26,long_stable_no_break,long,stable,False,none,bornhuetter_ferguson_standard,gross,success,604780896.4224415,693117276.2720695,-88336379.84962797,88336379.84962797,-12.744795559669944,12.744795559669944,0.011122632000478916,pricing_mc_v1
26,long_stable_no_break,long,stable,False,none,bornhuetter_ferguson_break_aware,gross,success,604780896.4224415,693117276.2720695,-88336379.84962797,88336379.84962797,-12.744795559669944,12.744795559669944,0.011494394999317592,pricing_mc_v1
27,long_stable_no_break,long,stable,False,none,bornhuetter_ferguson_standard,ceded,success,193137076.04509047,344542605.07996076,-151405529.0348703,151405529.0348703,-43.94392066540868,43.94392066540868,0.013012463999984902,pricing_mc_v1
27,long_stable_no_break,long,stable,False,none,bornhuetter_ferguson_break_aware,ceded,success,193137076.04509047,344542605.07996076,-151405529.0348703,151405529.0348703,-43.94392066540868,43.94392066540868,0.010801055001138593,pricing_mc_v1
27,long_stable_no_break,long,stable,False,none,bornhuetter_ferguson_standard,gross,success,604780896.4224415,829310666.3580804,-224529769.9356389,224529769.9356389,-27.07426529573795,27.07426529573795,0.011388253000404802,pricing_mc_v1
27,long_stable_no_break,long,stable,False,none,bornhuetter_ferguson_break_aware,gross,success,604780896.4224415,829310666.3580804,-224529769.9356389,224529769.9356389,-27.07426529573795,27.07426529573795,0.013171733999115531,pricing_mc_v1
28,long_stable_no_break,long,stable,False,none,bornhuetter_ferguson_standard,ceded,success,193137076.04509047,283540734.37113667,-90403658.3260462,90403658.3260462,-31.883834443242147,31.883834443242147,0.010812628999701701,pricing_mc_v1
28,long_stable_no_break,long,stable,False,none,bornhuetter_ferguson_break_aware,ceded,success,193137076.04509047,283540734.37113667,-90403658.3260462,90403658.3260462,-31.883834443242147,31.883834443242147,0.011527575999934925,pricing_mc_v1
28,long_stable_no_break,long,stable,False,none,bornhuetter_ferguson_standard,gross,success,604780896.4224415,715269395.3629525,-110488498.94051099,110488498.94051099,-15.447116800579073,15.447116800579073,0.010751589999927091,pricing_mc_v1
28,long_stable_no_break,long,stable,False,none,bornhuetter_ferguson_break_aware,gross,success,604780896.4224415,715269395.3629525,-110488498.94051099,110488498.94051099,-15.447116800579073,15.447116800579073,0.010785342999952263,pricing_mc_v1
29,long_stable_no_break,long,stable,False,none,bornhuetter_ferguson_standard,ceded,success,193137076.04509047,290019944.5808143,-96882868.53572384,96882868.53572384,-33.405588252130485,33.405588252130485,0.011713321999195614,pricing_mc_v1
29,long_stable_no_break,long,stable,False,none,bornhuetter_ferguson_break_aware,ceded,success,193137076.04509047,290019944.5808143,-96882868.53572384,96882868.53572384,-33.405588252130485,33.405588252130485,0.017724781999277184,pricing_mc_v1
29,long_stable_no_break,long,stable,False,none,bornhuetter_ferguson_standard,gross,success,604780896.4224415,638435474.6701584,-33654578.2477169,33654578.2477169,-5.271414196572366,5.271414196572366,0.011151701999551733,pricing_mc_v1
29,long_stable_no_break,long,stable,False,none,bornhuetter_ferguson_break_aware,gross,success,604780896.4224415,638435474.6701584,-33654578.2477169,33654578.2477169,-5.271414196572366,5.271414196572366,0.011841421001008712,pricing_mc_v1
30,long_stable_no_break,long,stable,False,none,bornhuetter_ferguson_standard,ceded,success,193137076.04509047,281357250.1070676,-88220174.06197712,88220174.06197712,-31.35521619876717,31.35521619876717,0.012658091000048444,pricing_mc_v1
30,long_stable_no_break,long,stable,False,none,bornhuetter_ferguson_break_aware,ceded,success,193137076.04509047,281357250.1070676,-88220174.06197712,88220174.06197712,-31.35521619876717,31.35521619876717,0.010985584000081872,pricing_mc_v1
30,long_stable_no_break,long,stable,False,none,bornhuetter_ferguson_standard,gross,success,604780896.4224415,690814542.0379773,-86033645.61553586,86033645.61553586,-12.453942466487073,12.453942466487073,0.011098261000370258,pricing_mc_v1
30,long_stable_no_break,long,stable,False,none,bornhuetter_ferguson_break_aware,gross,success,604780896.4224415,690814542.0379773,-86033645.61553586,86033645.61553586,-12.453942466487073,12.453942466487073,0.010604303000945947,pricing_mc_v1
31,long_stable_no_break,long,stable,False,none,bornhuetter_ferguson_standard,ceded,success,193137076.04509047,332551525.6775034,-139414449.63241294,139414449.63241294,-41.9226612623068,41.9226612623068,0.011184924000190222,pricing_mc_v1
31,long_stable_no_break,long,stable,False,none,bornhuetter_ferguson_break_aware,ceded,success,193137076.04509047,332551525.6775034,-139414449.63241294,139414449.63241294,-41.9226612623068,41.9226612623068,0.011752725000405917,pricing_mc_v1
31,long_stable_no_break,long,stable,False,none,bornhuetter_ferguson_standard,gross,success,604780896.4224415,812802346.8376274,-208021450.41518593,208021450.41518593,-25.593116361503583,25.593116361503583,0.010869039999306551,pricing_mc_v1
31,long_stable_no_break,long,stable,False,none,bornhuetter_ferguson_break_aware,gross,success,604780896.4224415,812802346.8376274,-208021450.41518593,208021450.41518593,-25.593116361503583,25.593116361503583,0.010816497000632808,pricing_mc_v1
32,long_stable_no_break,long,stable,False,none,bornhuetter_ferguson_standard,ceded,success,193137076.04509047,293222850.623987,-100085774.57889655,100085774.57889655,-34.13300647132753,34.13300647132753,0.011482494999654591,pricing_mc_v1
32,long_stable_no_break,long,stable,False,none,bornhuetter_ferguson_break_aware,ceded,success,193137076.04509047,293222850.623987,-100085774.57889655,100085774.57889655,-34.13300647132753,34.13300647132753,0.012871864000771893,pricing_mc_v1
32,long_stable_no_break,long,stable,False,none,bornhuetter_ferguson_standard,gross,success,604780896.4224415,753704745.1874813,-148923848.7650398,148923848.7650398,-19.75891086210364,19.75891086210364,0.01713078200009477,pricing_mc_v1
32,long_stable_no_break,long,stable,False,none,bornhuetter_ferguson_break_aware,gross,success,604780896.4224415,753704745.1874813,-148923848.7650398,148923848.7650398,-19.75891086210364,19.75891086210364,0.01193184600015229,pricing_mc_v1
33,long_stable_no_break,long,stable,False,none,bornhuetter_ferguson_standard,ceded,success,193137076.04509047,335790889.91233647,-142653813.867246,142653813.867246,-42.48293153649524,42.48293153649524,0.011315333000311512,pricing_mc_v1
33,long_stable_no_break,long,stable,False,none,bornhuetter_ferguson_break_aware,ceded,success,193137076.04509047,335790889.91233647,-142653813.867246,142653813.867246,-42.48293153649524,42.48293153649524,0.010582646000329987,pricing_mc_v1
33,long_stable_no_break,long,stable,False,none,bornhuetter_ferguson_standard,gross,success,604780896.4224415,789753133.156526,-184972236.7340845,184972236.7340845,-23.421526166636138,23.421526166636138,0.010876976999497856,pricing_mc_v1
33,long_stable_no_break,long,stable,False,none,bornhuetter_ferguson_break_aware,gross,success,604780896.4224415,789753133.156526,-184972236.7340845,184972236.7340845,-23.421526166636138,23.421526166636138,0.014026823000676814,pricing_mc_v1
34,long_stable_no_break,long,stable,False,none,bornhuetter_ferguson_standard,ceded,success,193137076.04509047,344455918.59654194,-151318842.55145147,151318842.55145147,-43.929813477436525,43.929813477436525,0.01123197299966705,pricing_mc_v1
34,long_stable_no_break,long,stable,False,none,bornhuetter_ferguson_break_aware,ceded,success,193137076.04509047,344455918.59654194,-151318842.55145147,151318842.55145147,-43.929813477436525,43.929813477436525,0.011609241999394726,pricing_mc_v1
34,long_stable_no_break,long,stable,False,none,bornhuetter_ferguson_standard,gross,success,604780896.4224415,792216396.3558955,-187435499.93345404,187435499.93345404,-23.659634008540575,23.659634008540575,0.011957822000113083,pricing_mc_v1
34,long_stable_no_break,long,stable,False,none,bornhuetter_ferguson_break_aware,gross,success,604780896.4224415,792216396.3558955,-187435499.93345404,187435499.93345404,-23.659634008540575,23.659634008540575,0.010827922000316903,pricing_mc_v1
35,long_stable_no_break,long,stable,False,none,bornhuetter_ferguson_standard,ceded,success,193137076.04509047,318840831.45350105,-125703755.40841058,125703755.40841058,-39.42523761318911,39.42523761318911,0.01248917100019753,pricing_mc_v1
35,long_stable_no_break,long,stable,False,none,bornhuetter_ferguson_break_aware,ceded,success,193137076.04509047,318840831.45350105,-125703755.40841058,125703755.40841058,-39.42523761318911,39.42523761318911,0.011243713999647298,pricing_mc_v1
35,long_stable_no_break,long,stable,False,none,bornhuetter_ferguson_standard,gross,success,604780896.4224415,751712532.1194394,-146931635.69699788,146931635.69699788,-19.546253310787154,19.546253310787154,0.012824249999539461,pricing_mc_v1
35,long_stable_no_break,long,stable,False,none,bornhuetter_ferguson_break_aware,gross,success,604780896.4224415,751712532.1194394,-146931635.69699788,146931635.69699788,-19.546253310787154,19.546253310787154,0.01161269799922593,pricing_mc_v1
36,long_stable_no_break,long,stable,False,none,bornhuetter_ferguson_standard,ceded,success,193137076.04509047,285155330.521339,-92018254.47624853,92018254.47624853,-32.26951932058045,32.26951932058045,0.01764950400138332,pricing_mc_v1
36,long_stable_no_break,long,stable,False,none,bornhuetter_ferguson_break_aware,ceded,success,193137076.04509047,285155330.521339,-92018254.47624853,92018254.47624853,-32.26951932058045,32.26951932058045,0.013987942000312614,pricing_mc_v1
36,long_stable_no_break,long,stable,False,none,bornhuetter_ferguson_standard,gross,success,604780896.4224415,687940031.2982723,-83159134.87583077,83159134.87583077,-12.088137205636054,12.088137205636054,0.011469921000752947,pricing_mc_v1
36,long_stable_no_break,long,stable,False,none,bornhuetter_ferguson_break_aware,gross,success,604780896.4224415,687940031.2982723,-83159134.87583077,83159134.87583077,-12.088137205636054,12.088137205636054,0.011905727000339539,pricing_mc_v1
37,long_stable_no_break,long,stable,False,none,bornhuetter_ferguson_standard,ceded,success,193137076.04509047,275566464.44821846,-82429388.403128,82429388.403128,-29.91270674687531,29.91270674687531,0.017589769999176497,pricing_mc_v1
37,long_stable_no_break,long,stable,False,none,bornhuetter_ferguson_break_aware,ceded,success,193137076.04509047,275566464.44821846,-82429388.403128,82429388.403128,-29.91270674687531,29.91270674687531,0.01205023600050481,pricing_mc_v1
37,long_stable_no_break,long,stable,False,none,bornhuetter_ferguson_standard,gross,success,604780896.4224415,642954360.8421648,-38173464.41972327,38173464.41972327,-5.937196595061941,5.937196595061941,0.011453946999608888,pricing_mc_v1
37,long_stable_no_break,long,stable,False,none,bornhuetter_ferguson_break_aware,gross,success,604780896.4224415,642954360.8421648,-38173464.41972327,38173464.41972327,-5.937196595061941,5.937196595061941,0.011048818001654581,pricing_mc_v1
38,long_stable_no_break,long,stable,False,none,bornhuetter_ferguson_standard,ceded,success,193137076.04509047,306004779.9733002,-112867703.92820975,112867703.92820975,-36.88429440156385,36.88429440156385,0.018861360998926102,pricing_mc_v1
38,long_stable_no_break,long,stable,False,none,bornhuetter_ferguson_break_aware,ceded,success,193137076.04509047,306004779.9733002,-112867703.92820975,112867703.92820975,-36.88429440156385,36.88429440156385,0.011423246000049403,pricing_mc_v1
38,long_stable_no_break,long,stable,False,none,bornhuetter_ferguson_standard,gross,success,604780896.4224415,756118517.7845571,-151337621.36211562,151337621.36211562,-20.015066130841234,20.015066130841234,0.011068936000810936,pricing_mc_v1
38,long_stable_no_break,long,stable,False,none,bornhuetter_ferguson_break_aware,gross,success,604780896.4224415,756118517.7845571,-151337621.36211562,151337621.36211562,-20.015066130841234,20.015066130841234,0.011451985999883618,pricing_mc_v1
39,long_stable_no_break,long,stable,False,none,bornhuetter_ferguson_standard,ceded,success,193137076.04509047,329251731.71843934,-136114655.67334887,136114655.67334887,-41.34060433423863,41.34060433423863,0.011400755000067875,pricing_mc_v1
39,long_stable_no_break,long,stable,False,none,bornhuetter_ferguson_break_aware,ceded,success,193137076.04509047,329251731.71843934,-136114655.67334887,136114655.67334887,-41.34060433423863,41.34060433423863,0.010773677999168285,pricing_mc_v1
39,long_stable_no_break,long,stable,False,none,bornhuetter_ferguson_standard,gross,success,604780896.4224415,807488237.7061844,-202707341.2837429,202707341.2837429,-25.10344198443925,25.10344198443925,0.011363161998815485,pricing_mc_v1
39,long_stable_no_break,long,stable,False,none,bornhuetter_ferguson_break_aware,gross,success,604780896.4224415,807488237.7061844,-202707341.2837429,202707341.2837429,-25.10344198443925,25.10344198443925,0.0109904019991518,pricing_mc_v1
40,long_stable_no_break,long,stable,False,none,bornhuetter_ferguson_standard,ceded,success,193137076.04509047,272935019.0575721,-79797943.01248166,79797943.01248166,-29.23697489901408,29.23697489901408,0.011686711999573163,pricing_mc_v1
40,long_stable_no_break,long,stable,False,none,bornhuetter_ferguson_break_aware,ceded,success,193137076.04509047,272935019.0575721,-79797943.01248166,79797943.01248166,-29.23697489901408,29.23697489901408,0.016097173000162,pricing_mc_v1
40,long_stable_no_break,long,stable,False,none,bornhuetter_ferguson_standard,gross,success,604780896.4224415,692555761.5870862,-87774865.16464472,87774865.16464472,-12.674050240156348,12.674050240156348,0.012556769999719108,pricing_mc_v1
40,long_stable_no_break,long,stable,False,none,bornhuetter_ferguson_break_aware,gross,success,604780896.4224415,692555761.5870862,-87774865.16464472,87774865.16464472,-12.674050240156348,12.674050240156348,0.010793937999551417,pricing_mc_v1
41,long_stable_no_break,long,stable,False,none,bornhuetter_ferguson_standard,ceded,success,193137076.04509047,308169176.89685106,-115032100.8517606,115032100.8517606,-37.327581560911135,37.327581560911135,0.012640517999898293,pricing_mc_v1
41,long_stable_no_break,long,stable,False,none,bornhuetter_ferguson_break_aware,ceded,success,193137076.04509047,308169176.89685106,-115032100.8517606,115032100.8517606,-37.327581560911135,37.327581560911135,0.01179335400047421,pricing_mc_v1
41,long_stable_no_break,long,stable,False,none,bornhuetter_ferguson_standard,gross,success,604780896.4224415,741840532.335838,-137059635.91339648,137059635.91339648,-18.475619751031388,18.475619751031388,0.010736338001152035,pricing_mc_v1
41,long_stable_no_break,long,stable,False,none,bornhuetter_ferguson_break_aware,gross,success,604780896.4224415,741840532.335838,-137059635.91339648,137059635.91339648,-18.475619751031388,18.475619751031388,0.01076638500126137,pricing_mc_v1
42,long_stable_no_break,long,stable,False,none,bornhuetter_ferguson_standard,ceded,success,193137076.04509047,360547450.5584931,-167410374.5134026,167410374.5134026,-46.43227243850472,46.43227243850472,0.011591477999900235,pricing_mc_v1
42,long_stable_no_break,long,stable,False,none,bornhuetter_ferguson_break_aware,ceded,success,193137076.04509047,360547450.5584931,-167410374.5134026,167410374.5134026,-46.43227243850472,46.43227243850472,0.010995415999786928,pricing_mc_v1
42,long_stable_no_break,long,stable,False,none,bornhuetter_ferguson_standard,gross,success,604780896.4224415,847163481.6272482,-242382585.2048067,242382585.2048067,-28.61107572050125,28.61107572050125,0.011341755998728331,pricing_mc_v1
42,long_stable_no_break,long,stable,False,none,bornhuetter_ferguson_break_aware,gross,success,604780896.4224415,847163481.6272482,-242382585.2048067,242382585.2048067,-28.61107572050125,28.61107572050125,0.011288127998341224,pricing_mc_v1
43,long_stable_no_break,long,stable,False,none,bornhuetter_ferguson_standard,ceded,success,193137076.04509047,358094696.74800676,-164957620.7029163,164957620.7029163,-46.065362654336624,46.065362654336624,0.010688088999813772,pricing_mc_v1
43,long_stable_no_break,long,stable,False,none,bornhuetter_ferguson_break_aware,ceded,success,193137076.04509047,358094696.74800676,-164957620.7029163,164957620.7029163,-46.065362654336624,46.065362654336624,0.011246922000282211,pricing_mc_v1
43,long_stable_no_break,long,stable,False,none,bornhuetter_ferguson_standard,gross,success,604780896.4224415,788673834.2569517,-183892937.8345102,183892937.8345102,-23.31672864584949,23.31672864584949,0.01293985800111841,pricing_mc_v1
43,long_stable_no_break,long,stable,False,none,bornhuetter_ferguson_break_aware,gross,success,604780896.4224415,788673834.2569517,-183892937.8345102,183892937.8345102,-23.31672864584949,23.31672864584949,0.010416347000500537,pricing_mc_v1
44,long_stable_no_break,long,stable,False,none,bornhuetter_ferguson_standard,ceded,success,193137076.04509047,370398801.8839722,-177261725.83888176,177261725.83888176,-47.85699223033912,47.85699223033912,0.011213425999812898,pricing_mc_v1
44,long_stable_no_break,long,stable,False,none,bornhuetter_ferguson_break_aware,ceded,success,193137076.04509047,370398801.8839722,-177261725.83888176,177261725.83888176,-47.85699223033912,47.85699223033912,0.01076947700130404,pricing_mc_v1
44,long_stable_no_break,long,stable,False,none,bornhuetter_ferguson_standard,gross,success,604780896.4224415,850786106.4820993,-246005210.0596578,246005210.0596578,-28.91504788164213,28.91504788164213,0.011231618000238086,pricing_mc_v1
44,long_stable_no_break,long,stable,False,none,bornhuetter_ferguson_break_aware,gross,success,604780896.4224415,850786106.4820993,-246005210.0596578,246005210.0596578,-28.91504788164213,28.91504788164213,0.010484624999662628,pricing_mc_v1
45,long_stable_no_break,long,stable,False,none,bornhuetter_ferguson_standard,ceded,success,193137076.04509047,334276857.95551425,-141139781.9104238,141139781.9104238,-42.22242089196816,42.22242089196816,0.014702447000672692,pricing_mc_v1
45,long_stable_no_break,long,stable,False,none,bornhuetter_ferguson_break_aware,ceded,success,193137076.04509047,334276857.95551425,-141139781.9104238,141139781.9104238,-42.22242089196816,42.22242089196816,0.012856714000008651,pricing_mc_v1
45,long_stable_no_break,long,stable,False,none,bornhuetter_ferguson_standard,gross,success,604780896.4224415,767129379.2780486,-162348482.85560715,162348482.85560715,-21.163116319230866,21.163116319230866,0.011013663000994711,pricing_mc_v1
45,long_stable_no_break,long,stable,False,none,bornhuetter_ferguson_break_aware,gross,success,604780896.4224415,767129379.2780486,-162348482.85560715,162348482.85560715,-21.163116319230866,21.163116319230866,0.011194004000572022,pricing_mc_v1
46,long_stable_no_break,long,stable,False,none,bornhuetter_ferguson_standard,ceded,success,193137076.04509047,346477413.34940356,-153340337.3043131,153340337.3043131,-44.256950495551564,44.256950495551564,0.01146332400094252,pricing_mc_v1
46,long_stable_no_break,long,stable,False,none,bornhuetter_ferguson_break_aware,ceded,success,193137076.04509047,346477413.34940356,-153340337.3043131,153340337.3043131,-44.256950495551564,44.256950495551564,0.011654093001197907,pricing_mc_v1
46,long_stable_no_break,long,stable,False,none,bornhuetter_ferguson_standard,gross,success,604780896.4224415,780256848.3780754,-175475951.95563388,175475951.95563388,-22.489511283418636,22.489511283418636,0.01199557099971571,pricing_mc_v1
46,long_stable_no_break,long,stable,False,none,bornhuetter_ferguson_break_aware,gross,success,604780896.4224415,780256848.3780754,-175475951.95563388,175475951.95563388,-22.489511283418636,22.489511283418636,0.010354808000556659,pricing_mc_v1
47,long_stable_no_break,long,stable,False,none,bornhuetter_ferguson_standard,ceded,success,193137076.04509047,292656654.2204359,-99519578.17534545,99519578.17534545,-34.00557504507824,34.00557504507824,0.011281352999503724,pricing_mc_v1
47,long_stable_no_break,long,stable,False,none,bornhuetter_ferguson_break_aware,ceded,success,193137076.04509047,292656654.2204359,-99519578.17534545,99519578.17534545,-34.00557504507824,34.00557504507824,0.011480507999294787,pricing_mc_v1
47,long_stable_no_break,long,stable,False,none,bornhuetter_ferguson_standard,gross,success,604780896.4224415,712355945.2466264,-107575048.8241849,107575048.8241849,-15.101305680398454,15.101305680398454,0.010842262001460767,pricing_mc_v1
47,long_stable_no_break,long,stable,False,none,bornhuetter_ferguson_break_aware,gross,success,604780896.4224415,712355945.2466264,-107575048.8241849,107575048.8241849,-15.101305680398454,15.101305680398454,0.012334048999036895,pricing_mc_v1
48,long_stable_no_break,long,stable,False,none,bornhuetter_ferguson_standard,ceded,success,193137076.04509047,313950165.89818645,-120813089.85309598,120813089.85309598,-38.48161363682014,38.48161363682014,0.015560896999886609,pricing_mc_v1
48,long_stable_no_break,long,stable,False,none,bornhuetter_ferguson_break_aware,ceded,success,193137076.04509047,313950165.89818645,-120813089.85309598,120813089.85309598,-38.48161363682014,38.48161363682014,0.010778224999739905,pricing_mc_v1
48,long_stable_no_break,long,stable,False,none,bornhuetter_ferguson_standard,gross,success,604780896.4224415,724498962.0587697,-119718065.63632822,119718065.63632822,-16.52425633518257,16.52425633518257,0.01227266900059476,pricing_mc_v1
48,long_stable_no_break,long,stable,False,none,bornhuetter_ferguson_break_aware,gross,success,604780896.4224415,724498962.0587697,-119718065.63632822,119718065.63632822,-16.52425633518257,16.52425633518257,0.011079271000198787,pricing_mc_v1
49,long_stable_no_break,long,stable,False,none,bornhuetter_ferguson_standard,ceded,success,193137076.04509047,296424848.4121561,-103287772.36706564,103287772.36706564,-34.84450541860508,34.84450541860508,0.010703567999371444,pricing_mc_v1
49,long_stable_no_break,long,stable,False,none,bornhuetter_ferguson_break_aware,ceded,success,193137076.04509047,296424848.4121561,-103287772.36706564,103287772.36706564,-34.84450541860508,34.84450541860508,0.010956090000036056,pricing_mc_v1
49,long_stable_no_break,long,stable,False,none,bornhuetter_ferguson_standard,gross,success,604780896.4224415,681615342.377451,-76834445.95500946,76834445.95500946,-11.272405589788157,11.272405589788157,0.011199420998309506,pricing_mc_v1
49,long_stable_no_break,long,stable,False,none,bornhuetter_ferguson_break_aware,gross,success,604780896.4224415,681615342.377451,-76834445.95500946,76834445.95500946,-11.272405589788157,11.272405589788157,0.011064283000450814,pricing_mc_v1
50,long_stable_no_break,long,stable,False,none,bornhuetter_ferguson_standard,ceded,success,193137076.04509047,338468329.66566014,-145331253.62056968,145331253.62056968,-42.937917932861914,42.937917932861914,0.010911649000263424,pricing_mc_v1
50,long_stable_no_break,long,stable,False,none,bornhuetter_ferguson_break_aware,ceded,success,193137076.04509047,338468329.66566014,-145331253.62056968,145331253.62056968,-42.937917932861914,42.937917932861914,0.012304963998758467,pricing_mc_v1
50,long_stable_no_break,long,stable,False,none,bornhuetter_ferguson_standard,gross,success,604780896.4224415,777888626.3469107,-173107729.92446923,173107729.92446923,-22.253536568263094,22.253536568263094,0.010966462001306354,pricing_mc_v1
50,long_stable_no_break,long,stable,False,none,bornhuetter_ferguson_break_aware,gross,success,604780896.4224415,777888626.3469107,-173107729.92446923,173107729.92446923,-22.253536568263094,22.253536568263094,0.010384827000962105,pricing_mc_v1
1,short_emerging_no_break,short,emerging,False,none,bornhuetter_ferguson_standard,ceded,success,30516608.13167624,70592445.43832305,-40075837.30664681,40075837.30664681,-56.77071683493563,56.77071683493563,0.011494375999973272,pricing_mc_v1
1,short_emerging_no_break,short,emerging,False,none,bornhuetter_ferguson_break_aware,ceded,success,30516608.13167624,70592445.43832305,-40075837.30664681,40075837.30664681,-56.77071683493563,56.77071683493563,0.010843295000086073,pricing_mc_v1
1,short_emerging_no_break,short,emerging,False,none,bornhuetter_ferguson_standard,gross,success,95850062.6972946,152925951.09167618,-57075888.39438158,57075888.39438158,-37.32256558611539,37.32256558611539,0.01068139399831125,pricing_mc_v1
1,short_emerging_no_break,short,emerging,False,none,bornhuetter_ferguson_break_aware,gross,success,95850062.6972946,152925951.09167618,-57075888.39438158,57075888.39438158,-37.32256558611539,37.32256558611539,0.010765850998723181,pricing_mc_v1
2,short_emerging_no_break,short,emerging,False,none,bornhuetter_ferguson_standard,ceded,success,30516608.13167624,67858248.2673998,-37341640.13572356,37341640.13572356,-55.028889028458885,55.028889028458885,0.01298834900080692,pricing_mc_v1
2,short_emerging_no_break,short,emerging,False,none,bornhuetter_ferguson_break_aware,ceded,success,30516608.13167624,67858248.2673998,-37341640.13572356,37341640.13572356,-55.028889028458885,55.028889028458885,0.012218070000017178,pricing_mc_v1
2,short_emerging_no_break,short,emerging,False,none,bornhuetter_ferguson_standard,gross,success,95850062.6972946,118893676.42537048,-23043613.72807589,23043613.72807589,-19.381698355118456,19.381698355118456,0.011791857001298922,pricing_mc_v1
2,short_emerging_no_break,short,emerging,False,none,bornhuetter_ferguson_break_aware,gross,success,95850062.6972946,118893676.42537048,-23043613.72807589,23043613.72807589,-19.381698355118456,19.381698355118456,0.012295211001401185,pricing_mc_v1
3,short_emerging_no_break,short,emerging,False,none,bornhuetter_ferguson_standard,ceded,success,30516608.13167624,66381607.12761541,-35864998.995939165,35864998.995939165,-54.028518663295465,54.028518663295465,0.010634090000166907,pricing_mc_v1
3,short_emerging_no_break,short,emerging,False,none,bornhuetter_ferguson_break_aware,ceded,success,30516608.13167624,66381607.12761541,-35864998.995939165,35864998.995939165,-54.028518663295465,54.028518663295465,0.01059893199999351,pricing_mc_v1
3,short_emerging_no_break,short,emerging,False,none,bornhuetter_ferguson_standard,gross,success,95850062.6972946,105837545.20554811,-9987482.508253515,9987482.508253515,-9.436615795327386,9.436615795327386,0.010954610999760916,pricing_mc_v1
3,short_emerging_no_break,short,emerging,False,none,bornhuetter_ferguson_break_aware,gross,success,95850062.6972946,105837545.20554811,-9987482.508253515,9987482.508253515,-9.436615795327386,9.436615795327386,0.013829215000441764,pricing_mc_v1
4,short_emerging_no_break,short,emerging,False,none,bornhuetter_ferguson_standard,ceded,success,30516608.13167624,60023663.95776619,-29507055.82608995,29507055.82608995,-49.15903808679804,49.15903808679804,0.011523534998559626,pricing_mc_v1
4,short_emerging_no_break,short,emerging,False,none,bornhuetter_ferguson_break_aware,ceded,success,30516608.13167624,60023663.95776619,-29507055.82608995,29507055.82608995,-49.15903808679804,49.15903808679804,0.010920024000370177,pricing_mc_v1
4,short_emerging_no_break,short,emerging,False,none,bornhuetter_ferguson_standard,gross,success,95850062.6972946,118619275.39226888,-22769212.69497429,22769212.69497429,-19.195204674516408,19.195204674516408,0.010955039999316796,pricing_mc_v1
4,short_emerging_no_break,short,emerging,False,none,bornhuetter_ferguson_break_aware,gross,success,95850062.6972946,118619275.39226888,-22769212.69497429,22769212.69497429,-19.195204674516408,19.195204674516408,0.011264299999311334,pricing_mc_v1
5,short_emerging_no_break,short,emerging,False,none,bornhuetter_ferguson_standard,ceded,success,30516608.13167624,62322952.05797233,-31806343.926296085,31806343.926296085,-51.034719755749165,51.034719755749165,0.012050916000589496,pricing_mc_v1
5,short_emerging_no_break,short,emerging,False,none,bornhuetter_ferguson_break_aware,ceded,success,30516608.13167624,62322952.05797233,-31806343.926296085,31806343.926296085,-51.034719755749165,51.034719755749165,0.010845998000149848,pricing_mc_v1
5,short_emerging_no_break,short,emerging,False,none,bornhuetter_ferguson_standard,gross,success,95850062.6972946,94343144.76947823,1506917.9278163612,1506917.9278163612,1.5972733699925141,1.5972733699925141,0.011213773999770638,pricing_mc_v1
5,short_emerging_no_break,short,emerging,False,none,bornhuetter_ferguson_break_aware,gross,success,95850062.6972946,94343144.76947823,1506917.9278163612,1506917.9278163612,1.5972733699925141,1.5972733699925141,0.010699040998588316,pricing_mc_v1
6,short_emerging_no_break,short,emerging,False,none,bornhuetter_ferguson_standard,ceded,success,30516608.13167624,62762448.953828216,-32245840.822151974,32245840.822151974,-51.37760135184325,51.37760135184325,0.010755073999462184,pricing_mc_v1
6,short_emerging_no_break,short,emerging,False,none,bornhuetter_ferguson_break_aware,ceded,success,30516608.13167624,62762448.953828216,-32245840.822151974,32245840.822151974,-51.37760135184325,51.37760135184325,0.014917135000359849,pricing_mc_v1
6,short_emerging_no_break,short,emerging,False,none,bornhuetter_ferguson_standard,gross,success,95850062.6972946,105414835.86606228,-9564773.16876769,9564773.16876769,-9.073460191998473,9.073460191998473,0.011559049000425148,pricing_mc_v1
6,short_emerging_no_break,short,emerging,False,none,bornhuetter_ferguson_break_aware,gross,success,95850062.6972946,105414835.86606228,-9564773.16876769,9564773.16876769,-9.073460191998473,9.073460191998473,0.013088079000226571,pricing_mc_v1
7,short_emerging_no_break,short,emerging,False,none,bornhuetter_ferguson_standard,ceded,success,30516608.13167624,61732257.43945293,-31215649.30777669,31215649.30777669,-50.566187925968904,50.566187925968904,0.01173627500065777,pricing_mc_v1
7,short_emerging_no_break,short,emerging,False,none,bornhuetter_ferguson_break_aware,ceded,success,30516608.13167624,61732257.43945293,-31215649.30777669,31215649.30777669,-50.566187925968904,50.566187925968904,0.010459791001267149,pricing_mc_v1
7,short_emerging_no_break,short,emerging,False,none,bornhuetter_ferguson_standard,gross,success,95850062.6972946,116296811.42343572,-20446748.726141125,20446748.726141125,-17.581521346870538,17.581521346870538,0.011849579999761772,pricing_mc_v1
7,short_emerging_no_break,short,emerging,False,none,bornhuetter_ferguson_break_aware,gross,success,95850062.6972946,116296811.42343572,-20446748.726141125,20446748.726141125,-17.581521346870538,17.581521346870538,0.011484817001473857,pricing_mc_v1
8,short_emerging_no_break,short,emerging,False,none,bornhuetter_ferguson_standard,ceded,success,30516608.13167624,70156507.17509204,-39639899.0434158,39639899.0434158,-56.502098863737785,56.502098863737785,0.011696141998982057,pricing_mc_v1
8,short_emerging_no_break,short,emerging,False,none,bornhuetter_ferguson_break_aware,ceded,success,30516608.13167624,70156507.17509204,-39639899.0434158,39639899.0434158,-56.502098863737785,56.502098863737785,0.011132316998555325,pricing_mc_v1
8,short_emerging_no_break,short,emerging,False,none,bornhuetter_ferguson_standard,gross,success,95850062.6972946,134796993.40754396,-38946930.710249364,38946930.710249364,-28.89302626542833,28.89302626542833,0.011283735999313649,pricing_mc_v1
8,short_emerging_no_break,short,emerging,False,none,bornhuetter_ferguson_break_aware,gross,success,95850062.6972946,134796993.40754396,-38946930.710249364,38946930.710249364,-28.89302626542833,28.89302626542833,0.013290568000229541,pricing_mc_v1
9,short_emerging_no_break,short,emerging,False,none,bornhuetter_ferguson_standard,ceded,success,30516608.13167624,68771597.47423375,-38254989.342557505,38254989.342557505,-55.62614618177261,55.62614618177261,0.010861398999622907,pricing_mc_v1
9,short_emerging_no_break,short,emerging,False,none,bornhuetter_ferguson_break_aware,ceded,success,30516608.13167624,68771597.47423375,-38254989.342557505,38254989.342557505,-55.62614618177261,55.62614618177261,0.011427348999859532,pricing_mc_v1
9,short_emerging_no_break,short,emerging,False,none,bornhuetter_ferguson_standard,gross,success,95850062.6972946,118490387.03138334,-22640324.334088743,22640324.334088743,-19.107308956710753,19.107308956710753,0.011151144999530516,pricing_mc_v1
9,short_emerging_no_break,short,emerging,False,none,bornhuetter_ferguson_break_aware,gross,success,95850062.6972946,118490387.03138334,-22640324.334088743,22640324.334088743,-19.107308956710753,19.107308956710753,0.011231681000936078,pricing_mc_v1
10,short_emerging_no_break,short,emerging,False,none,bornhuetter_ferguson_standard,ceded,success,30516608.13167624,80456561.16601819,-49939953.034341946,49939953.034341946,-62.07070288685753,62.07070288685753,0.011829465000118944,pricing_mc_v1
10,short_emerging_no_break,short,emerging,False,none,bornhuetter_ferguson_break_aware,ceded,success,30516608.13167624,80456561.16601819,-49939953.034341946,49939953.034341946,-62.07070288685753,62.07070288685753,0.01248019099875819,pricing_mc_v1
10,short_emerging_no_break,short,emerging,False,none,bornhuetter_ferguson_standard,gross,success,95850062.6972946,149574476.9510759,-53724414.25378132,53724414.25378132,-35.91816956268144,35.91816956268144,0.010598826000205008,pricing_mc_v1
10,short_emerging_no_break,short,emerging,False,none,bornhuetter_ferguson_break_aware,gross,success,95850062.6972946,149574476.9510759,-53724414.25378132,53724414.25378132,-35.91816956268144,35.91816956268144,0.010489227999642026,pricing_mc_v1
11,short_emerging_no_break,short,emerging,False,none,bornhuetter_ferguson_standard,ceded,success,30516608.13167624,86640847.87304908,-56124239.74137284,56124239.74137284,-64.77803613326725,64.77803613326725,0.013376912000239827,pricing_mc_v1
11,short_emerging_no_break,short,emerging,False,none,bornhuetter_ferguson_break_aware,ceded,success,30516608.13167624,86640847.87304908,-56124239.74137284,56124239.74137284,-64.77803613326725,64.77803613326725,0.012967542999831494,pricing_mc_v1
11,short_emerging_no_break,short,emerging,False,none,bornhuetter_ferguson_standard,gross,success,95850062.6972946,133653943.3229092,-37803880.62561461,37803880.62561461,-28.284897314462377,28.284897314462377,0.011226689999602968,pricing_mc_v1
11,short_emerging_no_break,short,emerging,False,none,bornhuetter_ferguson_break_aware,gross,success,95850062.6972946,133653943.3229092,-37803880.62561461,37803880.62561461,-28.284897314462377,28.284897314462377,0.01137198700052977,pricing_mc_v1
12,short_emerging_no_break,short,emerging,False,none,bornhuetter_ferguson_standard,ceded,success,30516608.13167624,69825296.35659845,-39308688.22492221,39308688.22492221,-56.2957699802266,56.2957699802266,0.010839112999747158,pricing_mc_v1
12,short_emerging_no_break,short,emerging,False,none,bornhuetter_ferguson_break_aware,ceded,success,30516608.13167624,69825296.35659845,-39308688.22492221,39308688.22492221,-56.2957699802266,56.2957699802266,0.010648500001479988,pricing_mc_v1
12,short_emerging_no_break,short,emerging,False,none,bornhuetter_ferguson_standard,gross,success,95850062.6972946,126808863.19714352,-30958800.499848932,30958800.499848932,-24.413751309889754,24.413751309889754,0.013123460999850067,pricing_mc_v1
12,short_emerging_no_break,short,emerging,False,none,bornhuetter_ferguson_break_aware,gross,success,95850062.6972946,126808863.19714352,-30958800.499848932,30958800.499848932,-24.413751309889754,24.413751309889754,0.010795363001307123,pricing_mc_v1
13,short_emerging_no_break,short,emerging,False,none,bornhuetter_ferguson_standard,ceded,success,30516608.13167624,71131128.73172837,-40614520.60005213,40614520.60005213,-57.09809660581955,57.09809660581955,0.010629557000356726,pricing_mc_v1
13,short_emerging_no_break,short,emerging,False,none,bornhuetter_ferguson_break_aware,ceded,success,30516608.13167624,71131128.73172837,-40614520.60005213,40614520.60005213,-57.09809660581955,57.09809660581955,0.010960945999613614,pricing_mc_v1
13,short_emerging_no_break,short,emerging,False,none,bornhuetter_ferguson_standard,gross,success,95850062.6972946,132458414.43206945,-36608351.73477486,36608351.73477486,-27.637618864560125,27.637618864560125,0.0112269870005548,pricing_mc_v1
13,short_emerging_no_break,short,emerging,False,none,bornhuetter_ferguson_break_aware,gross,success,95850062.6972946,132458414.43206945,-36608351.73477486,36608351.73477486,-27.637618864560125,27.637618864560125,0.01090017199931026,pricing_mc_v1
14,short_emerging_no_break,short,emerging,False,none,bornhuetter_ferguson_standard,ceded,success,30516608.13167624,69250427.68212922,-38733819.55045298,38733819.55045298,-55.93296799298849,55.93296799298849,0.011221917000511894,pricing_mc_v1
14,short_emerging_no_break,short,emerging,False,none,bornhuetter_ferguson_break_aware,ceded,success,30516608.13167624,69250427.68212922,-38733819.55045298,38733819.55045298,-55.93296799298849,55.93296799298849,0.010701381999751902,pricing_mc_v1
14,short_emerging_no_break,short,emerging,False,none,bornhuetter_ferguson_standard,gross,success,95850062.6972946,127655754.61127774,-31805691.91398315,31805691.91398315,-24.915204183966555,24.915204183966555,0.010881120999329141,pricing_mc_v1
14,short_emerging_no_break,short,emerging,False,none,bornhuetter_ferguson_break_aware,gross,success,95850062.6972946,127655754.61127774,-31805691.91398315,31805691.91398315,-24.915204183966555,24.915204183966555,0.011000413000147091,pricing_mc_v1
15,short_emerging_no_break,short,emerging,False,none,bornhuetter_ferguson_standard,ceded,success,30516608.13167624,64784910.56973085,-34268302.43805461,34268302.43805461,-52.89550010441108,52.89550010441108,0.011649333000605111,pricing_mc_v1
15,short_emerging_no_break,short,emerging,False,none,bornhuetter_ferguson_break_aware,ceded,success,30516608.13167624,64784910.56973085,-34268302.43805461,34268302.43805461,-52.89550010441108,52.89550010441108,0.011523307999596,pricing_mc_v1
15,short_emerging_no_break,short,emerging,False,none,bornhuetter_ferguson_standard,gross,success,95850062.6972946,141931759.932108,-46081697.23481342,46081697.23481342,-32.46750216925109,32.46750216925109,0.011273357999016298,pricing_mc_v1
15,short_emerging_no_break,short,emerging,False,none,bornhuetter_ferguson_break_aware,gross,success,95850062.6972946,141931759.932108,-46081697.23481342,46081697.23481342,-32.46750216925109,32.46750216925109,0.01085593800053175,pricing_mc_v1
16,short_emerging_no_break,short,emerging,False,none,bornhuetter_ferguson_standard,ceded,success,30516608.13167624,71969747.70479468,-41453139.57311843,41453139.57311843,-57.598005960991856,57.598005960991856,0.011905819001185591,pricing_mc_v1
16,short_emerging_no_break,short,emerging,False,none,bornhuetter_ferguson_break_aware,ceded,success,30516608.13167624,71969747.70479468,-41453139.57311843,41453139.57311843,-57.598005960991856,57.598005960991856,0.011065901000620215,pricing_mc_v1
16,short_emerging_no_break,short,emerging,False,none,bornhuetter_ferguson_standard,gross,success,95850062.6972946,136717365.7914075,-40867303.0941129,40867303.0941129,-29.891815759868418,29.891815759868418,0.015826880999156856,pricing_mc_v1
16,short_emerging_no_break,short,emerging,False,none,bornhuetter_ferguson_break_aware,gross,success,95850062.6972946,136717365.7914075,-40867303.0941129,40867303.0941129,-29.891815759868418,29.891815759868418,0.012881902999652084,pricing_mc_v1
17,short_emerging_no_break,short,emerging,False,none,bornhuetter_ferguson_standard,ceded,success,30516608.13167624,75324245.91706921,-44807637.78539297,44807637.78539297,-59.48634100462879,59.48634100462879,0.011772197000027518,pricing_mc_v1
17,short_emerging_no_break,short,emerging,False,none,bornhuetter_ferguson_break_aware,ceded,success,30516608.13167624,75324245.91706921,-44807637.78539297,44807637.78539297,-59.48634100462879,59.48634100462879,0.011591439999392605,pricing_mc_v1
17,short_emerging_no_break,short,emerging,False,none,bornhuetter_ferguson_standard,gross,success,95850062.6972946,141369076.47240233,-45519013.77510774,45519013.77510774,-32.19870633023046,32.19870633023046,0.014369866999913938,pricing_mc_v1
17,short_emerging_no_break,short,emerging,False,none,bornhuetter_ferguson_break_aware,gross,success,95850062.6972946,141369076.47240233,-45519013.77510774,45519013.77510774,-32.19870633023046,32.19870633023046,0.1440420940016338,pricing_mc_v1
18,short_emerging_no_break,short,emerging,False,none,bornhuetter_ferguson_standard,ceded,success,30516608.13167624,60457798.2975311,-29941190.165854856,29941190.165854856,-49.524116009824255,49.524116009824255,0.012280476999876555,pricing_mc_v1
18,short_emerging_no_break,short,emerging,False,none,bornhuetter_ferguson_break_aware,ceded,success,30516608.13167624,60457798.2975311,-29941190.165854856,29941190.165854856,-49.524116009824255,49.524116009824255,0.011288809999314253,pricing_mc_v1
18,short_emerging_no_break,short,emerging,False,none,bornhuetter_ferguson_standard,gross,success,95850062.6972946,104232568.99276167,-8382506.295467079,8382506.295467079,-8.042118098469965,8.042118098469965,0.011290104999716277,pricing_mc_v1
18,short_emerging_no_break,short,emerging,False,none,bornhuetter_ferguson_break_aware,gross,success,95850062.6972946,104232568.99276167,-8382506.295467079,8382506.295467079,-8.042118098469965,8.042118098469965,0.011808434001068235,pricing_mc_v1
19,short_emerging_no_break,short,emerging,False,none,bornhuetter_ferguson_standard,ceded,success,30516608.13167624,60771227.54762366,-30254619.415947415,30254619.415947415,-49.78444674700415,49.78444674700415,0.011723931000233279,pricing_mc_v1
19,short_emerging_no_break,short,emerging,False,none,bornhuetter_ferguson_break_aware,ceded,success,30516608.13167624,60771227.54762366,-30254619.415947415,30254619.415947415,-49.78444674700415,49.78444674700415,0.010978046999298385,pricing_mc_v1
19,short_emerging_no_break,short,emerging,False,none,bornhuetter_ferguson_standard,gross,success,95850062.6972946,115546911.83594021,-19696849.13864562,19696849.13864562,-17.046625327912075,17.046625327912075,0.011548594999112538,pricing_mc_v1
19,short_emerging_no_break,short,emerging,False,none,bornhuetter_ferguson_break_aware,gross,success,95850062.6972946,115546911.83594021,-19696849.13864562,19696849.13864562,-17.046625327912075,17.046625327912075,0.011184303999471013,pricing_mc_v1
20,short_emerging_no_break,short,emerging,False,none,bornhuetter_ferguson_standard,ceded,success,30516608.13167624,68662957.49297115,-38146349.36129491,38146349.36129491,-55.55593693324359,55.55593693324359,0.011122556999907829,pricing_mc_v1
20,short_emerging_no_break,short,emerging,False,none,bornhuetter_ferguson_break_aware,ceded,success,30516608.13167624,68662957.49297115,-38146349.36129491,38146349.36129491,-55.55593693324359,55.55593693324359,0.01177026999903319,pricing_mc_v1
20,short_emerging_no_break,short,emerging,False,none,bornhuetter_ferguson_standard,gross,success,95850062.6972946,138247098.0627088,-42397035.3654142,42397035.3654142,-30.667577084462874,30.667577084462874,0.011602955999478581,pricing_mc_v1
20,short_emerging_no_break,short,emerging,False,none,bornhuetter_ferguson_break_aware,gross,success,95850062.6972946,138247098.0627088,-42397035.3654142,42397035.3654142,-30.667577084462874,30.667577084462874,0.012651290999201592,pricing_mc_v1
21,short_emerging_no_break,short,emerging,False,none,bornhuetter_ferguson_standard,ceded,success,30516608.13167624,54484522.17886737,-23967914.047191128,23967914.047191128,-43.99031704546624,43.99031704546624,0.011043663000236847,pricing_mc_v1
21,short_emerging_no_break,short,emerging,False,none,bornhuetter_ferguson_break_aware,ceded,success,30516608.13167624,54484522.17886737,-23967914.047191128,23967914.047191128,-43.99031704546624,43.99031704546624,0.010410905999378883,pricing_mc_v1
21,short_emerging_no_break,short,emerging,False,none,bornhuetter_ferguson_standard,gross,success,95850062.6972946,111040279.69460359,-15190216.997309,15190216.997309,-13.679916008035075,13.679916008035075,0.011158011999214068,pricing_mc_v1
21,short_emerging_no_break,short,emerging,False,none,bornhuetter_ferguson_break_aware,gross,success,95850062.6972946,111040279.69460359,-15190216.997309,15190216.997309,-13.679916008035075,13.679916008035075,0.011375535001207027,pricing_mc_v1
22,short_emerging_no_break,short,emerging,False,none,bornhuetter_ferguson_standard,ceded,success,30516608.13167624,70899698.54095286,-40383090.40927662,40383090.40927662,-56.95805657897215,56.95805657897215,0.01644480399954773,pricing_mc_v1
22,short_emerging_no_break,short,emerging,False,none,bornhuetter_ferguson_break_aware,ceded,success,30516608.13167624,70899698.54095286,-40383090.40927662,40383090.40927662,-56.95805657897215,56.95805657897215,0.010920259999693371,pricing_mc_v1
22,short_emerging_no_break,short,emerging,False,none,bornhuetter_ferguson_standard,gross,success,95850062.6972946,119820365.71170437,-23970303.01440978,23970303.01440978,-20.005199343226757,20.005199343226757,0.011068514999351464,pricing_mc_v1
22,short_emerging_no_break,short,emerging,False,none,bornhuetter_ferguson_break_aware,gross,success,95850062.6972946,119820365.71170437,-23970303.01440978,23970303.01440978,-20.005199343226757,20.005199343226757,0.011057322999477037,pricing_mc_v1
23,short_emerging_no_break,short,emerging,False,none,bornhuetter_ferguson_standard,ceded,success,30516608.13167624,78387981.19540745,-47871373.06373121,47871373.06373121,-61.06978689041156,61.06978689041156,0.011936357999729807,pricing_mc_v1
23,short_emerging_no_break,short,emerging,False,none,bornhuetter_ferguson_break_aware,ceded,success,30516608.13167624,78387981.19540745,-47871373.06373121,47871373.06373121,-61.06978689041156,61.06978689041156,0.011878581999553717,pricing_mc_v1
23,short_emerging_no_break,short,emerging,False,none,bornhuetter_ferguson_standard,gross,success,95850062.6972946,146496238.93990737,-50646176.24261278,50646176.24261278,-34.571656316301606,34.571656316301606,0.013015201999223791,pricing_mc_v1
23,short_emerging_no_break,short,emerging,False,none,bornhuetter_ferguson_break_aware,gross,success,95850062.6972946,146496238.93990737,-50646176.24261278,50646176.24261278,-34.571656316301606,34.571656316301606,0.01202650800041738,pricing_mc_v1
24,short_emerging_no_break,short,emerging,False,none,bornhuetter_ferguson_standard,ceded,success,30516608.13167624,63769885.24600458,-33253277.11432834,33253277.11432834,-52.145737735056976,52.145737735056976,0.011239466999541037,pricing_mc_v1
24,short_emerging_no_break,short,emerging,False,none,bornhuetter_ferguson_break_aware,ceded,success,30516608.13167624,63769885.24600458,-33253277.11432834,33253277.11432834,-52.145737735056976,52.145737735056976,0.011201491999599966,pricing_mc_v1
24,short_emerging_no_break,short,emerging,False,none,bornhuetter_ferguson_standard,gross,success,95850062.6972946,131514834.12503251,-35664771.42773792,35664771.42773792,-27.11844003379197,27.11844003379197,0.011354666001352598,pricing_mc_v1
24,short_emerging_no_break,short,emerging,False,none,bornhuetter_ferguson_break_aware,gross,success,95850062.6972946,131514834.12503251,-35664771.42773792,35664771.42773792,-27.11844003379197,27.11844003379197,0.012344011000095634,pricing_mc_v1
25,short_emerging_no_break,short,emerging,False,none,bornhuetter_ferguson_standard,ceded,success,30516608.13167624,90963359.60613754,-60446751.4744613,60446751.4744613,-66.45175786843167,66.45175786843167,0.011874222000187729,pricing_mc_v1
25,short_emerging_no_break,short,emerging,False,none,bornhuetter_ferguson_break_aware,ceded,success,30516608.13167624,90963359.60613754,-60446751.4744613,60446751.4744613,-66.45175786843167,66.45175786843167,0.011134643998957472,pricing_mc_v1
25,short_emerging_no_break,short,emerging,False,none,bornhuetter_ferguson_standard,gross,success,95850062.6972946,174792250.52559978,-78942187.82830518,78942187.82830518,-45.163436932087244,45.163436932087244,0.012990469998840126,pricing_mc_v1
25,short_emerging_no_break,short,emerging,False,none,bornhuetter_ferguson_break_aware,gross,success,95850062.6972946,174792250.52559978,-78942187.82830518,78942187.82830518,-45.163436932087244,45.163436932087244,0.011186161000296124,pricing_mc_v1
26,short_emerging_no_break,short,emerging,False,none,bornhuetter_ferguson_standard,ceded,success,30516608.13167624,75377848.32444327,-44861240.192767024,44861240.192767024,-59.515150922953026,59.515150922953026,0.011043919999792706,pricing_mc_v1
26,short_emerging_no_break,short,emerging,False,none,bornhuetter_ferguson_break_aware,ceded,success,30516608.13167624,75377848.32444327,-44861240.192767024,44861240.192767024,-59.515150922953026,59.515150922953026,0.010398076999990735,pricing_mc_v1
26,short_emerging_no_break,short,emerging,False,none,bornhuetter_ferguson_standard,gross,success,95850062.6972946,129397270.0917339,-33547207.39443931,33547207.39443931,-25.925745860524422,25.925745860524422,0.01142704700032482,pricing_mc_v1
26,short_emerging_no_break,short,emerging,False,none,bornhuetter_ferguson_break_aware,gross,success,95850062.6972946,129397270.0917339,-33547207.39443931,33547207.39443931,-25.925745860524422,25.925745860524422,0.012288699001146597,pricing_mc_v1
27,short_emerging_no_break,short,emerging,False,none,bornhuetter_ferguson_standard,ceded,success,30516608.13167624,87100520.20406541,-56583912.07238917,56583912.07238917,-64.96391977891783,64.96391977891783,0.005858532998900046,pricing_mc_v1
27,short_emerging_no_break,short,emerging,False,none,bornhuetter_ferguson_break_aware,ceded,success,30516608.13167624,87100520.20406541,-56583912.07238917,56583912.07238917,-64.96391977891783,64.96391977891783,0.00506406699969375,pricing_mc_v1
27,short_emerging_no_break,short,emerging,False,none,bornhuetter_ferguson_standard,gross,success,95850062.6972946,175476418.08967453,-79626355.39237994,79626355.39237994,-45.37724000708067,45.37724000708067,0.00516831499953696,pricing_mc_v1
27,short_emerging_no_break,short,emerging,False,none,bornhuetter_ferguson_break_aware,gross,success,95850062.6972946,175476418.08967453,-79626355.39237994,79626355.39237994,-45.37724000708067,45.37724000708067,0.006030160999216605,pricing_mc_v1
28,short_emerging_no_break,short,emerging,False,none,bornhuetter_ferguson_standard,ceded,success,30516608.13167624,77732209.13579196,-47215601.004115716,47215601.004115716,-60.74136002185894,60.74136002185894,0.005266362000838853,pricing_mc_v1
28,short_emerging_no_break,short,emerging,False,none,bornhuetter_ferguson_break_aware,ceded,success,30516608.13167624,77732209.13579196,-47215601.004115716,47215601.004115716,-60.74136002185894,60.74136002185894,0.00499169599970628,pricing_mc_v1
28,short_emerging_no_break,short,emerging,False,none,bornhuetter_ferguson_standard,gross,success,95850062.6972946,144554464.3427375,-48704401.6454429,48704401.6454429,-33.692768927540804,33.692768927540804,0.005853598000612692,pricing_mc_v1
28,short_emerging_no_break,short,emerging,False,none,bornhuetter_ferguson_break_aware,gross,success,95850062.6972946,144554464.3427375,-48704401.6454429,48704401.6454429,-33.692768927540804,33.692768927540804,0.005230781000136631,pricing_mc_v1
29,short_emerging_no_break,short,emerging,False,none,bornhuetter_ferguson_standard,ceded,success,30516608.13167624,71148516.3041015,-40631908.172425255,40631908.172425255,-57.1085811526374,57.1085811526374,0.0061256749995663995,pricing_mc_v1
29,short_emerging_no_break,short,emerging,False,none,bornhuetter_ferguson_break_aware,ceded,success,30516608.13167624,71148516.3041015,-40631908.172425255,40631908.172425255,-57.1085811526374,57.1085811526374,0.004969052000888041,pricing_mc_v1
29,short_emerging_no_break,short,emerging,False,none,bornhuetter_ferguson_standard,gross,success,95850062.6972946,117659817.94940495,-21809755.252110362,21809755.252110362,-18.536281656910944,18.536281656910944,0.005041415000960114,pricing_mc_v1
29,short_emerging_no_break,short,emerging,False,none,bornhuetter_ferguson_break_aware,gross,success,95850062.6972946,117659817.94940495,-21809755.252110362,21809755.252110362,-18.536281656910944,18.536281656910944,0.005234251000729273,pricing_mc_v1
30,short_emerging_no_break,short,emerging,False,none,bornhuetter_ferguson_standard,ceded,success,30516608.13167624,77296777.61764812,-46780169.48597188,46780169.48597188,-60.52020656976417,60.52020656976417,0.005322703998899669,pricing_mc_v1
30,short_emerging_no_break,short,emerging,False,none,bornhuetter_ferguson_break_aware,ceded,success,30516608.13167624,77296777.61764812,-46780169.48597188,46780169.48597188,-60.52020656976417,60.52020656976417,0.00541296299888927,pricing_mc_v1
30,short_emerging_no_break,short,emerging,False,none,bornhuetter_ferguson_standard,gross,success,95850062.6972946,133967662.78688279,-38117600.089588195,38117600.089588195,-28.452836525353202,28.452836525353202,0.005329485000402201,pricing_mc_v1
30,short_emerging_no_break,short,emerging,False,none,bornhuetter_ferguson_break_aware,gross,success,95850062.6972946,133967662.78688279,-38117600.089588195,38117600.089588195,-28.452836525353202,28.452836525353202,0.005250162999800523,pricing_mc_v1
31,short_emerging_no_break,short,emerging,False,none,bornhuetter_ferguson_standard,ceded,success,30516608.13167624,73102486.68446147,-42585878.55278523,42585878.55278523,-58.255034109307815,58.255034109307815,0.00514834699970379,pricing_mc_v1
31,short_emerging_no_break,short,emerging,False,none,bornhuetter_ferguson_break_aware,ceded,success,30516608.13167624,73102486.68446147,-42585878.55278523,42585878.55278523,-58.255034109307815,58.255034109307815,0.005179286999918986,pricing_mc_v1
31,short_emerging_no_break,short,emerging,False,none,bornhuetter_ferguson_standard,gross,success,95850062.6972946,135553905.77080107,-39703843.073506474,39703843.073506474,-29.29007677627454,29.29007677627454,0.006891928000186454,pricing_mc_v1
31,short_emerging_no_break,short,emerging,False,none,bornhuetter_ferguson_break_aware,gross,success,95850062.6972946,135553905.77080107,-39703843.073506474,39703843.073506474,-29.29007677627454,29.29007677627454,0.0067902199989475776,pricing_mc_v1
32,short_emerging_no_break,short,emerging,False,none,bornhuetter_ferguson_standard,ceded,success,30516608.13167624,59611145.25632675,-29094537.12465051,29094537.12465051,-48.80721046298401,48.80721046298401,0.0051205119998485316,pricing_mc_v1
32,short_emerging_no_break,short,emerging,False,none,bornhuetter_ferguson_break_aware,ceded,success,30516608.13167624,59611145.25632675,-29094537.12465051,29094537.12465051,-48.80721046298401,48.80721046298401,0.004943788999298704,pricing_mc_v1
32,short_emerging_no_break,short,emerging,False,none,bornhuetter_ferguson_standard,gross,success,95850062.6972946,122719052.61469321,-26868989.917398617,26868989.917398617,-21.894717523415412,21.894717523415412,0.005228387999522965,pricing_mc_v1
32,short_emerging_no_break,short,emerging,False,none,bornhuetter_ferguson_break_aware,gross,success,95850062.6972946,122719052.61469321,-26868989.917398617,26868989.917398617,-21.894717523415412,21.894717523415412,0.005170166999960202,pricing_mc_v1
33,short_emerging_no_break,short,emerging,False,none,bornhuetter_ferguson_standard,ceded,success,30516608.13167624,64851470.02798016,-34334861.89630392,34334861.89630392,-52.943845191928794,52.943845191928794,0.005118103001223062,pricing_mc_v1
33,short_emerging_no_break,short,emerging,False,none,bornhuetter_ferguson_break_aware,ceded,success,30516608.13167624,64851470.02798016,-34334861.89630392,34334861.89630392,-52.943845191928794,52.943845191928794,0.004990145998817752,pricing_mc_v1
33,short_emerging_no_break,short,emerging,False,none,bornhuetter_ferguson_standard,gross,success,95850062.6972946,130967825.68861759,-35117762.991322994,35117762.991322994,-26.814038338558962,26.814038338558962,0.005433042999356985,pricing_mc_v1
33,short_emerging_no_break,short,emerging,False,none,bornhuetter_ferguson_break_aware,gross,success,95850062.6972946,130967825.68861759,-35117762.991322994,35117762.991322994,-26.814038338558962,26.814038338558962,0.00517934599884029,pricing_mc_v1
34,short_emerging_no_break,short,emerging,False,none,bornhuetter_ferguson_standard,ceded,success,30516608.13167624,77147866.95155402,-46631258.81987777,46631258.81987777,-60.44400274755551,60.44400274755551,0.005034839001382352,pricing_mc_v1
34,short_emerging_no_break,short,emerging,False,none,bornhuetter_ferguson_break_aware,ceded,success,30516608.13167624,77147866.95155402,-46631258.81987777,46631258.81987777,-60.44400274755551,60.44400274755551,0.0052328849997138605,pricing_mc_v1
34,short_emerging_no_break,short,emerging,False,none,bornhuetter_ferguson_standard,gross,success,95850062.6972946,124349171.90954629,-28499109.212251693,28499109.212251693,-22.918616002511406,22.918616002511406,0.005123226999785402,pricing_mc_v1
34,short_emerging_no_break,short,emerging,False,none,bornhuetter_ferguson_break_aware,gross,success,95850062.6972946,124349171.90954629,-28499109.212251693,28499109.212251693,-22.918616002511406,22.918616002511406,0.005412020000221673,pricing_mc_v1
35,short_emerging_no_break,short,emerging,False,none,bornhuetter_ferguson_standard,ceded,success,30516608.13167624,67301150.01232633,-36784541.88065009,36784541.88065009,-54.656631980156256,54.656631980156256,0.005095075001008809,pricing_mc_v1
35,short_emerging_no_break,short,emerging,False,none,bornhuetter_ferguson_break_aware,ceded,success,30516608.13167624,67301150.01232633,-36784541.88065009,36784541.88065009,-54.656631980156256,54.656631980156256,0.005135515999427298,pricing_mc_v1
35,short_emerging_no_break,short,emerging,False,none,bornhuetter_ferguson_standard,gross,success,95850062.6972946,123658034.22795688,-27807971.530662283,27807971.530662283,-22.48780008858931,22.48780008858931,0.005635347000861657,pricing_mc_v1
35,short_emerging_no_break,short,emerging,False,none,bornhuetter_ferguson_break_aware,gross,success,95850062.6972946,123658034.22795688,-27807971.530662283,27807971.530662283,-22.48780008858931,22.48780008858931,0.004985366000255453,pricing_mc_v1
36,short_emerging_no_break,short,emerging,False,none,bornhuetter_ferguson_standard,ceded,success,30516608.13167624,65429549.88102794,-34912941.749351695,34912941.749351695,-53.35959335320923,53.35959335320923,0.005243412999334396,pricing_mc_v1
36,short_emerging_no_break,short,emerging,False,none,bornhuetter_ferguson_break_aware,ceded,success,30516608.13167624,65429549.88102794,-34912941.749351695,34912941.749351695,-53.35959335320923,53.35959335320923,0.006650299999819254,pricing_mc_v1
36,short_emerging_no_break,short,emerging,False,none,bornhuetter_ferguson_standard,gross,success,95850062.6972946,119940823.62801841,-24090760.930723816,24090760.930723816,-20.085539020007335,20.085539020007335,0.005708278000383871,pricing_mc_v1
36,short_emerging_no_break,short,emerging,False,none,bornhuetter_ferguson_break_aware,gross,success,95850062.6972946,119940823.62801841,-24090760.930723816,24090760.930723816,-20.085539020007335,20.085539020007335,0.005268049000733299,pricing_mc_v1
37,short_emerging_no_break,short,emerging,False,none,bornhuetter_ferguson_standard,ceded,success,30516608.13167624,55556780.25223562,-25040172.12055938,25040172.12055938,-45.07131624056229,45.07131624056229,0.005238245999862556,pricing_mc_v1
37,short_emerging_no_break,short,emerging,False,none,bornhuetter_ferguson_break_aware,ceded,success,30516608.13167624,55556780.25223562,-25040172.12055938,25040172.12055938,-45.07131624056229,45.07131624056229,0.004990211000404088,pricing_mc_v1
37,short_emerging_no_break,short,emerging,False,none,bornhuetter_ferguson_standard,gross,success,95850062.6972946,93165068.26747675,2684994.4298178405,2684994.4298178405,2.8819754868951803,2.8819754868951803,0.005649401999107795,pricing_mc_v1
37,short_emerging_no_break,short,emerging,False,none,bornhuetter_ferguson_break_aware,gross,success,95850062.6972946,93165068.26747675,2684994.4298178405,2684994.4298178405,2.8819754868951803,2.8819754868951803,0.005050991998359677,pricing_mc_v1
38,short_emerging_no_break,short,emerging,False,none,bornhuetter_ferguson_standard,ceded,success,30516608.13167624,55946590.89043021,-25429982.75875397,25429982.75875397,-45.45403456049335,45.45403456049335,0.005305253000187804,pricing_mc_v1
38,short_emerging_no_break,short,emerging,False,none,bornhuetter_ferguson_break_aware,ceded,success,30516608.13167624,55946590.89043021,-25429982.75875397,25429982.75875397,-45.45403456049335,45.45403456049335,0.005410034000306041,pricing_mc_v1
38,short_emerging_no_break,short,emerging,False,none,bornhuetter_ferguson_standard,gross,success,95850062.6972946,112646768.9247545,-16796706.227459908,16796706.227459908,-14.910952518025375,14.910952518025375,0.0050436790006642696,pricing_mc_v1
38,short_emerging_no_break,short,emerging,False,none,bornhuetter_ferguson_break_aware,gross,success,95850062.6972946,112646768.9247545,-16796706.227459908,16796706.227459908,-14.910952518025375,14.910952518025375,0.006518823000078555,pricing_mc_v1
39,short_emerging_no_break,short,emerging,False,none,bornhuetter_ferguson_standard,ceded,success,30516608.13167624,77381440.70153117,-46864832.56985493,46864832.56985493,-60.56340143706784,60.56340143706784,0.0052747469999303576,pricing_mc_v1
39,short_emerging_no_break,short,emerging,False,none,bornhuetter_ferguson_break_aware,ceded,success,30516608.13167624,77381440.70153117,-46864832.56985493,46864832.56985493,-60.56340143706784,60.56340143706784,0.005053954000686645,pricing_mc_v1
39,short_emerging_no_break,short,emerging,False,none,bornhuetter_ferguson_standard,gross,success,95850062.6972946,148125613.36085498,-52275550.66356039,52275550.66356039,-35.291364860856135,35.291364860856135,0.005516550998436287,pricing_mc_v1
39,short_emerging_no_break,short,emerging,False,none,bornhuetter_ferguson_break_aware,gross,success,95850062.6972946,148125613.36085498,-52275550.66356039,52275550.66356039,-35.291364860856135,35.291364860856135,0.00498676700044598,pricing_mc_v1
40,short_emerging_no_break,short,emerging,False,none,bornhuetter_ferguson_standard,ceded,success,30516608.13167624,49403368.69014619,-18886760.55846995,18886760.55846995,-38.22970185884719,38.22970185884719,0.007493379000152345,pricing_mc_v1
40,short_emerging_no_break,short,emerging,False,none,bornhuetter_ferguson_break_aware,ceded,success,30516608.13167624,49403368.69014619,-18886760.55846995,18886760.55846995,-38.22970185884719,38.22970185884719,0.00531422600033693,pricing_mc_v1
40,short_emerging_no_break,short,emerging,False,none,bornhuetter_ferguson_standard,gross,success,95850062.6972946,97745686.8126559,-1895624.115361303,1895624.115361303,-1.9393429799051367,1.9393429799051367,0.005163802999959444,pricing_mc_v1
40,short_emerging_no_break,short,emerging,False,none,bornhuetter_ferguson_break_aware,gross,success,95850062.6972946,97745686.8126559,-1895624.115361303,1895624.115361303,-1.9393429799051367,1.9393429799051367,0.0053067799999553245,pricing_mc_v1
41,short_emerging_no_break,short,emerging,False,none,bornhuetter_ferguson_standard,ceded,success,30516608.13167624,74295111.45766601,-43778503.32598977,43778503.32598977,-58.92514657701959,58.92514657701959,0.005728027999793994,pricing_mc_v1
41,short_emerging_no_break,short,emerging,False,none,bornhuetter_ferguson_break_aware,ceded,success,30516608.13167624,74295111.45766601,-43778503.32598977,43778503.32598977,-58.92514657701959,58.92514657701959,0.004912807000437169,pricing_mc_v1
41,short_emerging_no_break,short,emerging,False,none,bornhuetter_ferguson_standard,gross,success,95850062.6972946,136938932.24920055,-41088869.55190596,41088869.55190596,-30.005250425885247,30.005250425885247,0.005618041999696288,pricing_mc_v1
41,short_emerging_no_break,short,emerging,False,none,bornhuetter_ferguson_break_aware,gross,success,95850062.6972946,136938932.24920055,-41088869.55190596,41088869.55190596,-30.005250425885247,30.005250425885247,0.0051660019998962525,pricing_mc_v1
42,short_emerging_no_break,short,emerging,False,none,bornhuetter_ferguson_standard,ceded,success,30516608.13167624,81418024.02154228,-50901415.88986604,50901415.88986604,-62.51860874982437,62.51860874982437,0.005052383001384442,pricing_mc_v1
42,short_emerging_no_break,short,emerging,False,none,bornhuetter_ferguson_break_aware,ceded,success,30516608.13167624,81418024.02154228,-50901415.88986604,50901415.88986604,-62.51860874982437,62.51860874982437,0.005418619000920444,pricing_mc_v1
42,short_emerging_no_break,short,emerging,False,none,bornhuetter_ferguson_standard,gross,success,95850062.6972946,138936170.3538267,-43086107.65653211,43086107.65653211,-31.011440395114786,31.011440395114786,0.0053166569996392354,pricing_mc_v1
42,short_emerging_no_break,short,emerging,False,none,bornhuetter_ferguson_break_aware,gross,success,95850062.6972946,138936170.3538267,-43086107.65653211,43086107.65653211,-31.011440395114786,31.011440395114786,0.006456709999838495,pricing_mc_v1
43,short_emerging_no_break,short,emerging,False,none,bornhuetter_ferguson_standard,ceded,success,30516608.13167624,80545010.80252193,-50028402.67084569,50028402.67084569,-62.11235453615367,62.11235453615367,0.005312597999363788,pricing_mc_v1
43,short_emerging_no_break,short,emerging,False,none,bornhuetter_ferguson_break_aware,ceded,success,30516608.13167624,80545010.80252193,-50028402.67084569,50028402.67084569,-62.11235453615367,62.11235453615367,0.005082392999611329,pricing_mc_v1
43,short_emerging_no_break,short,emerging,False,none,bornhuetter_ferguson_standard,gross,success,95850062.6972946,134334242.06847864,-38484179.37118405,38484179.37118405,-28.648078686866924,28.648078686866924,0.005764878998888889,pricing_mc_v1
43,short_emerging_no_break,short,emerging,False,none,bornhuetter_ferguson_break_aware,gross,success,95850062.6972946,134334242.06847864,-38484179.37118405,38484179.37118405,-28.648078686866924,28.648078686866924,0.005004243999792379,pricing_mc_v1
44,short_emerging_no_break,short,emerging,False,none,bornhuetter_ferguson_standard,ceded,success,30516608.13167624,89425856.14450559,-58909248.01282935,58909248.01282935,-65.8749611718968,65.8749611718968,0.0051489930010575335,pricing_mc_v1
44,short_emerging_no_break,short,emerging,False,none,bornhuetter_ferguson_break_aware,ceded,success,30516608.13167624,89425856.14450559,-58909248.01282935,58909248.01282935,-65.8749611718968,65.8749611718968,0.005175054000574164,pricing_mc_v1
44,short_emerging_no_break,short,emerging,False,none,bornhuetter_ferguson_standard,gross,success,95850062.6972946,163496631.05783105,-67646568.36053646,67646568.36053646,-41.374900463000316,41.374900463000316,0.005182584000067436,pricing_mc_v1
44,short_emerging_no_break,short,emerging,False,none,bornhuetter_ferguson_break_aware,gross,success,95850062.6972946,163496631.05783105,-67646568.36053646,67646568.36053646,-41.374900463000316,41.374900463000316,0.00531145400054811,pricing_mc_v1
45,short_emerging_no_break,short,emerging,False,none,bornhuetter_ferguson_standard,ceded,success,30516608.13167624,69213083.93238875,-38696475.80071251,38696475.80071251,-55.90919173391177,55.90919173391177,0.005073488999187248,pricing_mc_v1
45,short_emerging_no_break,short,emerging,False,none,bornhuetter_ferguson_break_aware,ceded,success,30516608.13167624,69213083.93238875,-38696475.80071251,38696475.80071251,-55.90919173391177,55.90919173391177,0.004950511000060942,pricing_mc_v1
45,short_emerging_no_break,short,emerging,False,none,bornhuetter_ferguson_standard,gross,success,95850062.6972946,111359418.55829473,-15509355.861000136,15509355.861000136,-13.927296013027632,13.927296013027632,0.005551295000259415,pricing_mc_v1
45,short_emerging_no_break,short,emerging,False,none,bornhuetter_ferguson_break_aware,gross,success,95850062.6972946,111359418.55829473,-15509355.861000136,15509355.861000136,-13.927296013027632,13.927296013027632,0.005154516000402509,pricing_mc_v1
46,short_emerging_no_break,short,emerging,False,none,bornhuetter_ferguson_standard,ceded,success,30516608.13167624,67227742.86518183,-36711134.73350559,36711134.73350559,-54.60712076430397,54.60712076430397,0.005104272000608034,pricing_mc_v1
46,short_emerging_no_break,short,emerging,False,none,bornhuetter_ferguson_break_aware,ceded,success,30516608.13167624,67227742.86518183,-36711134.73350559,36711134.73350559,-54.60712076430397,54.60712076430397,0.005232685000009951,pricing_mc_v1
46,short_emerging_no_break,short,emerging,False,none,bornhuetter_ferguson_standard,gross,success,95850062.6972946,141738776.99498373,-45888714.29768914,45888714.29768914,-32.375554008987386,32.375554008987386,0.005306346998622757,pricing_mc_v1
46,short_emerging_no_break,short,emerging,False,none,bornhuetter_ferguson_break_aware,gross,success,95850062.6972946,141738776.99498373,-45888714.29768914,45888714.29768914,-32.375554008987386,32.375554008987386,0.005275785000776523,pricing_mc_v1
47,short_emerging_no_break,short,emerging,False,none,bornhuetter_ferguson_standard,ceded,success,30516608.13167624,60094204.61255132,-29577596.480875075,29577596.480875075,-49.21871696542511,49.21871696542511,0.005532121000214829,pricing_mc_v1
47,short_emerging_no_break,short,emerging,False,none,bornhuetter_ferguson_break_aware,ceded,success,30516608.13167624,60094204.61255132,-29577596.480875075,29577596.480875075,-49.21871696542511,49.21871696542511,0.0050441029998182785,pricing_mc_v1
47,short_emerging_no_break,short,emerging,False,none,bornhuetter_ferguson_standard,gross,success,95850062.6972946,127136519.57788654,-31286456.880591944,31286456.880591944,-24.608552274726378,24.608552274726378,0.005599889000222902,pricing_mc_v1
47,short_emerging_no_break,short,emerging,False,none,bornhuetter_ferguson_break_aware,gross,success,95850062.6972946,127136519.57788654,-31286456.880591944,31286456.880591944,-24.608552274726378,24.608552274726378,0.004896210999504547,pricing_mc_v1
48,short_emerging_no_break,short,emerging,False,none,bornhuetter_ferguson_standard,ceded,success,30516608.13167624,73634234.31973028,-43117626.18805404,43117626.18805404,-58.55649425351691,58.55649425351691,0.005589071999565931,pricing_mc_v1
48,short_emerging_no_break,short,emerging,False,none,bornhuetter_ferguson_break_aware,ceded,success,30516608.13167624,73634234.31973028,-43117626.18805404,43117626.18805404,-58.55649425351691,58.55649425351691,0.005378486999688903,pricing_mc_v1
48,short_emerging_no_break,short,emerging,False,none,bornhuetter_ferguson_standard,gross,success,95850062.6972946,128298342.85292622,-32448280.15563163,32448280.15563163,-25.291269890234247,25.291269890234247,0.005398733999754768,pricing_mc_v1
48,short_emerging_no_break,short,emerging,False,none,bornhuetter_ferguson_break_aware,gross,success,95850062.6972946,128298342.85292622,-32448280.15563163,32448280.15563163,-25.291269890234247,25.291269890234247,0.00563916999999492,pricing_mc_v1
49,short_emerging_no_break,short,emerging,False,none,bornhuetter_ferguson_standard,ceded,success,30516608.13167624,57917615.23518233,-27401007.10350609,27401007.10350609,-47.310316545735844,47.310316545735844,0.0051987160004500765,pricing_mc_v1
49,short_emerging_no_break,short,emerging,False,none,bornhuetter_ferguson_break_aware,ceded,success,30516608.13167624,57917615.23518233,-27401007.10350609,27401007.10350609,-47.310316545735844,47.310316545735844,0.00506855200001155,pricing_mc_v1
49,short_emerging_no_break,short,emerging,False,none,bornhuetter_ferguson_standard,gross,success,95850062.6972946,107294776.465985,-11444713.768690407,11444713.768690407,-10.666608520610184,10.666608520610184,0.005419352999524563,pricing_mc_v1
49,short_emerging_no_break,short,emerging,False,none,bornhuetter_ferguson_break_aware,gross,success,95850062.6972946,107294776.465985,-11444713.768690407,11444713.768690407,-10.666608520610184,10.666608520610184,0.0072809920002328,pricing_mc_v1
50,short_emerging_no_break,short,emerging,False,none,bornhuetter_ferguson_standard,ceded,success,30516608.13167624,66213381.583072916,-35696773.451396674,35696773.451396674,-53.911720860549366,53.911720860549366,0.005770805999418371,pricing_mc_v1
50,short_emerging_no_break,short,emerging,False,none,bornhuetter_ferguson_break_aware,ceded,success,30516608.13167624,66213381.583072916,-35696773.451396674,35696773.451396674,-53.911720860549366,53.911720860549366,0.005289303000608925,pricing_mc_v1
50,short_emerging_no_break,short,emerging,False,none,bornhuetter_ferguson_standard,gross,success,95850062.6972946,130767234.30868511,-34917171.611390516,34917171.611390516,-26.701774183711887,26.701774183711887,0.00542420900092111,pricing_mc_v1
50,short_emerging_no_break,short,emerging,False,none,bornhuetter_ferguson_break_aware,gross,success,95850062.6972946,130767234.30868511,-34917171.611390516,34917171.611390516,-26.701774183711887,26.701774183711887,0.005134005999934743,pricing_mc_v1
1,short_shock_no_break,short,shock,False,none,bornhuetter_ferguson_standard,ceded,success,38216123.52993158,92301960.7631166,-54085837.233185016,54085837.233185016,-58.59662870216886,58.59662870216886,0.005713518999982625,pricing_mc_v1
1,short_shock_no_break,short,shock,False,none,bornhuetter_ferguson_break_aware,ceded,success,38216123.52993158,92301960.7631166,-54085837.233185016,54085837.233185016,-58.59662870216886,58.59662870216886,0.005364307000490953,pricing_mc_v1
1,short_shock_no_break,short,shock,False,none,bornhuetter_ferguson_standard,gross,success,105211689.07057278,171459997.0574296,-66248307.98685683,66248307.98685683,-38.63776339892699,38.63776339892699,0.0055444429999624845,pricing_mc_v1
1,short_shock_no_break,short,shock,False,none,bornhuetter_ferguson_break_aware,gross,success,105211689.07057278,171459997.0574296,-66248307.98685683,66248307.98685683,-38.63776339892699,38.63776339892699,0.005311594999511726,pricing_mc_v1
2,short_shock_no_break,short,shock,False,none,bornhuetter_ferguson_standard,ceded,success,38216123.52993158,85850689.8971627,-47634566.36723112,47634566.36723112,-55.48536234745553,55.48536234745553,0.005233408999629319,pricing_mc_v1
2,short_shock_no_break,short,shock,False,none,bornhuetter_ferguson_break_aware,ceded,success,38216123.52993158,85850689.8971627,-47634566.36723112,47634566.36723112,-55.48536234745553,55.48536234745553,0.005913618000704446,pricing_mc_v1
2,short_shock_no_break,short,shock,False,none,bornhuetter_ferguson_standard,gross,success,105211689.07057278,133268769.08528441,-28057080.014711633,28057080.014711633,-21.053004546591634,21.053004546591634,0.005091128999993089,pricing_mc_v1
2,short_shock_no_break,short,shock,False,none,bornhuetter_ferguson_break_aware,gross,success,105211689.07057278,133268769.08528441,-28057080.014711633,28057080.014711633,-21.053004546591634,21.053004546591634,0.005106840000735247,pricing_mc_v1
3,short_shock_no_break,short,shock,False,none,bornhuetter_ferguson_standard,ceded,success,38216123.52993158,84759556.8790487,-46543433.34911712,46543433.34911712,-54.91231321033719,54.91231321033719,0.0061229860002640635,pricing_mc_v1
3,short_shock_no_break,short,shock,False,none,bornhuetter_ferguson_break_aware,ceded,success,38216123.52993158,84759556.8790487,-46543433.34911712,46543433.34911712,-54.91231321033719,54.91231321033719,0.005186151000089012,pricing_mc_v1
3,short_shock_no_break,short,shock,False,none,bornhuetter_ferguson_standard,gross,success,105211689.07057278,118658528.34133771,-13446839.270764932,13446839.270764932,-11.332383317685547,11.332383317685547,0.005182288001378765,pricing_mc_v1
3,short_shock_no_break,short,shock,False,none,bornhuetter_ferguson_break_aware,gross,success,105211689.07057278,118658528.34133771,-13446839.270764932,13446839.270764932,-11.332383317685547,11.332383317685547,0.00558132300102443,pricing_mc_v1
4,short_shock_no_break,short,shock,False,none,bornhuetter_ferguson_standard,ceded,success,38216123.52993158,79910102.07945794,-41693978.549526356,41693978.549526356,-52.176104728371264,52.176104728371264,0.005048603999966872,pricing_mc_v1
4,short_shock_no_break,short,shock,False,none,bornhuetter_ferguson_break_aware,ceded,success,38216123.52993158,79910102.07945794,-41693978.549526356,41693978.549526356,-52.176104728371264,52.176104728371264,0.005381233000662178,pricing_mc_v1
4,short_shock_no_break,short,shock,False,none,bornhuetter_ferguson_standard,gross,success,105211689.07057278,133028685.9783042,-27816996.90773143,27816996.90773143,-20.910525202262114,20.910525202262114,0.007435823999912827,pricing_mc_v1
4,short_shock_no_break,short,shock,False,none,bornhuetter_ferguson_break_aware,gross,success,105211689.07057278,133028685.9783042,-27816996.90773143,27816996.90773143,-20.910525202262114,20.910525202262114,0.005261927000901778,pricing_mc_v1
5,short_shock_no_break,short,shock,False,none,bornhuetter_ferguson_standard,ceded,success,38216123.52993158,78657318.52632639,-40441194.996394806,40441194.996394806,-51.41440841624832,51.41440841624832,0.005360096000003978,pricing_mc_v1
5,short_shock_no_break,short,shock,False,none,bornhuetter_ferguson_break_aware,ceded,success,38216123.52993158,78657318.52632639,-40441194.996394806,40441194.996394806,-51.41440841624832,51.41440841624832,0.004983530998288188,pricing_mc_v1
5,short_shock_no_break,short,shock,False,none,bornhuetter_ferguson_standard,gross,success,105211689.07057278,105741065.40832323,-529376.3377504498,529376.3377504498,-0.5006345791072205,0.5006345791072205,0.005247969000265584,pricing_mc_v1
5,short_shock_no_break,short,shock,False,none,bornhuetter_ferguson_break_aware,gross,success,105211689.07057278,105741065.40832323,-529376.3377504498,529376.3377504498,-0.5006345791072205,0.5006345791072205,0.005368844000258832,pricing_mc_v1
6,short_shock_no_break,short,shock,False,none,bornhuetter_ferguson_standard,ceded,success,38216123.52993158,78884442.61154923,-40668319.081617646,40668319.081617646,-51.55429605033873,51.55429605033873,0.0060633149987552315,pricing_mc_v1
6,short_shock_no_break,short,shock,False,none,bornhuetter_ferguson_break_aware,ceded,success,38216123.52993158,78884442.61154923,-40668319.081617646,40668319.081617646,-51.55429605033873,51.55429605033873,0.005016963999878499,pricing_mc_v1
6,short_shock_no_break,short,shock,False,none,bornhuetter_ferguson_standard,gross,success,105211689.07057278,118176535.80735251,-12964846.736779734,12964846.736779734,-10.970745290684945,10.970745290684945,0.005354140999770607,pricing_mc_v1
6,short_shock_no_break,short,shock,False,none,bornhuetter_ferguson_break_aware,gross,success,105211689.07057278,118176535.80735251,-12964846.736779734,12964846.736779734,-10.970745290684945,10.970745290684945,0.005210508001255221,pricing_mc_v1
7,short_shock_no_break,short,shock,False,none,bornhuetter_ferguson_standard,ceded,success,38216123.52993158,81826059.98624724,-43609936.45631566,43609936.45631566,-53.29590165241406,53.29590165241406,0.005345605999536929,pricing_mc_v1
7,short_shock_no_break,short,shock,False,none,bornhuetter_ferguson_break_aware,ceded,success,38216123.52993158,81826059.98624724,-43609936.45631566,43609936.45631566,-53.29590165241406,53.29590165241406,0.005287339999995311,pricing_mc_v1
7,short_shock_no_break,short,shock,False,none,bornhuetter_ferguson_standard,gross,success,105211689.07057278,130377849.90490693,-25166160.83433415,25166160.83433415,-19.302481865354792,19.302481865354792,0.005254972000329872,pricing_mc_v1
7,short_shock_no_break,short,shock,False,none,bornhuetter_ferguson_break_aware,gross,success,105211689.07057278,130377849.90490693,-25166160.83433415,25166160.83433415,-19.302481865354792,19.302481865354792,0.005530841001018416,pricing_mc_v1
8,short_shock_no_break,short,shock,False,none,bornhuetter_ferguson_standard,ceded,success,38216123.52993158,89773714.06286424,-51557590.53293266,51557590.53293266,-57.430608804743606,57.430608804743606,0.005522366000150214,pricing_mc_v1
8,short_shock_no_break,short,shock,False,none,bornhuetter_ferguson_break_aware,ceded,success,38216123.52993158,89773714.06286424,-51557590.53293266,51557590.53293266,-57.430608804743606,57.430608804743606,0.004937752000842011,pricing_mc_v1
8,short_shock_no_break,short,shock,False,none,bornhuetter_ferguson_standard,gross,success,105211689.07057278,151172966.18677932,-45961277.11620654,45961277.11620654,-30.40310597558814,30.40310597558814,0.005508299000211991,pricing_mc_v1
8,short_shock_no_break,short,shock,False,none,bornhuetter_ferguson_break_aware,gross,success,105211689.07057278,151172966.18677932,-45961277.11620654,45961277.11620654,-30.40310597558814,30.40310597558814,0.004955759999575093,pricing_mc_v1
9,short_shock_no_break,short,shock,False,none,bornhuetter_ferguson_standard,ceded,success,38216123.52993158,86967476.65782495,-48751353.127893366,48751353.127893366,-56.05699394925118,56.05699394925118,0.008368360000531538,pricing_mc_v1
9,short_shock_no_break,short,shock,False,none,bornhuetter_ferguson_break_aware,ceded,success,38216123.52993158,86967476.65782495,-48751353.127893366,48751353.127893366,-56.05699394925118,56.05699394925118,0.00545032700028969,pricing_mc_v1
9,short_shock_no_break,short,shock,False,none,bornhuetter_ferguson_standard,gross,success,105211689.07057278,132834845.06458175,-27623155.994008973,27623155.994008973,-20.79511289419514,20.79511289419514,0.007310664999749861,pricing_mc_v1
9,short_shock_no_break,short,shock,False,none,bornhuetter_ferguson_break_aware,gross,success,105211689.07057278,132834845.06458175,-27623155.994008973,27623155.994008973,-20.79511289419514,20.79511289419514,0.005060043999037589,pricing_mc_v1
10,short_shock_no_break,short,shock,False,none,bornhuetter_ferguson_standard,ceded,success,38216123.52993158,100256663.52796091,-62040539.99802933,62040539.99802933,-61.88171221230262,61.88171221230262,0.005358319998777006,pricing_mc_v1
10,short_shock_no_break,short,shock,False,none,bornhuetter_ferguson_break_aware,ceded,success,38216123.52993158,100256663.52796091,-62040539.99802933,62040539.99802933,-61.88171221230262,61.88171221230262,0.005196514999624924,pricing_mc_v1
10,short_shock_no_break,short,shock,False,none,bornhuetter_ferguson_standard,gross,success,105211689.07057278,167693406.19511217,-62481717.12453939,62481717.12453939,-37.25949549372358,37.25949549372358,0.005158317999303108,pricing_mc_v1
10,short_shock_no_break,short,shock,False,none,bornhuetter_ferguson_break_aware,gross,success,105211689.07057278,167693406.19511217,-62481717.12453939,62481717.12453939,-37.25949549372358,37.25949549372358,0.0056742759988992475,pricing_mc_v1
11,short_shock_no_break,short,shock,False,none,bornhuetter_ferguson_standard,ceded,success,38216123.52993158,105213686.48668984,-66997562.95675825,66997562.95675825,-63.6776119095816,63.6776119095816,0.005116123000334483,pricing_mc_v1
11,short_shock_no_break,short,shock,False,none,bornhuetter_ferguson_break_aware,ceded,success,38216123.52993158,105213686.48668984,-66997562.95675825,66997562.95675825,-63.6776119095816,63.6776119095816,0.005250284000794636,pricing_mc_v1
11,short_shock_no_break,short,shock,False,none,bornhuetter_ferguson_standard,gross,success,105211689.07057278,149827812.85681683,-44616123.78624405,44616123.78624405,-29.778265420507417,29.778265420507417,0.005721347999497084,pricing_mc_v1
11,short_shock_no_break,short,shock,False,none,bornhuetter_ferguson_break_aware,gross,success,105211689.07057278,149827812.85681683,-44616123.78624405,44616123.78624405,-29.778265420507417,29.778265420507417,0.004894611000054283,pricing_mc_v1
12,short_shock_no_break,short,shock,False,none,bornhuetter_ferguson_standard,ceded,success,38216123.52993158,86231211.40383303,-48015087.87390145,48015087.87390145,-55.68179675574771,55.68179675574771,0.005702721000488964,pricing_mc_v1
12,short_shock_no_break,short,shock,False,none,bornhuetter_ferguson_break_aware,ceded,success,38216123.52993158,86231211.40383303,-48015087.87390145,48015087.87390145,-55.68179675574771,55.68179675574771,0.005674944000929827,pricing_mc_v1
12,short_shock_no_break,short,shock,False,none,bornhuetter_ferguson_standard,gross,success,105211689.07057278,142154443.4199168,-36942754.34934403,36942754.34934403,-25.987759130551453,25.987759130551453,0.005564373001107015,pricing_mc_v1
12,short_shock_no_break,short,shock,False,none,bornhuetter_ferguson_break_aware,gross,success,105211689.07057278,142154443.4199168,-36942754.34934403,36942754.34934403,-25.987759130551453,25.987759130551453,0.005349687999114394,pricing_mc_v1
13,short_shock_no_break,short,shock,False,none,bornhuetter_ferguson_standard,ceded,success,38216123.52993158,92709672.71563783,-54493549.18570625,54493549.18570625,-58.778709480348034,58.778709480348034,0.005064064000180224,pricing_mc_v1
13,short_shock_no_break,short,shock,False,none,bornhuetter_ferguson_break_aware,ceded,success,38216123.52993158,92709672.71563783,-54493549.18570625,54493549.18570625,-58.778709480348034,58.778709480348034,0.004922583000734448,pricing_mc_v1
13,short_shock_no_break,short,shock,False,none,bornhuetter_ferguson_standard,gross,success,105211689.07057278,148563830.71604544,-43352141.64547266,43352141.64547266,-29.180818397401804,29.180818397401804,0.005287360998408985,pricing_mc_v1
13,short_shock_no_break,short,shock,False,none,bornhuetter_ferguson_break_aware,gross,success,105211689.07057278,148563830.71604544,-43352141.64547266,43352141.64547266,-29.180818397401804,29.180818397401804,0.006589819000510033,pricing_mc_v1
14,short_shock_no_break,short,shock,False,none,bornhuetter_ferguson_standard,ceded,success,38216123.52993158,89142238.07303554,-50926114.543103956,50926114.543103956,-57.129050878641216,57.129050878641216,0.005550452000534278,pricing_mc_v1
14,short_shock_no_break,short,shock,False,none,bornhuetter_ferguson_break_aware,ceded,success,38216123.52993158,89142238.07303554,-50926114.543103956,50926114.543103956,-57.129050878641216,57.129050878641216,0.005354024000553181,pricing_mc_v1
14,short_shock_no_break,short,shock,False,none,bornhuetter_ferguson_standard,gross,success,105211689.07057278,143151909.0512076,-37940219.98063482,37940219.98063482,-26.50346770231547,26.50346770231547,0.005293831000017235,pricing_mc_v1
14,short_shock_no_break,short,shock,False,none,bornhuetter_ferguson_break_aware,gross,success,105211689.07057278,143151909.0512076,-37940219.98063482,37940219.98063482,-26.50346770231547,26.50346770231547,0.005464783000206808,pricing_mc_v1
15,short_shock_no_break,short,shock,False,none,bornhuetter_ferguson_standard,ceded,success,38216123.52993158,85237534.42865795,-47021410.89872637,47021410.89872637,-55.16514668556294,55.16514668556294,0.005699412999092601,pricing_mc_v1
15,short_shock_no_break,short,shock,False,none,bornhuetter_ferguson_break_aware,ceded,success,38216123.52993158,85237534.42865795,-47021410.89872637,47021410.89872637,-55.16514668556294,55.16514668556294,0.005132174999744166,pricing_mc_v1
15,short_shock_no_break,short,shock,False,none,bornhuetter_ferguson_standard,gross,success,105211689.07057278,159169676.1087862,-53957987.03821342,53957987.03821342,-33.89966503502543,33.89966503502543,0.005742212000768632,pricing_mc_v1
15,short_shock_no_break,short,shock,False,none,bornhuetter_ferguson_break_aware,gross,success,105211689.07057278,159169676.1087862,-53957987.03821342,53957987.03821342,-33.89966503502543,33.89966503502543,0.004992991000108304,pricing_mc_v1
16,short_shock_no_break,short,shock,False,none,bornhuetter_ferguson_standard,ceded,success,38216123.52993158,88988006.79260848,-50771883.2626769,50771883.2626769,-57.05474826625077,57.05474826625077,0.005124164999870118,pricing_mc_v1
16,short_shock_no_break,short,shock,False,none,bornhuetter_ferguson_break_aware,ceded,success,38216123.52993158,88988006.79260848,-50771883.2626769,50771883.2626769,-57.05474826625077,57.05474826625077,0.00547789099982765,pricing_mc_v1
16,short_shock_no_break,short,shock,False,none,bornhuetter_ferguson_standard,gross,success,105211689.07057278,153320309.3764697,-48108620.30589692,48108620.30589692,-31.3778523546863,31.3778523546863,0.005186075999517925,pricing_mc_v1
16,short_shock_no_break,short,shock,False,none,bornhuetter_ferguson_break_aware,gross,success,105211689.07057278,153320309.3764697,-48108620.30589692,48108620.30589692,-31.3778523546863,31.3778523546863,0.005384123000112595,pricing_mc_v1
17,short_shock_no_break,short,shock,False,none,bornhuetter_ferguson_standard,ceded,success,38216123.52993158,96654698.30503473,-58438574.775103144,58438574.775103144,-60.461183780922404,60.461183780922404,0.005768447999798809,pricing_mc_v1
17,short_shock_no_break,short,shock,False,none,bornhuetter_ferguson_break_aware,ceded,success,38216123.52993158,96654698.30503473,-58438574.775103144,58438574.775103144,-60.461183780922404,60.461183780922404,0.004934720000164816,pricing_mc_v1
17,short_shock_no_break,short,shock,False,none,bornhuetter_ferguson_standard,gross,success,105211689.07057278,158483762.03176558,-53272072.9611928,53272072.9611928,-33.613584305574,33.613584305574,0.007473964999007876,pricing_mc_v1
17,short_shock_no_break,short,shock,False,none,bornhuetter_ferguson_break_aware,gross,success,105211689.07057278,158483762.03176558,-53272072.9611928,53272072.9611928,-33.613584305574,33.613584305574,0.005358065000109491,pricing_mc_v1
18,short_shock_no_break,short,shock,False,none,bornhuetter_ferguson_standard,ceded,success,38216123.52993158,75816256.45911388,-37600132.9291823,37600132.9291823,-49.59376087034746,49.59376087034746,0.005122464999658405,pricing_mc_v1
18,short_shock_no_break,short,shock,False,none,bornhuetter_ferguson_break_aware,ceded,success,38216123.52993158,75816256.45911388,-37600132.9291823,37600132.9291823,-49.59376087034746,49.59376087034746,0.005719832999602659,pricing_mc_v1
18,short_shock_no_break,short,shock,False,none,bornhuetter_ferguson_standard,gross,success,105211689.07057278,116856328.26867697,-11644639.198104188,11644639.198104188,-9.96491963304781,9.96491963304781,0.005664901998898131,pricing_mc_v1
18,short_shock_no_break,short,shock,False,none,bornhuetter_ferguson_break_aware,gross,success,105211689.07057278,116856328.26867697,-11644639.198104188,11644639.198104188,-9.96491963304781,9.96491963304781,0.00508413500028837,pricing_mc_v1
19,short_shock_no_break,short,shock,False,none,bornhuetter_ferguson_standard,ceded,success,38216123.52993158,82000230.9198194,-43784107.38988782,43784107.38988782,-53.395102548796885,53.395102548796885,0.00551661000099557,pricing_mc_v1
19,short_shock_no_break,short,shock,False,none,bornhuetter_ferguson_break_aware,ceded,success,38216123.52993158,82000230.9198194,-43784107.38988782,43784107.38988782,-53.395102548796885,53.395102548796885,0.005230239999946207,pricing_mc_v1
19,short_shock_no_break,short,shock,False,none,bornhuetter_ferguson_standard,gross,success,105211689.07057278,129538837.58795127,-24327148.517378494,24327148.517378494,-18.77981072731289,18.77981072731289,0.005146006000359193,pricing_mc_v1
19,short_shock_no_break,short,shock,False,none,bornhuetter_ferguson_break_aware,gross,success,105211689.07057278,129538837.58795127,-24327148.517378494,24327148.517378494,-18.77981072731289,18.77981072731289,0.00533913700019184,pricing_mc_v1
20,short_shock_no_break,short,shock,False,none,bornhuetter_ferguson_standard,ceded,success,38216123.52993158,88244351.52385226,-50028227.99392068,50028227.99392068,-56.692838838980144,56.692838838980144,0.005656840001392993,pricing_mc_v1
20,short_shock_no_break,short,shock,False,none,bornhuetter_ferguson_break_aware,ceded,success,38216123.52993158,88244351.52385226,-50028227.99392068,50028227.99392068,-56.692838838980144,56.692838838980144,0.005332184000508278,pricing_mc_v1
20,short_shock_no_break,short,shock,False,none,bornhuetter_ferguson_standard,gross,success,105211689.07057278,154993233.33428323,-49781544.263710454,49781544.263710454,-32.11852749490269,32.11852749490269,0.005195365998588386,pricing_mc_v1
20,short_shock_no_break,short,shock,False,none,bornhuetter_ferguson_break_aware,gross,success,105211689.07057278,154993233.33428323,-49781544.263710454,49781544.263710454,-32.11852749490269,32.11852749490269,0.005032621000282234,pricing_mc_v1
21,short_shock_no_break,short,shock,False,none,bornhuetter_ferguson_standard,ceded,success,38216123.52993158,72928903.41659534,-34712779.88666376,34712779.88666376,-47.598110297054994,47.598110297054994,0.0056712440000410425,pricing_mc_v1
21,short_shock_no_break,short,shock,False,none,bornhuetter_ferguson_break_aware,ceded,success,38216123.52993158,72928903.41659534,-34712779.88666376,34712779.88666376,-47.598110297054994,47.598110297054994,0.004957210001521162,pricing_mc_v1
21,short_shock_no_break,short,shock,False,none,bornhuetter_ferguson_standard,gross,success,105211689.07057278,124498306.61176643,-19286617.54119365,19286617.54119365,-15.491469776642614,15.491469776642614,0.00578714699986449,pricing_mc_v1
21,short_shock_no_break,short,shock,False,none,bornhuetter_ferguson_break_aware,gross,success,105211689.07057278,124498306.61176643,-19286617.54119365,19286617.54119365,-15.491469776642614,15.491469776642614,0.005310431999532739,pricing_mc_v1
22,short_shock_no_break,short,shock,False,none,bornhuetter_ferguson_standard,ceded,success,38216123.52993158,86293025.80521232,-48076902.27528074,48076902.27528074,-55.713543274984765,55.713543274984765,0.005042687000241131,pricing_mc_v1
22,short_shock_no_break,short,shock,False,none,bornhuetter_ferguson_break_aware,ceded,success,38216123.52993158,86293025.80521232,-48076902.27528074,48076902.27528074,-55.713543274984765,55.713543274984765,0.005275838000670774,pricing_mc_v1
22,short_shock_no_break,short,shock,False,none,bornhuetter_ferguson_standard,gross,success,105211689.07057278,134325999.0140538,-29114309.943481013,29114309.943481013,-21.674366955897302,21.674366955897302,0.005121737000081339,pricing_mc_v1
22,short_shock_no_break,short,shock,False,none,bornhuetter_ferguson_break_aware,gross,success,105211689.07057278,134325999.0140538,-29114309.943481013,29114309.943481013,-21.674366955897302,21.674366955897302,0.005869015998541727,pricing_mc_v1
23,short_shock_no_break,short,shock,False,none,bornhuetter_ferguson_standard,ceded,success,38216123.52993158,98920315.12066409,-60704191.59073251,60704191.59073251,-61.366759210870754,61.366759210870754,0.00530552300006093,pricing_mc_v1
23,short_shock_no_break,short,shock,False,none,bornhuetter_ferguson_break_aware,ceded,success,38216123.52993158,98920315.12066409,-60704191.59073251,60704191.59073251,-61.366759210870754,61.366759210870754,0.005334812000000966,pricing_mc_v1
23,short_shock_no_break,short,shock,False,none,bornhuetter_ferguson_standard,gross,success,105211689.07057278,164253491.31024817,-59041802.23967539,59041802.23967539,-35.945538672389624,35.945538672389624,0.005023693998737144,pricing_mc_v1
23,short_shock_no_break,short,shock,False,none,bornhuetter_ferguson_break_aware,gross,success,105211689.07057278,164253491.31024817,-59041802.23967539,59041802.23967539,-35.945538672389624,35.945538672389624,0.004943212999933166,pricing_mc_v1
24,short_shock_no_break,short,shock,False,none,bornhuetter_ferguson_standard,ceded,success,38216123.52993158,87721052.42628112,-49504928.89634954,49504928.89634954,-56.43449038410981,56.43449038410981,0.00508075200013991,pricing_mc_v1
24,short_shock_no_break,short,shock,False,none,bornhuetter_ferguson_break_aware,ceded,success,38216123.52993158,87721052.42628112,-49504928.89634954,49504928.89634954,-56.43449038410981,56.43449038410981,0.005885065000256873,pricing_mc_v1
24,short_shock_no_break,short,shock,False,none,bornhuetter_ferguson_standard,gross,success,105211689.07057278,147479038.64580846,-42267349.57523568,42267349.57523568,-28.659903104431425,28.659903104431425,0.005135194000104093,pricing_mc_v1
24,short_shock_no_break,short,shock,False,none,bornhuetter_ferguson_break_aware,gross,success,105211689.07057278,147479038.64580846,-42267349.57523568,42267349.57523568,-28.659903104431425,28.659903104431425,0.005288497000947245,pricing_mc_v1
25,short_shock_no_break,short,shock,False,none,bornhuetter_ferguson_standard,ceded,success,38216123.52993158,117526740.60372524,-79310617.07379365,79310617.07379365,-67.48303974600292,67.48303974600292,0.006434251999962726,pricing_mc_v1
25,short_shock_no_break,short,shock,False,none,bornhuetter_ferguson_break_aware,ceded,success,38216123.52993158,117526740.60372524,-79310617.07379365,79310617.07379365,-67.48303974600292,67.48303974600292,0.0049450999995315215,pricing_mc_v1
25,short_shock_no_break,short,shock,False,none,bornhuetter_ferguson_standard,gross,success,105211689.07057278,196004988.7531731,-90793299.68260033,90793299.68260033,-46.32193305902806,46.32193305902806,0.005244498001047759,pricing_mc_v1
25,short_shock_no_break,short,shock,False,none,bornhuetter_ferguson_break_aware,gross,success,105211689.07057278,196004988.7531731,-90793299.68260033,90793299.68260033,-46.32193305902806,46.32193305902806,0.005513353000424104,pricing_mc_v1
26,short_shock_no_break,short,shock,False,none,bornhuetter_ferguson_standard,ceded,success,38216123.52993158,95777834.72130537,-57561711.19137379,57561711.19137379,-60.09919869129118,60.09919869129118,0.005083169999124948,pricing_mc_v1
26,short_shock_no_break,short,shock,False,none,bornhuetter_ferguson_break_aware,ceded,success,38216123.52993158,95777834.72130537,-57561711.19137379,57561711.19137379,-60.09919869129118,60.09919869129118,0.00573897600042983,pricing_mc_v1
26,short_shock_no_break,short,shock,False,none,bornhuetter_ferguson_standard,gross,success,105211689.07057278,145067559.04803687,-39855869.977464095,39855869.977464095,-27.474006069314534,27.474006069314534,0.005134660999829066,pricing_mc_v1
26,short_shock_no_break,short,shock,False,none,bornhuetter_ferguson_break_aware,gross,success,105211689.07057278,145067559.04803687,-39855869.977464095,39855869.977464095,-27.474006069314534,27.474006069314534,0.005009526999856462,pricing_mc_v1
27,short_shock_no_break,short,shock,False,none,bornhuetter_ferguson_standard,ceded,success,38216123.52993158,107600077.5615052,-69383954.03157362,69383954.03157362,-64.48318217234845,64.48318217234845,0.005442456998935086,pricing_mc_v1
27,short_shock_no_break,short,shock,False,none,bornhuetter_ferguson_break_aware,ceded,success,38216123.52993158,107600077.5615052,-69383954.03157362,69383954.03157362,-64.48318217234845,64.48318217234845,0.005288491000101203,pricing_mc_v1
27,short_shock_no_break,short,shock,False,none,bornhuetter_ferguson_standard,gross,success,105211689.07057278,196756902.11073998,-91545213.0401672,91545213.0401672,-46.5270656622979,46.5270656622979,0.005174476000320283,pricing_mc_v1
27,short_shock_no_break,short,shock,False,none,bornhuetter_ferguson_break_aware,gross,success,105211689.07057278,196756902.11073998,-91545213.0401672,91545213.0401672,-46.5270656622979,46.5270656622979,0.005301506998875993,pricing_mc_v1
28,short_shock_no_break,short,shock,False,none,bornhuetter_ferguson_standard,ceded,success,38216123.52993158,97906415.33349863,-59690291.803567044,59690291.803567044,-60.96668088627697,60.96668088627697,0.005479233001096873,pricing_mc_v1
28,short_shock_no_break,short,shock,False,none,bornhuetter_ferguson_break_aware,ceded,success,38216123.52993158,97906415.33349863,-59690291.803567044,59690291.803567044,-60.96668088627697,60.96668088627697,0.006330416999844601,pricing_mc_v1
28,short_shock_no_break,short,shock,False,none,bornhuetter_ferguson_standard,gross,success,105211689.07057278,162097058.64125526,-56885369.57068248,56885369.57068248,-35.093400242738646,35.093400242738646,0.00552616700042563,pricing_mc_v1
28,short_shock_no_break,short,shock,False,none,bornhuetter_ferguson_break_aware,gross,success,105211689.07057278,162097058.64125526,-56885369.57068248,56885369.57068248,-35.093400242738646,35.093400242738646,0.005078531999970437,pricing_mc_v1
29,short_shock_no_break,short,shock,False,none,bornhuetter_ferguson_standard,ceded,success,38216123.52993158,87437629.10602704,-49221505.576095454,49221505.576095454,-56.29327565184706,56.29327565184706,0.0061691619994235225,pricing_mc_v1
29,short_shock_no_break,short,shock,False,none,bornhuetter_ferguson_break_aware,ceded,success,38216123.52993158,87437629.10602704,-49221505.576095454,49221505.576095454,-56.29327565184706,56.29327565184706,0.006202663000294706,pricing_mc_v1
29,short_shock_no_break,short,shock,False,none,bornhuetter_ferguson_standard,gross,success,105211689.07057278,131983367.53074291,-26771678.460170135,26771678.460170135,-20.28413046358603,20.28413046358603,0.005303072999595315,pricing_mc_v1
29,short_shock_no_break,short,shock,False,none,bornhuetter_ferguson_break_aware,gross,success,105211689.07057278,131983367.53074291,-26771678.460170135,26771678.460170135,-20.28413046358603,20.28413046358603,0.005751505999796791,pricing_mc_v1
30,short_shock_no_break,short,shock,False,none,bornhuetter_ferguson_standard,ceded,success,38216123.52993158,96643206.08115312,-58427082.55122154,58427082.55122154,-60.45648206471878,60.45648206471878,0.005127775999426376,pricing_mc_v1
30,short_shock_no_break,short,shock,False,none,bornhuetter_ferguson_break_aware,ceded,success,38216123.52993158,96643206.08115312,-58427082.55122154,58427082.55122154,-60.45648206471878,60.45648206471878,0.005002650001188158,pricing_mc_v1
30,short_shock_no_break,short,shock,False,none,bornhuetter_ferguson_standard,gross,success,105211689.07057278,150188914.14911425,-44977225.07854147,44977225.07854147,-29.947100512282866,29.947100512282866,0.00587339300000167,pricing_mc_v1
30,short_shock_no_break,short,shock,False,none,bornhuetter_ferguson_break_aware,gross,success,105211689.07057278,150188914.14911425,-44977225.07854147,44977225.07854147,-29.947100512282866,29.947100512282866,0.005168492998564034,pricing_mc_v1
31,short_shock_no_break,short,shock,False,none,bornhuetter_ferguson_standard,ceded,success,38216123.52993158,93300270.72113782,-55084147.19120624,55084147.19120624,-59.03964347096642,59.03964347096642,0.005536919999940437,pricing_mc_v1
31,short_shock_no_break,short,shock,False,none,bornhuetter_ferguson_break_aware,ceded,success,38216123.52993158,93300270.72113782,-55084147.19120624,55084147.19120624,-59.03964347096642,59.03964347096642,0.00494815300044138,pricing_mc_v1
31,short_shock_no_break,short,shock,False,none,bornhuetter_ferguson_standard,gross,success,105211689.07057278,151978119.49120846,-46766430.420635685,46766430.420635685,-30.771818059862884,30.771818059862884,0.005045997000706848,pricing_mc_v1
31,short_shock_no_break,short,shock,False,none,bornhuetter_ferguson_break_aware,gross,success,105211689.07057278,151978119.49120846,-46766430.420635685,46766430.420635685,-30.771818059862884,30.771818059862884,0.005208974000197486,pricing_mc_v1
32,short_shock_no_break,short,shock,False,none,bornhuetter_ferguson_standard,ceded,success,38216123.52993158,76170535.19235645,-37954411.66242487,37954411.66242487,-49.828206624224315,49.828206624224315,0.005220342000029632,pricing_mc_v1
32,short_shock_no_break,short,shock,False,none,bornhuetter_ferguson_break_aware,ceded,success,38216123.52993158,76170535.19235645,-37954411.66242487,37954411.66242487,-49.828206624224315,49.828206624224315,0.005417524000222329,pricing_mc_v1
32,short_shock_no_break,short,shock,False,none,bornhuetter_ferguson_standard,gross,success,105211689.07057278,137564271.0944117,-32352582.023838922,32352582.023838922,-23.51815756115556,23.51815756115556,0.005055227999037015,pricing_mc_v1
32,short_shock_no_break,short,shock,False,none,bornhuetter_ferguson_break_aware,gross,success,105211689.07057278,137564271.0944117,-32352582.023838922,32352582.023838922,-23.51815756115556,23.51815756115556,0.006903203000547364,pricing_mc_v1
33,short_shock_no_break,short,shock,False,none,bornhuetter_ferguson_standard,ceded,success,38216123.52993158,83982657.97744578,-45766534.4475142,45766534.4475142,-54.49522026297997,54.49522026297997,0.005328148999979021,pricing_mc_v1
33,short_shock_no_break,short,shock,False,none,bornhuetter_ferguson_break_aware,ceded,success,38216123.52993158,83982657.97744578,-45766534.4475142,45766534.4475142,-54.49522026297997,54.49522026297997,0.005542156000956311,pricing_mc_v1
33,short_shock_no_break,short,shock,False,none,bornhuetter_ferguson_standard,gross,success,105211689.07057278,146838308.770611,-41626619.70003821,41626619.70003821,-28.348610147142736,28.348610147142736,0.005310997999913525,pricing_mc_v1
33,short_shock_no_break,short,shock,False,none,bornhuetter_ferguson_break_aware,gross,success,105211689.07057278,146838308.770611,-41626619.70003821,41626619.70003821,-28.348610147142736,28.348610147142736,0.0054480689996125875,pricing_mc_v1
34,short_shock_no_break,short,shock,False,none,bornhuetter_ferguson_standard,ceded,success,38216123.52993158,97630102.64478233,-59413979.11485075,59413979.11485075,-60.85620879763156,60.85620879763156,0.005331612999725621,pricing_mc_v1
34,short_shock_no_break,short,shock,False,none,bornhuetter_ferguson_break_aware,ceded,success,38216123.52993158,97630102.64478233,-59413979.11485075,59413979.11485075,-60.85620879763156,60.85620879763156,0.005140983999808668,pricing_mc_v1
34,short_shock_no_break,short,shock,False,none,bornhuetter_ferguson_standard,gross,success,105211689.07057278,139378193.66568446,-34166504.59511168,34166504.59511168,-24.51352230684249,24.51352230684249,0.005552190999878803,pricing_mc_v1
34,short_shock_no_break,short,shock,False,none,bornhuetter_ferguson_break_aware,gross,success,105211689.07057278,139378193.66568446,-34166504.59511168,34166504.59511168,-24.51352230684249,24.51352230684249,0.00489641800049867,pricing_mc_v1
35,short_shock_no_break,short,shock,False,none,bornhuetter_ferguson_standard,ceded,success,38216123.52993158,85880883.24703081,-47664759.71709923,47664759.71709923,-55.50101246629547,55.50101246629547,0.005341587000657455,pricing_mc_v1
35,short_shock_no_break,short,shock,False,none,bornhuetter_ferguson_break_aware,ceded,success,38216123.52993158,85880883.24703081,-47664759.71709923,47664759.71709923,-55.50101246629547,55.50101246629547,0.005263910999929067,pricing_mc_v1
35,short_shock_no_break,short,shock,False,none,bornhuetter_ferguson_standard,gross,success,105211689.07057278,138655688.11791325,-33443999.047340468,33443999.047340468,-24.120178191968282,24.120178191968282,0.005130831001224578,pricing_mc_v1
35,short_shock_no_break,short,shock,False,none,bornhuetter_ferguson_break_aware,gross,success,105211689.07057278,138655688.11791325,-33443999.047340468,33443999.047340468,-24.120178191968282,24.120178191968282,0.005344345001503825,pricing_mc_v1
36,short_shock_no_break,short,shock,False,none,bornhuetter_ferguson_standard,ceded,success,38216123.52993158,85841426.93886314,-47625303.40893156,47625303.40893156,-55.480558871476624,55.480558871476624,0.0055018120001477655,pricing_mc_v1
36,short_shock_no_break,short,shock,False,none,bornhuetter_ferguson_break_aware,ceded,success,38216123.52993158,85841426.93886314,-47625303.40893156,47625303.40893156,-55.480558871476624,55.480558871476624,0.005645289000312914,pricing_mc_v1
36,short_shock_no_break,short,shock,False,none,bornhuetter_ferguson_standard,gross,success,105211689.07057278,134471661.35442173,-29259972.283848956,29259972.283848956,-21.75921081745959,21.75921081745959,0.005603206000159844,pricing_mc_v1
36,short_shock_no_break,short,shock,False,none,bornhuetter_ferguson_break_aware,gross,success,105211689.07057278,134471661.35442173,-29259972.283848956,29259972.283848956,-21.75921081745959,21.75921081745959,0.004907032998744398,pricing_mc_v1
37,short_shock_no_break,short,shock,False,none,bornhuetter_ferguson_standard,ceded,success,38216123.52993158,70006630.76242268,-31790507.2324911,31790507.2324911,-45.410708794680666,45.410708794680666,0.005787817000964424,pricing_mc_v1
37,short_shock_no_break,short,shock,False,none,bornhuetter_ferguson_break_aware,ceded,success,38216123.52993158,70006630.76242268,-31790507.2324911,31790507.2324911,-45.410708794680666,45.410708794680666,0.004966492000676226,pricing_mc_v1
37,short_shock_no_break,short,shock,False,none,bornhuetter_ferguson_standard,gross,success,105211689.07057278,104432409.07019822,779280.0003745556,779280.0003745556,0.7462051362338418,0.7462051362338418,0.006941046998690581,pricing_mc_v1
37,short_shock_no_break,short,shock,False,none,bornhuetter_ferguson_break_aware,gross,success,105211689.07057278,104432409.07019822,779280.0003745556,779280.0003745556,0.7462051362338418,0.7462051362338418,0.005288382000799174,pricing_mc_v1
38,short_shock_no_break,short,shock,False,none,bornhuetter_ferguson_standard,ceded,success,38216123.52993158,73199320.98395583,-34983197.45402425,34983197.45402425,-47.79169667665637,47.79169667665637,0.005171023000002606,pricing_mc_v1
38,short_shock_no_break,short,shock,False,none,bornhuetter_ferguson_break_aware,ceded,success,38216123.52993158,73199320.98395583,-34983197.45402425,34983197.45402425,-47.79169667665637,47.79169667665637,0.00519130300017423,pricing_mc_v1
38,short_shock_no_break,short,shock,False,none,bornhuetter_ferguson_standard,gross,success,105211689.07057278,126271075.07221937,-21059386.001646593,21059386.001646593,-16.677917717578556,16.677917717578556,0.005547287999434047,pricing_mc_v1
38,short_shock_no_break,short,shock,False,none,bornhuetter_ferguson_break_aware,gross,success,105211689.07057278,126271075.07221937,-21059386.001646593,21059386.001646593,-16.677917717578556,16.677917717578556,0.00517365399900882,pricing_mc_v1
39,short_shock_no_break,short,shock,False,none,bornhuetter_ferguson_standard,ceded,success,38216123.52993158,96892399.45970033,-58676275.92976875,58676275.92976875,-60.55818233108521,60.55818233108521,0.005295850000038627,pricing_mc_v1
39,short_shock_no_break,short,shock,False,none,bornhuetter_ferguson_break_aware,ceded,success,38216123.52993158,96892399.45970033,-58676275.92976875,58676275.92976875,-60.55818233108521,60.55818233108521,0.005064738999863039,pricing_mc_v1
39,short_shock_no_break,short,shock,False,none,bornhuetter_ferguson_standard,gross,success,105211689.07057278,166188215.0004006,-60976525.929827824,60976525.929827824,-36.69124548312938,36.69124548312938,0.005009417000110261,pricing_mc_v1
39,short_shock_no_break,short,shock,False,none,bornhuetter_ferguson_break_aware,gross,success,105211689.07057278,166188215.0004006,-60976525.929827824,60976525.929827824,-36.69124548312938,36.69124548312938,0.005317388000548817,pricing_mc_v1
40,short_shock_no_break,short,shock,False,none,bornhuetter_ferguson_standard,ceded,success,38216123.52993158,62525344.66199358,-24309221.132061996,24309221.132061996,-38.87898781442225,38.87898781442225,0.0052626810011133784,pricing_mc_v1
40,short_shock_no_break,short,shock,False,none,bornhuetter_ferguson_break_aware,ceded,success,38216123.52993158,62525344.66199358,-24309221.132061996,24309221.132061996,-38.87898781442225,38.87898781442225,0.005431141000372008,pricing_mc_v1
40,short_shock_no_break,short,shock,False,none,bornhuetter_ferguson_standard,gross,success,105211689.07057278,109610270.24552748,-4398581.1749546975,4398581.1749546975,-4.012927953833027,4.012927953833027,0.005371212999307318,pricing_mc_v1
40,short_shock_no_break,short,shock,False,none,bornhuetter_ferguson_break_aware,gross,success,105211689.07057278,109610270.24552748,-4398581.1749546975,4398581.1749546975,-4.012927953833027,4.012927953833027,0.005168011000932893,pricing_mc_v1
41,short_shock_no_break,short,shock,False,none,bornhuetter_ferguson_standard,ceded,success,38216123.52993158,96702867.80750936,-58486744.27757778,58486744.27757778,-60.48087880288908,60.48087880288908,0.005609697000181768,pricing_mc_v1
41,short_shock_no_break,short,shock,False,none,bornhuetter_ferguson_break_aware,ceded,success,38216123.52993158,96702867.80750936,-58486744.27757778,58486744.27757778,-60.48087880288908,60.48087880288908,0.0049333160004607635,pricing_mc_v1
41,short_shock_no_break,short,shock,False,none,bornhuetter_ferguson_standard,gross,success,105211689.07057278,153585392.93719518,-48373703.8666224,48373703.8666224,-31.49629202459611,31.49629202459611,0.005094883999845479,pricing_mc_v1
41,short_shock_no_break,short,shock,False,none,bornhuetter_ferguson_break_aware,gross,success,105211689.07057278,153585392.93719518,-48373703.8666224,48373703.8666224,-31.49629202459611,31.49629202459611,0.005304172000251128,pricing_mc_v1
42,short_shock_no_break,short,shock,False,none,bornhuetter_ferguson_standard,ceded,success,38216123.52993158,100744920.0350441,-62528796.50511252,62528796.50511252,-62.0664510760065,62.0664510760065,0.0051510150005924515,pricing_mc_v1
42,short_shock_no_break,short,shock,False,none,bornhuetter_ferguson_break_aware,ceded,success,38216123.52993158,100744920.0350441,-62528796.50511252,62528796.50511252,-62.0664510760065,62.0664510760065,0.005726602999857278,pricing_mc_v1
42,short_shock_no_break,short,shock,False,none,bornhuetter_ferguson_standard,gross,success,105211689.07057278,155759929.40357077,-50548240.33299799,50548240.33299799,-32.45266001760218,32.45266001760218,0.005335838000974036,pricing_mc_v1
42,short_shock_no_break,short,shock,False,none,bornhuetter_ferguson_break_aware,gross,success,105211689.07057278,155759929.40357077,-50548240.33299799,50548240.33299799,-32.45266001760218,32.45266001760218,0.006560024999998859,pricing_mc_v1
43,short_shock_no_break,short,shock,False,none,bornhuetter_ferguson_standard,ceded,success,38216123.52993158,101253622.25781557,-63037498.72788399,63037498.72788399,-62.25703073355309,62.25703073355309,0.005385108999689692,pricing_mc_v1
43,short_shock_no_break,short,shock,False,none,bornhuetter_ferguson_break_aware,ceded,success,38216123.52993158,101253622.25781557,-63037498.72788399,63037498.72788399,-62.25703073355309,62.25703073355309,0.005250006001006113,pricing_mc_v1
43,short_shock_no_break,short,shock,False,none,bornhuetter_ferguson_standard,gross,success,105211689.07057278,150579036.84899837,-45367347.77842559,45367347.77842559,-30.12859474185657,30.12859474185657,0.005014264999772422,pricing_mc_v1
43,short_shock_no_break,short,shock,False,none,bornhuetter_ferguson_break_aware,gross,success,105211689.07057278,150579036.84899837,-45367347.77842559,45367347.77842559,-30.12859474185657,30.12859474185657,0.005328675000782823,pricing_mc_v1
44,short_shock_no_break,short,shock,False,none,bornhuetter_ferguson_standard,ceded,success,38216123.52993158,109292278.76835859,-71076155.23842701,71076155.23842701,-65.03309843970825,65.03309843970825,0.005300861999785411,pricing_mc_v1
44,short_shock_no_break,short,shock,False,none,bornhuetter_ferguson_break_aware,ceded,success,38216123.52993158,109292278.76835859,-71076155.23842701,71076155.23842701,-65.03309843970825,65.03309843970825,0.005026003000239143,pricing_mc_v1
44,short_shock_no_break,short,shock,False,none,bornhuetter_ferguson_standard,gross,success,105211689.07057278,183360483.9781164,-78148794.90754361,78148794.90754361,-42.62030357471704,42.62030357471704,0.005422800000815187,pricing_mc_v1
44,short_shock_no_break,short,shock,False,none,bornhuetter_ferguson_break_aware,gross,success,105211689.07057278,183360483.9781164,-78148794.90754361,78148794.90754361,-42.62030357471704,42.62030357471704,0.005276653999317205,pricing_mc_v1
45,short_shock_no_break,short,shock,False,none,bornhuetter_ferguson_standard,ceded,success,38216123.52993158,83758652.38629352,-45542528.85636193,45542528.85636193,-54.37352149163115,54.37352149163115,0.0052256930011935765,pricing_mc_v1
45,short_shock_no_break,short,shock,False,none,bornhuetter_ferguson_break_aware,ceded,success,38216123.52993158,83758652.38629352,-45542528.85636193,45542528.85636193,-54.37352149163115,54.37352149163115,0.00508346199967491,pricing_mc_v1
45,short_shock_no_break,short,shock,False,none,bornhuetter_ferguson_standard,gross,success,105211689.07057278,124885211.7994707,-19673522.728897914,19673522.728897914,-15.753284512571327,15.753284512571327,0.005021861999921384,pricing_mc_v1
45,short_shock_no_break,short,shock,False,none,bornhuetter_ferguson_break_aware,gross,success,105211689.07057278,124885211.7994707,-19673522.728897914,19673522.728897914,-15.753284512571327,15.753284512571327,0.005408386999988579,pricing_mc_v1
46,short_shock_no_break,short,shock,False,none,bornhuetter_ferguson_standard,ceded,success,38216123.52993158,86282794.70887911,-48066671.17894753,48066671.17894753,-55.70829194989106,55.70829194989106,0.005113519000587985,pricing_mc_v1
46,short_shock_no_break,short,shock,False,none,bornhuetter_ferguson_break_aware,ceded,success,38216123.52993158,86282794.70887911,-48066671.17894753,48066671.17894753,-55.70829194989106,55.70829194989106,0.005244908999884501,pricing_mc_v1
46,short_shock_no_break,short,shock,False,none,bornhuetter_ferguson_standard,gross,success,105211689.07057278,158972321.05648673,-53760631.98591395,53760631.98591395,-33.81760524639474,33.81760524639474,0.005526852999537368,pricing_mc_v1
46,short_shock_no_break,short,shock,False,none,bornhuetter_ferguson_break_aware,gross,success,105211689.07057278,158972321.05648673,-53760631.98591395,53760631.98591395,-33.81760524639474,33.81760524639474,0.005120667001392576,pricing_mc_v1
47,short_shock_no_break,short,shock,False,none,bornhuetter_ferguson_standard,ceded,success,38216123.52993158,80327683.44530128,-42111559.9153697,42111559.9153697,-52.42471599974042,52.42471599974042,0.009345944001324824,pricing_mc_v1
47,short_shock_no_break,short,shock,False,none,bornhuetter_ferguson_break_aware,ceded,success,38216123.52993158,80327683.44530128,-42111559.9153697,42111559.9153697,-52.42471599974042,52.42471599974042,0.005572682001002249,pricing_mc_v1
47,short_shock_no_break,short,shock,False,none,bornhuetter_ferguson_standard,gross,success,105211689.07057278,142550111.19503152,-37338422.124458745,37338422.124458745,-26.19319045873894,26.19319045873894,0.005615965999822947,pricing_mc_v1
47,short_shock_no_break,short,shock,False,none,bornhuetter_ferguson_break_aware,gross,success,105211689.07057278,142550111.19503152,-37338422.124458745,37338422.124458745,-26.19319045873894,26.19319045873894,0.005432117999589536,pricing_mc_v1
48,short_shock_no_break,short,shock,False,none,bornhuetter_ferguson_standard,ceded,success,38216123.52993158,93913852.25459364,-55697728.72466206,55697728.72466206,-59.307255945235376,59.307255945235376,0.005963779000012437,pricing_mc_v1
48,short_shock_no_break,short,shock,False,none,bornhuetter_ferguson_break_aware,ceded,success,38216123.52993158,93913852.25459364,-55697728.72466206,55697728.72466206,-59.307255945235376,59.307255945235376,0.0056688580007175915,pricing_mc_v1
48,short_shock_no_break,short,shock,False,none,bornhuetter_ferguson_standard,gross,success,105211689.07057278,143826037.418006,-38614348.347433224,38614348.347433224,-26.847953987084527,26.847953987084527,0.00529475399889634,pricing_mc_v1
48,short_shock_no_break,short,shock,False,none,bornhuetter_ferguson_break_aware,gross,success,105211689.07057278,143826037.418006,-38614348.347433224,38614348.347433224,-26.847953987084527,26.847953987084527,0.005928442998992978,pricing_mc_v1
49,short_shock_no_break,short,shock,False,none,bornhuetter_ferguson_standard,ceded,success,38216123.52993158,72987549.70519732,-34771426.17526574,34771426.17526574,-47.640215784350026,47.640215784350026,0.005350237999664387,pricing_mc_v1
49,short_shock_no_break,short,shock,False,none,bornhuetter_ferguson_break_aware,ceded,success,38216123.52993158,72987549.70519732,-34771426.17526574,34771426.17526574,-47.640215784350026,47.640215784350026,0.0053197449997242074,pricing_mc_v1
49,short_shock_no_break,short,shock,False,none,bornhuetter_ferguson_standard,gross,success,105211689.07057278,120284470.26459551,-15072781.19402273,15072781.19402273,-12.530945317268648,12.530945317268648,0.006320861000858713,pricing_mc_v1
49,short_shock_no_break,short,shock,False,none,bornhuetter_ferguson_break_aware,gross,success,105211689.07057278,120284470.26459551,-15072781.19402273,15072781.19402273,-12.530945317268648,12.530945317268648,0.005232277999311918,pricing_mc_v1
50,short_shock_no_break,short,shock,False,none,bornhuetter_ferguson_standard,ceded,success,38216123.52993158,83518505.67483574,-45302382.14490416,45302382.14490416,-54.24232842632604,54.24232842632604,0.005147259998921072,pricing_mc_v1
50,short_shock_no_break,short,shock,False,none,bornhuetter_ferguson_break_aware,ceded,success,38216123.52993158,83518505.67483574,-45302382.14490416,45302382.14490416,-54.24232842632604,54.24232842632604,0.005600962998869363,pricing_mc_v1
50,short_shock_no_break,short,shock,False,none,bornhuetter_ferguson_standard,gross,success,105211689.07057278,146605046.77015415,-41393357.69958137,41393357.69958137,-28.23460625095495,28.23460625095495,0.005375056000048062,pricing_mc_v1
50,short_shock_no_break,short,shock,False,none,bornhuetter_ferguson_break_aware,gross,success,105211689.07057278,146605046.77015415,-41393357.69958137,41393357.69958137,-28.23460625095495,28.23460625095495,0.005345867000869475,pricing_mc_v1
1,short_stable_no_break,short,stable,False,none,bornhuetter_ferguson_standard,ceded,success,24677972.87103426,55892585.70819511,-31214612.83716085,31214612.83716085,-55.84750184957731,55.84750184957731,0.006538652000017464,pricing_mc_v1
1,short_stable_no_break,short,stable,False,none,bornhuetter_ferguson_break_aware,ceded,success,24677972.87103426,55892585.70819511,-31214612.83716085,31214612.83716085,-55.84750184957731,55.84750184957731,0.00535603200114565,pricing_mc_v1
1,short_stable_no_break,short,stable,False,none,bornhuetter_ferguson_standard,gross,success,88095215.34416083,137675538.21388325,-49580322.869722426,49580322.869722426,-36.01244165299564,36.01244165299564,0.005203091999646858,pricing_mc_v1
1,short_stable_no_break,short,stable,False,none,bornhuetter_ferguson_break_aware,gross,success,88095215.34416083,137675538.21388325,-49580322.869722426,49580322.869722426,-36.01244165299564,36.01244165299564,0.005349040000510286,pricing_mc_v1
2,short_stable_no_break,short,stable,False,none,bornhuetter_ferguson_standard,ceded,success,24677972.87103426,53582073.925859615,-28904101.054825354,28904101.054825354,-53.94360265864167,53.94360265864167,0.0053520799992838874,pricing_mc_v1
2,short_stable_no_break,short,stable,False,none,bornhuetter_ferguson_break_aware,ceded,success,24677972.87103426,53582073.925859615,-28904101.054825354,28904101.054825354,-53.94360265864167,53.94360265864167,0.005650155999319395,pricing_mc_v1
2,short_stable_no_break,short,stable,False,none,bornhuetter_ferguson_standard,gross,success,88095215.34416083,107139513.3591665,-19044298.015005678,19044298.015005678,-17.77523288832104,17.77523288832104,0.005237616000158596,pricing_mc_v1
2,short_stable_no_break,short,stable,False,none,bornhuetter_ferguson_break_aware,gross,success,88095215.34416083,107139513.3591665,-19044298.015005678,19044298.015005678,-17.77523288832104,17.77523288832104,0.005368193000322208,pricing_mc_v1
3,short_stable_no_break,short,stable,False,none,bornhuetter_ferguson_standard,ceded,success,24677972.87103426,52023753.56578843,-27345780.694754172,27345780.694754172,-52.564028583929684,52.564028583929684,0.005347286998585332,pricing_mc_v1
3,short_stable_no_break,short,stable,False,none,bornhuetter_ferguson_break_aware,ceded,success,24677972.87103426,52023753.56578843,-27345780.694754172,27345780.694754172,-52.564028583929684,52.564028583929684,0.005048003000410972,pricing_mc_v1
3,short_stable_no_break,short,stable,False,none,bornhuetter_ferguson_standard,gross,success,88095215.34416083,95306481.37821576,-7211266.034054935,7211266.034054935,-7.566396251098214,7.566396251098214,0.005795830998977181,pricing_mc_v1
3,short_stable_no_break,short,stable,False,none,bornhuetter_ferguson_break_aware,gross,success,88095215.34416083,95306481.37821576,-7211266.034054935,7211266.034054935,-7.566396251098214,7.566396251098214,0.004965813001035713,pricing_mc_v1
4,short_stable_no_break,short,stable,False,none,bornhuetter_ferguson_standard,ceded,success,24677972.87103426,45183225.50441329,-20505252.63337903,20505252.63337903,-45.38244537538864,45.38244537538864,0.005158157999176183,pricing_mc_v1
4,short_stable_no_break,short,stable,False,none,bornhuetter_ferguson_break_aware,ceded,success,24677972.87103426,45183225.50441329,-20505252.63337903,20505252.63337903,-45.38244537538864,45.38244537538864,0.005528649000552832,pricing_mc_v1
4,short_stable_no_break,short,stable,False,none,bornhuetter_ferguson_standard,gross,success,88095215.34416083,106710580.614353,-18615365.270192176,18615365.270192176,-17.44472306590405,17.44472306590405,0.0050345700001344085,pricing_mc_v1
4,short_stable_no_break,short,stable,False,none,bornhuetter_ferguson_break_aware,gross,success,88095215.34416083,106710580.614353,-18615365.270192176,18615365.270192176,-17.44472306590405,17.44472306590405,0.005019494999942253,pricing_mc_v1
5,short_stable_no_break,short,stable,False,none,bornhuetter_ferguson_standard,ceded,success,24677972.87103426,49839749.28119759,-25161776.41016333,25161776.41016333,-50.48535912209292,50.48535912209292,0.0059246359996905085,pricing_mc_v1
5,short_stable_no_break,short,stable,False,none,bornhuetter_ferguson_break_aware,ceded,success,24677972.87103426,49839749.28119759,-25161776.41016333,25161776.41016333,-50.48535912209292,50.48535912209292,0.005423975999292452,pricing_mc_v1
5,short_stable_no_break,short,stable,False,none,bornhuetter_ferguson_standard,gross,success,88095215.34416083,85060362.03905159,3034853.3051092327,3034853.3051092327,3.567881951543914,3.567881951543914,0.005100242999105831,pricing_mc_v1
5,short_stable_no_break,short,stable,False,none,bornhuetter_ferguson_break_aware,gross,success,88095215.34416083,85060362.03905159,3034853.3051092327,3034853.3051092327,3.567881951543914,3.567881951543914,0.005199221001021215,pricing_mc_v1
6,short_stable_no_break,short,stable,False,none,bornhuetter_ferguson_standard,ceded,success,24677972.87103426,50537310.763940305,-25859337.892906044,25859337.892906044,-51.168804793937234,51.168804793937234,0.005248224000752089,pricing_mc_v1
6,short_stable_no_break,short,stable,False,none,bornhuetter_ferguson_break_aware,ceded,success,24677972.87103426,50537310.763940305,-25859337.892906044,25859337.892906044,-51.168804793937234,51.168804793937234,0.005282840000290889,pricing_mc_v1
6,short_stable_no_break,short,stable,False,none,bornhuetter_ferguson_standard,gross,success,88095215.34416083,94964480.43920985,-6869265.095049024,6869265.095049024,-7.233509901047987,7.233509901047987,0.007575755000289064,pricing_mc_v1
6,short_stable_no_break,short,stable,False,none,bornhuetter_ferguson_break_aware,gross,success,88095215.34416083,94964480.43920985,-6869265.095049024,6869265.095049024,-7.233509901047987,7.233509901047987,0.004943090001688688,pricing_mc_v1
7,short_stable_no_break,short,stable,False,none,bornhuetter_ferguson_standard,ceded,success,24677972.87103426,46350552.50131959,-21672579.630285326,21672579.630285326,-46.75797473971494,46.75797473971494,0.005869340000572265,pricing_mc_v1
7,short_stable_no_break,short,stable,False,none,bornhuetter_ferguson_break_aware,ceded,success,24677972.87103426,46350552.50131959,-21672579.630285326,21672579.630285326,-46.75797473971494,46.75797473971494,0.004956046999723185,pricing_mc_v1
7,short_stable_no_break,short,stable,False,none,bornhuetter_ferguson_standard,gross,success,88095215.34416083,104740484.08948034,-16645268.745319515,16645268.745319515,-15.891915041274178,15.891915041274178,0.00552152399905026,pricing_mc_v1
7,short_stable_no_break,short,stable,False,none,bornhuetter_ferguson_break_aware,gross,success,88095215.34416083,104740484.08948034,-16645268.745319515,16645268.745319515,-15.891915041274178,15.891915041274178,0.00555403600083082,pricing_mc_v1
8,short_stable_no_break,short,stable,False,none,bornhuetter_ferguson_standard,ceded,success,24677972.87103426,55435028.83808475,-30757055.96705049,30757055.96705049,-55.48307020257181,55.48307020257181,0.0051740509989031125,pricing_mc_v1
8,short_stable_no_break,short,stable,False,none,bornhuetter_ferguson_break_aware,ceded,success,24677972.87103426,55435028.83808475,-30757055.96705049,30757055.96705049,-55.48307020257181,55.48307020257181,0.005711066000003484,pricing_mc_v1
8,short_stable_no_break,short,stable,False,none,bornhuetter_ferguson_standard,gross,success,88095215.34416083,121245396.88591947,-33150181.54175864,33150181.54175864,-27.34139389468934,27.34139389468934,0.005423485001301742,pricing_mc_v1
8,short_stable_no_break,short,stable,False,none,bornhuetter_ferguson_break_aware,gross,success,88095215.34416083,121245396.88591947,-33150181.54175864,33150181.54175864,-27.34139389468934,27.34139389468934,0.005010711000068113,pricing_mc_v1
9,short_stable_no_break,short,stable,False,none,bornhuetter_ferguson_standard,ceded,success,24677972.87103426,55145937.14233,-30467964.271295737,30467964.271295737,-55.24969898083125,55.24969898083125,0.008773315999860642,pricing_mc_v1
9,short_stable_no_break,short,stable,False,none,bornhuetter_ferguson_break_aware,ceded,success,24677972.87103426,55145937.14233,-30467964.271295737,30467964.271295737,-55.24969898083125,55.24969898083125,0.007353658000283758,pricing_mc_v1
9,short_stable_no_break,short,stable,False,none,bornhuetter_ferguson_standard,gross,success,88095215.34416083,106743155.20665479,-18647939.862493962,18647939.862493962,-17.469916292423196,17.469916292423196,0.006337785000141594,pricing_mc_v1
9,short_stable_no_break,short,stable,False,none,bornhuetter_ferguson_break_aware,gross,success,88095215.34416083,106743155.20665479,-18647939.862493962,18647939.862493962,-17.469916292423196,17.469916292423196,0.006243711999559309,pricing_mc_v1
10,short_stable_no_break,short,stable,False,none,bornhuetter_ferguson_standard,ceded,success,24677972.87103426,66326260.11826292,-41648287.24722865,41648287.24722865,-62.793058394921935,62.793058394921935,0.00553944499915815,pricing_mc_v1
10,short_stable_no_break,short,stable,False,none,bornhuetter_ferguson_break_aware,ceded,success,24677972.87103426,66326260.11826292,-41648287.24722865,41648287.24722865,-62.793058394921935,62.793058394921935,0.00537444000110554,pricing_mc_v1
10,short_stable_no_break,short,stable,False,none,bornhuetter_ferguson_standard,gross,success,88095215.34416083,134674853.39260995,-46579638.04844913,46579638.04844913,-34.586737520075964,34.586737520075964,0.005618712999421405,pricing_mc_v1
10,short_stable_no_break,short,stable,False,none,bornhuetter_ferguson_break_aware,gross,success,88095215.34416083,134674853.39260995,-46579638.04844913,46579638.04844913,-34.586737520075964,34.586737520075964,0.005197634000069229,pricing_mc_v1
11,short_stable_no_break,short,stable,False,none,bornhuetter_ferguson_standard,ceded,success,24677972.87103426,71395569.41409275,-46717596.543058485,46717596.543058485,-65.43486791469851,65.43486791469851,0.005328166000253987,pricing_mc_v1
11,short_stable_no_break,short,stable,False,none,bornhuetter_ferguson_break_aware,ceded,success,24677972.87103426,71395569.41409275,-46717596.543058485,46717596.543058485,-65.43486791469851,65.43486791469851,0.005139716999110533,pricing_mc_v1
11,short_stable_no_break,short,stable,False,none,bornhuetter_ferguson_standard,gross,success,88095215.34416083,120416969.18187675,-32321753.837715924,32321753.837715924,-26.841527450252816,26.841527450252816,0.005081841998617165,pricing_mc_v1
11,short_stable_no_break,short,stable,False,none,bornhuetter_ferguson_break_aware,gross,success,88095215.34416083,120416969.18187675,-32321753.837715924,32321753.837715924,-26.841527450252816,26.841527450252816,0.005599015999905532,pricing_mc_v1
12,short_stable_no_break,short,stable,False,none,bornhuetter_ferguson_standard,ceded,success,24677972.87103426,57506650.49990024,-32828677.628865976,32828677.628865976,-57.08674969501645,57.08674969501645,0.005540612999539007,pricing_mc_v1
12,short_stable_no_break,short,stable,False,none,bornhuetter_ferguson_break_aware,ceded,success,24677972.87103426,57506650.49990024,-32828677.628865976,32828677.628865976,-57.08674969501645,57.08674969501645,0.00564766800016514,pricing_mc_v1
12,short_stable_no_break,short,stable,False,none,bornhuetter_ferguson_standard,gross,success,88095215.34416083,114242903.11648484,-26147687.77232401,26147687.77232401,-22.88780051891993,22.88780051891993,0.005669321000823402,pricing_mc_v1
12,short_stable_no_break,short,stable,False,none,bornhuetter_ferguson_break_aware,gross,success,88095215.34416083,114242903.11648484,-26147687.77232401,26147687.77232401,-22.88780051891993,22.88780051891993,0.005183989000215661,pricing_mc_v1
13,short_stable_no_break,short,stable,False,none,bornhuetter_ferguson_standard,ceded,success,24677972.87103426,55324389.44217354,-30646416.57113928,30646416.57113928,-55.39404389301339,55.39404389301339,0.005169030999240931,pricing_mc_v1
13,short_stable_no_break,short,stable,False,none,bornhuetter_ferguson_break_aware,ceded,success,24677972.87103426,55324389.44217354,-30646416.57113928,30646416.57113928,-55.39404389301339,55.39404389301339,0.005254781000985531,pricing_mc_v1
13,short_stable_no_break,short,stable,False,none,bornhuetter_ferguson_standard,gross,success,88095215.34416083,119092300.91678554,-30997085.572624713,30997085.572624713,-26.0277829330744,26.0277829330744,0.005047930000728229,pricing_mc_v1
13,short_stable_no_break,short,stable,False,none,bornhuetter_ferguson_break_aware,gross,success,88095215.34416083,119092300.91678554,-30997085.572624713,30997085.572624713,-26.0277829330744,26.0277829330744,0.005395011001382954,pricing_mc_v1
14,short_stable_no_break,short,stable,False,none,bornhuetter_ferguson_standard,ceded,success,24677972.87103426,55065670.70444464,-30387697.83341038,30387697.83341038,-55.18446873463329,55.18446873463329,0.005055308998635155,pricing_mc_v1
14,short_stable_no_break,short,stable,False,none,bornhuetter_ferguson_break_aware,ceded,success,24677972.87103426,55065670.70444464,-30387697.83341038,30387697.83341038,-55.18446873463329,55.18446873463329,0.005797234998681233,pricing_mc_v1
14,short_stable_no_break,short,stable,False,none,bornhuetter_ferguson_standard,gross,success,88095215.34416083,114866079.21356876,-26770863.869407937,26770863.869407937,-23.306152741257296,23.306152741257296,0.005135141000209842,pricing_mc_v1
14,short_stable_no_break,short,stable,False,none,bornhuetter_ferguson_break_aware,gross,success,88095215.34416083,114866079.21356876,-26770863.869407937,26770863.869407937,-23.306152741257296,23.306152741257296,0.006457706000219332,pricing_mc_v1
15,short_stable_no_break,short,stable,False,none,bornhuetter_ferguson_standard,ceded,success,24677972.87103426,50351765.20084126,-25673792.329807002,25673792.329807002,-50.98886251038137,50.98886251038137,0.005940114000622998,pricing_mc_v1
15,short_stable_no_break,short,stable,False,none,bornhuetter_ferguson_break_aware,ceded,success,24677972.87103426,50351765.20084126,-25673792.329807002,25673792.329807002,-50.98886251038137,50.98886251038137,0.00554579100025876,pricing_mc_v1
15,short_stable_no_break,short,stable,False,none,bornhuetter_ferguson_standard,gross,success,88095215.34416083,127696575.13080329,-39601359.78664246,39601359.78664246,-31.01207667165517,31.01207667165517,0.005486515001393855,pricing_mc_v1
15,short_stable_no_break,short,stable,False,none,bornhuetter_ferguson_break_aware,gross,success,88095215.34416083,127696575.13080329,-39601359.78664246,39601359.78664246,-31.01207667165517,31.01207667165517,0.005447517998618423,pricing_mc_v1
16,short_stable_no_break,short,stable,False,none,bornhuetter_ferguson_standard,ceded,success,24677972.87103426,56998013.749120295,-32320040.878086034,32320040.878086034,-56.703802031320535,56.703802031320535,0.0051678110012289835,pricing_mc_v1
16,short_stable_no_break,short,stable,False,none,bornhuetter_ferguson_break_aware,ceded,success,24677972.87103426,56998013.749120295,-32320040.878086034,32320040.878086034,-56.703802031320535,56.703802031320535,0.005043914999987464,pricing_mc_v1
16,short_stable_no_break,short,stable,False,none,bornhuetter_ferguson_standard,gross,success,88095215.34416083,123002524.48652636,-34907309.14236553,34907309.14236553,-28.379343666388948,28.379343666388948,0.005593072000920074,pricing_mc_v1
16,short_stable_no_break,short,stable,False,none,bornhuetter_ferguson_break_aware,gross,success,88095215.34416083,123002524.48652636,-34907309.14236553,34907309.14236553,-28.379343666388948,28.379343666388948,0.00518402200032142,pricing_mc_v1
17,short_stable_no_break,short,stable,False,none,bornhuetter_ferguson_standard,ceded,success,24677972.87103426,59361349.67702557,-34683376.80599131,34683376.80599131,-58.427540806766224,58.427540806766224,0.006445128999985172,pricing_mc_v1
17,short_stable_no_break,short,stable,False,none,bornhuetter_ferguson_break_aware,ceded,success,24677972.87103426,59361349.67702557,-34683376.80599131,34683376.80599131,-58.427540806766224,58.427540806766224,0.005131010999321006,pricing_mc_v1
17,short_stable_no_break,short,stable,False,none,bornhuetter_ferguson_standard,gross,success,88095215.34416083,127354373.57373068,-39259158.22956985,39259158.22956985,-30.82670592921657,30.82670592921657,0.006193168999743648,pricing_mc_v1
17,short_stable_no_break,short,stable,False,none,bornhuetter_ferguson_break_aware,gross,success,88095215.34416083,127354373.57373068,-39259158.22956985,39259158.22956985,-30.82670592921657,30.82670592921657,0.006770213998606778,pricing_mc_v1
18,short_stable_no_break,short,stable,False,none,bornhuetter_ferguson_standard,ceded,success,24677972.87103426,48910691.05964558,-24232718.188611317,24232718.188611317,-49.54482887812813,49.54482887812813,0.007000685000093654,pricing_mc_v1
18,short_stable_no_break,short,stable,False,none,bornhuetter_ferguson_break_aware,ceded,success,24677972.87103426,48910691.05964558,-24232718.188611317,24232718.188611317,-49.54482887812813,49.54482887812813,0.014436753001064062,pricing_mc_v1
18,short_stable_no_break,short,stable,False,none,bornhuetter_ferguson_standard,gross,success,88095215.34416083,93885351.4018268,-5790136.057665974,5790136.057665974,-6.167241184286936,6.167241184286936,0.005745872000261443,pricing_mc_v1
18,short_stable_no_break,short,stable,False,none,bornhuetter_ferguson_break_aware,gross,success,88095215.34416083,93885351.4018268,-5790136.057665974,5790136.057665974,-6.167241184286936,6.167241184286936,0.009566745999109116,pricing_mc_v1
19,short_stable_no_break,short,stable,False,none,bornhuetter_ferguson_standard,ceded,success,24677972.87103426,45623545.43055571,-20945572.559521448,20945572.559521448,-45.909567881792576,45.909567881792576,0.005454009000459337,pricing_mc_v1
19,short_stable_no_break,short,stable,False,none,bornhuetter_ferguson_break_aware,ceded,success,24677972.87103426,45623545.43055571,-20945572.559521448,20945572.559521448,-45.909567881792576,45.909567881792576,0.005405650999819045,pricing_mc_v1
19,short_stable_no_break,short,stable,False,none,bornhuetter_ferguson_standard,gross,success,88095215.34416083,104078477.64588737,-15983262.30172655,15983262.30172655,-15.356933213519312,15.356933213519312,0.005908310999075184,pricing_mc_v1
19,short_stable_no_break,short,stable,False,none,bornhuetter_ferguson_break_aware,gross,success,88095215.34416083,104078477.64588737,-15983262.30172655,15983262.30172655,-15.356933213519312,15.356933213519312,0.00498378500014951,pricing_mc_v1
20,short_stable_no_break,short,stable,False,none,bornhuetter_ferguson_standard,ceded,success,24677972.87103426,54266755.164201364,-29588782.293167103,29588782.293167103,-54.52469417719341,54.52469417719341,0.005443494999781251,pricing_mc_v1
20,short_stable_no_break,short,stable,False,none,bornhuetter_ferguson_break_aware,ceded,success,24677972.87103426,54266755.164201364,-29588782.293167103,29588782.293167103,-54.52469417719341,54.52469417719341,0.0053813619997526985,pricing_mc_v1
20,short_stable_no_break,short,stable,False,none,bornhuetter_ferguson_standard,gross,success,88095215.34416083,124506894.50862205,-36411679.164461225,36411679.164461225,-29.244709144954005,29.244709144954005,0.0051170459992135875,pricing_mc_v1
20,short_stable_no_break,short,stable,False,none,bornhuetter_ferguson_break_aware,gross,success,88095215.34416083,124506894.50862205,-36411679.164461225,36411679.164461225,-29.244709144954005,29.244709144954005,0.005557516999033396,pricing_mc_v1
21,short_stable_no_break,short,stable,False,none,bornhuetter_ferguson_standard,ceded,success,24677972.87103426,41005306.84397526,-16327333.972941,16327333.972941,-39.8176119863371,39.8176119863371,0.005099486001199693,pricing_mc_v1
21,short_stable_no_break,short,stable,False,none,bornhuetter_ferguson_break_aware,ceded,success,24677972.87103426,41005306.84397526,-16327333.972941,16327333.972941,-39.8176119863371,39.8176119863371,0.005159341999387834,pricing_mc_v1
21,short_stable_no_break,short,stable,False,none,bornhuetter_ferguson_standard,gross,success,88095215.34416083,99984220.00134787,-11889004.657187045,11889004.657187045,-11.890881038054577,11.890881038054577,0.005580616998486221,pricing_mc_v1
21,short_stable_no_break,short,stable,False,none,bornhuetter_ferguson_break_aware,gross,success,88095215.34416083,99984220.00134787,-11889004.657187045,11889004.657187045,-11.890881038054577,11.890881038054577,0.005184490999454283,pricing_mc_v1
22,short_stable_no_break,short,stable,False,none,bornhuetter_ferguson_standard,ceded,success,24677972.87103426,57648324.65838912,-32970351.78735486,32970351.78735486,-57.19221153906844,57.19221153906844,0.005599358999461401,pricing_mc_v1
22,short_stable_no_break,short,stable,False,none,bornhuetter_ferguson_break_aware,ceded,success,24677972.87103426,57648324.65838912,-32970351.78735486,32970351.78735486,-57.19221153906844,57.19221153906844,0.005124081999383634,pricing_mc_v1
22,short_stable_no_break,short,stable,False,none,bornhuetter_ferguson_standard,gross,success,88095215.34416083,107923515.78230163,-19828300.43814081,19828300.43814081,-18.37254864652255,18.37254864652255,0.005120178999277414,pricing_mc_v1
22,short_stable_no_break,short,stable,False,none,bornhuetter_ferguson_break_aware,gross,success,88095215.34416083,107923515.78230163,-19828300.43814081,19828300.43814081,-18.37254864652255,18.37254864652255,0.006258588000491727,pricing_mc_v1
23,short_stable_no_break,short,stable,False,none,bornhuetter_ferguson_standard,ceded,success,24677972.87103426,62637929.17204631,-37959956.301012054,37959956.301012054,-60.602189125295354,60.602189125295354,0.005244103000222822,pricing_mc_v1
23,short_stable_no_break,short,stable,False,none,bornhuetter_ferguson_break_aware,ceded,success,24677972.87103426,62637929.17204631,-37959956.301012054,37959956.301012054,-60.602189125295354,60.602189125295354,0.0051288649992784485,pricing_mc_v1
23,short_stable_no_break,short,stable,False,none,bornhuetter_ferguson_standard,gross,success,88095215.34416083,131889539.48261106,-43794324.138450235,43794324.138450235,-33.20530521999759,33.20530521999759,0.006023851999998442,pricing_mc_v1
23,short_stable_no_break,short,stable,False,none,bornhuetter_ferguson_break_aware,gross,success,88095215.34416083,131889539.48261106,-43794324.138450235,43794324.138450235,-33.20530521999759,33.20530521999759,0.006372931000441895,pricing_mc_v1
24,short_stable_no_break,short,stable,False,none,bornhuetter_ferguson_standard,ceded,success,24677972.87103426,46324811.78115249,-21646838.910118226,21646838.910118226,-46.728390419333266,46.728390419333266,0.005127309999807039,pricing_mc_v1
24,short_stable_no_break,short,stable,False,none,bornhuetter_ferguson_break_aware,ceded,success,24677972.87103426,46324811.78115249,-21646838.910118226,21646838.910118226,-46.728390419333266,46.728390419333266,0.006239214999368414,pricing_mc_v1
24,short_stable_no_break,short,stable,False,none,bornhuetter_ferguson_standard,gross,success,88095215.34416083,118342118.97838429,-30246903.63422346,30246903.63422346,-25.558866019416293,25.558866019416293,0.005336231999535812,pricing_mc_v1
24,short_stable_no_break,short,stable,False,none,bornhuetter_ferguson_break_aware,gross,success,88095215.34416083,118342118.97838429,-30246903.63422346,30246903.63422346,-25.558866019416293,25.558866019416293,0.005114890998811461,pricing_mc_v1
25,short_stable_no_break,short,stable,False,none,bornhuetter_ferguson_standard,ceded,success,24677972.87103426,70838895.44249286,-46160922.57145859,46160922.57145859,-65.16324440565582,65.16324440565582,0.005612912998913089,pricing_mc_v1
25,short_stable_no_break,short,stable,False,none,bornhuetter_ferguson_break_aware,ceded,success,24677972.87103426,70838895.44249286,-46160922.57145859,46160922.57145859,-65.16324440565582,65.16324440565582,0.0049225809998461045,pricing_mc_v1
25,short_stable_no_break,short,stable,False,none,bornhuetter_ferguson_standard,gross,success,88095215.34416083,157284835.93575907,-69189620.59159824,69189620.59159824,-43.99001351907684,43.99001351907684,0.005239217998678214,pricing_mc_v1
25,short_stable_no_break,short,stable,False,none,bornhuetter_ferguson_break_aware,gross,success,88095215.34416083,157284835.93575907,-69189620.59159824,69189620.59159824,-43.99001351907684,43.99001351907684,0.005280194000079064,pricing_mc_v1
26,short_stable_no_break,short,stable,False,none,bornhuetter_ferguson_standard,ceded,success,24677972.87103426,59500057.73544208,-34822084.86440782,34822084.86440782,-58.524455588327164,58.524455588327164,0.005104760000904207,pricing_mc_v1
26,short_stable_no_break,short,stable,False,none,bornhuetter_ferguson_break_aware,ceded,success,24677972.87103426,59500057.73544208,-34822084.86440782,34822084.86440782,-58.524455588327164,58.524455588327164,0.0052041710005141795,pricing_mc_v1
26,short_stable_no_break,short,stable,False,none,bornhuetter_ferguson_standard,gross,success,88095215.34416083,116528553.07240757,-28433337.72824675,28433337.72824675,-24.40031818689027,24.40031818689027,0.005313149000357953,pricing_mc_v1
26,short_stable_no_break,short,stable,False,none,bornhuetter_ferguson_break_aware,gross,success,88095215.34416083,116528553.07240757,-28433337.72824675,28433337.72824675,-24.40031818689027,24.40031818689027,0.0050100890002795495,pricing_mc_v1
27,short_stable_no_break,short,stable,False,none,bornhuetter_ferguson_standard,ceded,success,24677972.87103426,71206593.66970244,-46528620.798668176,46528620.798668176,-65.34313523617624,65.34313523617624,0.005288162999931956,pricing_mc_v1
27,short_stable_no_break,short,stable,False,none,bornhuetter_ferguson_break_aware,ceded,success,24677972.87103426,71206593.66970244,-46528620.798668176,46528620.798668176,-65.34313523617624,65.34313523617624,0.005065598999863141,pricing_mc_v1
27,short_stable_no_break,short,stable,False,none,bornhuetter_ferguson_standard,gross,success,88095215.34416083,157932124.15747845,-69836908.81331763,69836908.81331763,-44.21957165831653,44.21957165831653,0.005215533999944455,pricing_mc_v1
27,short_stable_no_break,short,stable,False,none,bornhuetter_ferguson_break_aware,gross,success,88095215.34416083,157932124.15747845,-69836908.81331763,69836908.81331763,-44.21957165831653,44.21957165831653,0.005083198000647826,pricing_mc_v1
28,short_stable_no_break,short,stable,False,none,bornhuetter_ferguson_standard,ceded,success,24677972.87103426,62314503.85059279,-37636530.97955853,37636530.97955853,-60.39770623833747,60.39770623833747,0.005134788998475415,pricing_mc_v1
28,short_stable_no_break,short,stable,False,none,bornhuetter_ferguson_break_aware,ceded,success,24677972.87103426,62314503.85059279,-37636530.97955853,37636530.97955853,-60.39770623833747,60.39770623833747,0.00563679900005809,pricing_mc_v1
28,short_stable_no_break,short,stable,False,none,bornhuetter_ferguson_standard,gross,success,88095215.34416083,130071257.585858,-41976042.24169718,41976042.24169718,-32.27157407468706,32.27157407468706,0.0051467009998305,pricing_mc_v1
28,short_stable_no_break,short,stable,False,none,bornhuetter_ferguson_break_aware,gross,success,88095215.34416083,130071257.585858,-41976042.24169718,41976042.24169718,-32.27157407468706,32.27157407468706,0.005204913999477867,pricing_mc_v1
29,short_stable_no_break,short,stable,False,none,bornhuetter_ferguson_standard,ceded,success,24677972.87103426,56963023.1644543,-32285050.293420043,32285050.293420043,-56.67720654539689,56.67720654539689,0.005766628999481327,pricing_mc_v1
29,short_stable_no_break,short,stable,False,none,bornhuetter_ferguson_break_aware,ceded,success,24677972.87103426,56963023.1644543,-32285050.293420043,32285050.293420043,-56.67720654539689,56.67720654539689,0.0049108959992736345,pricing_mc_v1
29,short_stable_no_break,short,stable,False,none,bornhuetter_ferguson_standard,gross,success,88095215.34416083,105743776.37056592,-17648561.026405096,17648561.026405096,-16.689928837568566,16.689928837568566,0.005700384001102066,pricing_mc_v1
29,short_stable_no_break,short,stable,False,none,bornhuetter_ferguson_break_aware,gross,success,88095215.34416083,105743776.37056592,-17648561.026405096,17648561.026405096,-16.689928837568566,16.689928837568566,0.00499417699938931,pricing_mc_v1
30,short_stable_no_break,short,stable,False,none,bornhuetter_ferguson_standard,ceded,success,24677972.87103426,62387330.11787935,-37709357.2468451,37709357.2468451,-60.44393497140233,60.44393497140233,0.005243108000286156,pricing_mc_v1
30,short_stable_no_break,short,stable,False,none,bornhuetter_ferguson_break_aware,ceded,success,24677972.87103426,62387330.11787935,-37709357.2468451,37709357.2468451,-60.44393497140233,60.44393497140233,0.005277198999465327,pricing_mc_v1
30,short_stable_no_break,short,stable,False,none,bornhuetter_ferguson_standard,gross,success,88095215.34416083,120655934.49988824,-32560719.155727416,32560719.155727416,-26.986421588535766,26.986421588535766,0.00497047800126893,pricing_mc_v1
30,short_stable_no_break,short,stable,False,none,bornhuetter_ferguson_break_aware,gross,success,88095215.34416083,120655934.49988824,-32560719.155727416,32560719.155727416,-26.986421588535766,26.986421588535766,0.005557133999900543,pricing_mc_v1
31,short_stable_no_break,short,stable,False,none,bornhuetter_ferguson_standard,ceded,success,24677972.87103426,57760920.246734,-33082947.37569974,33082947.37569974,-57.27565841122547,57.27565841122547,0.005861439998625428,pricing_mc_v1
31,short_stable_no_break,short,stable,False,none,bornhuetter_ferguson_break_aware,ceded,success,24677972.87103426,57760920.246734,-33082947.37569974,33082947.37569974,-57.27565841122547,57.27565841122547,0.005164034000699758,pricing_mc_v1
31,short_stable_no_break,short,stable,False,none,bornhuetter_ferguson_standard,gross,success,88095215.34416083,122081952.54001437,-33986737.195853546,33986737.195853546,-27.839280490467118,27.839280490467118,0.005904088000534102,pricing_mc_v1
31,short_stable_no_break,short,stable,False,none,bornhuetter_ferguson_break_aware,gross,success,88095215.34416083,122081952.54001437,-33986737.195853546,33986737.195853546,-27.839280490467118,27.839280490467118,0.004960516998835374,pricing_mc_v1
32,short_stable_no_break,short,stable,False,none,bornhuetter_ferguson_standard,ceded,success,24677972.87103426,46887955.63871187,-22209982.76767761,22209982.76767761,-47.36820461700934,47.36820461700934,0.005099444999359548,pricing_mc_v1
32,short_stable_no_break,short,stable,False,none,bornhuetter_ferguson_break_aware,ceded,success,24677972.87103426,46887955.63871187,-22209982.76767761,22209982.76767761,-47.36820461700934,47.36820461700934,0.005276118999972823,pricing_mc_v1
32,short_stable_no_break,short,stable,False,none,bornhuetter_ferguson_standard,gross,success,88095215.34416083,110584025.71817082,-22488810.374009997,22488810.374009997,-20.336400513509886,20.336400513509886,0.005311662000167416,pricing_mc_v1
32,short_stable_no_break,short,stable,False,none,bornhuetter_ferguson_break_aware,gross,success,88095215.34416083,110584025.71817082,-22488810.374009997,22488810.374009997,-20.336400513509886,20.336400513509886,0.005428616999779479,pricing_mc_v1
33,short_stable_no_break,short,stable,False,none,bornhuetter_ferguson_standard,ceded,success,24677972.87103426,50303056.34022082,-25625083.469186556,25625083.469186556,-50.94140462534382,50.94140462534382,0.005218784001044696,pricing_mc_v1
33,short_stable_no_break,short,stable,False,none,bornhuetter_ferguson_break_aware,ceded,success,24677972.87103426,50303056.34022082,-25625083.469186556,25625083.469186556,-50.94140462534382,50.94140462534382,0.005151580999154248,pricing_mc_v1
33,short_stable_no_break,short,stable,False,none,bornhuetter_ferguson_standard,gross,success,88095215.34416083,117942981.21017799,-29847765.866017163,29847765.866017163,-25.306945406804267,25.306945406804267,0.005289416001687641,pricing_mc_v1
33,short_stable_no_break,short,stable,False,none,bornhuetter_ferguson_break_aware,gross,success,88095215.34416083,117942981.21017799,-29847765.866017163,29847765.866017163,-25.306945406804267,25.306945406804267,0.005130231000293861,pricing_mc_v1
34,short_stable_no_break,short,stable,False,none,bornhuetter_ferguson_standard,ceded,success,24677972.87103426,61527410.56761405,-36849437.696579784,36849437.696579784,-59.89109139589906,59.89109139589906,0.005057737000242923,pricing_mc_v1
34,short_stable_no_break,short,stable,False,none,bornhuetter_ferguson_break_aware,ceded,success,24677972.87103426,61527410.56761405,-36849437.696579784,36849437.696579784,-59.89109139589906,59.89109139589906,0.005244227999355644,pricing_mc_v1
34,short_stable_no_break,short,stable,False,none,bornhuetter_ferguson_standard,gross,success,88095215.34416083,112093368.49628347,-23998153.152122647,23998153.152122647,-21.409074840068097,21.409074840068097,0.0050797310013876995,pricing_mc_v1
34,short_stable_no_break,short,stable,False,none,bornhuetter_ferguson_break_aware,gross,success,88095215.34416083,112093368.49628347,-23998153.152122647,23998153.152122647,-21.409074840068097,21.409074840068097,0.005411314001321443,pricing_mc_v1
35,short_stable_no_break,short,stable,False,none,bornhuetter_ferguson_standard,ceded,success,24677972.87103426,52999778.68140803,-28321805.810373772,28321805.810373772,-53.43759259943641,53.43759259943641,0.0050755770007526735,pricing_mc_v1
35,short_stable_no_break,short,stable,False,none,bornhuetter_ferguson_break_aware,ceded,success,24677972.87103426,52999778.68140803,-28321805.810373772,28321805.810373772,-53.43759259943641,53.43759259943641,0.005041426000389038,pricing_mc_v1
35,short_stable_no_break,short,stable,False,none,bornhuetter_ferguson_standard,gross,success,88095215.34416083,111310007.17121792,-23214791.827057093,23214791.827057093,-20.855979095705134,20.855979095705134,0.0062310450011864305,pricing_mc_v1
35,short_stable_no_break,short,stable,False,none,bornhuetter_ferguson_break_aware,gross,success,88095215.34416083,111310007.17121792,-23214791.827057093,23214791.827057093,-20.855979095705134,20.855979095705134,0.004946286999256699,pricing_mc_v1
36,short_stable_no_break,short,stable,False,none,bornhuetter_ferguson_standard,ceded,success,24677972.87103426,49542202.26595014,-24864229.394915882,24864229.394915882,-50.18797763862188,50.18797763862188,0.005602336999800173,pricing_mc_v1
36,short_stable_no_break,short,stable,False,none,bornhuetter_ferguson_break_aware,ceded,success,24677972.87103426,49542202.26595014,-24864229.394915882,24864229.394915882,-50.18797763862188,50.18797763862188,0.005863293999937014,pricing_mc_v1
36,short_stable_no_break,short,stable,False,none,bornhuetter_ferguson_standard,gross,success,88095215.34416083,108015276.40986973,-19920061.065708905,19920061.065708905,-18.441892413551923,18.441892413551923,0.005274414001178229,pricing_mc_v1
36,short_stable_no_break,short,stable,False,none,bornhuetter_ferguson_break_aware,gross,success,88095215.34416083,108015276.40986973,-19920061.065708905,19920061.065708905,-18.441892413551923,18.441892413551923,0.0062266799995995825,pricing_mc_v1
37,short_stable_no_break,short,stable,False,none,bornhuetter_ferguson_standard,ceded,success,24677972.87103426,44777687.51000127,-20099714.63896701,20099714.63896701,-44.887790675830814,44.887790675830814,0.005846822999956203,pricing_mc_v1
37,short_stable_no_break,short,stable,False,none,bornhuetter_ferguson_break_aware,ceded,success,24677972.87103426,44777687.51000127,-20099714.63896701,20099714.63896701,-44.887790675830814,44.887790675830814,0.0053218220000417205,pricing_mc_v1
37,short_stable_no_break,short,stable,False,none,bornhuetter_ferguson_standard,gross,success,88095215.34416083,83948525.57900588,4146689.765154943,4146689.765154943,4.939562352709099,4.939562352709099,0.005098183999507455,pricing_mc_v1
37,short_stable_no_break,short,stable,False,none,bornhuetter_ferguson_break_aware,gross,success,88095215.34416083,83948525.57900588,4146689.765154943,4146689.765154943,4.939562352709099,4.939562352709099,0.00499349000165239,pricing_mc_v1
38,short_stable_no_break,short,stable,False,none,bornhuetter_ferguson_standard,ceded,success,24677972.87103426,42850688.332212985,-18172715.461178724,18172715.461178724,-42.40938983357566,42.40938983357566,0.005170874001123593,pricing_mc_v1
38,short_stable_no_break,short,stable,False,none,bornhuetter_ferguson_break_aware,ceded,success,24677972.87103426,42850688.332212985,-18172715.461178724,18172715.461178724,-42.40938983357566,42.40938983357566,0.0053446380006789695,pricing_mc_v1
38,short_stable_no_break,short,stable,False,none,bornhuetter_ferguson_standard,gross,success,88095215.34416083,101511072.491788,-13415857.147627175,13415857.147627175,-13.21615151757212,13.21615151757212,0.005269171000691131,pricing_mc_v1
38,short_stable_no_break,short,stable,False,none,bornhuetter_ferguson_break_aware,gross,success,88095215.34416083,101511072.491788,-13415857.147627175,13415857.147627175,-13.21615151757212,13.21615151757212,0.004921826001009322,pricing_mc_v1
39,short_stable_no_break,short,stable,False,none,bornhuetter_ferguson_standard,ceded,success,24677972.87103426,62043310.71688711,-37365337.84585285,37365337.84585285,-60.2246034489624,60.2246034489624,0.005502432999492157,pricing_mc_v1
39,short_stable_no_break,short,stable,False,none,bornhuetter_ferguson_break_aware,ceded,success,24677972.87103426,62043310.71688711,-37365337.84585285,37365337.84585285,-60.2246034489624,60.2246034489624,0.0049872719991981285,pricing_mc_v1
39,short_stable_no_break,short,stable,False,none,bornhuetter_ferguson_standard,gross,success,88095215.34416083,133031161.75087953,-44935946.4067187,44935946.4067187,-33.77851160231758,33.77851160231758,0.005165650998605997,pricing_mc_v1
39,short_stable_no_break,short,stable,False,none,bornhuetter_ferguson_break_aware,gross,success,88095215.34416083,133031161.75087953,-44935946.4067187,44935946.4067187,-33.77851160231758,33.77851160231758,0.0050574470005813055,pricing_mc_v1
40,short_stable_no_break,short,stable,False,none,bornhuetter_ferguson_standard,ceded,success,24677972.87103426,38742016.33400515,-14064043.462970886,14064043.462970886,-36.30178497092422,36.30178497092422,0.005252426999504678,pricing_mc_v1
40,short_stable_no_break,short,stable,False,none,bornhuetter_ferguson_break_aware,ceded,success,24677972.87103426,38742016.33400515,-14064043.462970886,14064043.462970886,-36.30178497092422,36.30178497092422,0.005461462000312167,pricing_mc_v1
40,short_stable_no_break,short,stable,False,none,bornhuetter_ferguson_standard,gross,success,88095215.34416083,87949018.04320787,146197.30095295608,146197.30095295608,0.1662296000634502,0.1662296000634502,0.005487237998750061,pricing_mc_v1
40,short_stable_no_break,short,stable,False,none,bornhuetter_ferguson_break_aware,gross,success,88095215.34416083,87949018.04320787,146197.30095295608,146197.30095295608,0.1662296000634502,0.1662296000634502,0.005620720998194884,pricing_mc_v1
41,short_stable_no_break,short,stable,False,none,bornhuetter_ferguson_standard,ceded,success,24677972.87103426,57088104.59741694,-32410131.726382677,32410131.726382677,-56.77212784508725,56.77212784508725,0.008728057000553235,pricing_mc_v1
41,short_stable_no_break,short,stable,False,none,bornhuetter_ferguson_break_aware,ceded,success,24677972.87103426,57088104.59741694,-32410131.726382677,32410131.726382677,-56.77212784508725,56.77212784508725,0.004968154000380309,pricing_mc_v1
41,short_stable_no_break,short,stable,False,none,bornhuetter_ferguson_standard,gross,success,88095215.34416083,123158929.7502143,-35063714.40605347,35063714.40605347,-28.47029807515233,28.47029807515233,0.005235463000644813,pricing_mc_v1
41,short_stable_no_break,short,stable,False,none,bornhuetter_ferguson_break_aware,gross,success,88095215.34416083,123158929.7502143,-35063714.40605347,35063714.40605347,-28.47029807515233,28.47029807515233,0.00601851700048428,pricing_mc_v1
42,short_stable_no_break,short,stable,False,none,bornhuetter_ferguson_standard,ceded,success,24677972.87103426,67141295.93403162,-42463323.062997356,42463323.062997356,-63.244717684208645,63.244717684208645,0.005226313000093796,pricing_mc_v1
42,short_stable_no_break,short,stable,False,none,bornhuetter_ferguson_break_aware,ceded,success,24677972.87103426,67141295.93403162,-42463323.062997356,42463323.062997356,-63.244717684208645,63.244717684208645,0.005013926000174251,pricing_mc_v1
42,short_stable_no_break,short,stable,False,none,bornhuetter_ferguson_standard,gross,success,88095215.34416083,125158875.48925014,-37063660.14508931,37063660.14508931,-29.61328950919881,29.61328950919881,0.005341870999473031,pricing_mc_v1
42,short_stable_no_break,short,stable,False,none,bornhuetter_ferguson_break_aware,gross,success,88095215.34416083,125158875.48925014,-37063660.14508931,37063660.14508931,-29.61328950919881,29.61328950919881,0.004887641000095755,pricing_mc_v1
43,short_stable_no_break,short,stable,False,none,bornhuetter_ferguson_standard,ceded,success,24677972.87103426,65576553.60604401,-40898580.735009745,40898580.735009745,-62.36768858075554,62.36768858075554,0.005609849000393297,pricing_mc_v1
43,short_stable_no_break,short,stable,False,none,bornhuetter_ferguson_break_aware,ceded,success,24677972.87103426,65576553.60604401,-40898580.735009745,40898580.735009745,-62.36768858075554,62.36768858075554,0.005432719999589608,pricing_mc_v1
43,short_stable_no_break,short,stable,False,none,bornhuetter_ferguson_standard,gross,success,88095215.34416083,121067304.32348245,-32972088.97932163,32972088.97932163,-27.234511550057118,27.234511550057118,0.005443811000077403,pricing_mc_v1
43,short_stable_no_break,short,stable,False,none,bornhuetter_ferguson_break_aware,gross,success,88095215.34416083,121067304.32348245,-32972088.97932163,32972088.97932163,-27.234511550057118,27.234511550057118,0.005349701999875833,pricing_mc_v1
44,short_stable_no_break,short,stable,False,none,bornhuetter_ferguson_standard,ceded,success,24677972.87103426,73696631.7427887,-49018658.87175444,49018658.87175444,-66.5141102280444,66.5141102280444,0.005628441000226303,pricing_mc_v1
44,short_stable_no_break,short,stable,False,none,bornhuetter_ferguson_break_aware,ceded,success,24677972.87103426,73696631.7427887,-49018658.87175444,49018658.87175444,-66.5141102280444,66.5141102280444,0.005501063000338036,pricing_mc_v1
44,short_stable_no_break,short,stable,False,none,bornhuetter_ferguson_standard,gross,success,88095215.34416083,147069367.48224536,-58974152.13808453,58974152.13808453,-40.09954836122081,40.09954836122081,0.005275306000839919,pricing_mc_v1
44,short_stable_no_break,short,stable,False,none,bornhuetter_ferguson_break_aware,gross,success,88095215.34416083,147069367.48224536,-58974152.13808453,58974152.13808453,-40.09954836122081,40.09954836122081,0.005012186999010737,pricing_mc_v1
45,short_stable_no_break,short,stable,False,none,bornhuetter_ferguson_standard,ceded,success,24677972.87103426,58034007.127416834,-33356034.256382573,33356034.256382573,-57.47670358717016,57.47670358717016,0.00559711099958804,pricing_mc_v1
45,short_stable_no_break,short,stable,False,none,bornhuetter_ferguson_break_aware,ceded,success,24677972.87103426,58034007.127416834,-33356034.256382573,33356034.256382573,-57.47670358717016,57.47670358717016,0.005183358000067528,pricing_mc_v1
45,short_stable_no_break,short,stable,False,none,bornhuetter_ferguson_standard,gross,success,88095215.34416083,100186367.46365961,-12091152.11949879,12091152.11949879,-12.06866006384011,12.06866006384011,0.005220444998485618,pricing_mc_v1
45,short_stable_no_break,short,stable,False,none,bornhuetter_ferguson_break_aware,gross,success,88095215.34416083,100186367.46365961,-12091152.11949879,12091152.11949879,-12.06866006384011,12.06866006384011,0.00590823300080956,pricing_mc_v1
46,short_stable_no_break,short,stable,False,none,bornhuetter_ferguson_standard,ceded,success,24677972.87103426,52398991.27850675,-27721018.407472488,27721018.407472488,-52.90372530290143,52.90372530290143,0.005458699999508099,pricing_mc_v1
46,short_stable_no_break,short,stable,False,none,bornhuetter_ferguson_break_aware,ceded,success,24677972.87103426,52398991.27850675,-27721018.407472488,27721018.407472488,-52.90372530290143,52.90372530290143,0.005387388000599458,pricing_mc_v1
46,short_stable_no_break,short,stable,False,none,bornhuetter_ferguson_standard,gross,success,88095215.34416083,127471667.13252124,-39376451.78836042,39376451.78836042,-30.890356009405707,30.890356009405707,0.006290108000030159,pricing_mc_v1
46,short_stable_no_break,short,stable,False,none,bornhuetter_ferguson_break_aware,gross,success,88095215.34416083,127471667.13252124,-39376451.78836042,39376451.78836042,-30.890356009405707,30.890356009405707,0.005023904999688966,pricing_mc_v1
47,short_stable_no_break,short,stable,False,none,bornhuetter_ferguson_standard,ceded,success,24677972.87103426,44983595.742743924,-20305622.871709663,20305622.871709663,-45.140061696791015,45.140061696791015,0.00517235599909327,pricing_mc_v1
47,short_stable_no_break,short,stable,False,none,bornhuetter_ferguson_break_aware,ceded,success,24677972.87103426,44983595.742743924,-20305622.871709663,20305622.871709663,-45.140061696791015,45.140061696791015,0.006350441999529721,pricing_mc_v1
47,short_stable_no_break,short,stable,False,none,bornhuetter_ferguson_standard,gross,success,88095215.34416083,114442302.6173637,-26347087.27320288,26347087.27320288,-23.022157603114657,23.022157603114657,0.005451471000924357,pricing_mc_v1
47,short_stable_no_break,short,stable,False,none,bornhuetter_ferguson_break_aware,gross,success,88095215.34416083,114442302.6173637,-26347087.27320288,26347087.27320288,-23.022157603114657,23.022157603114657,0.005402476999734063,pricing_mc_v1
48,short_stable_no_break,short,stable,False,none,bornhuetter_ferguson_standard,ceded,success,24677972.87103426,58328671.740978256,-33650698.86994399,33650698.86994399,-57.691522651805926,57.691522651805926,0.0070275360012601595,pricing_mc_v1
48,short_stable_no_break,short,stable,False,none,bornhuetter_ferguson_break_aware,ceded,success,24677972.87103426,58328671.740978256,-33650698.86994399,33650698.86994399,-57.691522651805926,57.691522651805926,0.005248975001450162,pricing_mc_v1
48,short_stable_no_break,short,stable,False,none,bornhuetter_ferguson_standard,gross,success,88095215.34416083,115591115.90067059,-27495900.556509763,27495900.556509763,-23.78720920052148,23.78720920052148,0.005443194999315892,pricing_mc_v1
48,short_stable_no_break,short,stable,False,none,bornhuetter_ferguson_break_aware,gross,success,88095215.34416083,115591115.90067059,-27495900.556509763,27495900.556509763,-23.78720920052148,23.78720920052148,0.00593299600041064,pricing_mc_v1
49,short_stable_no_break,short,stable,False,none,bornhuetter_ferguson_standard,ceded,success,24677972.87103426,46310329.00987116,-21632356.1388369,21632356.1388369,-46.71173062542033,46.71173062542033,0.005317901999660535,pricing_mc_v1
49,short_stable_no_break,short,stable,False,none,bornhuetter_ferguson_break_aware,ceded,success,24677972.87103426,46310329.00987116,-21632356.1388369,21632356.1388369,-46.71173062542033,46.71173062542033,0.005114999999932479,pricing_mc_v1
49,short_stable_no_break,short,stable,False,none,bornhuetter_ferguson_standard,gross,success,88095215.34416083,96635126.74102601,-8539911.39686519,8539911.39686519,-8.837274482757632,8.837274482757632,0.005687239001417765,pricing_mc_v1
49,short_stable_no_break,short,stable,False,none,bornhuetter_ferguson_break_aware,gross,success,88095215.34416083,96635126.74102601,-8539911.39686519,8539911.39686519,-8.837274482757632,8.837274482757632,0.005153125001015724,pricing_mc_v1
50,short_stable_no_break,short,stable,False,none,bornhuetter_ferguson_standard,ceded,success,24677972.87103426,53129851.3526064,-28451878.48157214,28451878.48157214,-53.55158683344664,53.55158683344664,0.005335857000318356,pricing_mc_v1
50,short_stable_no_break,short,stable,False,none,bornhuetter_ferguson_break_aware,ceded,success,24677972.87103426,53129851.3526064,-28451878.48157214,28451878.48157214,-53.55158683344664,53.55158683344664,0.004946912000377779,pricing_mc_v1
50,short_stable_no_break,short,stable,False,none,bornhuetter_ferguson_standard,gross,success,88095215.34416083,117777512.20470117,-29682296.860540345,29682296.860540345,-25.202006991751993,25.202006991751993,0.005163374999028747,pricing_mc_v1
50,short_stable_no_break,short,stable,False,none,bornhuetter_ferguson_break_aware,gross,success,88095215.34416083,117777512.20470117,-29682296.860540345,29682296.860540345,-25.202006991751993,25.202006991751993,0.005195939000259386,pricing_mc_v1
