scenario_id,simulation_id,gross_ultimate_a,success_a,ceded_ultimate_a,ceded_true_reserve_a,ceded_share_a,attachment_frequency_a,exhaustion_frequency_a,gross_ultimate_b,success_b,ceded_ultimate_b,ceded_true_reserve_b,ceded_share_b,attachment_frequency_b,exhaustion_frequency_b,present_a,present_b,gross_ultimate_absolute_difference,included_in_mechanics,exclusion_reason,ceded_ultimate_difference_a_minus_b,ceded_true_reserve_difference_a_minus_b,ceded_share_difference_a_minus_b,attachment_frequency_difference_a_minus_b,exhaustion_frequency_difference_a_minus_b,variant_a,variant_b
long_emerging_break,1,1887118589.180332,True,289927709.2314075,163370201.73996615,0.1536351297124031,0.2553802008608321,0.0143472022955523,1887118589.180332,True,490879403.93790746,305729466.5237079,0.2601211215619048,0.6054519368723099,0.0315638450502152,True,True,0.0,True,included,-200951694.70649993,-142359264.78374177,-0.10648599184950172,-0.35007173601147784,-0.0172166427546629,fully_indexed,fixed_nominal
long_emerging_break,2,2008910746.7625828,True,325955304.9828791,170853971.378307,0.1622547470106202,0.2803234501347709,0.0094339622641509,2008910746.7625828,True,547708454.603282,332662627.84441507,0.2726395164573288,0.6132075471698113,0.0256064690026954,True,True,0.0,True,included,-221753149.62040287,-161808656.46610805,-0.11038476944670861,-0.3328840970350404,-0.0161725067385445,fully_indexed,fixed_nominal
long_emerging_break,3,2051853124.064152,True,355479238.40140384,143542188.1507541,0.1732478968559396,0.303595206391478,0.0093209054593874,2051853124.064152,True,601254738.0782208,320146536.2610667,0.2930301058232189,0.625832223701731,0.0279627163781624,True,True,0.0,True,included,-245775499.676817,-176604348.11031258,-0.11978220896727931,-0.32223701731025295,-0.018641810918775,fully_indexed,fixed_nominal
long_emerging_break,4,1916525146.8759384,True,263032240.3700244,132511325.11400738,0.137244345997121,0.2692307692307692,0.0082417582417582,1916525146.8759384,True,484833675.40801656,291028961.26191354,0.2529753790073286,0.6057692307692307,0.0219780219780219,True,True,0.0,True,included,-221801435.03799215,-158517636.14790615,-0.1157310330102076,-0.3365384615384615,-0.0137362637362637,fully_indexed,fixed_nominal
long_emerging_break,5,2041870589.0474548,True,331071861.5511542,127104461.73398468,0.1621414517291231,0.3025780189959294,0.0149253731343283,2041870589.0474548,True,553859410.2157785,289187037.30433095,0.2712509858296932,0.6092265943012212,0.0298507462686567,True,True,0.0,True,included,-222787548.66462427,-162082575.57034627,-0.10910953410057012,-0.30664857530529177,-0.014925373134328398,fully_indexed,fixed_nominal
long_emerging_break,6,2009000740.6809103,True,278919636.1899764,129534357.58089532,0.1388350091376483,0.2684563758389262,0.0147651006711409,2009000740.6809103,True,490791899.6047671,289354248.35185045,0.2442965249671451,0.6067114093959731,0.0255033557046979,True,True,0.0,True,included,-211872263.4147907,-159819890.77095515,-0.10546151582949681,-0.33825503355704695,-0.010738255033557,fully_indexed,fixed_nominal
long_emerging_break,7,1908084108.914338,True,280336280.19561464,136071507.75439516,0.146920295015255,0.2759601706970128,0.0071123755334281,1908084108.914338,True,500183319.2770736,299182332.8180119,0.2621390309474711,0.615931721194879,0.0199146514935988,True,True,0.0,True,included,-219847039.081459,-163110825.06361672,-0.1152187359322161,-0.33997155049786626,-0.012802275960170698,fully_indexed,fixed_nominal
long_emerging_break,8,2179948453.700713,True,359012535.04089147,165342857.39166722,0.1646885431769849,0.3045685279187817,0.0088832487309644,2179948453.700713,True,610731502.5624794,346654795.58985984,0.2801586897734634,0.6357868020304569,0.0241116751269035,True,True,0.0,True,included,-251718967.5215879,-181311938.19819263,-0.11547014659647853,-0.3312182741116752,-0.0152284263959391,fully_indexed,fixed_nominal
long_emerging_break,9,1987208729.7273784,True,316100253.7314815,152207619.46019438,0.1590674643296513,0.2891891891891892,0.0094594594594594,1987208729.7273784,True,554476873.0903745,331981768.2247377,0.2790229656279953,0.6256756756756757,0.0283783783783783,True,True,0.0,True,included,-238376619.35889298,-179774148.76454332,-0.11995550129834398,-0.33648648648648655,-0.0189189189189189,fully_indexed,fixed_nominal
long_emerging_break,10,2227415440.660858,True,360303115.2264217,183162998.45821023,0.1617583808791064,0.279040404040404,0.0151515151515151,2227415440.660858,True,582576637.3814499,341665288.94157326,0.2615482620559565,0.6073232323232324,0.0315656565656565,True,True,0.0,True,included,-222273522.15502822,-158502290.48336303,-0.09978988117685009,-0.3282828282828284,-0.0164141414141414,fully_indexed,fixed_nominal
long_emerging_break,11,2009324085.816408,True,331071756.77276105,165415575.3400424,0.1647677241863367,0.2841379310344827,0.0137931034482758,2009324085.816408,True,566865653.7164721,347078090.3447683,0.282117582583075,0.6137931034482759,0.0386206896551724,True,True,0.0,True,included,-235793896.9437111,-181662515.00472587,-0.11734985839673831,-0.32965517241379316,-0.024827586206896603,fully_indexed,fixed_nominal
long_emerging_break,12,2025826962.6261616,True,343061525.6267981,177362143.7588488,0.1693439429703677,0.291497975708502,0.0094466936572199,2025826962.6261616,True,564105664.2702267,325126140.5975814,0.2784569830875159,0.5937921727395412,0.0310391363022942,True,True,0.0,True,included,-221044138.64342862,-147763996.8387326,-0.10911304011714817,-0.3022941970310392,-0.021592442645074296,fully_indexed,fixed_nominal
long_emerging_break,13,2162902635.1482644,True,343215270.95434946,165385558.69302803,0.15868271894302,0.2894736842105263,0.0100250626566416,2162902635.1482644,True,583460482.4638203,337192029.1110455,0.269758089422192,0.6152882205513784,0.0300751879699248,True,True,0.0,True,included,-240245211.50947088,-171806470.41801745,-0.11107537047917199,-0.3258145363408521,-0.0200501253132832,fully_indexed,fixed_nominal
long_emerging_break,14,1988610188.228087,True,318048550.9226214,164240402.28370073,0.1599350907509995,0.2756756756756757,0.0081081081081081,1988610188.228087,True,537521053.3758795,307592092.7292216,0.2702998589456224,0.6256756756756757,0.0243243243243243,True,True,0.0,True,included,-219472502.4532581,-143351690.44552085,-0.11036476819462293,-0.35000000000000003,-0.016216216216216203,fully_indexed,fixed_nominal
long_emerging_break,15,2182032618.712105,True,400708244.09171313,171974690.3055783,0.1836398964229151,0.2870619946091644,0.0188679245283018,2182032618.712105,True,624332013.6495768,323906786.8950167,0.28612405162764,0.6455525606469003,0.0377358490566037,True,True,0.0,True,included,-223623769.55786365,-151932096.58943838,-0.1024841552047249,-0.3584905660377359,-0.018867924528301903,fully_indexed,fixed_nominal
long_emerging_break,16,2172887565.2286906,True,363806303.58477545,157596749.4331054,0.1674298796709648,0.2954248366013072,0.0130718954248366,2172887565.2286906,True,585246484.5746908,318161411.8648353,0.2693404361735096,0.5986928104575163,0.0300653594771241,True,True,0.0,True,included,-221440180.98991537,-160564662.4317299,-0.10191055650254482,-0.3032679738562091,-0.0169934640522875,fully_indexed,fixed_nominal
long_emerging_break,17,1959966261.6152384,True,269888280.25920314,142630449.69763303,0.1377004724748599,0.2799461641991924,0.0067294751009421,1959966261.6152384,True,495499041.3705843,315284076.6553456,0.2528099850873126,0.6123822341857336,0.0215343203230148,True,True,0.0,True,included,-225610761.11138117,-172653626.9577126,-0.11510951261245272,-0.3324360699865412,-0.014804845222072701,fully_indexed,fixed_nominal
long_emerging_break,18,1986393554.0815568,True,340410408.654362,148665593.1553454,0.1713710799931369,0.2955801104972376,0.0124309392265193,1986393554.0815568,True,559613171.7366182,309103360.7102196,0.2817232116902257,0.6505524861878453,0.0290055248618784,True,True,0.0,True,included,-219202763.08225614,-160437767.5548742,-0.1103521316970888,-0.35497237569060774,-0.0165745856353591,fully_indexed,fixed_nominal
long_emerging_break,19,2196975434.6420803,True,359387026.45647854,169437871.10361207,0.1635826331007784,0.3106435643564356,0.0099009900990099,2196975434.6420803,True,626960004.1375271,351360784.4941068,0.285374153143259,0.6237623762376238,0.021039603960396,True,True,0.0,True,included,-267572977.68104857,-181922913.39049476,-0.12179152004248059,-0.3131188118811882,-0.0111386138613861,fully_indexed,fixed_nominal
long_emerging_break,20,2116437691.1555576,True,342407840.81939226,180150831.10264164,0.1617849853318575,0.2842242503259452,0.0078226857887874,2116437691.1555576,True,578031726.5191014,339177091.73262715,0.2731153999641259,0.6271186440677966,0.0273794002607561,True,True,0.0,True,included,-235623885.69970912,-159026260.6299855,-0.11133041463226842,-0.3428943937418514,-0.0195567144719687,fully_indexed,fixed_nominal
long_emerging_break,21,2037862037.874924,True,294923653.2620486,137251689.21293384,0.1447220900044804,0.2546174142480211,0.0131926121372031,2037862037.874924,True,520792072.5211971,308303999.9153445,0.2555580617539141,0.5949868073878628,0.021108179419525,True,True,0.0,True,included,-225868419.25914848,-171052310.70241064,-0.11083597174943369,-0.3403693931398417,-0.007915567282321899,fully_indexed,fixed_nominal
long_emerging_break,22,1950841700.751684,True,309110926.9380038,143018017.21869072,0.1584500304760245,0.2855191256830601,0.0095628415300546,1950841700.751684,True,539778488.0580965,315854607.4999018,0.2766900501717351,0.5942622950819673,0.0300546448087431,True,True,0.0,True,included,-230667561.12009275,-172836590.28121105,-0.1182400196957106,-0.30874316939890717,-0.0204918032786885,fully_indexed,fixed_nominal
long_emerging_break,23,2046753504.9358556,True,357723600.1891068,210795765.1145956,0.174776102411178,0.3036935704514364,0.0136798905608755,2046753504.9358556,True,583004213.2591128,366872921.985839,0.2848433931360894,0.6374829001367989,0.0259917920656634,True,True,0.0,True,included,-225280613.070006,-156077156.87124342,-0.11006729072491142,-0.33378932968536246,-0.0123119015047879,fully_indexed,fixed_nominal
long_emerging_break,24,2266247892.638604,True,371309658.7992028,160519984.90391314,0.1638433553563661,0.299492385786802,0.0203045685279187,2266247892.638604,True,602143735.8245053,318321479.60916555,0.2657007372319832,0.6269035532994924,0.031725888324873,True,True,0.0,True,included,-230834077.02530253,-157801494.7052524,-0.10185738187561708,-0.32741116751269045,-0.011421319796954297,fully_indexed,fixed_nominal
long_emerging_break,25,2193207286.3384905,True,376219371.1576342,177688035.69597057,0.1715384466854128,0.3018372703412073,0.0157480314960629,2193207286.3384905,True,632733261.1491451,359259980.0107991,0.2884967896515969,0.6351706036745407,0.0341207349081364,True,True,0.0,True,included,-256513889.99151093,-181571944.31482854,-0.11695834296618413,-0.3333333333333334,-0.018372703412073497,fully_indexed,fixed_nominal
long_emerging_break,26,2011205327.2960763,True,312888594.3414359,146852712.65336034,0.1555726757954109,0.3109017496635262,0.0121130551816958,2011205327.2960763,True,551576362.5679425,314689582.873816,0.2742516415812691,0.620457604306864,0.0242261103633916,True,True,0.0,True,included,-238687768.2265066,-167836870.22045568,-0.11867896578585818,-0.30955585464333785,-0.0121130551816958,fully_indexed,fixed_nominal
long_emerging_break,27,2131097719.9008372,True,381111176.28526914,184252904.2104091,0.1788332711007746,0.2859060402684564,0.0187919463087248,2131097719.9008372,True,616217983.7645763,353410428.2791988,0.2891551982859095,0.6228187919463087,0.0335570469798657,True,True,0.0,True,included,-235106807.47930717,-169157524.06878972,-0.11032192718513492,-0.33691275167785234,-0.014765100671140903,fully_indexed,fixed_nominal
long_emerging_break,28,1995397452.079854,True,298409780.0213698,134560417.306018,0.1495490433298537,0.2652519893899204,0.0079575596816976,1995397452.079854,True,516677044.3626329,290834789.60206765,0.2589344011761101,0.6061007957559682,0.026525198938992,True,True,0.0,True,included,-218267264.34126306,-156274372.29604965,-0.10938535784625641,-0.3408488063660478,-0.018567639257294398,fully_indexed,fixed_nominal
long_emerging_break,29,1790422445.108458,True,289000140.7270876,148320204.58286664,0.1614144983027069,0.3005952380952381,0.0104166666666666,1790422445.108458,True,493326173.80513054,289092639.0409425,0.2755361870897717,0.5997023809523809,0.025297619047619,True,True,0.0,True,included,-204326033.07804292,-140772434.45807585,-0.11412168878706477,-0.29910714285714285,-0.0148809523809524,fully_indexed,fixed_nominal
long_emerging_break,30,1893667845.6681929,True,278824613.3035688,137492157.7288776,0.1472405067981622,0.2660944206008583,0.0085836909871244,1893667845.6681929,True,482162982.6899797,291157767.087299,0.2546185614298401,0.6452074391988555,0.0300429184549356,True,True,0.0,True,included,-203338369.3864109,-153665609.3584214,-0.10737805463167788,-0.3791130185979972,-0.021459227467811204,fully_indexed,fixed_nominal
long_emerging_break,31,2170071413.6866465,True,399484900.1277085,185722513.64099893,0.1840883657598345,0.3022636484687084,0.0213049267643142,2170071413.6866465,True,611378507.3023645,340746313.94754344,0.2817319759370122,0.62982689747004,0.0439414114513981,True,True,0.0,True,included,-211893607.17465597,-155023800.3065445,-0.09764361017717771,-0.32756324900133155,-0.0226364846870839,fully_indexed,fixed_nominal
long_emerging_break,32,2085619708.131106,True,357486957.077899,157803543.47496486,0.1714056285928741,0.2818057455540356,0.0177838577291381,2085619708.131106,True,548599130.1967908,294051928.4134518,0.2630389078401942,0.5950752393980848,0.0314637482900136,True,True,0.0,True,included,-191112173.11889184,-136248384.93848693,-0.09163327924732009,-0.31326949384404923,-0.013679890560875502,fully_indexed,fixed_nominal
long_emerging_break,33,2139716680.714984,True,364259773.415989,188489459.83733743,0.1702373854908081,0.2707535121328225,0.0127713920817369,2139716680.714984,True,579264117.2512071,325296152.4202118,0.2707200081543724,0.6168582375478927,0.0332056194125159,True,True,0.0,True,included,-215004343.83521813,-136806692.58287436,-0.10048262266356431,-0.3461047254150702,-0.020434227330779,fully_indexed,fixed_nominal
long_emerging_break,34,2054714034.359825,True,335659893.7511212,175876395.17428634,0.1633608804622297,0.3052208835341365,0.0093708165997322,2054714034.359825,True,576852510.3338202,353659686.90908873,0.2807458851633077,0.6265060240963856,0.0294511378848728,True,True,0.0,True,included,-241192616.582699,-177783291.7348024,-0.11738500470107796,-0.32128514056224905,-0.020080321285140597,fully_indexed,fixed_nominal
long_emerging_break,35,2005103408.813004,True,327460678.41387653,156087125.92983592,0.1633136111457359,0.2914364640883978,0.0124309392265193,2005103408.813004,True,552416597.2101731,310671306.8566615,0.275505290541198,0.6160220994475138,0.0248618784530386,True,True,0.0,True,included,-224955918.7962966,-154584180.92682558,-0.1121916793954621,-0.32458563535911605,-0.0124309392265193,fully_indexed,fixed_nominal
long_emerging_break,36,1918473362.0007985,True,274495785.5165513,137747675.11135155,0.1430803215481065,0.2591093117408907,0.0067476383265856,1918473362.0007985,True,490674517.21152633,298373766.60150135,0.2557630076759555,0.5937921727395412,0.020242914979757,True,True,0.0,True,included,-216178731.69497502,-160626091.4901498,-0.11268268612784901,-0.3346828609986505,-0.0134952766531714,fully_indexed,fixed_nominal
long_emerging_break,37,1959095394.6993804,True,339236492.01546395,136932018.3069712,0.1731597618642348,0.2972602739726027,0.0123287671232876,1959095394.6993804,True,536756634.5239317,280012844.6247065,0.2739818775421582,0.6,0.0301369863013698,True,True,0.0,True,included,-197520142.50846773,-143080826.3177353,-0.1008221156779234,-0.3027397260273973,-0.017808219178082202,fully_indexed,fixed_nominal
long_emerging_break,38,2025627859.7500188,True,332381250.6902352,164313407.65260363,0.1640880130525328,0.271117166212534,0.0122615803814713,2025627859.7500188,True,541485614.4861038,312303097.24901414,0.267317420561607,0.6348773841961853,0.0286103542234332,True,True,0.0,True,included,-209104363.79586858,-147989689.5964105,-0.10322940750907422,-0.3637602179836513,-0.0163487738419619,fully_indexed,fixed_nominal
long_emerging_break,39,2107581448.687343,True,313361951.50856763,157149150.21532974,0.14868319879345,0.2795275590551181,0.0104986876640419,2107581448.687343,True,549386123.4636625,329071260.7806257,0.2606713604382097,0.6128608923884514,0.0223097112860892,True,True,0.0,True,included,-236024171.95509487,-171922110.56529596,-0.11198816164475972,-0.3333333333333333,-0.011811023622047301,fully_indexed,fixed_nominal
long_emerging_break,40,2114362852.9699416,True,340715975.6096021,128720395.40557696,0.1611435686788647,0.2920592193808883,0.0215343203230148,2114362852.9699416,True,533276612.8237304,264420912.5828038,0.2522162229981778,0.604306864064603,0.034993270524899,True,True,0.0,True,included,-192560637.21412832,-135700517.17722684,-0.0910726543193131,-0.3122476446837147,-0.013458950201884198,fully_indexed,fixed_nominal
long_emerging_break,41,1987218965.616452,True,308196540.9121445,138153086.66799107,0.1550893717525181,0.2781546811397558,0.0122116689280868,1987218965.616452,True,554530272.0739579,319130515.04039764,0.2790483996321653,0.6431478968792401,0.0189959294436906,True,True,0.0,True,included,-246333731.16181344,-180977428.37240657,-0.12395902787964722,-0.36499321573948434,-0.0067842605156037995,fully_indexed,fixed_nominal
long_emerging_break,42,2176698338.064746,True,402889596.2481781,202272136.22784916,0.1850920677443886,0.3204951856946355,0.0178817056396148,2176698338.064746,True,632776550.1135006,365620897.7543769,0.2907047518013397,0.656121045392022,0.0426409903713892,True,True,0.0,True,included,-229886953.86532247,-163348761.52652773,-0.1056126840569511,-0.3356258596973865,-0.0247592847317744,fully_indexed,fixed_nominal
long_emerging_break,43,2050167089.076608,True,342342267.7421789,174337205.32072344,0.1669826179369455,0.3004115226337449,0.0109739368998628,2050167089.076608,True,595393597.7784066,361095337.33123547,0.2904122307643573,0.6364883401920439,0.0301783264746227,True,True,0.0,True,included,-253051330.0362277,-186758132.01051202,-0.1234296128274118,-0.33607681755829905,-0.0192043895747599,fully_indexed,fixed_nominal
long_emerging_break,44,2134515064.3205888,True,346106761.9488349,199908652.79115945,0.1621477251363414,0.2901155327342747,0.0064184852374839,2134515064.3205888,True,598126214.1486044,385637467.7939312,0.2802164407956458,0.6444159178433889,0.0295250320924261,True,True,0.0,True,included,-252019452.1997695,-185728815.00277174,-0.11806871565930438,-0.3543003851091142,-0.0231065468549422,fully_indexed,fixed_nominal
long_emerging_break,45,2180794181.9104514,True,401826690.7470622,179663855.44500625,0.1842570445575235,0.3355614973262032,0.0133689839572192,2180794181.9104514,True,623724942.8665749,326853781.3478096,0.2860081653006659,0.6229946524064172,0.0307486631016042,True,True,0.0,True,included,-221898252.11951268,-147189925.90280336,-0.10175112074314241,-0.28743315508021394,-0.017379679144385,fully_indexed,fixed_nominal
long_emerging_break,46,2131627170.404708,True,357628987.4547114,192682422.3575919,0.1677727664668546,0.3116883116883117,0.0103896103896103,2131627170.404708,True,590898789.1227024,344662403.1959149,0.2772055063505852,0.6246753246753247,0.0324675324675324,True,True,0.0,True,included,-233269801.66799098,-151979980.83832303,-0.10943273988373062,-0.31298701298701304,-0.022077922077922103,fully_indexed,fixed_nominal
long_emerging_break,47,2033338468.16687,True,316084472.5479371,134987888.83152735,0.1554509873768821,0.2935656836461126,0.0134048257372654,2033338468.16687,True,546312269.201435,298208536.8960704,0.2686774866822619,0.5978552278820375,0.0227882037533512,True,True,0.0,True,included,-230227796.65349787,-163220648.06454307,-0.11322649930537979,-0.3042895442359249,-0.0093833780160858,fully_indexed,fixed_nominal
long_emerging_break,48,1941003348.264084,True,335698187.6851348,158050188.0991665,0.1729508545079857,0.2984441301272984,0.0113154172560113,1941003348.264084,True,553373436.2978905,322795334.1595725,0.2850965902726516,0.6039603960396039,0.0297029702970297,True,True,0.0,True,included,-217675248.61275572,-164745146.06040597,-0.11214573576466591,-0.3055162659123055,-0.0183875530410184,fully_indexed,fixed_nominal
long_emerging_break,49,1957003577.6605663,True,328921698.1117612,154890934.47459024,0.168074142462713,0.3137254901960784,0.0084033613445378,1957003577.6605663,True,538095026.3400626,287480166.4890658,0.274958631901588,0.6162464985994398,0.026610644257703,True,True,0.0,True,included,-209173328.2283014,-132589232.01447558,-0.10688448943887499,-0.3025210084033614,-0.0182072829131652,fully_indexed,fixed_nominal
long_emerging_break,50,2055606991.7077088,True,357517518.4186669,192999777.7579845,0.173923089316629,0.3026134800550206,0.0123796423658872,2055606991.7077088,True,566888055.2026598,335576286.10000974,0.2757764774538512,0.6272352132049519,0.0385144429160935,True,True,0.0,True,included,-209370536.78399295,-142576508.34202525,-0.1018533881372222,-0.3246217331499313,-0.026134800550206304,fully_indexed,fixed_nominal
long_emerging_no_break,1,1972344008.5600204,True,325658723.20720994,218603709.71866745,0.1651125370593787,0.2855093256814921,0.0143472022955523,1972344008.5600204,True,555956583.2483603,408650367.9529617,0.2818760727517589,0.6398852223816356,0.0358680057388809,True,True,0.0,True,included,-230297860.04115033,-190046658.23429424,-0.11676353569238021,-0.35437589670014347,-0.0215208034433286,fully_indexed,fixed_nominal
long_emerging_no_break,2,2096885177.0977287,True,364147505.0699761,234274725.6183744,0.1736611565798694,0.3140161725067385,0.013477088948787,2096885177.0977287,True,615984273.5216732,435759123.7895667,0.2937615660835797,0.6509433962264151,0.0309973045822102,True,True,0.0,True,included,-251836768.4516971,-201484398.1711923,-0.12010040950371026,-0.33692722371967654,-0.0175202156334232,fully_indexed,fixed_nominal
long_emerging_no_break,3,2136889759.977532,True,395826595.3140571,207051206.55797252,0.1852349160577281,0.3382157123834887,0.0106524633821571,2136889759.977532,True,671542257.7911235,430686769.0955911,0.3142615357931165,0.6484687083888149,0.0359520639147802,True,True,0.0,True,included,-275715662.4770664,-223635562.5376186,-0.1290266197353884,-0.3102529960053262,-0.025299600532623104,fully_indexed,fixed_nominal
long_emerging_no_break,4,1999897935.107651,True,297364080.4673719,186018085.39762312,0.1486896282291352,0.3035714285714285,0.0096153846153846,1999897935.107651,True,550911486.3855014,394207720.4251218,0.2754698010905475,0.6483516483516484,0.0274725274725274,True,True,0.0,True,included,-253547405.9181295,-208189635.02749866,-0.12678017286141227,-0.3447802197802199,-0.0178571428571428,fully_indexed,fixed_nominal
long_emerging_no_break,5,2125455270.374148,True,367135309.95051646,191657990.59929904,0.1727325505588687,0.3310719131614654,0.0176390773405698,2125455270.374148,True,618819215.6686715,390448899.0550506,0.2911466659845256,0.6431478968792401,0.0325644504748982,True,True,0.0,True,included,-251683905.71815503,-198790908.45575157,-0.11841411542565689,-0.31207598371777473,-0.014925373134328398,fully_indexed,fixed_nominal
long_emerging_no_break,6,2093809391.356173,True,310387185.0661118,173006490.02431288,0.1482404207123515,0.287248322147651,0.0147651006711409,2093809391.356173,True,557459107.4536377,383883858.8695064,0.266241573733972,0.6456375838926175,0.0255033557046979,True,True,0.0,True,included,-247071922.38752592,-210877368.84519354,-0.11800115302162051,-0.3583892617449665,-0.010738255033557,fully_indexed,fixed_nominal
long_emerging_no_break,7,1990234438.354032,True,312536237.9367558,181414406.8262215,0.1570348858977791,0.310099573257468,0.0085348506401137,1990234438.354032,True,562492505.7546983,390762234.94918907,0.2826262549350177,0.6486486486486487,0.0241820768136557,True,True,0.0,True,included,-249956267.8179425,-209347828.12296757,-0.1255913690372386,-0.3385490753911807,-0.015647226173542,fully_indexed,fixed_nominal
long_emerging_no_break,8,2276977640.202332,True,403108557.4769936,237597054.8467577,0.1770366780769851,0.3299492385786802,0.0114213197969543,2276977640.202332,True,688381225.5617543,466654718.757437,0.3023223475750007,0.6789340101522843,0.0266497461928934,True,True,0.0,True,included,-285272668.0847607,-229057663.91067928,-0.12528566949801562,-0.3489847715736041,-0.0152284263959391,fully_indexed,fixed_nominal
long_emerging_no_break,9,2071193651.6755996,True,354165066.44489473,208092215.6616676,0.1709956315086107,0.3202702702702703,0.0094594594594594,2071193651.6755996,True,623081964.0504847,430188839.7616966,0.3008323067939158,0.6581081081081082,0.031081081081081,True,True,0.0,True,included,-268916897.6055899,-222096624.100029,-0.12983667528530513,-0.3378378378378379,-0.021621621621621602,fully_indexed,fixed_nominal
long_emerging_no_break,10,2323031111.9299126,True,400237363.0692716,241859429.2745469,0.1722910042030238,0.3106060606060606,0.0151515151515151,2323031111.9299126,True,651896447.4102663,448150465.0327138,0.2806232099356982,0.6376262626262627,0.0366161616161616,True,True,0.0,True,included,-251659084.34099466,-206291035.75816688,-0.10833220573267444,-0.32702020202020204,-0.021464646464646502,fully_indexed,fixed_nominal
long_emerging_no_break,11,2100349669.2709649,True,371680831.0138013,222330339.50304464,0.1769614062132866,0.3144827586206896,0.0151724137931034,2100349669.2709649,True,636631992.7277157,447353470.6937061,0.303107621574598,0.6551724137931034,0.04,True,True,0.0,True,included,-264951161.71391445,-225023131.19066146,-0.12614621536131138,-0.34068965517241384,-0.024827586206896603,fully_indexed,fixed_nominal
long_emerging_no_break,12,2111339146.5867813,True,382534573.0631438,236398042.6726969,0.1811810166460249,0.3171390013495276,0.0107962213225371,2111339146.5867813,True,629842658.7409816,429313850.2498671,0.2983142996042078,0.6356275303643725,0.0350877192982456,True,True,0.0,True,included,-247308085.6778378,-192915807.5771702,-0.1171332829581829,-0.31848852901484487,-0.0242914979757085,fully_indexed,fixed_nominal
long_emerging_no_break,13,2257463503.2972646,True,385983123.0228641,236418364.4794028,0.1709808918102529,0.3045112781954887,0.012531328320802,2257463503.2972646,True,656704472.9274471,457401365.75274265,0.2909036943313859,0.6403508771929824,0.037593984962406,True,True,0.0,True,included,-270721349.904583,-220983001.27333984,-0.11992280252113302,-0.33583959899749377,-0.025062656641603998,fully_indexed,fixed_nominal
long_emerging_no_break,14,2071318046.2154703,True,354071628.67150265,221975249.57590905,0.1709402519417194,0.2959459459459459,0.0081081081081081,2071318046.2154703,True,603942635.3264816,413449654.8698396,0.2915740711234338,0.6527027027027027,0.031081081081081,True,True,0.0,True,included,-249871006.65497893,-191474405.29393056,-0.1206338191817144,-0.3567567567567568,-0.022972972972972898,fully_indexed,fixed_nominal
long_emerging_no_break,15,2273829089.7241144,True,439540639.5029293,238770883.9513328,0.1933041676216127,0.3153638814016172,0.0188679245283018,2273829089.7241144,True,697497048.1303263,442539573.4724326,0.3067499889426404,0.683288409703504,0.0417789757412398,True,True,0.0,True,included,-257956408.627397,-203768689.5210998,-0.11344582132102768,-0.3679245283018868,-0.022911051212938002,fully_indexed,fixed_nominal
long_emerging_no_break,16,2262066786.2138057,True,398234047.2525696,208177692.87663773,0.1760487575696756,0.3137254901960784,0.0130718954248366,2262066786.2138057,True,647741469.9711491,410639150.634794,0.2863494013168919,0.6352941176470588,0.0352941176470588,True,True,0.0,True,included,-249507422.71857947,-202461457.75815627,-0.11030064374721629,-0.32156862745098036,-0.022222222222222202,fully_indexed,fixed_nominal
long_emerging_no_break,17,2044620136.5810037,True,305538878.43632144,197807892.2789498,0.1494355225060245,0.3055181695827725,0.0080753701211305,2044620136.5810037,True,560289314.2241126,406853022.4221317,0.2740310066401986,0.6446837146702558,0.0228802153432032,True,True,0.0,True,included,-254750435.7877912,-209045130.14318192,-0.1245954841341741,-0.33916554508748326,-0.014804845222072701,fully_indexed,fixed_nominal
long_emerging_no_break,18,2068999844.1033905,True,376403863.3243263,203860350.62840813,0.1819255155562578,0.3259668508287293,0.0124309392265193,2068999844.1033905,True,626011279.6705582,407229929.2862326,0.3025670985209004,0.68646408839779,0.0317679558011049,True,True,0.0,True,included,-249607416.34623194,-203369578.65782446,-0.12064158296464261,-0.36049723756906077,-0.0193370165745856,fully_indexed,fixed_nominal
long_emerging_no_break,19,2292725275.319072,True,405507688.5145811,246559012.206632,0.1768671078387914,0.3366336633663366,0.0099009900990099,2292725275.319072,True,706888301.6924088,482874646.8153434,0.3083179259643452,0.6584158415841584,0.0297029702970297,True,True,0.0,True,included,-301380613.1778277,-236315634.6087114,-0.13145081812555381,-0.32178217821782185,-0.019801980198019802,fully_indexed,fixed_nominal
long_emerging_no_break,20,2211462361.0535493,True,383043953.0764872,245262699.0449535,0.1732084433460597,0.3207301173402868,0.0078226857887874,2211462361.0535493,True,649757889.0072106,456773414.90214616,0.2938136775240721,0.6649282920469362,0.0338983050847457,True,True,0.0,True,included,-266713935.93072343,-211510715.85719267,-0.12060523417801242,-0.3441981747066494,-0.0260756192959583,fully_indexed,fixed_nominal
long_emerging_no_break,21,2123086509.22043,True,326342248.4604467,182905724.90772843,0.1537112345837831,0.2783641160949868,0.0158311345646438,2123086509.22043,True,589909162.7454059,404544870.1766237,0.277854510489077,0.6490765171503958,0.025065963060686,True,True,0.0,True,included,-263566914.2849592,-221639145.26889527,-0.12414327590529389,-0.37071240105540904,-0.0092348284960422,fully_indexed,fixed_nominal
long_emerging_no_break,22,2034072663.9435167,True,347396260.0251438,202411713.9274235,0.1707885200873976,0.3169398907103825,0.0095628415300546,2034072663.9435167,True,607045666.1638566,417744754.7690689,0.298438535124384,0.6325136612021858,0.0314207650273224,True,True,0.0,True,included,-259649406.13871282,-215333040.8416454,-0.12765001503698642,-0.3155737704918033,-0.021857923497267798,fully_indexed,fixed_nominal
long_emerging_no_break,23,2138226282.951048,True,397495250.52332175,264790386.29561257,0.1858995250842784,0.33515731874145,0.015047879616963,2138226282.951048,True,655274380.4903417,479069173.1568164,0.3064569852662986,0.6593707250341997,0.0314637482900136,True,True,0.0,True,included,-257779129.96701992,-214278786.86120385,-0.12055746018202021,-0.3242134062927497,-0.0164158686730506,fully_indexed,fixed_nominal
long_emerging_no_break,24,2359181538.123824,True,409821691.3238214,230963684.64648,0.1737135039000595,0.3261421319796954,0.0215736040609137,2359181538.123824,True,674327977.6082647,436460586.6554656,0.2858313218848493,0.6637055837563451,0.0368020304568527,True,True,0.0,True,included,-264506286.28444326,-205496902.0089856,-0.11211781798478979,-0.33756345177664976,-0.015228426395939,fully_indexed,fixed_nominal
long_emerging_no_break,25,2294204802.7806973,True,419769819.87175167,246219960.4648153,0.182969636957855,0.3412073490813648,0.0170603674540682,2294204802.7806973,True,709509019.4925238,483451898.3606769,0.3092614132062496,0.6771653543307087,0.0406824146981627,True,True,0.0,True,included,-289739199.6207721,-237231937.8958616,-0.1262917762483946,-0.3359580052493439,-0.023622047244094502,fully_indexed,fixed_nominal
long_emerging_no_break,26,2092830148.207236,True,350976441.8549386,203365039.9996786,0.1677042172560409,0.34185733512786,0.0134589502018842,2092830148.207236,True,617807888.9318566,419609729.32778,0.2952021163595547,0.6527590847913862,0.0309555854643337,True,True,0.0,True,included,-266831447.076918,-216244689.3281014,-0.12749789910351378,-0.31090174966352624,-0.017496635262449503,fully_indexed,fixed_nominal
long_emerging_no_break,27,2223288283.7034245,True,418109814.0053032,238228468.73794317,0.1880591991016298,0.3194630872483222,0.0187919463087248,2223288283.7034245,True,687159611.1268731,459310590.33353126,0.3090735538723042,0.6644295302013423,0.0375838926174496,True,True,0.0,True,included,-269049797.12156993,-221082121.5955881,-0.12101435477067438,-0.34496644295302015,-0.0187919463087248,fully_indexed,fixed_nominal
long_emerging_no_break,28,2077539380.778228,True,333083274.6622542,188001247.6117773,0.160325853624726,0.2891246684350133,0.0092838196286472,2077539380.778228,True,583043492.6587988,390130644.5869427,0.28064136740474,0.6525198938992043,0.0291777188328912,True,True,0.0,True,included,-249960217.9965446,-202129396.97516537,-0.12031551378001398,-0.363395225464191,-0.019893899204243996,fully_indexed,fixed_nominal
long_emerging_no_break,29,1866534090.336434,True,323988050.70680726,204548012.7825859,0.173577355154767,0.3318452380952381,0.0104166666666666,1866534090.336434,True,550515762.2608331,381484844.30180925,0.2949401058952024,0.6354166666666666,0.03125,True,True,0.0,True,included,-226527711.5540259,-176936831.51922336,-0.12136275074043543,-0.30357142857142855,-0.020833333333333398,fully_indexed,fixed_nominal
long_emerging_no_break,30,1972488418.513266,True,310935336.3947719,185913623.17373905,0.1576360770874055,0.2861230329041488,0.0114449213161659,1972488418.513266,True,545232483.1142071,382295881.0432884,0.2764185979480518,0.6838340486409156,0.0371959942775393,True,True,0.0,True,included,-234297146.71943527,-196382257.86954936,-0.11878252086064628,-0.39771101573676676,-0.0257510729613734,fully_indexed,fixed_nominal
long_emerging_no_break,31,2260881912.3407764,True,436996109.188791,246744105.00587696,0.1932856850256068,0.3249001331557923,0.0226364846870838,2260881912.3407764,True,680848012.0208032,445372841.25377375,0.3011426684005338,0.6697736351531292,0.0439414114513981,True,True,0.0,True,included,-243851902.83201224,-198628736.2478968,-0.10785698337492697,-0.34487350199733685,-0.021304926764314298,fully_indexed,fixed_nominal
long_emerging_no_break,32,2173035880.10395,True,390228353.863185,212525861.51860255,0.1795775014283325,0.307797537619699,0.0177838577291381,2173035880.10395,True,610383101.8779998,390768912.1781554,0.2808895644414308,0.6320109439124487,0.0328317373461012,True,True,0.0,True,included,-220154748.0148148,-178243050.65955287,-0.10131206301309831,-0.3242134062927497,-0.015047879616963102,fully_indexed,fixed_nominal
long_emerging_no_break,33,2233172150.522836,True,402115421.720637,254383504.10537675,0.1800646768886548,0.2950191570881226,0.0153256704980842,2233172150.522836,True,650581550.2286642,445550729.2321248,0.291326197165923,0.6526181353767561,0.0344827586206896,True,True,0.0,True,included,-248466128.50802714,-191167225.12674806,-0.11126152027726821,-0.35759897828863346,-0.0191570881226054,fully_indexed,fixed_nominal
long_emerging_no_break,34,2145888456.692292,True,378648442.22805065,235992756.2240449,0.1764529936526643,0.3360107095046854,0.0120481927710843,2145888456.692292,True,647161868.0450168,458783167.6076964,0.3015822495464479,0.6666666666666666,0.0307898259705488,True,True,0.0,True,included,-268513425.8169661,-222790411.38365152,-0.12512925589378363,-0.3306559571619812,-0.0187416331994645,fully_indexed,fixed_nominal
long_emerging_no_break,35,2095745556.4687123,True,365251620.14265054,220372527.2464733,0.1742824261348271,0.3176795580110497,0.0151933701657458,2095745556.4687123,True,622403789.4033775,425364646.6460891,0.2969844251761721,0.6588397790055248,0.0303867403314917,True,True,0.0,True,included,-257152169.260727,-204992119.39961576,-0.12270199904134496,-0.3411602209944751,-0.0151933701657459,fully_indexed,fixed_nominal
long_emerging_no_break,36,1995222341.1097012,True,304593815.0355519,184285922.95594436,0.152661590019157,0.2807017543859649,0.0094466936572199,1995222341.1097012,True,550947863.0206928,386555486.3745868,0.2761335675072017,0.6302294197031039,0.0269905533063427,True,True,0.0,True,included,-246354047.98514092,-202269563.41864246,-0.1234719774880447,-0.34952766531713897,-0.0175438596491228,fully_indexed,fixed_nominal
long_emerging_no_break,37,2032766030.88156,True,372214555.6649336,183095065.4233068,0.1831074260442622,0.3164383561643835,0.0123287671232876,2032766030.88156,True,595518683.8831171,368065063.6776356,0.2929597773851305,0.6397260273972603,0.0356164383561643,True,True,0.0,True,included,-223304128.21818346,-184969998.25432882,-0.10985235134086832,-0.32328767123287677,-0.0232876712328767,fully_indexed,fixed_nominal
long_emerging_no_break,38,2113632401.7871685,True,366353866.6702053,218966835.09391516,0.1733290360047646,0.2942779291553133,0.0136239782016348,2113632401.7871685,True,604161656.3555036,406746810.9691389,0.2858404592230221,0.6689373297002725,0.0354223433242506,True,True,0.0,True,included,-237807789.68529826,-187779975.87522376,-0.1125114232182575,-0.3746594005449592,-0.0217983651226158,fully_indexed,fixed_nominal
long_emerging_no_break,39,2206447283.3151174,True,353966950.8318523,220628345.4754419,0.1604239328573616,0.3018372703412073,0.0144356955380577,2206447283.3151174,True,623991518.5404327,445548978.2166198,0.2828037285363578,0.6404199475065617,0.0236220472440944,True,True,0.0,True,included,-270024567.7085804,-224920632.7411779,-0.12237979567899623,-0.33858267716535445,-0.009186351706036702,fully_indexed,fixed_nominal
long_emerging_no_break,40,2203307880.693128,True,375037430.67435855,188683008.76188177,0.1702156262230485,0.3216689098250336,0.0228802153432032,2203307880.693128,True,596907150.5758696,366223212.8383131,0.2709140904938312,0.6433378196500673,0.0376850605652759,True,True,0.0,True,included,-221869719.901511,-177540204.07643133,-0.10069846427078269,-0.3216689098250337,-0.014804845222072701,fully_indexed,fixed_nominal
long_emerging_no_break,41,2073955434.301361,True,345052415.12061155,195176630.2571133,0.1663740741067789,0.3080054274084124,0.0122116689280868,2073955434.301361,True,626334291.345423,424695016.0459148,0.3019998795472728,0.6824966078697422,0.0244233378561736,True,True,0.0,True,included,-281281876.22481143,-229518385.78880152,-0.1356258054404939,-0.3744911804613298,-0.0122116689280868,fully_indexed,fixed_nominal
long_emerging_no_break,42,2273457418.936456,True,446243630.0825816,269232010.1425532,0.1962841381438049,0.3493810178817056,0.0192572214580467,2273457418.936456,True,702385624.721889,474560924.9910196,0.3089504201272752,0.686382393397524,0.0508940852819807,True,True,0.0,True,included,-256141994.63930744,-205328914.8484664,-0.11266628198347028,-0.33700137551581844,-0.031636863823934006,fully_indexed,fixed_nominal
long_emerging_no_break,43,2141429864.3891928,True,388685575.0136667,243671628.6807779,0.1815074971528581,0.3388203017832647,0.0137174211248285,2141429864.3891928,True,667432220.7026684,474862628.7575,0.3116759655787477,0.663923182441701,0.0329218106995884,True,True,0.0,True,included,-278746645.68900174,-231191000.0767221,-0.1301684684258896,-0.3251028806584363,-0.019204389574759895,fully_indexed,fixed_nominal
long_emerging_no_break,44,2228351261.9525504,True,388288593.0477973,255469618.31987125,0.1742492755417594,0.3132220795892169,0.0077021822849807,2228351261.9525504,True,671691804.211221,493819589.1652581,0.3014299476388044,0.6803594351732991,0.0346598202824133,True,True,0.0,True,included,-283403211.16342366,-238349970.84538686,-0.12718067209704498,-0.3671373555840822,-0.0269576379974326,fully_indexed,fixed_nominal
long_emerging_no_break,45,2272093853.304897,True,443670002.47773457,241695229.2643003,0.1952692235104592,0.356951871657754,0.0147058823529411,2272093853.304897,True,691879228.0059993,438947693.5502548,0.3045117291258103,0.6737967914438503,0.0374331550802139,True,True,0.0,True,included,-248209225.52826476,-197252464.28595454,-0.10924250561535112,-0.3168449197860963,-0.0227272727272728,fully_indexed,fixed_nominal
long_emerging_no_break,46,2220142192.0183578,True,398336717.6464496,248389697.75407684,0.179419461995953,0.348051948051948,0.0116883116883116,2220142192.0183578,True,659854256.9018555,453784607.42143095,0.2972126106490387,0.6545454545454545,0.0324675324675324,True,True,0.0,True,included,-261517539.25540584,-205394909.6673541,-0.11779314865308571,-0.30649350649350654,-0.0207792207792208,fully_indexed,fixed_nominal
long_emerging_no_break,47,2115427637.271873,True,349735944.8559596,185571785.9209519,0.1653263570419222,0.3109919571045576,0.0134048257372654,2115427637.271873,True,613310878.2124479,399791703.5359768,0.2899228824500914,0.646112600536193,0.0254691689008042,True,True,0.0,True,included,-263574933.3564883,-214219917.61502492,-0.1245965254081692,-0.3351206434316354,-0.012064343163538799,fully_indexed,fixed_nominal
long_emerging_no_break,48,2024104134.947673,True,372947837.3308881,216152169.91579705,0.1842532856346985,0.3196605374823196,0.0127298444130127,2024104134.947673,True,616289013.0334772,419090658.56936455,0.304474953829097,0.635077793493635,0.0339462517680339,True,True,0.0,True,included,-243341175.7025891,-202938488.6535675,-0.1202216681943985,-0.31541725601131543,-0.0212164073550212,fully_indexed,fixed_nominal
long_emerging_no_break,49,2037183241.8979197,True,366278295.68902975,211879254.28095183,0.179796440573402,0.3319327731092437,0.0098039215686274,2037183241.8979197,True,602157727.6568118,393826467.8881044,0.2955834876669308,0.6568627450980392,0.0322128851540616,True,True,0.0,True,included,-235879431.96778208,-181947213.60715255,-0.11578704709352883,-0.32492997198879553,-0.022408963585434198,fully_indexed,fixed_nominal
long_emerging_no_break,50,2143254665.8289976,True,397835619.0480472,256659535.90102464,0.185622187316768,0.3314993122420908,0.0137551581843191,2143254665.8289976,True,629455005.800605,438703459.59901375,0.2936911865100901,0.6602475928473177,0.0481430536451169,True,True,0.0,True,included,-231619386.75255787,-182043923.6979891,-0.10806899919332208,-0.32874828060522693,-0.034387895460797804,fully_indexed,fixed_nominal
long_shock_break,1,1997971674.6258776,True,328542837.5939127,196558813.4162731,0.1644381858693931,0.2783357245337159,0.0157819225251076,1997971674.6258776,True,574367052.6705806,379285494.5832111,0.2874750728276122,0.6341463414634146,0.0358680057388809,True,True,0.0,True,included,-245824215.0766679,-182726681.16693804,-0.1230368869582191,-0.35581061692969873,-0.020086083213773302,fully_indexed,fixed_nominal
long_shock_break,2,2119029650.064868,True,366869791.0633199,206265546.4742914,0.1731310324289653,0.3113207547169811,0.0121293800539083,2119029650.064868,True,635006892.4868515,410910544.1490244,0.2996687150967484,0.6455525606469003,0.036388140161725,True,True,0.0,True,included,-268137101.42353153,-204644997.674733,-0.12653768266778312,-0.33423180592991913,-0.0242587601078167,fully_indexed,fixed_nominal
long_shock_break,3,2153746010.6425366,True,397979014.0766725,180308381.50402892,0.18478456239041,0.3342210386151797,0.0093209054593874,2153746010.6425366,True,685213116.9998479,394227884.4940707,0.3181494538417857,0.6484687083888149,0.0372836218375499,True,True,0.0,True,included,-287234102.9231754,-213919502.9900418,-0.13336489145137573,-0.31424766977363516,-0.0279627163781625,fully_indexed,fixed_nominal
long_shock_break,4,2020835026.6804311,True,299404863.12181616,163866180.66733924,0.1481589833751249,0.2994505494505494,0.0096153846153846,2020835026.6804311,True,566170331.5940944,363312484.70784414,0.2801665272618153,0.6456043956043956,0.0288461538461538,True,True,0.0,True,included,-266765468.47227824,-199446304.0405049,-0.1320075438866904,-0.34615384615384626,-0.019230769230769197,fully_indexed,fixed_nominal
long_shock_break,5,2145344049.436604,True,368844765.71476233,157911043.99124926,0.171928025162969,0.3324287652645861,0.0162822252374491,2145344049.436604,True,635139456.4403583,359919568.68550766,0.2960548246828542,0.6377204884667571,0.0339213025780189,True,True,0.0,True,included,-266294690.72559595,-202008524.6942584,-0.1241267995198852,-0.305291723202171,-0.017639077340569798,fully_indexed,fixed_nominal
long_shock_break,6,2114436626.477242,True,313036432.50538456,159804351.83441907,0.1480472049081551,0.287248322147651,0.0147651006711409,2114436626.477242,True,573118048.8402137,363923938.1663605,0.2710500005833975,0.640268456375839,0.0281879194630872,True,True,0.0,True,included,-260081616.3348291,-204119586.33194143,-0.12300279567524242,-0.35302013422818795,-0.0134228187919463,fully_indexed,fixed_nominal
long_shock_break,7,2011190668.9778824,True,318363904.21382326,168755192.36249635,0.1582962317419763,0.3086770981507823,0.0071123755334281,2011190668.9778824,True,583144758.3766874,373454165.2832909,0.2899500118867648,0.6386913229018493,0.0241820768136557,True,True,0.0,True,included,-264780854.16286415,-204698972.92079458,-0.13165378014478848,-0.33001422475106695,-0.017069701280227598,fully_indexed,fixed_nominal
long_shock_break,8,2299384662.4478354,True,403368103.7080306,202824791.73903108,0.1754243690912596,0.33248730964467,0.0088832487309644,2299384662.4478354,True,704944570.2647775,430098532.3937574,0.3065796609751763,0.6700507614213198,0.032994923857868,True,True,0.0,True,included,-301576466.55674696,-227273740.65472633,-0.1311552918839167,-0.3375634517766498,-0.0241116751269036,fully_indexed,fixed_nominal
long_shock_break,9,2097059362.660221,True,359616258.4798773,190909188.3699088,0.1714859697742112,0.3297297297297297,0.0094594594594594,2097059362.660221,True,643173766.9841188,411775479.85434985,0.3067026992350954,0.6554054054054054,0.0324324324324324,True,True,0.0,True,included,-283557508.5042415,-220866291.48444104,-0.1352167294608842,-0.3256756756756757,-0.022972972972973002,fully_indexed,fixed_nominal
long_shock_break,10,2351215811.4271545,True,403561057.8237361,220806234.01618463,0.1716393092724143,0.3106060606060606,0.0151515151515151,2351215811.4271545,True,670286031.9141219,419800063.420129,0.2850806075122759,0.6439393939393939,0.0416666666666666,True,True,0.0,True,included,-266724974.0903858,-198993829.40394437,-0.11344129823986157,-0.3333333333333333,-0.026515151515151502,fully_indexed,fixed_nominal
long_shock_break,11,2121924300.379859,True,375424604.1118412,203909713.33793336,0.1769264832136726,0.3172413793103448,0.0151724137931034,2121924300.379859,True,652964175.3338894,424758999.50438994,0.3077226530734381,0.646896551724138,0.0413793103448275,True,True,0.0,True,included,-277539571.22204816,-220849286.16645658,-0.1307961698597655,-0.32965517241379316,-0.026206896551724104,fully_indexed,fixed_nominal
long_shock_break,12,2134932077.4504092,True,388710684.68450046,217168105.67054757,0.1820716868654242,0.330634278002699,0.0094466936572199,2134932077.4504092,True,646554866.9333825,396764543.5095545,0.3028456379303246,0.6342780026990553,0.0350877192982456,True,True,0.0,True,included,-257844182.24888206,-179596437.83900693,-0.12077395106490041,-0.3036437246963563,-0.025641025641025696,fully_indexed,fixed_nominal
long_shock_break,13,2276718575.536633,True,385669590.9131288,201069901.7227376,0.1693971292970298,0.3070175438596491,0.012531328320802,2276718575.536633,True,671990979.1496208,413741968.298162,0.2951576828028599,0.6541353383458647,0.0388471177944862,True,True,0.0,True,included,-286321388.236492,-212672066.57542437,-0.12576055350583012,-0.3471177944862156,-0.0263157894736842,fully_indexed,fixed_nominal
long_shock_break,14,2093612034.2118683,True,357231277.5459189,197428698.7147891,0.170629167060743,0.2945945945945946,0.0081081081081081,2093612034.2118683,True,619737861.5537978,379043855.0887311,0.2960137080923379,0.6527027027027027,0.031081081081081,True,True,0.0,True,included,-262506584.00787896,-181615156.37394202,-0.1253845410315949,-0.3581081081081081,-0.022972972972972898,fully_indexed,fixed_nominal
long_shock_break,15,2300449780.488496,True,443589155.4119512,207546902.8488876,0.1928271415330596,0.3194070080862534,0.0188679245283018,2300449780.488496,True,712951616.0964262,401332616.19657946,0.3099183568984637,0.6805929919137467,0.0431266846361186,True,True,0.0,True,included,-269362460.68447506,-193785713.34769186,-0.1170912153654041,-0.3611859838274933,-0.0242587601078168,fully_indexed,fixed_nominal
long_shock_break,16,2283542350.2816577,True,404198097.9010726,192471047.78129223,0.1770048617014779,0.3202614379084967,0.0130718954248366,2283542350.2816577,True,667429970.0300668,390841016.9025936,0.2922783411254643,0.6431372549019608,0.0352941176470588,True,True,0.0,True,included,-263231872.12899423,-198369969.12130138,-0.11527347942398641,-0.3228758169934641,-0.022222222222222202,fully_indexed,fixed_nominal
long_shock_break,17,2071512533.7388003,True,311442009.42916983,179060274.57827273,0.1503452208744588,0.3082099596231494,0.0094212651413189,2071512533.7388003,True,581849675.1293278,393029957.3509383,0.2808815614932185,0.6433378196500673,0.02557200538358,True,True,0.0,True,included,-270407665.70015794,-213969682.7726656,-0.1305363406187597,-0.3351278600269179,-0.0161507402422611,fully_indexed,fixed_nominal
long_shock_break,18,2092583054.3045511,True,381577388.4244126,183944078.5798013,0.1823475477541922,0.3301104972375691,0.0124309392265193,2092583054.3045511,True,644353334.9305665,384461423.0993128,0.3079224662577184,0.6740331491712708,0.0317679558011049,True,True,0.0,True,included,-262775946.50615394,-200517344.5195115,-0.1255749185035262,-0.3439226519337017,-0.0193370165745856,fully_indexed,fixed_nominal
long_shock_break,19,2313312477.9638715,True,408260006.5438615,210636439.0394602,0.1764828618843586,0.3378712871287129,0.0099009900990099,2313312477.9638715,True,723847424.9442884,434770527.391416,0.3129051660074057,0.6547029702970297,0.0321782178217821,True,True,0.0,True,included,-315587418.40042686,-224134088.3519558,-0.1364223041230471,-0.31683168316831684,-0.022277227722772203,fully_indexed,fixed_nominal
long_shock_break,20,2236900833.4627624,True,386790098.1702584,217737566.3763345,0.1729133864068084,0.3142112125162972,0.0091264667535853,2236900833.4627624,True,667227395.9045078,416751535.2918438,0.2982820632560755,0.6623207301173403,0.0338983050847457,True,True,0.0,True,included,-280437297.73424935,-199013968.91550928,-0.12536867684926709,-0.3481095176010431,-0.024771838331160402,fully_indexed,fixed_nominal
long_shock_break,21,2149007547.7670817,True,332069505.83712626,169220123.3947669,0.1545222613025076,0.2810026385224274,0.0145118733509234,2149007547.7670817,True,608586572.969449,386948735.9032155,0.2831942463868024,0.637203166226913,0.025065963060686,True,True,0.0,True,included,-276517067.1323228,-217728612.50844863,-0.1286719850842948,-0.35620052770448557,-0.010554089709762602,fully_indexed,fixed_nominal
long_shock_break,22,2056657691.8437996,True,350873497.88431984,179765431.75705487,0.1706037418262641,0.3210382513661202,0.0109289617486338,2056657691.8437996,True,623978460.0059432,391323534.8021613,0.3033944163292165,0.6366120218579235,0.0327868852459016,True,True,0.0,True,included,-273104962.12162334,-211558103.0451064,-0.1327906745029524,-0.31557377049180335,-0.021857923497267798,fully_indexed,fixed_nominal
long_shock_break,23,2166425642.19968,True,404154504.21631616,251435097.268049,0.1865536007069958,0.3283173734610123,0.0177838577291381,2166425642.19968,True,674667952.6472288,447552612.8081651,0.311419851900481,0.66484268125855,0.0341997264021887,True,True,0.0,True,included,-270513448.4309127,-196117515.54011607,-0.12486625119348518,-0.33652530779753764,-0.016415868673050598,fully_indexed,fixed_nominal
long_shock_break,24,2381833607.751938,True,410286371.4469458,191995240.2420616,0.1722565212412924,0.3274111675126903,0.0203045685279187,2381833607.751938,True,691917600.9150207,397126306.2678751,0.2904978746891047,0.6649746192893401,0.0355329949238578,True,True,0.0,True,included,-281631229.4680749,-205131066.0258135,-0.11824135344781231,-0.3375634517766498,-0.0152284263959391,fully_indexed,fixed_nominal
long_shock_break,25,2317688710.1940675,True,418709378.6225422,213496522.1014721,0.1806581603391778,0.3359580052493438,0.0183727034120734,2317688710.1940675,True,725599481.8453677,441627230.3788016,0.3130702922501663,0.678477690288714,0.0406824146981627,True,True,0.0,True,included,-306890103.22282547,-228130708.27732947,-0.1324121319109885,-0.34251968503937014,-0.0223097112860893,fully_indexed,fixed_nominal
long_shock_break,26,2113549177.373942,True,353399022.80257124,181354904.77405417,0.1672064348375678,0.3364737550471063,0.0134589502018842,2113549177.373942,True,634444804.4726384,387317049.10468125,0.3001798166158253,0.648721399730821,0.0323014804845222,True,True,0.0,True,included,-281045781.67006713,-205962144.33062708,-0.13297338177825752,-0.3122476446837147,-0.018842530282638,fully_indexed,fixed_nominal
long_shock_break,27,2252847312.9458346,True,424891222.3514732,222374847.9568406,0.1886018727988641,0.3261744966442953,0.0187919463087248,2252847312.9458346,True,708061951.8379467,435090220.70363057,0.3142964673056698,0.6590604026845638,0.036241610738255,True,True,0.0,True,included,-283170729.48647344,-212715372.74678996,-0.1256945945068057,-0.33288590604026846,-0.0174496644295302,fully_indexed,fixed_nominal
long_shock_break,28,2101703771.9704845,True,334971246.5576898,165809405.89038792,0.1593808085730523,0.29973474801061,0.0092838196286472,2101703771.9704845,True,599321980.4636381,365739264.7311368,0.2851600632099235,0.6538461538461539,0.0291777188328912,True,True,0.0,True,included,-264350733.90594828,-199929858.84074888,-0.12577925463687117,-0.35411140583554385,-0.019893899204243996,fully_indexed,fixed_nominal
long_shock_break,29,1884167907.789803,True,327188576.2142281,180598290.91845167,0.1736514961652394,0.3244047619047619,0.0104166666666666,1884167907.789803,True,565448922.2479427,351201311.80938095,0.3001053780346119,0.6279761904761905,0.0327380952380952,True,True,0.0,True,included,-238260346.0337146,-170603020.89092928,-0.1264538818693725,-0.30357142857142855,-0.022321428571428596,fully_indexed,fixed_nominal
long_shock_break,30,1996242792.4053347,True,314958907.06750464,169088396.18537104,0.1577758518481616,0.2947067238912732,0.0114449213161659,1996242792.4053347,True,560527653.1197577,362164258.8152297,0.2807913222040293,0.6881258941344778,0.0357653791130186,True,True,0.0,True,included,-245568746.052253,-193075862.62985867,-0.12301547035586771,-0.39341917024320455,-0.024320457796852702,fully_indexed,fixed_nominal
long_shock_break,31,2291455685.18682,True,442290414.9414853,221732233.7193557,0.1930172238549862,0.3288948069241012,0.0239680426098535,2291455685.18682,True,701464523.5122488,420737137.6768234,0.3061217932543431,0.6711051930758988,0.0439414114513981,True,True,0.0,True,included,-259174108.57076347,-199004903.95746768,-0.11310456939935687,-0.34221038615179755,-0.0199733688415446,fully_indexed,fixed_nominal
long_shock_break,32,2195663204.236639,True,395596806.56452185,189355778.60840175,0.1801718978581043,0.3064295485636115,0.0205198358413132,2195663204.236639,True,626641798.7890239,362645239.5547047,0.2853997815238184,0.6333789329685362,0.0369357045143638,True,True,0.0,True,included,-231044992.22450203,-173289460.94630298,-0.10522788366571409,-0.3269493844049247,-0.0164158686730506,fully_indexed,fixed_nominal
long_shock_break,33,2256281496.4664226,True,406191467.3717302,223041123.3847741,0.1800269461092817,0.2873563218390804,0.0153256704980842,2256281496.4664226,True,667901784.7917563,400625885.1630893,0.2960188193883439,0.6590038314176245,0.0383141762452107,True,True,0.0,True,included,-261710317.42002606,-177584761.7783152,-0.11599187327906221,-0.37164750957854414,-0.0229885057471265,fully_indexed,fixed_nominal
long_shock_break,34,2172008665.224551,True,384037389.34587634,218520618.45593235,0.1768120889638223,0.3400267737617135,0.0120481927710843,2172008665.224551,True,667213724.9955386,434190328.61268175,0.3071874139721994,0.6639892904953146,0.0348058902275769,True,True,0.0,True,included,-283176335.64966226,-215669710.1567494,-0.1303753250083771,-0.32396251673360116,-0.0227576974564926,fully_indexed,fixed_nominal
long_shock_break,35,2114580832.3449297,True,367496499.2904703,189475972.98328573,0.1737916534895197,0.3232044198895027,0.0138121546961325,2114580832.3449297,True,635799124.9043181,383540663.9225669,0.3006738334042587,0.6505524861878453,0.0345303867403314,True,True,0.0,True,included,-268302625.6138478,-194064690.93928117,-0.126882179914739,-0.3273480662983426,-0.020718232044198898,fully_indexed,fixed_nominal
long_shock_break,36,2020372775.963909,True,309078978.3570605,167709758.8135804,0.1529811636912404,0.282051282051282,0.0080971659919028,2020372775.963909,True,570239444.1114316,369844933.2565078,0.2822446683579833,0.6261808367071525,0.0269905533063427,True,True,0.0,True,included,-261160465.7543711,-202135174.44292742,-0.12926350466674288,-0.34412955465587053,-0.018893387314439902,fully_indexed,fixed_nominal
long_shock_break,37,2054954734.5066304,True,375534877.5878494,168655720.7742924,0.1827460582376335,0.3178082191780822,0.0123287671232876,2054954734.5066304,True,609743081.204261,344271507.54818845,0.2967184974761271,0.6342465753424658,0.036986301369863,True,True,0.0,True,included,-234208203.61641157,-175615786.77389604,-0.1139724392384936,-0.31643835616438354,-0.0246575342465754,fully_indexed,fixed_nominal
long_shock_break,38,2136865600.8104904,True,372708333.9780964,198507569.5104668,0.1744182384875923,0.2970027247956403,0.0122615803814713,2136865600.8104904,True,623515169.3548235,384335613.89886,0.2917896048859276,0.667574931880109,0.0354223433242506,True,True,0.0,True,included,-250806835.37672704,-185828044.38839316,-0.11737136639833529,-0.37057220708446864,-0.0231607629427793,fully_indexed,fixed_nominal
long_shock_break,39,2224949970.202185,True,356829069.22656804,194537017.57192013,0.1603762214905633,0.3070866141732283,0.0118110236220472,2224949970.202185,True,641564192.3600928,411609718.64878345,0.2883499408761055,0.6417322834645669,0.0262467191601049,True,True,0.0,True,included,-284735123.1335247,-217072701.07686332,-0.1279737193855422,-0.3346456692913386,-0.0144356955380577,fully_indexed,fixed_nominal
long_shock_break,40,2214513989.6223173,True,375283174.50141805,157473078.36759004,0.1694652534416466,0.3176312247644683,0.0215343203230148,2214513989.6223173,True,607500249.1316608,329379459.90844464,0.2743266703116512,0.6473755047106325,0.0390309555854643,True,True,0.0,True,included,-232217074.63024276,-171906381.5408546,-0.10486141687000461,-0.32974427994616423,-0.0174966352624495,fully_indexed,fixed_nominal
long_shock_break,41,2096658029.2812812,True,345404673.9775763,169356966.99836564,0.164740586759386,0.3052917232021709,0.0122116689280868,2096658029.2812812,True,646633118.8499712,402235467.7553806,0.3084113431085526,0.666214382632293,0.0271370420624151,True,True,0.0,True,included,-301228444.87239486,-232878500.75701493,-0.14367075634916662,-0.36092265943012214,-0.0149253731343283,fully_indexed,fixed_nominal
long_shock_break,42,2301790542.7433214,True,452976533.9703333,244959889.08706105,0.1967931162973962,0.3493810178817056,0.0247592847317744,2301790542.7433214,True,723978087.9352853,444967640.80671847,0.3145282224821522,0.6850068775790922,0.0522696011004126,True,True,0.0,True,included,-271001553.96495205,-200007751.71965742,-0.11773510618475597,-0.33562585969738656,-0.0275103163686382,fully_indexed,fixed_nominal
long_shock_break,43,2166435610.880771,True,389994732.1686233,215556193.03677168,0.180016765884895,0.3388203017832647,0.0137174211248285,2166435610.880771,True,687236306.9826822,441745711.4342898,0.3172198165184721,0.663923182441701,0.0384087791495198,True,True,0.0,True,included,-297241574.8140589,-226189518.39751813,-0.13720305063357707,-0.3251028806584363,-0.0246913580246913,fully_indexed,fixed_nominal
long_shock_break,44,2260696900.478082,True,396429680.1511707,244890085.9714208,0.1753572891913708,0.3260590500641848,0.0077021822849807,2260696900.478082,True,694972938.2025034,471451543.6070764,0.3074153541129435,0.6790757381258024,0.0359435173299101,True,True,0.0,True,included,-298543258.0513328,-226561457.6356556,-0.1320580649215727,-0.35301668806161757,-0.0282413350449294,fully_indexed,fixed_nominal
long_shock_break,45,2292999359.102626,True,448114213.3778262,218892135.70878163,0.1954270992701879,0.3689839572192513,0.0160427807486631,2292999359.102626,True,706798571.7847079,398276787.6761124,0.3082419403995456,0.6631016042780749,0.0374331550802139,True,True,0.0,True,included,-258684358.4068817,-179384651.96733078,-0.11281484112935772,-0.29411764705882354,-0.0213903743315508,fully_indexed,fixed_nominal
long_shock_break,46,2247343516.6717715,True,403912296.7576761,232568579.27845216,0.1797287747784346,0.348051948051948,0.0155844155844155,2247343516.6717715,True,675772883.9568672,417206528.9420553,0.3006985264796815,0.6480519480519481,0.035064935064935,True,True,0.0,True,included,-271860587.1991911,-184637949.66360313,-0.12096975170124688,-0.3000000000000001,-0.0194805194805195,fully_indexed,fixed_nominal
long_shock_break,47,2138062986.011724,True,353932527.7452593,167901455.25692436,0.1655388686212065,0.3123324396782841,0.0134048257372654,2138062986.011724,True,631632662.7663296,374346090.2077977,0.2954228509163603,0.6380697050938338,0.0268096514745308,True,True,0.0,True,included,-277700135.02107036,-206444634.95087335,-0.12988398229515377,-0.32573726541554965,-0.0134048257372654,fully_indexed,fixed_nominal
long_shock_break,48,2047179715.514648,True,377103752.7099653,194115693.6938668,0.1842064718852315,0.3239038189533239,0.0127298444130127,2047179715.514648,True,636396085.6336148,396701492.4502405,0.3108647867164065,0.628005657708628,0.0353606789250353,True,True,0.0,True,included,-259292332.9236495,-202585798.7563737,-0.12665831483117498,-0.30410183875530417,-0.0226308345120226,fully_indexed,fixed_nominal
long_shock_break,49,2057985375.4760835,True,368990753.7706799,188647551.83086428,0.1792970728401408,0.3375350140056022,0.0098039215686274,2057985375.4760835,True,615578904.6502715,354884987.05735826,0.2991172396003381,0.6638655462184874,0.0322128851540616,True,True,0.0,True,included,-246588150.87959164,-166237435.22649398,-0.1198201667601973,-0.32633053221288516,-0.022408963585434198,fully_indexed,fixed_nominal
long_shock_break,50,2171144366.282714,True,403315166.1484529,232049947.22678745,0.1857615607749667,0.3397524071526822,0.0123796423658872,2171144366.282714,True,646714648.9363279,404040428.7111274,0.2978681007949687,0.6547455295735901,0.0495185694635488,True,True,0.0,True,included,-243399482.78787506,-171990481.48433995,-0.11210654002000203,-0.31499312242090793,-0.0371389270976616,fully_indexed,fixed_nominal
long_shock_no_break,1,2104162181.3146367,True,377393428.02099097,266604468.84261477,0.179355674848791,0.3070301291248206,0.0172166427546628,2104162181.3146367,True,654271873.6652932,499766947.86483264,0.3109417512943406,0.6642754662840746,0.0444763271162123,True,True,0.0,True,included,-276878445.64430225,-233162479.02221787,-0.1315860764455496,-0.35724533715925405,-0.0272596843615495,fully_indexed,fixed_nominal
long_shock_no_break,2,2229437637.726294,True,419026942.1441065,284546020.4099453,0.1879518561333044,0.3557951482479784,0.0161725067385444,2229437637.726294,True,720967155.9797094,534015095.1365743,0.3233852087986602,0.6698113207547169,0.0431266846361186,True,True,0.0,True,included,-301940213.8356029,-249469074.72662902,-0.13543335266535578,-0.3140161725067385,-0.026954177897574202,fully_indexed,fixed_nominal
long_shock_no_break,3,2261999465.6449227,True,454482685.3705298,260971217.4345507,0.2009207748601087,0.3794940079893475,0.0133155792276964,2261999465.6449227,True,772315651.3460898,524589288.66022575,0.3414305189174276,0.6790945406125166,0.0452729693741677,True,True,0.0,True,included,-317832965.97556007,-263618071.22567505,-0.1405097440573189,-0.2996005326231691,-0.0319573901464713,fully_indexed,fixed_nominal
long_shock_no_break,4,2125875485.0257456,True,347446495.01380885,231940172.24962205,0.1634368980973507,0.3365384615384615,0.0096153846153846,2125875485.0257456,True,650965868.8900752,487715459.4872352,0.3062107228176591,0.6813186813186813,0.0288461538461538,True,True,0.0,True,included,-303519373.87626636,-255775287.23761314,-0.1427738247203084,-0.34478021978021983,-0.019230769230769197,fully_indexed,fixed_nominal
long_shock_no_break,5,2251091185.473093,True,419265970.6416474,237679160.64644405,0.186250105436548,0.3663500678426051,0.0189959294436906,2251091185.473093,True,717191861.9366792,481486210.5349082,0.3185974280228693,0.6770691994572592,0.0420624151967435,True,True,0.0,True,included,-297925891.29503185,-243807049.88846412,-0.1323473225863213,-0.3107191316146541,-0.023066485753052902,fully_indexed,fixed_nominal
long_shock_no_break,6,2221055106.155776,True,357591824.17867184,216584532.8791039,0.1610008789010171,0.3328859060402684,0.0161073825503355,2221055106.155776,True,658797163.7176092,479886567.1275215,0.2966145062730396,0.676510067114094,0.0308724832214765,True,True,0.0,True,included,-301205339.53893733,-263302034.24841762,-0.13561362737202248,-0.3436241610738256,-0.014765100671141,fully_indexed,fixed_nominal
long_shock_no_break,7,2114643075.423512,True,362055819.0687115,227451163.2800408,0.1712136782214182,0.3413940256045519,0.0099573257467994,2114643075.423512,True,660678606.9630913,482278592.35778266,0.3124303172679735,0.6799431009957326,0.0341394025604551,True,True,0.0,True,included,-298622787.89437973,-254827429.07774186,-0.1412166390465553,-0.33854907539118073,-0.0241820768136557,fully_indexed,fixed_nominal
long_shock_no_break,8,2421819948.071394,True,463461838.4690498,292510963.2708589,0.1913692381789677,0.3718274111675126,0.0114213197969543,2421819948.071394,True,802315876.1267884,573114191.107759,0.3312863438777557,0.7093908629441624,0.0406091370558375,True,True,0.0,True,included,-338854037.65773857,-280603227.8369001,-0.13991710569878799,-0.3375634517766498,-0.029187817258883197,fully_indexed,fixed_nominal
long_shock_no_break,9,2201859622.869399,True,413365695.8242991,263416106.93572545,0.1877348090363785,0.3702702702702702,0.0108108108108108,2201859622.869399,True,729505649.5369886,530817477.7684608,0.3313134234172105,0.6932432432432433,0.0378378378378378,True,True,0.0,True,included,-316139953.7126895,-267401370.83273536,-0.14357861438083197,-0.32297297297297306,-0.027027027027027,fully_indexed,fixed_nominal
long_shock_no_break,10,2470845402.953996,True,459910012.5827729,297247243.5581889,0.1861346776422886,0.3522727272727273,0.0176767676767676,2470845402.953996,True,757291020.3025774,546183119.412483,0.3064906527123086,0.6805555555555556,0.0454545454545454,True,True,0.0,True,included,-297381007.71980447,-248935875.85429406,-0.12035597507001997,-0.3282828282828283,-0.0277777777777778,fully_indexed,fixed_nominal
long_shock_no_break,11,2236370304.3840613,True,430528219.6315517,277014910.1068385,0.192512044533755,0.3544827586206897,0.0151724137931034,2236370304.3840613,True,740904392.6494749,545814304.4819006,0.3312977243513944,0.6813793103448276,0.0468965517241379,True,True,0.0,True,included,-310376173.0179232,-268799394.37506205,-0.13878567981763937,-0.3268965517241379,-0.0317241379310345,fully_indexed,fixed_nominal
long_shock_no_break,12,2242441516.7084794,True,441291699.3663166,290995461.2606836,0.1967907283548947,0.3630229419703104,0.0148448043184885,2242441516.7084794,True,731127869.4253708,522943050.50506985,0.3260409977150893,0.6680161943319838,0.0377867746288798,True,True,0.0,True,included,-289836170.0590542,-231947589.24438626,-0.12925026936019463,-0.3049932523616734,-0.022941970310391295,fully_indexed,fixed_nominal
long_shock_no_break,13,2396534251.696564,True,443598697.0696416,288858490.8154544,0.1851000864083655,0.3446115288220551,0.0137844611528822,2396534251.696564,True,763040140.1274121,555662962.8926797,0.3183931711333721,0.6766917293233082,0.0413533834586466,True,True,0.0,True,included,-319441443.0577705,-266804472.07722527,-0.13329308472500662,-0.33208020050125314,-0.027568922305764403,fully_indexed,fixed_nominal
long_shock_no_break,14,2197934312.1036305,True,406587037.7747423,270047703.0459913,0.1849859823088161,0.3324324324324324,0.0094594594594594,2197934312.1036305,True,703373391.3382052,504572074.8683126,0.3200156562754646,0.6810810810810811,0.0364864864864864,True,True,0.0,True,included,-296786353.5634629,-234524371.8223213,-0.13502967396664847,-0.3486486486486487,-0.027027027027027,fully_indexed,fixed_nominal
long_shock_no_break,15,2415812258.7066884,True,497912926.5752809,291566258.63290787,0.2061058034542137,0.3571428571428571,0.0188679245283018,2415812258.7066884,True,804589998.2222526,541572070.8683144,0.3330515421148629,0.706199460916442,0.0525606469002695,True,True,0.0,True,included,-306677071.6469717,-250005812.23540652,-0.12694573866064918,-0.34905660377358494,-0.0336927223719677,fully_indexed,fixed_nominal
long_shock_no_break,16,2396215415.8476734,True,452115154.9585701,257773259.6225392,0.1886788441341498,0.3542483660130719,0.0130718954248366,2396215415.8476734,True,744780828.7104546,500742547.0395919,0.3108154733438206,0.6758169934640523,0.0444444444444444,True,True,0.0,True,included,-292665673.75188446,-242969287.41705272,-0.1221366292096708,-0.3215686274509804,-0.0313725490196078,fully_indexed,fixed_nominal
long_shock_no_break,17,2176962302.2417502,True,358363755.5044347,246312092.53363657,0.1646164268142842,0.3257065948855989,0.0094212651413189,2176962302.2417502,True,662864957.973709,503727820.5297222,0.3044907839199221,0.6756393001345895,0.0309555854643337,True,True,0.0,True,included,-304501202.4692743,-257415727.99608564,-0.13987435710563792,-0.3499327052489906,-0.0215343203230148,fully_indexed,fixed_nominal
long_shock_no_break,18,2196453361.788621,True,431519896.7218347,253906623.8277257,0.1964621258201624,0.3604972375690607,0.0138121546961325,2196453361.788621,True,727053809.4464039,501714174.7515366,0.3310126324987605,0.7113259668508287,0.0386740331491712,True,True,0.0,True,included,-295533912.72456914,-247807550.9238109,-0.1345505066785981,-0.350828729281768,-0.0248618784530387,fully_indexed,fixed_nominal
long_shock_no_break,19,2434297829.2730384,True,472613285.8231869,308044491.4610943,0.194147684042558,0.3774752475247525,0.0099009900990099,2434297829.2730384,True,821396396.3191228,588354389.3336549,0.3374264177709178,0.6893564356435643,0.0445544554455445,True,True,0.0,True,included,-348783110.4959359,-280309897.87256056,-0.1432787337283598,-0.3118811881188118,-0.0346534653465346,fully_indexed,fixed_nominal
long_shock_no_break,20,2355891453.7744765,True,444955401.20742846,302132193.26254344,0.1888692284589538,0.363754889178618,0.0117340286831812,2355891453.7744765,True,757815691.231677,556051434.6074004,0.3216683391832622,0.6975228161668839,0.0391134289439374,True,True,0.0,True,included,-312860290.0242486,-253919241.34485698,-0.13279911072430842,-0.33376792698826596,-0.0273794002607562,fully_indexed,fixed_nominal
long_shock_no_break,21,2256358332.701639,True,375960899.78680354,228658741.63821667,0.1666228693988727,0.3153034300791557,0.0158311345646438,2256358332.701639,True,697368872.8211963,506133519.1887632,0.3090683171702631,0.6873350923482849,0.0329815303430079,True,True,0.0,True,included,-321407973.0343928,-277474777.5505465,-0.14244544777139043,-0.37203166226912926,-0.0171503957783641,fully_indexed,fixed_nominal
long_shock_no_break,22,2161805906.400144,True,406461527.5467327,257495815.5635853,0.1880194361313294,0.3592896174863388,0.0122950819672131,2161805906.400144,True,710437294.3117727,515017898.025792,0.3286313966524397,0.6693989071038251,0.0355191256830601,True,True,0.0,True,included,-303975766.76504,-257522082.4622067,-0.14061196052111027,-0.3101092896174863,-0.023224043715847,fully_indexed,fixed_nominal
long_shock_no_break,23,2280419364.693642,True,457424652.1722205,320907871.29151183,0.2005879529240325,0.3720930232558139,0.0191518467852257,2280419364.693642,True,762649785.5177823,578828338.7857236,0.3344340068872546,0.6922024623803009,0.0451436388508891,True,True,0.0,True,included,-305225133.3455618,-257920467.49421173,-0.1338460539632221,-0.320109439124487,-0.0259917920656634,fully_indexed,fixed_nominal
long_shock_no_break,24,2499500312.818887,True,462665981.1685298,277865482.7778125,0.1851033899838741,0.3692893401015228,0.0241116751269035,2499500312.818887,True,783519243.4330012,537303375.7724771,0.3134703522198657,0.6878172588832487,0.0406091370558375,True,True,0.0,True,included,-320853262.26447135,-259437892.99466467,-0.1283669622359916,-0.3185279187817259,-0.016497461928933997,fully_indexed,fixed_nominal
long_shock_no_break,25,2444512485.721002,True,479513391.9136968,302025267.57062334,0.1961591093171551,0.3805774278215223,0.0196850393700787,2444512485.721002,True,822630369.0456741,588661721.2584822,0.3365212384272366,0.7125984251968503,0.0459317585301837,True,True,0.0,True,included,-343116977.13197726,-286636453.6878589,-0.14036212911008147,-0.33202099737532803,-0.026246719160104997,fully_indexed,fixed_nominal
long_shock_no_break,26,2216420506.158244,True,405102884.52960974,252990629.25442344,0.1827734779587385,0.3795423956931359,0.0148048452220726,2216420506.158244,True,716873247.7379612,511129478.2511025,0.3234373828188987,0.6796769851951547,0.0376850605652759,True,True,0.0,True,included,-311770363.20835143,-258138848.99667907,-0.14066390486016023,-0.3001345895020188,-0.0228802153432033,fully_indexed,fixed_nominal
long_shock_no_break,27,2367651734.27404,True,478245890.2350286,294182280.0250549,0.2019916541406654,0.3731543624161074,0.0187919463087248,2367651734.27404,True,795918742.360503,561194884.76305,0.336163773936349,0.6966442953020134,0.0510067114093959,True,True,0.0,True,included,-317672852.12547433,-267012604.7379951,-0.1341721197956836,-0.32348993288590605,-0.0322147651006711,fully_indexed,fixed_nominal
long_shock_no_break,28,2204484130.4505424,True,382431565.723433,233536423.1790629,0.1734789379705234,0.3209549071618037,0.0106100795755968,2204484130.4505424,True,683713665.551888,484014588.9198719,0.3101467849587802,0.6790450928381963,0.03315649867374,True,True,0.0,True,included,-301282099.828455,-250478165.74080902,-0.13666784698825676,-0.35809018567639256,-0.0225464190981432,fully_indexed,fixed_nominal
long_shock_no_break,29,1980448376.398121,True,375254786.3532593,250907041.1136875,0.1894797111731548,0.3645833333333333,0.0104166666666666,1980448376.398121,True,637210227.735196,461340465.36553705,0.3217504860662423,0.6651785714285714,0.0401785714285714,True,True,0.0,True,included,-261955441.38193667,-210433424.25184956,-0.1322707748930875,-0.3005952380952381,-0.029761904761904795,fully_indexed,fixed_nominal
long_shock_no_break,30,2094773335.0689592,True,357505463.99148464,229135631.91877,0.170665464375751,0.3333333333333333,0.0143061516452074,2094773335.0689592,True,639661735.0954868,471111242.7575404,0.3053608351733335,0.709585121602289,0.0400572246065808,True,True,0.0,True,included,-282156271.1040021,-241975610.83877042,-0.1346953707975825,-0.3762517882689557,-0.025751072961373404,fully_indexed,fixed_nominal
long_shock_no_break,31,2404883305.901128,True,493281865.974168,297551959.5531746,0.2051167575423505,0.3621837549933422,0.0252996005326231,2404883305.901128,True,789359276.9872327,545882603.4409287,0.3282318418736971,0.6924101198402131,0.0532623169107856,True,True,0.0,True,included,-296077411.0130647,-248330643.88775408,-0.12311508433134657,-0.33022636484687085,-0.027962716378162496,fully_indexed,fixed_nominal
long_shock_no_break,32,2305477632.7069077,True,440931789.4003241,258353667.349833,0.1912539870892684,0.3515731874145006,0.0205198358413132,2305477632.7069077,True,704919751.7961903,478333467.9938602,0.3057586600692933,0.6716826265389877,0.0410396716826265,True,True,0.0,True,included,-263987962.39586616,-219979800.64402717,-0.1145046729800249,-0.3201094391244871,-0.020519835841313297,fully_indexed,fixed_nominal
long_shock_no_break,33,2373945430.795636,True,458169762.63513225,305078802.4824349,0.1929992815721863,0.3307790549169859,0.0178799489144316,2373945430.795636,True,756270676.947426,542023894.6689991,0.3185712136162958,0.685823754789272,0.0459770114942528,True,True,0.0,True,included,-298100914.3122937,-236945092.18656415,-0.12557193204410952,-0.35504469987228615,-0.028097062579821197,fully_indexed,fixed_nominal
long_shock_no_break,34,2286117062.8324223,True,439509697.1212263,292379415.45204246,0.1922516148743006,0.3761713520749665,0.0160642570281124,2286117062.8324223,True,754477152.3458664,559154037.5305896,0.330025598694012,0.6947791164658634,0.0401606425702811,True,True,0.0,True,included,-314967455.22464013,-266774622.07854712,-0.1377739838197114,-0.31860776439089694,-0.024096385542168704,fully_indexed,fixed_nominal
long_shock_no_break,35,2229145271.070237,True,419679989.8223717,269634916.5517769,0.1882694660006966,0.3591160220994475,0.0151933701657458,2229145271.070237,True,723687511.4067698,518507655.95162815,0.3246479809094359,0.6878453038674033,0.0386740331491712,True,True,0.0,True,included,-304007521.58439803,-248872739.39985126,-0.1363785149087393,-0.3287292817679558,-0.0234806629834254,fully_indexed,fixed_nominal
long_shock_no_break,36,2116412398.091709,True,350602277.05442536,226638785.7107043,0.1656587711216162,0.3225371120107962,0.0107962213225371,2116412398.091709,True,646047953.8658504,475657647.8527157,0.3052561752370984,0.6612685560053981,0.0310391363022942,True,True,0.0,True,included,-295445676.8114251,-249018862.14201137,-0.13959740411548222,-0.3387314439946019,-0.0202429149797571,fully_indexed,fixed_nominal
long_shock_no_break,37,2147871898.603944,True,421248855.490922,228683194.41228637,0.196123826455722,0.3561643835616438,0.0123287671232876,2147871898.603944,True,683940913.4215964,451023852.19317865,0.3184272366830343,0.6684931506849315,0.0424657534246575,True,True,0.0,True,included,-262692057.93067443,-222340657.78089228,-0.12230341022731231,-0.3123287671232877,-0.0301369863013699,fully_indexed,fixed_nominal
long_shock_no_break,38,2247699682.147409,True,418380425.8295349,266422905.0111445,0.186137155756423,0.3310626702997275,0.0177111716621253,2247699682.147409,True,703070013.453906,498152941.3919744,0.3127953520828932,0.7098092643051771,0.0395095367847411,True,True,0.0,True,included,-284689587.6243712,-231730036.3808299,-0.1266581963264702,-0.3787465940054496,-0.021798365122615803,fully_indexed,fixed_nominal
long_shock_no_break,39,2350117335.337983,True,411495795.488185,273960070.2457375,0.1750958513009758,0.3412073490813648,0.0144356955380577,2350117335.337983,True,735449109.5368961,549188294.1231586,0.3129414427433799,0.6797900262467191,0.0314960629921259,True,True,0.0,True,included,-323953314.0487111,-275228223.8774211,-0.13784559144240413,-0.33858267716535434,-0.0170603674540682,fully_indexed,fixed_nominal
long_shock_no_break,40,2328588249.4253583,True,423689681.7480923,233261636.40130797,0.1819513097056335,0.3566621803499327,0.0228802153432032,2328588249.4253583,True,690247369.1064602,452780648.94832695,0.2964231092709487,0.6756393001345895,0.0390309555854643,True,True,0.0,True,included,-266557687.35836792,-219519012.54701898,-0.11447179956531522,-0.3189771197846568,-0.0161507402422611,fully_indexed,fixed_nominal
long_shock_no_break,41,2205427188.204737,True,396477511.521534,242823362.1107689,0.1797735666096847,0.3487109905020353,0.0135685210312075,2205427188.204737,True,736195606.5437065,527723637.3780478,0.3338108872880019,0.7055630936227951,0.0325644504748982,True,True,0.0,True,included,-339718095.0221725,-284900275.2672789,-0.1540373206783172,-0.3568521031207598,-0.018995929443690697,fully_indexed,fixed_nominal
long_shock_no_break,42,2423077810.1913424,True,508987820.3664388,326559119.8652901,0.2100583886434277,0.3878954607977992,0.0247592847317744,2423077810.1913424,True,809248516.9522514,573216126.4132847,0.3339754561527464,0.7083906464924347,0.0563961485557083,True,True,0.0,True,included,-300260696.5858126,-246657006.54799455,-0.12391706750931866,-0.3204951856946355,-0.031636863823933895,fully_indexed,fixed_nominal
long_shock_no_break,43,2280537901.7725906,True,451210405.82144326,302328583.72660446,0.1978526230459627,0.3731138545953361,0.0150891632373113,2280537901.7725906,True,775403329.0620072,575741925.04194,0.3400089638761585,0.6844993141289437,0.046639231824417,True,True,0.0,True,included,-324192923.2405639,-273413341.3153355,-0.14215634083019577,-0.31138545953360763,-0.031550068587105705,fully_indexed,fixed_nominal
long_shock_no_break,44,2377232926.715782,True,454475778.6447268,318294457.78326213,0.1911784804666148,0.3568677792041078,0.0077021822849807,2377232926.715782,True,786917258.7635348,602022957.4882786,0.3310223621421416,0.7124518613607189,0.0397946084724005,True,True,0.0,True,included,-332441480.118808,-283728499.7050165,-0.1398438816755268,-0.35558408215661114,-0.0320924261874198,fully_indexed,fixed_nominal
long_shock_no_break,45,2408767331.466565,True,503783732.6231965,296693595.22293365,0.2091458672832757,0.4037433155080214,0.017379679144385,2408767331.466565,True,792216834.1492392,530862191.2236451,0.3288888984005367,0.7032085561497327,0.0508021390374331,True,True,0.0,True,included,-288433101.5260427,-234168596.00071144,-0.119743031117261,-0.29946524064171126,-0.0334224598930481,fully_indexed,fixed_nominal
long_shock_no_break,46,2358001521.904384,True,457962573.4684433,303577123.4300188,0.194216402837001,0.3857142857142857,0.0168831168831168,2358001521.904384,True,762610815.0396503,548516975.5585554,0.3234140470035599,0.6818181818181818,0.0389610389610389,True,True,0.0,True,included,-304648241.57120705,-244939852.12853658,-0.1291976441665589,-0.2961038961038961,-0.0220779220779221,fully_indexed,fixed_nominal
long_shock_no_break,47,2241177913.9190664,True,401044272.819752,232896132.1857061,0.1789435235502836,0.3552278820375335,0.0147453083109919,2241177913.9190664,True,716139821.1201305,496091452.87260747,0.3195372472093671,0.6769436997319035,0.0335120643431635,True,True,0.0,True,included,-315095548.30037856,-263195320.68690136,-0.1405937236590835,-0.32171581769436997,-0.0187667560321716,fully_indexed,fixed_nominal
long_shock_no_break,48,2151154448.422192,True,428737208.76371896,267624313.77764505,0.1993056375278795,0.3606789250353607,0.0127298444130127,2151154448.422192,True,714208437.890044,510679603.9629409,0.3320116965166749,0.6577086280056577,0.041018387553041,True,True,0.0,True,included,-285471229.126325,-243055290.18529582,-0.1327060589887954,-0.29702970297029696,-0.0282885431400283,fully_indexed,fixed_nominal
long_shock_no_break,49,2159024142.3361807,True,418784378.8252708,259661779.60162097,0.1939692894643241,0.3683473389355742,0.0098039215686274,2159024142.3361807,True,696641725.6992236,480424965.9308473,0.3226650930106875,0.6862745098039216,0.0392156862745098,True,True,0.0,True,included,-277857346.87395287,-220763186.32922632,-0.12869580354636342,-0.3179271708683474,-0.0294117647058824,fully_indexed,fixed_nominal
long_shock_no_break,50,2280479095.263133,True,457148071.5214454,311463394.28721434,0.2004614172833263,0.3796423658872077,0.0178817056396148,2280479095.263133,True,724302230.463241,525605218.50871193,0.3176096777066344,0.6905089408528198,0.0550206327372764,True,True,0.0,True,included,-267154158.9417956,-214141824.2214976,-0.11714826042330809,-0.3108665749656121,-0.0371389270976616,fully_indexed,fixed_nominal
long_stable_break,1,1771304586.6490989,True,253623543.51791948,132718524.48730876,0.1431846027100945,0.2309899569583931,0.0129124820659971,1771304586.6490989,True,405264789.30105567,231211775.9309288,0.2287945237401115,0.5408895265423243,0.024390243902439,True,True,0.0,True,included,-151641245.7831362,-98493251.44362004,-0.085609921030017,-0.30989956958393117,-0.011477761836441901,fully_indexed,fixed_nominal
long_stable_break,2,1894825541.846989,True,286874508.15097624,138933229.64306718,0.1513989028622361,0.2452830188679245,0.0094339622641509,1894825541.846989,True,460703465.4143924,256776491.6519569,0.2431376690042502,0.5417789757412399,0.0188679245283018,True,True,0.0,True,included,-173828957.26341617,-117843262.0088897,-0.09173876614201412,-0.2964959568733154,-0.0094339622641509,fully_indexed,fixed_nominal
long_stable_break,3,1944667248.8058665,True,316215100.17353266,111930966.412944,0.1626062764042055,0.2689747003994673,0.0093209054593874,1944667248.8058665,True,511942252.421397,243243518.29184556,0.2632544219252717,0.5765645805592543,0.0239680426098535,True,True,0.0,True,included,-195727152.2478643,-131312551.87890156,-0.10064814552106621,-0.307589880159787,-0.014647137150466099,fully_indexed,fixed_nominal
long_stable_break,4,1807230508.7926729,True,229716542.9762865,105463690.6973653,0.1271097083956099,0.2403846153846154,0.0082417582417582,1807230508.7926729,True,400363619.3985031,217461486.31199485,0.2215343407775732,0.5398351648351648,0.0164835164835164,True,True,0.0,True,included,-170647076.42221662,-111997795.61462955,-0.0944246323819633,-0.2994505494505494,-0.0082417582417582,fully_indexed,fixed_nominal
long_stable_break,5,1935079002.2320256,True,296725541.826973,100963177.76558204,0.1533402726631386,0.2713704206241519,0.0149253731343283,1935079002.2320256,True,472832682.59232414,220374345.07132867,0.2443479992532259,0.5413839891451832,0.0257801899592944,True,True,0.0,True,included,-176107140.76535112,-119411167.30574663,-0.0910077265900873,-0.27001356852103126,-0.010854816824966099,fully_indexed,fixed_nominal
long_stable_break,6,1900248699.206274,True,247465176.79575223,102819225.6646816,0.1302277838154118,0.2429530201342281,0.0147651006711409,1900248699.206274,True,411568386.70293343,219523830.48473483,0.2165865904156881,0.5369127516778524,0.0241610738255033,True,True,0.0,True,included,-164103209.9071812,-116704604.82005323,-0.08635880660027628,-0.29395973154362426,-0.0093959731543624,fully_indexed,fixed_nominal
long_stable_break,7,1801202291.3451152,True,245927198.8397244,107682882.15774351,0.1365350244230863,0.2574679943100996,0.0071123755334281,1801202291.3451152,True,416158474.0706903,225591484.27532625,0.2310448282629645,0.5647226173541963,0.011379800853485,True,True,0.0,True,included,-170231275.23096588,-117908602.11758274,-0.0945098038398782,-0.3072546230440967,-0.0042674253200569,fully_indexed,fixed_nominal
long_stable_break,8,2055500737.4386904,True,317360798.5394621,132513920.06227204,0.1543958573008919,0.2677664974619289,0.0076142131979695,2055500737.4386904,True,514488552.625598,263026821.63594756,0.2502984033305138,0.5736040609137056,0.0190355329949238,True,True,0.0,True,included,-197127754.08613592,-130512901.57367551,-0.0959025460296219,-0.30583756345177676,-0.0114213197969543,fully_indexed,fixed_nominal
long_stable_break,9,1873988328.5998693,True,277044914.1222071,119058381.48320672,0.1478370542089759,0.2662162162162162,0.0081081081081081,1873988328.5998693,True,466374846.6605038,254110422.9195186,0.2488675300389682,0.5472972972972973,0.0202702702702702,True,True,0.0,True,included,-189329932.5382967,-135052041.43631187,-0.1010304758299923,-0.28108108108108104,-0.012162162162162099,fully_indexed,fixed_nominal
long_stable_break,10,2099039975.4358344,True,319461634.08041847,149583335.62477592,0.1521941639125224,0.2613636363636363,0.0138888888888888,2099039975.4358344,True,493151936.78864944,263302626.44822067,0.234941660263642,0.5429292929292929,0.029040404040404,True,True,0.0,True,included,-173690302.70823097,-113719290.82344475,-0.08274749635111958,-0.28156565656565663,-0.015151515151515199,fully_indexed,fixed_nominal
long_stable_break,11,1892052791.4843743,True,289367005.81321526,130345507.02295545,0.1529381247265293,0.2524137931034483,0.0124137931034482,1892052791.4843743,True,478797523.8814635,269271119.8716828,0.2530571694597548,0.5572413793103448,0.0275862068965517,True,True,0.0,True,included,-189430518.06824827,-138925612.84872738,-0.10011904473322553,-0.3048275862068965,-0.015172413793103499,fully_indexed,fixed_nominal
long_stable_break,12,1912453584.0081573,True,301948262.7268222,143272381.05827487,0.1578852764070713,0.2699055330634278,0.0094466936572199,1912453584.0081573,True,482213897.9251107,256138382.5904678,0.252144105330116,0.5344129554655871,0.0283400809716599,True,True,0.0,True,included,-180265635.1982885,-112866001.53219295,-0.09425882892304469,-0.2645074224021593,-0.01889338731444,fully_indexed,fixed_nominal
long_stable_break,13,2043753171.5018864,True,300353842.7512949,130418940.20861197,0.1469618968373636,0.2706766917293233,0.0087719298245614,2043753171.5018864,True,492122797.45904464,259310089.688469,0.2407936556729108,0.5488721804511278,0.0263157894736842,True,True,0.0,True,included,-191768954.70774972,-128891149.47985703,-0.0938317588355472,-0.27819548872180455,-0.0175438596491228,fully_indexed,fixed_nominal
long_stable_break,14,1879260091.7438064,True,280699585.44022965,134033478.412425,0.1493670762623189,0.2608108108108108,0.0081081081081081,1879260091.7438064,True,454100013.2727298,236606391.00806683,0.2416376611559715,0.5445945945945946,0.0175675675675675,True,True,0.0,True,included,-173400427.83250016,-102572912.59564184,-0.09227058489365259,-0.28378378378378377,-0.0094594594594594,fully_indexed,fixed_nominal
long_stable_break,15,2058282526.696905,True,361380349.0127994,141681821.34378135,0.1755737340843758,0.2628032345013477,0.0161725067385444,2058282526.696905,True,534523396.03783226,248017242.1260349,0.2596938899809959,0.5929919137466307,0.0336927223719676,True,True,0.0,True,included,-173143047.02503288,-106335420.78225353,-0.08412015589662011,-0.33018867924528306,-0.017520215633423198,fully_indexed,fixed_nominal
long_stable_break,16,2057066523.481706,True,326432584.81897295,127005597.87703703,0.1586883949024976,0.2679738562091503,0.0130718954248366,2057066523.481706,True,501564622.0656883,246078084.0682737,0.2438251832598785,0.5581699346405229,0.0222222222222222,True,True,0.0,True,included,-175132037.24671537,-119072486.19123666,-0.08513678835738092,-0.2901960784313726,-0.009150326797385599,fully_indexed,fixed_nominal
long_stable_break,17,1843964298.695911,True,231911476.2163731,111048946.45415652,0.1257678775995747,0.2422611036339165,0.0067294751009421,1843964298.695911,True,408134143.9970076,238325391.90788227,0.221335165917067,0.5383580080753702,0.0148048452220726,True,True,0.0,True,included,-176222667.78063452,-127276445.45372576,-0.09556728831749231,-0.29609690444145365,-0.0080753701211305,fully_indexed,fixed_nominal
long_stable_break,18,1877605248.4772933,True,303315239.9716645,118419855.40979262,0.1615436685733852,0.2693370165745856,0.0096685082872928,1877605248.4772933,True,477020951.7948272,237985737.90646395,0.254058169139484,0.574585635359116,0.0276243093922651,True,True,0.0,True,included,-173705711.82316273,-119565882.49667133,-0.09251450056609878,-0.3052486187845304,-0.0179558011049723,fully_indexed,fixed_nominal
long_stable_break,19,2076227976.086472,True,316060466.222771,134974793.58996344,0.1522282089746812,0.2871287128712871,0.0086633663366336,2076227976.086472,True,527810508.641206,267381657.62293705,0.2542160662125783,0.5717821782178217,0.0198019801980198,True,True,0.0,True,included,-211750042.41843504,-132406864.03297362,-0.1019878572378971,-0.28465346534653463,-0.011138613861386199,fully_indexed,fixed_nominal
long_stable_break,20,1991611492.910179,True,301047505.1640581,146641237.38912457,0.151157746496111,0.2646675358539765,0.0078226857887874,1991611492.910179,True,487089976.1029686,262013043.90070617,0.2445707799121122,0.5580182529335072,0.0208604954367666,True,True,0.0,True,included,-186042470.93891048,-115371806.5115816,-0.09341303341600121,-0.29335071707953064,-0.013037809647979199,fully_indexed,fixed_nominal
long_stable_break,21,1922222465.9352448,True,261235350.24028373,109714593.6942994,0.1359027661312767,0.2242744063324538,0.0131926121372031,1922222465.9352448,True,433546510.4495417,231881573.718374,0.2255443988053705,0.525065963060686,0.0184696569920844,True,True,0.0,True,included,-172311160.20925796,-122166980.02407461,-0.08964163267409381,-0.3007915567282322,-0.005277044854881301,fully_indexed,fixed_nominal
long_stable_break,22,1839675880.3080652,True,270317950.3393874,111070409.80732122,0.1469378129228508,0.2527322404371585,0.0095628415300546,1839675880.3080652,True,455759546.3493557,242912960.2702518,0.2477390453545739,0.5355191256830601,0.0286885245901639,True,True,0.0,True,included,-185441596.00996828,-131842550.46293059,-0.10080123243172309,-0.2827868852459017,-0.0191256830601093,fully_indexed,fixed_nominal
long_stable_break,23,1922737386.562352,True,312297658.68224293,171140363.3693791,0.1624234598363938,0.2722298221614227,0.0109439124487004,1922737386.562352,True,488371855.45415217,284791008.68740845,0.2539982105030519,0.5704514363885089,0.0246238030095759,True,True,0.0,True,included,-176074196.77190924,-113650645.31802934,-0.09157475066665807,-0.2982216142270862,-0.013679890560875499,fully_indexed,fixed_nominal
long_stable_break,24,2144813606.6956437,True,333439638.4613234,132226568.96586405,0.1554632241330421,0.2753807106598985,0.0177664974619289,2144813606.6956437,True,510334645.8748081,240195288.976933,0.2379389259195549,0.5723350253807107,0.0291878172588832,True,True,0.0,True,included,-176895007.4134847,-107968720.01106896,-0.08247570178651281,-0.2969543147208122,-0.0114213197969543,fully_indexed,fixed_nominal
long_stable_break,25,2062622075.6966825,True,335061928.99048185,144659980.42275032,0.1624446537920959,0.2703412073490813,0.0157480314960629,2062622075.6966825,True,536009202.226341,275809625.6100403,0.2598678684486084,0.589238845144357,0.0275590551181102,True,True,0.0,True,included,-200947273.23585916,-131149645.18728998,-0.09742321465651246,-0.3188976377952757,-0.0118110236220473,fully_indexed,fixed_nominal
long_stable_break,26,1904282882.6091151,True,274933461.23569566,115507467.27947162,0.1443763758769921,0.2772543741588156,0.0107671601615074,1904282882.6091151,True,465011599.8133429,240337604.38350868,0.244192501051218,0.576043068640646,0.0201884253028263,True,True,0.0,True,included,-190078138.57764727,-124830137.10403706,-0.09981612517422592,-0.29878869448183043,-0.009421265141318901,fully_indexed,fixed_nominal
long_stable_break,27,2004263416.341024,True,340745301.95836025,150762427.8690385,0.1700102387641359,0.276510067114094,0.0161073825503355,2004263416.341024,True,523992157.4591733,273521756.59783304,0.2614387675726634,0.5624161073825503,0.0295302013422818,True,True,0.0,True,included,-183246855.50081307,-122759328.72879454,-0.09142852880852748,-0.28590604026845634,-0.0134228187919463,fully_indexed,fixed_nominal
long_stable_break,28,1883310014.136478,True,262865512.0308251,105530535.02760953,0.1395763363746315,0.2440318302387268,0.006631299734748,1883310014.136478,True,431398814.36684793,215862813.93406263,0.2290641536065159,0.5397877984084881,0.019893899204244,True,True,0.0,True,included,-168533302.33602282,-110332278.9064531,-0.08948781723188443,-0.29575596816976135,-0.013262599469496001,fully_indexed,fixed_nominal
long_stable_break,29,1690735741.8892264,True,251346892.9497633,117630248.19364148,0.1486612524491311,0.2708333333333333,0.0089285714285714,1690735741.8892264,True,417883831.7998371,225852297.4018422,0.247160937955268,0.5476190476190477,0.019345238095238,True,True,0.0,True,included,-166536938.8500738,-108222049.20820072,-0.09849968550613691,-0.27678571428571436,-0.010416666666666598,fully_indexed,fixed_nominal
long_stable_break,30,1787233587.6866405,True,245502269.4196911,109268273.99410333,0.1373643999928763,0.2246065808297568,0.0085836909871244,1787233587.6866405,True,402162223.8344976,219982674.76817584,0.2250193967958315,0.5722460658082976,0.0228898426323319,True,True,0.0,True,included,-156659954.4148065,-110714400.77407251,-0.08765499680295519,-0.3476394849785408,-0.0143061516452075,fully_indexed,fixed_nominal
long_stable_break,31,2044998841.03436,True,359124107.40026593,153236671.00471404,0.1756109099888883,0.2743009320905459,0.0186418109187749,2044998841.03436,True,520029115.7357475,260791367.4203238,0.2542931102458312,0.5699067909454061,0.033288948069241,True,True,0.0,True,included,-160905008.33548158,-107554696.41560975,-0.07868220025694289,-0.2956058588548602,-0.014647137150466099,fully_indexed,fixed_nominal
long_stable_break,32,1971960127.61859,True,322340652.7799503,129985239.39603592,0.1634620539560404,0.2612859097127223,0.0177838577291381,1971960127.61859,True,470048675.3829865,226772033.53442088,0.2383662168416326,0.5430916552667578,0.0287277701778385,True,True,0.0,True,included,-147708022.60303617,-96786794.13838495,-0.07490416288559218,-0.28180574555403554,-0.0109439124487004,fully_indexed,fixed_nominal
long_stable_break,33,2019556971.8801744,True,323461153.493816,155859579.65098995,0.1601644113028804,0.247765006385696,0.0114942528735632,2019556971.8801744,True,491856046.919062,253005457.5214731,0.2435465073615388,0.5466155810983397,0.0306513409961685,True,True,0.0,True,included,-168394893.425246,-97145877.87048316,-0.0833820960586584,-0.29885057471264376,-0.019157088122605304,fully_indexed,fixed_nominal
long_stable_break,34,1934009592.410717,True,292918564.30781734,139786022.8094948,0.1514566243400573,0.2744310575635877,0.0080321285140562,1934009592.410717,True,485158551.55826926,273828789.94901365,0.2508563315622057,0.5742971887550201,0.0227576974564926,True,True,0.0,True,included,-192239987.25045192,-134042767.13951886,-0.09939970722214841,-0.2998661311914324,-0.014725568942436401,fully_indexed,fixed_nominal
long_stable_break,35,1890483060.619498,True,288789009.1426366,126005103.28630184,0.1527593741294896,0.2707182320441988,0.011049723756906,1890483060.619498,True,466688437.20140254,237624630.76057592,0.2468620041739342,0.574585635359116,0.0207182320441988,True,True,0.0,True,included,-177899428.05876595,-111619527.47427408,-0.09410263004444461,-0.3038674033149172,-0.0096685082872928,fully_indexed,fixed_nominal
long_stable_break,36,1812649720.020805,True,241885320.6350341,110519334.43457326,0.1334429470643991,0.2361673414304993,0.0067476383265856,1812649720.020805,True,408596891.6631244,225883142.3574996,0.2254141476702044,0.5276653171390013,0.0161943319838056,True,True,0.0,True,included,-166711571.02809027,-115363807.92292634,-0.0919712006058053,-0.291497975708502,-0.00944669365722,fully_indexed,fixed_nominal
long_stable_break,37,1859631768.569134,True,304151424.23473275,108033605.26212768,0.1635546506439592,0.2794520547945205,0.0123287671232876,1859631768.569134,True,462425869.8574584,216265281.0484224,0.2486652882969756,0.5397260273972603,0.0246575342465753,True,True,0.0,True,included,-158274445.62272567,-108231675.78629471,-0.08511063765301641,-0.26027397260273977,-0.0123287671232877,fully_indexed,fixed_nominal
long_stable_break,38,1910838516.7635615,True,296802033.92182946,135797300.0137352,0.1553255449469016,0.2452316076294278,0.0122615803814713,1910838516.7635615,True,458249879.650599,240838392.9348655,0.2398161203212237,0.5803814713896458,0.0231607629427792,True,True,0.0,True,included,-161447845.72876954,-105041092.9211303,-0.08449057537432211,-0.335149863760218,-0.0108991825613079,fully_indexed,fixed_nominal
long_stable_break,39,1983795100.8723695,True,274270257.7814467,124756523.85849656,0.1382553357757749,0.2454068241469816,0.0104986876640419,1983795100.8723695,True,457047060.0701285,248628660.0713047,0.2303902554599227,0.5498687664041995,0.0196850393700787,True,True,0.0,True,included,-182776802.2886818,-123872136.21280815,-0.0921349196841478,-0.3044619422572179,-0.009186351706036803,fully_indexed,fixed_nominal
long_stable_break,40,2009279168.8345768,True,309465048.5126324,104873528.50217566,0.1540179449987174,0.2597577388963661,0.0188425302826379,2009279168.8345768,True,460003254.26830167,202538327.5274703,0.2289394432606958,0.5477792732166891,0.0323014804845222,True,True,0.0,True,included,-150538205.75566924,-97664799.02529463,-0.07492149826197839,-0.28802153432032296,-0.013458950201884302,fully_indexed,fixed_nominal
long_stable_break,41,1873308863.94188,True,272577309.2875532,109211791.15110213,0.1455058023448342,0.248303934871099,0.010854816824966,1873308863.94188,True,462353819.6355547,237761727.8131146,0.246811312611127,0.5603799185888738,0.0149253731343283,True,True,0.0,True,included,-189776510.34800148,-128549936.66201249,-0.10130551026629278,-0.3120759837177748,-0.004070556309362301,fully_indexed,fixed_nominal
long_stable_break,42,2047801127.4810145,True,355990875.5108059,163333262.2008756,0.1738405505952171,0.2888583218707015,0.0178817056396148,2047801127.4810145,True,539702876.7792287,286086171.4392781,0.2635523877472972,0.5859697386519945,0.0385144429160935,True,True,0.0,True,included,-183712001.26842278,-122752909.23840252,-0.08971183715208011,-0.29711141678129305,-0.020632737276478703,fully_indexed,fixed_nominal
long_stable_break,43,1930704097.0038788,True,300005107.98710537,138862904.83582938,0.1553863735269748,0.2729766803840878,0.0109739368998628,1930704097.0038788,True,501401574.1559708,279696329.06412506,0.2596988191686442,0.5761316872427984,0.0219478737997256,True,True,0.0,True,included,-201396466.16886544,-140833424.22829568,-0.10431244564166939,-0.3031550068587106,-0.0109739368998628,fully_indexed,fixed_nominal
long_stable_break,44,2002891492.0772915,True,298412473.7083317,158280378.36166543,0.1489908339461936,0.2580231065468549,0.0064184852374839,2002891492.0772915,True,499566852.5018919,299182246.83992195,0.249422824190924,0.5673940949935815,0.0231065468549422,True,True,0.0,True,included,-201154378.7935602,-140901868.47825652,-0.10043199024473037,-0.3093709884467266,-0.016688061617458297,fully_indexed,fixed_nominal
long_stable_break,45,2063228949.6548629,True,357116712.2882545,142962180.2490027,0.1730863229444279,0.3141711229946524,0.0133689839572192,2063228949.6548629,True,539338901.1186068,256522651.401729,0.2614052605305036,0.5628342245989305,0.0267379679144385,True,True,0.0,True,included,-182222188.8303523,-113560471.1527263,-0.0883189375860757,-0.24866310160427813,-0.013368983957219298,fully_indexed,fixed_nominal
long_stable_break,46,2010674502.926077,True,314519626.5035587,156920706.89080703,0.1564249340436989,0.2844155844155844,0.009090909090909,2010674502.926077,True,503612483.6975153,271693077.38419163,0.2504694235514612,0.5766233766233766,0.0246753246753246,True,True,0.0,True,included,-189092857.1939566,-114772370.4933846,-0.09404448950776229,-0.2922077922077922,-0.0155844155844156,fully_indexed,fixed_nominal
long_stable_break,47,1923312463.179244,True,281139722.01509345,105911239.965595,0.146174751839526,0.2721179624664879,0.0134048257372654,1923312463.179244,True,461353791.9894523,224925177.75972944,0.2398745917898501,0.5482573726541555,0.0201072386058981,True,True,0.0,True,included,-180214069.97435886,-119013937.79413444,-0.0936998399503241,-0.27613941018766763,-0.006702412868632698,fully_indexed,fixed_nominal
long_stable_break,48,1830001724.025886,True,295660838.757792,124378605.46731804,0.1615631476605154,0.272984441301273,0.0099009900990099,1830001724.025886,True,467602133.5141623,247220420.8726511,0.2555200508147433,0.5601131541725601,0.0212164073550212,True,True,0.0,True,included,-171941294.7563703,-122841815.40533306,-0.09395690315422792,-0.28712871287128716,-0.0113154172560113,fully_indexed,fixed_nominal
long_stable_break,49,1851814179.349939,True,291405424.31837535,124179641.22641602,0.1573621303735077,0.2871148459383753,0.0084033613445378,1851814179.349939,True,459875737.6909031,221377259.30378357,0.2483379503295184,0.5588235294117647,0.0210084033613445,True,True,0.0,True,included,-168470313.37252778,-97197618.07736754,-0.09097581995601067,-0.27170868347338945,-0.012605042016806702,fully_indexed,fixed_nominal
long_stable_break,50,1934745366.184144,True,314258887.0858533,156688523.382204,0.1624290682270293,0.2778541953232462,0.0110041265474552,1934745366.184144,True,484319463.19155145,265956734.76030472,0.2503272377112674,0.5653370013755158,0.0288858321870701,True,True,0.0,True,included,-170060576.10569817,-109268211.37810072,-0.08789816948423812,-0.2874828060522696,-0.0178817056396149,fully_indexed,fixed_nominal
long_stable_no_break,1,1821503694.3981316,True,272495209.6002605,169794738.85340694,0.1495990430534369,0.2453371592539454,0.0143472022955523,1821503694.3981316,True,441061752.87836605,301848095.2693583,0.24214156371728,0.5810616929698709,0.024390243902439,True,True,0.0,True,included,-168566543.27810556,-132053356.41595134,-0.09254252066384308,-0.3357245337159255,-0.010043041606886701,fully_indexed,fixed_nominal
long_stable_no_break,2,1946814402.2927084,True,306589327.4340584,182778008.80169263,0.1574825659153727,0.2668463611859838,0.0094339622641509,1946814402.2927084,True,498868699.8746242,326939886.65297246,0.2562487206212984,0.5876010781671159,0.0215633423180593,True,True,0.0,True,included,-192279372.44056576,-144161877.85127982,-0.09876615470592567,-0.3207547169811321,-0.0121293800539084,fully_indexed,fixed_nominal
long_stable_no_break,3,1995382812.3977923,True,336819165.25519973,154420750.7950406,0.1687992715795993,0.2876165113182423,0.0093209054593874,1995382812.3977923,True,553529402.1274066,321703342.23595023,0.2774051167967347,0.6018641810918774,0.0239680426098535,True,True,0.0,True,included,-216710236.87220687,-167282591.44090962,-0.10860584521713537,-0.31424766977363516,-0.014647137150466099,fully_indexed,fixed_nominal
long_stable_no_break,4,1856620765.623592,True,247094760.05536896,140736230.0791088,0.1330884392927578,0.2541208791208791,0.0082417582417582,1856620765.623592,True,437904807.1816349,289366727.598824,0.2358612029390686,0.5824175824175825,0.0178571428571428,True,True,0.0,True,included,-190810047.12626594,-148630497.51971522,-0.1027727636463108,-0.32829670329670335,-0.0096153846153846,fully_indexed,fixed_nominal
long_stable_no_break,5,1984723685.2520103,True,315352093.9970582,146724273.40858307,0.158889671313121,0.2890094979647218,0.0162822252374491,1984723685.2520103,True,509120070.2036285,289629750.5068464,0.25651937042258,0.5780189959294437,0.0271370420624151,True,True,0.0,True,included,-193767976.20657027,-142905477.09826335,-0.09762969910945898,-0.2890094979647219,-0.010854816824966002,fully_indexed,fixed_nominal
long_stable_no_break,6,1950467250.8396895,True,263699166.87102783,130570224.25187474,0.1351979464189944,0.2523489932885906,0.0147651006711409,1950467250.8396895,True,447104913.3433707,279835005.07589453,0.2292296438973219,0.5906040268456376,0.0255033557046979,True,True,0.0,True,included,-183405746.47234285,-149264780.8240198,-0.09403169747832749,-0.338255033557047,-0.010738255033557,fully_indexed,fixed_nominal
long_stable_no_break,7,1850025136.478435,True,262483837.66848427,136049367.90152556,0.14188122771571,0.2617354196301564,0.0071123755334281,1850025136.478435,True,451238889.6903614,287537090.6580973,0.2439095992767454,0.5889046941678521,0.0142247510668563,True,True,0.0,True,included,-188755052.0218771,-151487722.75657177,-0.10202837156103542,-0.3271692745376957,-0.007112375533428201,fully_indexed,fixed_nominal
long_stable_no_break,8,2112977095.685412,True,339897746.48119026,180936693.9217603,0.1608620117914404,0.2880710659898477,0.0076142131979695,2112977095.685412,True,557740735.3443979,345598759.9966748,0.2639596692663045,0.6154822335025381,0.0190355329949238,True,True,0.0,True,included,-217842988.86320764,-164662066.0749145,-0.10309765747486407,-0.32741116751269034,-0.0114213197969543,fully_indexed,fixed_nominal
long_stable_no_break,9,1923548078.9798677,True,296713469.2524743,155440396.04157785,0.1542532118094147,0.2783783783783783,0.0081081081081081,1923548078.9798677,True,504175953.21046567,318746390.8667276,0.2621072791057293,0.5918918918918918,0.0229729729729729,True,True,0.0,True,included,-207462483.95799136,-163305994.82514974,-0.10785406729631458,-0.31351351351351353,-0.014864864864864802,fully_indexed,fixed_nominal
long_stable_no_break,10,2155420206.8413687,True,339871484.92888,187107138.72176072,0.1576822393378876,0.2664141414141414,0.0151515151515151,2155420206.8413687,True,531909005.6416185,336912354.9061351,0.2467774051450957,0.5833333333333334,0.029040404040404,True,True,0.0,True,included,-192037520.7127385,-149805216.18437436,-0.08909516580720808,-0.316919191919192,-0.013888888888888899,fully_indexed,fixed_nominal
long_stable_no_break,11,1945849337.3983755,True,310079865.4019451,165797893.78215575,0.1593545088215955,0.2772413793103448,0.0124137931034482,1945849337.3983755,True,518217423.16626513,335982274.18882424,0.2663193975023412,0.6,0.033103448275862,True,True,0.0,True,included,-208137557.76432002,-170184380.40666848,-0.10696488868074569,-0.32275862068965516,-0.0206896551724138,fully_indexed,fixed_nominal
long_stable_no_break,12,1963083837.9938476,True,322732223.39148355,181617889.75498497,0.1644006318758634,0.2780026990553306,0.0094466936572199,1963083837.9938476,True,518058286.86876047,326815514.82710785,0.2639002353552993,0.573549257759784,0.0283400809716599,True,True,0.0,True,included,-195326063.47727692,-145197625.07212287,-0.09949960347943587,-0.29554655870445345,-0.01889338731444,fully_indexed,fixed_nominal
long_stable_no_break,13,2099956828.6563623,True,325093658.39423275,181930324.65320376,0.154809686541147,0.2832080200501253,0.0087719298245614,2099956828.6563623,True,533772129.1377292,343895833.6100101,0.2541824297784532,0.5927318295739349,0.0275689223057644,True,True,0.0,True,included,-208678470.74349648,-161965508.95680633,-0.09937274323730619,-0.3095238095238096,-0.018796992481203,fully_indexed,fixed_nominal
long_stable_no_break,14,1928299130.97852,True,300113831.581187,173536858.80209756,0.1556365538726834,0.2702702702702703,0.0081081081081081,1928299130.97852,True,491401577.98760784,310778910.8105192,0.2548367989660634,0.5878378378378378,0.0229729729729729,True,True,0.0,True,included,-191287746.40642083,-137242052.00842166,-0.09920024509338002,-0.31756756756756754,-0.014864864864864802,fully_indexed,fixed_nominal
long_stable_no_break,15,2112579176.3663244,True,381580684.5034365,187564616.4217021,0.1806231400802513,0.2776280323450135,0.0175202156334231,2112579176.3663244,True,575567089.9316227,330696194.215333,0.2724475827323115,0.6253369272237197,0.036388140161725,True,True,0.0,True,included,-193986405.42818624,-143131577.7936309,-0.09182444265206022,-0.3477088948787062,-0.0188679245283019,fully_indexed,fixed_nominal
long_stable_no_break,16,2109975133.8049192,True,344092683.8997806,159408546.46276876,0.1630790232486191,0.2784313725490196,0.0130718954248366,2109975133.8049192,True,536449255.604463,308015453.66492426,0.2542443496180373,0.5869281045751634,0.0261437908496732,True,True,0.0,True,included,-192356571.7046824,-148606907.2021555,-0.09116532636941824,-0.3084967320261438,-0.0130718954248366,fully_indexed,fixed_nominal
long_stable_no_break,17,1893771847.0842075,True,249814600.5823712,147154163.26781946,0.1319137788255773,0.2557200538358008,0.0067294751009421,1893771847.0842075,True,444158701.90165895,298375335.4047163,0.2345365428182486,0.5868102288021534,0.0161507402422611,True,True,0.0,True,included,-194344101.31928775,-151221172.13689685,-0.10262276399267128,-0.33109017496635257,-0.009421265141319,fully_indexed,fixed_nominal
long_stable_no_break,18,1926543316.5891056,True,322245581.2702575,155849279.0527461,0.1672662008144124,0.2831491712707182,0.011049723756906,1926543316.5891056,True,512654868.1648952,301848369.40359706,0.2661008780599531,0.6091160220994475,0.0276243093922651,True,True,0.0,True,included,-190409286.8946377,-145999090.35085097,-0.09883467724554068,-0.3259668508287293,-0.016574585635359098,fully_indexed,fixed_nominal
long_stable_no_break,19,2132993836.7302768,True,340730477.04285693,188234654.7386865,0.1597428324336707,0.2982673267326732,0.0099009900990099,2132993836.7302768,True,572664342.3530542,359797520.6886729,0.2684791359879908,0.6076732673267327,0.0198019801980198,True,True,0.0,True,included,-231933865.31019723,-171562865.9499864,-0.10873630355432007,-0.30940594059405946,-0.0099009900990099,fully_indexed,fixed_nominal
long_stable_no_break,20,2047676842.8711967,True,321992188.15841424,189903948.29989716,0.1572475604631663,0.2842242503259452,0.0078226857887874,2047676842.8711967,True,527882217.07249326,344832767.6794761,0.2577956667871044,0.5919165580182529,0.0221642764015645,True,True,0.0,True,included,-205890028.914079,-154928819.37957892,-0.10054810632393812,-0.3076923076923077,-0.014341590612777101,fully_indexed,fixed_nominal
long_stable_no_break,21,1972718420.841351,True,277681881.78300273,139303136.4780214,0.1407610325170347,0.2374670184696569,0.0131926121372031,1972718420.841351,True,471407506.6819433,293817676.3918136,0.2389634028362198,0.5699208443271768,0.0197889182058047,True,True,0.0,True,included,-193725624.89894056,-154514539.91379216,-0.0982023703191851,-0.3324538258575199,-0.006596306068601598,fully_indexed,fixed_nominal
long_stable_no_break,22,1888986154.0477068,True,289763547.080163,150312861.35523602,0.1533963319208346,0.2704918032786885,0.0095628415300546,1888986154.0477068,True,492459729.7824416,311236465.83629763,0.2607005502540091,0.5669398907103825,0.0286885245901639,True,True,0.0,True,included,-202696182.7022786,-160923604.4810616,-0.10730421833317452,-0.29644808743169404,-0.0191256830601093,fully_indexed,fixed_nominal
long_stable_no_break,23,1976565468.9049172,True,333933485.8161563,205707058.7864846,0.1689463319427342,0.2859097127222982,0.0123119015047879,1976565468.9049172,True,529146623.6177734,361210837.2146398,0.2677101426399694,0.615595075239398,0.0246238030095759,True,True,0.0,True,included,-195213137.8016171,-155503778.42815518,-0.0987638106972352,-0.32968536251709984,-0.012311901504787998,fully_indexed,fixed_nominal
long_stable_no_break,24,2199945594.419012,True,354070181.28798175,182654606.70056087,0.1609449716330321,0.2893401015228426,0.0177664974619289,2199945594.419012,True,550961394.1570227,323707142.96329314,0.2504431907565093,0.5951776649746193,0.0291878172588832,True,True,0.0,True,included,-196891212.86904097,-141052536.26273227,-0.08949821912347719,-0.3058375634517767,-0.0114213197969543,fully_indexed,fixed_nominal
long_stable_no_break,25,2122356080.165793,True,357314156.99378324,188913552.34297523,0.1683573083390751,0.2860892388451443,0.0157480314960629,2122356080.165793,True,579565234.9506805,363276899.847718,0.2730763420742321,0.6233595800524935,0.0328083989501312,True,True,0.0,True,included,-222251077.95689726,-174363347.50474277,-0.10471903373515698,-0.33727034120734917,-0.017060367454068297,fully_indexed,fixed_nominal
long_stable_no_break,26,1952624490.3385887,True,294461735.1323447,152065096.16480947,0.150803053320961,0.2960969044414536,0.0121130551816958,1952624490.3385887,True,502988087.59835136,313802914.5115156,0.2575959126227758,0.6016150740242261,0.0228802153432032,True,True,0.0,True,included,-208526352.46600664,-161737818.34670615,-0.10679285930181481,-0.3055181695827725,-0.0107671601615074,fully_indexed,fixed_nominal
long_stable_no_break,27,2058466612.3666973,True,359982404.4303365,185492455.9379135,0.1748789133948842,0.2859060402684564,0.0161073825503355,2058466612.3666973,True,563788019.1376445,344542605.0799607,0.2738873760451407,0.6,0.0295302013422818,True,True,0.0,True,included,-203805614.70730805,-159050149.1420472,-0.09900846265025648,-0.3140939597315436,-0.0134228187919463,fully_indexed,fixed_nominal
long_stable_no_break,28,1931704760.341889,True,280873750.1261725,140844298.4499098,0.1454020075389063,0.2519893899204244,0.006631299734748,1931704760.341889,True,468144830.9003537,283540734.3711366,0.2423480236273258,0.5782493368700266,0.019893899204244,True,True,0.0,True,included,-187271080.77418125,-142696435.9212268,-0.09694601608841949,-0.32625994694960214,-0.013262599469496001,fully_indexed,fixed_nominal
long_stable_no_break,29,1735835469.4630556,True,268988219.4077331,155542090.88871348,0.1549618176029891,0.2827380952380952,0.0104166666666666,1735835469.4630556,True,450507918.24614346,290019944.5808143,0.2595337669793662,0.5803571428571429,0.0238095238095238,True,True,0.0,True,included,-181519698.83841038,-134477853.69210082,-0.1045719493763771,-0.2976190476190477,-0.013392857142857201,fully_indexed,fixed_nominal
long_stable_no_break,30,1833736492.8700132,True,262017962.9988532,140830213.85576674,0.1428874672111499,0.2503576537911302,0.0085836909871244,1833736492.8700132,True,437549501.3558668,281357250.1070676,0.2386108925994325,0.6165951359084406,0.0257510729613733,True,True,0.0,True,included,-175531538.35701358,-140527036.25130084,-0.0957234253882826,-0.36623748211731044,-0.0171673819742489,fully_indexed,fixed_nominal
long_stable_no_break,31,2098552111.8160195,True,379212064.1183673,195539819.38365248,0.18070176193538,0.2902796271637816,0.0186418109187749,2098552111.8160195,True,558486582.7894834,332551525.6775034,0.2661294802473059,0.6125166444740346,0.0359520639147802,True,True,0.0,True,included,-179274518.6711161,-137011706.29385093,-0.08542771831192592,-0.32223701731025306,-0.0173102529960053,fully_indexed,fixed_nominal
long_stable_no_break,32,2023803213.3608952,True,339296462.3415702,167213032.42445582,0.1676528923867584,0.2735978112175102,0.0177838577291381,2023803213.3608952,True,504243480.4900503,293222850.623987,0.2491563790200045,0.5786593707250342,0.0300957592339261,True,True,0.0,True,included,-164947018.14848012,-126009818.1995312,-0.08150348663324611,-0.30506155950752395,-0.012311901504788,fully_indexed,fixed_nominal
long_stable_no_break,33,2074967036.959956,True,344960442.99703056,203541066.262343,0.1662486376180866,0.2592592592592592,0.0114942528735632,2074967036.959956,True,530554509.0112029,335790889.91233647,0.2556929818935923,0.5925925925925926,0.0332056194125159,True,True,0.0,True,included,-185594066.01417232,-132249823.64999348,-0.08944434427550571,-0.33333333333333337,-0.021711366538952705,fully_indexed,fixed_nominal
long_stable_no_break,34,1987868775.537246,True,314682256.9973991,177321976.7616041,0.1583013229393637,0.2958500669344043,0.0080321285140562,1987868775.537246,True,524524801.7531685,344455918.59654194,0.2638628908547594,0.6050870147255689,0.0254350736278447,True,True,0.0,True,included,-209842544.75576943,-167133941.83493784,-0.1055615679153957,-0.3092369477911646,-0.0174029451137885,fully_indexed,fixed_nominal
long_stable_no_break,35,1944245136.7739787,True,310290975.9094914,172078815.0102845,0.159594574799527,0.2831491712707182,0.011049723756906,1944245136.7739787,True,506100412.9168372,318840831.45350105,0.2603068940970029,0.5953038674033149,0.0234806629834254,True,True,0.0,True,included,-195809437.0073458,-146762016.44321653,-0.10071231929747593,-0.31215469613259667,-0.012430939226519399,fully_indexed,fixed_nominal
long_stable_no_break,36,1857948599.0062504,True,257664479.1463281,141873758.25990844,0.1386822430309124,0.2496626180836707,0.0067476383265856,1857948599.0062504,True,442135474.4955219,285155330.521339,0.237969702031587,0.5614035087719298,0.0175438596491228,True,True,0.0,True,included,-184470995.3491938,-143281572.26143056,-0.0992874590006746,-0.31174089068825905,-0.0107962213225372,fully_indexed,fixed_nominal
long_stable_no_break,37,1903368735.410205,True,321572744.13937575,137234783.03941032,0.1689492625137986,0.2958904109589041,0.0123287671232876,1903368735.410205,True,495882842.7804066,275566464.44821846,0.260529047028576,0.5671232876712329,0.0273972602739726,True,True,0.0,True,included,-174310098.64103085,-138331681.40880814,-0.09157978451477738,-0.27123287671232876,-0.015068493150685001,fully_indexed,fixed_nominal
long_stable_no_break,38,1962974306.1438985,True,314369758.84312606,172474683.26588348,0.1601497064221281,0.2588555858310626,0.0122615803814713,1962974306.1438985,True,494185834.5739415,306004779.9733002,0.2517535930181017,0.6021798365122616,0.0245231607629427,True,True,0.0,True,included,-179816075.73081547,-133530096.70741674,-0.09160388659597357,-0.343324250681199,-0.0122615803814714,fully_indexed,fixed_nominal
long_stable_no_break,39,2042388428.977989,True,295885267.58179814,167443844.339649,0.1448721816984926,0.2690288713910761,0.0104986876640419,2042388428.977989,True,498492104.8573696,329251731.71843934,0.2440731144892036,0.594488188976378,0.0209973753280839,True,True,0.0,True,included,-202606837.27557147,-161807887.37879035,-0.09920093279071099,-0.3254593175853019,-0.010498687664042,fully_indexed,fixed_nominal
long_stable_no_break,40,2062558555.5615983,True,327503192.8953537,146442582.06869248,0.1587849188631545,0.2732166890982503,0.0215343203230148,2062558555.5615983,True,494888923.3412406,272935019.0575721,0.239939332634603,0.5841184387617766,0.034993270524899,True,True,0.0,True,included,-167385730.4458869,-126492436.98887965,-0.0811544137714485,-0.3109017496635263,-0.013458950201884198,fully_indexed,fixed_nominal
long_stable_no_break,41,1924511601.475977,True,291343852.87315273,145949509.7823807,0.1513858646784517,0.2632293080054274,0.0122116689280868,1924511601.475977,True,500949887.5332604,308169176.89685106,0.2602997493748876,0.6010854816824966,0.0189959294436906,True,True,0.0,True,included,-209606034.66010767,-162219667.11447036,-0.1089138846964359,-0.33785617367706927,-0.0067842605156037995,fully_indexed,fixed_nominal
long_stable_no_break,42,2104897447.2404425,True,378265394.7181444,207186295.48100105,0.179707279902903,0.3081155433287483,0.0178817056396148,2104897447.2404425,True,578679822.543306,360547450.55849314,0.2749206728821708,0.6327372764786795,0.0385144429160935,True,True,0.0,True,included,-200414427.82516158,-153361155.0774921,-0.09521339297926781,-0.3246217331499312,-0.020632737276478703,fully_indexed,fixed_nominal
long_stable_no_break,43,1984543714.9576724,True,323684303.2780874,183458759.7251484,0.1631026320249091,0.2962962962962963,0.0109739368998628,1984543714.9576724,True,542590969.2947006,358094696.7480068,0.2734084239138433,0.6131687242798354,0.0260631001371742,True,True,0.0,True,included,-218906666.01661325,-174635937.0228584,-0.11030579188893419,-0.3168724279835391,-0.0150891632373114,fully_indexed,fixed_nominal
long_stable_no_break,44,2057937392.3354328,True,320803304.0027491,192168273.8146888,0.1558858423961518,0.2682926829268293,0.0064184852374839,2057937392.3354328,True,540260286.9156942,370398801.8839722,0.2625251326536151,0.6148908857509627,0.0231065468549422,True,True,0.0,True,included,-219456982.91294515,-178230528.06928343,-0.1066392902574633,-0.34659820282413345,-0.016688061617458297,fully_indexed,fixed_nominal
long_stable_no_break,45,2117421420.5300467,True,379875375.38804907,184544203.5572623,0.1794047097591731,0.3275401069518716,0.0133689839572192,2117421420.5300467,True,577056850.8518203,334276857.9555143,0.2725281067135741,0.6042780748663101,0.0280748663101604,True,True,0.0,True,included,-197181475.46377128,-149732654.398252,-0.09312339695440097,-0.27673796791443855,-0.0147058823529412,fully_indexed,fixed_nominal
long_stable_no_break,46,2062877629.5272765,True,335493889.2627789,191013298.9190959,0.1626339267345004,0.2961038961038961,0.0103896103896103,2062877629.5272765,True,542824718.8145211,346477413.3494036,0.263139563416039,0.6025974025974026,0.0272727272727272,True,True,0.0,True,included,-207330829.5517422,-155464114.43030772,-0.10050563668153861,-0.3064935064935065,-0.0168831168831169,fully_indexed,fixed_nominal
long_stable_no_break,47,1971900312.5020163,True,298769888.94913334,139759326.17075068,0.1515136881184645,0.2841823056300268,0.0134048257372654,1971900312.5020163,True,498089057.9584336,292656654.2204359,0.2525934271628776,0.5737265415549598,0.0201072386058981,True,True,0.0,True,included,-199319169.0093003,-152897328.04968524,-0.10107973904441309,-0.28954423592493306,-0.006702412868632698,fully_indexed,fixed_nominal
long_stable_no_break,48,1879102609.9630947,True,315801795.9546098,164392302.08251053,0.1680598995926104,0.2885431400282885,0.0113154172560113,1879102609.9630947,True,503262217.08242375,313950165.8981865,0.2678205087971794,0.5869872701555869,0.0254596888260254,True,True,0.0,True,included,-187460421.12781394,-149557863.81567597,-0.099760609204569,-0.2984441301272984,-0.014144271570014098,fully_indexed,fixed_nominal
long_stable_no_break,49,1899313888.4284496,True,311177549.88021964,162151904.87711382,0.163836821167931,0.3011204481792717,0.0084033613445378,1899313888.4284496,True,495828446.3152378,296424848.4121561,0.2610566106719208,0.5938375350140056,0.0224089635854341,True,True,0.0,True,included,-184650896.43501818,-134272943.5350423,-0.09721978950398982,-0.2927170868347339,-0.014005602240896302,fully_indexed,fixed_nominal
long_stable_no_break,50,1986283423.8457773,True,335428738.99347305,198945180.75538456,0.1688725460659722,0.2943603851444291,0.0123796423658872,1986283423.8457773,True,519911245.9261936,338468329.66566014,0.2617507852527704,0.5955983493810179,0.0357634112792297,True,True,0.0,True,included,-184482506.93272054,-139523148.91027558,-0.09287823918679819,-0.3012379642365888,-0.023383768913342498,fully_indexed,fixed_nominal
short_emerging_no_break,1,1604512269.2785308,True,197732840.0476493,33380749.38588872,0.1232354802350996,0.1707317073170731,0.0100430416068866,1604512269.2785308,True,328287267.71554595,70592445.43832305,0.2046025287567046,0.4175035868005738,0.0200860832137733,True,True,0.0,True,included,-130554427.66789666,-37211696.052434325,-0.08136704852160499,-0.2467718794835007,-0.010043041606886698,fully_indexed,fixed_nominal
short_emerging_no_break,2,1706687736.3733506,True,216749722.2570033,30419612.711193506,0.1270002224997459,0.1792452830188679,0.0053908355795148,1706687736.3733506,True,365517525.9121885,67858248.2673998,0.2141677813241337,0.4380053908355795,0.0161725067385444,True,True,0.0,True,included,-148767803.65518516,-37438635.5562063,-0.08716755882438779,-0.25876010781671155,-0.010781671159029598,fully_indexed,fixed_nominal
short_emerging_no_break,3,1744370264.3933988,True,228997951.97726345,22063916.8839714,0.1312782937496913,0.2103861517976032,0.0053262316910785,1744370264.3933988,True,402402050.2621703,66381607.12761541,0.2306861441496222,0.4713715046604527,0.0119840213049267,True,True,0.0,True,included,-173404098.28490686,-44317690.24364401,-0.09940785039993091,-0.2609853528628495,-0.0066577896138482,fully_indexed,fixed_nominal
short_emerging_no_break,4,1627022585.9473853,True,164968678.05645454,22094581.77235968,0.1013929858634361,0.173076923076923,0.0068681318681318,1627022585.9473853,True,308986779.5691492,60023663.95776619,0.1899093363779162,0.4354395604395604,0.0137362637362637,True,True,0.0,True,included,-144018101.51269466,-37929082.185406506,-0.0885163505144801,-0.26236263736263743,-0.006868131868131899,fully_indexed,fixed_nominal
short_emerging_no_break,5,1737071020.892004,True,224474514.17137992,17910323.10320816,0.1292258701409398,0.1940298507462686,0.0135685210312075,1737071020.892004,True,376078683.60132366,62322952.05797233,0.2165016162713965,0.457259158751696,0.0230664857530529,True,True,0.0,True,included,-151604169.42994374,-44412628.95476417,-0.08727574613045669,-0.2632293080054274,-0.009497964721845399,fully_indexed,fixed_nominal
short_emerging_no_break,6,1710673228.8673708,True,185707744.1133967,24454950.071146227,0.1085582804357983,0.1677852348993288,0.010738255033557,1710673228.8673708,True,322543714.7073866,62762448.953828216,0.1885478239002672,0.4026845637583892,0.0161073825503355,True,True,0.0,True,included,-136835970.5939899,-38307498.88268199,-0.0799895434644689,-0.23489932885906037,-0.0053691275167785,fully_indexed,fixed_nominal
short_emerging_no_break,7,1620895550.196771,True,174621073.132908,19789102.273119137,0.1077312311158542,0.1934566145092461,0.0056899004267425,1620895550.196771,True,321312776.14093333,61732257.43945293,0.1982316356547015,0.4366998577524893,0.0099573257467994,True,True,0.0,True,included,-146691703.00802535,-41943155.166333795,-0.0905004045388473,-0.24324324324324323,-0.004267425320056899,fully_indexed,fixed_nominal
short_emerging_no_break,8,1855640868.5069275,True,236442250.65774775,24837917.218764227,0.1274181091128868,0.2055837563451776,0.0076142131979695,1855640868.5069275,True,404412421.0789277,70156507.17509204,0.2179367936665046,0.4568527918781725,0.015228426395939,True,True,0.0,True,included,-167970170.42117995,-45318589.95632781,-0.09051868455361778,-0.25126903553299496,-0.0076142131979695,fully_indexed,fixed_nominal
short_emerging_no_break,9,1691344235.3063457,True,206136648.8785945,31401721.026620213,0.1218774064886074,0.1918918918918919,0.0067567567567567,1691344235.3063457,True,370969684.3286379,68771597.47423375,0.2193342292980623,0.4459459459459459,0.0148648648648648,True,True,0.0,True,included,-164833035.4500434,-37369876.44761354,-0.09745682280945489,-0.254054054054054,-0.0081081081081081,fully_indexed,fixed_nominal
short_emerging_no_break,10,1893492536.055014,True,247309770.89582303,42303786.14263988,0.1306103753707311,0.1868686868686868,0.0113636363636363,1893492536.055014,True,397282965.5106877,80456561.16601816,0.2098149097214846,0.4242424242424242,0.0265151515151515,True,True,0.0,True,included,-149973194.61486468,-38152775.023378275,-0.07920453435075347,-0.2373737373737374,-0.015151515151515199,fully_indexed,fixed_nominal
short_emerging_no_break,11,1712543601.7746248,True,219103922.0269368,40482885.12446464,0.1279406385915606,0.1848275862068965,0.0068965517241379,1712543601.7746248,True,388575970.1296434,86640847.87304908,0.2268998989146794,0.4386206896551724,0.0151724137931034,True,True,0.0,True,included,-169472048.10270658,-46157962.74858444,-0.0989592603231188,-0.25379310344827594,-0.0082758620689655,fully_indexed,fixed_nominal
short_emerging_no_break,12,1725858213.839857,True,228095299.36389667,36057545.10912175,0.1321634057391123,0.203778677462888,0.0080971659919028,1725858213.839857,True,386206201.193081,69825296.35659844,0.2237763207290429,0.4534412955465587,0.0215924426450742,True,True,0.0,True,included,-158110901.82918435,-33767751.24747669,-0.0916129149899306,-0.2496626180836707,-0.0134952766531714,fully_indexed,fixed_nominal
short_emerging_no_break,13,1839904405.5433671,True,221264842.3236914,22691902.486701287,0.1202588795684451,0.1917293233082706,0.006265664160401,1839904405.5433671,True,392322461.1425226,71131128.73172837,0.213229806918507,0.4323308270676692,0.018796992481203,True,True,0.0,True,included,-171057618.81883118,-48439226.24502709,-0.09297092735006189,-0.24060150375939857,-0.012531328320801999,fully_indexed,fixed_nominal
short_emerging_no_break,14,1691361261.4938788,True,207024865.3723924,29779671.420501675,0.1224013284953326,0.1932432432432432,0.0067567567567567,1691361261.4938788,True,358989462.4161212,69250427.68212922,0.2122488380152724,0.4216216216216216,0.0148648648648648,True,True,0.0,True,included,-151964597.0437288,-39470756.26162754,-0.08984750951993979,-0.22837837837837838,-0.0081081081081081,fully_indexed,fixed_nominal
short_emerging_no_break,15,1853763843.4991064,True,279720902.220563,32439685.180809103,0.1508934933656762,0.2129380053908355,0.0094339622641509,1853763843.4991064,True,430803169.1616629,64784910.56973085,0.2323937704753656,0.4784366576819407,0.0215633423180593,True,True,0.0,True,included,-151082266.94109988,-32345225.388921745,-0.0815002771096894,-0.26549865229110525,-0.0121293800539084,fully_indexed,fixed_nominal
short_emerging_no_break,16,1849321767.637876,True,246630584.8799923,30063322.861553617,0.1333627220508044,0.2026143790849673,0.0104575163398692,1849321767.637876,True,393043760.1624804,71969747.70479468,0.2125340041092535,0.4235294117647059,0.0183006535947712,True,True,0.0,True,included,-146413175.2824881,-41906424.84324106,-0.07917128205844909,-0.22091503267973858,-0.007843137254902,fully_indexed,fixed_nominal
short_emerging_no_break,17,1667501861.6384766,True,169081361.7158061,27138277.170647457,0.1013980047672437,0.1668909825033647,0.0067294751009421,1667501861.6384766,True,318302097.38086885,75324245.91706921,0.1908856024113264,0.4118438761776581,0.0107671601615074,True,True,0.0,True,included,-149220735.66506276,-48185968.746421754,-0.0894875976440827,-0.2449528936742934,-0.004037685060565301,fully_indexed,fixed_nominal
short_emerging_no_break,18,1689251373.055518,True,226509566.2014744,22945043.77783675,0.1340887270032309,0.1988950276243093,0.0082872928176795,1689251373.055518,True,376696720.8978735,60457798.2975311,0.2229962496443051,0.4544198895027624,0.0207182320441988,True,True,0.0,True,included,-150187154.69639912,-37512754.51969434,-0.08890752264107418,-0.25552486187845314,-0.0124309392265193,fully_indexed,fixed_nominal
short_emerging_no_break,19,1868940892.9550965,True,228614730.10373676,16362523.044891214,0.122323146208364,0.2178217821782178,0.0061881188118811,1868940892.9550965,True,416305581.4262901,60771227.54762366,0.2227494636109352,0.4665841584158416,0.0123762376237623,True,True,0.0,True,included,-187690851.32255334,-44408704.50273244,-0.1004263174025712,-0.24876237623762382,-0.0061881188118812006,fully_indexed,fixed_nominal
short_emerging_no_break,20,1799951265.093177,True,224487132.053841,24327412.77138733,0.1247184501088256,0.1981747066492829,0.0078226857887874,1799951265.093177,True,385576344.3337749,68662957.49297117,0.2142148800422188,0.4419817470664928,0.014341590612777,True,True,0.0,True,included,-161089212.27993393,-44335544.721583836,-0.08949642993339321,-0.24380704041720988,-0.006518904823989601,fully_indexed,fixed_nominal
short_emerging_no_break,21,1725296756.9502015,True,193806934.36440212,14939229.763486795,0.1123325211061044,0.1688654353562005,0.0079155672823219,1725296756.9502015,True,339432573.717143,54484522.17886736,0.1967386609577567,0.4274406332453825,0.0118733509234828,True,True,0.0,True,included,-145625639.35274088,-39545292.41538057,-0.0844061398516523,-0.25857519788918204,-0.0039577836411609,fully_indexed,fixed_nominal
short_emerging_no_break,22,1655598016.7817106,True,199750065.84384364,28016229.8241556,0.1206513077565377,0.1707650273224043,0.0054644808743169,1655598016.7817106,True,362421480.2269894,70899698.54095288,0.2189066890352372,0.4467213114754098,0.0163934426229508,True,True,0.0,True,included,-162671414.38314575,-42883468.71679728,-0.09825538127869948,-0.27595628415300544,-0.010928961748633899,fully_indexed,fixed_nominal
short_emerging_no_break,23,1733180469.5184271,True,239067144.25369892,41725053.14024074,0.137935517078683,0.1928864569083447,0.0068399452804377,1733180469.5184271,True,390391233.6279765,78387981.19540745,0.2252455762650318,0.4623803009575923,0.0191518467852257,True,True,0.0,True,included,-151324089.37427756,-36662928.055166714,-0.08731005918634879,-0.2694938440492476,-0.012311901504788,fully_indexed,fixed_nominal
short_emerging_no_break,24,1928589793.9527984,True,252897024.29140645,15649863.77652924,0.1311305416446666,0.1979695431472081,0.0126903553299492,1928589793.9527984,True,410141680.0061744,63769885.24600458,0.2126640311445164,0.4517766497461929,0.0266497461928934,True,True,0.0,True,included,-157244655.71476793,-48120021.469475344,-0.08153348949984981,-0.2538071065989848,-0.0139593908629442,fully_indexed,fixed_nominal
short_emerging_no_break,25,1867603816.329453,True,259933527.94829747,24509487.265384115,0.1391802295944998,0.2060367454068241,0.0144356955380577,1867603816.329453,True,434062986.0574519,90963359.60613754,0.232417058833468,0.4868766404199475,0.0196850393700787,True,True,0.0,True,included,-174129458.10915443,-66453872.34075343,-0.0932368292389682,-0.2808398950131234,-0.0052493438320210025,fully_indexed,fixed_nominal
short_emerging_no_break,26,1711667663.6768637,True,200091899.5322392,31504804.853778623,0.1168988021321956,0.1843876177658142,0.0080753701211305,1711667663.6768637,True,362593388.5672104,75377848.32444328,0.2118363256266214,0.4522207267833109,0.0148048452220726,True,True,0.0,True,included,-162501489.03497118,-43873043.47066466,-0.09493752349442582,-0.2678331090174967,-0.0067294751009421006,fully_indexed,fixed_nominal
short_emerging_no_break,27,1810004238.8622348,True,259767940.6460682,45787446.16337958,0.1435178631456453,0.2174496644295302,0.0120805369127516,1810004238.8622348,True,423211994.2867528,87100520.20406541,0.2338182337919733,0.4630872483221476,0.021476510067114,True,True,0.0,True,included,-163444053.64068463,-41313074.04068583,-0.09030037064632801,-0.2456375838926174,-0.0093959731543624,fully_indexed,fixed_nominal
short_emerging_no_break,28,1695226685.7409427,True,193479348.9796551,25255063.4434696,0.1141318447892943,0.1790450928381962,0.0053050397877984,1695226685.7409427,True,338341656.38157374,77732209.13579196,0.1995849046192266,0.409814323607427,0.0145888594164456,True,True,0.0,True,included,-144862307.40191865,-52477145.69232236,-0.08545305982993229,-0.23076923076923078,-0.009283819628647199,fully_indexed,fixed_nominal
short_emerging_no_break,29,1520094598.930792,True,182101309.35247335,29725095.59610417,0.1197960373522544,0.1964285714285714,0.0059523809523809,1520094598.930792,True,327742899.24367243,71148516.3041015,0.2156069099082393,0.4360119047619047,0.0163690476190476,True,True,0.0,True,included,-145641589.89119908,-41423420.70799732,-0.0958108725559849,-0.23958333333333331,-0.010416666666666699,fully_indexed,fixed_nominal
short_emerging_no_break,30,1612440190.070574,True,186233528.7325742,35949748.7934327,0.1154979452133496,0.161659513590844,0.0071530758226037,1612440190.070574,True,317668034.44426936,77296777.61764812,0.1970107396233813,0.4334763948497854,0.0185979971387696,True,True,0.0,True,included,-131434505.71169516,-41347028.82421543,-0.0815127944100317,-0.27181688125894143,-0.011444921316165903,fully_indexed,fixed_nominal
short_emerging_no_break,31,1843796273.2107248,True,278665473.1922599,32043711.64617022,0.151136802498793,0.2090545938748335,0.0106524633821571,1843796273.2107248,True,421729968.1249181,73102486.68446147,0.2287291574738524,0.4567243675099867,0.0279627163781624,True,True,0.0,True,included,-143064494.9326582,-41058775.03829125,-0.0775923549750594,-0.2476697736351532,-0.017310252996005297,fully_indexed,fixed_nominal
short_emerging_no_break,32,1776731007.5460436,True,251797206.45779863,26284193.062158,0.1417193741699661,0.1956224350205198,0.0164158686730506,1776731007.5460436,True,375091967.6876019,59611145.256326735,0.2111135372178061,0.4199726402188782,0.0218878248974008,True,True,0.0,True,included,-123294761.2298033,-33326952.194168735,-0.06939416304783999,-0.2243502051983584,-0.005471956224350198,fully_indexed,fixed_nominal
short_emerging_no_break,33,1823926054.309356,True,251275686.6718235,32184852.955840334,0.1377663782356412,0.1902937420178799,0.0076628352490421,1823926054.309356,True,395039644.64893866,64851470.02798017,0.2165875330941108,0.4355044699872286,0.0242656449553001,True,True,0.0,True,included,-143763957.97711515,-32666617.072139837,-0.0788211548584696,-0.24521072796934867,-0.016602809706258,fully_indexed,fixed_nominal
short_emerging_no_break,34,1747511839.2446957,True,218542395.74957305,30438782.160352457,0.1250591789089284,0.1860776439089692,0.0080321285140562,1747511839.2446957,True,388006493.6820425,77147866.951554,0.2220336852480184,0.4524765729585007,0.0214190093708166,True,True,0.0,True,included,-169464097.93246943,-46709084.79120155,-0.09697450633909,-0.2663989290495315,-0.013386880856760399,fully_indexed,fixed_nominal
short_emerging_no_break,35,1705458003.609232,True,215124634.85986823,26866160.278370906,0.126138922450511,0.1988950276243093,0.005524861878453,1705458003.609232,True,367594263.9738727,67301150.01232633,0.215539909628932,0.462707182320442,0.0151933701657458,True,True,0.0,True,included,-152469629.1140045,-40434989.73395543,-0.08940098717842099,-0.26381215469613273,-0.0096685082872928,fully_indexed,fixed_nominal
short_emerging_no_break,36,1628676966.1244235,True,180943388.40129688,23015341.567617293,0.111098389775762,0.1565452091767881,0.0053981106612685,1628676966.1244235,True,315620913.3060568,65429549.88102794,0.1937897568829157,0.4102564102564102,0.0121457489878542,True,True,0.0,True,included,-134677524.9047599,-42414208.31341064,-0.08269136710715369,-0.2537112010796221,-0.006747638326585701,fully_indexed,fixed_nominal
short_emerging_no_break,37,1658174344.204039,True,221986825.54825705,17872341.183294073,0.1338742372442239,0.1945205479452054,0.0082191780821917,1658174344.204039,True,360289531.23245305,55556780.25223562,0.217280850166211,0.426027397260274,0.0164383561643835,True,True,0.0,True,included,-138302705.684196,-37684439.06894155,-0.08340661292198709,-0.2315068493150686,-0.0082191780821918,fully_indexed,fixed_nominal
short_emerging_no_break,38,1721009227.779996,True,228182609.9481664,20228903.32768278,0.1325865116031417,0.1825613079019073,0.0108991825613079,1721009227.779996,True,362277954.41392016,55946590.89043021,0.2105032027522816,0.4373297002724796,0.0217983651226158,True,True,0.0,True,included,-134095344.46575376,-35717687.562747434,-0.0779166911491399,-0.25476839237057225,-0.0108991825613079,fully_indexed,fixed_nominal
short_emerging_no_break,39,1793329207.4258697,True,208458660.4674345,33885418.39485633,0.1162411561715734,0.1666666666666666,0.0091863517060367,1793329207.4258697,True,363953730.18432176,77381440.70153117,0.2029486436050066,0.4291338582677165,0.0183727034120734,True,True,0.0,True,included,-155495069.71688727,-43496022.306674846,-0.0867074874334332,-0.2624671916010499,-0.0091863517060367,fully_indexed,fixed_nominal
short_emerging_no_break,40,1804189382.0185387,True,241966945.55276528,15850934.293959493,0.1341139394590889,0.1924629878869448,0.0188425302826379,1804189382.0185387,True,367238243.7515581,49403368.69014619,0.2035475030568518,0.4266487213997308,0.0282637954239569,True,True,0.0,True,included,-125271298.19879285,-33552434.396186702,-0.0694335635977629,-0.23418573351278602,-0.009421265141319,fully_indexed,fixed_nominal
short_emerging_no_break,41,1693804784.1117785,True,202983369.8320646,22322853.50833112,0.1198387038081888,0.1913161465400271,0.0067842605156037,1693804784.1117785,True,366769511.7405613,74295111.45766602,0.2165358813370533,0.44640434192673,0.010854816824966,True,True,0.0,True,included,-163786141.9084967,-51972257.949334905,-0.09669717752886449,-0.2550881953867029,-0.0040705563093623,fully_indexed,fixed_nominal
short_emerging_no_break,42,1847934079.6409528,True,276365806.92573833,27257300.343956307,0.14955393158799,0.2132049518569463,0.015130674002751,1847934079.6409528,True,439473052.3423492,81418024.02154228,0.2378185765304665,0.4731774415405777,0.0261348005502063,True,True,0.0,True,included,-163107245.41661084,-54160723.677585974,-0.08826464494247652,-0.2599724896836314,-0.011004126547455301,fully_indexed,fixed_nominal
short_emerging_no_break,43,1748845602.469247,True,226783507.9469501,32291810.10103761,0.129676117563922,0.2126200274348422,0.0096021947873799,1748845602.469247,True,407198932.1552236,80545010.80252193,0.2328386974700838,0.4677640603566529,0.0192043895747599,True,True,0.0,True,included,-180415424.2082735,-48253200.70148432,-0.10316257990616179,-0.2551440329218107,-0.009602194787380001,fully_indexed,fixed_nominal
short_emerging_no_break,44,1805501367.9914489,True,220820681.60425863,50238444.16826693,0.1223043557424236,0.1951219512195122,0.0064184852374839,1805501367.9914489,True,391848906.6225056,89425856.14450559,0.2170305232492969,0.4544287548138639,0.017971758664955,True,True,0.0,True,included,-171028225.01824698,-39187411.97623866,-0.0947261675068733,-0.2593068035943517,-0.011553273427471101,fully_indexed,fixed_nominal
short_emerging_no_break,45,1847734512.3332696,True,265593064.6661057,32773931.59699999,0.1437398408122614,0.2245989304812834,0.0106951871657754,1847734512.3332696,True,424310328.88239264,69213083.93238875,0.2296381466331896,0.4532085561497326,0.0213903743315508,True,True,0.0,True,included,-158717264.21628696,-36439152.335388765,-0.0858983058209282,-0.2286096256684492,-0.0106951871657754,fully_indexed,fixed_nominal
short_emerging_no_break,46,1809977364.0787225,True,230683017.60378128,28370041.826597948,0.12745077490027,0.2168831168831168,0.0051948051948051,1809977364.0787225,True,397861934.44185776,67227742.86518183,0.2198159724745338,0.4662337662337662,0.0181818181818181,True,True,0.0,True,included,-167178916.83807647,-38857701.03858389,-0.09236519757426381,-0.24935064935064943,-0.012987012987013002,fully_indexed,fixed_nominal
short_emerging_no_break,47,1727914143.7978244,True,203372901.79151368,16252160.42962594,0.1176984993852272,0.2024128686327077,0.0093833780160857,1727914143.7978244,True,360734438.6034727,60094204.61255132,0.2087687284106638,0.4477211796246649,0.0147453083109919,True,True,0.0,True,included,-157361536.81195903,-43842044.18292537,-0.0910702290254366,-0.2453083109919572,-0.005361930294906199,fully_indexed,fixed_nominal
short_emerging_no_break,48,1652223429.6282842,True,221749444.93435287,30875557.27048918,0.1342127468705863,0.2065063649222065,0.007072135785007,1652223429.6282842,True,371861602.7427177,73634234.31973028,0.2250673825793517,0.4582743988684583,0.0183875530410183,True,True,0.0,True,included,-150112157.8083648,-42758677.0492411,-0.0908546357087654,-0.2517680339462518,-0.0113154172560113,fully_indexed,fixed_nominal
short_emerging_no_break,49,1660872527.1980746,True,214768802.69975448,24581036.71341272,0.1293108286052956,0.211484593837535,0.0084033613445378,1660872527.1980746,True,361882918.4664674,57917615.23518233,0.2178872324879568,0.4369747899159664,0.0168067226890756,True,True,0.0,True,included,-147114115.7667129,-33336578.52176961,-0.08857640388266119,-0.22549019607843138,-0.0084033613445378,fully_indexed,fixed_nominal
short_emerging_no_break,50,1737778208.3745594,True,237727090.6621565,33639760.70143325,0.1367994428267781,0.1856946354883081,0.0082530949105914,1737778208.3745594,True,382314180.9415628,66213381.58307292,0.2200017120131587,0.4497936726272352,0.0206327372764786,True,True,0.0,True,included,-144587090.27940628,-32573620.881639674,-0.0832022691863806,-0.2640990371389271,-0.012379642365887199,fully_indexed,fixed_nominal
short_shock_no_break,1,1647577976.022293,True,206912443.7685781,38684592.12712801,0.1255858276693657,0.1764705882352941,0.0100430416068866,1647577976.022293,True,361125039.40978265,92301960.7631166,0.219185401034334,0.45480631276901,0.0200860832137733,True,True,0.0,True,included,-154212595.64120454,-53617368.635988586,-0.0935995733649683,-0.2783357245337159,-0.010043041606886698,fully_indexed,fixed_nominal
short_shock_no_break,2,1743809554.0680275,True,224360269.1345767,33727448.63423151,0.1286609931750748,0.1805929919137466,0.0053908355795148,1743809554.0680275,True,395194420.7335741,85850689.8971627,0.226627053287814,0.4555256064690027,0.0188679245283018,True,True,0.0,True,included,-170834151.59899738,-52123241.2629312,-0.0979660601127392,-0.2749326145552561,-0.013477088948786999,fully_indexed,fixed_nominal
short_shock_no_break,3,1776849523.387947,True,235313312.8794537,25720131.241415605,0.1324328874123105,0.2130492676431424,0.0053262316910785,1776849523.387947,True,432518723.7727598,84759556.8790487,0.2434188816102274,0.4873501997336884,0.0133155792276964,True,True,0.0,True,included,-197205410.8933061,-59039425.6376331,-0.11098599419791691,-0.27430093209054607,-0.0079893475366179,fully_indexed,fixed_nominal
short_shock_no_break,4,1662440798.7344978,True,171434828.0321159,25811569.87744449,0.1031223657182965,0.1785714285714285,0.0068681318681318,1662440798.7344978,True,338686867.352053,79910102.07945794,0.2037286787053542,0.4587912087912087,0.0151098901098901,True,True,0.0,True,included,-167252039.31993708,-54098532.20201345,-0.10060631298705769,-0.2802197802197802,-0.0082417582417583,fully_indexed,fixed_nominal
short_shock_no_break,5,1769878432.9518592,True,229742859.4714949,21302612.456229683,0.1298071410974382,0.1994572591587517,0.0135685210312075,1769878432.9518592,True,404620209.50301,78657318.52632639,0.2286146901220619,0.4721845318860244,0.0230664857530529,True,True,0.0,True,included,-174877350.03151506,-57354706.0700967,-0.09880754902462369,-0.2727272727272727,-0.009497964721845399,fully_indexed,fixed_nominal
short_shock_no_break,6,1745885568.4091604,True,192716642.05518612,28425367.629528403,0.1103833180950045,0.1677852348993288,0.010738255033557,1745885568.4091604,True,350150992.5642299,78884442.61154921,0.2005578136963954,0.4335570469798657,0.0201342281879194,True,True,0.0,True,included,-157434350.50904378,-50459074.98202081,-0.09017449560139089,-0.2657718120805369,-0.0093959731543624,fully_indexed,fixed_nominal
short_shock_no_break,7,1654961345.9019873,True,180845223.652926,23488900.551493257,0.1092745906729088,0.1948790896159317,0.0056899004267425,1654961345.9019873,True,351259060.3795312,81826059.98624724,0.2122460813053539,0.4523470839260313,0.0142247510668563,True,True,0.0,True,included,-170413836.7266052,-58337159.434753984,-0.10297149063244511,-0.2574679943100996,-0.0085348506401138,fully_indexed,fixed_nominal
short_shock_no_break,8,1896369013.796264,True,243910368.50362983,29292819.24623268,0.1286196761965413,0.2068527918781726,0.0076142131979695,1896369013.796264,True,436536119.1723487,89773714.06286421,0.2301957667503039,0.4758883248730964,0.015228426395939,True,True,0.0,True,included,-192625750.66871884,-60480894.81663153,-0.1015760905537626,-0.2690355329949238,-0.0076142131979695,fully_indexed,fixed_nominal
short_shock_no_break,9,1729806850.6428783,True,214598826.190127,36495291.88250063,0.1240594151366505,0.1932432432432432,0.0067567567567567,1729806850.6428783,True,403528399.9555404,86967476.65782496,0.233279455336629,0.4635135135135135,0.0175675675675675,True,True,0.0,True,included,-188929573.76541343,-50472184.77532433,-0.1092200401999785,-0.2702702702702703,-0.0108108108108108,fully_indexed,fixed_nominal
short_shock_no_break,10,1936555391.506527,True,256534613.8033514,48275728.56842196,0.13246954614801,0.1931818181818181,0.0126262626262626,1936555391.506527,True,428773952.87160087,100256663.52796093,0.2214106318632279,0.457070707070707,0.0277777777777777,True,True,0.0,True,included,-172239339.06824946,-51980934.95953897,-0.08894108571521792,-0.26388888888888895,-0.0151515151515151,fully_indexed,fixed_nominal
short_shock_no_break,11,1753733956.2233863,True,228481837.225096,46696741.362896055,0.1302830662622994,0.1889655172413793,0.0068965517241379,1753733956.2233863,True,422719465.4965146,105213686.48668984,0.2410396765121822,0.4606896551724138,0.0193103448275862,True,True,0.0,True,included,-194237628.27141863,-58516945.12379378,-0.11075661024988279,-0.27172413793103445,-0.012413793103448301,fully_indexed,fixed_nominal
short_shock_no_break,12,1764411988.3182874,True,237686804.2464692,41944893.17014828,0.1347116239405148,0.2064777327935222,0.0080971659919028,1764411988.3182874,True,415023496.623102,86231211.40383303,0.235219154806737,0.4736842105263157,0.0229419703103913,True,True,0.0,True,included,-177336692.3766328,-44286318.23368475,-0.10050753086622219,-0.2672064777327935,-0.014844804318488499,fully_indexed,fixed_nominal
short_shock_no_break,13,1877049715.5281632,True,228425514.64004135,27378056.172514483,0.1216939075989082,0.1979949874686716,0.006265664160401,1877049715.5281632,True,425047158.1891448,92709672.71563782,0.2264442729848235,0.4511278195488721,0.018796992481203,True,True,0.0,True,included,-196621643.54910344,-65331616.543123335,-0.1047503653859153,-0.2531328320802005,-0.012531328320801999,fully_indexed,fixed_nominal
short_shock_no_break,14,1728358924.153566,True,214826584.20769635,34282576.18949489,0.1242951225035066,0.1959459459459459,0.0067567567567567,1728358924.153566,True,388843633.9120769,89142238.07303554,0.2249785206521882,0.4554054054054054,0.0175675675675675,True,True,0.0,True,included,-174017049.70438054,-54859661.883540645,-0.1006833981486816,-0.25945945945945953,-0.0108108108108108,fully_indexed,fixed_nominal
short_shock_no_break,15,1896039351.0636823,True,289060212.4623612,38134325.82678031,0.1524547538004407,0.2183288409703504,0.0094339622641509,1896039351.0636823,True,462812611.868984,85237534.42865795,0.244094412707914,0.5,0.0242587601078167,True,True,0.0,True,included,-173752399.40662277,-47103208.60187764,-0.09163965890747328,-0.28167115902964956,-0.014824797843665801,fully_indexed,fixed_nominal
short_shock_no_break,16,1888555943.848177,True,255377449.28888395,34627275.46262351,0.1352236612956878,0.2039215686274509,0.0104575163398692,1888555943.848177,True,421985730.99083805,88988006.79260848,0.2234435958147936,0.4405228758169934,0.0209150326797385,True,True,0.0,True,included,-166608281.7019541,-54360731.32998498,-0.08821993451910579,-0.2366013071895425,-0.010457516339869301,fully_indexed,fixed_nominal
short_shock_no_break,17,1710526181.426571,True,177526524.67770803,31917977.490714,0.1037847456562469,0.1722745625841184,0.0067294751009421,1710526181.426571,True,351824301.1449134,96654698.30503473,0.2056819152873144,0.4387617765814266,0.0161507402422611,True,True,0.0,True,included,-174297776.46720535,-64736720.81432073,-0.10189716963106749,-0.26648721399730824,-0.009421265141319,fully_indexed,fixed_nominal
short_shock_no_break,18,1724427325.8988037,True,233655679.4826213,26628172.77357918,0.1354975509686009,0.2002762430939226,0.0082872928176795,1724427325.8988037,True,404695420.2198599,75816256.45911388,0.2346839522558163,0.4723756906077348,0.0207182320441988,True,True,0.0,True,included,-171039740.7372386,-49188083.6855347,-0.09918640128721543,-0.2720994475138122,-0.0124309392265193,fully_indexed,fixed_nominal
short_shock_no_break,19,1906616599.157996,True,235642065.6406768,19534783.802582048,0.123591741383528,0.2202970297029703,0.0061881188118811,1906616599.157996,True,449855193.6563249,82000230.91981938,0.2359442343337359,0.4876237623762376,0.0123762376237623,True,True,0.0,True,included,-214213128.01564813,-62465447.11723734,-0.1123524929502079,-0.26732673267326734,-0.0061881188118812006,fully_indexed,fixed_nominal
short_shock_no_break,20,1842385622.647204,True,233297775.91274455,28048372.89659556,0.1266280918853102,0.2007822685788787,0.0078226857887874,1842385622.647204,True,417284913.62701625,88244351.52385226,0.2264916250418013,0.4641460234680574,0.0169491525423728,True,True,0.0,True,included,-183987137.7142717,-60195978.6272567,-0.09986353315649107,-0.2633637548891787,-0.009126466753585402,fully_indexed,fixed_nominal
short_shock_no_break,21,1760991114.9785984,True,199902242.18322647,17510992.24152901,0.1135168942551171,0.1728232189973614,0.0079155672823219,1760991114.9785984,True,369769281.9461229,72928903.41659532,0.2099779373109538,0.4472295514511873,0.0131926121372031,True,True,0.0,True,included,-169867039.76289642,-55417911.175066315,-0.09646104305583669,-0.27440633245382595,-0.0052770448548812,fully_indexed,fixed_nominal
short_shock_no_break,22,1690798884.795401,True,206612814.28974807,32435576.88552644,0.1221983383995132,0.1762295081967213,0.0054644808743169,1690798884.795401,True,391162058.8018001,86293025.80521232,0.2313474785909463,0.4644808743169399,0.0191256830601092,True,True,0.0,True,included,-184549244.512052,-53857448.91968588,-0.10914914019143308,-0.2882513661202186,-0.013661202185792299,fully_indexed,fixed_nominal
short_shock_no_break,23,1776514819.3617442,True,251059849.71270093,48091346.6416624,0.1413215622951573,0.1997264021887825,0.0068399452804377,1776514819.3617442,True,423781014.6961414,98920315.12066408,0.2385462874148131,0.4870041039671682,0.0191518467852257,True,True,0.0,True,included,-172721164.9834405,-50828968.47900168,-0.0972247251196558,-0.28727770177838574,-0.012311901504788,fully_indexed,fixed_nominal
short_shock_no_break,24,1967296569.1282885,True,258713206.4270796,18179478.563581288,0.1315069677276547,0.2005076142131979,0.0126903553299492,1967296569.1282885,True,443225275.921594,87721052.42628112,0.2252966242491784,0.4771573604060913,0.0266497461928934,True,True,0.0,True,included,-184512069.49451444,-69541573.86269984,-0.09378965652152371,-0.2766497461928934,-0.0139593908629442,fully_indexed,fixed_nominal
short_shock_no_break,25,1916034599.8386133,True,267892359.4264389,28794692.28733971,0.1398160343497989,0.2099737532808399,0.0144356955380577,1916034599.8386133,True,472348437.6046766,117526740.60372524,0.2465239602898936,0.5118110236220472,0.0223097112860892,True,True,0.0,True,included,-204456078.1782377,-88732048.31638554,-0.1067079259400947,-0.30183727034120733,-0.007874015748031501,fully_indexed,fixed_nominal
short_shock_no_break,26,1748057297.4996314,True,207136827.90784872,36462459.5550259,0.1184954453175711,0.1870794078061911,0.0080753701211305,1748057297.4996314,True,393816107.60088056,95777834.72130536,0.2252878713782341,0.4670255720053836,0.0161507402422611,True,True,0.0,True,included,-186679279.69303185,-59315375.16627946,-0.10679242606066301,-0.2799461641991925,-0.0080753701211306,fully_indexed,fixed_nominal
short_shock_no_break,27,1857189097.4784129,True,270964754.39596,52376819.03310192,0.1459004657974036,0.2214765100671141,0.0120805369127516,1857189097.4784129,True,457137744.86831975,107600077.56150518,0.2461449647152225,0.4845637583892617,0.021476510067114,True,True,0.0,True,included,-186172990.47235978,-55223258.52840327,-0.10024449891781889,-0.2630872483221476,-0.0093959731543624,fully_indexed,fixed_nominal
short_shock_no_break,28,1734611813.4347224,True,200718790.1708865,29704041.831436776,0.1157139531832434,0.1803713527851458,0.0053050397877984,1734611813.4347224,True,369796353.3738848,97906415.33349864,0.2131868067020985,0.4350132625994695,0.0145888594164456,True,True,0.0,True,included,-169077563.2029983,-68202373.50206187,-0.0974728535188551,-0.25464190981432366,-0.009283819628647199,fully_indexed,fixed_nominal
short_shock_no_break,29,1552275898.3498583,True,189962471.64378747,34608263.8994938,0.1223767449109571,0.2023809523809523,0.0059523809523809,1552275898.3498583,True,354926511.0461789,87437629.10602704,0.2286491154204496,0.4494047619047619,0.0208333333333333,True,True,0.0,True,included,-164964039.4023914,-52829365.20653324,-0.10627237050949251,-0.24702380952380962,-0.014880952380952401,fully_indexed,fixed_nominal
short_shock_no_break,30,1650734215.2444096,True,194669775.1278321,41537190.19400433,0.1179292058830979,0.1659513590844063,0.0071530758226037,1650734215.2444096,True,348804795.8286869,96643206.08115312,0.211302820652471,0.4520743919885551,0.0185979971387696,True,True,0.0,True,included,-154135020.70085478,-55106015.8871488,-0.0933736147693731,-0.28612303290414876,-0.011444921316165903,fully_indexed,fixed_nominal
short_shock_no_break,31,1887093941.636459,True,287514656.8357474,36870282.4745601,0.15235842291265,0.2130492676431424,0.0106524633821571,1887093941.636459,True,455471087.1265514,93300270.72113782,0.2413611093105273,0.4833555259653795,0.033288948069241,True,True,0.0,True,included,-167956430.29080397,-56429988.246577725,-0.08900268639787728,-0.2703062583222371,-0.022636484687083902,fully_indexed,fixed_nominal
short_shock_no_break,32,1815662248.2648385,True,260578023.02802283,30330032.6140332,0.1435167929922251,0.1969904240766073,0.0164158686730506,1815662248.2648385,True,402874348.6469762,76170535.19235645,0.221888376559015,0.4404924760601915,0.0218878248974008,True,True,0.0,True,included,-142296325.61895335,-45840502.57832325,-0.07837158356678989,-0.24350205198358418,-0.005471956224350198,fully_indexed,fixed_nominal
short_shock_no_break,33,1865591138.9895797,True,261104280.81913024,36318393.45858547,0.139957933634133,0.1902937420178799,0.0076628352490421,1865591138.9895797,True,425185530.3305454,83982657.97744577,0.2279092784289432,0.4636015325670498,0.0268199233716475,True,True,0.0,True,included,-164081249.51141518,-47664264.518860295,-0.0879513447948102,-0.27330779054916987,-0.0191570881226054,fully_indexed,fixed_nominal
short_shock_no_break,34,1788844511.2508385,True,228260449.5947966,36092839.10262293,0.1276021745652935,0.1941097724230254,0.0080321285140562,1788844511.2508385,True,422562915.3353122,97630102.64478232,0.2362211543136511,0.4712182061579651,0.0240963855421686,True,True,0.0,True,included,-194302465.7405156,-61537263.542159386,-0.1086189797483576,-0.2771084337349397,-0.0160642570281124,fully_indexed,fixed_nominal
short_shock_no_break,35,1743149136.065394,True,222896439.3831176,31114505.46097021,0.127869976682681,0.2016574585635359,0.005524861878453,1743149136.065394,True,397981658.34622383,85880883.24703081,0.2283118811305733,0.4751381215469613,0.0151933701657458,True,True,0.0,True,included,-175085218.96310624,-54766377.7860606,-0.1004419044478923,-0.2734806629834254,-0.0096685082872928,fully_indexed,fixed_nominal
short_shock_no_break,36,1665388580.3588903,True,187417985.04837132,26919870.20493506,0.1125370902975586,0.1578947368421052,0.0067476383265856,1665388580.3588903,True,346224735.6800793,85841426.93886314,0.2078942654965654,0.4291497975708502,0.0121457489878542,True,True,0.0,True,included,-158806750.63170797,-58921556.733928084,-0.0953571751990068,-0.271255060728745,-0.005398110661268601,fully_indexed,fixed_nominal
short_shock_no_break,37,1687108167.675775,True,228374370.5204588,21423723.72258596,0.1353643915049478,0.2,0.0082191780821917,1687108167.675775,True,384929027.8783472,70006630.76242268,0.2281590684304731,0.4452054794520548,0.0178082191780821,True,True,0.0,True,included,-156554657.35788843,-48582907.03983672,-0.09279467692552529,-0.2452054794520548,-0.009589041095890401,fully_indexed,fixed_nominal
short_shock_no_break,38,1757009454.7204423,True,235341355.42091852,23514799.727248084,0.133944273770777,0.1839237057220708,0.0108991825613079,1757009454.7204423,True,390354738.7676331,73199320.98395583,0.22216997052514,0.4536784741144414,0.0245231607629427,True,True,0.0,True,included,-155013383.34671456,-49684521.25670774,-0.08822569675436301,-0.26975476839237056,-0.013623978201634801,fully_indexed,fixed_nominal
short_shock_no_break,39,1834040824.888476,True,215964119.27048787,38461641.47789623,0.1177531690351659,0.1719160104986876,0.0091863517060367,1834040824.888476,True,396063340.2206903,96892399.45970032,0.2159512126698564,0.4540682414698163,0.0183727034120734,True,True,0.0,True,included,-180099220.95020244,-58430757.98180409,-0.0981980436346905,-0.2821522309711287,-0.0091863517060367,fully_indexed,fixed_nominal
short_shock_no_break,40,1834102527.9780588,True,246997245.41870072,18377474.381771315,0.1346692682938472,0.1978465679676985,0.0188425302826379,1834102527.9780588,True,389419342.55449086,62525344.66199358,0.2123214687369699,0.4481830417227456,0.0296096904441453,True,True,0.0,True,included,-142422097.13579014,-44147870.28022227,-0.07765220044312268,-0.2503364737550471,-0.010767160161507403,fully_indexed,fixed_nominal
short_shock_no_break,41,1734431811.045474,True,209684841.49011332,26060295.31451534,0.1208954080262863,0.1940298507462686,0.0081411126187245,1734431811.045474,True,401575754.0290102,96702867.80750936,0.2315315894644194,0.4735413839891452,0.0122116689280868,True,True,0.0,True,included,-191890912.53889686,-70642572.49299403,-0.1106361814381331,-0.2795115332428766,-0.004070556309362301,fully_indexed,fixed_nominal
short_shock_no_break,42,1892302759.913418,True,286533347.859149,31768594.47006537,0.1514204565617498,0.2173314993122421,0.015130674002751,1892302759.913418,True,473479201.5635351,100744920.0350441,0.2502132383853834,0.499312242090784,0.0288858321870701,True,True,0.0,True,included,-186945853.70438612,-68976325.56497873,-0.0987927818236336,-0.2819807427785419,-0.0137551581843191,fully_indexed,fixed_nominal
short_shock_no_break,43,1792255653.9994235,True,236297488.35512063,37493136.47999498,0.1318436283505772,0.2194787379972565,0.0096021947873799,1792255653.9994235,True,443857169.0193703,101253622.25781555,0.2476528211970774,0.4869684499314129,0.0233196159122085,True,True,0.0,True,included,-207559680.6642497,-63760485.77782057,-0.11580919284650021,-0.2674897119341564,-0.013717421124828601,fully_indexed,fixed_nominal
short_shock_no_break,44,1852798573.9900403,True,232298948.74694052,57069311.37888809,0.1253773356737208,0.2002567394094993,0.0064184852374839,1852798573.9900403,True,426812545.7961061,109292278.7683586,0.2303610072825975,0.465982028241335,0.0205391527599486,True,True,0.0,True,included,-194513597.04916558,-52222967.38947051,-0.1049836716088767,-0.26572528883183566,-0.014120667522464698,fully_indexed,fixed_nominal
short_shock_no_break,45,1882326845.593252,True,275091913.5676166,38920812.68478154,0.1461446051261708,0.231283422459893,0.0106951871657754,1882326845.593252,True,451169565.9998925,83758652.3862935,0.2396871547872429,0.4759358288770053,0.0227272727272727,True,True,0.0,True,included,-176077652.4322759,-44837839.701511964,-0.09354254966107209,-0.2446524064171123,-0.0120320855614973,fully_indexed,fixed_nominal
short_shock_no_break,46,1852259256.6124096,True,240589099.38884303,32684268.24180385,0.1298895381572316,0.2168831168831168,0.0051948051948051,1852259256.6124096,True,429289957.5140233,86282794.7088791,0.2317655889592638,0.4805194805194805,0.022077922077922,True,True,0.0,True,included,-188700858.12518027,-53598526.46707524,-0.10187605080203221,-0.2636363636363637,-0.0168831168831169,fully_indexed,fixed_nominal
short_shock_no_break,47,1764539587.889786,True,209068982.10591957,18882080.84356936,0.1184835883200247,0.2037533512064343,0.0093833780160857,1764539587.889786,True,390518812.3377322,80327683.44530128,0.2213148489373105,0.4651474530831099,0.0160857908847185,True,True,0.0,True,included,-181449830.23181263,-61445602.60173192,-0.10283126061728579,-0.26139410187667556,-0.006702412868632799,fully_indexed,fixed_nominal
short_shock_no_break,48,1691989001.128769,True,230573469.24751404,36009551.52890837,0.1362736218105984,0.2079207920792079,0.007072135785007,1691989001.128769,True,406243379.5954069,93913852.25459364,0.2400981208059813,0.4809052333804809,0.0198019801980198,True,True,0.0,True,included,-175669910.34789285,-57904300.72568527,-0.1038244989953829,-0.272984441301273,-0.012729844413012798,fully_indexed,fixed_nominal
short_shock_no_break,49,1693713009.4848888,True,221393647.19428447,28300332.778058022,0.1307149711636313,0.2156862745098039,0.0084033613445378,1693713009.4848888,True,387385172.08697736,72987549.70519732,0.2287194878456966,0.4607843137254901,0.0168067226890756,True,True,0.0,True,included,-165991524.8926929,-44687216.9271393,-0.0980045166820653,-0.2450980392156862,-0.0084033613445378,fully_indexed,fixed_nominal
short_shock_no_break,50,1778533197.047906,True,248034250.560738,38390226.990184814,0.1394600061288915,0.18707015130674,0.0082530949105914,1778533197.047906,True,411206409.81120425,83518505.67483574,0.2312053609647232,0.4649243466299862,0.0233837689133425,True,True,0.0,True,included,-163172159.25046626,-45128278.68465093,-0.09174535483583168,-0.2778541953232462,-0.015130674002751102,fully_indexed,fixed_nominal
short_stable_no_break,1,1561874121.490872,True,189620056.09949043,29442822.54620038,0.1214054663499325,0.1649928263988522,0.0100430416068866,1561874121.490872,True,300684717.60491925,55892585.70819512,0.1925153336415508,0.3730272596843615,0.0200860832137733,True,True,0.0,True,included,-111064661.50542882,-26449763.16199474,-0.07110986729161829,-0.2080344332855093,-0.010043041606886698,fully_indexed,fixed_nominal
short_stable_no_break,2,1667403380.8894384,True,209095465.7979361,27549135.96918673,0.1254018482836462,0.1778975741239892,0.0040431266846361,1667403380.8894384,True,337522410.70469785,53582073.92585961,0.2024239692525117,0.4029649595687331,0.0161725067385444,True,True,0.0,True,included,-128426944.90676174,-26032937.956672877,-0.07702212096886549,-0.22506738544474392,-0.0121293800539083,fully_indexed,fixed_nominal
short_stable_no_break,3,1710095681.047873,True,223185458.41255137,19116634.69637774,0.1305105093744187,0.2037283621837549,0.0053262316910785,1710095681.047873,True,374371935.33810806,52023753.56578843,0.2189187069981424,0.4300932090545938,0.0119840213049267,True,True,0.0,True,included,-151186476.9255567,-32907118.869410694,-0.0884081976237237,-0.2263648468708389,-0.0066577896138482,fully_indexed,fixed_nominal
short_stable_no_break,4,1590713810.6633987,True,159179565.13291237,19562137.93771605,0.1000680097613079,0.173076923076923,0.0068681318681318,1590713810.6633987,True,282732892.4078894,45183225.50441328,0.1777396351955837,0.3969780219780219,0.0123626373626373,True,True,0.0,True,included,-123553327.27497706,-25621087.56669723,-0.07767162543427579,-0.2239010989010989,-0.005494505494505499,fully_indexed,fixed_nominal
short_stable_no_break,5,1701603526.6402214,True,218994266.30474576,15577439.616315268,0.1286987614189688,0.1886024423337856,0.0135685210312075,1701603526.6402214,True,349557149.2231726,49839749.28119761,0.2054280822474348,0.4138398914518317,0.0217096336499321,True,True,0.0,True,included,-130562882.91842684,-34262309.66488234,-0.07672932082846601,-0.2252374491180461,-0.0081411126187246,fully_indexed,fixed_nominal
short_stable_no_break,6,1673135369.0137756,True,179375294.4965769,21532038.78609466,0.1072090745426708,0.1651006711409396,0.010738255033557,1673135369.0137756,True,297351637.8059287,50537310.76394031,0.1777212073289692,0.3758389261744966,0.0161073825503355,True,True,0.0,True,included,-117976343.3093518,-29005271.97784565,-0.0705121327862984,-0.210738255033557,-0.0053691275167785,fully_indexed,fixed_nominal
short_stable_no_break,7,1585026465.0379324,True,168554898.7015423,17140205.235716075,0.1063420090575639,0.1849217638691322,0.0056899004267425,1585026465.0379324,True,293992562.08607423,46350552.50131958,0.1854811692869989,0.3968705547652916,0.0099573257467994,True,True,0.0,True,included,-125437663.38453194,-29210347.265603505,-0.079139160229435,-0.2119487908961594,-0.004267425320056899,fully_indexed,fixed_nominal
short_stable_no_break,8,1812454931.4654715,True,228736344.52877644,21753443.697420992,0.1262025005740861,0.2017766497461929,0.0076142131979695,1812454931.4654715,True,374622990.7930988,55435028.83808475,0.2066936861653134,0.4276649746192893,0.0139593908629441,True,True,0.0,True,included,-145886646.26432237,-33681585.14066376,-0.08049118559122728,-0.22588832487309643,-0.0063451776649746,fully_indexed,fixed_nominal
short_stable_no_break,9,1651225707.2913642,True,198655152.2723552,27517955.08390286,0.1203076910655811,0.1905405405405405,0.0067567567567567,1651225707.2913642,True,341015433.96267825,55145937.142330006,0.2065226046668524,0.4121621621621621,0.0121621621621621,True,True,0.0,True,included,-142360281.69032305,-27627982.058427148,-0.0862149136012713,-0.2216216216216216,-0.0054054054054054005,fully_indexed,fixed_nominal
short_stable_no_break,10,1848637994.5558023,True,238430690.41352504,37697671.55481648,0.1289764091810825,0.1843434343434343,0.0113636363636363,1848637994.5558023,True,369366998.7590896,66326260.11826293,0.1998049373900499,0.3863636363636363,0.0239898989898989,True,True,0.0,True,included,-130936308.34556454,-28628588.563446455,-0.0708285282089674,-0.202020202020202,-0.012626262626262602,fully_indexed,fixed_nominal
short_stable_no_break,11,1670824805.2431414,True,210948831.30786425,35758150.34801452,0.1262543090370068,0.1834482758620689,0.0068965517241379,1670824805.2431414,True,356790211.1721923,71395569.41409275,0.2135413659484613,0.4151724137931034,0.0137931034482758,True,True,0.0,True,included,-145841379.86432803,-35637419.06607823,-0.0872870569114545,-0.23172413793103447,-0.0068965517241379,fully_indexed,fixed_nominal
short_stable_no_break,12,1686621819.622221,True,219621386.0856407,31832667.214923367,0.1302137702302658,0.2010796221322537,0.0080971659919028,1686621819.622221,True,359799661.7414931,57506650.49990024,0.2133256297028595,0.4291497975708502,0.0188933873144399,True,True,0.0,True,included,-140178275.6558524,-25673983.28497687,-0.0831118594725937,-0.2280701754385965,-0.0107962213225371,fully_indexed,fixed_nominal
short_stable_no_break,13,1800368486.791122,True,214212738.63603988,19377304.691307414,0.1189827194864096,0.1854636591478696,0.006265664160401,1800368486.791122,True,362639734.6348863,55324389.44217354,0.2014252844878636,0.3959899749373433,0.0137844611528822,True,True,0.0,True,included,-148426995.99884644,-35947084.75086613,-0.082442565001454,-0.21052631578947367,-0.007518796992481199,fully_indexed,fixed_nominal
short_stable_no_break,14,1654231852.2100744,True,199717332.50763068,26138525.429080997,0.1207311612582032,0.1905405405405405,0.0067567567567567,1654231852.2100744,True,332955054.0218767,55065670.70444464,0.2012747206971287,0.3945945945945946,0.0135135135135135,True,True,0.0,True,included,-133237721.51424602,-28927145.275363643,-0.08054355943892551,-0.2040540540540541,-0.0067567567567568005,fully_indexed,fixed_nominal
short_stable_no_break,15,1811290325.9587145,True,271630525.85857564,28474599.01972588,0.1499652054481116,0.2088948787061994,0.0094339622641509,1811290325.9587145,True,402076351.6438269,50351765.20084126,0.2219833816155387,0.4380053908355795,0.0215633423180593,True,True,0.0,True,included,-130445825.78525126,-21877166.18111538,-0.07201817616742712,-0.22911051212938008,-0.0121293800539084,fully_indexed,fixed_nominal
short_stable_no_break,16,1810238719.5052612,True,239014265.4761363,26379908.522204146,0.1320346664231438,0.2013071895424836,0.0104575163398692,1810238719.5052612,True,365619475.639674,56998013.749120295,0.2019730722253018,0.3895424836601307,0.0156862745098039,True,True,0.0,True,included,-126605210.16353771,-30618105.22691615,-0.06993840580215802,-0.1882352941176471,-0.0052287581699347,fully_indexed,fixed_nominal
short_stable_no_break,17,1625193772.2685077,True,161709856.1685167,23704515.42844987,0.0995018925914267,0.1601615074024226,0.0067294751009421,1625193772.2685077,True,289210760.65938663,59361349.67702558,0.1779546326070984,0.3768506056527591,0.0107671601615074,True,True,0.0,True,included,-127500904.49086994,-35656834.24857571,-0.07845274001567171,-0.21668909825033647,-0.004037685060565301,fully_indexed,fixed_nominal
short_stable_no_break,18,1652393858.2112184,True,219711284.5182453,20290911.54380749,0.1329654449067557,0.1961325966850828,0.0082872928176795,1652393858.2112184,True,350772143.5187137,48910691.05964556,0.2122811954157457,0.4212707182320442,0.0193370165745856,True,True,0.0,True,included,-131060859.0004684,-28619779.51583807,-0.07931575050899001,-0.22513812154696142,-0.0110497237569061,fully_indexed,fixed_nominal
short_stable_no_break,19,1828215310.7303388,True,221361328.5066062,14203084.982714592,0.1210805572009876,0.2153465346534653,0.0061881188118811,1828215310.7303388,True,384915766.6347208,45623545.43055571,0.2105418133058703,0.4344059405940594,0.0123762376237623,True,True,0.0,True,included,-163554438.1281146,-31420460.447841115,-0.08946125610488269,-0.21905940594059412,-0.0061881188118812006,fully_indexed,fixed_nominal
short_stable_no_break,20,1756279010.3607097,True,215819801.35190412,21395840.290866356,0.1228846897780657,0.195567144719687,0.0078226857887874,1756279010.3607097,True,356491647.3267761,54266755.16420136,0.2029812149571603,0.408083441981747,0.0130378096479791,True,True,0.0,True,included,-140671845.97487196,-32870914.873335,-0.08009652517909459,-0.21251629726206,-0.005215123859191701,fully_indexed,fixed_nominal
short_stable_no_break,21,1687697093.6912458,True,188486910.04027528,13037651.293898111,0.1116829025450451,0.1662269129287599,0.0079155672823219,1687697093.6912458,True,311869728.18147266,41005306.84397525,0.1847901079804356,0.3865435356200528,0.0118733509234828,True,True,0.0,True,included,-123382818.14119738,-27967655.55007714,-0.0731072054353905,-0.22031662269129287,-0.0039577836411609,fully_indexed,fixed_nominal
short_stable_no_break,22,1619193261.4686923,True,193940116.33538792,24519152.460591864,0.119775767939816,0.1680327868852459,0.0040983606557377,1619193261.4686923,True,334565827.44529426,57648324.65838912,0.2066250122248073,0.4248633879781421,0.0150273224043715,True,True,0.0,True,included,-140625711.10990635,-33129172.197797257,-0.08684924428499131,-0.25683060109289624,-0.010928961748633802,fully_indexed,fixed_nominal
short_stable_no_break,23,1689075503.9928136,True,228830653.91538304,36953437.09688607,0.1354768649325913,0.1901504787961696,0.0068399452804377,1689075503.9928136,True,359554970.26520234,62637929.17204631,0.2128708689547913,0.4336525307797537,0.0191518467852257,True,True,0.0,True,included,-130724316.3498193,-25684492.075160243,-0.07739400402219998,-0.2435020519835841,-0.012311901504788,fully_indexed,fixed_nominal
short_stable_no_break,24,1888718809.7331696,True,246838072.8414957,13580271.659636833,0.1306907473836022,0.1954314720812182,0.0126903553299492,1888718809.7331696,True,381303956.2001516,46324811.78115248,0.2018849784495028,0.4137055837563452,0.0253807106598984,True,True,0.0,True,included,-134465883.35865593,-32744540.121515647,-0.07119423106590059,-0.218274111675127,-0.0126903553299492,fully_indexed,fixed_nominal
short_stable_no_break,25,1820355276.33416,True,251820095.40904692,21072469.373890847,0.1383356857218352,0.2047244094488189,0.0144356955380577,1820355276.33416,True,400265793.14610606,70838895.44249286,0.2198833372528044,0.4514435695538057,0.0170603674540682,True,True,0.0,True,included,-148445697.73705915,-49766426.06860201,-0.08154765153096921,-0.24671916010498682,-0.0026246719160105004,fully_indexed,fixed_nominal
short_stable_no_break,26,1675078739.0326543,True,193628047.3947644,27754737.596149817,0.1155934004073045,0.1843876177658142,0.0080753701211305,1675078739.0326543,True,334292375.2535419,59500057.73544208,0.1995681560895419,0.4185733512786003,0.0148048452220726,True,True,0.0,True,included,-140664327.8587775,-31745320.139292262,-0.0839747556822374,-0.2341857335127861,-0.0067294751009421006,fully_indexed,fixed_nominal
short_stable_no_break,27,1763717676.731417,True,250765701.22977784,40750769.16318753,0.1421801825417464,0.2161073825503355,0.0120805369127516,1763717676.731417,True,392237414.408116,71206593.66970241,0.2223924041715248,0.4268456375838926,0.0187919463087248,True,True,0.0,True,included,-141471713.17833814,-30455824.506514877,-0.0802122216297784,-0.21073825503355711,-0.0067114093959732,fully_indexed,fixed_nominal
short_stable_no_break,28,1655732854.4865246,True,186614434.27083093,21664657.860240776,0.1127080578036266,0.176392572944297,0.0053050397877984,1655732854.4865246,True,310836349.6384487,62314503.85059279,0.1877333947902152,0.3753315649867374,0.0119363395225464,True,True,0.0,True,included,-124221915.36761779,-40649845.99035202,-0.0750253369865886,-0.19893899204244042,-0.006631299734747999,fully_indexed,fixed_nominal
short_stable_no_break,29,1487017202.330915,True,174623696.1113088,25522862.00255409,0.1174321963710872,0.1964285714285714,0.0059523809523809,1487017202.330915,True,301416223.23150367,56963023.164454296,0.2026985449522914,0.40625,0.0119047619047619,True,True,0.0,True,included,-126792527.12019485,-31440161.161900207,-0.08526634858120419,-0.2098214285714286,-0.005952380952381001,fully_indexed,fixed_nominal
short_stable_no_break,30,1574129457.2650447,True,179026264.20284343,31643563.501062397,0.1137303309944347,0.1602288984263233,0.0071530758226037,1574129457.2650447,True,290417445.0601226,62387330.11787935,0.1844940031582316,0.3977110157367668,0.0171673819742489,True,True,0.0,True,included,-111391180.85727918,-30743766.616816957,-0.0707636721637969,-0.23748211731044352,-0.0100143061516452,fully_indexed,fixed_nominal
short_stable_no_break,31,1800018426.142542,True,270745651.66358906,28480300.58582142,0.1504127111875181,0.2010652463382157,0.0106524633821571,1800018426.142542,True,391588542.7204653,57760920.24673401,0.217546963427282,0.4207723035952064,0.0266311584553928,True,True,0.0,True,included,-120842891.05687624,-29280619.66091259,-0.06713425223976391,-0.2197070572569907,-0.015978695073235696,fully_indexed,fixed_nominal
short_stable_no_break,32,1737041401.7668102,True,244188387.7598116,23348762.216623746,0.140577183428926,0.1942544459644322,0.0164158686730506,1737041401.7668102,True,350161550.1852452,46887955.63871187,0.2015850340867423,0.3953488372093023,0.0218878248974008,True,True,0.0,True,included,-105973162.4254336,-23539193.422088124,-0.061007850657816304,-0.2010943912448701,-0.005471956224350198,fully_indexed,fixed_nominal
short_stable_no_break,33,1781475953.898553,True,242244471.2261021,28964045.950565875,0.1359796469303884,0.1826309067688378,0.0076628352490421,1781475953.898553,True,367532165.157424,50303056.34022081,0.206307676706566,0.4086845466155811,0.0217113665389527,True,True,0.0,True,included,-125287693.93132186,-21339010.389654934,-0.07032802977617761,-0.22605363984674332,-0.014048531289910602,fully_indexed,fixed_nominal
short_stable_no_break,34,1704740499.0623837,True,210380842.3206154,26454537.23579684,0.123409306247095,0.1847389558232931,0.0080321285140562,1704740499.0623837,True,356408499.1710451,61527410.567614056,0.2090690632193414,0.4149933065595716,0.0200803212851405,True,True,0.0,True,included,-146027656.8504297,-35072873.33181722,-0.08565975697224641,-0.2302543507362785,-0.0120481927710843,fully_indexed,fixed_nominal
short_stable_no_break,35,1666377772.811064,True,207856627.80445465,23432856.51553405,0.1247355978913562,0.1975138121546961,0.005524861878453,1666377772.811064,True,339689297.5810905,52999778.68140803,0.2038489129677109,0.4267955801104972,0.0124309392265193,True,True,0.0,True,included,-131832669.77663586,-29566922.165873982,-0.0791133150763547,-0.22928176795580107,-0.0069060773480663,fully_indexed,fixed_nominal
short_stable_no_break,36,1592153129.7067754,True,174877381.38111523,20416847.6115861,0.1098370364748283,0.1524966261808367,0.0053981106612685,1592153129.7067754,True,288863508.57163465,49542202.26595015,0.1814294763373886,0.3819163292847503,0.0121457489878542,True,True,0.0,True,included,-113986127.19051942,-29125354.65436405,-0.0715924398625603,-0.22941970310391357,-0.006747638326585701,fully_indexed,fixed_nominal
short_stable_no_break,37,1627518111.6787624,True,216867903.29567248,15259980.175548753,0.1332506850396744,0.184931506849315,0.0082191780821917,1627518111.6787624,True,338001506.828696,44777687.51000127,0.2076791062435871,0.3945205479452054,0.0164383561643835,True,True,0.0,True,included,-121133603.53302354,-29517707.334452517,-0.07442842120391269,-0.2095890410958904,-0.0082191780821918,fully_indexed,fixed_nominal
short_stable_no_break,38,1683312048.783276,True,221086663.77336508,17798821.543427765,0.131340272846719,0.1798365122615803,0.0108991825613079,1683312048.783276,True,336091479.0522248,42850688.332212985,0.1996608289563167,0.4100817438692098,0.0204359673024523,True,True,0.0,True,included,-115004815.27885973,-25051866.78878522,-0.0683205561095977,-0.23024523160762952,-0.009536784741144399,fully_indexed,fixed_nominal
short_stable_no_break,39,1750475529.1941926,True,201141471.89161628,30501270.410164107,0.1149067602128714,0.1614173228346456,0.0078740157480314,1750475529.1941926,True,334418871.262614,62043310.71688711,0.1910445851342801,0.3937007874015748,0.0170603674540682,True,True,0.0,True,included,-133277399.37099773,-31542040.306723002,-0.0761378249214087,-0.23228346456692922,-0.009186351706036799,fully_indexed,fixed_nominal
short_stable_no_break,40,1771487196.5015657,True,236792531.2603616,14006557.086609814,0.1336687793894266,0.1884253028263795,0.0188425302826379,1771487196.5015657,True,344888767.83000815,38742016.33400515,0.1946888289743862,0.4078061911170929,0.0282637954239569,True,True,0.0,True,included,-108096236.56964654,-24735459.247395333,-0.0610200495849596,-0.21938088829071337,-0.009421265141319,fully_indexed,fixed_nominal
short_stable_no_break,41,1652109863.5454082,True,196231975.40813252,19418616.95446527,0.1187765897039202,0.1899592944369063,0.0067842605156037,1652109863.5454082,True,335752125.482376,57088104.59741693,0.2032262701718007,0.4151967435549525,0.010854816824966,True,True,0.0,True,included,-139520150.07424346,-37669487.64295166,-0.0844496804678805,-0.22523744911804622,-0.0040705563093623,fully_indexed,fixed_nominal
short_stable_no_break,42,1803076349.8173013,True,267275197.11181647,23840120.088885076,0.1482328782909821,0.2090784044016506,0.015130674002751,1803076349.8173013,True,408559079.5646737,67141295.93403164,0.2265900052463509,0.437414030261348,0.0233837689133425,True,True,0.0,True,included,-141283882.45285726,-43301175.84514656,-0.07835712695536878,-0.2283356258596974,-0.008253094910591502,fully_indexed,fixed_nominal
short_stable_no_break,43,1704401998.6622431,True,218257980.07962343,28441946.209460177,0.1280554588946331,0.2112482853223594,0.0096021947873799,1704401998.6622431,True,373802400.5175688,65576553.60604401,0.2193158660990541,0.4348422496570645,0.017832647462277,True,True,0.0,True,included,-155544420.4379454,-37134607.39658383,-0.091260407204421,-0.22359396433470508,-0.008230452674897101,fully_indexed,fixed_nominal
short_stable_no_break,44,1758512329.421798,True,210809148.30341336,44666399.79192308,0.1198792551956276,0.1912708600770218,0.0064184852374839,1758512329.421798,True,359073964.14565885,73696631.74278872,0.2041918945565329,0.4236200256739409,0.0166880616174582,True,True,0.0,True,included,-148264815.8422455,-29030231.950865634,-0.08431263936090529,-0.23234916559691912,-0.0102695763799743,fully_indexed,fixed_nominal
short_stable_no_break,45,1810735997.778001,True,257607305.09012735,28460098.157478254,0.1422666282695233,0.2192513368983957,0.0106951871657754,1810735997.778001,True,399190340.45699936,58034007.127416834,0.2204575050956383,0.4344919786096257,0.0200534759358288,True,True,0.0,True,included,-141583035.366872,-29573908.96993858,-0.078190876826115,-0.21524064171122997,-0.0093582887700534,fully_indexed,fixed_nominal
short_stable_no_break,46,1767954638.4825978,True,221716410.3045116,25039725.16712908,0.1254084270481094,0.2129870129870129,0.0051948051948051,1767954638.4825978,True,368773209.6925333,52398991.27850676,0.2085874839011958,0.4298701298701298,0.0181818181818181,True,True,0.0,True,included,-147056799.3880217,-27359266.111377683,-0.08317905685308641,-0.2168831168831169,-0.012987012987013002,fully_indexed,fixed_nominal
short_stable_no_break,47,1690441235.4618535,True,197957629.5307803,13965127.99782513,0.1171041177759103,0.2024128686327077,0.0093833780160857,1690441235.4618535,True,333429652.59825885,44983595.74274392,0.1972441547234032,0.4075067024128686,0.0147453083109919,True,True,0.0,True,included,-135472023.06747857,-31018467.744918786,-0.0801400369474929,-0.20509383378016094,-0.005361930294906199,fully_indexed,fixed_nominal
short_stable_no_break,48,1612215186.5080757,True,213717829.8159806,26862733.01505878,0.1325616031932286,0.2050919377652051,0.007072135785007,1612215186.5080757,True,341360309.86812794,58328671.740978256,0.2117337144103487,0.4243281471004243,0.0155586987270155,True,True,0.0,True,included,-127642480.05214733,-31465938.725919478,-0.07917211121712009,-0.21923620933521923,-0.008486562942008499,fully_indexed,fixed_nominal
short_stable_no_break,49,1626059841.8586493,True,208149583.05115327,21678087.328540657,0.1280085625958453,0.2044817927170868,0.0084033613445378,1626059841.8586493,True,338404747.82724017,46310329.00987116,0.2081133419053203,0.4117647058823529,0.0168067226890756,True,True,0.0,True,included,-130255164.7760869,-24632241.681330506,-0.08010477930947499,-0.20728291316526612,-0.0084033613445378,fully_indexed,fixed_nominal
short_stable_no_break,50,1696190359.264982,True,228229266.350531,29908913.46755817,0.1345540405320017,0.1856946354883081,0.0082530949105914,1696190359.264982,True,355469605.647809,53129851.3526064,0.209569405760475,0.4154057771664374,0.0192572214580467,True,True,0.0,True,included,-127240339.29727802,-23220937.88504823,-0.0750153652284733,-0.22971114167812928,-0.0110041265474553,fully_indexed,fixed_nominal
