scenario_id,simulation_id,seed,frequency_scenario,tail_type,inflation_scenario,structural_break,clause_type,basis,model,history_window_years,history_start_ay,evaluation_start_ay,evaluation_end_ay,success,success_or_failure,failure_type,failure_category,failure_message,failure_reason,fit_min_accident_year,fit_max_accident_year,fit_received_pre_window_ay,future_cells_hidden_from_fit,evaluation_truth_used_for_fitting,observed_target_paid,true_target_reserve,true_target_ultimate,estimated_target_reserve,true_reserve,estimated_reserve,selected_alpha,selected_power,runtime_seconds,pipeline_reconciliation_passed,model_reconciliation_passed,target_estimate_reconciliation_passed,target_truth_reconciliation_passed,signed_error,absolute_error,percentage_error,absolute_percentage_error,normalised_error
short_stable_no_break,1,20260817,constant,short,stable,False,none,gross,chain_ladder,15,2010,2020,2024,True,success,,,,,2010,2024,False,True,False,524373608.7811493,137675538.21388325,662049146.9950327,126772896.04883963,137675538.21388325,126772896.04883963,,,0.023930000003019813,True,True,True,True,-10902642.165043622,10902642.165043622,-7.91908446953447,7.91908446953447,-0.0791908446953447
short_stable_no_break,1,20260817,constant,short,stable,False,none,gross,inflation_adjusted_chain_ladder,15,2010,2020,2024,True,success,,,,,2010,2024,False,True,False,524373608.7811493,137675538.21388325,662049146.9950327,126508214.16597822,137675538.21388325,126508214.16597822,,,0.04595590000099037,True,True,True,True,-11167324.047905028,11167324.047905028,-8.111334949391113,8.111334949391113,-0.08111334949391112
short_stable_no_break,1,20260817,constant,short,stable,False,none,gross,cashflow_uplift,15,2010,2020,2024,True,success,,,,,2010,2024,False,True,False,524373608.7811493,137675538.21388325,662049146.9950327,126772896.04883963,137675538.21388325,126772896.04883963,,,0.035071000005700625,True,True,True,True,-10902642.165043622,10902642.165043622,-7.91908446953447,7.91908446953447,-0.0791908446953447
short_stable_no_break,1,20260817,constant,short,stable,False,none,gross,regularized_poisson,15,2010,2020,2024,True,success,,,,,2010,2024,False,True,False,524373608.7811493,137675538.21388325,662049146.9950327,116609091.53506358,137675538.21388325,116609091.53506358,0.001,,1.3715951000049245,True,True,True,True,-21066446.67881967,21066446.67881967,-15.301517576849626,15.301517576849626,-0.15301517576849627
short_stable_no_break,1,20260817,constant,short,stable,False,none,gross,regularized_poisson_break_interaction,15,2010,2020,2024,True,success,,,,,2010,2024,False,True,False,524373608.7811493,137675538.21388325,662049146.9950327,116609091.53149298,137675538.21388325,116609091.53149298,0.001,,1.3619389000014053,True,True,True,True,-21066446.682390273,21066446.682390273,-15.301517579443116,15.301517579443116,-0.15301517579443116
short_stable_no_break,1,20260817,constant,short,stable,False,none,gross,regularized_tweedie,15,2010,2020,2024,True,success,,,,,2010,2024,False,True,False,524373608.7811493,137675538.21388325,662049146.9950327,119341440.12587157,137675538.21388325,119341440.12587157,0.0001,1.9,5.478857100002642,True,True,True,True,-18334098.088011682,18334098.088011682,-13.316888625144932,13.316888625144932,-0.13316888625144932
short_stable_no_break,1,20260817,constant,short,stable,False,none,gross,chain_ladder,10,2015,2020,2024,True,success,,,,,2015,2024,False,True,False,524373608.7811493,137675538.21388325,662049146.9950327,130515953.77831121,137675538.21388325,130515953.77831121,,,0.021507999997993466,True,True,True,True,-7159584.435572043,7159584.435572043,-5.200331539252387,5.200331539252387,-0.05200331539252387
short_stable_no_break,1,20260817,constant,short,stable,False,none,gross,inflation_adjusted_chain_ladder,10,2015,2020,2024,True,success,,,,,2015,2024,False,True,False,524373608.7811493,137675538.21388325,662049146.9950327,131176100.29033662,137675538.21388325,131176100.29033662,,,0.038701399993442465,True,True,True,True,-6499437.923546627,6499437.923546627,-4.720837127543708,4.720837127543708,-0.04720837127543709
short_stable_no_break,1,20260817,constant,short,stable,False,none,gross,cashflow_uplift,10,2015,2020,2024,True,success,,,,,2015,2024,False,True,False,524373608.7811493,137675538.21388325,662049146.9950327,130515953.77831121,137675538.21388325,130515953.77831121,,,0.030986999998276588,True,True,True,True,-7159584.435572043,7159584.435572043,-5.200331539252387,5.200331539252387,-0.05200331539252387
short_stable_no_break,1,20260817,constant,short,stable,False,none,gross,regularized_poisson,10,2015,2020,2024,True,success,,,,,2015,2024,False,True,False,524373608.7811493,137675538.21388325,662049146.9950327,119552410.2017279,137675538.21388325,119552410.2017279,0.01,,0.6852752999984659,True,True,True,True,-18123128.012155354,18123128.012155354,-13.163651471622002,13.163651471622002,-0.13163651471622
short_stable_no_break,1,20260817,constant,short,stable,False,none,gross,regularized_poisson_break_interaction,10,2015,2020,2024,True,success,,,,,2015,2024,False,True,False,524373608.7811493,137675538.21388325,662049146.9950327,119552410.20105359,137675538.21388325,119552410.20105359,0.01,,0.7373047000000952,True,True,True,True,-18123128.01282966,18123128.01282966,-13.16365147211178,13.16365147211178,-0.13163651472111781
short_stable_no_break,1,20260817,constant,short,stable,False,none,gross,regularized_tweedie,10,2015,2020,2024,True,success,,,,,2015,2024,False,True,False,524373608.7811493,137675538.21388325,662049146.9950327,117920895.02737688,137675538.21388325,117920895.02737688,0.0001,1.1,2.763735300002736,True,True,True,True,-19754643.186506376,19754643.186506376,-14.348695086135724,14.348695086135724,-0.14348695086135724
short_stable_no_break,1,20260817,constant,short,stable,False,none,gross,chain_ladder,7,2018,2020,2024,True,success,,,,,2018,2024,False,True,False,524373608.7811493,137675538.21388325,662049146.9950327,127719563.2198988,137675538.21388325,127719563.2198988,,,0.01966560000437312,True,True,True,True,-9955974.993984446,9955974.993984446,-7.231477082383021,7.231477082383021,-0.07231477082383021
short_stable_no_break,1,20260817,constant,short,stable,False,none,gross,inflation_adjusted_chain_ladder,7,2018,2020,2024,True,success,,,,,2018,2024,False,True,False,524373608.7811493,137675538.21388325,662049146.9950327,127891506.45667383,137675538.21388325,127891506.45667383,,,0.03290479999850504,True,True,True,True,-9784031.75720942,9784031.75720942,-7.10658689563982,7.10658689563982,-0.0710658689563982
short_stable_no_break,1,20260817,constant,short,stable,False,none,gross,cashflow_uplift,7,2018,2020,2024,True,success,,,,,2018,2024,False,True,False,524373608.7811493,137675538.21388325,662049146.9950327,127719563.2198988,137675538.21388325,127719563.2198988,,,0.027828399994177744,True,True,True,True,-9955974.993984446,9955974.993984446,-7.231477082383021,7.231477082383021,-0.07231477082383021
short_stable_no_break,1,20260817,constant,short,stable,False,none,gross,regularized_poisson,7,2018,2020,2024,False,failed,insufficient_historical_validation,insufficient_historical_validation,ValueError: No alpha value produced enough successful rolling validation folds.,ValueError: No alpha value produced enough successful rolling validation folds.,2018,2024,False,True,False,524373608.7811493,137675538.21388325,662049146.9950327,,137675538.21388325,,,,0.2563315000006696,True,False,False,True,,,,,
short_stable_no_break,1,20260817,constant,short,stable,False,none,gross,regularized_poisson_break_interaction,7,2018,2020,2024,False,failed,insufficient_historical_validation,insufficient_historical_validation,ValueError: No alpha value produced enough successful rolling validation folds.,ValueError: No alpha value produced enough successful rolling validation folds.,2018,2024,False,True,False,524373608.7811493,137675538.21388325,662049146.9950327,,137675538.21388325,,,,0.26905779999651713,True,False,False,True,,,,,
short_stable_no_break,1,20260817,constant,short,stable,False,none,gross,regularized_tweedie,7,2018,2020,2024,False,failed,insufficient_historical_validation,insufficient_historical_validation,ValueError: No Tweedie power-alpha pair produced enough successful rolling validation folds.,ValueError: No Tweedie power-alpha pair produced enough successful rolling validation folds.,2018,2024,False,True,False,524373608.7811493,137675538.21388325,662049146.9950327,,137675538.21388325,,,,1.0853499000004376,True,False,False,True,,,,,
short_stable_no_break,1,20260817,constant,short,stable,False,none,gross,chain_ladder,5,2020,2020,2024,False,failed,insufficient_development_history,insufficient_development_history,ValueError: No paired observations are available for development 5 to 6.,ValueError: No paired observations are available for development 5 to 6.,2020,2024,False,True,False,524373608.7811493,137675538.21388325,662049146.9950327,,137675538.21388325,,,,0.008687600005941931,True,False,False,True,,,,,
short_stable_no_break,1,20260817,constant,short,stable,False,none,gross,inflation_adjusted_chain_ladder,5,2020,2020,2024,False,failed,insufficient_development_history,insufficient_development_history,ValueError: No paired observations are available for development 5 to 6.,ValueError: No paired observations are available for development 5 to 6.,2020,2024,False,True,False,524373608.7811493,137675538.21388325,662049146.9950327,,137675538.21388325,,,,0.015442600000824314,True,False,False,True,,,,,
short_stable_no_break,1,20260817,constant,short,stable,False,none,gross,cashflow_uplift,5,2020,2020,2024,False,failed,insufficient_development_history,insufficient_development_history,ValueError: No paired observations are available for development 5 to 6.,ValueError: No paired observations are available for development 5 to 6.,2020,2024,False,True,False,524373608.7811493,137675538.21388325,662049146.9950327,,137675538.21388325,,,,0.012250699997821357,True,False,False,True,,,,,
short_stable_no_break,1,20260817,constant,short,stable,False,none,gross,regularized_poisson,5,2020,2020,2024,False,failed,insufficient_historical_validation,insufficient_historical_validation,ValueError: Insufficient calendar-year diagonals for rolling validation.,ValueError: Insufficient calendar-year diagonals for rolling validation.,2020,2024,False,True,False,524373608.7811493,137675538.21388325,662049146.9950327,,137675538.21388325,,,,0.0038777000008849427,True,False,False,True,,,,,
short_stable_no_break,1,20260817,constant,short,stable,False,none,gross,regularized_poisson_break_interaction,5,2020,2020,2024,False,failed,insufficient_historical_validation,insufficient_historical_validation,ValueError: Insufficient calendar-year diagonals for rolling validation.,ValueError: Insufficient calendar-year diagonals for rolling validation.,2020,2024,False,True,False,524373608.7811493,137675538.21388325,662049146.9950327,,137675538.21388325,,,,0.008071700001892168,True,False,False,True,,,,,
short_stable_no_break,1,20260817,constant,short,stable,False,none,gross,regularized_tweedie,5,2020,2020,2024,False,failed,insufficient_historical_validation,insufficient_historical_validation,ValueError: Insufficient calendar-year diagonals for rolling validation.,ValueError: Insufficient calendar-year diagonals for rolling validation.,2020,2024,False,True,False,524373608.7811493,137675538.21388325,662049146.9950327,,137675538.21388325,,,,0.003979400004027411,True,False,False,True,,,,,
short_stable_no_break,1,20260817,constant,short,stable,False,none,ceded,chain_ladder,15,2010,2020,2024,True,success,,,,,2010,2024,False,True,False,105368778.95236364,55892585.70819512,161261364.66055873,63338674.97754086,55892585.70819512,63338674.97754086,,,0.024828299996443093,True,True,True,True,7446089.269345738,7446089.269345738,13.322141344865305,13.322141344865305,0.13322141344865304
short_stable_no_break,1,20260817,constant,short,stable,False,none,ceded,inflation_adjusted_chain_ladder,15,2010,2020,2024,True,success,,,,,2010,2024,False,True,False,105368778.95236364,55892585.70819512,161261364.66055873,65360432.32023706,55892585.70819512,65360432.32023706,,,0.05045650000101887,True,True,True,True,9467846.612041943,9467846.612041943,16.9393605468028,16.9393605468028,0.16939360546802798
short_stable_no_break,1,20260817,constant,short,stable,False,none,ceded,cashflow_uplift,15,2010,2020,2024,True,success,,,,,2010,2024,False,True,False,105368778.95236364,55892585.70819512,161261364.66055873,63338674.97754086,55892585.70819512,63338674.97754086,,,0.037063099996885285,True,True,True,True,7446089.269345738,7446089.269345738,13.322141344865305,13.322141344865305,0.13322141344865304
short_stable_no_break,1,20260817,constant,short,stable,False,none,ceded,regularized_poisson,15,2010,2020,2024,True,success,,,,,2010,2024,False,True,False,105368778.95236364,55892585.70819512,161261364.66055873,63264224.98373668,55892585.70819512,63264224.98373668,0.001,,1.1591062000006787,True,True,True,True,7371639.275541559,7371639.275541559,13.188939431121558,13.188939431121558,0.13188939431121557
short_stable_no_break,1,20260817,constant,short,stable,False,none,ceded,regularized_poisson_break_interaction,15,2010,2020,2024,True,success,,,,,2010,2024,False,True,False,105368778.95236364,55892585.70819512,161261364.66055873,63264224.98374367,55892585.70819512,63264224.98374367,0.001,,1.1875752999985707,True,True,True,True,7371639.2755485475,7371639.2755485475,13.188939431134061,13.188939431134061,0.1318893943113406
short_stable_no_break,1,20260817,constant,short,stable,False,none,ceded,regularized_tweedie,15,2010,2020,2024,True,success,,,,,2010,2024,False,True,False,105368778.95236364,55892585.70819512,161261364.66055873,66867757.852284126,55892585.70819512,66867757.852284126,0.1,1.9,5.1645547000007355,True,True,True,True,10975172.144089006,10975172.144089006,19.63618609700463,19.63618609700463,0.1963618609700463
short_stable_no_break,1,20260817,constant,short,stable,False,none,ceded,chain_ladder,10,2015,2020,2024,True,success,,,,,2015,2024,False,True,False,105368778.95236364,55892585.70819512,161261364.66055873,61347263.22433759,55892585.70819512,61347263.22433759,,,0.023174599999038037,True,True,True,True,5454677.516142473,5454677.516142473,9.7592148350773,9.7592148350773,0.097592148350773
short_stable_no_break,1,20260817,constant,short,stable,False,none,ceded,inflation_adjusted_chain_ladder,10,2015,2020,2024,True,success,,,,,2015,2024,False,True,False,105368778.95236364,55892585.70819512,161261364.66055873,62692631.35020347,55892585.70819512,62692631.35020347,,,0.03846220000559697,True,True,True,True,6800045.642008349,6800045.642008349,12.166274928682192,12.166274928682192,0.12166274928682193
short_stable_no_break,1,20260817,constant,short,stable,False,none,ceded,cashflow_uplift,10,2015,2020,2024,True,success,,,,,2015,2024,False,True,False,105368778.95236364,55892585.70819512,161261364.66055873,61347263.22433759,55892585.70819512,61347263.22433759,,,0.030708700003742706,True,True,True,True,5454677.516142473,5454677.516142473,9.7592148350773,9.7592148350773,0.097592148350773
short_stable_no_break,1,20260817,constant,short,stable,False,none,ceded,regularized_poisson,10,2015,2020,2024,True,success,,,,,2015,2024,False,True,False,105368778.95236364,55892585.70819512,161261364.66055873,54273695.77234772,55892585.70819512,54273695.77234772,0.01,,0.5944524000005913,True,True,True,True,-1618889.9358474016,1618889.9358474016,-2.8964305646894335,2.8964305646894335,-0.028964305646894336
short_stable_no_break,1,20260817,constant,short,stable,False,none,ceded,regularized_poisson_break_interaction,10,2015,2020,2024,True,success,,,,,2015,2024,False,True,False,105368778.95236364,55892585.70819512,161261364.66055873,54273695.77232571,55892585.70819512,54273695.77232571,0.01,,0.6136880999983987,True,True,True,True,-1618889.9358694106,1618889.9358694106,-2.8964305647288113,2.8964305647288113,-0.02896430564728811
short_stable_no_break,1,20260817,constant,short,stable,False,none,ceded,regularized_tweedie,10,2015,2020,2024,True,success,,,,,2015,2024,False,True,False,105368778.95236364,55892585.70819512,161261364.66055873,50251017.59236856,55892585.70819512,50251017.59236856,0.001,1.5,2.57779180000216,True,True,True,True,-5641568.115826562,5641568.115826562,-10.093589416814867,10.093589416814867,-0.10093589416814867
short_stable_no_break,1,20260817,constant,short,stable,False,none,ceded,chain_ladder,7,2018,2020,2024,True,success,,,,,2018,2024,False,True,False,105368778.95236364,55892585.70819512,161261364.66055873,54096005.922709376,55892585.70819512,54096005.922709376,,,0.01983499999914784,True,True,True,True,-1796579.7854857445,1796579.7854857445,-3.214343660651801,3.214343660651801,-0.032143436606518014
short_stable_no_break,1,20260817,constant,short,stable,False,none,ceded,inflation_adjusted_chain_ladder,7,2018,2020,2024,True,success,,,,,2018,2024,False,True,False,105368778.95236364,55892585.70819512,161261364.66055873,54562597.73128435,55892585.70819512,54562597.73128435,,,0.03326039999956265,True,True,True,True,-1329987.97691077,1329987.97691077,-2.379542760562898,2.379542760562898,-0.02379542760562898
short_stable_no_break,1,20260817,constant,short,stable,False,none,ceded,cashflow_uplift,7,2018,2020,2024,True,success,,,,,2018,2024,False,True,False,105368778.95236364,55892585.70819512,161261364.66055873,54096005.922709376,55892585.70819512,54096005.922709376,,,0.0275679999977001,True,True,True,True,-1796579.7854857445,1796579.7854857445,-3.214343660651801,3.214343660651801,-0.032143436606518014
short_stable_no_break,1,20260817,constant,short,stable,False,none,ceded,regularized_poisson,7,2018,2020,2024,False,failed,insufficient_historical_validation,insufficient_historical_validation,ValueError: No alpha value produced enough successful rolling validation folds.,ValueError: No alpha value produced enough successful rolling validation folds.,2018,2024,False,True,False,105368778.95236364,55892585.70819512,161261364.66055873,,55892585.70819512,,,,0.23547859999962384,True,False,False,True,,,,,
short_stable_no_break,1,20260817,constant,short,stable,False,none,ceded,regularized_poisson_break_interaction,7,2018,2020,2024,False,failed,insufficient_historical_validation,insufficient_historical_validation,ValueError: No alpha value produced enough successful rolling validation folds.,ValueError: No alpha value produced enough successful rolling validation folds.,2018,2024,False,True,False,105368778.95236364,55892585.70819512,161261364.66055873,,55892585.70819512,,,,0.24110020000080112,True,False,False,True,,,,,
short_stable_no_break,1,20260817,constant,short,stable,False,none,ceded,regularized_tweedie,7,2018,2020,2024,False,failed,insufficient_historical_validation,insufficient_historical_validation,ValueError: No Tweedie power-alpha pair produced enough successful rolling validation folds.,ValueError: No Tweedie power-alpha pair produced enough successful rolling validation folds.,2018,2024,False,True,False,105368778.95236364,55892585.70819512,161261364.66055873,,55892585.70819512,,,,1.0604424999983166,True,False,False,True,,,,,
short_stable_no_break,1,20260817,constant,short,stable,False,none,ceded,chain_ladder,5,2020,2020,2024,False,failed,insufficient_development_history,insufficient_development_history,ValueError: No paired observations are available for development 5 to 6.,ValueError: No paired observations are available for development 5 to 6.,2020,2024,False,True,False,105368778.95236364,55892585.70819512,161261364.66055873,,55892585.70819512,,,,0.009975000000849832,True,False,False,True,,,,,
short_stable_no_break,1,20260817,constant,short,stable,False,none,ceded,inflation_adjusted_chain_ladder,5,2020,2020,2024,False,failed,insufficient_development_history,insufficient_development_history,ValueError: No paired observations are available for development 5 to 6.,ValueError: No paired observations are available for development 5 to 6.,2020,2024,False,True,False,105368778.95236364,55892585.70819512,161261364.66055873,,55892585.70819512,,,,0.015876800003752578,True,False,False,True,,,,,
short_stable_no_break,1,20260817,constant,short,stable,False,none,ceded,cashflow_uplift,5,2020,2020,2024,False,failed,insufficient_development_history,insufficient_development_history,ValueError: No paired observations are available for development 5 to 6.,ValueError: No paired observations are available for development 5 to 6.,2020,2024,False,True,False,105368778.95236364,55892585.70819512,161261364.66055873,,55892585.70819512,,,,0.012632500001927838,True,False,False,True,,,,,
short_stable_no_break,1,20260817,constant,short,stable,False,none,ceded,regularized_poisson,5,2020,2020,2024,False,failed,insufficient_historical_validation,insufficient_historical_validation,ValueError: Insufficient calendar-year diagonals for rolling validation.,ValueError: Insufficient calendar-year diagonals for rolling validation.,2020,2024,False,True,False,105368778.95236364,55892585.70819512,161261364.66055873,,55892585.70819512,,,,0.003838600001472514,True,False,False,True,,,,,
short_stable_no_break,1,20260817,constant,short,stable,False,none,ceded,regularized_poisson_break_interaction,5,2020,2020,2024,False,failed,insufficient_historical_validation,insufficient_historical_validation,ValueError: Insufficient calendar-year diagonals for rolling validation.,ValueError: Insufficient calendar-year diagonals for rolling validation.,2020,2024,False,True,False,105368778.95236364,55892585.70819512,161261364.66055873,,55892585.70819512,,,,0.007329299995035399,True,False,False,True,,,,,
short_stable_no_break,1,20260817,constant,short,stable,False,none,ceded,regularized_tweedie,5,2020,2020,2024,False,failed,insufficient_historical_validation,insufficient_historical_validation,ValueError: Insufficient calendar-year diagonals for rolling validation.,ValueError: Insufficient calendar-year diagonals for rolling validation.,2020,2024,False,True,False,105368778.95236364,55892585.70819512,161261364.66055873,,55892585.70819512,,,,0.005161700006283354,True,False,False,True,,,,,
short_emerging_no_break,1,20260817,constant,short,emerging,False,none,gross,chain_ladder,15,2010,2020,2024,True,success,,,,,2010,2024,False,True,False,550749250.4644393,152925951.09167618,703675201.5561154,137490757.4486438,152925951.09167618,137490757.4486438,,,0.023244100004376378,True,True,True,True,-15435193.643032372,15435193.643032372,-10.093246785680783,10.093246785680783,-0.10093246785680783
short_emerging_no_break,1,20260817,constant,short,emerging,False,none,gross,inflation_adjusted_chain_ladder,15,2010,2020,2024,True,success,,,,,2010,2024,False,True,False,550749250.4644393,152925951.09167618,703675201.5561154,140517412.16069746,152925951.09167618,140517412.16069746,,,0.045668400001886766,True,True,True,True,-12408538.930978715,12408538.930978715,-8.114083216353537,8.114083216353537,-0.08114083216353538
short_emerging_no_break,1,20260817,constant,short,emerging,False,none,gross,cashflow_uplift,15,2010,2020,2024,True,success,,,,,2010,2024,False,True,False,550749250.4644393,152925951.09167618,703675201.5561154,141528020.54329976,152925951.09167618,141528020.54329976,,,0.03462990000116406,True,True,True,True,-11397930.548376411,11397930.548376411,-7.453235024540453,7.453235024540453,-0.07453235024540453
short_emerging_no_break,1,20260817,constant,short,emerging,False,none,gross,regularized_poisson,15,2010,2020,2024,True,success,,,,,2010,2024,False,True,False,550749250.4644393,152925951.09167618,703675201.5561154,145493476.29718018,152925951.09167618,145493476.29718018,0.0001,,1.40956510000251,True,True,True,True,-7432474.794496,7432474.794496,-4.86017889144294,4.86017889144294,-0.0486017889144294
short_emerging_no_break,1,20260817,constant,short,emerging,False,none,gross,regularized_poisson_break_interaction,15,2010,2020,2024,True,success,,,,,2010,2024,False,True,False,550749250.4644393,152925951.09167618,703675201.5561154,145493476.19864994,152925951.09167618,145493476.19864994,0.0001,,1.449740700001712,True,True,True,True,-7432474.893026233,7432474.893026233,-4.860178955872968,4.860178955872968,-0.04860178955872968
short_emerging_no_break,1,20260817,constant,short,emerging,False,none,gross,regularized_tweedie,15,2010,2020,2024,True,success,,,,,2010,2024,False,True,False,550749250.4644393,152925951.09167618,703675201.5561154,143682506.79174322,152925951.09167618,143682506.79174322,0.0001,1.1,5.670607799998834,True,True,True,True,-9243444.299932957,9243444.299932957,-6.044392226399618,6.044392226399618,-0.06044392226399618
short_emerging_no_break,1,20260817,constant,short,emerging,False,none,gross,chain_ladder,10,2015,2020,2024,True,success,,,,,2015,2024,False,True,False,550749250.4644393,152925951.09167618,703675201.5561154,142200970.1880345,152925951.09167618,142200970.1880345,,,0.023453200003132224,True,True,True,True,-10724980.903641671,10724980.903641671,-7.013185680442327,7.013185680442327,-0.07013185680442327
short_emerging_no_break,1,20260817,constant,short,emerging,False,none,gross,inflation_adjusted_chain_ladder,10,2015,2020,2024,True,success,,,,,2015,2024,False,True,False,550749250.4644393,152925951.09167618,703675201.5561154,145738405.7882716,152925951.09167618,145738405.7882716,,,0.04011699999682605,True,True,True,True,-7187545.30340457,7187545.30340457,-4.700016741498487,4.700016741498487,-0.047000167414984875
short_emerging_no_break,1,20260817,constant,short,emerging,False,none,gross,cashflow_uplift,10,2015,2020,2024,True,success,,,,,2015,2024,False,True,False,550749250.4644393,152925951.09167618,703675201.5561154,146413331.07256657,152925951.09167618,146413331.07256657,,,0.0325102999995579,True,True,True,True,-6512620.019109607,6512620.019109607,-4.258675504463867,4.258675504463867,-0.04258675504463867
short_emerging_no_break,1,20260817,constant,short,emerging,False,none,gross,regularized_poisson,10,2015,2020,2024,True,success,,,,,2015,2024,False,True,False,550749250.4644393,152925951.09167618,703675201.5561154,152118418.7466569,152925951.09167618,152118418.7466569,0.001,,0.7380782999971416,True,True,True,True,-807532.3450192809,807532.3450192809,-0.5280544860140715,0.5280544860140715,-0.005280544860140715
short_emerging_no_break,1,20260817,constant,short,emerging,False,none,gross,regularized_poisson_break_interaction,10,2015,2020,2024,True,success,,,,,2015,2024,False,True,False,550749250.4644393,152925951.09167618,703675201.5561154,152118418.8118183,152925951.09167618,152118418.8118183,0.001,,0.755983399998513,True,True,True,True,-807532.2798578739,807532.2798578739,-0.5280544434042943,0.5280544434042943,-0.005280544434042943
short_emerging_no_break,1,20260817,constant,short,emerging,False,none,gross,regularized_tweedie,10,2015,2020,2024,True,success,,,,,2015,2024,False,True,False,550749250.4644393,152925951.09167618,703675201.5561154,149662699.72628492,152925951.09167618,149662699.72628492,0.001,1.1,2.9426202999966335,True,True,True,True,-3263251.3653912544,3263251.3653912544,-2.133876782911095,2.133876782911095,-0.02133876782911095
short_emerging_no_break,1,20260817,constant,short,emerging,False,none,gross,chain_ladder,7,2018,2020,2024,True,success,,,,,2018,2024,False,True,False,550749250.4644393,152925951.09167618,703675201.5561154,140534602.1185904,152925951.09167618,140534602.1185904,,,0.02025839999987511,True,True,True,True,-12391348.973085761,12391348.973085761,-8.10284250948185,8.10284250948185,-0.0810284250948185
short_emerging_no_break,1,20260817,constant,short,emerging,False,none,gross,inflation_adjusted_chain_ladder,7,2018,2020,2024,True,success,,,,,2018,2024,False,True,False,550749250.4644393,152925951.09167618,703675201.5561154,142086923.49380165,152925951.09167618,142086923.49380165,,,0.033782200000132434,True,True,True,True,-10839027.597874522,10839027.597874522,-7.087762096948956,7.087762096948956,-0.07087762096948956
short_emerging_no_break,1,20260817,constant,short,emerging,False,none,gross,cashflow_uplift,7,2018,2020,2024,True,success,,,,,2018,2024,False,True,False,550749250.4644393,152925951.09167618,703675201.5561154,144705639.6698978,152925951.09167618,144705639.6698978,,,0.028568599998834543,True,True,True,True,-8220311.421778381,8220311.421778381,-5.37535412603088,5.37535412603088,-0.0537535412603088
short_emerging_no_break,1,20260817,constant,short,emerging,False,none,gross,regularized_poisson,7,2018,2020,2024,False,failed,insufficient_historical_validation,insufficient_historical_validation,ValueError: No alpha value produced enough successful rolling validation folds.,ValueError: No alpha value produced enough successful rolling validation folds.,2018,2024,False,True,False,550749250.4644393,152925951.09167618,703675201.5561154,,152925951.09167618,,,,0.2932788000034634,True,False,False,True,,,,,
short_emerging_no_break,1,20260817,constant,short,emerging,False,none,gross,regularized_poisson_break_interaction,7,2018,2020,2024,False,failed,insufficient_historical_validation,insufficient_historical_validation,ValueError: No alpha value produced enough successful rolling validation folds.,ValueError: No alpha value produced enough successful rolling validation folds.,2018,2024,False,True,False,550749250.4644393,152925951.09167618,703675201.5561154,,152925951.09167618,,,,0.3049195999992662,True,False,False,True,,,,,
short_emerging_no_break,1,20260817,constant,short,emerging,False,none,gross,regularized_tweedie,7,2018,2020,2024,False,failed,insufficient_historical_validation,insufficient_historical_validation,ValueError: No Tweedie power-alpha pair produced enough successful rolling validation folds.,ValueError: No Tweedie power-alpha pair produced enough successful rolling validation folds.,2018,2024,False,True,False,550749250.4644393,152925951.09167618,703675201.5561154,,152925951.09167618,,,,1.2350633000023663,True,False,False,True,,,,,
short_emerging_no_break,1,20260817,constant,short,emerging,False,none,gross,chain_ladder,5,2020,2020,2024,False,failed,insufficient_development_history,insufficient_development_history,ValueError: No paired observations are available for development 5 to 6.,ValueError: No paired observations are available for development 5 to 6.,2020,2024,False,True,False,550749250.4644393,152925951.09167618,703675201.5561154,,152925951.09167618,,,,0.008542199997464195,True,False,False,True,,,,,
short_emerging_no_break,1,20260817,constant,short,emerging,False,none,gross,inflation_adjusted_chain_ladder,5,2020,2020,2024,False,failed,insufficient_development_history,insufficient_development_history,ValueError: No paired observations are available for development 5 to 6.,ValueError: No paired observations are available for development 5 to 6.,2020,2024,False,True,False,550749250.4644393,152925951.09167618,703675201.5561154,,152925951.09167618,,,,0.014522700002999045,True,False,False,True,,,,,
short_emerging_no_break,1,20260817,constant,short,emerging,False,none,gross,cashflow_uplift,5,2020,2020,2024,False,failed,insufficient_development_history,insufficient_development_history,ValueError: No paired observations are available for development 5 to 6.,ValueError: No paired observations are available for development 5 to 6.,2020,2024,False,True,False,550749250.4644393,152925951.09167618,703675201.5561154,,152925951.09167618,,,,0.011505900001793634,True,False,False,True,,,,,
short_emerging_no_break,1,20260817,constant,short,emerging,False,none,gross,regularized_poisson,5,2020,2020,2024,False,failed,insufficient_historical_validation,insufficient_historical_validation,ValueError: Insufficient calendar-year diagonals for rolling validation.,ValueError: Insufficient calendar-year diagonals for rolling validation.,2020,2024,False,True,False,550749250.4644393,152925951.09167618,703675201.5561154,,152925951.09167618,,,,0.0037904999990132637,True,False,False,True,,,,,
short_emerging_no_break,1,20260817,constant,short,emerging,False,none,gross,regularized_poisson_break_interaction,5,2020,2020,2024,False,failed,insufficient_historical_validation,insufficient_historical_validation,ValueError: Insufficient calendar-year diagonals for rolling validation.,ValueError: Insufficient calendar-year diagonals for rolling validation.,2020,2024,False,True,False,550749250.4644393,152925951.09167618,703675201.5561154,,152925951.09167618,,,,0.007332299996051006,True,False,False,True,,,,,
short_emerging_no_break,1,20260817,constant,short,emerging,False,none,gross,regularized_tweedie,5,2020,2020,2024,False,failed,insufficient_historical_validation,insufficient_historical_validation,ValueError: Insufficient calendar-year diagonals for rolling validation.,ValueError: Insufficient calendar-year diagonals for rolling validation.,2020,2024,False,True,False,550749250.4644393,152925951.09167618,703675201.5561154,,152925951.09167618,,,,0.003763799999433104,True,False,False,True,,,,,
short_emerging_no_break,1,20260817,constant,short,emerging,False,none,ceded,chain_ladder,15,2010,2020,2024,True,success,,,,,2010,2024,False,True,False,117729162.95599112,70592445.43832305,188321608.39431417,75190380.22808054,70592445.43832305,75190380.22808054,,,0.023783099997672252,True,True,True,True,4597934.78975749,4597934.78975749,6.513352471653255,6.513352471653255,0.06513352471653255
short_emerging_no_break,1,20260817,constant,short,emerging,False,none,ceded,inflation_adjusted_chain_ladder,15,2010,2020,2024,True,success,,,,,2010,2024,False,True,False,117729162.95599112,70592445.43832305,188321608.39431417,79603237.87543388,70592445.43832305,79603237.87543388,,,0.046436099997663405,True,True,True,True,9010792.437110826,9010792.437110826,12.76452796210835,12.76452796210835,0.1276452796210835
short_emerging_no_break,1,20260817,constant,short,emerging,False,none,ceded,cashflow_uplift,15,2010,2020,2024,True,success,,,,,2010,2024,False,True,False,117729162.95599112,70592445.43832305,188321608.39431417,77609443.1834812,70592445.43832305,77609443.1834812,,,0.0352128000013181,True,True,True,True,7016997.745158151,7016997.745158151,9.940153937986091,9.940153937986091,0.0994015393798609
short_emerging_no_break,1,20260817,constant,short,emerging,False,none,ceded,regularized_poisson,15,2010,2020,2024,True,success,,,,,2010,2024,False,True,False,117729162.95599112,70592445.43832305,188321608.39431417,66137701.459681176,70592445.43832305,66137701.459681176,0.01,,1.2156094000019948,True,True,True,True,-4454743.978641875,4454743.978641875,-6.310510920795351,6.310510920795351,-0.06310510920795351
short_emerging_no_break,1,20260817,constant,short,emerging,False,none,ceded,regularized_poisson_break_interaction,15,2010,2020,2024,True,success,,,,,2010,2024,False,True,False,117729162.95599112,70592445.43832305,188321608.39431417,66137701.45968099,70592445.43832305,66137701.45968099,0.01,,1.2329154000035487,True,True,True,True,-4454743.978642061,4454743.978642061,-6.310510920795615,6.310510920795615,-0.06310510920795614
short_emerging_no_break,1,20260817,constant,short,emerging,False,none,ceded,regularized_tweedie,15,2010,2020,2024,True,success,,,,,2010,2024,False,True,False,117729162.95599112,70592445.43832305,188321608.39431417,63927553.35540687,70592445.43832305,63927553.35540687,0.1,1.9,5.351011200000357,True,True,True,True,-6664892.082916178,6664892.082916178,-9.441367332626726,9.441367332626726,-0.09441367332626725
short_emerging_no_break,1,20260817,constant,short,emerging,False,none,ceded,chain_ladder,10,2015,2020,2024,True,success,,,,,2015,2024,False,True,False,117729162.95599112,70592445.43832305,188321608.39431417,73151230.80766618,70592445.43832305,73151230.80766618,,,0.02142650000314461,True,True,True,True,2558785.369343132,2558785.369343132,3.6247297475744125,3.6247297475744125,0.03624729747574412
short_emerging_no_break,1,20260817,constant,short,emerging,False,none,ceded,inflation_adjusted_chain_ladder,10,2015,2020,2024,True,success,,,,,2015,2024,False,True,False,117729162.95599112,70592445.43832305,188321608.39431417,76488644.92802605,70592445.43832305,76488644.92802605,,,0.03813799999625189,True,True,True,True,5896199.489703,5896199.489703,8.352451105911236,8.352451105911236,0.08352451105911236
short_emerging_no_break,1,20260817,constant,short,emerging,False,none,ceded,cashflow_uplift,10,2015,2020,2024,True,success,,,,,2015,2024,False,True,False,117729162.95599112,70592445.43832305,188321608.39431417,75521300.27306627,70592445.43832305,75521300.27306627,,,0.03069089999917196,True,True,True,True,4928854.834743217,4928854.834743217,6.9821279092103135,6.9821279092103135,0.06982127909210313
short_emerging_no_break,1,20260817,constant,short,emerging,False,none,ceded,regularized_poisson,10,2015,2020,2024,True,success,,,,,2015,2024,False,True,False,117729162.95599112,70592445.43832305,188321608.39431417,73351350.31959525,70592445.43832305,73351350.31959525,0.001,,0.6354369999971823,True,True,True,True,2758904.881272197,2758904.881272197,3.9082154813331473,3.9082154813331473,0.03908215481333147
short_emerging_no_break,1,20260817,constant,short,emerging,False,none,ceded,regularized_poisson_break_interaction,10,2015,2020,2024,True,success,,,,,2015,2024,False,True,False,117729162.95599112,70592445.43832305,188321608.39431417,73351350.31959589,70592445.43832305,73351350.31959589,0.001,,0.6595193000030122,True,True,True,True,2758904.8812728375,2758904.8812728375,3.9082154813340555,3.9082154813340555,0.039082154813340556
short_emerging_no_break,1,20260817,constant,short,emerging,False,none,ceded,regularized_tweedie,10,2015,2020,2024,True,success,,,,,2015,2024,False,True,False,117729162.95599112,70592445.43832305,188321608.39431417,65711438.9342484,70592445.43832305,65711438.9342484,0.0001,1.5,2.768301000003703,True,True,True,True,-4881006.504074648,4881006.504074648,-6.914346816812297,6.914346816812297,-0.06914346816812297
short_emerging_no_break,1,20260817,constant,short,emerging,False,none,ceded,chain_ladder,7,2018,2020,2024,True,success,,,,,2018,2024,False,True,False,117729162.95599112,70592445.43832305,188321608.39431417,65662066.163037226,70592445.43832305,65662066.163037226,,,0.020878100003756117,True,True,True,True,-4930379.275285825,4930379.275285825,-6.984287404512032,6.984287404512032,-0.06984287404512032
short_emerging_no_break,1,20260817,constant,short,emerging,False,none,ceded,inflation_adjusted_chain_ladder,7,2018,2020,2024,True,success,,,,,2018,2024,False,True,False,117729162.95599112,70592445.43832305,188321608.39431417,67032502.05307241,70592445.43832305,67032502.05307241,,,0.036973599999328144,True,True,True,True,-3559943.385250643,3559943.385250643,-5.0429523487197825,5.0429523487197825,-0.05042952348719782
short_emerging_no_break,1,20260817,constant,short,emerging,False,none,ceded,cashflow_uplift,7,2018,2020,2024,True,success,,,,,2018,2024,False,True,False,117729162.95599112,70592445.43832305,188321608.39431417,67703522.0828811,70592445.43832305,67703522.0828811,,,0.030721000002813525,True,True,True,True,-2888923.3554419577,2888923.3554419577,-4.092397334451352,4.092397334451352,-0.040923973344513524
short_emerging_no_break,1,20260817,constant,short,emerging,False,none,ceded,regularized_poisson,7,2018,2020,2024,False,failed,insufficient_historical_validation,insufficient_historical_validation,ValueError: No alpha value produced enough successful rolling validation folds.,ValueError: No alpha value produced enough successful rolling validation folds.,2018,2024,False,True,False,117729162.95599112,70592445.43832305,188321608.39431417,,70592445.43832305,,,,0.26631789999373723,True,False,False,True,,,,,
short_emerging_no_break,1,20260817,constant,short,emerging,False,none,ceded,regularized_poisson_break_interaction,7,2018,2020,2024,False,failed,insufficient_historical_validation,insufficient_historical_validation,ValueError: No alpha value produced enough successful rolling validation folds.,ValueError: No alpha value produced enough successful rolling validation folds.,2018,2024,False,True,False,117729162.95599112,70592445.43832305,188321608.39431417,,70592445.43832305,,,,0.27338569999847095,True,False,False,True,,,,,
short_emerging_no_break,1,20260817,constant,short,emerging,False,none,ceded,regularized_tweedie,7,2018,2020,2024,False,failed,insufficient_historical_validation,insufficient_historical_validation,ValueError: No Tweedie power-alpha pair produced enough successful rolling validation folds.,ValueError: No Tweedie power-alpha pair produced enough successful rolling validation folds.,2018,2024,False,True,False,117729162.95599112,70592445.43832305,188321608.39431417,,70592445.43832305,,,,1.168369499995606,True,False,False,True,,,,,
short_emerging_no_break,1,20260817,constant,short,emerging,False,none,ceded,chain_ladder,5,2020,2020,2024,False,failed,insufficient_development_history,insufficient_development_history,ValueError: No paired observations are available for development 5 to 6.,ValueError: No paired observations are available for development 5 to 6.,2020,2024,False,True,False,117729162.95599112,70592445.43832305,188321608.39431417,,70592445.43832305,,,,0.00855040000169538,True,False,False,True,,,,,
short_emerging_no_break,1,20260817,constant,short,emerging,False,none,ceded,inflation_adjusted_chain_ladder,5,2020,2020,2024,False,failed,insufficient_development_history,insufficient_development_history,ValueError: No paired observations are available for development 5 to 6.,ValueError: No paired observations are available for development 5 to 6.,2020,2024,False,True,False,117729162.95599112,70592445.43832305,188321608.39431417,,70592445.43832305,,,,0.014300199996796437,True,False,False,True,,,,,
short_emerging_no_break,1,20260817,constant,short,emerging,False,none,ceded,cashflow_uplift,5,2020,2020,2024,False,failed,insufficient_development_history,insufficient_development_history,ValueError: No paired observations are available for development 5 to 6.,ValueError: No paired observations are available for development 5 to 6.,2020,2024,False,True,False,117729162.95599112,70592445.43832305,188321608.39431417,,70592445.43832305,,,,0.011552299998584203,True,False,False,True,,,,,
short_emerging_no_break,1,20260817,constant,short,emerging,False,none,ceded,regularized_poisson,5,2020,2020,2024,False,failed,insufficient_historical_validation,insufficient_historical_validation,ValueError: Insufficient calendar-year diagonals for rolling validation.,ValueError: Insufficient calendar-year diagonals for rolling validation.,2020,2024,False,True,False,117729162.95599112,70592445.43832305,188321608.39431417,,70592445.43832305,,,,0.0037582000004476868,True,False,False,True,,,,,
short_emerging_no_break,1,20260817,constant,short,emerging,False,none,ceded,regularized_poisson_break_interaction,5,2020,2020,2024,False,failed,insufficient_historical_validation,insufficient_historical_validation,ValueError: Insufficient calendar-year diagonals for rolling validation.,ValueError: Insufficient calendar-year diagonals for rolling validation.,2020,2024,False,True,False,117729162.95599112,70592445.43832305,188321608.39431417,,70592445.43832305,,,,0.007227499998407438,True,False,False,True,,,,,
short_emerging_no_break,1,20260817,constant,short,emerging,False,none,ceded,regularized_tweedie,5,2020,2020,2024,False,failed,insufficient_historical_validation,insufficient_historical_validation,ValueError: Insufficient calendar-year diagonals for rolling validation.,ValueError: Insufficient calendar-year diagonals for rolling validation.,2020,2024,False,True,False,117729162.95599112,70592445.43832305,188321608.39431417,,70592445.43832305,,,,0.0037089000034029596,True,False,False,True,,,,,
short_shock_no_break,1,20260817,constant,short,shock,False,none,gross,chain_ladder,15,2010,2020,2024,True,success,,,,,2010,2024,False,True,False,575129134.3034692,171459997.05742964,746589131.3608989,151077261.0914842,171459997.05742964,151077261.0914842,,,0.02298700000392273,True,True,True,True,-20382735.965945452,20382735.965945452,-11.887750096670281,11.887750096670281,-0.11887750096670281
short_shock_no_break,1,20260817,constant,short,shock,False,none,gross,inflation_adjusted_chain_ladder,15,2010,2020,2024,True,success,,,,,2010,2024,False,True,False,575129134.3034692,171459997.05742964,746589131.3608989,157551186.12395042,171459997.05742964,157551186.12395042,,,0.04534029999922495,True,True,True,True,-13908810.93347922,13908810.93347922,-8.111985986340905,8.111985986340905,-0.08111985986340904
short_shock_no_break,1,20260817,constant,short,shock,False,none,gross,cashflow_uplift,15,2010,2020,2024,True,success,,,,,2010,2024,False,True,False,575129134.3034692,171459997.05742964,746589131.3608989,159048177.1324571,171459997.05742964,159048177.1324571,,,0.03458439999667462,True,True,True,True,-12411819.924972534,12411819.924972534,-7.238901281921321,7.238901281921321,-0.07238901281921321
short_shock_no_break,1,20260817,constant,short,shock,False,none,gross,regularized_poisson,15,2010,2020,2024,True,success,,,,,2010,2024,False,True,False,575129134.3034692,171459997.05742964,746589131.3608989,164444579.07931814,171459997.05742964,164444579.07931814,0.0001,,1.4198514000017894,True,True,True,True,-7015417.9781115055,7015417.9781115055,-4.091577101661636,4.091577101661636,-0.04091577101661636
short_shock_no_break,1,20260817,constant,short,shock,False,none,gross,regularized_poisson_break_interaction,15,2010,2020,2024,True,success,,,,,2010,2024,False,True,False,575129134.3034692,171459997.05742964,746589131.3608989,164444672.99287063,171459997.05742964,164444672.99287063,0.0001,,1.4037884999997914,True,True,True,True,-7015324.064559013,7015324.064559013,-4.091522328796766,4.091522328796766,-0.040915223287967664
short_shock_no_break,1,20260817,constant,short,shock,False,none,gross,regularized_tweedie,15,2010,2020,2024,True,success,,,,,2010,2024,False,True,False,575129134.3034692,171459997.05742964,746589131.3608989,163224428.8589744,171459997.05742964,163224428.8589744,0.0001,1.1,5.673643799993442,True,True,True,True,-8235568.198455244,8235568.198455244,-4.803200944705944,4.803200944705944,-0.04803200944705944
short_shock_no_break,1,20260817,constant,short,shock,False,none,gross,chain_ladder,10,2015,2020,2024,True,success,,,,,2015,2024,False,True,False,575129134.3034692,171459997.05742964,746589131.3608989,157161389.71627396,171459997.05742964,157161389.71627396,,,0.02126039999711793,True,True,True,True,-14298607.341155678,14298607.341155678,-8.339325549134609,8.339325549134609,-0.08339325549134609
short_shock_no_break,1,20260817,constant,short,shock,False,none,gross,inflation_adjusted_chain_ladder,10,2015,2020,2024,True,success,,,,,2015,2024,False,True,False,575129134.3034692,171459997.05742964,746589131.3608989,163414805.00329977,171459997.05742964,163414805.00329977,,,0.03816269999515498,True,True,True,True,-8045192.054129869,8045192.054129869,-4.692168547883022,4.692168547883022,-0.04692168547883022
short_shock_no_break,1,20260817,constant,short,shock,False,none,gross,cashflow_uplift,10,2015,2020,2024,True,success,,,,,2015,2024,False,True,False,575129134.3034692,171459997.05742964,746589131.3608989,165510260.72862664,171459997.05742964,165510260.72862664,,,0.03075420000095619,True,True,True,True,-5949736.328803003,5949736.328803003,-3.4700434100731785,3.4700434100731785,-0.034700434100731786
short_shock_no_break,1,20260817,constant,short,shock,False,none,gross,regularized_poisson,10,2015,2020,2024,True,success,,,,,2015,2024,False,True,False,575129134.3034692,171459997.05742964,746589131.3608989,168751972.18816534,171459997.05742964,168751972.18816534,0.001,,0.7382270000016433,True,True,True,True,-2708024.8692643046,2708024.8692643046,-1.5793916457127115,1.5793916457127115,-0.015793916457127116
short_shock_no_break,1,20260817,constant,short,shock,False,none,gross,regularized_poisson_break_interaction,10,2015,2020,2024,True,success,,,,,2015,2024,False,True,False,575129134.3034692,171459997.05742964,746589131.3608989,168751972.2097465,171459997.05742964,168751972.2097465,0.001,,0.7608471999992616,True,True,True,True,-2708024.8476831317,2708024.8476831317,-1.5793916331260014,1.5793916331260014,-0.015793916331260014
short_shock_no_break,1,20260817,constant,short,shock,False,none,gross,regularized_tweedie,10,2015,2020,2024,True,success,,,,,2015,2024,False,True,False,575129134.3034692,171459997.05742964,746589131.3608989,167810236.58088058,171459997.05742964,167810236.58088058,0.0001,1.1,2.9850743999995757,True,True,True,True,-3649760.476549059,3649760.476549059,-2.1286367311242813,2.1286367311242813,-0.021286367311242813
short_shock_no_break,1,20260817,constant,short,shock,False,none,gross,chain_ladder,7,2018,2020,2024,True,success,,,,,2018,2024,False,True,False,575129134.3034692,171459997.05742964,746589131.3608989,157122415.6194575,171459997.05742964,157122415.6194575,,,0.019993299996713176,True,True,True,True,-14337581.437972128,14337581.437972128,-8.36205627203518,8.36205627203518,-0.08362056272035179
short_shock_no_break,1,20260817,constant,short,shock,False,none,gross,inflation_adjusted_chain_ladder,7,2018,2020,2024,True,success,,,,,2018,2024,False,True,False,575129134.3034692,171459997.05742964,746589131.3608989,159320474.2806663,171459997.05742964,159320474.2806663,,,0.03337930000270717,True,True,True,True,-12139522.77676335,12139522.77676335,-7.080090391403237,7.080090391403237,-0.07080090391403238
short_shock_no_break,1,20260817,constant,short,shock,False,none,gross,cashflow_uplift,7,2018,2020,2024,True,success,,,,,2018,2024,False,True,False,575129134.3034692,171459997.05742964,746589131.3608989,165495114.399113,171459997.05742964,165495114.399113,,,0.02836169999500271,True,True,True,True,-5964882.658316642,5964882.658316642,-3.478877149588854,3.478877149588854,-0.03478877149588854
short_shock_no_break,1,20260817,constant,short,shock,False,none,gross,regularized_poisson,7,2018,2020,2024,False,failed,insufficient_historical_validation,insufficient_historical_validation,ValueError: No alpha value produced enough successful rolling validation folds.,ValueError: No alpha value produced enough successful rolling validation folds.,2018,2024,False,True,False,575129134.3034692,171459997.05742964,746589131.3608989,,171459997.05742964,,,,0.29823860000033164,True,False,False,True,,,,,
short_shock_no_break,1,20260817,constant,short,shock,False,none,gross,regularized_poisson_break_interaction,7,2018,2020,2024,False,failed,insufficient_historical_validation,insufficient_historical_validation,ValueError: No alpha value produced enough successful rolling validation folds.,ValueError: No alpha value produced enough successful rolling validation folds.,2018,2024,False,True,False,575129134.3034692,171459997.05742964,746589131.3608989,,171459997.05742964,,,,0.30558440000459086,True,False,False,True,,,,,
short_shock_no_break,1,20260817,constant,short,shock,False,none,gross,regularized_tweedie,7,2018,2020,2024,False,failed,insufficient_historical_validation,insufficient_historical_validation,ValueError: No Tweedie power-alpha pair produced enough successful rolling validation folds.,ValueError: No Tweedie power-alpha pair produced enough successful rolling validation folds.,2018,2024,False,True,False,575129134.3034692,171459997.05742964,746589131.3608989,,171459997.05742964,,,,1.225934000001871,True,False,False,True,,,,,
short_shock_no_break,1,20260817,constant,short,shock,False,none,gross,chain_ladder,5,2020,2020,2024,False,failed,insufficient_development_history,insufficient_development_history,ValueError: No paired observations are available for development 5 to 6.,ValueError: No paired observations are available for development 5 to 6.,2020,2024,False,True,False,575129134.3034692,171459997.05742964,746589131.3608989,,171459997.05742964,,,,0.008571099999244325,True,False,False,True,,,,,
short_shock_no_break,1,20260817,constant,short,shock,False,none,gross,inflation_adjusted_chain_ladder,5,2020,2020,2024,False,failed,insufficient_development_history,insufficient_development_history,ValueError: No paired observations are available for development 5 to 6.,ValueError: No paired observations are available for development 5 to 6.,2020,2024,False,True,False,575129134.3034692,171459997.05742964,746589131.3608989,,171459997.05742964,,,,0.014826799997536,True,False,False,True,,,,,
short_shock_no_break,1,20260817,constant,short,shock,False,none,gross,cashflow_uplift,5,2020,2020,2024,False,failed,insufficient_development_history,insufficient_development_history,ValueError: No paired observations are available for development 5 to 6.,ValueError: No paired observations are available for development 5 to 6.,2020,2024,False,True,False,575129134.3034692,171459997.05742964,746589131.3608989,,171459997.05742964,,,,0.011951200001931284,True,False,False,True,,,,,
short_shock_no_break,1,20260817,constant,short,shock,False,none,gross,regularized_poisson,5,2020,2020,2024,False,failed,insufficient_historical_validation,insufficient_historical_validation,ValueError: Insufficient calendar-year diagonals for rolling validation.,ValueError: Insufficient calendar-year diagonals for rolling validation.,2020,2024,False,True,False,575129134.3034692,171459997.05742964,746589131.3608989,,171459997.05742964,,,,0.003976400003011804,True,False,False,True,,,,,
short_shock_no_break,1,20260817,constant,short,shock,False,none,gross,regularized_poisson_break_interaction,5,2020,2020,2024,False,failed,insufficient_historical_validation,insufficient_historical_validation,ValueError: Insufficient calendar-year diagonals for rolling validation.,ValueError: Insufficient calendar-year diagonals for rolling validation.,2020,2024,False,True,False,575129134.3034692,171459997.05742964,746589131.3608989,,171459997.05742964,,,,0.007196500002464745,True,False,False,True,,,,,
short_shock_no_break,1,20260817,constant,short,shock,False,none,gross,regularized_tweedie,5,2020,2020,2024,False,failed,insufficient_historical_validation,insufficient_historical_validation,ValueError: Insufficient calendar-year diagonals for rolling validation.,ValueError: Insufficient calendar-year diagonals for rolling validation.,2020,2024,False,True,False,575129134.3034692,171459997.05742964,746589131.3608989,,171459997.05742964,,,,0.004070200004207436,True,False,False,True,,,,,
short_shock_no_break,1,20260817,constant,short,shock,False,none,ceded,chain_ladder,15,2010,2020,2024,True,success,,,,,2010,2024,False,True,False,128769096.96350846,92301960.7631166,221071057.72662508,90673199.83960581,92301960.7631166,90673199.83960581,,,0.023455800001102034,True,True,True,True,-1628760.9235107899,1628760.9235107899,-1.764600567577146,1.764600567577146,-0.01764600567577146
short_shock_no_break,1,20260817,constant,short,shock,False,none,ceded,inflation_adjusted_chain_ladder,15,2010,2020,2024,True,success,,,,,2010,2024,False,True,False,128769096.96350846,92301960.7631166,221071057.72662508,97502031.94194514,92301960.7631166,97502031.94194514,,,0.04566999999951804,True,True,True,True,5200071.178828537,5200071.178828537,5.633760253667829,5.633760253667829,0.056337602536678286
short_shock_no_break,1,20260817,constant,short,shock,False,none,ceded,cashflow_uplift,15,2010,2020,2024,True,success,,,,,2010,2024,False,True,False,128769096.96350846,92301960.7631166,221071057.72662508,95825523.17229891,92301960.7631166,95825523.17229891,,,0.03503729999647476,True,True,True,True,3523562.40918231,3523562.40918231,3.817429640769135,3.817429640769135,0.03817429640769135
short_shock_no_break,1,20260817,constant,short,shock,False,none,ceded,regularized_poisson,15,2010,2020,2024,True,success,,,,,2010,2024,False,True,False,128769096.96350846,92301960.7631166,221071057.72662508,91348062.84542653,92301960.7631166,91348062.84542653,0.1,,1.1916488999995636,True,True,True,True,-953897.9176900685,953897.9176900685,-1.0334535797545499,1.0334535797545499,-0.010334535797545499
short_shock_no_break,1,20260817,constant,short,shock,False,none,ceded,regularized_poisson_break_interaction,15,2010,2020,2024,True,success,,,,,2010,2024,False,True,False,128769096.96350846,92301960.7631166,221071057.72662508,91348062.8454265,92301960.7631166,91348062.8454265,0.1,,1.2542474000001675,True,True,True,True,-953897.9176900983,953897.9176900983,-1.033453579754582,1.033453579754582,-0.010334535797545822
short_shock_no_break,1,20260817,constant,short,shock,False,none,ceded,regularized_tweedie,15,2010,2020,2024,True,success,,,,,2010,2024,False,True,False,128769096.96350846,92301960.7631166,221071057.72662508,83072998.00324863,92301960.7631166,83072998.00324863,0.01,1.1,5.451557699998375,True,True,True,True,-9228962.759867966,9228962.759867966,-9.998663824220529,9.998663824220529,-0.09998663824220529
short_shock_no_break,1,20260817,constant,short,shock,False,none,ceded,chain_ladder,10,2015,2020,2024,True,success,,,,,2015,2024,False,True,False,128769096.96350846,92301960.7631166,221071057.72662508,88602666.76161297,92301960.7631166,88602666.76161297,,,0.021394200004579034,True,True,True,True,-3699294.0015036315,3699294.0015036315,-4.007817353953602,4.007817353953602,-0.04007817353953602
short_shock_no_break,1,20260817,constant,short,shock,False,none,ceded,inflation_adjusted_chain_ladder,10,2015,2020,2024,True,success,,,,,2015,2024,False,True,False,128769096.96350846,92301960.7631166,221071057.72662508,93781321.34180441,92301960.7631166,93781321.34180441,,,0.038117399999464396,True,True,True,True,1479360.5786878169,1479360.5786878169,1.6027401438247257,1.6027401438247257,0.016027401438247258
short_shock_no_break,1,20260817,constant,short,shock,False,none,ceded,cashflow_uplift,10,2015,2020,2024,True,success,,,,,2015,2024,False,True,False,128769096.96350846,92301960.7631166,221071057.72662508,93661970.72796649,92301960.7631166,93661970.72796649,,,0.03068590000475524,True,True,True,True,1360009.9648498893,1360009.9648498893,1.4734356167581464,1.4734356167581464,0.014734356167581463
short_shock_no_break,1,20260817,constant,short,shock,False,none,ceded,regularized_poisson,10,2015,2020,2024,True,success,,,,,2015,2024,False,True,False,128769096.96350846,92301960.7631166,221071057.72662508,89756838.86994596,92301960.7631166,89756838.86994596,0.0001,,0.6459666000009747,True,True,True,True,-2545121.89317064,2545121.89317064,-2.7573865951801726,2.7573865951801726,-0.027573865951801727
short_shock_no_break,1,20260817,constant,short,shock,False,none,ceded,regularized_poisson_break_interaction,10,2015,2020,2024,True,success,,,,,2015,2024,False,True,False,128769096.96350846,92301960.7631166,221071057.72662508,89756838.84150127,92301960.7631166,89756838.84150127,0.0001,,0.6954987999997684,True,True,True,True,-2545121.9216153324,2545121.9216153324,-2.75738662599717,2.75738662599717,-0.0275738662599717
short_shock_no_break,1,20260817,constant,short,shock,False,none,ceded,regularized_tweedie,10,2015,2020,2024,True,success,,,,,2015,2024,False,True,False,128769096.96350846,92301960.7631166,221071057.72662508,75907765.1794525,92301960.7631166,75907765.1794525,0.0001,1.7,2.7793868000007933,True,True,True,True,-16394195.583664104,16394195.583664104,-17.76148139012789,17.76148139012789,-0.17761481390127892
short_shock_no_break,1,20260817,constant,short,shock,False,none,ceded,chain_ladder,7,2018,2020,2024,True,success,,,,,2018,2024,False,True,False,128769096.96350846,92301960.7631166,221071057.72662508,81064010.28801072,92301960.7631166,81064010.28801072,,,0.020074299995030742,True,True,True,True,-11237950.475105882,11237950.475105882,-12.175202327442333,12.175202327442333,-0.12175202327442333
short_shock_no_break,1,20260817,constant,short,shock,False,none,ceded,inflation_adjusted_chain_ladder,7,2018,2020,2024,True,success,,,,,2018,2024,False,True,False,128769096.96350846,92301960.7631166,221071057.72662508,82827453.14111528,92301960.7631166,82827453.14111528,,,0.03510959999402985,True,True,True,True,-9474507.62200132,9474507.62200132,-10.264687276055447,10.264687276055447,-0.10264687276055447
short_shock_no_break,1,20260817,constant,short,shock,False,none,ceded,cashflow_uplift,7,2018,2020,2024,True,success,,,,,2018,2024,False,True,False,128769096.96350846,92301960.7631166,221071057.72662508,85571237.72860053,92301960.7631166,85571237.72860053,,,0.029366599999775644,True,True,True,True,-6730723.034516066,6730723.034516066,-7.292069397951111,7.292069397951111,-0.0729206939795111
short_shock_no_break,1,20260817,constant,short,shock,False,none,ceded,regularized_poisson,7,2018,2020,2024,False,failed,insufficient_historical_validation,insufficient_historical_validation,ValueError: No alpha value produced enough successful rolling validation folds.,ValueError: No alpha value produced enough successful rolling validation folds.,2018,2024,False,True,False,128769096.96350846,92301960.7631166,221071057.72662508,,92301960.7631166,,,,0.2584413000004133,True,False,False,True,,,,,
short_shock_no_break,1,20260817,constant,short,shock,False,none,ceded,regularized_poisson_break_interaction,7,2018,2020,2024,False,failed,insufficient_historical_validation,insufficient_historical_validation,ValueError: No alpha value produced enough successful rolling validation folds.,ValueError: No alpha value produced enough successful rolling validation folds.,2018,2024,False,True,False,128769096.96350846,92301960.7631166,221071057.72662508,,92301960.7631166,,,,0.26944689999800175,True,False,False,True,,,,,
short_shock_no_break,1,20260817,constant,short,shock,False,none,ceded,regularized_tweedie,7,2018,2020,2024,False,failed,insufficient_historical_validation,insufficient_historical_validation,ValueError: No Tweedie power-alpha pair produced enough successful rolling validation folds.,ValueError: No Tweedie power-alpha pair produced enough successful rolling validation folds.,2018,2024,False,True,False,128769096.96350846,92301960.7631166,221071057.72662508,,92301960.7631166,,,,1.1499946000039927,True,False,False,True,,,,,
short_shock_no_break,1,20260817,constant,short,shock,False,none,ceded,chain_ladder,5,2020,2020,2024,False,failed,insufficient_development_history,insufficient_development_history,ValueError: No paired observations are available for development 5 to 6.,ValueError: No paired observations are available for development 5 to 6.,2020,2024,False,True,False,128769096.96350846,92301960.7631166,221071057.72662508,,92301960.7631166,,,,0.0088333000021521,True,False,False,True,,,,,
short_shock_no_break,1,20260817,constant,short,shock,False,none,ceded,inflation_adjusted_chain_ladder,5,2020,2020,2024,False,failed,insufficient_development_history,insufficient_development_history,ValueError: No paired observations are available for development 5 to 6.,ValueError: No paired observations are available for development 5 to 6.,2020,2024,False,True,False,128769096.96350846,92301960.7631166,221071057.72662508,,92301960.7631166,,,,0.014379599997482728,True,False,False,True,,,,,
short_shock_no_break,1,20260817,constant,short,shock,False,none,ceded,cashflow_uplift,5,2020,2020,2024,False,failed,insufficient_development_history,insufficient_development_history,ValueError: No paired observations are available for development 5 to 6.,ValueError: No paired observations are available for development 5 to 6.,2020,2024,False,True,False,128769096.96350846,92301960.7631166,221071057.72662508,,92301960.7631166,,,,0.011381500000425149,True,False,False,True,,,,,
short_shock_no_break,1,20260817,constant,short,shock,False,none,ceded,regularized_poisson,5,2020,2020,2024,False,failed,insufficient_historical_validation,insufficient_historical_validation,ValueError: Insufficient calendar-year diagonals for rolling validation.,ValueError: Insufficient calendar-year diagonals for rolling validation.,2020,2024,False,True,False,128769096.96350846,92301960.7631166,221071057.72662508,,92301960.7631166,,,,0.0038338999947882257,True,False,False,True,,,,,
short_shock_no_break,1,20260817,constant,short,shock,False,none,ceded,regularized_poisson_break_interaction,5,2020,2020,2024,False,failed,insufficient_historical_validation,insufficient_historical_validation,ValueError: Insufficient calendar-year diagonals for rolling validation.,ValueError: Insufficient calendar-year diagonals for rolling validation.,2020,2024,False,True,False,128769096.96350846,92301960.7631166,221071057.72662508,,92301960.7631166,,,,0.007073799999488983,True,False,False,True,,,,,
short_shock_no_break,1,20260817,constant,short,shock,False,none,ceded,regularized_tweedie,5,2020,2020,2024,False,failed,insufficient_historical_validation,insufficient_historical_validation,ValueError: Insufficient calendar-year diagonals for rolling validation.,ValueError: Insufficient calendar-year diagonals for rolling validation.,2020,2024,False,True,False,128769096.96350846,92301960.7631166,221071057.72662508,,92301960.7631166,,,,0.003744300003745593,True,False,False,True,,,,,
long_stable_no_break,1,20260817,constant,long,stable,False,none,gross,chain_ladder,15,2010,2020,2024,True,success,,,,,2010,2024,False,True,False,174510719.81399027,598074273.3344283,772584993.1484187,563226702.15152,598074273.3344283,563226702.15152,,,0.031064499999047257,True,True,True,True,-34847571.1829083,34847571.1829083,-5.826629356354608,5.826629356354608,-0.058266293563546075
long_stable_no_break,1,20260817,constant,long,stable,False,none,gross,inflation_adjusted_chain_ladder,15,2010,2020,2024,True,success,,,,,2010,2024,False,True,False,174510719.81399027,598074273.3344283,772584993.1484187,561943382.2965574,598074273.3344283,561943382.2965574,,,0.06405269999959273,True,True,True,True,-36130891.037870884,36130891.037870884,-6.041204687911293,6.041204687911293,-0.06041204687911293
long_stable_no_break,1,20260817,constant,long,stable,False,none,gross,cashflow_uplift,15,2010,2020,2024,True,success,,,,,2010,2024,False,True,False,174510719.81399027,598074273.3344283,772584993.1484187,563226702.15152,598074273.3344283,563226702.15152,,,0.05363920000672806,True,True,True,True,-34847571.1829083,34847571.1829083,-5.826629356354608,5.826629356354608,-0.058266293563546075
long_stable_no_break,1,20260817,constant,long,stable,False,none,gross,regularized_poisson,15,2010,2020,2024,True,success,,,,,2010,2024,False,True,False,174510719.81399027,598074273.3344283,772584993.1484187,556701646.4262214,598074273.3344283,556701646.4262214,0.001,,1.4995226999963052,True,True,True,True,-41372626.90820694,41372626.90820694,-6.917640291989686,6.917640291989686,-0.06917640291989686
long_stable_no_break,1,20260817,constant,long,stable,False,none,gross,regularized_poisson_break_interaction,15,2010,2020,2024,True,success,,,,,2010,2024,False,True,False,174510719.81399027,598074273.3344283,772584993.1484187,556701532.7347794,598074273.3344283,556701532.7347794,0.001,,1.4451332000026014,True,True,True,True,-41372740.59964895,41372740.59964895,-6.9176593015754655,6.9176593015754655,-0.06917659301575466
long_stable_no_break,1,20260817,constant,long,stable,False,none,gross,regularized_tweedie,15,2010,2020,2024,True,success,,,,,2010,2024,False,True,False,174510719.81399027,598074273.3344283,772584993.1484187,563753561.2436712,598074273.3344283,563753561.2436712,0.0001,1.9,6.4013718999995035,True,True,True,True,-34320712.09075713,34320712.09075713,-5.738536770593681,5.738536770593681,-0.057385367705936816
long_stable_no_break,1,20260817,constant,long,stable,False,none,gross,chain_ladder,10,2015,2020,2024,False,failed,insufficient_development_history,insufficient_development_history,ValueError: No paired observations are available for development 10 to 11.,ValueError: No paired observations are available for development 10 to 11.,2015,2024,False,True,False,174510719.81399027,598074273.3344283,772584993.1484187,,598074273.3344283,,,,0.011662400000204798,True,False,False,True,,,,,
long_stable_no_break,1,20260817,constant,long,stable,False,none,gross,inflation_adjusted_chain_ladder,10,2015,2020,2024,False,failed,insufficient_development_history,insufficient_development_history,ValueError: No paired observations are available for development 10 to 11.,ValueError: No paired observations are available for development 10 to 11.,2015,2024,False,True,False,174510719.81399027,598074273.3344283,772584993.1484187,,598074273.3344283,,,,0.02349119999416871,True,False,False,True,,,,,
long_stable_no_break,1,20260817,constant,long,stable,False,none,gross,cashflow_uplift,10,2015,2020,2024,False,failed,insufficient_development_history,insufficient_development_history,ValueError: No paired observations are available for development 10 to 11.,ValueError: No paired observations are available for development 10 to 11.,2015,2024,False,True,False,174510719.81399027,598074273.3344283,772584993.1484187,,598074273.3344283,,,,0.015155000000959262,True,False,False,True,,,,,
long_stable_no_break,1,20260817,constant,long,stable,False,none,gross,regularized_poisson,10,2015,2020,2024,True,success,,,,,2015,2024,False,True,False,174510719.81399027,598074273.3344283,772584993.1484187,793884190.4508848,598074273.3344283,793884190.4508848,0.1,,0.5907153000007384,True,True,True,True,195809917.1164565,195809917.1164565,32.740066885800395,32.740066885800395,0.32740066885800395
long_stable_no_break,1,20260817,constant,long,stable,False,none,gross,regularized_poisson_break_interaction,10,2015,2020,2024,True,success,,,,,2015,2024,False,True,False,174510719.81399027,598074273.3344283,772584993.1484187,793884190.0971467,598074273.3344283,793884190.0971467,0.1,,0.6290408999993815,True,True,True,True,195809916.76271844,195809916.76271844,32.74006682665422,32.74006682665422,0.3274006682665422
long_stable_no_break,1,20260817,constant,long,stable,False,none,gross,regularized_tweedie,10,2015,2020,2024,True,success,,,,,2015,2024,False,True,False,174510719.81399027,598074273.3344283,772584993.1484187,822712287.6117873,598074273.3344283,822712287.6117873,0.01,1.9,2.6127130999957444,True,True,True,True,224638014.277359,224638014.277359,37.560220242368956,37.560220242368956,0.3756022024236896
long_stable_no_break,1,20260817,constant,long,stable,False,none,gross,chain_ladder,7,2018,2020,2024,False,failed,insufficient_development_history,insufficient_development_history,ValueError: No paired observations are available for development 7 to 8.,ValueError: No paired observations are available for development 7 to 8.,2018,2024,False,True,False,174510719.81399027,598074273.3344283,772584993.1484187,,598074273.3344283,,,,0.0099393999989843,True,False,False,True,,,,,
long_stable_no_break,1,20260817,constant,long,stable,False,none,gross,inflation_adjusted_chain_ladder,7,2018,2020,2024,False,failed,insufficient_development_history,insufficient_development_history,ValueError: No paired observations are available for development 7 to 8.,ValueError: No paired observations are available for development 7 to 8.,2018,2024,False,True,False,174510719.81399027,598074273.3344283,772584993.1484187,,598074273.3344283,,,,0.018402099995000754,True,False,False,True,,,,,
long_stable_no_break,1,20260817,constant,long,stable,False,none,gross,cashflow_uplift,7,2018,2020,2024,False,failed,insufficient_development_history,insufficient_development_history,ValueError: No paired observations are available for development 7 to 8.,ValueError: No paired observations are available for development 7 to 8.,2018,2024,False,True,False,174510719.81399027,598074273.3344283,772584993.1484187,,598074273.3344283,,,,0.013072000001557171,True,False,False,True,,,,,
long_stable_no_break,1,20260817,constant,long,stable,False,none,gross,regularized_poisson,7,2018,2020,2024,False,failed,insufficient_historical_validation,insufficient_historical_validation,ValueError: No alpha value produced enough successful rolling validation folds.,ValueError: No alpha value produced enough successful rolling validation folds.,2018,2024,False,True,False,174510719.81399027,598074273.3344283,772584993.1484187,,598074273.3344283,,,,0.21406710000155726,True,False,False,True,,,,,
long_stable_no_break,1,20260817,constant,long,stable,False,none,gross,regularized_poisson_break_interaction,7,2018,2020,2024,False,failed,insufficient_historical_validation,insufficient_historical_validation,ValueError: No alpha value produced enough successful rolling validation folds.,ValueError: No alpha value produced enough successful rolling validation folds.,2018,2024,False,True,False,174510719.81399027,598074273.3344283,772584993.1484187,,598074273.3344283,,,,0.2411569999967469,True,False,False,True,,,,,
long_stable_no_break,1,20260817,constant,long,stable,False,none,gross,regularized_tweedie,7,2018,2020,2024,False,failed,insufficient_historical_validation,insufficient_historical_validation,ValueError: No Tweedie power-alpha pair produced enough successful rolling validation folds.,ValueError: No Tweedie power-alpha pair produced enough successful rolling validation folds.,2018,2024,False,True,False,174510719.81399027,598074273.3344283,772584993.1484187,,598074273.3344283,,,,0.9749825999970199,True,False,False,True,,,,,
long_stable_no_break,1,20260817,constant,long,stable,False,none,gross,chain_ladder,5,2020,2020,2024,False,failed,insufficient_development_history,insufficient_development_history,ValueError: No paired observations are available for development 5 to 6.,ValueError: No paired observations are available for development 5 to 6.,2020,2024,False,True,False,174510719.81399027,598074273.3344283,772584993.1484187,,598074273.3344283,,,,0.008470200002193451,True,False,False,True,,,,,
long_stable_no_break,1,20260817,constant,long,stable,False,none,gross,inflation_adjusted_chain_ladder,5,2020,2020,2024,False,failed,insufficient_development_history,insufficient_development_history,ValueError: No paired observations are available for development 5 to 6.,ValueError: No paired observations are available for development 5 to 6.,2020,2024,False,True,False,174510719.81399027,598074273.3344283,772584993.1484187,,598074273.3344283,,,,0.015389799998956732,True,False,False,True,,,,,
long_stable_no_break,1,20260817,constant,long,stable,False,none,gross,cashflow_uplift,5,2020,2020,2024,False,failed,insufficient_development_history,insufficient_development_history,ValueError: No paired observations are available for development 5 to 6.,ValueError: No paired observations are available for development 5 to 6.,2020,2024,False,True,False,174510719.81399027,598074273.3344283,772584993.1484187,,598074273.3344283,,,,0.01149009999789996,True,False,False,True,,,,,
long_stable_no_break,1,20260817,constant,long,stable,False,none,gross,regularized_poisson,5,2020,2020,2024,False,failed,insufficient_historical_validation,insufficient_historical_validation,ValueError: Insufficient calendar-year diagonals for rolling validation.,ValueError: Insufficient calendar-year diagonals for rolling validation.,2020,2024,False,True,False,174510719.81399027,598074273.3344283,772584993.1484187,,598074273.3344283,,,,0.004843200003961101,True,False,False,True,,,,,
long_stable_no_break,1,20260817,constant,long,stable,False,none,gross,regularized_poisson_break_interaction,5,2020,2020,2024,False,failed,insufficient_historical_validation,insufficient_historical_validation,ValueError: Insufficient calendar-year diagonals for rolling validation.,ValueError: Insufficient calendar-year diagonals for rolling validation.,2020,2024,False,True,False,174510719.81399027,598074273.3344283,772584993.1484187,,598074273.3344283,,,,0.013422800002445001,True,False,False,True,,,,,
long_stable_no_break,1,20260817,constant,long,stable,False,none,gross,regularized_tweedie,5,2020,2020,2024,False,failed,insufficient_historical_validation,insufficient_historical_validation,ValueError: Insufficient calendar-year diagonals for rolling validation.,ValueError: Insufficient calendar-year diagonals for rolling validation.,2020,2024,False,True,False,174510719.81399027,598074273.3344283,772584993.1484187,,598074273.3344283,,,,0.005166700000700075,True,False,False,True,,,,,
long_stable_no_break,1,20260817,constant,long,stable,False,none,ceded,chain_ladder,15,2010,2020,2024,False,failed,known_sparse_ceded_chain_ladder_limitation,known_sparse_ceded_chain_ladder_limitation,ValueError: The Chain Ladder denominator is zero for development 1 to 2.,ValueError: The Chain Ladder denominator is zero for development 1 to 2.,2010,2024,False,True,False,11075718.390913064,226252380.64844698,237328099.03936005,,226252380.64844698,,,,0.00844659999711439,True,False,False,True,,,,,
long_stable_no_break,1,20260817,constant,long,stable,False,none,ceded,inflation_adjusted_chain_ladder,15,2010,2020,2024,False,failed,known_sparse_ceded_chain_ladder_limitation,known_sparse_ceded_chain_ladder_limitation,ValueError: The Chain Ladder denominator is zero for development 1 to 2.,ValueError: The Chain Ladder denominator is zero for development 1 to 2.,2010,2024,False,True,False,11075718.390913064,226252380.64844698,237328099.03936005,,226252380.64844698,,,,0.026988099998561665,True,False,False,True,,,,,
long_stable_no_break,1,20260817,constant,long,stable,False,none,ceded,cashflow_uplift,15,2010,2020,2024,False,failed,known_sparse_ceded_chain_ladder_limitation,known_sparse_ceded_chain_ladder_limitation,ValueError: The Chain Ladder denominator is zero for development 1 to 2.,ValueError: The Chain Ladder denominator is zero for development 1 to 2.,2010,2024,False,True,False,11075718.390913064,226252380.64844698,237328099.03936005,,226252380.64844698,,,,0.01331900000513997,True,False,False,True,,,,,
long_stable_no_break,1,20260817,constant,long,stable,False,none,ceded,regularized_poisson,15,2010,2020,2024,True,success,,,,,2010,2024,False,True,False,11075718.390913064,226252380.64844698,237328099.03936005,313751531.4390042,226252380.64844698,313751531.4390042,0.1,,1.2478361000030418,True,True,True,True,87499150.7905572,87499150.7905572,38.673250880181534,38.673250880181534,0.38673250880181537
long_stable_no_break,1,20260817,constant,long,stable,False,none,ceded,regularized_poisson_break_interaction,15,2010,2020,2024,True,success,,,,,2010,2024,False,True,False,11075718.390913064,226252380.64844698,237328099.03936005,313751531.4387238,226252380.64844698,313751531.4387238,0.1,,1.242829900002107,True,True,True,True,87499150.79027683,87499150.79027683,38.673250880057616,38.673250880057616,0.38673250880057614
long_stable_no_break,1,20260817,constant,long,stable,False,none,ceded,regularized_tweedie,15,2010,2020,2024,True,success,,,,,2010,2024,False,True,False,11075718.390913064,226252380.64844698,237328099.03936005,318869113.31039536,226252380.64844698,318869113.31039536,0.1,1.1,6.074833799997577,True,True,True,True,92616732.66194838,92616732.66194838,40.9351417193957,40.9351417193957,0.409351417193957
long_stable_no_break,1,20260817,constant,long,stable,False,none,ceded,chain_ladder,10,2015,2020,2024,False,failed,known_sparse_ceded_chain_ladder_limitation,known_sparse_ceded_chain_ladder_limitation,ValueError: The Chain Ladder denominator is zero for development 1 to 2.,ValueError: The Chain Ladder denominator is zero for development 1 to 2.,2015,2024,False,True,False,11075718.390913064,226252380.64844698,237328099.03936005,,226252380.64844698,,,,0.007900299999164417,True,False,False,True,,,,,
long_stable_no_break,1,20260817,constant,long,stable,False,none,ceded,inflation_adjusted_chain_ladder,10,2015,2020,2024,False,failed,known_sparse_ceded_chain_ladder_limitation,known_sparse_ceded_chain_ladder_limitation,ValueError: The Chain Ladder denominator is zero for development 1 to 2.,ValueError: The Chain Ladder denominator is zero for development 1 to 2.,2015,2024,False,True,False,11075718.390913064,226252380.64844698,237328099.03936005,,226252380.64844698,,,,0.019777100002102088,True,False,False,True,,,,,
long_stable_no_break,1,20260817,constant,long,stable,False,none,ceded,cashflow_uplift,10,2015,2020,2024,False,failed,known_sparse_ceded_chain_ladder_limitation,known_sparse_ceded_chain_ladder_limitation,ValueError: The Chain Ladder denominator is zero for development 1 to 2.,ValueError: The Chain Ladder denominator is zero for development 1 to 2.,2015,2024,False,True,False,11075718.390913064,226252380.64844698,237328099.03936005,,226252380.64844698,,,,0.011325899999064859,True,False,False,True,,,,,
long_stable_no_break,1,20260817,constant,long,stable,False,none,ceded,regularized_poisson,10,2015,2020,2024,True,success,,,,,2015,2024,False,True,False,11075718.390913064,226252380.64844698,237328099.03936005,372958063.77891755,226252380.64844698,372958063.77891755,0.1,,0.566109499995946,True,True,True,True,146705683.13047057,146705683.13047057,64.84160860982196,64.84160860982196,0.6484160860982197
long_stable_no_break,1,20260817,constant,long,stable,False,none,ceded,regularized_poisson_break_interaction,10,2015,2020,2024,True,success,,,,,2015,2024,False,True,False,11075718.390913064,226252380.64844698,237328099.03936005,372958063.7788862,226252380.64844698,372958063.7788862,0.1,,0.6066697999995085,True,True,True,True,146705683.13043922,146705683.13043922,64.8416086098081,64.8416086098081,0.6484160860980811
long_stable_no_break,1,20260817,constant,long,stable,False,none,ceded,regularized_tweedie,10,2015,2020,2024,True,success,,,,,2015,2024,False,True,False,11075718.390913064,226252380.64844698,237328099.03936005,195837049.66898862,226252380.64844698,195837049.66898862,1.0,1.1,2.556498099998862,True,True,True,True,-30415330.979458362,30415330.979458362,-13.443098760900105,13.443098760900105,-0.13443098760900105
long_stable_no_break,1,20260817,constant,long,stable,False,none,ceded,chain_ladder,7,2018,2020,2024,False,failed,known_sparse_ceded_chain_ladder_limitation,known_sparse_ceded_chain_ladder_limitation,ValueError: The Chain Ladder denominator is zero for development 1 to 2.,ValueError: The Chain Ladder denominator is zero for development 1 to 2.,2018,2024,False,True,False,11075718.390913064,226252380.64844698,237328099.03936005,,226252380.64844698,,,,0.007379199996648822,True,False,False,True,,,,,
long_stable_no_break,1,20260817,constant,long,stable,False,none,ceded,inflation_adjusted_chain_ladder,7,2018,2020,2024,False,failed,known_sparse_ceded_chain_ladder_limitation,known_sparse_ceded_chain_ladder_limitation,ValueError: The Chain Ladder denominator is zero for development 1 to 2.,ValueError: The Chain Ladder denominator is zero for development 1 to 2.,2018,2024,False,True,False,11075718.390913064,226252380.64844698,237328099.03936005,,226252380.64844698,,,,0.016346100004739128,True,False,False,True,,,,,
long_stable_no_break,1,20260817,constant,long,stable,False,none,ceded,cashflow_uplift,7,2018,2020,2024,False,failed,known_sparse_ceded_chain_ladder_limitation,known_sparse_ceded_chain_ladder_limitation,ValueError: The Chain Ladder denominator is zero for development 1 to 2.,ValueError: The Chain Ladder denominator is zero for development 1 to 2.,2018,2024,False,True,False,11075718.390913064,226252380.64844698,237328099.03936005,,226252380.64844698,,,,0.010598399996524677,True,False,False,True,,,,,
long_stable_no_break,1,20260817,constant,long,stable,False,none,ceded,regularized_poisson,7,2018,2020,2024,False,failed,insufficient_historical_validation,insufficient_historical_validation,ValueError: No alpha value produced enough successful rolling validation folds.,ValueError: No alpha value produced enough successful rolling validation folds.,2018,2024,False,True,False,11075718.390913064,226252380.64844698,237328099.03936005,,226252380.64844698,,,,0.21860829999786802,True,False,False,True,,,,,
long_stable_no_break,1,20260817,constant,long,stable,False,none,ceded,regularized_poisson_break_interaction,7,2018,2020,2024,False,failed,insufficient_historical_validation,insufficient_historical_validation,ValueError: No alpha value produced enough successful rolling validation folds.,ValueError: No alpha value produced enough successful rolling validation folds.,2018,2024,False,True,False,11075718.390913064,226252380.64844698,237328099.03936005,,226252380.64844698,,,,0.2460131000043475,True,False,False,True,,,,,
long_stable_no_break,1,20260817,constant,long,stable,False,none,ceded,regularized_tweedie,7,2018,2020,2024,False,failed,insufficient_historical_validation,insufficient_historical_validation,ValueError: No Tweedie power-alpha pair produced enough successful rolling validation folds.,ValueError: No Tweedie power-alpha pair produced enough successful rolling validation folds.,2018,2024,False,True,False,11075718.390913064,226252380.64844698,237328099.03936005,,226252380.64844698,,,,1.0052192999937688,True,False,False,True,,,,,
long_stable_no_break,1,20260817,constant,long,stable,False,none,ceded,chain_ladder,5,2020,2020,2024,False,failed,known_sparse_ceded_chain_ladder_limitation,known_sparse_ceded_chain_ladder_limitation,ValueError: The Chain Ladder denominator is zero for development 1 to 2.,ValueError: The Chain Ladder denominator is zero for development 1 to 2.,2020,2024,False,True,False,11075718.390913064,226252380.64844698,237328099.03936005,,226252380.64844698,,,,0.007170800003223121,True,False,False,True,,,,,
long_stable_no_break,1,20260817,constant,long,stable,False,none,ceded,inflation_adjusted_chain_ladder,5,2020,2020,2024,False,failed,known_sparse_ceded_chain_ladder_limitation,known_sparse_ceded_chain_ladder_limitation,ValueError: The Chain Ladder denominator is zero for development 1 to 2.,ValueError: The Chain Ladder denominator is zero for development 1 to 2.,2020,2024,False,True,False,11075718.390913064,226252380.64844698,237328099.03936005,,226252380.64844698,,,,0.014418400001886766,True,False,False,True,,,,,
long_stable_no_break,1,20260817,constant,long,stable,False,none,ceded,cashflow_uplift,5,2020,2020,2024,False,failed,known_sparse_ceded_chain_ladder_limitation,known_sparse_ceded_chain_ladder_limitation,ValueError: The Chain Ladder denominator is zero for development 1 to 2.,ValueError: The Chain Ladder denominator is zero for development 1 to 2.,2020,2024,False,True,False,11075718.390913064,226252380.64844698,237328099.03936005,,226252380.64844698,,,,0.010099899998749606,True,False,False,True,,,,,
long_stable_no_break,1,20260817,constant,long,stable,False,none,ceded,regularized_poisson,5,2020,2020,2024,False,failed,insufficient_historical_validation,insufficient_historical_validation,ValueError: Insufficient calendar-year diagonals for rolling validation.,ValueError: Insufficient calendar-year diagonals for rolling validation.,2020,2024,False,True,False,11075718.390913064,226252380.64844698,237328099.03936005,,226252380.64844698,,,,0.0050466999964555725,True,False,False,True,,,,,
long_stable_no_break,1,20260817,constant,long,stable,False,none,ceded,regularized_poisson_break_interaction,5,2020,2020,2024,False,failed,insufficient_historical_validation,insufficient_historical_validation,ValueError: Insufficient calendar-year diagonals for rolling validation.,ValueError: Insufficient calendar-year diagonals for rolling validation.,2020,2024,False,True,False,11075718.390913064,226252380.64844698,237328099.03936005,,226252380.64844698,,,,0.014527999999700114,True,False,False,True,,,,,
long_stable_no_break,1,20260817,constant,long,stable,False,none,ceded,regularized_tweedie,5,2020,2020,2024,False,failed,insufficient_historical_validation,insufficient_historical_validation,ValueError: Insufficient calendar-year diagonals for rolling validation.,ValueError: Insufficient calendar-year diagonals for rolling validation.,2020,2024,False,True,False,11075718.390913064,226252380.64844698,237328099.03936005,,226252380.64844698,,,,0.005589300002611708,True,False,False,True,,,,,
long_emerging_no_break,1,20260817,constant,long,emerging,False,none,gross,chain_ladder,15,2010,2020,2024,True,success,,,,,2010,2024,False,True,False,185102519.22131526,704079780.8836788,889182300.104994,622351393.141974,704079780.8836788,622351393.141974,,,0.031195300005492754,True,True,True,True,-81728387.74170482,81728387.74170482,-11.607830527263385,11.607830527263385,-0.11607830527263385
long_emerging_no_break,1,20260817,constant,long,emerging,False,none,gross,inflation_adjusted_chain_ladder,15,2010,2020,2024,True,success,,,,,2010,2024,False,True,False,185102519.22131526,704079780.8836788,889182300.104994,659428496.7581457,704079780.8836788,659428496.7581457,,,0.06595650000235764,True,True,True,True,-44651284.125533104,44651284.125533104,-6.341793265174014,6.341793265174014,-0.06341793265174014
long_emerging_no_break,1,20260817,constant,long,emerging,False,none,gross,cashflow_uplift,15,2010,2020,2024,True,success,,,,,2010,2024,False,True,False,185102519.22131526,704079780.8836788,889182300.104994,677425401.1690118,704079780.8836788,677425401.1690118,,,0.053938999997626524,True,True,True,True,-26654379.714666963,26654379.714666963,-3.785704466788337,3.785704466788337,-0.037857044667883366
long_emerging_no_break,1,20260817,constant,long,emerging,False,none,gross,regularized_poisson,15,2010,2020,2024,True,success,,,,,2010,2024,False,True,False,185102519.22131526,704079780.8836788,889182300.104994,593248007.0917153,704079780.8836788,593248007.0917153,0.001,,1.75197830000252,True,True,True,True,-110831773.79196346,110831773.79196346,-15.741365794208766,15.741365794208766,-0.15741365794208767
long_emerging_no_break,1,20260817,constant,long,emerging,False,none,gross,regularized_poisson_break_interaction,15,2010,2020,2024,True,success,,,,,2010,2024,False,True,False,185102519.22131526,704079780.8836788,889182300.104994,593248146.5136793,704079780.8836788,593248146.5136793,0.001,,1.6192365000024438,True,True,True,True,-110831634.36999953,110831634.36999953,-15.741345992196592,15.741345992196592,-0.15741345992196593
long_emerging_no_break,1,20260817,constant,long,emerging,False,none,gross,regularized_tweedie,15,2010,2020,2024,True,success,,,,,2010,2024,False,True,False,185102519.22131526,704079780.8836788,889182300.104994,639158135.6091665,704079780.8836788,639158135.6091665,0.0001,1.7,6.720671100003528,True,True,True,True,-64921645.27451229,64921645.27451229,-9.220779666905107,9.220779666905107,-0.09220779666905107
long_emerging_no_break,1,20260817,constant,long,emerging,False,none,gross,chain_ladder,10,2015,2020,2024,False,failed,insufficient_development_history,insufficient_development_history,ValueError: No paired observations are available for development 10 to 11.,ValueError: No paired observations are available for development 10 to 11.,2015,2024,False,True,False,185102519.22131526,704079780.8836788,889182300.104994,,704079780.8836788,,,,0.012182800004666205,True,False,False,True,,,,,
long_emerging_no_break,1,20260817,constant,long,emerging,False,none,gross,inflation_adjusted_chain_ladder,10,2015,2020,2024,False,failed,insufficient_development_history,insufficient_development_history,ValueError: No paired observations are available for development 10 to 11.,ValueError: No paired observations are available for development 10 to 11.,2015,2024,False,True,False,185102519.22131526,704079780.8836788,889182300.104994,,704079780.8836788,,,,0.02395579999574693,True,False,False,True,,,,,
long_emerging_no_break,1,20260817,constant,long,emerging,False,none,gross,cashflow_uplift,10,2015,2020,2024,False,failed,insufficient_development_history,insufficient_development_history,ValueError: No paired observations are available for development 10 to 11.,ValueError: No paired observations are available for development 10 to 11.,2015,2024,False,True,False,185102519.22131526,704079780.8836788,889182300.104994,,704079780.8836788,,,,0.015235299993946683,True,False,False,True,,,,,
long_emerging_no_break,1,20260817,constant,long,emerging,False,none,gross,regularized_poisson,10,2015,2020,2024,True,success,,,,,2015,2024,False,True,False,185102519.22131526,704079780.8836788,889182300.104994,822518729.4802006,704079780.8836788,822518729.4802006,0.01,,0.6387013999992632,True,True,True,True,118438948.59652185,118438948.59652185,16.8218079558926,16.8218079558926,0.16821807955892598
long_emerging_no_break,1,20260817,constant,long,emerging,False,none,gross,regularized_poisson_break_interaction,10,2015,2020,2024,True,success,,,,,2015,2024,False,True,False,185102519.22131526,704079780.8836788,889182300.104994,822518725.7606325,704079780.8836788,822518725.7606325,0.01,,0.6891972000012174,True,True,True,True,118438944.87695372,118438944.87695372,16.82180742760472,16.82180742760472,0.1682180742760472
long_emerging_no_break,1,20260817,constant,long,emerging,False,none,gross,regularized_tweedie,10,2015,2020,2024,True,success,,,,,2015,2024,False,True,False,185102519.22131526,704079780.8836788,889182300.104994,747107552.9304417,704079780.8836788,747107552.9304417,0.0001,1.7,2.7471666000055848,True,True,True,True,43027772.04676294,43027772.04676294,6.1112068852139885,6.1112068852139885,0.061112068852139885
long_emerging_no_break,1,20260817,constant,long,emerging,False,none,gross,chain_ladder,7,2018,2020,2024,False,failed,insufficient_development_history,insufficient_development_history,ValueError: No paired observations are available for development 7 to 8.,ValueError: No paired observations are available for development 7 to 8.,2018,2024,False,True,False,185102519.22131526,704079780.8836788,889182300.104994,,704079780.8836788,,,,0.010555299995758105,True,False,False,True,,,,,
long_emerging_no_break,1,20260817,constant,long,emerging,False,none,gross,inflation_adjusted_chain_ladder,7,2018,2020,2024,False,failed,insufficient_development_history,insufficient_development_history,ValueError: No paired observations are available for development 7 to 8.,ValueError: No paired observations are available for development 7 to 8.,2018,2024,False,True,False,185102519.22131526,704079780.8836788,889182300.104994,,704079780.8836788,,,,0.020082800001546275,True,False,False,True,,,,,
long_emerging_no_break,1,20260817,constant,long,emerging,False,none,gross,cashflow_uplift,7,2018,2020,2024,False,failed,insufficient_development_history,insufficient_development_history,ValueError: No paired observations are available for development 7 to 8.,ValueError: No paired observations are available for development 7 to 8.,2018,2024,False,True,False,185102519.22131526,704079780.8836788,889182300.104994,,704079780.8836788,,,,0.014739999998710118,True,False,False,True,,,,,
long_emerging_no_break,1,20260817,constant,long,emerging,False,none,gross,regularized_poisson,7,2018,2020,2024,False,failed,insufficient_historical_validation,insufficient_historical_validation,ValueError: No alpha value produced enough successful rolling validation folds.,ValueError: No alpha value produced enough successful rolling validation folds.,2018,2024,False,True,False,185102519.22131526,704079780.8836788,889182300.104994,,704079780.8836788,,,,0.24001819999830332,True,False,False,True,,,,,
long_emerging_no_break,1,20260817,constant,long,emerging,False,none,gross,regularized_poisson_break_interaction,7,2018,2020,2024,False,failed,insufficient_historical_validation,insufficient_historical_validation,ValueError: No alpha value produced enough successful rolling validation folds.,ValueError: No alpha value produced enough successful rolling validation folds.,2018,2024,False,True,False,185102519.22131526,704079780.8836788,889182300.104994,,704079780.8836788,,,,0.2650481000018772,True,False,False,True,,,,,
long_emerging_no_break,1,20260817,constant,long,emerging,False,none,gross,regularized_tweedie,7,2018,2020,2024,False,failed,insufficient_historical_validation,insufficient_historical_validation,ValueError: No Tweedie power-alpha pair produced enough successful rolling validation folds.,ValueError: No Tweedie power-alpha pair produced enough successful rolling validation folds.,2018,2024,False,True,False,185102519.22131526,704079780.8836788,889182300.104994,,704079780.8836788,,,,1.0776308000058634,True,False,False,True,,,,,
long_emerging_no_break,1,20260817,constant,long,emerging,False,none,gross,chain_ladder,5,2020,2020,2024,False,failed,insufficient_development_history,insufficient_development_history,ValueError: No paired observations are available for development 5 to 6.,ValueError: No paired observations are available for development 5 to 6.,2020,2024,False,True,False,185102519.22131526,704079780.8836788,889182300.104994,,704079780.8836788,,,,0.008692700001120102,True,False,False,True,,,,,
long_emerging_no_break,1,20260817,constant,long,emerging,False,none,gross,inflation_adjusted_chain_ladder,5,2020,2020,2024,False,failed,insufficient_development_history,insufficient_development_history,ValueError: No paired observations are available for development 5 to 6.,ValueError: No paired observations are available for development 5 to 6.,2020,2024,False,True,False,185102519.22131526,704079780.8836788,889182300.104994,,704079780.8836788,,,,0.015296799996576738,True,False,False,True,,,,,
long_emerging_no_break,1,20260817,constant,long,emerging,False,none,gross,cashflow_uplift,5,2020,2020,2024,False,failed,insufficient_development_history,insufficient_development_history,ValueError: No paired observations are available for development 5 to 6.,ValueError: No paired observations are available for development 5 to 6.,2020,2024,False,True,False,185102519.22131526,704079780.8836788,889182300.104994,,704079780.8836788,,,,0.011497400002554059,True,False,False,True,,,,,
long_emerging_no_break,1,20260817,constant,long,emerging,False,none,gross,regularized_poisson,5,2020,2020,2024,False,failed,insufficient_historical_validation,insufficient_historical_validation,ValueError: Insufficient calendar-year diagonals for rolling validation.,ValueError: Insufficient calendar-year diagonals for rolling validation.,2020,2024,False,True,False,185102519.22131526,704079780.8836788,889182300.104994,,704079780.8836788,,,,0.0047558000005665235,True,False,False,True,,,,,
long_emerging_no_break,1,20260817,constant,long,emerging,False,none,gross,regularized_poisson_break_interaction,5,2020,2020,2024,False,failed,insufficient_historical_validation,insufficient_historical_validation,ValueError: Insufficient calendar-year diagonals for rolling validation.,ValueError: Insufficient calendar-year diagonals for rolling validation.,2020,2024,False,True,False,185102519.22131526,704079780.8836788,889182300.104994,,704079780.8836788,,,,0.01310879999800818,True,False,False,True,,,,,
long_emerging_no_break,1,20260817,constant,long,emerging,False,none,gross,regularized_tweedie,5,2020,2020,2024,False,failed,insufficient_historical_validation,insufficient_historical_validation,ValueError: Insufficient calendar-year diagonals for rolling validation.,ValueError: Insufficient calendar-year diagonals for rolling validation.,2020,2024,False,True,False,185102519.22131526,704079780.8836788,889182300.104994,,704079780.8836788,,,,0.004782299998623785,True,False,False,True,,,,,
long_emerging_no_break,1,20260817,constant,long,emerging,False,none,ceded,chain_ladder,15,2010,2020,2024,False,failed,known_sparse_ceded_chain_ladder_limitation,known_sparse_ceded_chain_ladder_limitation,ValueError: The Chain Ladder denominator is zero for development 1 to 2.,ValueError: The Chain Ladder denominator is zero for development 1 to 2.,2010,2024,False,True,False,13626445.74183633,316596649.9219125,330223095.6637488,,316596649.9219125,,,,0.008297899999888614,True,False,False,True,,,,,
long_emerging_no_break,1,20260817,constant,long,emerging,False,none,ceded,inflation_adjusted_chain_ladder,15,2010,2020,2024,False,failed,known_sparse_ceded_chain_ladder_limitation,known_sparse_ceded_chain_ladder_limitation,ValueError: The Chain Ladder denominator is zero for development 1 to 2.,ValueError: The Chain Ladder denominator is zero for development 1 to 2.,2010,2024,False,True,False,13626445.74183633,316596649.9219125,330223095.6637488,,316596649.9219125,,,,0.026589200002490543,True,False,False,True,,,,,
long_emerging_no_break,1,20260817,constant,long,emerging,False,none,ceded,cashflow_uplift,15,2010,2020,2024,False,failed,known_sparse_ceded_chain_ladder_limitation,known_sparse_ceded_chain_ladder_limitation,ValueError: The Chain Ladder denominator is zero for development 1 to 2.,ValueError: The Chain Ladder denominator is zero for development 1 to 2.,2010,2024,False,True,False,13626445.74183633,316596649.9219125,330223095.6637488,,316596649.9219125,,,,0.012246800004504621,True,False,False,True,,,,,
long_emerging_no_break,1,20260817,constant,long,emerging,False,none,ceded,regularized_poisson,15,2010,2020,2024,True,success,,,,,2010,2024,False,True,False,13626445.74183633,316596649.9219125,330223095.6637488,477589374.12293035,316596649.9219125,477589374.12293035,0.1,,1.3819491999965976,True,True,True,True,160992724.20101786,160992724.20101786,50.85105108999927,50.85105108999927,0.5085105108999927
long_emerging_no_break,1,20260817,constant,long,emerging,False,none,ceded,regularized_poisson_break_interaction,15,2010,2020,2024,True,success,,,,,2010,2024,False,True,False,13626445.74183633,316596649.9219125,330223095.6637488,477589374.122748,316596649.9219125,477589374.122748,0.1,,1.3380867000014405,True,True,True,True,160992724.20083553,160992724.20083553,50.85105108994168,50.85105108994168,0.5085105108994168
long_emerging_no_break,1,20260817,constant,long,emerging,False,none,ceded,regularized_tweedie,15,2010,2020,2024,True,success,,,,,2010,2024,False,True,False,13626445.74183633,316596649.9219125,330223095.6637488,486494840.26588285,316596649.9219125,486494840.26588285,0.1,1.1,6.422002600003907,True,True,True,True,169898190.34397036,169898190.34397036,53.6639254982247,53.6639254982247,0.536639254982247
long_emerging_no_break,1,20260817,constant,long,emerging,False,none,ceded,chain_ladder,10,2015,2020,2024,False,failed,known_sparse_ceded_chain_ladder_limitation,known_sparse_ceded_chain_ladder_limitation,ValueError: The Chain Ladder denominator is zero for development 1 to 2.,ValueError: The Chain Ladder denominator is zero for development 1 to 2.,2015,2024,False,True,False,13626445.74183633,316596649.9219125,330223095.6637488,,316596649.9219125,,,,0.0077377000052365474,True,False,False,True,,,,,
long_emerging_no_break,1,20260817,constant,long,emerging,False,none,ceded,inflation_adjusted_chain_ladder,10,2015,2020,2024,False,failed,known_sparse_ceded_chain_ladder_limitation,known_sparse_ceded_chain_ladder_limitation,ValueError: The Chain Ladder denominator is zero for development 1 to 2.,ValueError: The Chain Ladder denominator is zero for development 1 to 2.,2015,2024,False,True,False,13626445.74183633,316596649.9219125,330223095.6637488,,316596649.9219125,,,,0.01960980000148993,True,False,False,True,,,,,
long_emerging_no_break,1,20260817,constant,long,emerging,False,none,ceded,cashflow_uplift,10,2015,2020,2024,False,failed,known_sparse_ceded_chain_ladder_limitation,known_sparse_ceded_chain_ladder_limitation,ValueError: The Chain Ladder denominator is zero for development 1 to 2.,ValueError: The Chain Ladder denominator is zero for development 1 to 2.,2015,2024,False,True,False,13626445.74183633,316596649.9219125,330223095.6637488,,316596649.9219125,,,,0.0111585999984527,True,False,False,True,,,,,
long_emerging_no_break,1,20260817,constant,long,emerging,False,none,ceded,regularized_poisson,10,2015,2020,2024,True,success,,,,,2015,2024,False,True,False,13626445.74183633,316596649.9219125,330223095.6637488,296964520.73578,316596649.9219125,296964520.73578,1.0,,0.5932606999995187,True,True,True,True,-19632129.18613249,19632129.18613249,-6.200990816224585,6.200990816224585,-0.062009908162245844
long_emerging_no_break,1,20260817,constant,long,emerging,False,none,ceded,regularized_poisson_break_interaction,10,2015,2020,2024,True,success,,,,,2015,2024,False,True,False,13626445.74183633,316596649.9219125,330223095.6637488,296964520.73578006,316596649.9219125,296964520.73578006,1.0,,0.655055999995966,True,True,True,True,-19632129.18613243,19632129.18613243,-6.200990816224565,6.200990816224565,-0.06200990816224565
long_emerging_no_break,1,20260817,constant,long,emerging,False,none,ceded,regularized_tweedie,10,2015,2020,2024,True,success,,,,,2015,2024,False,True,False,13626445.74183633,316596649.9219125,330223095.6637488,288248639.1664964,316596649.9219125,288248639.1664964,1.0,1.1,2.762093100005586,True,True,True,True,-28348010.755416095,28348010.755416095,-8.953983171460607,8.953983171460607,-0.08953983171460607
long_emerging_no_break,1,20260817,constant,long,emerging,False,none,ceded,chain_ladder,7,2018,2020,2024,False,failed,known_sparse_ceded_chain_ladder_limitation,known_sparse_ceded_chain_ladder_limitation,ValueError: The Chain Ladder denominator is zero for development 1 to 2.,ValueError: The Chain Ladder denominator is zero for development 1 to 2.,2018,2024,False,True,False,13626445.74183633,316596649.9219125,330223095.6637488,,316596649.9219125,,,,0.007211900003312621,True,False,False,True,,,,,
long_emerging_no_break,1,20260817,constant,long,emerging,False,none,ceded,inflation_adjusted_chain_ladder,7,2018,2020,2024,False,failed,known_sparse_ceded_chain_ladder_limitation,known_sparse_ceded_chain_ladder_limitation,ValueError: The Chain Ladder denominator is zero for development 1 to 2.,ValueError: The Chain Ladder denominator is zero for development 1 to 2.,2018,2024,False,True,False,13626445.74183633,316596649.9219125,330223095.6637488,,316596649.9219125,,,,0.015666999999666587,True,False,False,True,,,,,
long_emerging_no_break,1,20260817,constant,long,emerging,False,none,ceded,cashflow_uplift,7,2018,2020,2024,False,failed,known_sparse_ceded_chain_ladder_limitation,known_sparse_ceded_chain_ladder_limitation,ValueError: The Chain Ladder denominator is zero for development 1 to 2.,ValueError: The Chain Ladder denominator is zero for development 1 to 2.,2018,2024,False,True,False,13626445.74183633,316596649.9219125,330223095.6637488,,316596649.9219125,,,,0.010250799998175353,True,False,False,True,,,,,
long_emerging_no_break,1,20260817,constant,long,emerging,False,none,ceded,regularized_poisson,7,2018,2020,2024,False,failed,insufficient_historical_validation,insufficient_historical_validation,ValueError: No alpha value produced enough successful rolling validation folds.,ValueError: No alpha value produced enough successful rolling validation folds.,2018,2024,False,True,False,13626445.74183633,316596649.9219125,330223095.6637488,,316596649.9219125,,,,0.23602840000239667,True,False,False,True,,,,,
long_emerging_no_break,1,20260817,constant,long,emerging,False,none,ceded,regularized_poisson_break_interaction,7,2018,2020,2024,False,failed,insufficient_historical_validation,insufficient_historical_validation,ValueError: No alpha value produced enough successful rolling validation folds.,ValueError: No alpha value produced enough successful rolling validation folds.,2018,2024,False,True,False,13626445.74183633,316596649.9219125,330223095.6637488,,316596649.9219125,,,,0.2545116000037524,True,False,False,True,,,,,
long_emerging_no_break,1,20260817,constant,long,emerging,False,none,ceded,regularized_tweedie,7,2018,2020,2024,False,failed,insufficient_historical_validation,insufficient_historical_validation,ValueError: No Tweedie power-alpha pair produced enough successful rolling validation folds.,ValueError: No Tweedie power-alpha pair produced enough successful rolling validation folds.,2018,2024,False,True,False,13626445.74183633,316596649.9219125,330223095.6637488,,316596649.9219125,,,,1.1029066999981296,True,False,False,True,,,,,
long_emerging_no_break,1,20260817,constant,long,emerging,False,none,ceded,chain_ladder,5,2020,2020,2024,False,failed,known_sparse_ceded_chain_ladder_limitation,known_sparse_ceded_chain_ladder_limitation,ValueError: The Chain Ladder denominator is zero for development 1 to 2.,ValueError: The Chain Ladder denominator is zero for development 1 to 2.,2020,2024,False,True,False,13626445.74183633,316596649.9219125,330223095.6637488,,316596649.9219125,,,,0.006771499996830244,True,False,False,True,,,,,
long_emerging_no_break,1,20260817,constant,long,emerging,False,none,ceded,inflation_adjusted_chain_ladder,5,2020,2020,2024,False,failed,known_sparse_ceded_chain_ladder_limitation,known_sparse_ceded_chain_ladder_limitation,ValueError: The Chain Ladder denominator is zero for development 1 to 2.,ValueError: The Chain Ladder denominator is zero for development 1 to 2.,2020,2024,False,True,False,13626445.74183633,316596649.9219125,330223095.6637488,,316596649.9219125,,,,0.013519400003133342,True,False,False,True,,,,,
long_emerging_no_break,1,20260817,constant,long,emerging,False,none,ceded,cashflow_uplift,5,2020,2020,2024,False,failed,known_sparse_ceded_chain_ladder_limitation,known_sparse_ceded_chain_ladder_limitation,ValueError: The Chain Ladder denominator is zero for development 1 to 2.,ValueError: The Chain Ladder denominator is zero for development 1 to 2.,2020,2024,False,True,False,13626445.74183633,316596649.9219125,330223095.6637488,,316596649.9219125,,,,0.009737000000313856,True,False,False,True,,,,,
long_emerging_no_break,1,20260817,constant,long,emerging,False,none,ceded,regularized_poisson,5,2020,2020,2024,False,failed,insufficient_historical_validation,insufficient_historical_validation,ValueError: Insufficient calendar-year diagonals for rolling validation.,ValueError: Insufficient calendar-year diagonals for rolling validation.,2020,2024,False,True,False,13626445.74183633,316596649.9219125,330223095.6637488,,316596649.9219125,,,,0.004731799999717623,True,False,False,True,,,,,
long_emerging_no_break,1,20260817,constant,long,emerging,False,none,ceded,regularized_poisson_break_interaction,5,2020,2020,2024,False,failed,insufficient_historical_validation,insufficient_historical_validation,ValueError: Insufficient calendar-year diagonals for rolling validation.,ValueError: Insufficient calendar-year diagonals for rolling validation.,2020,2024,False,True,False,13626445.74183633,316596649.9219125,330223095.6637488,,316596649.9219125,,,,0.01309410000249045,True,False,False,True,,,,,
long_emerging_no_break,1,20260817,constant,long,emerging,False,none,ceded,regularized_tweedie,5,2020,2020,2024,False,failed,insufficient_historical_validation,insufficient_historical_validation,ValueError: Insufficient calendar-year diagonals for rolling validation.,ValueError: Insufficient calendar-year diagonals for rolling validation.,2020,2024,False,True,False,13626445.74183633,316596649.9219125,330223095.6637488,,316596649.9219125,,,,0.004868500000156928,True,False,False,True,,,,,
long_shock_no_break,1,20260817,constant,long,shock,False,none,gross,chain_ladder,15,2010,2020,2024,True,success,,,,,2010,2024,False,True,False,196215506.17595783,792964526.3710793,989180032.5470372,694426394.9841716,792964526.3710793,694426394.9841716,,,0.03164680000190856,True,True,True,True,-98538131.3869077,98538131.3869077,-12.426549752213676,12.426549752213676,-0.12426549752213675
long_shock_no_break,1,20260817,constant,long,shock,False,none,gross,inflation_adjusted_chain_ladder,15,2010,2020,2024,True,success,,,,,2010,2024,False,True,False,196215506.17595783,792964526.3710793,989180032.5470372,742566100.5183091,792964526.3710793,742566100.5183091,,,0.06656560000556055,True,True,True,True,-50398425.85277021,50398425.85277021,-6.355697408484769,6.355697408484769,-0.06355697408484769
long_shock_no_break,1,20260817,constant,long,shock,False,none,gross,cashflow_uplift,15,2010,2020,2024,True,success,,,,,2010,2024,False,True,False,196215506.17595783,792964526.3710793,989180032.5470372,777127007.7865717,792964526.3710793,777127007.7865717,,,0.053843900001083966,True,True,True,True,-15837518.584507585,15837518.584507585,-1.9972543610476952,1.9972543610476952,-0.019972543610476953
long_shock_no_break,1,20260817,constant,long,shock,False,none,gross,regularized_poisson,15,2010,2020,2024,True,success,,,,,2010,2024,False,True,False,196215506.17595783,792964526.3710793,989180032.5470372,725787199.6401079,792964526.3710793,725787199.6401079,0.0001,,1.7231836000064504,True,True,True,True,-67177326.73097146,67177326.73097146,-8.4716685925916,8.4716685925916,-0.084716685925916
long_shock_no_break,1,20260817,constant,long,shock,False,none,gross,regularized_poisson_break_interaction,15,2010,2020,2024,True,success,,,,,2010,2024,False,True,False,196215506.17595783,792964526.3710793,989180032.5470372,725787125.1988033,792964526.3710793,725787125.1988033,0.0001,,1.5848518999991938,True,True,True,True,-67177401.17227602,67177401.17227602,-8.471677980313506,8.471677980313506,-0.08471677980313506
long_shock_no_break,1,20260817,constant,long,shock,False,none,gross,regularized_tweedie,15,2010,2020,2024,True,success,,,,,2010,2024,False,True,False,196215506.17595783,792964526.3710793,989180032.5470372,740044443.7550677,792964526.3710793,740044443.7550677,0.0001,1.5,6.711652599995432,True,True,True,True,-52920082.61601162,52920082.61601162,-6.673701137451247,6.673701137451247,-0.06673701137451248
long_shock_no_break,1,20260817,constant,long,shock,False,none,gross,chain_ladder,10,2015,2020,2024,False,failed,insufficient_development_history,insufficient_development_history,ValueError: No paired observations are available for development 10 to 11.,ValueError: No paired observations are available for development 10 to 11.,2015,2024,False,True,False,196215506.17595783,792964526.3710793,989180032.5470372,,792964526.3710793,,,,0.012890799996966962,True,False,False,True,,,,,
long_shock_no_break,1,20260817,constant,long,shock,False,none,gross,inflation_adjusted_chain_ladder,10,2015,2020,2024,False,failed,insufficient_development_history,insufficient_development_history,ValueError: No paired observations are available for development 10 to 11.,ValueError: No paired observations are available for development 10 to 11.,2015,2024,False,True,False,196215506.17595783,792964526.3710793,989180032.5470372,,792964526.3710793,,,,0.02543080000032205,True,False,False,True,,,,,
long_shock_no_break,1,20260817,constant,long,shock,False,none,gross,cashflow_uplift,10,2015,2020,2024,False,failed,insufficient_development_history,insufficient_development_history,ValueError: No paired observations are available for development 10 to 11.,ValueError: No paired observations are available for development 10 to 11.,2015,2024,False,True,False,196215506.17595783,792964526.3710793,989180032.5470372,,792964526.3710793,,,,0.016649800003506243,True,False,False,True,,,,,
long_shock_no_break,1,20260817,constant,long,shock,False,none,gross,regularized_poisson,10,2015,2020,2024,True,success,,,,,2015,2024,False,True,False,196215506.17595783,792964526.3710793,989180032.5470372,1056612871.2981106,792964526.3710793,1056612871.2981106,0.01,,0.6335247000024538,True,True,True,True,263648344.92703128,263648344.92703128,33.24844128067,33.24844128067,0.3324844128067
long_shock_no_break,1,20260817,constant,long,shock,False,none,gross,regularized_poisson_break_interaction,10,2015,2020,2024,True,success,,,,,2015,2024,False,True,False,196215506.17595783,792964526.3710793,989180032.5470372,1056612872.2103622,792964526.3710793,1056612872.2103622,0.01,,0.6795817000020179,True,True,True,True,263648345.83928287,263648345.83928287,33.24844139571318,33.24844139571318,0.3324844139571318
long_shock_no_break,1,20260817,constant,long,shock,False,none,gross,regularized_tweedie,10,2015,2020,2024,True,success,,,,,2015,2024,False,True,False,196215506.17595783,792964526.3710793,989180032.5470372,1050863155.3018374,792964526.3710793,1050863155.3018374,0.0001,1.9,2.7752217999950517,True,True,True,True,257898628.93075812,257898628.93075812,32.52335008111961,32.52335008111961,0.32523350081119606
long_shock_no_break,1,20260817,constant,long,shock,False,none,gross,chain_ladder,7,2018,2020,2024,False,failed,insufficient_development_history,insufficient_development_history,ValueError: No paired observations are available for development 7 to 8.,ValueError: No paired observations are available for development 7 to 8.,2018,2024,False,True,False,196215506.17595783,792964526.3710793,989180032.5470372,,792964526.3710793,,,,0.009732699996675365,True,False,False,True,,,,,
long_shock_no_break,1,20260817,constant,long,shock,False,none,gross,inflation_adjusted_chain_ladder,7,2018,2020,2024,False,failed,insufficient_development_history,insufficient_development_history,ValueError: No paired observations are available for development 7 to 8.,ValueError: No paired observations are available for development 7 to 8.,2018,2024,False,True,False,196215506.17595783,792964526.3710793,989180032.5470372,,792964526.3710793,,,,0.01828650000243215,True,False,False,True,,,,,
long_shock_no_break,1,20260817,constant,long,shock,False,none,gross,cashflow_uplift,7,2018,2020,2024,False,failed,insufficient_development_history,insufficient_development_history,ValueError: No paired observations are available for development 7 to 8.,ValueError: No paired observations are available for development 7 to 8.,2018,2024,False,True,False,196215506.17595783,792964526.3710793,989180032.5470372,,792964526.3710793,,,,0.0513926999992691,True,False,False,True,,,,,
long_shock_no_break,1,20260817,constant,long,shock,False,none,gross,regularized_poisson,7,2018,2020,2024,False,failed,insufficient_historical_validation,insufficient_historical_validation,ValueError: No alpha value produced enough successful rolling validation folds.,ValueError: No alpha value produced enough successful rolling validation folds.,2018,2024,False,True,False,196215506.17595783,792964526.3710793,989180032.5470372,,792964526.3710793,,,,0.2362783999997191,True,False,False,True,,,,,
long_shock_no_break,1,20260817,constant,long,shock,False,none,gross,regularized_poisson_break_interaction,7,2018,2020,2024,False,failed,insufficient_historical_validation,insufficient_historical_validation,ValueError: No alpha value produced enough successful rolling validation folds.,ValueError: No alpha value produced enough successful rolling validation folds.,2018,2024,False,True,False,196215506.17595783,792964526.3710793,989180032.5470372,,792964526.3710793,,,,0.25994360000186134,True,False,False,True,,,,,
long_shock_no_break,1,20260817,constant,long,shock,False,none,gross,regularized_tweedie,7,2018,2020,2024,False,failed,insufficient_historical_validation,insufficient_historical_validation,ValueError: No Tweedie power-alpha pair produced enough successful rolling validation folds.,ValueError: No Tweedie power-alpha pair produced enough successful rolling validation folds.,2018,2024,False,True,False,196215506.17595783,792964526.3710793,989180032.5470372,,792964526.3710793,,,,1.0643988999945577,True,False,False,True,,,,,
long_shock_no_break,1,20260817,constant,long,shock,False,none,gross,chain_ladder,5,2020,2020,2024,False,failed,insufficient_development_history,insufficient_development_history,ValueError: No paired observations are available for development 5 to 6.,ValueError: No paired observations are available for development 5 to 6.,2020,2024,False,True,False,196215506.17595783,792964526.3710793,989180032.5470372,,792964526.3710793,,,,0.008437899996351916,True,False,False,True,,,,,
long_shock_no_break,1,20260817,constant,long,shock,False,none,gross,inflation_adjusted_chain_ladder,5,2020,2020,2024,False,failed,insufficient_development_history,insufficient_development_history,ValueError: No paired observations are available for development 5 to 6.,ValueError: No paired observations are available for development 5 to 6.,2020,2024,False,True,False,196215506.17595783,792964526.3710793,989180032.5470372,,792964526.3710793,,,,0.015084500002558343,True,False,False,True,,,,,
long_shock_no_break,1,20260817,constant,long,shock,False,none,gross,cashflow_uplift,5,2020,2020,2024,False,failed,insufficient_development_history,insufficient_development_history,ValueError: No paired observations are available for development 5 to 6.,ValueError: No paired observations are available for development 5 to 6.,2020,2024,False,True,False,196215506.17595783,792964526.3710793,989180032.5470372,,792964526.3710793,,,,0.011327300002449192,True,False,False,True,,,,,
long_shock_no_break,1,20260817,constant,long,shock,False,none,gross,regularized_poisson,5,2020,2020,2024,False,failed,insufficient_historical_validation,insufficient_historical_validation,ValueError: Insufficient calendar-year diagonals for rolling validation.,ValueError: Insufficient calendar-year diagonals for rolling validation.,2020,2024,False,True,False,196215506.17595783,792964526.3710793,989180032.5470372,,792964526.3710793,,,,0.004791599996678997,True,False,False,True,,,,,
long_shock_no_break,1,20260817,constant,long,shock,False,none,gross,regularized_poisson_break_interaction,5,2020,2020,2024,False,failed,insufficient_historical_validation,insufficient_historical_validation,ValueError: Insufficient calendar-year diagonals for rolling validation.,ValueError: Insufficient calendar-year diagonals for rolling validation.,2020,2024,False,True,False,196215506.17595783,792964526.3710793,989180032.5470372,,792964526.3710793,,,,0.013120899995556101,True,False,False,True,,,,,
long_shock_no_break,1,20260817,constant,long,shock,False,none,gross,regularized_tweedie,5,2020,2020,2024,False,failed,insufficient_historical_validation,insufficient_historical_validation,ValueError: Insufficient calendar-year diagonals for rolling validation.,ValueError: Insufficient calendar-year diagonals for rolling validation.,2020,2024,False,True,False,196215506.17595783,792964526.3710793,989180032.5470372,,792964526.3710793,,,,0.004941699997289106,True,False,False,True,,,,,
long_shock_no_break,1,20260817,constant,long,shock,False,none,ceded,chain_ladder,15,2010,2020,2024,False,failed,known_sparse_ceded_chain_ladder_limitation,known_sparse_ceded_chain_ladder_limitation,ValueError: The Chain Ladder denominator is zero for development 1 to 2.,ValueError: The Chain Ladder denominator is zero for development 1 to 2.,2010,2024,False,True,False,16623579.639265563,391065760.035537,407689339.67480254,,391065760.035537,,,,0.00837370000226656,True,False,False,True,,,,,
long_shock_no_break,1,20260817,constant,long,shock,False,none,ceded,inflation_adjusted_chain_ladder,15,2010,2020,2024,False,failed,known_sparse_ceded_chain_ladder_limitation,known_sparse_ceded_chain_ladder_limitation,ValueError: The Chain Ladder denominator is zero for development 1 to 2.,ValueError: The Chain Ladder denominator is zero for development 1 to 2.,2010,2024,False,True,False,16623579.639265563,391065760.035537,407689339.67480254,,391065760.035537,,,,0.02674459999980172,True,False,False,True,,,,,
long_shock_no_break,1,20260817,constant,long,shock,False,none,ceded,cashflow_uplift,15,2010,2020,2024,False,failed,known_sparse_ceded_chain_ladder_limitation,known_sparse_ceded_chain_ladder_limitation,ValueError: The Chain Ladder denominator is zero for development 1 to 2.,ValueError: The Chain Ladder denominator is zero for development 1 to 2.,2010,2024,False,True,False,16623579.639265563,391065760.035537,407689339.67480254,,391065760.035537,,,,0.012271299994608853,True,False,False,True,,,,,
long_shock_no_break,1,20260817,constant,long,shock,False,none,ceded,regularized_poisson,15,2010,2020,2024,True,success,,,,,2010,2024,False,True,False,16623579.639265563,391065760.035537,407689339.67480254,524730976.49256146,391065760.035537,524730976.49256146,0.1,,1.344960300004459,True,True,True,True,133665216.45702446,133665216.45702446,34.179728863216766,34.179728863216766,0.34179728863216763
long_shock_no_break,1,20260817,constant,long,shock,False,none,ceded,regularized_poisson_break_interaction,15,2010,2020,2024,True,success,,,,,2010,2024,False,True,False,16623579.639265563,391065760.035537,407689339.67480254,524730976.49256146,391065760.035537,524730976.49256146,0.1,,1.3417274999956135,True,True,True,True,133665216.45702446,133665216.45702446,34.179728863216766,34.179728863216766,0.34179728863216763
long_shock_no_break,1,20260817,constant,long,shock,False,none,ceded,regularized_tweedie,15,2010,2020,2024,True,success,,,,,2010,2024,False,True,False,16623579.639265563,391065760.035537,407689339.67480254,246930166.17671,391065760.035537,246930166.17671,1.0,1.9,6.429102499998407,True,True,True,True,-144135593.858827,144135593.858827,-36.85712445030449,36.85712445030449,-0.3685712445030449
long_shock_no_break,1,20260817,constant,long,shock,False,none,ceded,chain_ladder,10,2015,2020,2024,False,failed,known_sparse_ceded_chain_ladder_limitation,known_sparse_ceded_chain_ladder_limitation,ValueError: The Chain Ladder denominator is zero for development 1 to 2.,ValueError: The Chain Ladder denominator is zero for development 1 to 2.,2015,2024,False,True,False,16623579.639265563,391065760.035537,407689339.67480254,,391065760.035537,,,,0.007666799996513873,True,False,False,True,,,,,
long_shock_no_break,1,20260817,constant,long,shock,False,none,ceded,inflation_adjusted_chain_ladder,10,2015,2020,2024,False,failed,known_sparse_ceded_chain_ladder_limitation,known_sparse_ceded_chain_ladder_limitation,ValueError: The Chain Ladder denominator is zero for development 1 to 2.,ValueError: The Chain Ladder denominator is zero for development 1 to 2.,2015,2024,False,True,False,16623579.639265563,391065760.035537,407689339.67480254,,391065760.035537,,,,0.019662400001834612,True,False,False,True,,,,,
long_shock_no_break,1,20260817,constant,long,shock,False,none,ceded,cashflow_uplift,10,2015,2020,2024,False,failed,known_sparse_ceded_chain_ladder_limitation,known_sparse_ceded_chain_ladder_limitation,ValueError: The Chain Ladder denominator is zero for development 1 to 2.,ValueError: The Chain Ladder denominator is zero for development 1 to 2.,2015,2024,False,True,False,16623579.639265563,391065760.035537,407689339.67480254,,391065760.035537,,,,0.010997800003679004,True,False,False,True,,,,,
long_shock_no_break,1,20260817,constant,long,shock,False,none,ceded,regularized_poisson,10,2015,2020,2024,True,success,,,,,2015,2024,False,True,False,16623579.639265563,391065760.035537,407689339.67480254,332594374.82047045,391065760.035537,332594374.82047045,1.0,,0.592766900001152,True,True,True,True,-58471385.21506655,58471385.21506655,-14.951803811653857,14.951803811653857,-0.14951803811653858
long_shock_no_break,1,20260817,constant,long,shock,False,none,ceded,regularized_poisson_break_interaction,10,2015,2020,2024,True,success,,,,,2015,2024,False,True,False,16623579.639265563,391065760.035537,407689339.67480254,332594374.82047045,391065760.035537,332594374.82047045,1.0,,0.6454626999984612,True,True,True,True,-58471385.21506655,58471385.21506655,-14.951803811653857,14.951803811653857,-0.14951803811653858
long_shock_no_break,1,20260817,constant,long,shock,False,none,ceded,regularized_tweedie,10,2015,2020,2024,True,success,,,,,2015,2024,False,True,False,16623579.639265563,391065760.035537,407689339.67480254,321814452.3501959,391065760.035537,321814452.3501959,1.0,1.1,2.719197099999292,True,True,True,True,-69251307.68534112,69251307.68534112,-17.70835362294262,17.70835362294262,-0.1770835362294262
long_shock_no_break,1,20260817,constant,long,shock,False,none,ceded,chain_ladder,7,2018,2020,2024,False,failed,known_sparse_ceded_chain_ladder_limitation,known_sparse_ceded_chain_ladder_limitation,ValueError: The Chain Ladder denominator is zero for development 1 to 2.,ValueError: The Chain Ladder denominator is zero for development 1 to 2.,2018,2024,False,True,False,16623579.639265563,391065760.035537,407689339.67480254,,391065760.035537,,,,0.007364199998846743,True,False,False,True,,,,,
long_shock_no_break,1,20260817,constant,long,shock,False,none,ceded,inflation_adjusted_chain_ladder,7,2018,2020,2024,False,failed,known_sparse_ceded_chain_ladder_limitation,known_sparse_ceded_chain_ladder_limitation,ValueError: The Chain Ladder denominator is zero for development 1 to 2.,ValueError: The Chain Ladder denominator is zero for development 1 to 2.,2018,2024,False,True,False,16623579.639265563,391065760.035537,407689339.67480254,,391065760.035537,,,,0.015842000000702683,True,False,False,True,,,,,
long_shock_no_break,1,20260817,constant,long,shock,False,none,ceded,cashflow_uplift,7,2018,2020,2024,False,failed,known_sparse_ceded_chain_ladder_limitation,known_sparse_ceded_chain_ladder_limitation,ValueError: The Chain Ladder denominator is zero for development 1 to 2.,ValueError: The Chain Ladder denominator is zero for development 1 to 2.,2018,2024,False,True,False,16623579.639265563,391065760.035537,407689339.67480254,,391065760.035537,,,,0.010496700000658166,True,False,False,True,,,,,
long_shock_no_break,1,20260817,constant,long,shock,False,none,ceded,regularized_poisson,7,2018,2020,2024,False,failed,insufficient_historical_validation,insufficient_historical_validation,ValueError: No alpha value produced enough successful rolling validation folds.,ValueError: No alpha value produced enough successful rolling validation folds.,2018,2024,False,True,False,16623579.639265563,391065760.035537,407689339.67480254,,391065760.035537,,,,0.241989599999215,True,False,False,True,,,,,
long_shock_no_break,1,20260817,constant,long,shock,False,none,ceded,regularized_poisson_break_interaction,7,2018,2020,2024,False,failed,insufficient_historical_validation,insufficient_historical_validation,ValueError: No alpha value produced enough successful rolling validation folds.,ValueError: No alpha value produced enough successful rolling validation folds.,2018,2024,False,True,False,16623579.639265563,391065760.035537,407689339.67480254,,391065760.035537,,,,0.2696101000037743,True,False,False,True,,,,,
long_shock_no_break,1,20260817,constant,long,shock,False,none,ceded,regularized_tweedie,7,2018,2020,2024,False,failed,insufficient_historical_validation,insufficient_historical_validation,ValueError: No Tweedie power-alpha pair produced enough successful rolling validation folds.,ValueError: No Tweedie power-alpha pair produced enough successful rolling validation folds.,2018,2024,False,True,False,16623579.639265563,391065760.035537,407689339.67480254,,391065760.035537,,,,1.097161199999391,True,False,False,True,,,,,
long_shock_no_break,1,20260817,constant,long,shock,False,none,ceded,chain_ladder,5,2020,2020,2024,False,failed,known_sparse_ceded_chain_ladder_limitation,known_sparse_ceded_chain_ladder_limitation,ValueError: The Chain Ladder denominator is zero for development 1 to 2.,ValueError: The Chain Ladder denominator is zero for development 1 to 2.,2020,2024,False,True,False,16623579.639265563,391065760.035537,407689339.67480254,,391065760.035537,,,,0.007731600002443884,True,False,False,True,,,,,
long_shock_no_break,1,20260817,constant,long,shock,False,none,ceded,inflation_adjusted_chain_ladder,5,2020,2020,2024,False,failed,known_sparse_ceded_chain_ladder_limitation,known_sparse_ceded_chain_ladder_limitation,ValueError: The Chain Ladder denominator is zero for development 1 to 2.,ValueError: The Chain Ladder denominator is zero for development 1 to 2.,2020,2024,False,True,False,16623579.639265563,391065760.035537,407689339.67480254,,391065760.035537,,,,0.014924000002793036,True,False,False,True,,,,,
long_shock_no_break,1,20260817,constant,long,shock,False,none,ceded,cashflow_uplift,5,2020,2020,2024,False,failed,known_sparse_ceded_chain_ladder_limitation,known_sparse_ceded_chain_ladder_limitation,ValueError: The Chain Ladder denominator is zero for development 1 to 2.,ValueError: The Chain Ladder denominator is zero for development 1 to 2.,2020,2024,False,True,False,16623579.639265563,391065760.035537,407689339.67480254,,391065760.035537,,,,0.010914600003161468,True,False,False,True,,,,,
long_shock_no_break,1,20260817,constant,long,shock,False,none,ceded,regularized_poisson,5,2020,2020,2024,False,failed,insufficient_historical_validation,insufficient_historical_validation,ValueError: Insufficient calendar-year diagonals for rolling validation.,ValueError: Insufficient calendar-year diagonals for rolling validation.,2020,2024,False,True,False,16623579.639265563,391065760.035537,407689339.67480254,,391065760.035537,,,,0.00481259999651229,True,False,False,True,,,,,
long_shock_no_break,1,20260817,constant,long,shock,False,none,ceded,regularized_poisson_break_interaction,5,2020,2020,2024,False,failed,insufficient_historical_validation,insufficient_historical_validation,ValueError: Insufficient calendar-year diagonals for rolling validation.,ValueError: Insufficient calendar-year diagonals for rolling validation.,2020,2024,False,True,False,16623579.639265563,391065760.035537,407689339.67480254,,391065760.035537,,,,0.013862600004358683,True,False,False,True,,,,,
long_shock_no_break,1,20260817,constant,long,shock,False,none,ceded,regularized_tweedie,5,2020,2020,2024,False,failed,insufficient_historical_validation,insufficient_historical_validation,ValueError: Insufficient calendar-year diagonals for rolling validation.,ValueError: Insufficient calendar-year diagonals for rolling validation.,2020,2024,False,True,False,16623579.639265563,391065760.035537,407689339.67480254,,391065760.035537,,,,0.004750100000819657,True,False,False,True,,,,,
long_stable_break,1,20260817,constant,long,stable,True,none,gross,chain_ladder,15,2010,2020,2024,True,success,,,,,2010,2024,False,True,False,236634855.30754808,498649188.2307018,735284043.53825,756599982.5861632,498649188.2307018,756599982.5861632,,,0.030723600000783335,True,True,True,True,257950794.35546136,257950794.35546136,51.72991362338677,51.72991362338677,0.5172991362338677
long_stable_break,1,20260817,constant,long,stable,True,none,gross,inflation_adjusted_chain_ladder,15,2010,2020,2024,True,success,,,,,2010,2024,False,True,False,236634855.30754808,498649188.2307018,735284043.53825,768698836.4506396,498649188.2307018,768698836.4506396,,,0.06589319999329746,True,True,True,True,270049648.2199378,270049648.2199378,54.156239415153394,54.156239415153394,0.541562394151534
long_stable_break,1,20260817,constant,long,stable,True,none,gross,cashflow_uplift,15,2010,2020,2024,True,success,,,,,2010,2024,False,True,False,236634855.30754808,498649188.2307018,735284043.53825,756599982.5861632,498649188.2307018,756599982.5861632,,,0.05358909999631578,True,True,True,True,257950794.35546136,257950794.35546136,51.72991362338677,51.72991362338677,0.5172991362338677
long_stable_break,1,20260817,constant,long,stable,True,none,gross,regularized_poisson,15,2010,2020,2024,True,success,,,,,2010,2024,False,True,False,236634855.30754808,498649188.2307018,735284043.53825,660207754.835615,498649188.2307018,660207754.835615,0.001,,1.6146194999964791,True,True,True,True,161558566.60491323,161558566.60491323,32.399243880883965,32.399243880883965,0.32399243880883966
long_stable_break,1,20260817,constant,long,stable,True,none,gross,regularized_poisson_break_interaction,15,2010,2020,2024,True,success,,,,,2010,2024,False,True,False,236634855.30754808,498649188.2307018,735284043.53825,644013396.0163153,498649188.2307018,644013396.0163153,0.1,,1.7523498000009567,True,True,True,True,145364207.78561354,145364207.78561354,29.15159820101026,29.15159820101026,0.2915159820101026
long_stable_break,1,20260817,constant,long,stable,True,none,gross,regularized_tweedie,15,2010,2020,2024,True,success,,,,,2010,2024,False,True,False,236634855.30754808,498649188.2307018,735284043.53825,662737546.553303,498649188.2307018,662737546.553303,0.001,1.3,6.475006200002099,True,True,True,True,164088358.3226012,164088358.3226012,32.90657283626924,32.90657283626924,0.32906572836269243
long_stable_break,1,20260817,constant,long,stable,True,none,gross,chain_ladder,10,2015,2020,2024,False,failed,insufficient_development_history,insufficient_development_history,ValueError: No paired observations are available for development 10 to 11.,ValueError: No paired observations are available for development 10 to 11.,2015,2024,False,True,False,236634855.30754808,498649188.2307018,735284043.53825,,498649188.2307018,,,,0.01161359999969136,True,False,False,True,,,,,
long_stable_break,1,20260817,constant,long,stable,True,none,gross,inflation_adjusted_chain_ladder,10,2015,2020,2024,False,failed,insufficient_development_history,insufficient_development_history,ValueError: No paired observations are available for development 10 to 11.,ValueError: No paired observations are available for development 10 to 11.,2015,2024,False,True,False,236634855.30754808,498649188.2307018,735284043.53825,,498649188.2307018,,,,0.02337489999626996,True,False,False,True,,,,,
long_stable_break,1,20260817,constant,long,stable,True,none,gross,cashflow_uplift,10,2015,2020,2024,False,failed,insufficient_development_history,insufficient_development_history,ValueError: No paired observations are available for development 10 to 11.,ValueError: No paired observations are available for development 10 to 11.,2015,2024,False,True,False,236634855.30754808,498649188.2307018,735284043.53825,,498649188.2307018,,,,0.015037600001960527,True,False,False,True,,,,,
long_stable_break,1,20260817,constant,long,stable,True,none,gross,regularized_poisson,10,2015,2020,2024,True,success,,,,,2015,2024,False,True,False,236634855.30754808,498649188.2307018,735284043.53825,885225011.1090512,498649188.2307018,885225011.1090512,0.1,,0.6176328000001376,True,True,True,True,386575822.8783494,386575822.8783494,77.52460687843309,77.52460687843309,0.7752460687843309
long_stable_break,1,20260817,constant,long,stable,True,none,gross,regularized_poisson_break_interaction,10,2015,2020,2024,True,success,,,,,2015,2024,False,True,False,236634855.30754808,498649188.2307018,735284043.53825,1000211552.7243541,498649188.2307018,1000211552.7243541,1.0,,0.7449919999999111,True,True,True,True,501562364.49365234,501562364.49365234,100.5842135777433,100.5842135777433,1.005842135777433
long_stable_break,1,20260817,constant,long,stable,True,none,gross,regularized_tweedie,10,2015,2020,2024,True,success,,,,,2015,2024,False,True,False,236634855.30754808,498649188.2307018,735284043.53825,859313016.705554,498649188.2307018,859313016.705554,0.01,1.9,2.693804499998805,True,True,True,True,360663828.4748522,360663828.4748522,72.3281691793289,72.3281691793289,0.7232816917932889
long_stable_break,1,20260817,constant,long,stable,True,none,gross,chain_ladder,7,2018,2020,2024,False,failed,insufficient_development_history,insufficient_development_history,ValueError: No paired observations are available for development 7 to 8.,ValueError: No paired observations are available for development 7 to 8.,2018,2024,False,True,False,236634855.30754808,498649188.2307018,735284043.53825,,498649188.2307018,,,,0.009694100001070183,True,False,False,True,,,,,
long_stable_break,1,20260817,constant,long,stable,True,none,gross,inflation_adjusted_chain_ladder,7,2018,2020,2024,False,failed,insufficient_development_history,insufficient_development_history,ValueError: No paired observations are available for development 7 to 8.,ValueError: No paired observations are available for development 7 to 8.,2018,2024,False,True,False,236634855.30754808,498649188.2307018,735284043.53825,,498649188.2307018,,,,0.018178999998781364,True,False,False,True,,,,,
long_stable_break,1,20260817,constant,long,stable,True,none,gross,cashflow_uplift,7,2018,2020,2024,False,failed,insufficient_development_history,insufficient_development_history,ValueError: No paired observations are available for development 7 to 8.,ValueError: No paired observations are available for development 7 to 8.,2018,2024,False,True,False,236634855.30754808,498649188.2307018,735284043.53825,,498649188.2307018,,,,0.012862900002801325,True,False,False,True,,,,,
long_stable_break,1,20260817,constant,long,stable,True,none,gross,regularized_poisson,7,2018,2020,2024,False,failed,insufficient_historical_validation,insufficient_historical_validation,ValueError: No alpha value produced enough successful rolling validation folds.,ValueError: No alpha value produced enough successful rolling validation folds.,2018,2024,False,True,False,236634855.30754808,498649188.2307018,735284043.53825,,498649188.2307018,,,,0.21330550000129733,True,False,False,True,,,,,
long_stable_break,1,20260817,constant,long,stable,True,none,gross,regularized_poisson_break_interaction,7,2018,2020,2024,False,failed,insufficient_historical_validation,insufficient_historical_validation,ValueError: No alpha value produced enough successful rolling validation folds.,ValueError: No alpha value produced enough successful rolling validation folds.,2018,2024,False,True,False,236634855.30754808,498649188.2307018,735284043.53825,,498649188.2307018,,,,0.2331454999948619,True,False,False,True,,,,,
long_stable_break,1,20260817,constant,long,stable,True,none,gross,regularized_tweedie,7,2018,2020,2024,False,failed,insufficient_historical_validation,insufficient_historical_validation,ValueError: No Tweedie power-alpha pair produced enough successful rolling validation folds.,ValueError: No Tweedie power-alpha pair produced enough successful rolling validation folds.,2018,2024,False,True,False,236634855.30754808,498649188.2307018,735284043.53825,,498649188.2307018,,,,0.9745690999989165,True,False,False,True,,,,,
long_stable_break,1,20260817,constant,long,stable,True,none,gross,chain_ladder,5,2020,2020,2024,False,failed,insufficient_development_history,insufficient_development_history,ValueError: No paired observations are available for development 5 to 6.,ValueError: No paired observations are available for development 5 to 6.,2020,2024,False,True,False,236634855.30754808,498649188.2307018,735284043.53825,,498649188.2307018,,,,0.008339200001501013,True,False,False,True,,,,,
long_stable_break,1,20260817,constant,long,stable,True,none,gross,inflation_adjusted_chain_ladder,5,2020,2020,2024,False,failed,insufficient_development_history,insufficient_development_history,ValueError: No paired observations are available for development 5 to 6.,ValueError: No paired observations are available for development 5 to 6.,2020,2024,False,True,False,236634855.30754808,498649188.2307018,735284043.53825,,498649188.2307018,,,,0.015279699997336138,True,False,False,True,,,,,
long_stable_break,1,20260817,constant,long,stable,True,none,gross,cashflow_uplift,5,2020,2020,2024,False,failed,insufficient_development_history,insufficient_development_history,ValueError: No paired observations are available for development 5 to 6.,ValueError: No paired observations are available for development 5 to 6.,2020,2024,False,True,False,236634855.30754808,498649188.2307018,735284043.53825,,498649188.2307018,,,,0.011415700006182306,True,False,False,True,,,,,
long_stable_break,1,20260817,constant,long,stable,True,none,gross,regularized_poisson,5,2020,2020,2024,False,failed,insufficient_historical_validation,insufficient_historical_validation,ValueError: Insufficient calendar-year diagonals for rolling validation.,ValueError: Insufficient calendar-year diagonals for rolling validation.,2020,2024,False,True,False,236634855.30754808,498649188.2307018,735284043.53825,,498649188.2307018,,,,0.004772200001752935,True,False,False,True,,,,,
long_stable_break,1,20260817,constant,long,stable,True,none,gross,regularized_poisson_break_interaction,5,2020,2020,2024,False,failed,insufficient_historical_validation,insufficient_historical_validation,ValueError: Insufficient calendar-year diagonals for rolling validation.,ValueError: Insufficient calendar-year diagonals for rolling validation.,2020,2024,False,True,False,236634855.30754808,498649188.2307018,735284043.53825,,498649188.2307018,,,,0.013213700003689155,True,False,False,True,,,,,
long_stable_break,1,20260817,constant,long,stable,True,none,gross,regularized_tweedie,5,2020,2020,2024,False,failed,insufficient_historical_validation,insufficient_historical_validation,ValueError: Insufficient calendar-year diagonals for rolling validation.,ValueError: Insufficient calendar-year diagonals for rolling validation.,2020,2024,False,True,False,236634855.30754808,498649188.2307018,735284043.53825,,498649188.2307018,,,,0.004906399997707922,True,False,False,True,,,,,
long_stable_break,1,20260817,constant,long,stable,True,none,ceded,chain_ladder,15,2010,2020,2024,False,failed,known_sparse_ceded_chain_ladder_limitation,known_sparse_ceded_chain_ladder_limitation,ValueError: The Chain Ladder denominator is zero for development 1 to 2.,ValueError: The Chain Ladder denominator is zero for development 1 to 2.,2010,2024,False,True,False,27938573.29122115,181329380.2888126,209267953.58003375,,181329380.2888126,,,,0.008387699999730103,True,False,False,True,,,,,
long_stable_break,1,20260817,constant,long,stable,True,none,ceded,inflation_adjusted_chain_ladder,15,2010,2020,2024,False,failed,known_sparse_ceded_chain_ladder_limitation,known_sparse_ceded_chain_ladder_limitation,ValueError: The Chain Ladder denominator is zero for development 1 to 2.,ValueError: The Chain Ladder denominator is zero for development 1 to 2.,2010,2024,False,True,False,27938573.29122115,181329380.2888126,209267953.58003375,,181329380.2888126,,,,0.026648199993360322,True,False,False,True,,,,,
long_stable_break,1,20260817,constant,long,stable,True,none,ceded,cashflow_uplift,15,2010,2020,2024,False,failed,known_sparse_ceded_chain_ladder_limitation,known_sparse_ceded_chain_ladder_limitation,ValueError: The Chain Ladder denominator is zero for development 1 to 2.,ValueError: The Chain Ladder denominator is zero for development 1 to 2.,2010,2024,False,True,False,27938573.29122115,181329380.2888126,209267953.58003375,,181329380.2888126,,,,0.012386400005198084,True,False,False,True,,,,,
long_stable_break,1,20260817,constant,long,stable,True,none,ceded,regularized_poisson,15,2010,2020,2024,True,success,,,,,2010,2024,False,True,False,27938573.29122115,181329380.2888126,209267953.58003375,460927891.94350195,181329380.2888126,460927891.94350195,0.1,,1.328113999996276,True,True,True,True,279598511.6546893,279598511.6546893,154.19371709612554,154.19371709612554,1.5419371709612553
long_stable_break,1,20260817,constant,long,stable,True,none,ceded,regularized_poisson_break_interaction,15,2010,2020,2024,True,success,,,,,2010,2024,False,True,False,27938573.29122115,181329380.2888126,209267953.58003375,342647691.81929857,181329380.2888126,342647691.81929857,0.1,,2.144773299994995,True,True,True,True,161318311.53048596,161318311.53048596,88.96424356248612,88.96424356248612,0.8896424356248612
long_stable_break,1,20260817,constant,long,stable,True,none,ceded,regularized_tweedie,15,2010,2020,2024,True,success,,,,,2010,2024,False,True,False,27938573.29122115,181329380.2888126,209267953.58003375,459023071.53811014,181329380.2888126,459023071.53811014,0.1,1.1,6.310154999999213,True,True,True,True,277693691.2492975,277693691.2492975,153.14324176644763,153.14324176644763,1.5314324176644762
long_stable_break,1,20260817,constant,long,stable,True,none,ceded,chain_ladder,10,2015,2020,2024,False,failed,known_sparse_ceded_chain_ladder_limitation,known_sparse_ceded_chain_ladder_limitation,ValueError: The Chain Ladder denominator is zero for development 1 to 2.,ValueError: The Chain Ladder denominator is zero for development 1 to 2.,2015,2024,False,True,False,27938573.29122115,181329380.2888126,209267953.58003375,,181329380.2888126,,,,0.008630899996205699,True,False,False,True,,,,,
long_stable_break,1,20260817,constant,long,stable,True,none,ceded,inflation_adjusted_chain_ladder,10,2015,2020,2024,False,failed,known_sparse_ceded_chain_ladder_limitation,known_sparse_ceded_chain_ladder_limitation,ValueError: The Chain Ladder denominator is zero for development 1 to 2.,ValueError: The Chain Ladder denominator is zero for development 1 to 2.,2015,2024,False,True,False,27938573.29122115,181329380.2888126,209267953.58003375,,181329380.2888126,,,,0.02025829999911366,True,False,False,True,,,,,
long_stable_break,1,20260817,constant,long,stable,True,none,ceded,cashflow_uplift,10,2015,2020,2024,False,failed,known_sparse_ceded_chain_ladder_limitation,known_sparse_ceded_chain_ladder_limitation,ValueError: The Chain Ladder denominator is zero for development 1 to 2.,ValueError: The Chain Ladder denominator is zero for development 1 to 2.,2015,2024,False,True,False,27938573.29122115,181329380.2888126,209267953.58003375,,181329380.2888126,,,,0.011570599999686237,True,False,False,True,,,,,
long_stable_break,1,20260817,constant,long,stable,True,none,ceded,regularized_poisson,10,2015,2020,2024,True,success,,,,,2015,2024,False,True,False,27938573.29122115,181329380.2888126,209267953.58003375,803426213.8963401,181329380.2888126,803426213.8963401,0.1,,0.5780927000014344,True,True,True,True,622096833.6075275,622096833.6075275,343.0755857747277,343.0755857747277,3.430755857747277
long_stable_break,1,20260817,constant,long,stable,True,none,ceded,regularized_poisson_break_interaction,10,2015,2020,2024,True,success,,,,,2015,2024,False,True,False,27938573.29122115,181329380.2888126,209267953.58003375,586539836.7166755,181329380.2888126,586539836.7166755,0.1,,1.053384399994684,True,True,True,True,405210456.4278629,405210456.4278629,223.46652030821667,223.46652030821667,2.2346652030821668
long_stable_break,1,20260817,constant,long,stable,True,none,ceded,regularized_tweedie,10,2015,2020,2024,True,success,,,,,2015,2024,False,True,False,27938573.29122115,181329380.2888126,209267953.58003375,389779234.54371744,181329380.2888126,389779234.54371744,1.0,1.1,2.7426961999954074,True,True,True,True,208449854.25490484,208449854.25490484,114.95646978051546,114.95646978051546,1.1495646978051546
long_stable_break,1,20260817,constant,long,stable,True,none,ceded,chain_ladder,7,2018,2020,2024,False,failed,known_sparse_ceded_chain_ladder_limitation,known_sparse_ceded_chain_ladder_limitation,ValueError: The Chain Ladder denominator is zero for development 1 to 2.,ValueError: The Chain Ladder denominator is zero for development 1 to 2.,2018,2024,False,True,False,27938573.29122115,181329380.2888126,209267953.58003375,,181329380.2888126,,,,0.007165399998484645,True,False,False,True,,,,,
long_stable_break,1,20260817,constant,long,stable,True,none,ceded,inflation_adjusted_chain_ladder,7,2018,2020,2024,False,failed,known_sparse_ceded_chain_ladder_limitation,known_sparse_ceded_chain_ladder_limitation,ValueError: The Chain Ladder denominator is zero for development 1 to 2.,ValueError: The Chain Ladder denominator is zero for development 1 to 2.,2018,2024,False,True,False,27938573.29122115,181329380.2888126,209267953.58003375,,181329380.2888126,,,,0.015902799998002592,True,False,False,True,,,,,
long_stable_break,1,20260817,constant,long,stable,True,none,ceded,cashflow_uplift,7,2018,2020,2024,False,failed,known_sparse_ceded_chain_ladder_limitation,known_sparse_ceded_chain_ladder_limitation,ValueError: The Chain Ladder denominator is zero for development 1 to 2.,ValueError: The Chain Ladder denominator is zero for development 1 to 2.,2018,2024,False,True,False,27938573.29122115,181329380.2888126,209267953.58003375,,181329380.2888126,,,,0.010300000001734588,True,False,False,True,,,,,
long_stable_break,1,20260817,constant,long,stable,True,none,ceded,regularized_poisson,7,2018,2020,2024,False,failed,insufficient_historical_validation,insufficient_historical_validation,ValueError: No alpha value produced enough successful rolling validation folds.,ValueError: No alpha value produced enough successful rolling validation folds.,2018,2024,False,True,False,27938573.29122115,181329380.2888126,209267953.58003375,,181329380.2888126,,,,0.216547800002445,True,False,False,True,,,,,
long_stable_break,1,20260817,constant,long,stable,True,none,ceded,regularized_poisson_break_interaction,7,2018,2020,2024,False,failed,insufficient_historical_validation,insufficient_historical_validation,ValueError: No alpha value produced enough successful rolling validation folds.,ValueError: No alpha value produced enough successful rolling validation folds.,2018,2024,False,True,False,27938573.29122115,181329380.2888126,209267953.58003375,,181329380.2888126,,,,0.2539004999998724,True,False,False,True,,,,,
long_stable_break,1,20260817,constant,long,stable,True,none,ceded,regularized_tweedie,7,2018,2020,2024,False,failed,insufficient_historical_validation,insufficient_historical_validation,ValueError: No Tweedie power-alpha pair produced enough successful rolling validation folds.,ValueError: No Tweedie power-alpha pair produced enough successful rolling validation folds.,2018,2024,False,True,False,27938573.29122115,181329380.2888126,209267953.58003375,,181329380.2888126,,,,1.0001033000007737,True,False,False,True,,,,,
long_stable_break,1,20260817,constant,long,stable,True,none,ceded,chain_ladder,5,2020,2020,2024,False,failed,known_sparse_ceded_chain_ladder_limitation,known_sparse_ceded_chain_ladder_limitation,ValueError: The Chain Ladder denominator is zero for development 1 to 2.,ValueError: The Chain Ladder denominator is zero for development 1 to 2.,2020,2024,False,True,False,27938573.29122115,181329380.2888126,209267953.58003375,,181329380.2888126,,,,0.007037599993054755,True,False,False,True,,,,,
long_stable_break,1,20260817,constant,long,stable,True,none,ceded,inflation_adjusted_chain_ladder,5,2020,2020,2024,False,failed,known_sparse_ceded_chain_ladder_limitation,known_sparse_ceded_chain_ladder_limitation,ValueError: The Chain Ladder denominator is zero for development 1 to 2.,ValueError: The Chain Ladder denominator is zero for development 1 to 2.,2020,2024,False,True,False,27938573.29122115,181329380.2888126,209267953.58003375,,181329380.2888126,,,,0.013644599996041507,True,False,False,True,,,,,
long_stable_break,1,20260817,constant,long,stable,True,none,ceded,cashflow_uplift,5,2020,2020,2024,False,failed,known_sparse_ceded_chain_ladder_limitation,known_sparse_ceded_chain_ladder_limitation,ValueError: The Chain Ladder denominator is zero for development 1 to 2.,ValueError: The Chain Ladder denominator is zero for development 1 to 2.,2020,2024,False,True,False,27938573.29122115,181329380.2888126,209267953.58003375,,181329380.2888126,,,,0.009789700001419988,True,False,False,True,,,,,
long_stable_break,1,20260817,constant,long,stable,True,none,ceded,regularized_poisson,5,2020,2020,2024,False,failed,insufficient_historical_validation,insufficient_historical_validation,ValueError: Insufficient calendar-year diagonals for rolling validation.,ValueError: Insufficient calendar-year diagonals for rolling validation.,2020,2024,False,True,False,27938573.29122115,181329380.2888126,209267953.58003375,,181329380.2888126,,,,0.004757700000482146,True,False,False,True,,,,,
long_stable_break,1,20260817,constant,long,stable,True,none,ceded,regularized_poisson_break_interaction,5,2020,2020,2024,False,failed,insufficient_historical_validation,insufficient_historical_validation,ValueError: Insufficient calendar-year diagonals for rolling validation.,ValueError: Insufficient calendar-year diagonals for rolling validation.,2020,2024,False,True,False,27938573.29122115,181329380.2888126,209267953.58003375,,181329380.2888126,,,,0.013334600000234786,True,False,False,True,,,,,
long_stable_break,1,20260817,constant,long,stable,True,none,ceded,regularized_tweedie,5,2020,2020,2024,False,failed,insufficient_historical_validation,insufficient_historical_validation,ValueError: Insufficient calendar-year diagonals for rolling validation.,ValueError: Insufficient calendar-year diagonals for rolling validation.,2020,2024,False,True,False,27938573.29122115,181329380.2888126,209267953.58003375,,181329380.2888126,,,,0.0049189999990630895,True,False,False,True,,,,,
long_emerging_break,1,20260817,constant,long,emerging,True,none,gross,chain_ladder,15,2010,2020,2024,True,success,,,,,2010,2024,False,True,False,250731758.66101056,573721498.1829947,824453256.8440052,835436709.1736951,573721498.1829947,835436709.1736951,,,0.031238700001267716,True,True,True,True,261715210.99070036,261715210.99070036,45.61711768158694,45.61711768158694,0.4561711768158694
long_emerging_break,1,20260817,constant,long,emerging,True,none,gross,inflation_adjusted_chain_ladder,15,2010,2020,2024,True,success,,,,,2010,2024,False,True,False,250731758.66101056,573721498.1829947,824453256.8440052,902755945.7699909,573721498.1829947,902755945.7699909,,,0.06553040000289911,True,True,True,True,329034447.5869962,329034447.5869962,57.35090085155691,57.35090085155691,0.5735090085155691
long_emerging_break,1,20260817,constant,long,emerging,True,none,gross,cashflow_uplift,15,2010,2020,2024,True,success,,,,,2010,2024,False,True,False,250731758.66101056,573721498.1829947,824453256.8440052,909977255.4644157,573721498.1829947,909977255.4644157,,,0.053440499999851454,True,True,True,True,336255757.28142095,336255757.28142095,58.609579446884965,58.609579446884965,0.5860957944688496
long_emerging_break,1,20260817,constant,long,emerging,True,none,gross,regularized_poisson,15,2010,2020,2024,True,success,,,,,2010,2024,False,True,False,250731758.66101056,573721498.1829947,824453256.8440052,683901012.8616711,573721498.1829947,683901012.8616711,0.01,,1.8856413000030443,True,True,True,True,110179514.67867637,110179514.67867637,19.204355253833178,19.204355253833178,0.19204355253833177
long_emerging_break,1,20260817,constant,long,emerging,True,none,gross,regularized_poisson_break_interaction,15,2010,2020,2024,True,success,,,,,2010,2024,False,True,False,250731758.66101056,573721498.1829947,824453256.8440052,736754832.5090197,573721498.1829947,736754832.5090197,0.1,,2.055403900005331,True,True,True,True,163033334.326025,163033334.326025,28.416807604797782,28.416807604797782,0.28416807604797784
long_emerging_break,1,20260817,constant,long,emerging,True,none,gross,regularized_tweedie,15,2010,2020,2024,True,success,,,,,2010,2024,False,True,False,250731758.66101056,573721498.1829947,824453256.8440052,695063235.4663975,573721498.1829947,695063235.4663975,0.001,1.3,7.177369800003362,True,True,True,True,121341737.2834028,121341737.2834028,21.149937324590116,21.149937324590116,0.21149937324590115
long_emerging_break,1,20260817,constant,long,emerging,True,none,gross,chain_ladder,10,2015,2020,2024,False,failed,insufficient_development_history,insufficient_development_history,ValueError: No paired observations are available for development 10 to 11.,ValueError: No paired observations are available for development 10 to 11.,2015,2024,False,True,False,250731758.66101056,573721498.1829947,824453256.8440052,,573721498.1829947,,,,0.012704900000244379,True,False,False,True,,,,,
long_emerging_break,1,20260817,constant,long,emerging,True,none,gross,inflation_adjusted_chain_ladder,10,2015,2020,2024,False,failed,insufficient_development_history,insufficient_development_history,ValueError: No paired observations are available for development 10 to 11.,ValueError: No paired observations are available for development 10 to 11.,2015,2024,False,True,False,250731758.66101056,573721498.1829947,824453256.8440052,,573721498.1829947,,,,0.02519709999614861,True,False,False,True,,,,,
long_emerging_break,1,20260817,constant,long,emerging,True,none,gross,cashflow_uplift,10,2015,2020,2024,False,failed,insufficient_development_history,insufficient_development_history,ValueError: No paired observations are available for development 10 to 11.,ValueError: No paired observations are available for development 10 to 11.,2015,2024,False,True,False,250731758.66101056,573721498.1829947,824453256.8440052,,573721498.1829947,,,,0.01647410000441596,True,False,False,True,,,,,
long_emerging_break,1,20260817,constant,long,emerging,True,none,gross,regularized_poisson,10,2015,2020,2024,True,success,,,,,2015,2024,False,True,False,250731758.66101056,573721498.1829947,824453256.8440052,916105363.6777496,573721498.1829947,916105363.6777496,0.01,,0.6776482999994187,True,True,True,True,342383865.4947549,342383865.4947549,59.67771237074122,59.67771237074122,0.5967771237074122
long_emerging_break,1,20260817,constant,long,emerging,True,none,gross,regularized_poisson_break_interaction,10,2015,2020,2024,True,success,,,,,2015,2024,False,True,False,250731758.66101056,573721498.1829947,824453256.8440052,1188678956.9113655,573721498.1829947,1188678956.9113655,1.0,,0.8269300000029034,True,True,True,True,614957458.7283708,614957458.7283708,107.18745256644075,107.18745256644075,1.0718745256644076
long_emerging_break,1,20260817,constant,long,emerging,True,none,gross,regularized_tweedie,10,2015,2020,2024,True,success,,,,,2015,2024,False,True,False,250731758.66101056,573721498.1829947,824453256.8440052,791514493.7058245,573721498.1829947,791514493.7058245,0.0001,1.9,2.9107252000030712,True,True,True,True,217792995.52282977,217792995.52282977,37.961449276799165,37.961449276799165,0.37961449276799164
long_emerging_break,1,20260817,constant,long,emerging,True,none,gross,chain_ladder,7,2018,2020,2024,False,failed,insufficient_development_history,insufficient_development_history,ValueError: No paired observations are available for development 7 to 8.,ValueError: No paired observations are available for development 7 to 8.,2018,2024,False,True,False,250731758.66101056,573721498.1829947,824453256.8440052,,573721498.1829947,,,,0.009816999998292886,True,False,False,True,,,,,
long_emerging_break,1,20260817,constant,long,emerging,True,none,gross,inflation_adjusted_chain_ladder,7,2018,2020,2024,False,failed,insufficient_development_history,insufficient_development_history,ValueError: No paired observations are available for development 7 to 8.,ValueError: No paired observations are available for development 7 to 8.,2018,2024,False,True,False,250731758.66101056,573721498.1829947,824453256.8440052,,573721498.1829947,,,,0.018383700000413228,True,False,False,True,,,,,
long_emerging_break,1,20260817,constant,long,emerging,True,none,gross,cashflow_uplift,7,2018,2020,2024,False,failed,insufficient_development_history,insufficient_development_history,ValueError: No paired observations are available for development 7 to 8.,ValueError: No paired observations are available for development 7 to 8.,2018,2024,False,True,False,250731758.66101056,573721498.1829947,824453256.8440052,,573721498.1829947,,,,0.012827200000174344,True,False,False,True,,,,,
long_emerging_break,1,20260817,constant,long,emerging,True,none,gross,regularized_poisson,7,2018,2020,2024,False,failed,insufficient_historical_validation,insufficient_historical_validation,ValueError: No alpha value produced enough successful rolling validation folds.,ValueError: No alpha value produced enough successful rolling validation folds.,2018,2024,False,True,False,250731758.66101056,573721498.1829947,824453256.8440052,,573721498.1829947,,,,0.24394919999758713,True,False,False,True,,,,,
long_emerging_break,1,20260817,constant,long,emerging,True,none,gross,regularized_poisson_break_interaction,7,2018,2020,2024,False,failed,insufficient_historical_validation,insufficient_historical_validation,ValueError: No alpha value produced enough successful rolling validation folds.,ValueError: No alpha value produced enough successful rolling validation folds.,2018,2024,False,True,False,250731758.66101056,573721498.1829947,824453256.8440052,,573721498.1829947,,,,0.25257829999463866,True,False,False,True,,,,,
long_emerging_break,1,20260817,constant,long,emerging,True,none,gross,regularized_tweedie,7,2018,2020,2024,False,failed,insufficient_historical_validation,insufficient_historical_validation,ValueError: No Tweedie power-alpha pair produced enough successful rolling validation folds.,ValueError: No Tweedie power-alpha pair produced enough successful rolling validation folds.,2018,2024,False,True,False,250731758.66101056,573721498.1829947,824453256.8440052,,573721498.1829947,,,,1.090475900004094,True,False,False,True,,,,,
long_emerging_break,1,20260817,constant,long,emerging,True,none,gross,chain_ladder,5,2020,2020,2024,False,failed,insufficient_development_history,insufficient_development_history,ValueError: No paired observations are available for development 5 to 6.,ValueError: No paired observations are available for development 5 to 6.,2020,2024,False,True,False,250731758.66101056,573721498.1829947,824453256.8440052,,573721498.1829947,,,,0.008529099999577738,True,False,False,True,,,,,
long_emerging_break,1,20260817,constant,long,emerging,True,none,gross,inflation_adjusted_chain_ladder,5,2020,2020,2024,False,failed,insufficient_development_history,insufficient_development_history,ValueError: No paired observations are available for development 5 to 6.,ValueError: No paired observations are available for development 5 to 6.,2020,2024,False,True,False,250731758.66101056,573721498.1829947,824453256.8440052,,573721498.1829947,,,,0.015504499999224208,True,False,False,True,,,,,
long_emerging_break,1,20260817,constant,long,emerging,True,none,gross,cashflow_uplift,5,2020,2020,2024,False,failed,insufficient_development_history,insufficient_development_history,ValueError: No paired observations are available for development 5 to 6.,ValueError: No paired observations are available for development 5 to 6.,2020,2024,False,True,False,250731758.66101056,573721498.1829947,824453256.8440052,,573721498.1829947,,,,0.01144390000263229,True,False,False,True,,,,,
long_emerging_break,1,20260817,constant,long,emerging,True,none,gross,regularized_poisson,5,2020,2020,2024,False,failed,insufficient_historical_validation,insufficient_historical_validation,ValueError: Insufficient calendar-year diagonals for rolling validation.,ValueError: Insufficient calendar-year diagonals for rolling validation.,2020,2024,False,True,False,250731758.66101056,573721498.1829947,824453256.8440052,,573721498.1829947,,,,0.005001800003810786,True,False,False,True,,,,,
long_emerging_break,1,20260817,constant,long,emerging,True,none,gross,regularized_poisson_break_interaction,5,2020,2020,2024,False,failed,insufficient_historical_validation,insufficient_historical_validation,ValueError: Insufficient calendar-year diagonals for rolling validation.,ValueError: Insufficient calendar-year diagonals for rolling validation.,2020,2024,False,True,False,250731758.66101056,573721498.1829947,824453256.8440052,,573721498.1829947,,,,0.01326110000081826,True,False,False,True,,,,,
long_emerging_break,1,20260817,constant,long,emerging,True,none,gross,regularized_tweedie,5,2020,2020,2024,False,failed,insufficient_historical_validation,insufficient_historical_validation,ValueError: Insufficient calendar-year diagonals for rolling validation.,ValueError: Insufficient calendar-year diagonals for rolling validation.,2020,2024,False,True,False,250731758.66101056,573721498.1829947,824453256.8440052,,573721498.1829947,,,,0.004782099997100886,True,False,False,True,,,,,
long_emerging_break,1,20260817,constant,long,emerging,True,none,ceded,chain_ladder,15,2010,2020,2024,False,failed,known_sparse_ceded_chain_ladder_limitation,known_sparse_ceded_chain_ladder_limitation,ValueError: The Chain Ladder denominator is zero for development 1 to 2.,ValueError: The Chain Ladder denominator is zero for development 1 to 2.,2010,2024,False,True,False,32961991.27813674,246075382.57595578,279037373.8540925,,246075382.57595578,,,,0.008445600004051812,True,False,False,True,,,,,
long_emerging_break,1,20260817,constant,long,emerging,True,none,ceded,inflation_adjusted_chain_ladder,15,2010,2020,2024,False,failed,known_sparse_ceded_chain_ladder_limitation,known_sparse_ceded_chain_ladder_limitation,ValueError: The Chain Ladder denominator is zero for development 1 to 2.,ValueError: The Chain Ladder denominator is zero for development 1 to 2.,2010,2024,False,True,False,32961991.27813674,246075382.57595578,279037373.8540925,,246075382.57595578,,,,0.026891299996350426,True,False,False,True,,,,,
long_emerging_break,1,20260817,constant,long,emerging,True,none,ceded,cashflow_uplift,15,2010,2020,2024,False,failed,known_sparse_ceded_chain_ladder_limitation,known_sparse_ceded_chain_ladder_limitation,ValueError: The Chain Ladder denominator is zero for development 1 to 2.,ValueError: The Chain Ladder denominator is zero for development 1 to 2.,2010,2024,False,True,False,32961991.27813674,246075382.57595578,279037373.8540925,,246075382.57595578,,,,0.012581800001498777,True,False,False,True,,,,,
long_emerging_break,1,20260817,constant,long,emerging,True,none,ceded,regularized_poisson,15,2010,2020,2024,True,success,,,,,2010,2024,False,True,False,32961991.27813674,246075382.57595578,279037373.8540925,678648832.7025573,246075382.57595578,678648832.7025573,0.1,,1.4247460000042338,True,True,True,True,432573450.1266016,432573450.1266016,175.7889983135878,175.7889983135878,1.7578899831358779
long_emerging_break,1,20260817,constant,long,emerging,True,none,ceded,regularized_poisson_break_interaction,15,2010,2020,2024,True,success,,,,,2010,2024,False,True,False,32961991.27813674,246075382.57595578,279037373.8540925,525399745.59957993,246075382.57595578,525399745.59957993,0.1,,2.182233899999119,True,True,True,True,279324363.0236242,279324363.0236242,113.51170527486856,113.51170527486856,1.1351170527486856
long_emerging_break,1,20260817,constant,long,emerging,True,none,ceded,regularized_tweedie,15,2010,2020,2024,True,success,,,,,2010,2024,False,True,False,32961991.27813674,246075382.57595578,279037373.8540925,671893926.3599492,246075382.57595578,671893926.3599492,0.1,1.1,6.763606100001198,True,True,True,True,425818543.7839935,425818543.7839935,173.0439426026521,173.0439426026521,1.730439426026521
long_emerging_break,1,20260817,constant,long,emerging,True,none,ceded,chain_ladder,10,2015,2020,2024,False,failed,known_sparse_ceded_chain_ladder_limitation,known_sparse_ceded_chain_ladder_limitation,ValueError: The Chain Ladder denominator is zero for development 1 to 2.,ValueError: The Chain Ladder denominator is zero for development 1 to 2.,2015,2024,False,True,False,32961991.27813674,246075382.57595578,279037373.8540925,,246075382.57595578,,,,0.007786399997712579,True,False,False,True,,,,,
long_emerging_break,1,20260817,constant,long,emerging,True,none,ceded,inflation_adjusted_chain_ladder,10,2015,2020,2024,False,failed,known_sparse_ceded_chain_ladder_limitation,known_sparse_ceded_chain_ladder_limitation,ValueError: The Chain Ladder denominator is zero for development 1 to 2.,ValueError: The Chain Ladder denominator is zero for development 1 to 2.,2015,2024,False,True,False,32961991.27813674,246075382.57595578,279037373.8540925,,246075382.57595578,,,,0.021655399999872316,True,False,False,True,,,,,
long_emerging_break,1,20260817,constant,long,emerging,True,none,ceded,cashflow_uplift,10,2015,2020,2024,False,failed,known_sparse_ceded_chain_ladder_limitation,known_sparse_ceded_chain_ladder_limitation,ValueError: The Chain Ladder denominator is zero for development 1 to 2.,ValueError: The Chain Ladder denominator is zero for development 1 to 2.,2015,2024,False,True,False,32961991.27813674,246075382.57595578,279037373.8540925,,246075382.57595578,,,,0.01158660000510281,True,False,False,True,,,,,
long_emerging_break,1,20260817,constant,long,emerging,True,none,ceded,regularized_poisson,10,2015,2020,2024,True,success,,,,,2015,2024,False,True,False,32961991.27813674,246075382.57595578,279037373.8540925,1364286922.9368134,246075382.57595578,1364286922.9368134,0.1,,0.6313716999939061,True,True,True,True,1118211540.3608575,1118211540.3608575,454.4182878657927,454.4182878657927,4.544182878657927
long_emerging_break,1,20260817,constant,long,emerging,True,none,ceded,regularized_poisson_break_interaction,10,2015,2020,2024,True,success,,,,,2015,2024,False,True,False,32961991.27813674,246075382.57595578,279037373.8540925,1015032533.1077353,246075382.57595578,1015032533.1077353,0.1,,1.1329820999962976,True,True,True,True,768957150.5317795,768957150.5317795,312.4884506862146,312.4884506862146,3.1248845068621462
long_emerging_break,1,20260817,constant,long,emerging,True,none,ceded,regularized_tweedie,10,2015,2020,2024,True,success,,,,,2015,2024,False,True,False,32961991.27813674,246075382.57595578,279037373.8540925,541358821.5319462,246075382.57595578,541358821.5319462,1.0,1.3,2.9056553000045824,True,True,True,True,295283438.95599043,295283438.95599043,119.99714716072651,119.99714716072651,1.1999714716072651
long_emerging_break,1,20260817,constant,long,emerging,True,none,ceded,chain_ladder,7,2018,2020,2024,False,failed,known_sparse_ceded_chain_ladder_limitation,known_sparse_ceded_chain_ladder_limitation,ValueError: The Chain Ladder denominator is zero for development 1 to 2.,ValueError: The Chain Ladder denominator is zero for development 1 to 2.,2018,2024,False,True,False,32961991.27813674,246075382.57595578,279037373.8540925,,246075382.57595578,,,,0.00737469999876339,True,False,False,True,,,,,
long_emerging_break,1,20260817,constant,long,emerging,True,none,ceded,inflation_adjusted_chain_ladder,7,2018,2020,2024,False,failed,known_sparse_ceded_chain_ladder_limitation,known_sparse_ceded_chain_ladder_limitation,ValueError: The Chain Ladder denominator is zero for development 1 to 2.,ValueError: The Chain Ladder denominator is zero for development 1 to 2.,2018,2024,False,True,False,32961991.27813674,246075382.57595578,279037373.8540925,,246075382.57595578,,,,0.015727500001958106,True,False,False,True,,,,,
long_emerging_break,1,20260817,constant,long,emerging,True,none,ceded,cashflow_uplift,7,2018,2020,2024,False,failed,known_sparse_ceded_chain_ladder_limitation,known_sparse_ceded_chain_ladder_limitation,ValueError: The Chain Ladder denominator is zero for development 1 to 2.,ValueError: The Chain Ladder denominator is zero for development 1 to 2.,2018,2024,False,True,False,32961991.27813674,246075382.57595578,279037373.8540925,,246075382.57595578,,,,0.010314899998775218,True,False,False,True,,,,,
long_emerging_break,1,20260817,constant,long,emerging,True,none,ceded,regularized_poisson,7,2018,2020,2024,False,failed,insufficient_historical_validation,insufficient_historical_validation,ValueError: No alpha value produced enough successful rolling validation folds.,ValueError: No alpha value produced enough successful rolling validation folds.,2018,2024,False,True,False,32961991.27813674,246075382.57595578,279037373.8540925,,246075382.57595578,,,,0.2462537000028533,True,False,False,True,,,,,
long_emerging_break,1,20260817,constant,long,emerging,True,none,ceded,regularized_poisson_break_interaction,7,2018,2020,2024,False,failed,insufficient_historical_validation,insufficient_historical_validation,ValueError: No alpha value produced enough successful rolling validation folds.,ValueError: No alpha value produced enough successful rolling validation folds.,2018,2024,False,True,False,32961991.27813674,246075382.57595578,279037373.8540925,,246075382.57595578,,,,0.28433700000459794,True,False,False,True,,,,,
long_emerging_break,1,20260817,constant,long,emerging,True,none,ceded,regularized_tweedie,7,2018,2020,2024,False,failed,insufficient_historical_validation,insufficient_historical_validation,ValueError: No Tweedie power-alpha pair produced enough successful rolling validation folds.,ValueError: No Tweedie power-alpha pair produced enough successful rolling validation folds.,2018,2024,False,True,False,32961991.27813674,246075382.57595578,279037373.8540925,,246075382.57595578,,,,1.1096904000005452,True,False,False,True,,,,,
long_emerging_break,1,20260817,constant,long,emerging,True,none,ceded,chain_ladder,5,2020,2020,2024,False,failed,known_sparse_ceded_chain_ladder_limitation,known_sparse_ceded_chain_ladder_limitation,ValueError: The Chain Ladder denominator is zero for development 1 to 2.,ValueError: The Chain Ladder denominator is zero for development 1 to 2.,2020,2024,False,True,False,32961991.27813674,246075382.57595578,279037373.8540925,,246075382.57595578,,,,0.00708429999940563,True,False,False,True,,,,,
long_emerging_break,1,20260817,constant,long,emerging,True,none,ceded,inflation_adjusted_chain_ladder,5,2020,2020,2024,False,failed,known_sparse_ceded_chain_ladder_limitation,known_sparse_ceded_chain_ladder_limitation,ValueError: The Chain Ladder denominator is zero for development 1 to 2.,ValueError: The Chain Ladder denominator is zero for development 1 to 2.,2020,2024,False,True,False,32961991.27813674,246075382.57595578,279037373.8540925,,246075382.57595578,,,,0.013590300004580058,True,False,False,True,,,,,
long_emerging_break,1,20260817,constant,long,emerging,True,none,ceded,cashflow_uplift,5,2020,2020,2024,False,failed,known_sparse_ceded_chain_ladder_limitation,known_sparse_ceded_chain_ladder_limitation,ValueError: The Chain Ladder denominator is zero for development 1 to 2.,ValueError: The Chain Ladder denominator is zero for development 1 to 2.,2020,2024,False,True,False,32961991.27813674,246075382.57595578,279037373.8540925,,246075382.57595578,,,,0.010056700004497543,True,False,False,True,,,,,
long_emerging_break,1,20260817,constant,long,emerging,True,none,ceded,regularized_poisson,5,2020,2020,2024,False,failed,insufficient_historical_validation,insufficient_historical_validation,ValueError: Insufficient calendar-year diagonals for rolling validation.,ValueError: Insufficient calendar-year diagonals for rolling validation.,2020,2024,False,True,False,32961991.27813674,246075382.57595578,279037373.8540925,,246075382.57595578,,,,0.004850299999816343,True,False,False,True,,,,,
long_emerging_break,1,20260817,constant,long,emerging,True,none,ceded,regularized_poisson_break_interaction,5,2020,2020,2024,False,failed,insufficient_historical_validation,insufficient_historical_validation,ValueError: Insufficient calendar-year diagonals for rolling validation.,ValueError: Insufficient calendar-year diagonals for rolling validation.,2020,2024,False,True,False,32961991.27813674,246075382.57595578,279037373.8540925,,246075382.57595578,,,,0.013259699997433927,True,False,False,True,,,,,
long_emerging_break,1,20260817,constant,long,emerging,True,none,ceded,regularized_tweedie,5,2020,2020,2024,False,failed,insufficient_historical_validation,insufficient_historical_validation,ValueError: Insufficient calendar-year diagonals for rolling validation.,ValueError: Insufficient calendar-year diagonals for rolling validation.,2020,2024,False,True,False,32961991.27813674,246075382.57595578,279037373.8540925,,246075382.57595578,,,,0.004859400003624614,True,False,False,True,,,,,
long_shock_break,1,20260817,constant,long,shock,True,none,gross,chain_ladder,15,2010,2020,2024,True,success,,,,,2010,2024,False,True,False,265340006.41820285,645707793.7844183,911047800.2026212,932049710.6011454,645707793.7844183,932049710.6011454,,,0.03174900000158232,True,True,True,True,286341916.81672704,286341916.81672704,44.34543296101637,44.34543296101637,0.4434543296101637
long_shock_break,1,20260817,constant,long,shock,True,none,gross,inflation_adjusted_chain_ladder,15,2010,2020,2024,True,success,,,,,2010,2024,False,True,False,265340006.41820285,645707793.7844183,911047800.2026212,1016577447.8094594,645707793.7844183,1016577447.8094594,,,0.06727940000564558,True,True,True,True,370869654.0250411,370869654.0250411,57.43614334456414,57.43614334456414,0.5743614334456414
long_shock_break,1,20260817,constant,long,shock,True,none,gross,cashflow_uplift,15,2010,2020,2024,True,success,,,,,2010,2024,False,True,False,265340006.41820285,645707793.7844183,911047800.2026212,1043751086.9489682,645707793.7844183,1043751086.9489682,,,0.055114700000558514,True,True,True,True,398043293.1645498,398043293.1645498,61.644492601160096,61.644492601160096,0.616444926011601
long_shock_break,1,20260817,constant,long,shock,True,none,gross,regularized_poisson,15,2010,2020,2024,True,success,,,,,2010,2024,False,True,False,265340006.41820285,645707793.7844183,911047800.2026212,856510399.7233216,645707793.7844183,856510399.7233216,0.001,,1.847840599999472,True,True,True,True,210802605.9389032,210802605.9389032,32.64674950001976,32.64674950001976,0.3264674950001976
long_shock_break,1,20260817,constant,long,shock,True,none,gross,regularized_poisson_break_interaction,15,2010,2020,2024,True,success,,,,,2010,2024,False,True,False,265340006.41820285,645707793.7844183,911047800.2026212,839828314.6834852,645707793.7844183,839828314.6834852,0.1,,1.9353717000049073,True,True,True,True,194120520.8990668,194120520.8990668,30.06321478038061,30.06321478038061,0.3006321478038061
long_shock_break,1,20260817,constant,long,shock,True,none,gross,regularized_tweedie,15,2010,2020,2024,True,success,,,,,2010,2024,False,True,False,265340006.41820285,645707793.7844183,911047800.2026212,858450343.726303,645707793.7844183,858450343.726303,0.0001,1.3,7.113196699996479,True,True,True,True,212742549.94188464,212742549.94188464,32.947186326345125,32.947186326345125,0.32947186326345124
long_shock_break,1,20260817,constant,long,shock,True,none,gross,chain_ladder,10,2015,2020,2024,False,failed,insufficient_development_history,insufficient_development_history,ValueError: No paired observations are available for development 10 to 11.,ValueError: No paired observations are available for development 10 to 11.,2015,2024,False,True,False,265340006.41820285,645707793.7844183,911047800.2026212,,645707793.7844183,,,,0.011885400002938695,True,False,False,True,,,,,
long_shock_break,1,20260817,constant,long,shock,True,none,gross,inflation_adjusted_chain_ladder,10,2015,2020,2024,False,failed,insufficient_development_history,insufficient_development_history,ValueError: No paired observations are available for development 10 to 11.,ValueError: No paired observations are available for development 10 to 11.,2015,2024,False,True,False,265340006.41820285,645707793.7844183,911047800.2026212,,645707793.7844183,,,,0.02345200000127079,True,False,False,True,,,,,
long_shock_break,1,20260817,constant,long,shock,True,none,gross,cashflow_uplift,10,2015,2020,2024,False,failed,insufficient_development_history,insufficient_development_history,ValueError: No paired observations are available for development 10 to 11.,ValueError: No paired observations are available for development 10 to 11.,2015,2024,False,True,False,265340006.41820285,645707793.7844183,911047800.2026212,,645707793.7844183,,,,0.0150082999971346,True,False,False,True,,,,,
long_shock_break,1,20260817,constant,long,shock,True,none,gross,regularized_poisson,10,2015,2020,2024,True,success,,,,,2015,2024,False,True,False,265340006.41820285,645707793.7844183,911047800.2026212,1211544724.0831866,645707793.7844183,1211544724.0831866,0.01,,0.6672034000002895,True,True,True,True,565836930.2987683,565836930.2987683,87.63049412528596,87.63049412528596,0.8763049412528596
long_shock_break,1,20260817,constant,long,shock,True,none,gross,regularized_poisson_break_interaction,10,2015,2020,2024,True,success,,,,,2015,2024,False,True,False,265340006.41820285,645707793.7844183,911047800.2026212,1268166369.0078945,645707793.7844183,1268166369.0078945,1.0,,0.8238550999958534,True,True,True,True,622458575.2234762,622458575.2234762,96.39942110274352,96.39942110274352,0.9639942110274352
long_shock_break,1,20260817,constant,long,shock,True,none,gross,regularized_tweedie,10,2015,2020,2024,True,success,,,,,2015,2024,False,True,False,265340006.41820285,645707793.7844183,911047800.2026212,1129602607.2441962,645707793.7844183,1129602607.2441962,0.0001,1.9,2.9003636999987066,True,True,True,True,483894813.45977783,483894813.45977783,74.94021570093285,74.94021570093285,0.7494021570093286
long_shock_break,1,20260817,constant,long,shock,True,none,gross,chain_ladder,7,2018,2020,2024,False,failed,insufficient_development_history,insufficient_development_history,ValueError: No paired observations are available for development 7 to 8.,ValueError: No paired observations are available for development 7 to 8.,2018,2024,False,True,False,265340006.41820285,645707793.7844183,911047800.2026212,,645707793.7844183,,,,0.00988080000388436,True,False,False,True,,,,,
long_shock_break,1,20260817,constant,long,shock,True,none,gross,inflation_adjusted_chain_ladder,7,2018,2020,2024,False,failed,insufficient_development_history,insufficient_development_history,ValueError: No paired observations are available for development 7 to 8.,ValueError: No paired observations are available for development 7 to 8.,2018,2024,False,True,False,265340006.41820285,645707793.7844183,911047800.2026212,,645707793.7844183,,,,0.01847750000160886,True,False,False,True,,,,,
long_shock_break,1,20260817,constant,long,shock,True,none,gross,cashflow_uplift,7,2018,2020,2024,False,failed,insufficient_development_history,insufficient_development_history,ValueError: No paired observations are available for development 7 to 8.,ValueError: No paired observations are available for development 7 to 8.,2018,2024,False,True,False,265340006.41820285,645707793.7844183,911047800.2026212,,645707793.7844183,,,,0.013077700001304038,True,False,False,True,,,,,
long_shock_break,1,20260817,constant,long,shock,True,none,gross,regularized_poisson,7,2018,2020,2024,False,failed,insufficient_historical_validation,insufficient_historical_validation,ValueError: No alpha value produced enough successful rolling validation folds.,ValueError: No alpha value produced enough successful rolling validation folds.,2018,2024,False,True,False,265340006.41820285,645707793.7844183,911047800.2026212,,645707793.7844183,,,,0.23451659999409458,True,False,False,True,,,,,
long_shock_break,1,20260817,constant,long,shock,True,none,gross,regularized_poisson_break_interaction,7,2018,2020,2024,False,failed,insufficient_historical_validation,insufficient_historical_validation,ValueError: No alpha value produced enough successful rolling validation folds.,ValueError: No alpha value produced enough successful rolling validation folds.,2018,2024,False,True,False,265340006.41820285,645707793.7844183,911047800.2026212,,645707793.7844183,,,,0.25298940000357106,True,False,False,True,,,,,
long_shock_break,1,20260817,constant,long,shock,True,none,gross,regularized_tweedie,7,2018,2020,2024,False,failed,insufficient_historical_validation,insufficient_historical_validation,ValueError: No Tweedie power-alpha pair produced enough successful rolling validation folds.,ValueError: No Tweedie power-alpha pair produced enough successful rolling validation folds.,2018,2024,False,True,False,265340006.41820285,645707793.7844183,911047800.2026212,,645707793.7844183,,,,1.0793162999980268,True,False,False,True,,,,,
long_shock_break,1,20260817,constant,long,shock,True,none,gross,chain_ladder,5,2020,2020,2024,False,failed,insufficient_development_history,insufficient_development_history,ValueError: No paired observations are available for development 5 to 6.,ValueError: No paired observations are available for development 5 to 6.,2020,2024,False,True,False,265340006.41820285,645707793.7844183,911047800.2026212,,645707793.7844183,,,,0.008547199999156874,True,False,False,True,,,,,
long_shock_break,1,20260817,constant,long,shock,True,none,gross,inflation_adjusted_chain_ladder,5,2020,2020,2024,False,failed,insufficient_development_history,insufficient_development_history,ValueError: No paired observations are available for development 5 to 6.,ValueError: No paired observations are available for development 5 to 6.,2020,2024,False,True,False,265340006.41820285,645707793.7844183,911047800.2026212,,645707793.7844183,,,,0.015286800000467338,True,False,False,True,,,,,
long_shock_break,1,20260817,constant,long,shock,True,none,gross,cashflow_uplift,5,2020,2020,2024,False,failed,insufficient_development_history,insufficient_development_history,ValueError: No paired observations are available for development 5 to 6.,ValueError: No paired observations are available for development 5 to 6.,2020,2024,False,True,False,265340006.41820285,645707793.7844183,911047800.2026212,,645707793.7844183,,,,0.011542199994437397,True,False,False,True,,,,,
long_shock_break,1,20260817,constant,long,shock,True,none,gross,regularized_poisson,5,2020,2020,2024,False,failed,insufficient_historical_validation,insufficient_historical_validation,ValueError: Insufficient calendar-year diagonals for rolling validation.,ValueError: Insufficient calendar-year diagonals for rolling validation.,2020,2024,False,True,False,265340006.41820285,645707793.7844183,911047800.2026212,,645707793.7844183,,,,0.005018600000767037,True,False,False,True,,,,,
long_shock_break,1,20260817,constant,long,shock,True,none,gross,regularized_poisson_break_interaction,5,2020,2020,2024,False,failed,insufficient_historical_validation,insufficient_historical_validation,ValueError: Insufficient calendar-year diagonals for rolling validation.,ValueError: Insufficient calendar-year diagonals for rolling validation.,2020,2024,False,True,False,265340006.41820285,645707793.7844183,911047800.2026212,,645707793.7844183,,,,0.01316439999936847,True,False,False,True,,,,,
long_shock_break,1,20260817,constant,long,shock,True,none,gross,regularized_tweedie,5,2020,2020,2024,False,failed,insufficient_historical_validation,insufficient_historical_validation,ValueError: Insufficient calendar-year diagonals for rolling validation.,ValueError: Insufficient calendar-year diagonals for rolling validation.,2020,2024,False,True,False,265340006.41820285,645707793.7844183,911047800.2026212,,645707793.7844183,,,,0.0047448999976040795,True,False,False,True,,,,,
long_shock_break,1,20260817,constant,long,shock,True,none,ceded,chain_ladder,15,2010,2020,2024,False,failed,known_sparse_ceded_chain_ladder_limitation,known_sparse_ceded_chain_ladder_limitation,ValueError: The Chain Ladder denominator is zero for development 1 to 2.,ValueError: The Chain Ladder denominator is zero for development 1 to 2.,2010,2024,False,True,False,38511973.21671834,308461778.9534719,346973752.1701902,,308461778.9534719,,,,0.008362900000065565,True,False,False,True,,,,,
long_shock_break,1,20260817,constant,long,shock,True,none,ceded,inflation_adjusted_chain_ladder,15,2010,2020,2024,False,failed,known_sparse_ceded_chain_ladder_limitation,known_sparse_ceded_chain_ladder_limitation,ValueError: The Chain Ladder denominator is zero for development 1 to 2.,ValueError: The Chain Ladder denominator is zero for development 1 to 2.,2010,2024,False,True,False,38511973.21671834,308461778.9534719,346973752.1701902,,308461778.9534719,,,,0.026842700004635844,True,False,False,True,,,,,
long_shock_break,1,20260817,constant,long,shock,True,none,ceded,cashflow_uplift,15,2010,2020,2024,False,failed,known_sparse_ceded_chain_ladder_limitation,known_sparse_ceded_chain_ladder_limitation,ValueError: The Chain Ladder denominator is zero for development 1 to 2.,ValueError: The Chain Ladder denominator is zero for development 1 to 2.,2010,2024,False,True,False,38511973.21671834,308461778.9534719,346973752.1701902,,308461778.9534719,,,,0.012298699999519158,True,False,False,True,,,,,
long_shock_break,1,20260817,constant,long,shock,True,none,ceded,regularized_poisson,15,2010,2020,2024,True,success,,,,,2010,2024,False,True,False,38511973.21671834,308461778.9534719,346973752.1701902,753739008.2182977,308461778.9534719,753739008.2182977,0.1,,1.4501199000005727,True,True,True,True,445277229.2648258,445277229.2648258,144.35410143050206,144.35410143050206,1.4435410143050205
long_shock_break,1,20260817,constant,long,shock,True,none,ceded,regularized_poisson_break_interaction,15,2010,2020,2024,True,success,,,,,2010,2024,False,True,False,38511973.21671834,308461778.9534719,346973752.1701902,568488829.8946447,308461778.9534719,568488829.8946447,0.1,,2.25482799999736,True,True,True,True,260027050.94117284,260027050.94117284,84.29798071688975,84.29798071688975,0.8429798071688975
long_shock_break,1,20260817,constant,long,shock,True,none,ceded,regularized_tweedie,15,2010,2020,2024,True,success,,,,,2010,2024,False,True,False,38511973.21671834,308461778.9534719,346973752.1701902,742077980.2402837,308461778.9534719,742077980.2402837,0.1,1.1,6.79373669999768,True,True,True,True,433616201.2868118,433616201.2868118,140.57372124285718,140.57372124285718,1.4057372124285716
long_shock_break,1,20260817,constant,long,shock,True,none,ceded,chain_ladder,10,2015,2020,2024,False,failed,known_sparse_ceded_chain_ladder_limitation,known_sparse_ceded_chain_ladder_limitation,ValueError: The Chain Ladder denominator is zero for development 1 to 2.,ValueError: The Chain Ladder denominator is zero for development 1 to 2.,2015,2024,False,True,False,38511973.21671834,308461778.9534719,346973752.1701902,,308461778.9534719,,,,0.007790399999066722,True,False,False,True,,,,,
long_shock_break,1,20260817,constant,long,shock,True,none,ceded,inflation_adjusted_chain_ladder,10,2015,2020,2024,False,failed,known_sparse_ceded_chain_ladder_limitation,known_sparse_ceded_chain_ladder_limitation,ValueError: The Chain Ladder denominator is zero for development 1 to 2.,ValueError: The Chain Ladder denominator is zero for development 1 to 2.,2015,2024,False,True,False,38511973.21671834,308461778.9534719,346973752.1701902,,308461778.9534719,,,,0.02005980000103591,True,False,False,True,,,,,
long_shock_break,1,20260817,constant,long,shock,True,none,ceded,cashflow_uplift,10,2015,2020,2024,False,failed,known_sparse_ceded_chain_ladder_limitation,known_sparse_ceded_chain_ladder_limitation,ValueError: The Chain Ladder denominator is zero for development 1 to 2.,ValueError: The Chain Ladder denominator is zero for development 1 to 2.,2015,2024,False,True,False,38511973.21671834,308461778.9534719,346973752.1701902,,308461778.9534719,,,,0.011764399998355657,True,False,False,True,,,,,
long_shock_break,1,20260817,constant,long,shock,True,none,ceded,regularized_poisson,10,2015,2020,2024,True,success,,,,,2015,2024,False,True,False,38511973.21671834,308461778.9534719,346973752.1701902,669622085.0321155,308461778.9534719,669622085.0321155,1.0,,0.6276538999954937,True,True,True,True,361160306.07864356,361160306.07864356,117.08429721956594,117.08429721956594,1.1708429721956595
long_shock_break,1,20260817,constant,long,shock,True,none,ceded,regularized_poisson_break_interaction,10,2015,2020,2024,True,success,,,,,2015,2024,False,True,False,38511973.21671834,308461778.9534719,346973752.1701902,834881472.1492555,308461778.9534719,834881472.1492555,0.1,,1.17372880000039,True,True,True,True,526419693.1957836,526419693.1957836,170.65961785663833,170.65961785663833,1.7065961785663835
long_shock_break,1,20260817,constant,long,shock,True,none,ceded,regularized_tweedie,10,2015,2020,2024,True,success,,,,,2015,2024,False,True,False,38511973.21671834,308461778.9534719,346973752.1701902,583025858.6771263,308461778.9534719,583025858.6771263,1.0,1.3,2.9559015999984695,True,True,True,True,274564079.7236544,274564079.7236544,89.01072951572046,89.01072951572046,0.8901072951572045
long_shock_break,1,20260817,constant,long,shock,True,none,ceded,chain_ladder,7,2018,2020,2024,False,failed,known_sparse_ceded_chain_ladder_limitation,known_sparse_ceded_chain_ladder_limitation,ValueError: The Chain Ladder denominator is zero for development 1 to 2.,ValueError: The Chain Ladder denominator is zero for development 1 to 2.,2018,2024,False,True,False,38511973.21671834,308461778.9534719,346973752.1701902,,308461778.9534719,,,,0.008695800002897158,True,False,False,True,,,,,
long_shock_break,1,20260817,constant,long,shock,True,none,ceded,inflation_adjusted_chain_ladder,7,2018,2020,2024,False,failed,known_sparse_ceded_chain_ladder_limitation,known_sparse_ceded_chain_ladder_limitation,ValueError: The Chain Ladder denominator is zero for development 1 to 2.,ValueError: The Chain Ladder denominator is zero for development 1 to 2.,2018,2024,False,True,False,38511973.21671834,308461778.9534719,346973752.1701902,,308461778.9534719,,,,0.017563500005053356,True,False,False,True,,,,,
long_shock_break,1,20260817,constant,long,shock,True,none,ceded,cashflow_uplift,7,2018,2020,2024,False,failed,known_sparse_ceded_chain_ladder_limitation,known_sparse_ceded_chain_ladder_limitation,ValueError: The Chain Ladder denominator is zero for development 1 to 2.,ValueError: The Chain Ladder denominator is zero for development 1 to 2.,2018,2024,False,True,False,38511973.21671834,308461778.9534719,346973752.1701902,,308461778.9534719,,,,0.012017000000923872,True,False,False,True,,,,,
long_shock_break,1,20260817,constant,long,shock,True,none,ceded,regularized_poisson,7,2018,2020,2024,False,failed,insufficient_historical_validation,insufficient_historical_validation,ValueError: No alpha value produced enough successful rolling validation folds.,ValueError: No alpha value produced enough successful rolling validation folds.,2018,2024,False,True,False,38511973.21671834,308461778.9534719,346973752.1701902,,308461778.9534719,,,,0.2445676999996067,True,False,False,True,,,,,
long_shock_break,1,20260817,constant,long,shock,True,none,ceded,regularized_poisson_break_interaction,7,2018,2020,2024,False,failed,insufficient_historical_validation,insufficient_historical_validation,ValueError: No alpha value produced enough successful rolling validation folds.,ValueError: No alpha value produced enough successful rolling validation folds.,2018,2024,False,True,False,38511973.21671834,308461778.9534719,346973752.1701902,,308461778.9534719,,,,0.27622140000312356,True,False,False,True,,,,,
long_shock_break,1,20260817,constant,long,shock,True,none,ceded,regularized_tweedie,7,2018,2020,2024,False,failed,insufficient_historical_validation,insufficient_historical_validation,ValueError: No Tweedie power-alpha pair produced enough successful rolling validation folds.,ValueError: No Tweedie power-alpha pair produced enough successful rolling validation folds.,2018,2024,False,True,False,38511973.21671834,308461778.9534719,346973752.1701902,,308461778.9534719,,,,1.103816300004837,True,False,False,True,,,,,
long_shock_break,1,20260817,constant,long,shock,True,none,ceded,chain_ladder,5,2020,2020,2024,False,failed,known_sparse_ceded_chain_ladder_limitation,known_sparse_ceded_chain_ladder_limitation,ValueError: The Chain Ladder denominator is zero for development 1 to 2.,ValueError: The Chain Ladder denominator is zero for development 1 to 2.,2020,2024,False,True,False,38511973.21671834,308461778.9534719,346973752.1701902,,308461778.9534719,,,,0.008533199994417373,True,False,False,True,,,,,
long_shock_break,1,20260817,constant,long,shock,True,none,ceded,inflation_adjusted_chain_ladder,5,2020,2020,2024,False,failed,known_sparse_ceded_chain_ladder_limitation,known_sparse_ceded_chain_ladder_limitation,ValueError: The Chain Ladder denominator is zero for development 1 to 2.,ValueError: The Chain Ladder denominator is zero for development 1 to 2.,2020,2024,False,True,False,38511973.21671834,308461778.9534719,346973752.1701902,,308461778.9534719,,,,0.014750599999388214,True,False,False,True,,,,,
long_shock_break,1,20260817,constant,long,shock,True,none,ceded,cashflow_uplift,5,2020,2020,2024,False,failed,known_sparse_ceded_chain_ladder_limitation,known_sparse_ceded_chain_ladder_limitation,ValueError: The Chain Ladder denominator is zero for development 1 to 2.,ValueError: The Chain Ladder denominator is zero for development 1 to 2.,2020,2024,False,True,False,38511973.21671834,308461778.9534719,346973752.1701902,,308461778.9534719,,,,0.010836599998583551,True,False,False,True,,,,,
long_shock_break,1,20260817,constant,long,shock,True,none,ceded,regularized_poisson,5,2020,2020,2024,False,failed,insufficient_historical_validation,insufficient_historical_validation,ValueError: Insufficient calendar-year diagonals for rolling validation.,ValueError: Insufficient calendar-year diagonals for rolling validation.,2020,2024,False,True,False,38511973.21671834,308461778.9534719,346973752.1701902,,308461778.9534719,,,,0.005171099997824058,True,False,False,True,,,,,
long_shock_break,1,20260817,constant,long,shock,True,none,ceded,regularized_poisson_break_interaction,5,2020,2020,2024,False,failed,insufficient_historical_validation,insufficient_historical_validation,ValueError: Insufficient calendar-year diagonals for rolling validation.,ValueError: Insufficient calendar-year diagonals for rolling validation.,2020,2024,False,True,False,38511973.21671834,308461778.9534719,346973752.1701902,,308461778.9534719,,,,0.014279200004239101,True,False,False,True,,,,,
long_shock_break,1,20260817,constant,long,shock,True,none,ceded,regularized_tweedie,5,2020,2020,2024,False,failed,insufficient_historical_validation,insufficient_historical_validation,ValueError: Insufficient calendar-year diagonals for rolling validation.,ValueError: Insufficient calendar-year diagonals for rolling validation.,2020,2024,False,True,False,38511973.21671834,308461778.9534719,346973752.1701902,,308461778.9534719,,,,0.004831999998714309,True,False,False,True,,,,,
